statement,avg_set_size,std_set_size,num_trials,coverage_rate,true_verdict
"""$500 billion of the extension of the Bush tax cuts for the wealthy goes to 120,000 families.""",1.0,0.0,45,1.0,mostly-true
"""(Assembly Democrats) wanted to raise the gas tax by $2.4 billion. We said no to that....They’re down on the ground. They’re sweating. They’re twitching. It’s ugly, ‘cause I keep saying no.""",2.0,0.0,43,1.0,mostly-false
"""(Romney's) record was that he raised taxes by $730-million.""",1.0,0.0,50,1.0,half-true
"""(Ronald Reagan) raised taxes a billion dollars in his first year as governor of California.""",1.0,0.0,52,1.0,true
"""(Sen. Robert) Gordon cost us money, exempting the Newark sports arena from paying property taxes and sticking us with the bill.""",3.0,0.0,51,1.0,mostly-false
"""(Strickland) raised taxes last year to the tune of $840 million.""",1.4736842105263157,0.5037453706946007,57,1.0,mostly-true
"""(The Tax Policy Center) found that Romney would raise taxes on the average middle class family by $2,000 to pay for $5 trillion in tax cuts for millionaires and billionaires.""",2.056603773584906,0.2332953179343761,53,1.0,half-true
"""...some of those (tax increases) were either court-ordered, or they were voted on by the people and approved by the people for (such) things as roads.""",1.0,0.0,57,1.0,half-true
"""101 utilities cut rates, credit GOP tax cuts.""",4.0,0.0,46,1.0,mostly-true
"""2014 Federal Tax Refunds To Be Delayed Until October 2015.""",1.0,0.0,43,0.0,pants-fire
"""47 - New provisions ObamaCare charges the IRS with implementing, according to the Government Accountability Office.""",1.0,0.0,44,1.0,true
"""70 percent of the income tax that the state collects happens to come from Westchester, Nassau, Suffolk and New York City""",2.0,0.0,59,1.0,true
"""75 percent of the Obamacare tax falls on the middle class.""",2.92,0.2740475156178697,50,1.0,false
"""80 percent of the (individual mandate) tax falls on those who make $50,000 a year or less.""",3.1052631578947367,0.3096201893516237,57,0.10526315789473684,mostly-true
"""83% of Trump tax breaks go to the wealthiest 1%.""",2.0,0.0,50,1.0,half-true
"""98 percent of American families"" make ""under $250,000 a year.""",1.0,0.0,54,1.0,true
"""98 percent of small businesses make less than $250,000"" and would not see a tax increase under Barack Obama's plan.",1.0,0.0,50,1.0,true
"""A cashier earning $20,000 per year pays the same (Virginia) income tax rate as a hedge fund manager earning $20 million per year.""",1.0,0.0,48,1.0,false
"""A construction worker who’s making $50 or $60 grand a year shouldn’t be paying higher tax rates than the guy who’s making $50 million a year. And that’s how it’s working right now.""",3.0869565217391304,0.28488492464476783,46,1.0,half-true
"""A far different picture from the prior eight years, which saw 115 increases in taxes and fees.""",2.0,0.0,41,1.0,true
"""A grant for $5,000 [from the Governor’s Workforce Board] went to teach an employee at a company that makes ornamental business card holders how to use Facebook and Twitter.""",2.8823529411764706,0.32539568672798425,51,0.0,mostly-false
"""A tax on soda and juice drinks would disproportionately increase taxes on low-income families in Philadelphia.""",3.0,0.0,45,1.0,true
"""A trip to Mar-a-Lago costs taxpayers approximately $3.6 million, according to a Government Accountability Office report.""",4.0,0.0,44,1.0,half-true
"""About 80 percent of (the manufacturing and agriculture) tax credit goes to claimants who are making $1 million or more.""",1.0,0.0,58,1.0,true
"""About two-thirds of all consumption is services. . . It was just the opposite"" when the sales tax was enacted in the '30s.",1.0,0.0,53,1.0,mostly-true
"""According to the Tax Foundation, the top 10 percent of earners already pay almost 80 percent of all taxes.""",2.0,0.0,47,1.0,mostly-false
"""According to the nonpartisan Congressional Budget Office, the IRS would need to hire over 16,000 people ... to audit the American people and impose the new taxes and mandates"" of the health care bill.",2.0,0.0,48,1.0,mostly-false
"""After how hard you work and how much you pay in taxes, New York City ends up getting the money. I'm Chris Jacobs. I think it's time we have someone in Albany that's making sure our region gets our fair share""",2.0,0.0,46,1.0,false
"""After the 2001 and 2003 Bush tax rate cuts ... there was more money coming into the treasury.""",3.0638297872340425,0.24709224814516534,47,1.0,mostly-false
"""Alabama is operating government on the lowest amount of tax revenue of any state in the nation.""",1.0,0.0,48,0.0,mostly-true
"""Almost half of every dollar that we spend on gas, it goes to New York State.""",2.019230769230769,0.13867504905630734,52,1.0,false
"""America has more people employed as tax preparers (1.2 million) than as police and firefighters.""",1.0,0.0,44,1.0,false
"""America is one of the highest-taxed nations in the world.""",1.0,0.0,56,1.0,mostly-false
"""America's wealthiest 25 percent pay 86 percent of total income taxes. Wealthiest 5 percent pay 60 percent of total income taxes.""",1.0,0.0,46,1.0,true
"""Americans now spend 100 days out of the year working for government before we even start working for ourselves.""",1.0,0.0,55,1.0,mostly-true
"""Americans received the biggest tax cut in history last year.""",2.0,0.0,52,1.0,false
"""Americans will pay more in taxes in 2011 than they will spend on groceries, clothing and shelter combined.""",1.0,0.0,54,1.0,half-true
"""Americans will spend more on taxes in 2014 than they will on food, clothing and housing combined.""",2.0,0.0,47,0.0,half-true
"""Americans will spend more on taxes in 2015 than on food, clothing and housing combined.""",1.0,0.0,52,1.0,half-true
"""America’s tax code hasn’t been updated in 30 years.""",1.0,0.0,44,1.0,mostly-false
"""An amendment, pushed by Lyndon Johnson many years ago, threatens religious institutions with a loss of their tax-exempt status if they openly advocate their political views.""",3.0,0.0,42,0.0,true
"""And delivered more tax relief than the other Republicans combined.""",1.0,0.0,46,1.0,mostly-true
"""Anybody who is familiar with the historical data from the IRS knows that raising income tax rates will likely actually reduce federal revenues.""",1.0,0.0,50,1.0,false
"""Apple has just announced it plans to invest a total of $350 billion in America, and hire another 20,000 workers.""",2.8727272727272726,0.33634998607300864,55,0.8727272727272727,half-true
"""As Governor, Wolf has already proposed more than $8B in tax increases.""",4.0,0.0,54,1.0,half-true
"""As a U.S. senator with salary and perks, ‪#‎Bernie‬ is in the top 1 percent, but still paid only 13 percent in taxes last year.""",2.0,0.0,48,1.0,mostly-false
"""As chairman of the City Colleges, I cut millions in waste and we cut property taxes.""",3.0,0.0,43,1.0,half-true
"""As governor of Arkansas, I cut taxes and fees almost 100 times, saving the taxpayers almost $380-million. I left a surplus of nearly $850-million.""",1.0,0.0,50,1.0,half-true
"""As governor, Kasich delivered the largest tax cut in the nation.""",2.0,0.0,50,1.0,mostly-false
"""As governor, Mike Huckabee supported higher income taxes, sales taxes, gas taxes, grocery taxes, tobacco taxes, beer taxes, Internet taxes, nursing home bed taxes.""",1.0,0.0,47,1.0,half-true
"""As mayor, [Allan Fung] raised taxes three times.""",2.0,0.0,57,1.0,mostly-true
"""As mayor, every year I was in office I did reduce taxes.""",1.0,0.0,54,1.0,half-true
"""As soon as Chris Christie was governor, he gave tax cuts to millionaires.""",1.0,0.0,56,1.0,half-true
"""A middle-class family donates $1 to charity, they get 15 cents off their income tax. Bill Gates donates $1 to charity, he takes 35 cents off his income tax.""",1.0,0.0,41,1.0,true
"""Barack Obama and Hillary Clinton have left us with $19 trillion in debt.""",1.0,0.0,52,1.0,mostly-false
"""Barbara Buono by the numbers: As a Trenton politician, she voted to raise taxes 154 times. Under her, property taxes up 70 percent. Backed a 16 percent sales tax increase. Utilities, nursing homes, cell phones, parking lots, lottery wins, gyms – She taxed them all. Architect of Corzine’s budget, she drove New Jersey $2 billion into debt. Barbara Buono by the numbers: taking New Jersey backwards.""",4.0,0.0,58,1.0,mostly-true
"""Because of #TaxReform, 4 million American workers have received raises and bonuses, and 90% of Americans are seeing bigger paychecks this month.""",3.0,0.0,47,1.0,mostly-true
"""Ben Franklin once quipped that only two things in life were certain: death and taxes. I think even he didn't envision that the tax man would visit on the day of your death.""",3.0454545454545454,0.7138023130194253,44,1.0,false
"""Between the first and second quarters of 2018 — after the tax cuts were enacted — real wages fell by 1.8 percent.""",2.6779661016949152,0.5065324296423368,59,1.0,mostly-false
"""Biden is adding more IRS agents to investigate your taxes than we have detectives investigating every crime in the country.”",2.0,0.0,42,1.0,false
"""Biden's plan is a 14% tax hike on middle class families.""",1.0,0.0,46,1.0,false
"""Big soda has a lot of money. They make a lot of profit off their product and they market in neighborhoods that suffer from these very things that we’re trying to cure.""",2.0,0.0,44,1.0,true
"""Bill Howell has been the consistent force behind every major tax increase in Virginia in the last decade.""",4.155555555555556,0.36652889973838954,45,1.0,mostly-true
"""Bill McCollum said tax cuts don't work.""",4.0,0.0,53,1.0,mostly-false
"""Bill McCollum voted for higher taxes and fees 42 times while he was in Congress.""",3.122448979591837,0.3312006605534181,49,1.0,mostly-false
"""Bill Nelson actually voted in favor of higher taxes 272 times.""",3.0,0.0,37,1.0,false
"""Bill Nelson voted for higher taxes 150 times.""",2.25,0.43723731609760313,52,1.0,false
"""Bob Menendez actually voted in favor of higher taxes more than 70 times!""",3.0,0.0,47,1.0,mostly-false
"""Both the state and federal governments make more per gallon in gas taxes than the oil companies make themselves for doing all the work.""",1.0,0.0,44,1.0,half-true
"""Buono voted 154 times to raise our taxes -- like the sales tax, the income tax, health care taxes, even small business taxes.""",2.0,0.0,47,1.0,true
"""By the end of this budget I'm in right now, taxes will have been cut $4.7 billion in my state.""",1.0,0.0,47,1.0,true
"""California's Attorney General, Xavier Becerra is putting together plans to raise property tax revenue by eliminating the only thing keeping some people's property tax from sky rocketing, Prop 13.""",1.8653846153846154,0.3446422500840349,52,1.0,false
"""Check out the record of #jobs created by #TaxCuts 7.8 million new jobs after Bush’s 2003 tax cuts 12 million new jobs after Kennedy's 1964 tax cuts 14.8 MILLION new jobs after Ronald Reagan’s tax cuts in 1981.""",3.979591836734694,0.14285714285714285,49,1.0,mostly-false
"""Chrysler is leaving Mexico and moving back to Michigan.""",2.0,0.0,44,0.0,half-true
"""Clayton County offers the lowest operating millage rate in Metro Atlanta.""",1.0,0.0,45,1.0,false
"""Close to half of the voters in America, the only tax they pay is the payroll tax.""",2.0,0.0,49,1.0,half-true
"""Colorado raked in $60 million in marijuana taxes and licensing fees in the past year.""",1.0,0.0,56,1.0,true
"""Come February (2018), Americans will see their paychecks grow at the tune of saving $1,000 or more a year.""",1.0,0.0,47,1.0,half-true
"""Congressman (Ron) DeSantis sponsored legislation to increase sales taxes by 23 percent, hurting families, destroying jobs, devastating tourism""",2.0,0.0,53,1.0,mostly-false
"""Congressman Bill Young voted to cut taxes for millionaires and end your Medicare.""",4.04,0.19794866372215744,50,1.0,mostly-false
"""Contrary to media reports, Georgia’s gas tax change led to no price increase at the pump.""",4.588235294117647,0.4970501217477086,51,1.0,half-true
"""Corporate entities are paying a lot less taxes this year than they have in the past. Part of that is from a loophole in a bill that was passed in 2015.""",2.0,0.0,59,1.0,mostly-true
"""Corporate taxes will soon be the highest in the industrialized world.""",2.0,0.0,44,1.0,mostly-true
"""Crime has been getting worse since Jerry Brown was elected governor.""",1.0,0.0,54,1.0,mostly-false
"""Currently we have some 40-45% of Americans who are not paying any taxes.""",2.0588235294117645,0.23763541031440177,51,1.0,mostly-false
"""Democrats are kind of falling over each other seeing who can raise taxes faster. It looks like they're going to raise taxes anywhere between 20 to 30 percent.""",3.0384615384615383,0.19418390934515428,52,1.0,half-true
"""Democrats are poised now to cause this largest tax increase in U.S. history.""",1.0,0.0,52,1.0,pants-fire
"""Do you know that New York State pays out way more than they ever get back?""",2.48,0.5046720495044484,50,1.0,true
"""Do you know those former Soviet Bloc countries have all moved to flat taxes?""",1.0,0.0,44,1.0,half-true
"""Donna Campbell has called for ending all federal funding for education""",1.8653846153846154,0.3446422500840349,52,1.0,mostly-true
"""Due to ... tax cuts and lower (property) values, 2009 property taxes were almost $3 billion below 2007 property taxes.""",2.0,0.0,48,1.0,true
"""During my tenure as governor, Wisconsin’s overall tax burden went DOWN.""",1.0,0.0,36,1.0,mostly-true
"""During the Bush administration, liberal groups were targeted"" by the IRS, similar to recent targeting.",3.0,0.0,43,1.0,mostly-false
"""During the Strickland-Cordray era, taxes were raised by $800 million and Ohio lost 400,000 jobs.""",4.0,0.0,43,1.0,mostly-false
"""Each [Corbett administration] budget finished in the black.""",4.0,0.0,52,1.0,half-true
"""Eighty percent of the American people support an approach (to federal budget problems) that includes revenues and includes cuts.""",1.0,0.0,53,1.0,mostly-true
"""Eleven individuals who make over $30 million each got $22 million credit"" from Wisconsin's manufacturing and agriculture tax credit.",1.0,0.0,60,1.0,mostly-true
"""Estimates say individuals who escaped these high tax states have taken with them around $2 trillion in adjusted gross income.""",4.0,0.0,44,1.0,mostly-false
"""Even Richard Nixon released his tax returns to the public when he was running for president ...""",1.0,0.0,52,0.0,mostly-false
"""Even the CBO numbers show now that the entire $1.5 trillion tax cut is virtually paid for by higher revenues and better nominal GDP.""",2.0,0.0,48,1.0,false
"""Even with a permanent income tax increase... the budget is more than $1 billion out of balance…""",4.018518518518518,0.1360827634879543,54,1.0,mostly-true
"""Every Republican nominee since Richard Nixon, who at one time was under an audit, has released their tax returns.""",4.804347826086956,0.40108548367821956,46,1.0,mostly-true
"""Every city that has a commuter tax — look at Detroit, Philadelphia — they are actually stagnating in terms of their economy. It’s been a job-killer.""",3.0,0.0,43,1.0,mostly-false
"""Every day in the United States, we are losing 15 factories.""",1.0,0.0,55,1.0,true
"""Every dropout costs us $72,000 for the life of that person.""",4.0,0.0,51,1.0,half-true
"""Every state that has put in a graduated income tax, the middle class always pays more.""",2.0,0.0,49,1.0,false
"""Every taxpayer, their taxes are going down, except rich people in Manhattan and San Francisco. Some of them, their taxes may go up.""",4.0,0.0,48,1.0,half-true
"""Every time we've cut taxes, revenues have gone up, the economy has grown.""",1.0,0.0,56,1.0,false
"""Every time we've cut the capital gains tax, the economy has grown. Whenever we raise the capital gains tax, it's been damaged.""",1.0,0.0,44,1.0,false
"""Every worker pays 15.3 percent payroll tax.""",4.555555555555555,0.5008952558646073,63,1.0,mostly-false
"""Every year we spend roughly $500 billion on tax compliance. That is roughly the budget of our entire military, entirely wasted on tax compliance.""",3.8048780487804876,0.4012176588288426,41,0.8048780487804879,false
"""Fifty percent of Speaker Gingrich’s tax plan goes to the top 1 percent.""",4.0,0.0,48,1.0,mostly-true
"""Fifty-one percent -- that is, a majority of American households -- paid no income tax in 2009. Zero. Zip. Nada.""",1.0,0.0,55,1.0,true
"""Fifty-two counties have average taxes of above the SALT $10,000 cap.""",4.0,0.0,51,1.0,mostly-false
"""Five percent of Americans pay over half the income taxes in this country. Forty percent of Americans pay no income taxes at all.""",1.0,0.0,50,1.0,true
"""Florida is now the only state in the nation to tax commercial leases.""",4.674418604651163,0.4741373235154429,43,0.6744186046511628,true
"""Florida sends $135 billion and D.C. returns $150 billion.""",3.8392857142857144,0.37059096364814725,56,0.8392857142857143,mostly-true
"""For Social Security, which is projected to remain solvent through 2033, Whitehouse has cosponsored [a bill that] . . . would extend the life of the program by an additional 75 years.""",3.0,0.0,54,1.0,mostly-true
"""For decades before I was elected, governors tried and failed to get Minnesota out of the top 10 highest-taxed states in the country. I actually did it.""",1.0,0.0,47,1.0,half-true
"""For decades, Madigan kept property taxes high and made a fortune helping cronies like Pritzker dodge them.""",2.0,0.0,51,1.0,mostly-false
"""For decades, the state’s gas tax has been among the highest in the nation.""",1.0,0.0,53,1.0,true
"""For the last 10 years, our economy has grown at less than 2 percent on average every single year for 10 years. We have not had a decade like that in a century in America.""",3.0,0.0,50,1.0,half-true
"""For years, they have not been able to get tax cuts -- many, many years, since Reagan.""",1.0,0.0,49,1.0,pants-fire
"""Forty-seven percent of Americans pay no income tax.""",1.9245283018867925,0.26667876121581074,53,1.0,true
"""Forty-six cents of every dollar"" Ohio could get for Medicaid expansion ""is going to come from China or some other country that doesn’t like us very much.""",1.0,0.0,48,1.0,false
"""Four balanced budgets in a row, with no new taxes for anyone. The best job growth in 12 years. Nearly 130,000 new private-sector jobs. Merit pay to reward New Jersey’s best teachers, and the most education funding ever.""",1.1136363636363635,0.32103822064055043,44,1.0,mostly-true
"""Foxconn tax break could exceed $1 million per job.""",1.0,0.0,50,1.0,half-true
"""From 1980 to 1990, the top 1 percent saw their income go up by roughly 80 percent"" while ""the median wage in the country over (the same) 10 years went up 3 percent.""",1.0,0.0,49,1.0,mostly-true
"""From 2013-2015, the richest 14 Americans increased their net wealth by more than $157 billion, yet the Republican budget would not require these Americans to contribute one penny to deficit reduction.""",3.641025641025641,0.48597051498058946,39,1.0,half-true
"""From a standpoint of the county government, neither school system has received an increase in funding over the past six years.""",4.0,0.0,50,0.0,true
"""From the ‘Do As I Say Not As I Do’ department: federal employees owe $3.3 billion in back taxes.""",1.0,0.0,55,0.0,mostly-true
"""Fully half the people — our research is showing half the people — in (California) want to leave.""",4.0,0.0,55,1.0,half-true
"""GDP is booming. Let’s spread the prosperity to the middle class with big #TaxCuts. Our #TaxReform package doubles standard deduction, brings $$$ back home, and reduces rates for ALL taxpayers. We will #MAGA.""",2.0,0.0,49,1.0,mostly-false
"""George LeMieux voted against the majority of Republicans and joined with Democrats to create a 'Task Force For Responsible Fiscal Action' that looks strikingly similar to the 'Super Committee' now being set up in Washington to justify massive tax hikes.""",3.0,0.0,59,1.0,half-true
"""Glenn Hegar promised to eliminate the property tax.""",3.9464285714285716,0.227207782928703,56,1.0,false
"""Gov. (Scott) Walker has yet to create a job, he gives away millions to his friends, and he raises taxes on working people.""",3.0,0.0,53,1.0,mostly-false
"""Gov. Kasich and the Republican-dominated legislature have foregone the popular option of closing tax loopholes that amount to $7 billion annually in this state.""",1.0,0.0,52,1.0,mostly-true
"""Gov. Kay Ivey gave nearly $1 million of taxpayers’ money to a liberal activist organization that promotes alternative lifestyles and transgenderism.""",2.0,0.0,54,1.0,mostly-false
"""Gov. Romney's plan would cut taxes for the folks at the very top.""",3.0,0.0,51,1.0,mostly-true
"""Gov. Scott Walker and the Republican-controlled state legislature have added over $140 million in new special interest spending""",1.0444444444444445,0.20840907713999274,45,1.0,pants-fire
"""Governor Christie, his idea of jumpstarting the economy is to propose a trickle-down income tax cut last year and in his budget address this year, he stated his support for it again.""",3.1914893617021276,0.39772712255364373,47,1.0,mostly-false
"""Governor Evers' budget would increase property taxes by the largest amount in a decade""",1.0,0.0,48,1.0,half-true
"""Governor Scott Cut Taxes 40 Times For Florida Families""",2.68,0.4712120714991613,50,0.0,half-true
"""Grateful insurance company executives and their lobbyists"" from Bermuda gave McCain $50,000.",1.0,0.0,52,1.0,true
"""HR 1 is going to take your hard-earned tax dollars and millions more and send them to (a political candidate’s) campaign so (they) can put ads on TV.""",2.0,0.0,54,1.0,mostly-false
"""He voted twice for a budget resolution that increases the taxes on individuals making $42,000 a year.""",1.0,0.0,53,1.0,half-true
"""Health care mandate will require imprisonment and fines for Americans who can’t afford to purchase insurance or pay hefty government penalties.""",2.0,0.0,49,1.0,mostly-false
"""Hedge fund managers and others in private equity pay much lower (tax) rates on their income than do truck drivers and teachers and nurses.""",1.0,0.0,54,1.0,false
"""Hidden in the CARES Act was an obscure $135 billion tax break for 43,000 millionaires.""",2.0,0.0,44,1.0,mostly-true
"""Hillary Clinton says she wants to, ‘raise taxes on the middle class.’ """,2.0,0.0,48,0.0,pants-fire
"""Hillary Clinton wants to shut down family farms"" using ""radical regulation,"" by raising business tax ""rates as high as nearly 50 percent"" and by taxing ""family farms again at death by as much as 45 percent.""",2.0,0.0,59,1.0,false
"""Hillary [Clinton] wants to raise taxes by over a trillion dollars.""",2.173076923076923,0.3820047143818447,52,1.0,half-true
"""His new running mate, Congressman Ryan, put forward a plan that would let Governor Romney pay less than 1 percent in taxes each year.""",5.0,0.0,46,1.0,mostly-true
"""Holly Turner... still takes her homestead (property tax) exemption in Fort Worth.""",2.923076923076923,0.26906911759852503,52,1.0,mostly-false
"""Houston suffered $1.7 billion in operating losses under Mayor Bill White.""",1.0,0.0,45,1.0,half-true
"""I am the only candidate who ran in either primary who said, ‘I will not raise taxes on the middle class.’""",1.0,0.0,53,0.0,pants-fire
"""I am the only candidate who ran in either the Democratic or the Republican primary who said from the very beginning (that) I will not raise taxes on the middle class.""",2.0,0.0,52,0.0,pants-fire
"""I am the only one onstage who has never voted to raise your taxes. These two, each, a billion dollars worth of votes to raise your taxes.""",3.0,0.0,45,1.0,half-true
"""I believe in tax cuts. I believe in being a supply-sider. I cut the income tax I think it was 24 percent. We got 42 percent more revenues.""",1.2,0.4040610178208844,50,1.0,mostly-true
"""I created a flat tax in the state of Utah. It took that state to the number-one position in terms of job creation.""",4.0,0.0,49,1.0,half-true
"""I cut spending while serving in the state Legislature""",2.0,0.0,49,1.0,mostly-true
"""I cut taxes 23 times when I was mayor of New York City.""",1.0,0.0,46,1.0,half-true
"""I delivered a flat tax for my state. I took my state to No. 1 in job creation. With all due respect to what Rick Perry has said about Texas, we did a little bit better.""",3.08,0.2740475156178698,50,1.0,half-true
"""I didn't endorse"" the federal stimulus bill.",1.0,0.0,60,1.0,pants-fire
"""I didn't raise taxes once.""",1.0,0.0,52,1.0,false
"""I don't think the argument can be credibly made that the United States of America is undertaxed compared to our competitors.""",2.0,0.0,50,1.0,false
"""I have cut taxes 63 times, including a 2006 property tax reduction that ranks as the largest in state history.""",3.8181818181818183,0.38924947208076155,55,1.0,mostly-false
"""I have fought for our shared values without being an ideologue or a partisan""",2.0,0.0,56,0.0,mostly-false
"""I have had to fill out FEC reports for the past six years now, and they’re much more detailed than a tax return...""",4.0,0.0,52,1.0,false
"""I have never once raised the county tax levy -- not for seven straight years.""",2.673076923076923,0.473665466715671,52,1.0,true
"""I have never voted for a tax increase.""",1.0,0.0,46,1.0,false
"""I haven't raised taxes in the time I've been the governor of New Jersey.""",3.6206896551724137,0.4894531931780195,58,1.0,half-true
"""I lowered taxes over the last two years.""",1.0,0.0,47,1.0,mostly-true
"""I never supported"" a state income tax for Texas.",2.12,0.328260722659316,50,0.0,pants-fire
"""I released the most extensive financial review of anybody in the history of politics. … You don't learn much in a tax return.""",2.0,0.0,49,1.0,false
"""I released way more (tax) information than Bruce Rauner has.""",4.0,0.0,48,1.0,false
"""I said no to higher taxes and fees.""",2.0,0.0,47,1.0,mostly-false
"""I signed the largest single tax cut in the history of Florida, a $25 billion tax cut over five years, directed at property tax cuts.""",3.0535714285714284,0.22720778292870303,56,1.0,false
"""I think with the exception of the last year or maybe the last two years, we were at 100 percent"" when it came to contributing to the Providence pension fund.",4.0,0.0,53,1.0,mostly-true
"""I used tax cuts to help create over 80,000 jobs in New Mexico.""",2.0344827586206895,0.18405922400991942,58,0.0,mostly-true
"""I was speaking out on pension reform almost 17 years ago.""",3.9,0.3030457633656633,50,1.0,mostly-true
"""I will keep taxes low and cut them where I can. My opponent will raise them.""",1.0,0.0,42,1.0,half-true
"""I'm the only candidate on this stage who has actually cut taxes.""",4.016949152542373,0.13018891098082383,59,0.01694915254237288,false
"""I've cut taxes for ... middle-class families, small businesses.""",2.0,0.0,50,1.0,mostly-true
"""I've never supported a payroll tax.""",2.0,0.0,51,1.0,false
"""I've traveled the country advocating for the FairTax ...""",2.0,0.0,54,1.0,mostly-false
"""If Congress does not pass the renewal of the payroll tax cut before the end of the year, nearly 160 million working families will see their taxes go up by roughly $1,000.""",4.0,0.0,43,1.0,half-true
"""If Gov. Romney's plan goes into effect … the average senior would have to pay $460 a year more in tax for their Social Security.""",4.0,0.0,52,1.0,mostly-false
"""If all of the [Bush-era] tax cuts expire on schedule, the budget will be close to being balanced in four years.""",1.0,0.0,52,1.0,false
"""If the House of Representatives fails to extend the middle-class tax cuts, 400,000 middle-class Rhode Island families will see their federal income taxes increase.""",2.0,0.0,48,1.0,false
"""If we don't spend money on a pier, then that money does wipe into the general funds of the city or the county, and if you send it to the county, you never see it again.""",2.0,0.0,55,1.0,half-true
"""If we use (Tax Increment Financing) funding, that's going to take funds from the general fund for Pinellas County, as it will take funds from the general fund for the city of St. Pete.""",3.0454545454545454,0.21070705494148545,44,0.0,false
"""If you don't pay income taxes ... you'll have more money"" under the Republican tax plan.",2.0,0.0,53,1.0,false
"""If you got rid of the income tax today you'd have about as much revenue as we had 10 years ago.""",3.0,0.0,56,1.0,mostly-true
"""If you have an investment for your child's education or own a mutual fund or a stock in a retirement plan, (Obama) is going to raise your taxes.""",1.0,0.0,54,1.0,false
"""If you look at our tax mix, the share of corporate revenues as a percentage of our overall revenue mix has declined by about half over the last 30 years.""",1.0,0.0,43,1.0,half-true
"""If you make more than $250,000 a year … you only really take home about $125,000.""",1.6923076923076923,0.46604138242837034,52,1.0,false
"""If you make the average amount of people in Wisconsin, $50,000, you got $1.60 less a week in taxes"" under the state income-tax cut, but ""it didn’t show up in your paycheck.""",1.0,0.0,55,1.0,mostly-true
"""If you sell your house after 2012 you will pay a 3.8 percent sales tax on it.""",1.0,0.0,46,0.0,pants-fire
"""If you want to talk firsts for Bush, this was the first time in American history that a president took us into a war and cut taxes.""",2.0,0.0,50,1.0,mostly-true
"""If you're a … wealthy CEO or a … hedge fund manager in America right now, your taxes are … lower than they've been since the 1950s.""",1.0,0.0,44,1.0,mostly-true
"""If you're earning under $100,000 a year and you commute to New York every day you pay more to the Port Authority in tolls than you pay to the state of New Jersey in income tax.""",1.0,0.0,51,1.0,true
"""Illegal aliens cost the state of Rhode Island $400 million a year.""",1.0,0.0,56,1.0,pants-fire
"""Illegal tobacco sales, price driven too high, has been connected to at least several cases of funding terrorism against us in multi-year investigations over the last decade and a half.""",3.9361702127659575,0.24709224814516545,47,1.0,mostly-true
"""In 1950, corporations paid $3 in taxes for every $1 by a worker. Today, they pay 22 cents for every $1 by a worker.""",2.0,0.0,62,1.0,mostly-false
"""In 1952, the corporate income tax accounted for 33 percent of all federal tax revenue. Today, despite record-breaking profits, corporate taxes bring in less than 9 percent.""",2.0,0.0,50,1.0,mostly-true
"""In 1986, President Ronald Reagan"" cut the business tax rate to 34 percent and ""it worked -- our economy boomed, the middle class thrived and median family income increased.""",1.0,0.0,50,1.0,mostly-false
"""In 2009, Jim Doyle and the Democrats rushed through a budget repair bill with billions in tax increases and held no public hearings.""",1.9491525423728813,0.22157187777172208,59,1.0,mostly-false
"""In 67 different ways, Governor McCrory has raised taxes on middle income families.""",2.738095238095238,0.4450006198693304,42,0.7380952380952381,half-true
"""In America, there is a father who is holding down two jobs and paying more taxes than the richest 400 families in America.""",3.0,0.0,48,1.0,mostly-false
"""In Florida, for eight years we cut taxes every year, totaling $19 billion.""",2.036363636363636,0.18891859540615824,55,0.03636363636363636,half-true
"""In Rhode Island, a recent study showed that among a group of people who had been homeless for a year or more, Medicaid costs averaged about $60,000 per person.""",3.6153846153846154,0.49125075078907465,52,1.0,false
"""In Springfield, Susana Mendoza voted to hit working families with a massive new soda tax.""",2.4339622641509435,0.5003627131416443,53,1.0,mostly-false
"""In almost every state with an income tax, wealthy people pay a higher tax rate than the middle class.""",3.9,0.30304576336566325,50,1.0,mostly-false
"""In campaigns in the past with Sen. McCain and President George W. Bush and others, they have tended to release tax records in April.""",3.0,0.0,52,1.0,half-true
"""In fact New Jersey is a donor state, we get 61 cents back on every dollar we send to Washington. And interestingly Kentucky gets $1.51 on every dollar they send to Washington.""",2.0526315789473686,0.22528177844479147,57,1.0,true
"""In fiscal year 2011-2012, 4,191 abortions were paid for by taxpayers via the Oregon Health Plan.""",1.0,0.0,49,1.0,true
"""In his very first budget, (Milwaukee) Mayor Tom Barrett broke his pledge to keep a lid on property taxes and has continued increasing taxes and fees ever since.""",2.875,0.33371190623595726,56,1.0,mostly-false
"""In just 17 years, spending for Social Security, federal health care and interest on the debt will exceed ALL tax revenue!""",3.0,0.0,48,1.0,mostly-true
"""In my years in the State Legislature, I have never voted for a tax increase.""",1.0,0.0,46,1.0,false
"""In terms of the wealthiest Americans, we're at the lowest tax rate since the 1950s.""",2.0,0.0,45,1.0,mostly-true
"""In the '80s, Democrats promised spending cuts, but delivered only tax hikes.""",2.0,0.0,52,1.0,false
"""In the late 1980s, the U.S. was nearly the lowest-taxed nation in the world, and a quarter century later we're nearly the highest.""",4.0,0.0,63,1.0,mostly-false
"""In the month since Republicans took the House majority,"" they are trying to ""impose a 30% tax on everything.""",1.0,0.0,54,1.0,mostly-false
"""In the state of Indiana, I’ve signed more than $3.5 billion in tax relief.""",2.98,0.14142135623730953,50,0.98,half-true
"""Income taxes are voluntary.""",1.0,0.0,52,0.0,pants-fire
"""Indiana actually has a higher gas tax than Illinois does even with the increase in (Illinois’) taxes.""",4.0,0.0,44,1.0,false
"""It is a commitment voters take very seriously: The only incumbent in Ohio to break his Pledge and vote for Ted Strickland's income tax hike was defeated soundly on Tuesday.""",1.0,0.0,47,1.0,mostly-true
"""It will cost $50,000 per enrollee in Obamacare over the next 10 years.""",2.0,0.0,41,1.0,false
"""It's estimated we leave somewhere north of $350 billion a year - that's billion - a year on the table uncollected because IRS doesn't have the resources.""",2.0,0.0,53,0.0,half-true
"""I’ve got the spending down, I’ve got the debt down a little bit, I’ve got the reserves up.""",1.0,0.0,51,1.0,mostly-true
"""I’ve released 22 years of my tax returns. You can go online and look. (Donald Trump) hasn’t released one.”",1.0,0.0,52,1.0,true
"""Jane Norton supported the largest tax hike in Colorado history.""",1.0,0.0,55,1.0,half-true
"""Jasper County in Texas raised property taxes by 7 percent in order to pay for one death penalty case.""",3.6363636363636362,0.48660709956247955,44,0.6363636363636364,true
"""Jeanne Shaheen was principally involved in a plot with Lois Lerner and President Barack Obama’s political appointee at the IRS to lead a program of harassment against conservative nonprofit groups during the 2012 election""",2.0,0.0,50,1.0,false
"""Jim Renacci cheated on his income taxes"" and is a ""deadbeat citizen.""",4.0,0.0,44,1.0,mostly-true
"""Jim Renacci supports a national sales tax of 23 percent.""",1.0,0.0,56,1.0,half-true
"""Jim Renacci tried to avoid paying taxes on nearly $14 million that he made.""",2.0,0.0,48,1.0,true
"""Joe Biden is proposing that any family who tries to pass a business or a farm down to their son or daughter or grandson or granddaughter are going to pay a huge new tax.""",2.0,0.0,48,1.0,mostly-false
"""Joe Sestak ... even wants to bring back the death tax, letting the IRS take half of your savings when you die.""",1.7962962962962963,0.40653295392567274,54,1.0,mostly-false
"""Joe, I keep hearing you every morning talking about the biggest tax increase in history, but you don't mention it's also the biggest tax cut in history.''",1.0,0.0,37,1.0,false
"""John Boozman is excited about putting a 23 percent national sales tax on everything you buy.""",1.0,0.0,51,1.0,half-true
"""John Cornyn has voted to increase the debt, raise taxes, bail out Wall Street banks and fund Obamacare.""",4.0,0.0,56,1.0,half-true
"""Jon Corzine, elected governor. Teams up with Barbara Buono. $1.2  billion sales tax increase? Passed. Most spending in state history? Passed. After Buono named budget chair, taxes and fees increase 23 times in just two years. State debt? Up $13.4 billion. Unemployment? Doubled.""",4.0,0.0,46,1.0,half-true
"""Kasich’s budget raised taxes by billions, hitting businesses hard and the middle class even harder.""",3.76,0.4314191105869001,50,1.0,false
"""Kelly Ayotte voted to give big oil more than $20 billion in tax breaks.""",3.0,0.0,63,1.0,mostly-true
"""Kewpie burgers are delicious. An Ohio institution. And they'll cost less thanks to John Kasich's tax cut.""",1.0,0.0,43,1.0,mostly-true
"""Large majorities"" of the public ""oppose major changes to Medicare"" and favor higher taxes on the wealthy.",1.5098039215686274,0.5048781642974013,51,1.0,true
"""Last week Senator Obama's running mate said, get this, 'Raising taxes is patriotic.' """,1.0,0.0,59,1.0,mostly-false
"""Last year the IRS audited Americans earning less than $25,000 a year at five times the rate of other groups.""",4.0,0.0,53,1.0,mostly-true
"""Last year, ExxonMobil made $19 billion in profit. Guess what. They paid zero in taxes. They got a $156 million refund from the IRS.""",1.0,0.0,46,1.0,false
"""Last year, I stopped an Obamacare bailout and saved taxpayers $2.5 billion.""",4.0,0.0,42,1.0,mostly-false
"""Law firm @POTUS used to show he has no ties to Russia was named Russia Law Firm of the Year for their extensive ties to Russia. Unreal.""",3.0,0.0,55,1.0,mostly-true
"""Many of (Hillary Clinton's) friends took bigger deductions (than me). Warren Buffett took a massive deduction. (George) Soros, who is a friend of hers, took a massive deduction.""",2.0,0.0,54,1.0,mostly-false
"""Marco Rubio is following his party bosses, like Rick Scott, with his plan to raise taxes on Florida's working families, retirees and veterans.""",2.0,0.0,53,1.0,false
"""Mark Kirk: Lied about going to war. Opposed middle class tax cuts. And said unemployment’s not that big an issue.""",4.0,0.0,52,1.0,mostly-false
"""Mark Sharpe has lowered property taxes by 17 percent.""",2.1346153846153846,0.34464225008403454,52,1.0,mostly-false
"""Mayor Fung wants to punish our children's education by removing 12 million dollars from current funding to pay for his private charter school. Your taxes would increase by between 6 and 8 percent per year.""",1.0,0.0,46,1.0,pants-fire
"""McCain opposes repeal of the death tax.""",3.0,0.0,47,1.0,mostly-true
"""McCain will give more tax breaks to big oil.""",3.0,0.0,44,1.0,mostly-false
"""Middle-class families throughout America (would) have to pay $6,000 per year"" to pay for tax cuts for the wealthy.",1.0,0.0,47,1.0,false
"""Mike Huckabee raised taxes on dog groomers!""",2.0,0.0,51,0.0,mostly-true
"""Miller Brewing is not a U.S. company any more. Neither is Anheuser-Busch.""",1.619047619047619,0.4915074349923197,42,1.0,true
"""Minimum wage = $16,000/year CEO-Goldman Sachs (Lloyd Blankfein) $16,000/Hour.""",1.0,0.0,47,1.0,false
"""Minnesota is kicking butt relative to Wisconsin on everything from employment and job creation to school test scores, educated work force and a host of other factors and rankings""",1.6481481481481481,0.4820321529793835,54,1.0,half-true
"""Mitt Romney is the first major party candidate for president of the United States in modern times not to release at least 12 years of tax returns.""",5.0,0.0,47,1.0,false
"""Mitt Romney’s platform ...won't protect the mortgage interest (tax) deduction for middle-class families.""",4.0,0.0,47,1.0,mostly-false
"""Mitt Romney’s pledged to protect (oil companies') record profits – and their billions in special tax breaks, too.""",3.0,0.0,49,1.0,half-true
"""More astronauts have been to the moon than farmers who paid the inheritance tax in 2013.""",3.0153846153846153,0.12403473458920851,65,1.0,mostly-true
"""More people, almost twice as many, pay the penalty or take the waiver than signed up for (Obamacare).""",2.0,0.0,42,1.0,false
"""More than 30 cents of every state tax dollar goes to Medicaid.""",2.1666666666666665,0.3761773969316394,54,1.0,true
"""More than a million Wisconsinites have voted to raise their own property taxes because Republicans have failed to fully fund our public schools for the past eight years.""",2.0,0.0,44,0.0,half-true
"""Most of our taxes are spent on the so-called ‘War on Terror.’""",2.0,0.0,48,1.0,false
"""Most people below $50,000 don’t pay any income tax. The top 1 percent in our country pay 40%.""",2.0,0.0,59,1.0,mostly-true
"""Most"" of the Bush tax cuts went to people ""in the top 3 percent of this country.""",1.0,0.0,55,1.0,half-true
"""My 7-step plan"" creates 700,000 jobs in 7 years.",1.0,0.0,46,1.0,mostly-true
"""My debt to GDP was the lowest or one of the lowest of modern presidents. My taxes to GDP was the lowest and my spending to GDP"" was too.",1.0,0.0,48,1.0,mostly-true
"""My plan actually gives the middle class the greatest break: $2,000 per family.""",3.0,0.0,51,1.0,mostly-false
"""My plan offers three times as much tax relief to the middle class as Senator McCain's.""",1.0,0.0,47,1.0,half-true
"""My property taxes went down largely because my technical college portion went down 35.5% because of the money we put in at state.""",1.0,0.0,49,1.0,true
"""Nancy Pelosi vows Democrats will raise taxes if they take back the House.""",3.0,0.0,46,1.0,half-true
"""Nancy Pelosi wants a Windfall Tax on Retirement Income.""",1.0,0.0,51,1.0,pants-fire
"""Never once did they (House Republicans) actually cut spending or reduce the state budget. Even when they cut taxes in 2005, they increased spending.  They never paid for their tax cuts.""",1.0,0.0,41,1.0,mostly-true
"""New Mexico is the second Hollywood"" because of tax incentives for the film industry.",2.0,0.0,51,1.0,half-true
"""Newgard owed more than $13,000 for unpaid taxes on his $1 million Milwaukie apartment complex.""",3.0,0.0,52,1.0,mostly-false
"""Ninety-eight percent of the American people will not see their taxes go up"" due to the House health care bill.",3.982456140350877,0.1324532357065044,57,1.0,mostly-false
"""Ninety-four percent of small businesses will face higher taxes under the Democrats' plan.""",1.0,0.0,54,1.0,pants-fire
"""No Republicans voted for"" recent hikes in the income tax, payroll tax, capital gains tax, dividend tax and estate tax. ""These taxes were all passed under … Obamacare.""",1.4,0.4948716593053935,50,0.0,pants-fire
"""No president in history has imposed larger personal lifestyle costs on the taxpayer than Donald Trump.""",4.0,0.0,47,1.0,mostly-false
"""Nobody is leaving Memphis. That's a myth.""",1.0,0.0,51,0.0,pants-fire
"""Not a dollar would be paid out until jobs in the Foxconn development area were created.""",1.0,0.0,52,1.0,mostly-true
"""Not one dime of the tax cut that they are going to enact with the repeal of Obamacare will go to people who make under $200,000.""",2.0,0.0,45,1.0,mostly-false
"""Not one penny of (California’s Prop 67) bag ban tax goes to the environment.""",3.0,0.0,52,1.0,half-true
"""Not one tax has been raised since I've been governor.""",3.0,0.0,58,1.0,half-true
"""Now remember, property taxes went up 70 percent in the 10 years before I became governor.""",2.6296296296296298,0.48743829009700335,54,0.0,mostly-true
"""Now, I also support the Bush tax cuts. Sen. McCain voted against them originally. He now believes they should be made permanent. I'm glad he agrees they should be made permanent.""",1.0,0.0,53,1.0,true
"""Obama has (a) new Christmas tree tax.""",2.0961538461538463,0.2976782961926058,52,1.0,mostly-false
"""Obama has proposed 442 tax hikes since taking office.""",3.056603773584906,0.2332953179343761,53,1.0,mostly-false
"""Obama raises taxes on seniors (and) hard-working families to give welfare to those who pay none.""",1.0,0.0,48,1.0,false
"""Obama voted to raise taxes on people making just $42,000.""",1.0,0.0,45,1.0,mostly-false
"""Obama will charge a 28 percent tax on all home sales.""",1.0,0.0,40,1.0,false
"""Obamacare (hit) Americans with over $500 billion in new taxes.""",3.1636363636363636,0.37335497772755005,55,1.0,half-true
"""Obamacare"" is the ""biggest tax increase in American history.""",1.0,0.0,49,1.0,false
"""Obamacare"" represents ""the largest tax increase in the history of the world.""",2.0,0.0,45,1.0,pants-fire
"""Odd fact for odd draft: No. 2 overall pick will earn more than the No. 1 pick due to no state tax in Florida. So 2 not so bad.""",4.188679245283019,0.39499774943783894,53,1.0,mostly-true
"""Of the 14 wealthy OECD countries with a wealth tax in 1996, 10 have since then abandoned it.""",3.843137254901961,0.36729002271272454,51,1.0,mostly-true
"""Of the 18 stadiums built from 2004 to 2013, 47 percent of the total cost came from public sources.""",1.0,0.0,50,1.0,mostly-true
"""Ohio is losing over 700 family farms a year, some of them just to pay the inheritance tax.""",1.0,0.0,47,1.0,true
"""On (Tom) Wolf’s watch, taxes were high, killing 100,000 PA jobs.""",2.0,0.0,55,1.0,mostly-false
"""On the personal tax side, middle-income people are getting cuts and rich people are getting very little cuts or, in certain cases, increases"" under the Republican tax bills.",2.1964285714285716,0.40089186286863654,56,0.19642857142857142,half-true
"""Once our Blueprint for Prosperity is signed into law, we will have delivered $2 billion"" in tax relief.",2.0,0.0,44,1.0,true
"""One man (New Castle, Del., County Executive, Chris Coons) thought property taxes should be hiked almost 50 percent.""",2.0,0.0,51,1.0,mostly-true
"""One of the other inaccuracies ... is that we have raised taxes multiple times and run up the budget. Absolutely not true. One tax increase since I’ve been in office. It was a quarter mill tax in the unincorporated area only.""",1.0,0.0,52,1.0,false
"""One out of four corporations doesn't pay a nickel in (federal income) taxes.""",3.0,0.0,47,1.0,half-true
"""One percent of the American people make over 21 percent of all the income in America. That wasn’t the way before George Bush became president.""",1.0,0.0,53,1.0,half-true
"""One year ago, (Republicans) would not fill seats vacated for people who went to the administration because of the cost of those elections. Now, they’re talking about changing the rules to add additional elections that will cost millions of dollars of taxpayer expense.""",1.0,0.0,56,1.0,mostly-true
"""One-half of undocumented workers pay federal income taxes, which means they are paying more federal income taxes than Donald Trump pays.""",2.4375,0.5013280235873938,48,0.4375,half-true
"""One-third of the gasoline is purchased by out-of-state people"" in Virginia",2.7045454545454546,0.46152152080364006,44,1.0,false
"""Only 25 percent of what people buy is subject to Rhode Island’s sales tax.""",4.0,0.0,43,1.0,false
"""Oregon is spending $10 million advertising Obamacare with ads that don’t even mention the program and how to enroll in it"" and that don’t ""mention the word ‘insurance.’""",1.0,0.0,49,1.0,mostly-false
"""Our bold reforms have Wisconsin’s unemployment rate down to an all-time LOW of 2.9 percent, and the number of people working at an all-time HIGH!""",2.0,0.0,48,1.0,half-true
"""Our country's got this huge debt, and (President Barack) Obama says raise taxes and keep spending more.""",1.0,0.0,52,1.0,half-true
"""Our debt now is about $140,000 per household.""",1.0,0.0,57,1.0,mostly-true
"""Our families have the highest property taxes in the country. We must change this.""",3.6041666666666665,0.49420399497827033,48,1.0,mostly-true
"""Our reserves are now in much better shape than they were just a few years ago.""",3.25,0.4375949744936838,48,1.0,true
"""Our tax code has nearly doubled since 1985.""",5.0,0.0,51,1.0,true
"""Our tax code is . . . 80,000 pages.""",1.0392156862745099,0.19603921176392144,51,1.0,false
"""Our tax code is so complicated it extracts $140 billion in extra tax preparation costs every year - one thousand dollars for every American family.""",1.0,0.0,49,1.0,half-true
"""Our tax rates are lower now than they were under Ronald Reagan. They're much lower than they were under Dwight Eisenhower.""",2.0,0.0,44,1.0,mostly-true
"""Over 10 years, (extending tax cuts for the wealthy) would add less to the deficit than Obama added with the stimulus in one year.""",3.0,0.0,48,1.0,mostly-false
"""Over half of the people who would be taxed under (a millionaire surtax) are, in fact, small businesspeople.""",3.2127659574468086,0.4136880894317001,47,1.0,false
"""Over the last eight years, we’ve shown that even though we’ve cut taxes by $8 billion, revenues continue to grow.""",1.0,0.0,52,1.0,true
"""Over the next two years, this $1.8 billion deficit will cost individual Wisconsinites $300 each, or $1,200 for families of four.""",1.0,0.0,47,1.0,false
"""Over the past decade, the big five oil companies --- BP, Chevron, ConocoPhillips, ExxonMobil and Shell -- made a total profit of nearly $1 trillion.""",1.0363636363636364,0.1889185954061582,55,1.0,mostly-true
"""Over the past two years, Florida has cut more than $1 billion in taxes.""",3.0,0.0,48,0.0,mostly-true
"""Pads and tampons (are) still taxed when Viagra and Rogaine are not.""",4.0,0.0,47,1.0,half-true
"""Pat Toomey advocated for eliminating all corporate taxes.""",4.0,0.0,44,0.0,true
"""Pat Toomey thinks corporations shouldn't pay any taxes.""",1.2,0.4045199174779453,45,1.0,mostly-true
"""Paul Workman wants to raise the sales tax.""",1.0,0.0,51,1.0,false
"""People (are) paying more in taxes than they will for food, housing and clothing combined.""",3.0,0.0,44,1.0,half-true
"""People who wash cars at home will use approximately 80 percent more water than they do in a car wash.""",1.0,0.0,52,0.0,pants-fire
"""Pepper ... kicked off a jock tax, imposing a levy on the sports and entertainment industry.""",1.0,0.0,53,1.0,true
"""Pls refer to Jan.1 tax changes appropriately: they're OBAMA TAX HIKES & they'll slam every American's savings, investments & job opportunity""",2.0,0.0,41,1.0,false
"""Pres. Obama's finance team is recommending a . . . 1% tax on all transactions at any financial institution.""",1.0,0.0,45,1.0,pants-fire
"""President Obama has raised taxes 19 times.""",2.0,0.0,52,0.0,half-true
"""Pritzker and Madigan want to change the constitution to allow a permanent jobs tax on middle class families.""",2.0,0.0,53,1.0,false
"""Prop 56 cheats schools out of at least $600 million.""",2.0,0.0,43,1.0,mostly-false
"""Property and income taxes will be lower in 2018 than they were in 2010.""",1.0,0.0,51,1.0,mostly-true
"""Property taxes are lower right now than they were"" in December 2010 on a median-valued home in Wisconsin.",1.0,0.0,50,1.0,mostly-true
"""Property taxes had increased 70 percent in the previous 10 years.""",3.18,0.38808793449160367,50,1.0,mostly-true
"""Property taxes have increased 20 percent under four years of Chris Christie.""",3.1538461538461537,0.3643213074786544,52,1.0,mostly-true
"""Raising taxes on investment income has actually lowered the revenue received from the tax, while cutting capital gains tax rates has increased revenue.""",1.0,0.0,49,1.0,half-true
"""Redistribution"" has ""never been a characteristic of America.""",1.0,0.0,46,0.0,pants-fire
"""Republican (small business tax cut) bill spends $80 million for better Google searches, not job creation""",2.0,0.0,50,1.0,mostly-false
"""Republicans fought to protect tax loopholes for corporations that send our jobs overseas.""",3.84,0.3703280399090206,50,1.0,half-true
"""Republicans in Congress refuse to list a single tax loophole they are willing to close.""",3.0,0.0,50,1.0,true
"""Residential property taxes [in Providence] are up nearly 27 percent under Mayor Taveras.""",3.0,0.0,52,0.0,pants-fire
"""Rhode Island has the second highest per enrollee (Medicaid) cost of any state in the country, which is 60 percent higher than the national average.""",2.0,0.0,54,1.0,mostly-true
"""Richard Burr voted to protect tax breaks for companies that ship jobs overseas but voted against a tax break to help working people.""",3.0,0.0,43,1.0,half-true
"""Richard Cordray wants to raise your taxes by reversing President Trump's tax reform.""",2.0,0.0,48,1.0,mostly-false
"""Richard Nixon released tax returns when he was under audit.""",4.0,0.0,52,0.0,true
"""Richmond was one of the only cities in the state that did not (increase) their real estate tax to those pre-recession rates.""",4.4186046511627906,0.49916874422979146,43,1.0,mostly-true
"""Right now we are spending at an all-time high, close to 25 percent of our GDP [is] being spent on the federal government. But our revenues are at an almost all-time low of about 15 percent [of GDP].""",1.0,0.0,47,1.0,true
"""Right now we’re the highest taxed country in the world.""",1.0,0.0,57,1.0,false
"""Right now, Texas doesn’t have an income tax and Oklahoma’s lowering their income tax rates, and guess what their severance tax is? Sky high.""",1.0,0.0,41,1.0,true
"""Right now, we have the lowest gas tax of anywhere in the country.""",1.588235294117647,0.4970501217477084,51,1.0,mostly-true
"""Ron Johnson pushed through a special tax loophole that benefited his own family's business … Then he cashed out of the company for $5 million … (he has) doubled his wealth since taking office.""",2.98,0.14142135623730953,50,1.0,half-true
"""Roy Cooper won't say how he will pay for ‘free’ college tuition.""",3.82,0.38808793449160356,50,1.0,half-true
"""Scott Walker cut school funding more per student than any governor in America.""",1.0,0.0,48,1.0,mostly-true
"""Scott Walker has given a $10,000 tax deduction to millionaires who send their kids to exclusive private schools.""",3.0,0.0,59,1.0,mostly-false
"""Scott Walker to cut $300 million from universities, spend $500 million on a pro basketball stadium.""",1.0,0.0,46,1.0,half-true
"""Sen. Bob Menendez voted to enact a new tax on the sale of homes of 3.8%.""",2.0,0.0,57,1.0,pants-fire
"""Sen. McCain says it was not a mistake to vote against the Bush tax cuts ... but now says the tax cuts need to be made permanent.""",1.0,0.0,52,1.0,true
"""Sen. McCain's economic plan gives nearly $4-billion in tax breaks to the oil companies but doesn't provide any tax relief to more than 100-million middle-class families.""",3.037037037037037,0.19062587709298626,54,1.0,mostly-false
"""Sen. Rubio’s (tax plan) would cut taxes for households making around $3 million a year by almost $240,000, which is way more than three times the earnings of a typical family.""",2.0,0.0,55,1.0,mostly-true
"""Senator McCain voted against the Bush tax cuts. Now he's for them.""",3.0,0.0,44,1.0,true
"""Senator Obama has voted 94 times to either increase your taxes or against tax cuts.""",1.0,0.0,45,1.0,false
"""Seventy percent of the American public agree with"" Alexandria Ocasio-Cortez ""on having the top marginal (tax) rate for the rich"" at 70 percent, and ""that's a Fox News Poll saying that.""",2.0,0.0,43,1.0,mostly-false
"""Sherrod Brown supported President Obama's $453 billion tax increase.""",2.0,0.0,42,1.0,mostly-false
"""She’s voted for 60 tax increases, hurting the middle class and small businesses.""",1.0,0.0,50,1.0,pants-fire
"""Should Democrats get their way, every income tax bracket will increase on Jan. 1, 2011. Every single one.""",1.0,0.0,51,1.0,false
"""Since 1995, the top 400 wealthiest families have seen their incomes go up 400 percent and their tax rates go down 40 percent.""",2.0,0.0,56,1.0,mostly-true
"""Since passage of the Tax Cuts and Jobs Act, Walmart 'increased their starting wage to $11/hr & has given about $400 million in bonuses.'""",3.0,0.0,44,1.0,true
"""Since taking office, Andrew Cuomo has given massive tax breaks to corporations and the super rich.""",3.0,0.0,48,1.0,mostly-false
"""Since taking office, we have enacted more than $8 billion in cumulative tax relief.""",1.0,0.0,48,1.0,true
"""Since we passed tax cuts, over 3 million workers have gotten tax cut bonuses — many of them thousands and thousands of dollars.""",4.0,0.0,53,1.0,mostly-true
"""Sixty-two percent of all (Texas) property taxes are paid by businesses.""",3.276595744680851,0.45215078571752676,47,1.0,half-true
"""Some billionaires have a tax rate as low as 1 percent.""",3.074074074074074,0.2643505285727148,54,1.0,mostly-false
"""Some politicians … want to put new taxes on a lot of groceries.""",1.0,0.0,49,1.0,true
"""Steve Southerland did not pay his taxes in '05, '06, '07, '08 or '09.""",1.0,0.0,47,1.0,false
"""Subsidies for oil and gas companies make up 88 percent of all federal subsidies. Just cutting the oil and gas subsidies out would save the U.S. government $45 billion every year.""",2.0,0.0,50,1.0,false
"""Tammy Baldwin voted for $5 trillion in higher taxes.""",1.0,0.0,49,1.0,half-true
"""Tax dodging costs developing countries $200 billion every year.""",1.0,0.0,57,0.0,half-true
"""Tax revenue went up, actually, $14 billion last year after the tax cut actually occurred. We had greater revenue.""",3.0,0.0,48,1.0,mostly-false
"""Taxes and fees amount to about 20 percent of a typical $300 round-trip domestic ticket. That’s higher than taxes on products like alcohol, tobacco and firearms.""",1.0,0.0,58,1.0,mostly-true
"""Taxes are lower on families than they've been probably in the last 50 years.""",2.0,0.0,50,1.0,mostly-true
"""Taxes for every New Yorker are lower today than when I started""",4.0,0.0,50,1.0,half-true
"""Taxes went down under Jerry Brown.""",1.0,0.0,53,1.0,mostly-true
"""Taxpayers are paying a fortune for the use of Air Force One on the campaign trail"" by President Barack Obama and Hillary Clinton.",4.0,0.0,57,1.0,mostly-true
"""Taxpayers earning $1 million pay an effective tax rate that is about four times what taxpayers earning $100,000 pay.""",2.0,0.0,43,1.0,true
"""Taxpayers even footed the bill for Perry’s trip to a bachelor party in Las Vegas.""",2.9166666666666665,0.2793101938654641,48,1.0,mostly-false
"""Teachers and nurses and firefighters are paying a higher tax rate than billionaires and the biggest corporations.""",4.0,0.0,44,1.0,mostly-false
"""Teachers spend $1.6 BILLION per year on school supplies. The Republican tax bill ELIMINATES their ability to deduct those expenses.""",3.0,0.0,47,1.0,half-true
"""Tennessee’s grocery tax is one of the highest in the nation.""",3.018181818181818,0.13483997249264842,55,1.0,true
"""Texans have some of the highest property taxes in the nation”",3.0,0.0,51,1.0,mostly-true
"""Texans pay the sixth-highest property tax in the nation.""",3.0392156862745097,0.19603921176392136,51,1.0,mostly-true
"""Texas families have kept more than $10 billion in their family budgets since we successfully fought to restore Texas' sales tax deduction a decade ago.""",4.0,0.0,39,0.0,true
"""Thanks to Washington, nearly everyone will pay more in taxes in 2013. Somehow people think it's just the wealthy. It's not.""",1.0,0.0,56,1.0,half-true
"""Thanks to our reforms, the average family will have an extra $322 to spend.""",1.0,0.0,53,1.0,mostly-true
"""The 'New York Times' writes this long story"" about Donald Trump’s tax returns but ""didn't point out there was no wrongdoing"" until paragraph 18.",1.0,0.0,51,1.0,false
"""The (Wisconsin) governor has proposed tax giveaways to corporations.""",1.0,0.0,47,1.0,mostly-true
"""The 1% is paying less in taxes than everyone else.""",3.0392156862745097,0.19603921176392136,51,1.0,half-true
"""The Affordable Care Act is the single largest tax increase in my lifetime.""",1.6458333333333333,0.4833211052500624,48,1.0,false
"""The Alternative Minimum Tax was never intended to hit people in middle income, upper middle income. It was meant for people who are rich and evading taxes.""",2.1041666666666665,0.30870927818858357,48,1.0,true
"""The Alternative Minimum Tax...was created by Congress in 1969 to affect 155 wealthy Americans. Because it was never indexed for inflation, those original 155 taxpayers has increased to affect about 3.5-million in 2006.""",2.0,0.0,46,1.0,true
"""The American people don't want us to raise taxes.""",2.0,0.0,54,1.0,mostly-false
"""The American people spoke pretty loudly. They said stop all the looming tax hikes....""",1.0,0.0,52,1.0,false
"""The Canadians — they (dropped) their tax rates to 15 percent. The average tax rate on businesses in the industrialized world is 25 percent.""",1.0,0.0,54,1.0,mostly-true
"""The Congressional Budget Office estimates that for every $1 we spend on unemployment benefits, $1.90 is put into our economy.""",2.0,0.0,52,1.0,half-true
"""The Congressional Budget Office, a nonpartisan office, did an analysis and said that passing comprehensive immigration reform will reduce the federal deficit by $200 billion over the next decade.""",2.0,0.0,48,1.0,true
"""The Democratic Congress has already taken significant steps to create jobs and jump-start the economy, resulting in the lowest tax rates in over 50 years and the creation of over 500,000 new jobs so far this year.""",2.0,0.0,55,1.0,half-true
"""The Florida Legislature raised taxes and fees by almost $2 billion"" in the 2009 session.",1.0,0.0,45,1.0,true
"""The IRS doesn't have to prove something against you ... you've got the burden of proof.""",2.0,0.0,48,1.0,mostly-true
"""The IRS is about to double in size, with 87,000 new armed agents and an additional $80 billion in order to primarily enhance IRS enforcement and operations.”",4.0,0.0,51,1.0,mostly-false
"""The IRS will have the ability potentially"" to deny or delay health care.",3.0,0.0,53,1.0,mostly-false
"""The Internal Revenue code has ballooned to a 5,600-page, 4 million-word complicated mess that is seven times as long as the Bible with none of the good news.""",3.0,0.0,49,1.0,mostly-true
"""The Kenosha casino would be one of the state’s largest employers and pay more to the state than any other company or Tribe – essentially, it would be Wisconsin’s biggest taxpayer.""",2.0,0.0,44,1.0,mostly-true
"""The Legislature passed Gov. Walker’s so-called property tax relief bill,"" but the Republicans ""are still raising your property taxes.""",1.0,0.0,53,1.0,half-true
"""The Obama Administration's own White House Council of Economic Advisers has estimated 4.7 million Americans will lose their jobs if the (health care) bill passes.""",1.0,0.0,46,1.0,false
"""The Republican governor who stood up and cut spending instead of raising taxes.""",1.0,0.0,56,1.0,half-true
"""The Republican plan for tax cuts is to give each millionaire -- the top 1 percent of income in this country -- $83,347 a year in tax cuts.""",1.0,0.0,51,1.0,mostly-true
"""The Republicans are proposing to pay for their giant tax cut to the rich by gutting Medicare and Medicaid.""",3.0,0.0,53,1.0,half-true
"""The Senate Democrats have not provided one tax cut.""",3.5344827586206895,0.503166019875318,58,1.0,mostly-false
"""The Social Security trust fund … is already facing imminent bankruptcy.""",2.0,0.0,55,1.0,mostly-false
"""The Tax Foundation figures Rhode Island as the 10th highest state for state and local tax burden per capita in the country. We're the 6th worst in the country for the business tax index. We're the 3rd highest per capita in the country for all taxes.""",4.0,0.0,49,1.0,mostly-false
"""The Travis County propositions will not raise your taxes! If you are 65 or older, your property taxes are frozen.""",2.0,0.0,57,1.0,false
"""The Trump administration handed out taxpayer dollars to a foreign company. Hundreds of homes and farms were bulldozed, and over $500 million in taxpayer dollars were wasted preparing for Foxconn.""",3.0,0.0,53,1.0,half-true
"""The United States already has the highest corporate tax rate in the world.""",3.018867924528302,0.13736056394868904,53,0.018867924528301886,mostly-true
"""The United States currently has the highest corporate tax rate in the world.""",4.0,0.0,45,1.0,mostly-true
"""The University of Wisconsin System budget is the biggest it has ever been.""",1.0,0.0,46,1.0,mostly-true
"""The Wisconsin Legislature raised taxes more than $5 billion in 2009.""",1.0,0.0,52,1.0,false
"""The administration raises revenue for nationalized health care through a series of new taxes, including a light switch tax that would cost every American household $3,128 a year.""",1.0,0.0,50,1.0,pants-fire
"""The amount of interest"" paid on the federal debt exceeds ""total tax revenue.""",1.0,0.0,53,1.0,false
"""The annual cost of free tax credits alone paid to illegal immigrants quadrupled to $4.2 billion in 2011.""",3.0652173913043477,0.249637418228338,46,1.0,half-true
"""The average American is working through the month of May just to pay off the government.""",1.0,0.0,56,1.0,half-true
"""The average Republican voter thinks there should be some revenue as part of this deal.""",2.0,0.0,38,1.0,half-true
"""The average family in America forks over more of their hard-earned income to their local hospital than to the IRS.”",2.0,0.0,41,1.0,true
"""The average person only pays about $1,800 in state taxes — which is the lowest of all 50 states.""",3.0,0.0,41,1.0,mostly-true
"""The average rate of fraud"" in the Earned Income Tax Credit, Medicare, Medicaid and food stamps programs ""is 20 to 25 percent.""",1.0,0.0,46,1.0,pants-fire
"""The average tax bill for Americans in 2016 was a 41 percent increase from 2013.""",2.0350877192982457,0.1856371538302759,57,0.03508771929824561,half-true
"""The average tax refund is down about $170 compared to last year. Let’s call the President’s tax cut what it is: a middle-class tax hike to line the pockets of already wealthy corporations and the 1%.""",3.2549019607843137,0.4401425793945393,51,0.2549019607843137,mostly-false
"""The bill reported out of committee sets up a $50 billion slush fund that, while intended for resolving failing firms, is available for virtually any purpose that the treasury secretary sees fit.""",1.0,0.0,43,1.0,false
"""The bill that I carried cutting MO’s income tax for 1st time in over 100 years will start its 1st phase in jan 1 2018. #moleg @Eric_Schmitt""",4.0,0.0,53,1.0,mostly-true
"""The bottom line is clear: Under the policies of this unified Republican government, American workers, families, and business owners are achieving economic growth that is unmatched in recent memory. … More than 1 million new jobs have been created just since we passed tax reform last December.""",3.0,0.0,47,1.0,half-true
"""The candidates controlled by Madigan, all of them have said, ‘The answer to our problems is a massive income tax hike.’ """,4.0,0.0,46,1.0,mostly-false
"""The child tax credit, if we don't do it, there will be no tax relief for working families. How much tax relief working families get under tax reform is entirely dependent on whether or not we put in place an increase to the child tax credit.""",3.0,0.0,46,1.0,mostly-true
"""The clear majority of Republican voters think that any deficit reduction package should have a balanced approach and should include some revenues.""",1.0612244897959184,0.2422260708259025,49,1.0,mostly-false
"""The commercial property tax [in Providence] is second highest in the country behind Detroit.""",3.088888888888889,0.2877990320141519,45,1.0,mostly-true
"""The deficit ... is coming down, and it’s coming down rapidly.""",1.7755102040816326,0.4215697907053756,49,0.0,pants-fire
"""The difference over the (previous) four years between where things were headed and where we brought them to over the last four years is a total of $816 in saved property tax money.""",1.0,0.0,48,1.0,mostly-false
"""The elimination of income and sales taxes in New York is equal to 9 percent of taxable income, meaning that if you make $100,000 a year you lose $9,000""",3.92,0.2740475156178697,50,0.92,false
"""The entire state of Florida led the nation last year with the most prison inmates committing tax fraud.""",1.0,0.0,48,1.0,true
"""The estate tax, which came into being by Republicans like Teddy Roosevelt and others ... is there for a real simple reason: In America, we've never liked the idea of massive inherited wealth.""",1.75,0.4380187953915665,44,1.0,mostly-false
"""The expiration of the Bush-era tax cuts ... would be the biggest tax increase in the history of the country, about $4.6 trillion over 10 years.""",4.0,0.0,47,1.0,mostly-false
"""The fact is, in the past year we have had more tax cuts than almost any time in our nation's history.""",1.06,0.2398979374820952,50,1.0,half-true
"""The federal government is spending 25 percent of our entire economy versus 100 years ago we spent only 2 percent.""",1.0,0.0,55,1.0,true
"""The head of the IRS ordered 24,000 emails erased before Congress could review them, making sure the American people will never know the real truth.""",1.6037735849056605,0.49379311463208464,53,1.0,false
"""The income tax that started at 2 percent under Governor Byrne is now 9 percent.""",2.0,0.0,45,1.0,half-true
"""The largest U.S. companies would owe $620 billion in U.S. taxes on the cash they store in tax havens.""",2.0,0.0,47,1.0,mostly-true
"""The largest tax increase that we have ever had in our state is yours – it is the business margins tax that you signed, governor.""",1.0,0.0,56,1.0,false
"""The latest round of tariffs now means that the total tax increase on Americans from enacted tariffs exceeds the tax increases from the Affordable Care Act.""",4.0,0.0,50,1.0,half-true
"""The law, right now, permits companies that close down American factories and offices and move those jobs overseas to take a tax deduction for the costs associated with moving the jobs to China or India or wherever.""",1.0,0.0,48,1.0,true
"""The majority of Austinites rent"" the places they live.",2.0,0.0,54,1.0,true
"""The missiles that were launched at American forces in Iraq from Iran, were funded by Barack Obama, with American tax dollars.""",1.0,0.0,54,1.0,false
"""The most significant driver of out-migration [from Rhode Island] is the estate tax.""",1.0,0.0,36,1.0,false
"""The new beverage tax will increase the cost of sodas, juice drinks, sports drinks, iced teas, and flavored water up to 50%.""",3.148936170212766,0.3598745798587226,47,1.0,half-true
"""The only two (Donald Trump tax returns) we have show that he hasn't paid a penny in taxes.""",3.0,0.0,52,1.0,mostly-false
"""The only years that anybody's ever seen"" of Donald Trump’s tax returns ""showed he didn't pay any federal income tax.""",2.122448979591837,0.33120066055341807,49,1.0,mostly-false
"""The party in the White House"" is responsible for ""a massive tax increase on the middle class.""",2.0,0.0,55,1.0,mostly-false
"""The people who were running the budget, in the Corzine years, decided to steal from the unemployment trust fund. … As did other Governors before. We simply don’t do that, haven’t done it, and won’t permit it.""",2.4464285714285716,0.5016207497934836,56,1.0,mostly-false
"""The pope and Donald Trump and Tammy Baldwin all agree"" on eliminating the ""carried-interest"" tax break.",1.0,0.0,38,1.0,half-true
"""The primary financing mechanism of the Affordable Care Act is a tax on wealthy people.""",3.0,0.0,50,1.0,half-true
"""The problem with raising tax rates on the wealthiest Americans is that more than half of them are small business owners.""",1.0,0.0,54,1.0,false
"""The proportion of Rhode Islanders entering substance abuse treatment primarily due to marijuana use has reached its highest point in 20 years.""",2.44,0.5014265364224071,50,1.0,false
"""The proudest accomplishment (of my tenure) was leaving the state with a $1.2 billion surplus, which was the largest we’d ever had, and getting spending under control and a balanced budget.""",2.0,0.0,50,1.0,mostly-true
"""The richest 1 percent of America will get a bigger tax cut through this bill than the family income of the average family here in Central Texas.""",1.0,0.0,44,1.0,mostly-true
"""The soda tax can make a difference by reducing consumption of unhealthy soda pop and sugary beverages.""",2.0,0.0,45,1.0,mostly-true
"""The state budget has actually grown by $4.6 billion under"" Gov. Scott Walker’s actions.",1.0,0.0,47,1.0,half-true
"""The state is set to recapture an additional $500 million in Robin Hood payments from taxpayers and not one penny of it will go to public education in Texas.""",4.0,0.0,44,1.0,false
"""The state’s tax burden has, according to census figures released today, cost our state another 190,000 residents in 2009.""",1.0,0.0,55,1.0,false
"""The tax burden on Virginia families was lower under Tim Kaine than under George Allen.""",4.148936170212766,0.3598745798587227,47,1.0,mostly-false
"""The tax carve out (Ron) Johnson spearheaded overwhelmingly benefited the wealthiest, over small businesses.""",2.0,0.0,51,1.0,true
"""The tax on job creating businesses is 35 percent in the United States, second worst in the entire world.""",3.0,0.0,44,1.0,mostly-true
"""The top 1 percent (of income earners) paid 36.7 percent (of the taxes).  ... The top 50 percent pay 97.7 percent.""",1.0,0.0,52,1.0,true
"""The top 1 percent of income earners pay 40 percent of all state income taxes, and those at the bottom pay little or nothing.""",1.0,0.0,51,1.0,true
"""The top 1 percent of income-earners pay about 40 percent of all taxes into the federal government.""",1.0,0.0,59,1.0,false
"""The top 1 percent pay 45 percent of all taxes in the country.""",3.0,0.0,47,1.0,half-true
"""The top 1 percent pay over half of the entire revenue for this country.""",1.0,0.0,46,1.0,false
"""The top 1% pays 90% of income taxes.”",2.0,0.0,57,1.0,false
"""The top one-tenth of 1 percent now owns almost as much wealth as the bottom 90 percent.""",1.0,0.0,48,1.0,mostly-true
"""The truth is this tax [plan] raises middle-class taxes.""",5.0,0.0,45,1.0,half-true
"""The years that I was speaker, the Florida House consistently offered leaner budgets than the governor offered.""",2.0,0.0,54,1.0,mostly-true
"""The ‘tax plan’ rolled out by @realDonaldTrump would have cut his taxes by $30 million in 2005 (the only year we have returns for).""",2.0,0.0,46,1.0,mostly-true
"""There are 321,092 public school teachers in Texas. And there are 313,850 non-teachers in our public schools.""",1.0,0.0,51,1.0,mostly-true
"""There are a thousand billionaires now and you know what their average tax rate is? 8%.""",1.0,0.0,49,1.0,false
"""There are corporations in this nation, some of the biggest corporations in this nation, who do not pay taxes.""",1.0,0.0,47,1.0,true
"""There are more members of the U.S. Senate than the number of WI families who would benefit from GOP estate tax break.""",1.0,0.0,43,1.0,mostly-true
"""There are more words in the IRS code than there are in the Bible.""",1.0,0.0,40,1.0,true
"""There are no tax increases in this debt limit bill. Period.""",3.0,0.0,43,1.0,mostly-true
"""There are parts of I-80 near Joliet that school buses are not allowed to cross because of the fragile nature of a bridge.""",4.2,0.4040610178208842,50,1.0,mostly-false
"""There are polls showing right now that the American people for the most part think it's a bad idea to provide tax cuts to the wealthy.""",1.0,0.0,61,1.0,mostly-true
"""There are so many loopholes ... our businesses pay effectively one of the lowest tax rates in the world.""",1.0,0.0,52,1.0,half-true
"""There have been literally hundreds of new tax preferences and loopholes added to the code since 1986, last time we did this.""",1.0,0.0,57,1.0,true
"""There haven't been tax cuts for the rich"" in Rhode Island.",2.0,0.0,43,1.0,false
"""There is great disparity, tremendous disparity, in the (capital) funding on a per-student basis between our traditional public schools and our charter public schools.""",2.0,0.0,48,1.0,mostly-true
"""There is no tax increase in the governor’s budget plan.""",2.0,0.0,43,0.0,mostly-false
"""There is nothing that we have done on Amazon that we have not done with hundreds of other projects.""",2.0,0.0,50,1.0,true
"""There was no surge in 501(c)(4) applications in 2010.""",4.0588235294117645,0.23763541031440208,51,0.058823529411764705,true
"""There was virtually no new business investment"" after the 2017 tax law. ""The bulk was used to buy back their own stock.""",3.0,0.0,54,1.0,half-true
"""There's no money in Social Security.""",1.0,0.0,44,1.0,false
"""There's no real evidence in the last 20 years that"" growth from tax cuts has made up lost revenue.",2.260869565217391,0.44396108982135174,46,1.0,true
"""There's still about $400 billion or $500 billion of the stimulus plan that has not been spent. Why don't we stop it.""",1.0,0.0,48,1.0,false
"""They didn’t even put up a fight against SALT""",4.254545454545455,0.43962028304662354,55,0.2545454545454545,false
"""They're paying a less rate of tax -- these richest people in America -- than they have in the last 80 years.""",2.0,0.0,43,1.0,mostly-true
"""Thirty percent of [Sheldon Whitehouse' campaign] money is coming from special interests.""",3.4680851063829787,0.5043749394606821,47,0.46808510638297873,mostly-true
"""This governor has given us continual balanced budgets without raising taxes.""",3.0,0.0,57,1.0,half-true
"""This is the first time in our state, and one of the first times in the country, where benefit reductions . . . has happened to people who are retired.""",3.0,0.0,51,1.0,half-true
"""This new gas tax does not increase (road) capacity anywhere in the state. It will build no new lanes of freeways. If Californians didn’t like their traffic before, they’re going to like it even less when they’re stuck in the exact same traffic and paying more for their gas.""",4.0,0.0,55,1.0,mostly-false
"""This will be the last time — April — that you’re going to (fill out) that old-fashioned, big, lots of pages, complicated tax form. Because next April you’re going to, in many cases, (file) one page, one card. It’s going to be very, very different. Very, very different.""",2.0,0.0,57,1.0,mostly-false
"""This year, the federal government will have more revenue than any year in the history of our country.""",4.0181818181818185,0.1348399724926484,55,1.0,half-true
"""This year,"" the Austin City Council ""granted a small homestead"" property tax ""exemption of $5,000... applied equally to everyone. And we also granted an exemption for the elderly and the disabled members of the community.""",2.0,0.0,48,0.0,mostly-false
"""Tim Kaine announced he wants to raise taxes on everyone.""",2.5892857142857144,0.4964157243969729,56,1.0,false
"""To date, nobody has been able to show that there is a law for the average American citizen working day in and day out to pay an income tax.""",1.0,0.0,52,0.0,pants-fire
"""To hear Gov. Christie tell it, everything in New Jersey is going just fine. Well I see another New Jersey with 400,000 unemployed. One of the worst jobless rates in the country. Working and middle class families have seen costs soar, from property taxes to college tuition.""",2.9183673469387754,0.2766416675862441,49,1.0,half-true
"""Today, property taxes are lower than they were in 2010.""",1.0,0.0,47,1.0,mostly-true
"""Tom Ganley supports a 23 percent national sales tax that would raise taxes on the middle class while giving a huge tax break to millionaires like himself.""",1.2352941176470589,0.4305615452020462,34,1.0,mostly-false
"""Traditionally, presidential candidates release their tax returns . . . Mitt Romney still won’t.""",3.0,0.0,50,1.0,mostly-true
"""Travis County now has the highest urban county tax rate in Texas.""",3.784313725490196,0.41539020162714857,51,0.7843137254901961,mostly-true
"""Trump proposed enacting the largest tax increase in American history.""",2.869565217391304,0.4992748364566759,46,0.0,true
"""Trump tax cut benefits all congressional districts, up to $44,697 per family.""",2.0,0.0,58,0.0,half-true
"""Trump wants to cut (Medicare) just to pay for tax breaks to billionaires.""",3.0,0.0,56,1.0,mostly-false
"""Trump: police officers and firefighters make too much money…hits them with tax penalty.""",2.0,0.0,58,1.0,false
"""Trump’s tax reform plan was nothing more than a middle-class tax increase.""",2.0681818181818183,0.25497170592935275,44,1.0,false
"""Two weeks after signing a taxpayer protection pledge, (Charlie Crist) breaks it.""",4.0,0.0,49,1.0,mostly-false
"""Two-thirds of Wisconsin corporations don't pay state income taxes.""",2.0,0.0,48,1.0,mostly-true
"""U.S. Olympic medal winners will owe up to $9,000 to the IRS.""",4.0,0.0,47,1.0,mostly-false
"""U.S. government reports record tax haul after Trump tax cuts spur economic growth.""",3.0,0.0,48,1.0,mostly-false
"""Under Gov. Romney's definition ... Donald Trump is a small business.""",4.0,0.0,52,1.0,false
"""Under Greg Abbott, property taxes have gone up $20 billion.""",2.765957446808511,0.4279763279438432,47,1.0,mostly-true
"""Under President Obama: $4,000 tax hike on middle-class families.""",2.0,0.0,55,0.0,pants-fire
"""Under Republican Governor Chris Christie, tolls cost more. Train and bus rides cost more. College tuition goes up. But Christie protected a tax cut for millionaires.""",2.0,0.0,48,1.0,mostly-true
"""Under Trump’s new tax plan … 99.8% of Americans"" get ""not one nickel"" in tax cuts.",1.0,0.0,56,1.0,pants-fire
"""Under my predecessor, they cut funding for education, but they didn't give them anything in return to make up for that,"" leading to ""less money"" for school districts",1.0,0.0,49,1.0,half-true
"""Under our (2011-’13) budget, the average (Wisconsin) property taxpayer will save $700.""",1.0,0.0,49,1.0,false
"""Under the Republican health care repeal proposal North Carolina faces the 2nd highest premium increase in the nation. North Carolina residents will face an average cost increase of over $7,500.""",2.0,0.0,47,0.0,half-true
"""Under the Tax Cuts and Jobs Act, the average American family of four will receive a $1,182 tax cut.""",4.0,0.0,45,1.0,mostly-true
"""Under this tax cut, middle-class families don't save enough for a week's worth of groceries, while millionaires save enough to go on an exotic vacation.""",2.0,0.0,56,1.0,true
"""Undocumented immigrants paid more taxes last year than Amazon, GM, IBM & Netflix combined.""",4.73469387755102,0.4460712855998856,49,1.0,mostly-true
"""Undocumented immigrants pay $12 billion of taxes every single year.""",3.62,0.4903143514780147,50,0.0,true
"""Walker says he’s for lower taxes. But Milwaukee County spending has gone up by $349 million.""",3.0,0.0,54,1.0,mostly-false
"""We (Georgia) collect fewer state taxes per capita than any other state … although state taxes are low, Georgia is the eighth-most-dependent state on the federal government.""",1.0,0.0,51,1.0,mostly-true
"""We Really Do Have the Highest Corporate Tax Rate in the World.""",2.142857142857143,0.3535533905932738,49,1.0,mostly-true
"""We are giving almost $2 billion of taxpayer money to the junk food and fast food industries every year to make the (childhood obesity) epidemic worse.""",1.0,0.0,50,1.0,false
"""We are not producing jobs. We created 80,000 jobs last month. We don't talk about the jobs that we lost. The net of it all is that we lost jobs.""",3.0,0.0,53,1.0,false
"""We are the most generous in New England and New England is known for its generosity toward its welfare recipients.""",2.4313725490196076,0.5001960399996911,51,0.43137254901960786,half-true
"""We are the only advanced industrialized nation that bases our educational funding on property taxes.""",3.0,0.0,50,1.0,half-true
"""We bailed out"" Johnson Controls when ""we saved the auto industry"" and ""now they want to avoid paying taxes.""",1.0,0.0,46,1.0,mostly-true
"""We bring in enough tax revenue to service our debt, pay for Medicare and Medicaid and Social Security, and then still have about $300 (billion) or $400 billion left over.""",1.0,0.0,45,1.0,half-true
"""We can fix our roads without raising taxes.""",2.0,0.0,46,1.0,false
"""We created a flat tax in the state of Utah.""",1.0,0.0,52,1.0,mostly-true
"""We cut business taxes so today 70 percent of our businesses don't pay a business tax.""",3.0,0.0,51,0.0,mostly-true
"""We cut property taxes by one-third in the state of Texas while I’ve been governor.""",3.8461538461538463,0.3643213074786543,52,1.0,mostly-false
"""We cut property taxes by one-third.""",2.0,0.0,55,1.0,mostly-false
"""We cut property taxes for seniors and our middle class.""",3.0,0.0,52,1.0,mostly-true
"""We cut taxes 24 times.""",4.0,0.0,50,1.0,half-true
"""We cut taxes for 95 percent of working families.""",1.0,0.0,49,1.0,true
"""We did not even have a federal income tax in this country until 1913.""",2.0,0.0,44,0.0,half-true
"""We do know that Romney personally approved over $70 million in fictional losses to the IRS as part of the notorious 'Son of Boss' tax scandal, one of the largest tax avoidance schemes in history.""",4.0,0.0,50,1.0,half-true
"""We do not want to raise anybody's tax rates. That's never been on the table.""",2.0,0.0,46,1.0,mostly-false
"""We enacted the biggest tax cuts and reforms in American history.""",2.0,0.0,49,1.0,false
"""We got [the Quonset Business Park] for free and we’re getting zero dollars out of it into the state coffers … other than the fact that it produces the jobs.""",3.875,0.3349320635285419,40,1.0,half-true
"""We have a governor who's vetoed measures like increasing our minimum wage and restoring the earned income tax cut.""",2.169491525423729,0.3784060204413424,59,1.0,mostly-true
"""We have a tax code that allows groups to use their political operations within the tax code, under the guise of a charity, to use undisclosed millions of dollars to do political campaigns.""",2.0,0.0,50,1.0,mostly-true
"""We have cut taxes more than 40 times in four years.""",3.46875,0.5070073486774165,32,1.0,half-true
"""We have one of the most expensive General Assemblies, per capita, in the entire country.""",2.0,0.0,43,1.0,true
"""We have provided at least 16 tax cuts to small businesses.""",1.0,0.0,43,1.0,mostly-true
"""We have ten different tax brackets and if you’re making $9,000, you’re already in the top tax bracket.""",2.0,0.0,54,1.0,false
"""We have the highest (corporate tax rates) in the world right now.""",1.0,0.0,54,1.0,mostly-true
"""We have the highest corporate income tax in the world right now.""",1.0,0.0,55,1.0,mostly-true
"""We have the highest corporate tax rate in the world. It’s 35 percent.""",1.0,0.0,40,1.0,true
"""We have the highest per-pupil cost in the country.""",1.0,0.0,48,1.0,mostly-true
"""We have the highest tax rate anywhere in the world.""",1.0,0.0,50,1.0,false
"""We have the lowest beer tax in the nation.""",1.0,0.0,52,1.0,false
"""We have the lowest corporate tax rate since 1968.""",2.0,0.0,48,1.0,true
"""We have the most progressive tax system in the country, right here in Vermont.""",3.0208333333333335,0.1443375672974065,48,1.0,mostly-false
"""We have the second highest corporate tax rate among our trading partners.""",1.0,0.0,59,1.0,mostly-true
"""We know that tax cuts are remarkably un-stimulative when you compare them with different kinds of government spending.""",2.0,0.0,56,1.0,half-true
"""We lowered the business tax from 4 percent down to 1 percent.""",1.0,0.0,53,1.0,half-true
"""We now have about one-third of New York’s population on Medicaid.""",1.0,0.0,58,1.0,true
"""We offer a tremendous amount of low calorie, no calorie options, like waters, unsweetened products, low calorie diet items. All of which unfortunately are taxed by this tax.""",2.0,0.0,54,0.0,pants-fire
"""We passed without, frankly, the help of the Republican caucus, we passed 25 tax cuts last year, mostly aimed at the middle class and small businesses.""",1.0,0.0,47,1.0,true
"""We see a quarter-billion dollars in a pension fund that needs to be funded at $1.2 billion.""",2.1538461538461537,0.3643213074786544,52,1.0,mostly-true
"""We spend half a trillion dollars a year in tax preparation.""",4.0,0.0,36,1.0,mostly-false
"""We spend in tax loopholes annually $1.1 trillion. That's more than we spend on our defense budget in a year, on Medicare or Medicaid in a year.""",2.0,0.0,49,0.0,mostly-false
"""We were able to provide $428 million worth of property tax relief.""",2.180327868852459,0.38765090486637044,61,1.0,mostly-true
"""We will have the highest general revenue in state history next year. Conservative pro-growth policies work in our state.""",4.0,0.0,53,1.0,mostly-false
"""We will not ask for a tax increase to run city government.""",3.938775510204082,0.24222607082590245,49,0.9387755102040817,mostly-true
"""We wiped out a $3.6 billion deficit without raising taxes.""",1.0,0.0,52,1.0,half-true
"""We worked together to enact ... the largest tax cut in Florida history.""",1.0,0.0,58,1.0,false
"""We're the highest developed nation taxed in the world.""",2.0,0.0,58,1.0,false
"""We're the highest taxed nation in the world.""",1.1428571428571428,0.3541688016605732,42,1.0,false
"""We've cut taxes 50 times and look what has happened to our revenues. They've grown.""",4.0,0.0,56,1.0,mostly-true
"""We've got a personal tax system that's so complicated it costs Americans about $500 billion a year to comply with the current tax code.""",1.1458333333333333,0.3566739576374166,48,1.0,mostly-false
"""We've got about $3 trillion in trapped cash overseas that basically can't come back in this country because of our tax laws.""",1.0,0.0,39,1.0,mostly-true
"""We've got more revenue than we ever have.""",1.0,0.0,45,1.0,false
"""We've got the highest corporate tax rate in the world.""",3.0,0.0,53,1.0,mostly-true
"""Western New Yorkers pay some of the highest property taxes in the state.""",2.0,0.0,55,0.0,half-true
"""We’re spending $12,000 bucks a kid a year in the school system.""",1.0,0.0,58,1.0,true
"""We’re taxing our small businesses now at rates higher than corporations.""",1.1923076923076923,0.3979585917202717,52,1.0,mostly-false
"""We’re the most highly taxed nation in the world.""",1.0,0.0,48,1.0,false
"""We’re the seventh highest taxed state in America. And that’s not just state, it’s local as well.""",1.0,0.0,48,1.0,false
"""We’re trailing every other state in the Midwest in terms of job creation since January of 2011.""",1.0,0.0,57,1.0,half-true
"""We’ve cut taxes 75 times, cut $7.5 billion worth in taxes, and as a result we’ve added over 1.3 million jobs.""",3.849056603773585,0.36141955244320106,53,1.0,half-true
"""We’ve got 115,000 miles of roads in this state and 90% is owned by the locals.”",2.088888888888889,0.28779903201415186,45,1.0,true
"""We’ve seen property taxes go down for the first time in 12 years on a median valued home.""",1.0,0.0,51,1.0,mostly-true
"""What happens is people like Warren Buffett — and he says this himself...pay 15 percent on the millions of dollars that they earn from wealth income... while their secretary is paying a higher rate on her work income. It's not right.""",3.0,0.0,50,1.0,true
"""When I left the Senate, we were on a trajectory towards a balanced budget.""",2.0384615384615383,0.1941839093451544,52,0.038461538461538464,half-true
"""When I was Mayor of South Pasadena, we actually reduced the property taxes we collected.""",2.0,0.0,50,1.0,mostly-false
"""When Jim Doyle was governor and Mary Burke was commerce secretary,"" Wisconsin saw ""billions in middle-class tax hikes on nursing home beds, gas, phones and garbage.""",1.0,0.0,48,1.0,false
"""When Nancy Nusbaum was Brown County executive, spending went up nearly 50 percent.""",1.0,0.0,53,1.0,mostly-true
"""When career politician Daniel Webster became speaker of the House, he wasted $32,000 of our money on a spiral staircase for his office.""",4.92,0.27404751561786966,50,1.0,mostly-true
"""When the Fair Tax becomes law, it will be like waving a magic wand releasing us from pain and unfairness.""",1.0,0.0,49,1.0,false
"""When the auto industry was going under, car parts companies like"" Johnson Controls ""begged taxpayers for a bailout, and they got one.""",1.0,0.0,44,1.0,half-true
"""When we got the income tax in 1913, the top rate was 7 percent. By 1980, the top rate was 70 percent.""",1.0,0.0,52,1.0,true
"""When we lower tax rates, we generate more in revenues. That happened in '86 with the Reagan plan, happened in 2001, following the Bush plan.""",1.0,0.0,43,1.0,half-true
"""When you add a dollar value to mandates,"" government took almost 50 percent ""of the American people’s money.""",2.0,0.0,50,1.0,mostly-false
"""When you look at all the state and local taxes we pay in Wisconsin, the wealthiest 1 percent pay the lowest overall tax rate.""",1.0,0.0,50,1.0,mostly-true
"""When you look at the earned income tax credit, it has about a 25 percent fraud rate. We're looking at $20 billion to $30 billion.""",3.2093023255813953,0.4116250914932712,43,1.0,half-true
"""While Hillary Clinton plans a massive, and I mean massive, tax increase, I have proposed the largest tax reduction of any candidate who has run for president this year, Democrat or Republican.""",2.0,0.0,43,0.0,mostly-true
"""While the country’s economy was battered, nine states with no income tax actually grew jobs from 2001 to 2010.""",3.0,0.0,50,1.0,half-true
"""Why should you get a break for racehorses and not get a break for child care?""",3.3684210526315788,0.4866642633922877,57,0.3684210526315789,mostly-false
"""Wisconsin Republicans have passed multiple billion dollar middle-class tax cuts this year, but each time we have, Governor Tony Evers has vetoed the relief.""",3.0,0.0,46,1.0,mostly-true
"""Wisconsin does not have a deficit. Thanks to Republican reforms, the 2014 budget will begin with a $443 million surplus.""",1.0,0.0,46,1.0,half-true
"""Wisconsin is one of the highest taxed states in the nation.""",1.9361702127659575,0.24709224814516542,47,1.0,half-true
"""Wisconsin's still one of the highest-taxed states in the country.""",1.0,0.0,50,1.0,mostly-false
"""Wisconsin’s state budget is almost twice as large per person as the state budget of Texas, and even after billions in tax cuts, Wisconsin’s working families and businesses remain subject to a heavy tax burden.""",1.0,0.0,55,1.0,mostly-true
"""With the tax controls we already put in place, property taxes on a typical home in December of 2014 will actually be lower than they were in December of 2010.""",1.0,0.0,50,1.0,mostly-true
"""With this plan, the typical family of four will save $1,182 a year on their taxes.""",3.0,0.0,56,1.0,half-true
"""Without representation, (the IRS) can increase taxes.""",1.0,0.0,44,1.0,pants-fire
"""You can fill out your tax return in Estonia online in five minutes.""",2.0,0.0,49,1.0,true
"""You cannot build a little guy up by tearing a big guy down -- Abraham Lincoln said it.""",1.0,0.0,47,0.0,pants-fire
"""You can’t raise taxes in Ohio. We are one of the highest taxed states in the country.""",1.0,0.0,52,1.0,half-true
"""You don’t see Norway losing population, and its taxes are astronomical.""",2.24,0.4314191105869,50,1.0,mostly-true
"""You know what Amazon paid in federal income taxes last year? Zero.""",3.4468085106382977,0.5025375018797699,47,1.0,true
"""You will learn more about Donald Trump by going down to the Federal Elections"" to see the financial disclosure form than by looking at tax returns.",2.0,0.0,57,1.0,false
"""You worked hard for your money and you paid your taxes when you earned it. Now, (Indiana Republican congressional candidate) Todd Young wants to tax it again when you spend it.""",1.9607843137254901,0.19603921176392136,51,1.0,half-true
"""You've got a building in the Cayman Islands that supposedly houses 12,000 corporations. That's either the biggest building or the biggest tax scam on record.""",1.0,0.0,44,1.0,half-true
"""Your family"" will pay $2,500 ""after Kara Eastman eliminates your tax cut.""",2.0,0.0,52,1.0,false
"""[E]xcise tax increases drive commerce across state lines.""",1.0,0.0,51,1.0,mostly-true
"""[Eighty-five percent] of the funds collected in each county will be redistributed elsewhere -- not spent in the county in which it is collected.""",1.0,0.0,57,1.0,false
"""[O]ver 200,000 ordinary citizens were given the opportunity to identify projects they preferred.""",1.7884615384615385,0.4123837191561249,52,1.0,true
"""[R]emember, the president proposed eliminating charitable deductions for higher-income taxpayers.""",1.0,0.0,53,1.0,false
"""‘TrumpCare’ would allow insurance execs to personally make millions off your health care.""",1.0,0.0,47,1.0,mostly-false
"$65 billion ""would be added to the deficit if we keep the cuts for people on the highest incomes.""",1.0,0.0,47,1.0,mostly-true
"A ""Delta Force” seized a shipment of weapons headed to the IRS.",1.0,0.0,53,0.0,pants-fire
"A ""legacy of taxing and borrowing … crippled the economy we inherited two years ago.""",3.173076923076923,0.3820047143818447,52,1.0,false
"A ""real result"" of his term is Georgia having ""the lowest taxes per capita of any state.""",2.0,0.0,50,1.0,mostly-false
"A $10 million fire fee proposal in St. Petersburg was ""inspired"" by Gov. Rick Scott.",1.0,0.0,62,0.0,pants-fire
A $5-a-night hotel/motel tax that’s part of the transportation bill will hurt Georgia’s convention business by adding extra costs for large groups coming to the state.,1.0,0.0,53,1.0,mostly-true
A 5-cent charge on paper bags is a tax.,4.169811320754717,0.37906002450412546,53,1.0,false
"A 50-50 public-private split for paying for a new Milwaukee Bucks arena would ""be much better -- in terms of the portion of the public financing -- than most of the other arena projects done around the country.""",1.0,0.0,44,1.0,true
"A Democratic bill negotiated between Sens. Joe Manchin and Chuck Schumer would ""increase taxes on millions of Americans across every income bracket.""",4.188679245283019,0.39499774943783894,53,1.0,half-true
"A bill backed by Sean Duffy and other House Republicans ""could actually require the Internal Revenue Service to conduct audits of rape victims"" who get an abortion.",1.0,0.0,51,1.0,false
"A bill to aid state and local governments ""is fully paid-for by closing costly corporate tax loopholes.""",2.0,0.0,45,1.0,mostly-false
"A bill to eliminate Delta Air Lines’ jet fuel tax breaks ""violates federal law and puts the state at risk of losing critical funding from the Federal Aviation Administration.""",1.0,0.0,51,1.0,true
"A bipartisan payroll tax cut championed by the White House has meant that ""the average family has an extra $1,000 in their pocket"" this year.",2.0,0.0,47,1.0,mostly-true
A hidden provision in Obamacare taxes sporting goods as medical devices.,1.2692307692307692,0.44788761788017445,52,1.0,pants-fire
"A monthly ""police and fire protection fee"" on all Wisconsin phone bills does nothing to support police and fire.",1.2,0.4040610178208844,50,1.0,false
"A new Democratic law “will make the IRS workforce larger than the Pentagon, FBI, State Department, and Customs and Border Patrol, combined.”",2.0,0.0,48,1.0,mostly-false
"A new federal program provides subsidized ""Obama phones"" with 70 free minutes of cell phone service every month.",2.0,0.0,55,1.0,mostly-false
"A poll taken ""a few months ago"" found ""70 percent approval or higher"" for the Act 10 collective bargaining law.",1.0,0.0,53,1.0,false
"A private school tax break in the Wisconsin state budget is ""the most generous in the nation.""",1.0,0.0,54,1.0,half-true
"A proposal to reduce the deficit ""involved large tax cuts for the top bracket.""",2.0,0.0,34,0.0,half-true
"A proposed revenue smart cap ""gives Floridians a voice, requiring a 60 percent vote by citizens in order to impose a new tax, fee, license, fine, charge or assessment.""",2.0,0.0,44,1.0,false
"A tax plan promoted by North Carolina Senate candidate Thom Tillis will ""overwhelmingly benefit the wealthy.""",3.1186440677966103,0.3261449731971787,59,1.0,mostly-true
"A three-cents-per-ounce soda tax in Philadelphia ""would result in the loss of 2,000 family-sustaining Teamster Union jobs and countless other jobs in the beverage industry.""",1.0,0.0,49,1.0,false
"A transaction tax in countries like the UK ""didn't affect their financial markets at all.""",2.979591836734694,0.14285714285714288,49,1.0,mostly-false
"Abigail Spanberger ""wants a tax increase of $32 trillion - that’s with a `T,’ to pay for her socialist health care plan.""",2.0,0.0,60,1.0,false
Abigail Spanberger and other Democrats “voted to spend public funds on their political campaigns; up to $5 million...”,3.9482758620689653,0.22340379562211252,58,1.0,half-true
"According to ""independent experts,"" Donald Trump's tax plan ""would blow up the debt by over $5 trillion and would in some instances disadvantage middle-class families compared to the wealthy.""",2.0,0.0,55,1.0,true
"According to David Cay Johnston, ""the average American pays about 22 percent of their income to federal taxes. The richest 400 Americans … pay about 16 percent of their income to federal taxes.""",1.0,0.0,57,1.0,half-true
"After Ronald Reagan cut taxes in 1981 the U.S. enjoyed ""exponential growth.""",1.0384615384615385,0.19418390934515437,52,1.0,mostly-false
"After actions by Gov. Scott Walker and Republicans, Wisconsin ""is dead broke.""",1.0,0.0,49,1.0,pants-fire
"After enactment of the Republican tax bill, ""school teachers can no longer deduct the cost of their classroom supplies on their taxes.""",1.8363636363636364,0.37335497772755005,55,1.0,false
"After merging with Tim Hortons of Canada, Burger King is ""not moving. … Our headquarters will remain in Miami"" and ""(we) will continue to pay all of our federal, state and local U.S. taxes.""",3.0,0.0,51,1.0,half-true
"After the Tax Cuts and Jobs Act, ""the typical American worker’s pay growing at more than 3 percent a year, record low unemployment.""",3.0,0.0,48,1.0,half-true
"Allowing all Bush income tax cuts to expire on Dec. 31 ""will amount to the largest tax increase in the history of America.""",2.869565217391304,0.3405026123034994,46,0.8695652173913043,mostly-false
"Amazon has a ""no-tax monopoly.""",1.1,0.30304576336566325,50,0.0,pants-fire
"Americans spend ""6.1 billion hours a year"" on tax preparation.",2.0,0.0,48,1.0,true
Americans spend 6.1 billion hours a year complying with tax law. It costs us $163 billion to comply with our tax laws annually.,1.0,0.0,51,1.0,true
Americans spend more than $160 billion and 6 billion hours per year complying with the tax code.,1.0,0.0,46,1.0,true
"America’s federal business tax rate is the highest ""in the world.""",3.0,0.0,47,1.0,mostly-true
"Any state tax law has to start in the House and the renewal of the state hospital bed tax this year started in the Senate, which is unconstitutional.",2.0,0.0,47,1.0,mostly-false
"Approving the constitutional amendment on Illinois' November ballot “would let the politicians immediately implement their plan to increase taxes on small businesses, farmers and large employers.”",3.2083333333333335,0.41041407908605765,48,1.0,half-true
Arizona U.S. Senate candidate Kari Lake “was against” the child tax credit expansion “when the bill was on the floor.”,4.0,0.0,48,1.0,mostly-false
"As Dane County executive, Kathleen Falk raised property taxes by ""millions of dollars every year"" and approved the second highest increase in the state in 2010.",3.0,0.0,53,1.0,true
"As Tennessee governor, Phil Bredesen ""supported higher taxes on us. Higher gas taxes. Higher sales taxes.""",2.0,0.0,51,1.0,false
"As governor, Maggie Hassan first proposed a $1 billion spending increase.",4.0,0.0,51,1.0,half-true
"As state Commerce secretary, Mary Burke drafted, sponsored and promoted ""budgets that raised taxes by billions, created high structural deficits and raided funds to finance huge spending hikes.""",3.0,0.0,51,1.0,mostly-false
"Austin is ""burdened by the fastest-growing tax increases of any major city in the nation.""",4.0,0.0,49,0.0,false
"Barack Obama ""cut taxes for working families.""",2.0,0.0,49,1.0,mostly-true
"Barack Obama ""wants to nearly double the capital gains tax"" increasing taxes on ""mutual funds, 401(k)s"" for ""policemen, firemen, nurses.""",1.0,0.0,49,1.0,half-true
"Barack Obama and the Democrats have ""proposed a tax for not having health insurance.""",3.709090909090909,0.4583677673015525,55,1.0,true
"Barack Obama promises higher taxes on ""the sale of your home.""",1.0172413793103448,0.13130643285972252,58,1.0,mostly-false
"Barack Obama said ""people making less than $250,000 would benefit from his plan"" then said ""if you're a family making less than $200,000, you'll benefit.""",2.0588235294117645,0.23763541031440188,51,1.0,mostly-true
"Barack Obama supports plans to raise ""income taxes ... payroll taxes.""",1.0,0.0,59,1.0,half-true
"Barack Obama wants to ""restore"" the estate tax that George W. Bush ""repealed.""",1.0,0.0,52,1.0,false
"Because of Democratic tax hikes, New Jersey ended a decade with fewer private sector jobs for the first time in recorded history.",3.6818181818181817,0.4711552981879442,44,1.0,mostly-false
"Because of Gov. Scott Walker’s budgeting, a greater percentage of general fund tax dollars is ""going to pay off debt than ever before in our history.""",1.0,0.0,50,1.0,half-true
"Because of a local version of Amendment 4, ""the taxpayers of St. Pete Beach have had to pay hundreds of thousands in legal bills.""",1.0,0.0,41,1.0,true
Ben Unger supported a 15 percent property tax increase on Oregon seniors.,1.0,0.0,42,1.0,half-true
"Bernie Sanders’s plan is ""to raise your taxes to 90 percent.""",2.0,0.0,50,0.0,pants-fire
Between 40 and 50 percent of tax filers do not owe any income tax.,1.981818181818182,0.1348399724926484,55,1.0,mostly-true
"Bill Heller ""raises taxes. Property taxes. Small business taxes. He even wants to tax the Internet. Mr. Heller said no to balancing the federal budget, that puts more debt on our kids.""",2.8780487804878048,0.33129457822453956,41,1.0,mostly-true
"Bill Nelson ""leased land that he owned for six cows, taking advantage of an agricultural tax loophole to dodge $43,000 in taxes just last year.""",2.0357142857142856,0.1872563351797078,56,0.0,half-true
"Bing Energy said it decided to move to Florida because of Gov. Rick Scott’s ""plan to eliminate the corporate tax.""",1.0,0.0,59,1.0,half-true
"Boston is just 60 minutes away and it’s offering subsidies to developers who can charge higher rent than you can get in Providence while construction costs are more or less equal. As a result, the Boston skyline ""is completely dominated by the cranes.""",3.0,0.0,54,1.0,true
Brookhaven homeowners pay hundreds of dollars less in property taxes compared with owners of the same-value homes in unincorporated DeKalb County.,1.0,0.0,59,1.0,half-true
"By releasing only basic tax information, former U.S. Congressman Nathan Deal is ""hiding more than he's disclosed"" about his business dealing with the state.",1.0,0.0,48,1.0,half-true
"Cal Cunningham ""voted for over $1 billion in new taxes.”",4.0,0.0,43,0.0,true
"California ""is hemorrhaging population.""",4.0,0.0,56,1.0,mostly-false
"California taxes are ""among the highest in the nation.""",2.0,0.0,58,1.0,mostly-true
"California will have the ""highest gas tax in the nation"" once its 12 cent gas tax hike goes into effect.",1.9310344827586208,0.25560859370538297,58,1.0,false
"Californians pay ""the highest electricity bills"" in the nation.",2.0,0.0,61,1.0,false
"California’s proposed tobacco tax ""diverts 82 percent of the new taxes to line the pockets of wealthy special interests like insurance companies who don't have to help even one more patient.""",4.0,0.0,50,1.0,mostly-false
"Capital Metro originally said MetroRail's yearly operating costs would be ""about $2.5 million. Last year ... it cost $13 million to operate.""",3.7758620689655173,0.4206554387917955,58,1.0,half-true
"Charlie Crist ""raised taxes in 2009 and won't rule out raising taxes again.""",4.0625,0.24462302739504074,48,1.0,mostly-true
"Cheri Beasley “backs tax hikes — even on families making under $75,000.”",2.4285714285714284,0.5008703226778093,42,1.0,mostly-false
"Chris Christie ""has not increased the taxes on anyone.""",2.0,0.0,46,0.0,half-true
"Claims credit for food tax reductions that ""previous Democrat regimes refused to make.""",2.0,0.0,54,0.0,pants-fire
Cobb is one of the largest school systems (in the nation) that is debt free.,1.0,0.0,63,1.0,true
"Coca-Cola’s CEO ""said he finds it easier to do work in China than in the United States.""",1.0,0.0,54,1.0,half-true
"Congressional Republicans ""want to take health care from millions of Americans in order to pay for"" a tax bill.",3.0,0.0,52,1.0,half-true
"Corporate tax holidays pushed by Presidents John F. Kennedy and George W. Bush brought ""billions"" of dollars back into the United States.",1.0,0.0,44,1.0,half-true
"Cranston's 2014-2015 ""budget funds 100 percent of the local police and fire pension and other retiree benefit costs.""",4.0,0.0,50,1.0,mostly-true
"Dan Gecker voted to ""double vehicle registration fees, costing (Chesterfield) county residents over $6 million annually.""",3.0,0.0,48,1.0,false
"Dan McCready ""did admit he opposes middle class tax cuts.""",2.0,0.0,52,1.0,false
"Dan Patrick ""called for increasing the gas tax and the state sales tax.""",3.979591836734694,0.14285714285714288,49,1.0,mostly-true
"Dan Patrick ""got caught not paying his taxes"" and ""pocketed his employees’ payroll taxes.""",4.0,0.0,59,1.0,half-true
"Dave Brat ""worked on Democrat Gov. Tim Kaine’s Council of Economic Advisors while Kaine tried to raise our taxes by over $1 billion.""",4.0,0.0,45,1.0,mostly-true
"David Beckham’s soccer stadium would get a ""special tax deal that lets them off the hook for $2 million in taxes every year for 30 years.""",3.0,0.0,52,0.0,mostly-true
"David Dewhurst has a ""record of promoting an income tax.""",3.888888888888889,0.31782086308186414,45,0.0,pants-fire
David Perdue said he’d raise taxes.,1.0,0.0,49,1.0,half-true
"Deficit spending ‘exploded during the Obama administration’ to $5.3 trillion over four years, compared to $2 trillion in eight years under President George W. Bush.",1.0,0.0,42,1.0,mostly-true
"Delaware Democratic Senate candidate Chris Coons ""thought that a 911 call should be taxed.""",2.0,0.0,49,1.0,mostly-false
"Democratic tax hikes led $70 billion of wealth to leave New Jersey between 2004 and 2008, and mainly relocate to Florida, North Carolina, Virginia and Pennsylvania.",2.0,0.0,56,1.0,mostly-false
Democrats do not have a plan for extending the Bush tax cuts.,1.7708333333333333,0.42474439539379416,48,1.0,false
"Democrats on the House Ways and Means Committee weren’t ""even entitled to bring an expert witness on any aspect of the tax code that affects 100 percent of our economy.""",3.9056603773584904,0.2950978288503027,53,1.0,half-true
"Democrats plan to keep student loan interest rates low  ""by raising taxes on small businesses, very small businesses … the kinds of small businesses that give jobs to graduates.""",2.0,0.0,51,1.0,false
Democrats say Chafee wants to tax equipment that enables amputee veterans to drive,2.877551020408163,0.5257000515671337,49,1.0,true
Democrats “want to tax your retirement funds to pay for their new trillion dollar power grab.”,2.0,0.0,45,1.0,mostly-false
Did not vote for tax increases as a member of the West Miami City Commission.,1.0,0.0,50,1.0,false
"Donald Trump “proposed when he was president” that “he wanted to raise the gas tax up to 25 cents.""",3.0232558139534884,0.15249857033260467,43,1.0,mostly-false
"During the Reagan era, ""the richest Americans had their top income tax rate cut in half.""",3.0,0.0,49,1.0,mostly-true
"During the three times the top marginal tax rates were lowered in the 20th century, ""revenues actually went up while the economy improved in America.""",2.0,0.0,47,1.0,mostly-false
"Each Georgia taxpayer would have to send $5,000 to the treasury to cover the state’s debt.",2.511111111111111,0.5055250296034367,45,1.0,mostly-false
"Economic Development Commission Executive Director Keith Stokes ""sent me a letter and he said the taxpayers will never be on the hook for these bonds"" for 38 Studios.",2.183673469387755,0.3912303982179759,49,0.0,true
"Ed Gillespie’s 2006 book ""promoted an individual health care mandate, and recommends that it be enforced by the IRS through the income tax code.""",2.1538461538461537,0.36432130747865443,52,1.0,mostly-true
Eighty percent of the school tax bills in the state of Pennsylvania went up over last year.,3.159090909090909,0.36998942902446824,44,1.0,half-true
"Electric car sales in Georgia have dropped dramatically since a $5,000 tax credit was eliminated and a $200 annual registration fee was imposed July 1.",2.0,0.0,46,1.0,true
"Ending the estate tax would ""protect millions of small businesses and the American farmer.""",1.975,0.15811388300841908,40,0.0,pants-fire
"Even a 100 percent tax on millionaires would only fund four months of government operations, failing to seriously address budget deficits and debt.",1.0,0.0,50,1.0,half-true
"Even high estimates for an early draft of the health care plan are ""less than the $1.8 trillion cost of the Bush tax cuts.""",1.0,0.0,61,1.0,mostly-true
"Every general City of Milwaukee employee ""pays toward his or her pension, but approximately 88 percent of our police officers and firefighters do not.""",1.0,0.0,49,1.0,mostly-true
"Every illegal immigrant ""can be eligible for up to $36,000 to $38,000 in earned income tax credits without paying a dime in.""",2.0,0.0,42,1.0,false
"Except for Virginia, ""the other 49 states keep raising their gas tax.""",3.05,0.2207214278631523,40,0.0,pants-fire
"Experts say the property tax ""is the most harmful to economic growth and . . . the sales tax is least harmful.""",2.024390243902439,0.15617376188860602,41,1.0,mostly-false
"Extending current tax rates would ""average more than $100,000 a year to millionaires and even billionaires.""",1.0416666666666667,0.20194093652345885,48,1.0,mostly-true
"Federal spending is ""the highest it's been as a share of our economy in 60 years (and) revenue is the lowest it's been as a share of our economy in 60 years.""",1.0,0.0,46,1.0,true
Film and television productions generated a $6 billion economic impact for Georgia’s economy in the most recent fiscal year.,4.214285714285714,0.4140393356054125,56,1.0,half-true
Finance experts estimate that paying in cash for the $2.5 billion in projects funded by the sales tax saved Gwinnett County more than $1 billion in interest payments.,1.0,0.0,50,1.0,true
"Florida has the ""third most-regressive tax"" structure.",2.6222222222222222,0.49031014715590004,45,1.0,mostly-true
Florida has “the second lowest tax burden per capita in the United States.”,2.0,0.0,52,1.0,mostly-true
"Florida's revenue ""is growing at a faster rate than almost any state in the country.""",2.0,0.0,42,1.0,mostly-false
"For ""the average middle-class family, your taxes today are lower than when I took office.""",2.0,0.0,49,1.0,true
"For middle-class families under the Baucus plan, ""13 percent of what they make could be deducted directly from their paychecks . . . the so-called 'Max Tax.'""",1.0,0.0,50,1.0,half-true
"For people in the top 1 percent for income, ""your effective tax burden is in the low 20s, the lowest it’s been in decades and decades and decades -- lower than somebody who might make substantially less money.""",3.8222222222222224,0.3866457674602808,45,1.0,half-true
"For the new state budget, ""Floridians have sent us $3 billion less of their funding.""",1.0,0.0,45,1.0,false
"Former President Donald Trump ""intends to enact what, in effect, is a national sales tax ... that would raise prices on middle-class families by almost $4,000 a year.""",2.0,0.0,59,0.0,half-true
"Forty aides who serve President Barack Obama ""owe $333,485 in back taxes.""",1.0,0.0,55,1.0,mostly-true
Fox News reported California Gov. Gavin Newsom “will withhold” California’s federal income tax.,1.0,0.0,52,1.0,false
Foxconn “is the largest taxpayer in Racine County.”,3.5384615384615383,0.5033822257076338,52,1.0,true
"Frank Guinta voted to make middle class taxpayers pay over a $1,000 more a year in taxes.",3.0545454545454547,0.22918388365077624,55,1.0,mostly-false
"GOP tax plan ""is better for working, middle-class families"" since ""88% of the tax relief goes to those making $100,000 or less.""",1.0,0.0,51,1.0,half-true
"Gas is under $1 in 13 states, but $2.27 in Pennsylvania, because of the governor.",3.0,0.0,52,1.0,mostly-false
"Geithner's failure to pay self-employment taxes while working for the IMF ""is a mistake that is commonly made for people who are working internationally or for international institutions.""",2.0,0.0,53,1.0,mostly-true
"General Electric ""hasn't really created any jobs in this country, doesn't  pay any taxes, and they're making historic profits.""",1.9148936170212767,0.2820566728469694,47,1.0,half-true
"George Allen's flat tax ""plan would actually shrink revenues further than the Perry (flat tax) plan.""",3.888888888888889,0.31722063428725766,54,1.0,false
"George Allen cast ""the deciding vote"" for the 2003 Bush tax cuts.",1.0,0.0,52,1.0,false
Georgia has some of the highest gas taxes in the Southeast but one of the lowest taxes on gasoline for transportation in the nation.,1.0,0.0,50,1.0,mostly-true
Georgia has the country’s second highest number of fraudulent tax refund claims.,1.0,0.0,57,1.0,half-true
Georgia is one of the 10 most tax-friendly states for retirees.,2.0,0.0,43,0.0,half-true
Georgia lawmakers balanced the budget without raising taxes on residents.,1.0,0.0,41,1.0,mostly-true
"Gov. Chris Christie caused a 4.1 percent increase in property taxes in 2010, marking the highest increase since 2007.",2.0,0.0,58,1.0,half-true
Gov. Kathy Hochul has raised taxes.,4.0,0.0,45,1.0,half-true
"Gov. Maggie Hassan’s budget proposal ""raises taxes on small businesses and increases taxes and fees by $100 million.""",2.75,0.4372373160976031,52,0.0,mostly-true
"Gov. Ron DeSantis raised ""taxes on the middle class by more than $1.5 billion while giving away $624 million to big corporations.""",4.0,0.0,47,1.0,mostly-false
"Gov. Ron DeSantis “signed a $1 billion tax increase on the people of our state, on our consumers, yet gave a $500 million tax break to our corporations.""",3.0,0.0,45,0.0,mostly-false
"Gov. Wolf is trying to implement ""a severance tax that would be financed by Pennsylvania’s working class""",2.8620689655172415,0.3478392380269824,58,1.0,mostly-false
Gubernatorial candidate Maggie Hassan supported 33 tax and fee increases as Senate Majority Leader.,4.0,0.0,48,1.0,half-true
"Gwinnett County government has made ""significant cutbacks in staffing.""",1.0,0.0,58,1.0,half-true
"Half of the proposed federal tax breaks ​""would go to the wealthiest 1 percent.""",3.2033898305084745,0.4059752420236704,59,1.0,half-true
"Harry Reid has voted ""to give special tax breaks to illegal aliens.""",1.0,0.0,56,1.0,false
"Health proposal would create a ""40% tax on health care benefits of middle-class workers.""",1.8043478260869565,0.4010854836782195,46,1.0,mostly-false
"Hedge fund managers ""pay less in taxes than nurses and truck drivers.""",2.0,0.0,56,1.0,false
"Hillary Clinton and Barack Obama want to raise capital gains taxes, which apply to home sales.",2.0,0.0,50,1.0,mostly-false
Hillary Clinton and Barack Obama want to raise taxes on all income brackets.,1.0,0.0,47,1.0,false
"Hillary Clinton and Barack Obama want to raise taxes on dividends, a move that would crash the stock market.",1.9777777777777779,0.14907119849998596,45,1.0,mostly-false
"Historically, the Social Security tax has been assessed on about 90% of U.S. income. Now it captures 83% because there's been such a growth of income among the highest earners.",4.0,0.0,47,1.0,mostly-false
"Huckabee ""was one of the highest taxing governors that we had in this country and rivaling Bill Clinton in terms of the Cato ratings.""",3.0,0.0,40,1.0,mostly-true
"I ""helped pass what, if enacted, would be the largest tax cut in Texas history through the State Senate.""",3.9622641509433962,0.1923802475610973,53,1.0,mostly-false
"I turned ""a $110 million deficit into a $1.6 million surplus for our city.""",3.9555555555555557,0.20840907713999277,45,1.0,mostly-false
"If Austin voters reject Proposition 1, a ""completely new City-run"" criminal background check ""process will cost millions in processing fees, additional staff, and bureaucracy"" with taxpayers getting ""the bill.""",2.816326530612245,0.3912303982179758,49,1.0,false
"If Rhode Island applied a  1-percent sales tax on all items exempt from sales tax, ''the state  would receive an additional $89,376,857.''",1.0,0.0,54,1.0,mostly-true
"If Rhode Island raises the meal and beverage tax to 10 percent, it would be the ""fourth-highest in the nation.""",5.0,0.0,45,1.0,half-true
"If the legislature refuses to expand Medicaid, ""27 states are going to get our money – Virginia taxpayer money – into their states to provide health care for their citizens, paid for by us.""",3.0,0.0,53,1.0,mostly-false
"If the “Big Beautiful Bill” passes, ""hardworking Americans and families will see an average increase in take-home pay of OVER $10,000 per year.""",2.0,0.0,59,1.0,mostly-false
"If the “Big, Beautiful” tax and spending bill doesn’t pass, “there will be a 68% tax increase.”",1.0,0.0,53,1.0,false
"If today's economy was rebounding at the rate of the ""Reagan recovery,"" it would have created the equivalent of 25 million new jobs and raised federal revenue by $800 billion a year.",1.0,0.0,51,1.0,half-true
"If voters agree in November to approve a one-cent sales tax increase, that will give ""Hillsborough County the highest sales tax of all Florida counties.""",5.957446808510638,0.20402970888857877,47,0.9574468085106383,true
"If you don't buy cigarettes at your local supermarket, your grocery bill won't go up a dime. The same is true of the sugary drink tax. If passed, you can avoid paying the tax by not buying sugary drinks.",3.0,0.0,38,1.0,half-true
"In 2001, former Federal Reserve chairman Alan Greenspan ""justified increasing spending and cutting taxes, saying that we didn't really need to pay down the debt.""",3.0,0.0,53,1.0,mostly-false
"In 2004, ""20 percent of U.S. households were getting about 75 percent of their income from the federal government. ... Another 20 percent were receiving almost 40 percent.""",3.0,0.0,56,1.0,mostly-false
"In 2009, ""the state Legislature passed more than $5 billion in tax increases.""",1.0,0.0,45,1.0,false
"In 2009, Democratic Wisconsin state senators ""rammed through a billion-dollar tax hike in 24 hours with no public input.""",1.0,0.0,54,1.0,true
"In April, ""the vast majority will be (filling out their taxes) on a single postcard.""",1.0,0.0,49,1.0,false
"In Florida, “68 to 70% of property tax revenue” is from “second homes, investment properties, commercial properties, Airbnb,” not primary residences.",2.0,0.0,54,1.0,mostly-true
"In Manchester, N.H., gubernatorial candidate Joyce Craig “pushed for a city sales tax. Then, Joyce Craig overrode the tax cap and tried to raise taxes six times.”",3.0,0.0,55,1.0,half-true
"In Virginia ""there has been a billion dollars in surplus over the last three years. The legislature has spent less than 1 percent of that on roads.""",2.0,0.0,53,1.0,false
"In West Virginia, ""personal income tax collections (were) up 14% from 2017.""",2.0,0.0,55,1.0,true
"In Wisconsin, 98 percent of all small businesses will qualify for income-tax relief under my plan, freeing them to expand and create jobs.",1.0,0.0,52,1.0,false
"In Wisconsin’s school voucher program, ""two-thirds of the money"" in the ""tax vouchers"" went to people ""making more than $100,000.""",1.0,0.0,51,1.0,false
"In first week as governor, Tim Kaine ""proposed a nearly $4 billion tax increase, $4 billion, including a tax increase on people earning as little as $17,000 a year.""",3.0754716981132075,0.26667876121581086,53,0.07547169811320754,mostly-true
"In the 1950s,  ""A lot of people got rich — and they had to pay a top tax rate of 90 percent.""",1.0,0.0,44,1.0,mostly-true
"In the 1980s, ""The lowest income people had the biggest gains.""",1.0,0.0,56,1.0,false
"In the 38 Studios deal, ""Wall Street investors took a risk, and went bust.""",4.125,0.33421868239159597,48,0.125,false
"In the House Republican bill, ""70 percent of the tax relief goes to those families making less than 200,000.""",2.0,0.0,45,0.0,half-true
"In the United States, ""we tax our exports and don't tax our imports.""",1.0,0.0,43,1.0,half-true
"In the wake of the Republican-backed tax bill, ""more than 100,000 American workers have already been laid off in 2018.""",2.0,0.0,51,1.0,mostly-false
"Independent analysts ""found that Trump's tax plan, given to the wealthy and big corporations, would rack up $30 trillion in debt.""",3.0,0.0,57,1.0,half-true
"It’s ""typical"" for a presidential candidate to release 10 or 11 years of tax returns.",3.9285714285714284,0.2606611802150066,42,1.0,half-true
Jacky Rosen “said ending taxes on tips would ‘hurt working Nevada families.’”,4.230769230769231,0.42543562981151706,52,0.23076923076923078,false
"Jim Justice “broke his pledge, raised the gas tax.”",3.4583333333333335,0.5035336128708591,48,1.0,false
"Joe Biden and Raphael Warnock  ""are spending $1.5 billion on ‘urban forestry’ and raising taxes on those making under $200k to pay for it.”",2.0,0.0,53,0.0,half-true
Joe Biden wants “to quadruple your taxes.”,1.1666666666666667,0.3766217885773548,48,1.0,false
"John Boehner has called for ""repealing the rest of the stimulus, which would raise taxes on 110 million middle class people.""",1.0,0.0,50,1.0,false
"John Boehner wants to reopen a tax loophole ""that actually rewarded corporations for shipping jobs and profits overseas.""",1.0,0.0,50,1.0,half-true
"John McCain ""is proposing tax cuts that would give the average Fortune 500 CEO an additional $700,000 in tax cuts.""",1.0,0.0,45,1.0,mostly-true
"John McCain ""voted against the Bush tax cuts, both times.""",1.0,0.0,47,1.0,mostly-true
"John McCain ""voted against the tax cuts of 2001 and 2003, wrongly claiming they helped only the rich.""",1.0,0.0,55,1.0,mostly-true
"John McCain offers ""billions in tax breaks for oil and drug companies, but almost nothing for families like yours.""",1.0,0.0,47,1.0,mostly-false
"John McCain wants to ""give oil companies another $4-billion"" in tax breaks.",1.7234042553191489,0.4521507857175268,47,1.0,true
"John McCain will keep the estate tax at 0 percent, the same as it is now.",1.0,0.0,51,1.0,false
"John McCain's tax plan will give no reduction ""for 100-million American families.""",1.0,0.0,50,1.0,half-true
"Jorge Elorza ""wants to impose a municipal income tax.""",2.6,0.49487165930539345,50,1.0,false
"Judithanne McLauchlan ""was part of a group that supports imposing a state income tax on Floridians.""",2.8297872340425534,0.3798826441307215,47,1.0,mostly-false
"Jules Bailey ""was instrumental in creating the Business Energy Tax Credit that let companies like Wal-Mart profit by $11 million while costing the Oregon general fund $33 million.""",3.0,0.0,49,0.0,pants-fire
Kamala Harris’ “plan to tax unrecognized Capital Gains mean(s) if your house goes up in value you will have to pay that Tax Even if you don’t sell your House!”,2.0,0.0,46,1.0,mostly-false
"Kathryn Starkey ""aided and abetted the continued taxation on residents’ properties over 70 percent of the time by seconding motions and voting to keep the millage rate the same.""",1.0,0.0,53,1.0,half-true
"Kathryn Starkey ""joined forces with liberal Democrats on a historic sales tax hike.""",1.0,0.0,53,1.0,false
"Kathryn Starkey ""only attended half of those meetings.""",2.0,0.0,46,1.0,mostly-true
"Kathy Manning got ""$30 million of your tax dollars plus $2.3 million a year"" to build a luxury hotel and parking lot",2.9649122807017543,0.18563715383027585,57,1.0,false
"Ken Cuccinelli would ""take money away from public schools to fund private schools.""",2.933333333333333,0.2515488742932317,60,1.0,mostly-false
"Kim Myers ""voted repeatedly to raise taxes on the people of Broome County, but made millions off of tax savings when her family business relocated its headquarters.""",4.0,0.0,60,1.0,half-true
Lee Zeldin “voted for Cuomo’s Billion Dollar Tax hike and every Cuomo budget.”,4.0,0.0,54,1.0,half-true
Letting the Bush tax cuts expire would raise taxes on small businesses.,2.0,0.0,50,1.0,mostly-false
"Like me, Scott Walker opposed the 1998 transportation bill and the $9 billion of wasteful spending.",1.0,0.0,49,1.0,false
"Loranne ""Ausley's a financial train wreck for taxpayers -- pushing gas taxes, property taxes, taxes on seniors.""",1.0,0.0,43,1.0,false
"Loranne Ausley ""voted six times to tax your savings.""",3.607142857142857,0.4928053803045812,56,1.0,false
"Louisiana is turning down $100 million ""that would require  us to change our unemployment law, that would have actually raised taxes on  Louisiana businesses.""",1.0,0.0,46,1.0,mostly-true
"Louisiana’s film incentives program is so big ""they actually shot an upcoming film initially titled ‘Don’t Mess With Texas’ in New Orleans!""",5.0,0.0,54,1.0,half-true
"Maine Gov. Janet Mills said, “If (President) Donald Trump stops federal funding to Maine, we the people of Maine will take out federal taxes from all paychecks and no taxes will be paid to the federal government.”",1.0,0.0,44,1.0,false
"Marc Molinaro ""has cut taxes, his budget now is lower than it was six years ago"" in Dutchess County",3.076923076923077,0.2699527623995086,39,1.0,half-true
"Marco Rubio's ""economic proposals will add $3.5 trillion to the federal deficit.""",3.826923076923077,0.3820047143818447,52,1.0,mostly-true
"Mark Warner voted for ""nearly $1 trillion in new taxes and $7 trillion in new debt.""",4.6976744186046515,0.4647008111181006,43,1.0,true
"McCain and Bush are millionaires who are ""for tax cuts for millionaires.""",1.105263157894737,0.3110117477759048,38,0.0,mostly-true
McCain supports tax breaks for companies that ship jobs overseas.,2.0,0.0,46,1.0,mostly-false
"McCain's ""plan for the economy is to extend George Bush's tax cuts for billionaires and give a $100-billion additional corporate tax cut.""",1.0,0.0,44,1.0,half-true
"Medicare is ""going broke. The trust fund goes bankrupt in 2026.""",3.0,0.0,56,1.0,mostly-false
"Miami-Dade County is the ""No. 1 donor county in the state.""",4.0,0.0,52,1.0,mostly-false
"Michael Thurmond ""authored major legislation that has provided more than $250 million in tax relief to Georgia’s senior citizens and working families.""",1.0,0.0,56,1.0,true
"Middle-class Americans ""pay a higher tax rate than millionaires and billionaires.""",1.0,0.0,50,1.0,half-true
"Mike ""Martinez has voted to raise taxes and utility rates while ending free bus service for seniors.""",4.0,0.0,40,1.0,mostly-true
"Mike Madigan made a fortune on tax appeals… Saving his friends millions... It’s an inside game played by people like Merry Marwig, Madigan’s hand-picked candidate. When Marwig thought her property taxes were too high she got them lowered at your expense. Saved so much she did it again. Marwig and Madigan: Profiting from the same corrupt system.",2.9565217391304346,0.2061845709423622,46,1.0,mostly-false
"Milwaukee Mayor Tom Barrett ""has held the line on property taxes.""",3.9565217391304346,0.2061845709423622,46,1.0,mostly-false
"Milwaukee has less taxing power than most similar cities and is the only U.S. city of 400,000 or more ""that does not have a sales tax or local income tax.""",3.82,0.38808793449160356,50,1.0,half-true
"Mitt Romney boasts that he is ""proud to be the only major candidate for president to sign the tax pledge. The others have not.""",3.0,0.0,46,1.0,mostly-true
"Mitt Romney has ""proposed cutting his own taxes while raising them on 18 million working families.""",3.0,0.0,54,1.0,mostly-true
"Mitt Romney is proposing a tax plan ""that would give millionaires another tax break and raises taxes on middle class families by up to $2,000 a year.""",4.0,0.0,52,1.0,mostly-true
"Nevada Republicans ""didn’t do one single thing to cut spending"" in 2015.",3.3773584905660377,0.48936438737248444,53,1.0,mostly-false
"Nevada lawmakers ""permanently cut taxes for over 95 percent of Nevada’s businesses.""",2.0,0.0,54,1.0,false
"New Jersey has ""the highest property taxes in the nation and not by a little. They are the highest property taxes in the nation, more than double the national average.""",2.0,0.0,48,1.0,true
"New York has ""among the highest tax burdens of any state in the nation""",2.3555555555555556,0.48409031630826316,45,1.0,true
"New York state has the ""second highest millionaires tax in the nation.""",4.0,0.0,53,1.0,mostly-false
"New tax increases that went into effect on Jan. 1, 2015, ""all passed under the Affordable Care Act, aka Obamacare.""",2.0,0.0,50,0.0,pants-fire
Nikki Haley “raised taxes.”,2.0,0.0,55,1.0,mostly-false
"Obama ""has voted in the United States Senate to increase taxes on people who make as low as $42,000 a year.""",1.0,0.0,60,1.0,mostly-false
"Obama ""said (the individual mandate) wasn't a tax.""",5.0,0.0,50,1.0,true
"Obama ""says he'll raise taxes on electricity.""",1.891304347826087,0.3146963876899777,46,1.0,mostly-false
"Obama creates new tax on Christmas trees, fees get passed on to consumers.",2.5,0.5055250296034367,46,1.0,mostly-false
"Obama plans ""a tax increase for everyone earning more than $42,000 a year.""",1.0,0.0,49,1.0,false
"Obama says McCain went to Bermuda and ""pledged to protect tax breaks for American corporations that hide their profits offshore.""",1.0,0.0,44,1.0,mostly-true
"Obama says he’s ""put forward a specific $4 trillion deficit reduction plan.""",3.1739130434782608,0.38322304651683264,46,1.0,half-true
"Obama unilaterally announced he was delaying employer mandate ""through a blog post by a mid-level bureaucrat at the Department of Treasury.""",4.0,0.0,49,1.0,mostly-true
"Obama would ""experiment with socialism.""",1.0,0.0,48,1.0,pants-fire
"Obama's plan to raise the capital gains tax ""hurts the middle class.""",2.0,0.0,51,1.0,mostly-false
"Obama's tax plan cuts taxes ""for 95 percent of all working families.""",1.0,0.0,45,1.0,true
"Obamacare is a ""massive, massive income redistribution"" with ""$250 billion a year in Medicaid expansion (and) in the subsidy structure that's basically being paid for by people on Medicare, through Medicare cuts, and a lot of tax increases.""",2.8421052631578947,0.3678836036909795,57,1.0,half-true
"Of six Rhode Island tax-credit programs worth about $35 million, ""three companies got 90 percent of that -- CVS and two companies not even located in the state of Rhode Island.""",3.25,0.4372373160976032,52,1.0,true
"Oklahoma teachers ""are the poorest paid teachers in the US, in a state that gives nearly $500 million in tax handouts to energy companies.""",2.0,0.0,55,1.0,mostly-true
"On Foxconn deal, ""3,000 jobs cost #WI taxpayers more than $3 billion in tax giveaways. Break it down: more than $1 million in taxpayer dollars per job.""",1.0,0.0,44,1.0,false
"On Obama, ""The press warns the 'Taxman Cometh.'""",2.0,0.0,49,1.0,mostly-false
"On key issues including taxes, health care, the Green New Deal, abortion, and guns, there is “no daylight between” Bernie Sanders and Joe Biden.",4.0,0.0,40,1.0,half-true
"On tax inversions, the Wall Street Journal ""surprisingly attacked this tax scheme.""",2.0,0.0,39,1.0,false
"On taxes, ""if you go back and look 50 years ago, individuals paid about 7 percent of the total and corporations paid 5 percent. Fast forward 50 years: individuals still 7 percent, corporations (are) down to 2 percent.""",2.0,0.0,53,1.0,mostly-true
"On taxes, President Barack Obama wants to raise ""the top rate to 44.8 percent.""",1.0,0.0,45,1.0,mostly-true
"On the Republican tax plan: ""Unfortunately, the wealthy are, again, not going to do well in this bill""",4.0,0.0,47,1.0,mostly-false
One-third of the economic stimulus package was tax cuts.,1.0,0.0,50,1.0,mostly-true
Oregon has the sixth highest combined death tax rate in the country.,1.0714285714285714,0.259870097418821,56,1.0,mostly-false
"Palin ""inherited a city with zero debt, but left it with indebtedness of over $22-million.""",3.0,0.0,43,1.0,mostly-true
"Passage of Clinton budget bill in 1993 ""led to an enormous flowering of the economy in America.""",1.0,0.0,60,1.0,half-true
"Patrick Rose ""voted to explore a state income tax.""",1.6296296296296295,0.4874382900970034,54,1.0,pants-fire
"Paul Ryan’s budget ""keeps the Obamacare taxes and spending cuts that paid for Obamacare, but then cuts all of the benefits.""",4.0,0.0,47,1.0,mostly-true
"People buy more items during Georgia’s sales-tax holidays, boosting economic activity.",1.7857142857142858,0.41529973223663275,42,1.0,half-true
"People in the top tax bracket, ""these so-called wealthy, most of them are small-business owners.""",3.0,0.0,55,1.0,mostly-false
"Peter DeFazio ""will sneak in a 1 percent tax on all banking transactions.""",1.0,0.0,54,1.0,pants-fire
PolitiFact Oregon gave Rob Cornilles a Pants on Fire for a claim about taxes and fees.,1.7547169811320755,0.4765928909924667,53,1.0,pants-fire
"Potato chips, KitKat bars and Viagra are not taxed in Wisconsin because they are considered ""essential.""",5.0,0.0,46,1.0,true
"Potential Foxconn changes are due to ""the wave of economic uncertainty"" from Evers administration",1.0,0.0,54,1.0,pants-fire
"President Donald Trump signed an executive order to replace the IRS with the External Revenue Service, eliminating tax returns and income tax.",1.0,0.0,50,1.0,false
President Donald Trump’s tax and spending bill “does not add to the deficit.”,1.0,0.0,39,1.0,false
"President Donald Trump’s tax law has “tax breaks for billionaires, permanent; tax breaks for everybody else, expire.”",3.0,0.0,46,1.0,half-true
"President Donald Trump’s tax returns show “what any wealthy person's tax history is, if you can believe it — which is good years and bad years, years of immense taxes and years of almost no taxes at all because you carry over losses.”",2.6444444444444444,0.48409031630826316,45,1.0,mostly-false
"President Joe Biden and Democrats ""send a fortune to Ukraine but nothing for our children.""",2.0,0.0,53,0.0,pants-fire
President Joe Biden “cheated on his taxes and got away with it.”,2.0,0.0,50,1.0,false
"President Joe Biden’s corporate tax rate increase would ""put us in line with other industrial nations.""",2.0,0.0,43,1.0,mostly-false
"President Joe Biden’s infrastructure proposal “is fully paid for. Across 15 years, it would raise all of the revenue needed for these once-in-a-lifetime investments.""",2.0,0.0,43,1.0,mostly-true
"President Obama ""promised"" families making less than $250,000 a year would not see taxes go up, but ""Obamacare raises 18 different taxes.""",2.0,0.0,56,1.0,mostly-false
"President Obama plans to ""impose a tax of at least 23 percent on the Medicare prescription drug benefit for low-income beneficiaries.""",2.0,0.0,45,1.0,false
"President Obama’s health care law says ""when you sell your house now you have to pay a 3.8 percent tax.""",1.4565217391304348,0.5036101551853349,46,0.0,pants-fire
"President Obama’s health-care law will ""add trillions of dollars in debt.""",1.0,0.0,48,1.0,false
"President Trump was ""kicked off"" the California ballot",1.0,0.0,48,0.0,pants-fire
Property tax exemptions can be granted to small businesses that move into Milwaukee County.,1.0,0.0,53,1.0,false
"Property taxes ""are now 18% higher than when (Mark Sharpe) first took office.""",1.0,0.0,50,1.0,false
"Property taxes have ""nothing to do with the state.""",3.0,0.0,43,1.0,half-true
"Providence has ""amongst the highest tax rate(s) in the entire country.""",4.0,0.0,44,1.0,mostly-true
"RNC version of a Hillary Clinton valentine: ""Roses are red, violets are blue, I'll raise your taxes and there is nothing you can do.""",1.0,0.0,48,1.0,pants-fire
"Rand Paul wants ""to end all federal faith-based initiatives, and even end the deduction for religious charities.""",1.0,0.0,51,1.0,mostly-true
"Recommendations for a major tax overhaul for Georgia are an ""overall tax hike.""",1.0625,0.24462302739504083,48,1.0,mostly-false
"Reconciliation was used ""for tax cuts for the rich twice under Bush.""",1.0,0.0,52,1.0,mostly-true
"Rep. Dan Donovan ""voted for Tax Cuts""",4.1454545454545455,0.3558079911965533,55,1.0,mostly-true
"Rep. Paul Ryan’s Medicare plan ""lines the pockets of the private insurance companies,"" increases costs for seniors and does not reduce the deficit.",1.0,0.0,52,1.0,half-true
"Repealing the sales tax on boats in Rhode Island has spawned 2,000 companies, 7,000 jobs and close to $2 billion a year in sales activity.",1.0,0.0,46,1.0,half-true
"Republican leaders said ""no"" to ""tax cuts for 95% of working Americans.""",2.0,0.0,50,1.0,mostly-false
"Republican plan to extend Bush tax cuts ""would double deficit projections going forward for the next couple of decades.""",1.0,0.0,54,1.0,mostly-true
"Republican politicians are pushing a plan ""that could raise taxes on almost one in three Wisconsinites and sunset Social Security and Medicare in five years.""",3.0,0.0,52,1.0,mostly-false
"Republican state lawmakers ""are refusing to give the people of their own states their own tax dollars back in the form of (expanded) Medicaid.""",3.0,0.0,46,1.0,mostly-true
"Republicans ""don't think it's a good idea"" to make the child care tax credit ""stronger.""",3.0,0.0,53,1.0,mostly-false
"Republicans approved 12 times larger tax breaks for ""people making over 350 grand"" than for ""the average middle-class person.""",1.0,0.0,52,1.0,mostly-true
"Research shows the employer mandate in the House health reform bill would ""place millions 'at substantial risk of unemployment' — with minority workers losing their jobs at twice the rate of their white counterparts.""",1.0,0.0,49,1.0,half-true
Residents of New York state “pay the highest taxes in the nation.”,2.0,0.0,43,1.0,mostly-true
"Rhode Island ""didn't ratify the 13th Amendment to the Constitution to pay federal income taxes. So Rhode Island doesn't even have to pay federal income taxes.""",1.0,0.0,46,1.0,pants-fire
"Rhode Island has invested less in tourism, economic development and economic development personnel than four nearby states.",3.9107142857142856,0.28773635118317575,56,1.0,mostly-false
"Rhode Island spends ""52 percent more per capita on human service programs than the national average.""",2.0,0.0,51,1.0,true
Rhode Island spends less than 10 percent of what the average state spends promoting tourism.,2.0,0.0,50,1.0,mostly-true
"Rhode Island's unemployment insurance system ""is the most expensive such system in the country.""",3.0,0.0,54,1.0,false
"Rick Perry ""has advocated abandoning Social Security, scuttling Medicaid and ending the federal income tax.""",1.3725490196078431,0.488294350314459,51,1.0,half-true
"Ron Oakley's ""conservative leadership protected local taxpayers over government bureaucrats"" as the Water Management District’s budget decreased by ""58 percent in the four years he served on the board.""",2.0,0.0,54,1.0,mostly-false
"Ronald Reagan ""raised taxes in 1982, 1984, 1985, 1986 and 1987.""",2.0,0.0,44,1.0,true
"Rubio's tax swap proposal ""would have been a massive tax increase.""",1.0,0.0,46,1.0,false
"Said, ""The Seven Years’ War led to near bankruptcy for many countries; Britain’s need to raise taxes fueled the American desire for independence.""",2.0,0.0,54,1.0,mostly-true
"Say ""in November 2010, voters overwhelmingly supported the idea of creating a (library) district.""",1.0,0.0,51,1.0,half-true
Say Gov. Tony Evers ‘canceled’ the sales tax holiday this year,2.0,0.0,50,1.0,false
"Say that according to the Los Angeles Times, “95% of warrants for murder in Los Angeles are for illegal aliens,” more than two-thirds of all births in Los Angeles County “are to illegal alien Mexicans” on Medicaid, “nearly 60% of all occupants of HUD properties are illegal,” and Nancy Pelosi “wants to put a windfall tax” on retirement fund profits.",2.0,0.0,49,1.0,pants-fire
"Says ""$3 trillion in offshore money... is coming back into the economy"" because of the GOP tax bills.",4.0,0.0,46,1.0,half-true
"Says ""51 percent of federal tax filers paid zero federal income tax.""",1.0,0.0,56,1.0,true
"Says ""80 percent of the tax breaks in"" President Donald Trump’s tax-cut ""proposal go to the top 1 percent, that is, people making more than $730,000 a year.""",3.0,0.0,59,1.0,half-true
"Says ""A baby in Coos County is two times as likely to be born to a mother who is someone who used tobacco during her pregnancy as is the average baby born in Oregon or the U.S.""",2.0,0.0,52,1.0,true
"Says ""Austin has the lowest property tax rate by far of the five major cities in Texas.""",2.0,0.0,56,0.0,half-true
"Says ""Bill Pascrell voted to eliminate all estate taxes for billionaires, and I voted no.""",4.0,0.0,43,1.0,mostly-false
"Says ""Dan McCready wants to repeal tax cuts that saves (sic) you $1,300"" per year.",2.0,0.0,49,1.0,mostly-false
"Says ""Essex County residents suffer the second highest property taxes in the nation.""",2.0,0.0,45,0.0,half-true
"Says ""Every time the Legislature 'suspended' the kicker, most recently the corporate kicker in 2007, Salem spent every penny and failed to stabilize the state's revenues.""",3.7222222222222223,0.4521089644358651,54,0.7222222222222222,mostly-false
"Says ""Having organizations parading as being social welfare organizations and then being involved in the political combat harkens back to why the statute a hundred years ago said that they were prohibited.""",1.0,0.0,50,1.0,false
"Says ""Hillary Clinton has promised to raise taxes by $1 trillion dollars.""",3.0,0.0,43,1.0,half-true
"Says ""I've authored the first bipartisan tax reform bill in a quarter-century.""",2.9272727272727272,0.2620817977022988,55,1.0,mostly-true
"Says ""J.B. Pritzker’s tax plan"" includes a ""new tax per mile you drive with government tracking device.""",2.0,0.0,51,1.0,false
"Says ""Mike Madigan and Kwame Raoul team up to raise property taxes.""",2.0,0.0,57,1.0,mostly-false
"Says ""Mimi Walters raised taxes on middle-class Californians.""",3.5,0.5060608273474739,42,1.0,mostly-false
"Says ""No, I don't benefit, I don't benefit"" from his tax proposal.",2.0,0.0,43,1.0,false
"Says ""Obamacare"" is ""the largest middle-class tax increase in history.""",1.0,0.0,50,1.0,pants-fire
"Says ""One of the state’s largest governments made charging this tax one of their top priorities just this year.""",1.0,0.0,47,1.0,pants-fire
"Says ""President Obama’s proposed oil tax would cost consumers 24 cents a gallon.""",2.0,0.0,62,1.0,mostly-true
"Says ""Rep. Jim Weidner proposed a bill taking away health care for 80,000 of Oregon's children.""",1.0,0.0,46,1.0,true
"Says ""Richard Devlin raised your taxes by $1 billion in a single day.""",1.0,0.0,53,1.0,half-true
"Says ""Tommy Thompson's tax plan amounts to an average tax cut of almost $87,000 for the top 1 percent.""",1.0,0.0,53,1.0,mostly-true
"Says ""a pack-a-day smoker who quits because of the tax increase will save about $1,650 a year.""",2.0,0.0,50,1.0,true
"Says ""at the state level we're spending more on tax expenditures than we are on public safety, health care and education combined.""",3.0,0.0,45,1.0,mostly-true
"Says ""excise taxes are...disproportionately burdening middle- and lower-income consumers.""",2.0,0.0,46,1.0,mostly-true
"Says ""half the Americans don't pay any income taxes.""",1.0,0.0,48,1.0,true
"Says ""how much money the government is collecting from people...in terms of the gross domestic product"" is ""the lowest in 40, 50 years.""",4.0,0.0,42,1.0,mostly-true
"Says ""millions of dollars in tax breaks"" were paid for ""by busting unions, cutting BadgerCare, and raising taxes on the poor and the middle class, thanks to Elizabeth Coggs' help.""",1.0,0.0,51,1.0,pants-fire
"Says ""my plan is a property tax cut.""",2.533333333333333,0.504524979109513,45,1.0,half-true
"Says ""our taxes have doubled"" with Rick Perry in office.",1.0,0.0,43,1.0,pants-fire
"Says ""roughly two-thirds of (state) corporations didn’t pay any income tax in Virginia.""",2.0,0.0,58,1.0,mostly-true
"Says ""tanking"" Rick Perry’s federal tax plan has ""huge tax cuts for rich people and big tax hikes for everyone else.""",3.0,0.0,53,0.0,mostly-false
"Says ""tax revenues are the lowest they have been since World War II.""",1.0,0.0,52,1.0,half-true
"Says ""taxes were raised 115 times in the eight years before I became governor"" and those increases were part of a ""path that led to wealth and jobs and people leaving our state.""",2.0,0.0,43,1.0,half-true
"Says ""the governor is going around the state talking about [how] we should fund an income tax cut"" that benefits higher income earners and not lower income earners",4.0,0.0,54,1.0,false
"Says ""the governor took away a billion dollars of rebates, so in real dollars, our property taxes have gone up 20 percent.""",2.75,0.4372373160976032,52,0.75,half-true
"Says ""the money is in the budget"" to give a tax break to ""everyone,"" including people making more than $1 million.",2.0,0.0,58,1.0,false
"Says ""the typical homeowner will pay $4 more per month"" if library district passes.",1.0,0.0,51,1.0,true
"Says ""there is a plan formulated by Chair (Lynn) Peterson and the cities in Clackamas County to further increase this fee in three years and split it up on projects between the county and cities.""",2.0,0.0,49,1.0,half-true
"Says ""while state leaders have cut funding for our schools and other basic priorities, the amount of money the state is projected to give away through tax breaks increased by a whopping $3.4 billion.""",1.0,0.0,51,1.0,mostly-true
"Says 7,000 millionaires ""gamed the system to pay no income taxes.""",1.0,0.0,48,1.0,false
"Says 70 percent of benefits in Donald Trump’s proposal for child care ""go to the people making over $100,000 a year.""",2.0,0.0,46,1.0,true
"Says Aaron Rodgers ""is not the highest tax rate payer"" in Wisconsin, it's ""the single mom getting 24 grand in benefits with two kids who will lose 80 cents on the dollar if she goes and takes a job.""",1.0,0.0,43,1.0,mostly-false
"Says Adam Hasner ""gives the wealthy tax breaks worth $250,000 a year but hikes middle class taxes $2,000.""",2.9347826086956523,0.24963741822833801,46,1.0,mostly-false
"Says Alabama Senate candidate Doug Jones ""wants to raise taxes.""",2.0,0.0,45,1.0,mostly-false
"Says Alex Sink ""supported higher sales taxes.""",4.0,0.0,47,1.0,mostly-false
"Says Alex Sink supported ""higher property taxes.""",2.9298245614035086,0.2577130964857056,57,1.0,mostly-false
"Says Alex Sink supported ""more taxes on water and TV.""",2.830188679245283,0.37906002450412557,53,0.0,mostly-true
"Says Andrew Gillum ""wants to increase Florida taxes by a billion dollars.""",3.314814814814815,0.4688031358190115,54,0.3148148148148148,mostly-true
"Says Arizona congressional candidate Ray Strauss is ""a ‘Champion of Big Government’ for his votes to raise taxes while on the local city council.""",3.0,0.0,54,1.0,half-true
"Says Austin voters can approve seven bond propositions ""without raising taxes.""",2.6444444444444444,0.4840903163082631,45,0.6444444444444445,half-true
"Says Barack Obama has pension investments that include Chinese firms, and ""investments through a Caymans trust.""",1.0,0.0,52,1.0,mostly-true
"Says Bernie Sanders is going to ""tax you people at 90 percent.""",1.380952380952381,0.49150743499231975,42,0.0,pants-fire
"Says Beto O'Rourke ""voted in favor of a $10 a barrel tax on every barrel of oil produced in the state of Texas.""",2.26,0.44308749769345196,50,1.0,mostly-false
"Says Beto O’Rourke ""voted against"" Hurricane Harvey ""tax relief.""",4.0,0.0,54,1.0,mostly-true
Says Bill Clinton opposes President Barack Obama's plan to raise taxes on wealthy Americans.,1.0,0.0,52,1.0,false
"Says Bill Nelson ""voted to raise our taxes 150 times.""",2.0,0.0,44,1.0,false
"Says Bill Nelson sold agricultural land ""for home development, pocketing at least $1.4 million.""",4.0,0.0,48,1.0,mostly-false
"Says Bill White ""didn't pay taxes while earning $133,600 annual salary as deputy secretary of energy.""",1.0,0.0,56,1.0,false
"Says Bruce Rauner is ""misquoting newspapers to lie about J.B. Pritzker.""",3.0,0.0,46,1.0,mostly-false
"Says CNN's Wolf Blitzer was wrong to say that ""the wealthiest Americans, they pay the most in taxes already -- 50 percent of Americans don't even pay any federal income tax.""",4.836734693877551,0.3734377890799553,49,1.0,false
"Says Cal Cunningham “got a $40,000 tax incentive to update his butler’s pantry.”",4.545454545454546,0.5025189076296058,55,1.0,half-true
"Says California Republican Young Kim is ""a tax cheat"" who ""illegally claimed a $7,000 annual homestead exemption on a house she wasn’t living in,"" had ""multiple tax liens placed on her"" as a result and ""owes over $10,000 in unpaid federal income taxes.""",2.0,0.0,52,1.0,mostly-false
Says California has a top income tax rate of 13.3% “and people aren’t leaving.”,4.0,0.0,46,1.0,half-true
"Says Charlie Bass supports Paul Ryan plan that forces seniors to pay $6,400 a year more for health care so millionaires can pay less in taxes.",3.0,0.0,51,1.0,mostly-false
"Says Charlie Crist ""raised taxes on the middle class"" by $2.2 billion.",2.9523809523809526,0.2155402687045212,42,0.0,mostly-true
"Says Charlie Crist ""was pro-life, pro-gun and vehemently anti-tax.""",4.0,0.0,45,1.0,mostly-true
"Says Chicagoans ""live in one of the most taxed cities and the most taxed county, unfortunately, in the country.""",3.0,0.0,48,1.0,mostly-false
"Says Chris Christie ""inherited the highest taxes in America and the worst unemployment in the region.""",3.1403508771929824,0.3504383220252312,57,1.0,mostly-true
"Says Chris Christie ""instituted an Internet sales tax.""",3.0,0.0,42,1.0,mostly-false
"Says Chris Christie’s plan ""to kick-start our economy"" is to propose an ""income tax cut that disproportionately benefits the wealthy, and...he's still proposing it.""",3.6037735849056602,0.49379311463208464,53,0.0,pants-fire
"Says Clackamas County Measure 3-401 ""will hurt our county, cripple economic growth, and increase our taxes with excessive special elections.""",1.0,0.0,42,1.0,false
"Says Congress gave Wall Street ""trillions of dollars of zero interest loans.""",3.0,0.0,47,1.0,half-true
"Says Congressman Jon Runyan does not want to cut taxes for the middle class, but only for millionaires.",2.0,0.0,58,1.0,mostly-false
"Says Connie Mack takes two homestead exemptions, ""directly contrary to Florida’s Constitution.""",4.142857142857143,0.3535533905932738,49,1.0,mostly-false
"Says Damascus’ disincorporation would produce ""NO significant tax savings.""",1.9090909090909092,0.29012942659282975,55,1.0,false
"Says Daniel Webster ""used taxpayer funds to build a lobbyist lounge.""",4.938775510204081,0.24222607082590242,49,1.0,mostly-false
"Says Democratic challenger for his N.C. House seat ""raised taxes on clothing, school supplies – even baby diapers!""",2.020408163265306,0.1428571428571429,49,0.0,pants-fire
"Says Democratic congressional candidate Tom Malinowski ""supports a full repeal of the 2017 tax law, which includes vital tax incentives"" for New Jersey communities.",3.978723404255319,0.14586499149789456,47,1.0,half-true
"Says Democratic gubernatorial candidate Mary Burke ""has proven on the Madison Board of Education"" that she supports raising taxes and spending.",2.0,0.0,53,1.0,half-true
"Says Democratic legislators this year ""don't want to cut your taxes under any circumstances.""",2.28,0.4535573676110726,50,0.0,pants-fire
"Says Democratic recall opponent Shelly Moore ""opposes any limit on taxes.""",1.0,0.0,50,1.0,mostly-false
"Says Democratic recall opponent Tom Barrett is campaigning on ""lifting property tax"" limits.",1.0,0.0,54,1.0,mostly-false
"Says Democratic state Sen. Jim Holperin ""voted against a property tax freeze"" in 2009 and then voted for a ""$1.5 billion property tax hike.""",3.0,0.0,51,1.0,mostly-false
"Says Democrats raised taxes over 115 times in the past 10 years, ""making New Jersey increasingly unaffordable and chasing jobs to neighboring states.""",3.0,0.0,44,1.0,half-true
"Says Donald Trump ""hasn’t broken his promise"" to release his tax returns.",2.0,0.0,60,1.0,false
"Says Donald Trump’s ""only economic agenda is imposing massive taxes on the American people with a 40 percent tax hike of a giant tariff.""",2.0,0.0,49,0.0,half-true
"Says Donald Trump’s plan to repeal the estate tax would mean the Walmart Walton family would ""get a $53 billion tax break.""",1.0,0.0,42,1.0,half-true
"Says Donald Trump’s proposed tax treatment of hedge fund managers ""makes the current loophole even worse.""",4.0,0.0,44,1.0,true
"Says Donald Trump’s tax plan gives the wealthy and corporations ""more than the Bush tax cuts by at least a factor of two.""",2.0,0.0,50,1.0,true
"Says Donald Trump ""proposes tax cuts, too -- $3 trillion for millionaires like himself and $2 trillion for corporations like his.""",2.923076923076923,0.26906911759852503,52,1.0,mostly-true
"Says Donna Campbell is pushing a 35 percent sales tax extending to medicine, groceries and real estate.",2.0,0.0,53,0.0,pants-fire
"Says Evan ""Jenkins has the same positions on the issues as Joe Manchin: supporting Hillary (Clinton), supporting cap-and-trade, supporting Planned Parenthood, many tax increases.""",4.0,0.0,57,1.0,mostly-false
Says Florida Gov. Rick Scott’s cuts to education are the same as his proposed corporate income tax rate reduction.,1.2608695652173914,0.44396108982135163,46,1.0,mostly-false
"Says Florida has ""the second-lowest taxes, per capita, state taxes of any state in the country.""",2.0,0.0,43,1.0,mostly-true
Says Ford agreed to invest $900 million at an Ohio plant because Donald Trump “lowered taxes” and is now moving the project to Mexico because Joe Biden is “increasing taxes.”,2.0,0.0,50,1.0,mostly-false
Says Fulton County government hasn’t raised its millage rate since 1991.,1.0,0.0,48,1.0,mostly-true
"Says GOP recall challenger Kim Simac ""was delinquent paying her property taxes eight of the last nine years.""",1.0,0.0,56,1.0,true
Says Georgia Democratic Senate hopeful Michelle Nunn supports higher taxes.,3.0,0.0,55,1.0,mostly-false
"Says Glenn Grothman pushed through state tax credits that when phased in, ""someone that owns a factory that produces millions in income"" will pay ""less tax than their nephew would if he worked full time at Taco Bell for minimum wage.""",1.0217391304347827,0.1474419561548971,46,1.0,mostly-true
"Says Gov. Chris Christie has embarked on a tour to ""demand that New Jersey’s Democratic legislature approve an immediate tax cut that would disproportionately benefit the wealthiest.""",4.0,0.0,49,0.0,false
"Says Gov. Chris Christie’s proposal to reduce state income taxes ""would be the second tax cut for the rich by the governor in two years.""",3.96,0.19794866372215736,50,1.0,half-true
"Says Gov. Jeb Bush vetoed the ""Quiñones Plan"" because it was ""taxation without representation on a large scale.""",4.611111111111111,0.4920755681598855,54,1.0,half-true
"Says Gov. Scott Walker ""took away $1.6 billion from schools and handed it off as over $2 billion in tax breaks to the rich.""",1.0,0.0,41,1.0,false
"Says Gov. Scott Walker approved a ""gutting"" of two tax credits that help the poor and elderly.",1.0,0.0,42,1.0,false
"Says Gov. Scott Walker’s budget ""includes tax breaks for corporations and the rich that will cost the state of Wisconsin taxpayers $2.3 billion over the next decade.""",1.0,0.0,47,1.0,half-true
"Says Gov. Tony Evers ""proposed raising taxes on the agriculture industry to pay for expanded welfare programs.""",3.6444444444444444,0.4840903163082632,45,1.0,mostly-false
"Says Gov. Tony Evers ""tried to make us pay even more at the pump by hiking the gas tax.""",3.0,0.0,49,1.0,half-true
"Says Gov. Tony Evers ""wanted to increase your taxes by $1 billion just for heating your homes. Instead, Republicans cut your taxes by more than $2 billion.""",2.8627450980392157,0.347540377115365,51,1.0,half-true
"Says Gov. Tony Evers' budget includes tax and fee increases even while spending ""more on his way to a nearly $2 billion deficit.""",1.0,0.0,49,1.0,half-true
"Says Gov. Tony Evers’ 2021-22 state budget ""increases taxes $1 billion +""",4.0,0.0,44,1.0,mostly-true
"Says Hillary Clinton ""voted to raise taxes on workers earning as little as $41,500.""",2.0,0.0,51,1.0,mostly-false
"Says Hillary Clinton ""wants to raise taxes on African-American owned businesses to as much as nearly 50 percent more than they're paying now.""",2.088888888888889,0.2877990320141519,45,1.0,false
"Says Hillary Clinton's ""plan is going to raise taxes and even double your taxes.""",2.0,0.0,39,1.0,mostly-false
"Says Hillary Clinton's plan ""would tax many small businesses by almost 50 percent.""",2.0,0.0,49,1.0,mostly-false
"Says Jacky Rosen promised ""to repeal middle-class tax cut.""",2.0,0.0,49,1.0,mostly-false
"Says Jeanne Shaheen ""got behind the idea of using the IRS to target American citizens for their political views.""",3.6785714285714284,0.47125144252078643,56,1.0,mostly-false
"Says Jeanne Shaheen ""voted for a measure that would have amounted to a new national energy tax.""",4.98,0.14142135623730948,50,1.0,mostly-false
Says Jeff Stone = Scott Walker.,2.0,0.0,44,1.0,mostly-true
"Says Jennifer Horn, chairwoman of the N.H. Republican Party, owes $92,000 in back taxes.",5.0,0.0,52,1.0,mostly-true
"Says Jim Frishe wanted to ""tax us for doing our taxes"" through an accountant.",3.0,0.0,57,0.0,true
"Says Jim Renacci has ""consistently voted"" for loopholes that ""encourage outsourcing of our jobs.""",1.0,0.0,44,1.0,half-true
"Says Joe Biden and Kamala Harris would raise the federal income tax rate for a person with a bi-weekly gross salary of $3,000 to 39.6%, costing “nearly half your paycheck.”",2.0,0.0,48,1.0,false
Says Joe Biden and Kamala Harris “want massive tax hikes on working families.”,2.0,0.0,56,1.0,false
Says Joe Biden is proposing a tax increase that’s “the largest in American history.”,2.0,0.0,54,1.0,false
Says Joe Biden repeatedly told Americans he's going to raise their taxes.,1.3269230769230769,0.47366546671567095,52,1.0,false
"Says Joe Biden told Americans, ‘If you elect me, your taxes are going to be raised, not cut.”",2.0,0.0,53,1.0,mostly-false
"Says Joe Biden “passed a tax bill that gave us all these privileges for depreciation and for tax credits. We built a building, and we get tax credits like the hotel on Pennsylvania Ave.”",2.0,0.0,42,0.0,half-true
Says Joe Biden “wants to put a 3% annual federal tax on your home.”,1.0,0.0,47,1.0,false
Says Joe Biden’s “capital gains tax means that when you sell your home you’ll owe taxes of 40% of your profit!”,1.0,0.0,47,1.0,mostly-false
Says Joe Cunningham voted for $5 million in taxpayer funds to go into his and other politicians’ campaigns to pay for personal expenses and TV ads.,4.0,0.0,55,1.0,half-true
Says John Boehner changed his position on extending Bush tax cuts.,3.0,0.0,54,1.0,mostly-false
Says John Kitzhaber wants a sales tax so people without jobs pay taxes.,1.0,0.0,48,1.0,pants-fire
"Says Julie Parrish wants to add a sales tax to everything we need to buy including food, clothing, medicine and school supplies.",1.0,0.0,49,1.0,mostly-false
Says Kamala Harris said there will be “a federal tax on your home for reparations.”,1.0,0.0,40,1.0,false
"Says Kelli Ward hosted a town hall on ""chemtrail conspiracy theories"" and is open to sponsoring chemtrails legislation.",3.8085106382978724,0.3977271225536437,47,1.0,mostly-false
"Says Kelly Loeffler supports ""raising taxes on Georgia's middle class.""",2.0,0.0,49,1.0,false
Says Kevin Cramer wants to cut Social Security and Medicare to pay for tax cuts.,2.9318181818181817,0.25497170592935275,44,0.9318181818181818,half-true
"Says Kurt Schrader ""cast the deciding vote that failed to extend tax cuts for Oregon’s middle-class families and small businesses.""",1.0196078431372548,0.14002800840280094,51,1.0,false
"Says LeBron James ""stops paying his Social Security taxes at the beginning of the second quarter of the first game of the season.""",4.0,0.0,56,1.0,mostly-true
"Says Lee Fisher ""wanted a $1.1 billion tax increase which could have driven countless jobs out of state.""",2.0,0.0,48,1.0,half-true
"Says Lee Leffingwell ""raised property taxes 20 percent in three years.""",4.0,0.0,47,1.0,half-true
"Says Maggie Hassan pays zero property taxes on her $500,000 home.",1.4545454545454546,0.5025189076296062,55,0.45454545454545453,mostly-false
Says Mandela Barnes “supported a 20% increase in the gas tax.”,3.0,0.0,44,1.0,half-true
"Says Marco Rubio is proposing a new $1 trillion ""welfare program"" in tax credits and ""$1 trillion in new military spending.""",1.3777777777777778,0.49031014715590004,45,1.0,mostly-true
"Says Marilinda Garcia supports ""$150 billion in new taxes.""",4.0,0.0,53,0.0,pants-fire
"Says Mark Hass ""raised your taxes by $1 billion in a single day.""",2.0,0.0,44,1.0,half-true
"Says Mary Burke's ""2007-'09 state budget had a tax hike of $1.8 billion -- costing every man, woman and child in the state an extra $310.""",1.0,0.0,44,1.0,false
Says Matt Bevin has repeatedly failed to pay his taxes.,4.0,0.0,53,1.0,mostly-false
Says Merrick Garland is investigating Donald Trump’s “tax evasion case.”,1.0,0.0,50,1.0,false
"Says Mike Bloomberg “opposed modest proposals during Barack Obama’s presidency to raise taxes on the wealthy, while advocating for cuts to Medicare and Social Security.”",3.0,0.0,47,0.0,mostly-false
"Says Mike Gallagher’s plan ""would cut Social Security benefits for two-thirds of seniors.""",1.0,0.0,49,1.0,half-true
"Says Milwaukee County elected officials drive around in luxury cars ""on your dime.""",2.021276595744681,0.14586499149789456,47,0.02127659574468085,mostly-false
"Says Milwaukee Mayor Tom Barrett is responsible for the roughly $7,800 ""I pay in property taxes per year.""",1.0,0.0,52,1.0,false
"Says Mitch McConnell voted ""three times for corporate tax breaks that send Kentucky jobs overseas.""",2.16,0.3703280399090206,50,1.0,mostly-false
"Says Mitt Romney ""has a corporation in Bermuda (but) failed to disclose that on seven different financial disclosures.""",3.0,0.0,52,1.0,true
"Says Mitt Romney ""paid only 14 percent in taxes — probably less than you.""",4.0,0.0,50,1.0,half-true
"Says Mitt Romney ""pays less tax than the guys who installed his car elevators.""",3.977777777777778,0.149071198499986,45,1.0,half-true
"Says Mitt Romney belittled middle-class tax cuts ""as nothing more than 'little Band-Aids.' """,3.896551724137931,0.30720329701800014,58,0.896551724137931,mostly-false
Says Mitt Romney did not pay taxes for 10 years.,2.0,0.0,52,0.0,pants-fire
Says Mitt Romney flip-flopped on a taxpayer protection pledge.,4.188679245283019,0.39499774943783894,53,1.0,true
"Says Mitt Romney had millions in the Cayman Islands, a tax haven.",2.94,0.23989793748209523,50,1.0,true
"Says Mitt Romney has put forward a plan ""that would cut taxes for millionaires while raising them for the middle class.""",3.0,0.0,52,1.0,half-true
"Says Mitt Romney is proposing a ""tax cut that gives an average of $250,000 to every millionaire in this country.""",2.0185185185185186,0.13608276348795434,54,1.0,true
Says Mitt Romney raised business taxes 20 percent in Massachusetts.,3.1923076923076925,0.3979585917202716,52,0.19230769230769232,mostly-true
"Says Mitt Romney said at a January 2012 debate that under Paul Ryan’s tax plan, ""I’d have paid no taxes in the last two years.""",2.0,0.0,51,1.0,mostly-false
"Says Mitt Romney's plan ""calls for a $5 trillion tax cut.""",3.0,0.0,53,1.0,half-true
"Says Mitt Romney’s carried interest income was a tax ""trick.""",3.0,0.0,58,1.0,mostly-false
"Says Mitt Romney’s tax plans would ""give an additional $250,000 tax cut to millionaires and billionaires"" while raising taxes on the middle class.",1.0,0.0,54,1.0,half-true
"Says Multnomah County libraries ""are open 44 hours per week … the lowest of any library in the four-county region.""",1.0,0.0,49,1.0,true
Says Nancy Pelosi’s coronavirus bill includes “tax credits for solar and wind energy … retirement plans for community newspaper employees … $300 million for PBS … climate change studies” and more.,2.0,0.0,55,0.0,mostly-true
Says New Hampshire had the fourth-lowest unemployment rate in the country during Maggie Hassan’s time in the state Senate.,2.0,0.0,52,0.0,half-true
Says New Hampshire has the third-highest property tax in the country.,2.0,0.0,53,1.0,true
"Says New Jersey is ""50th in return of our federal tax dollars.""",4.0,0.0,50,1.0,mostly-true
Says Nick Kahl made it harder for many families to cover basic health care expenses.,4.0,0.0,46,1.0,mostly-false
"Says North Carolinians are ""already paying for"" Medicaid expansion, even though the state hasn’t expanded Medicaid.",3.0,0.0,45,1.0,mostly-true
"Says Ohio is one of just 17 states with an estate tax, and it has ""the lowest threshold in the nation.""",1.0,0.0,46,1.0,true
"Says Ohio law gives tax breaks ""to rich people who own private jets.""",1.0425531914893618,0.2040297088885788,47,1.0,mostly-true
"Says Oregon is ""near the top or at the top of the list"" when it comes to capital gains tax",1.0,0.0,39,1.0,true
"Says Oregon’s highest income tax bracket included anyone making more than $250,000 in 2012 before the state expanded its upper bracket to include ""anyone making more than $125,000.""",3.0,0.0,55,1.0,mostly-false
"Says Oregon’s political tax credit is something ""every state should have and no other state does.""",1.0,0.0,47,1.0,false
Says Panasonic stayed in New Jersey because of the Business Retention and Relocation Assistance Grant (BRRAG) program.,1.0,0.0,55,1.0,false
"Says Paul Ryan ""voted for two wars that were unpaid for, voted for the Bush tax cuts that were unpaid for, voted for the prescription drug bill that cost as much as my health care bill -- but wasn't paid for.""",1.0,0.0,45,1.0,mostly-true
"Says Paul Ryan is leading the effort to ""pass a tax bill with divisive conception language by disguising it as a college savings plan"" in ""another attempt to ban abortion and rob women of their reproductive rights.""",2.5,0.5050762722761054,50,1.0,half-true
"Says Pennsylvania charges a top income tax rate of 3 percent and Delaware ""has no state income tax at all.""",2.857142857142857,0.35309393180189974,56,0.8571428571428571,half-true
"Says President Barack Obama ""already passed all these Obamacare taxes. About a dozen of them hit middle-income taxpayers.""",3.9215686274509802,0.27152438232335313,51,1.0,mostly-false
"Says President Barack Obama ""has not raised taxes.""",2.0,0.0,51,1.0,false
"Says President Barack Obama has ""not proposed one thing that would change"" the fact that Warren Buffett pays a lower tax rate than his secretary.",2.8947368421052633,0.3096201893516238,57,1.0,false
"Says President Barack Obama initially said the national health-care mandate isn't a tax, but his administration now says it is a tax.",2.0,0.0,47,1.0,mostly-true
"Says President Barack Obama wants to raise ""the lowest (income) tax rate from 10 to 15 percent.""",1.0,0.0,51,1.0,false
"Says President Barack Obama’s finance team is recommending a ""1% tax on all transactions at any financial institution.""",1.0,0.0,53,0.0,pants-fire
Says President Barack Obama’s proposed budget includes two new tax increases that would collect about $14 billion.,1.0454545454545454,0.21070705494148548,44,1.0,mostly-true
"Says President Donald ""Trump’s budget gives a $100 billion tax break to three of the wealthiest families.""",2.14,0.3505098327538656,50,1.0,mostly-false
"Says President Donald Trump ""has given more financial disclosure than anybody else.""",2.0357142857142856,0.18725633517970783,56,1.0,false
"Says President Joe Biden ""is trying to send taxpayer dollars to manufacturers overseas that do not abide by the same (carbon emission) standards we do at home.""",2.0,0.0,55,0.0,half-true
"Says Rep. Jim Renacci was ""trying to leave town for the holidays without extending your payroll tax cut.""",1.0,0.0,43,1.0,false
"Says Rep. Tammy ""Duckworth has been a staunch supporter of expanding the spending, size and reach of the IRS.""",3.0,0.0,50,1.0,false
"Says Republican U.S. Senate candidate Tommy Thompson ""supports massive tax cuts for corporations that outsource Wisconsin jobs.""",1.0,0.0,55,1.0,half-true
"Says Republican opponent Jason Isaac is peddling a plan meaning Texans ""would pay the highest sales taxes in America, up to 14.5 percent.""",2.0,0.0,46,1.0,mostly-false
"Says Republican presidential candidate and Gov. John Kasich has spent 177 days out of state and used $350,000 in taxpayer money on his ""costly campaign.""",3.92,0.27404751561786966,50,0.0,true
"Says Republican recall challenger Jonathan Steitz ""failed to pay his taxes.""",1.0,0.0,47,1.0,half-true
Says Rick Perry cut taxes.,2.0,0.0,48,0.0,half-true
"Says Rick Perry recently said he ""wanted another (Texas) business tax.""",1.0,0.0,59,1.0,pants-fire
"Says Rick Scott ""cut education to pay for even more tax breaks for big, powerful, well-connected corporations.""",3.022222222222222,0.149071198499986,45,1.0,half-true
"Says Rick Scott ""raised property taxes.""",4.0,0.0,55,1.0,mostly-false
"Says Robert Hurt ""supports the tax loopholes that send American jobs overseas.""",1.0,0.0,52,1.0,false
"Says Romney tax plan ""could take away middle-class deductions for child care, mortgages and college tuition.""",3.0,0.0,50,1.0,mostly-false
"Says Ron Johnson ""voted five times for tax breaks that help companies ship Wisconsin jobs overseas.""",1.0,0.0,45,1.0,false
"Says Ron Saunders ""made the choice to stand with Rick Scott"" on expanding school vouchers, restricting scholarships and giving tax breaks to the wealthy.",4.0,0.0,51,1.0,false
"Says Ronald Reagan ""reversed his world’s ‘largest tax cut’ and raised taxes when revenues did not match the expectations.""",3.0,0.0,50,1.0,mostly-true
"Says Ronald Reagan ""understood repeatedly that when the deficit started to get out of control, that for him to make a deal he would have to propose both spending cuts and tax increases.""",2.975609756097561,0.15617376188860604,41,1.0,mostly-true
"Says Russ Feingold ""voted to raise taxes on Social Security benefits for seniors, he even tried to give Social Security benefits to illegal immigrants.""",1.0,0.0,53,1.0,mostly-false
"Says Russ Feingold cast the ""deciding vote"" for the ""largest tax increase"" in history",1.8653846153846154,0.34464225008403493,52,1.0,mostly-false
Says Sal Esquivel wants a 5 percent state sales tax on groceries.,1.0,0.0,58,1.0,pants-fire
"Says Scott Walker ""gave $6 million in tax breaks to a corporation and told them that they can keep that money even if they lay off half their workforce.""",1.0,0.0,53,1.0,half-true
"Says Scott Walker ""wants state taxpayers to dole out up to $250 million annually in incentives"" to Foxconn ""to lure a manufacturing plant to Wisconsin that he claims will generate $181 million in tax revenue.""",1.0,0.0,42,1.0,half-true
"Says Scott Walker cut ""taxes for the wealthiest"" and raised taxes ""on 140,000 Wisconsin families.""",1.0,0.0,48,1.0,half-true
"Says Scott Walker rejected legislation to make college loan payments tax deductible and the result was ""to raise taxes on students.""",1.0,0.0,49,1.0,false
"Says Scott Walker's jobs agency gives financial incentives that lead ""Wisconsin companies to look at shipping jobs elsewhere. ... A company got $4.6 million in taxpayer money and actually reduced its jobs by 300 people.""",3.0,0.0,48,1.0,mostly-false
"Says Scott Walker's plan to replace Obamacare ""is a new entitlement"" program for ""every single American human being from the time they are born right up until they grow old and become eligible for Medicare.""",1.0,0.0,46,1.0,half-true
"Says Sen. Bill Nelson ""voted for higher taxes"" 349 times.",2.0,0.0,53,1.0,false
Says Sen. Bill Nelson is a socialist.,1.4259259259259258,0.49912572061109167,54,0.0,pants-fire
"Says Sen. Dean Heller ""wants to cut programs like Social Security and Medicare to pay for tax cuts for his ultra-wealthy donors.""",3.4375,0.5013280235873938,48,1.0,half-true
"Says Sen. Sherrod Brown ""voted to block American energy production and increase energy taxes.""",1.0,0.0,56,1.0,mostly-false
"Says Sen. Sherrod Brown admitted ""that his $787 billion stimulus law failed"" and ""after specifically attacking Republicans for wanting to lower Americans' taxes, (he) now claims that his stimulus bill 'didn't do enough' to lower taxes.""",1.0,0.0,50,1.0,half-true
"Says Sen. Sherrod Brown voted to keep ""an extreme, job-killing Internal Revenue Service paperwork mandate.""",2.0,0.0,53,1.0,mostly-false
"Says Sherrod Brown voted ""for the $1.17 trillion health care law that adds a new tax on Ohio manufacturers.""",1.0,0.0,50,1.0,half-true
Says Social Security is a “legal Ponzi scheme.”,4.0,0.0,52,1.0,mostly-false
"Says State Comptroller Matthew Boxer ""pointed out that many towns are artificially lowering the real estate values that they report to Trenton"" in order to ""get hundreds of millions of dollars of additional school aid. This is the kind of fraud that needs to be addressed immediately.""",3.0,0.0,53,1.0,mostly-false
Says Susan Collins “pushed for policies that benefited her husband’s lobbying business.”,2.807017543859649,0.3981473386299918,57,1.0,mostly-false
Says Tennessee has some of the lowest beer excise tax rates in the country.,4.217391304347826,0.41702882811414954,46,1.0,half-true
Says Texas has “lower taxes and less regulations than anywhere else in the U.S.”,2.0,0.0,48,1.0,false
Says Texas is the only state that exempts jet fuel from its state motor fuels tax.,1.0,0.0,44,1.0,false
"Says Texas routinely gets ""a lot more federal spending"" than it pays in taxes.",2.0,0.0,52,1.0,mostly-true
"Says Texas tax legislation would ""save the average homeowner in Texas $20,000 a year over the next 20 years or so.""",3.2244897959183674,0.42156979070537565,49,0.0,pants-fire
Says Texas voters are being asked to act this November on a proposed constitutional amendment affecting property taxes.,2.0,0.0,50,1.0,pants-fire
"Says Thom Tillis ""gives tax breaks to yacht and jet owners.""",2.0,0.0,56,1.0,false
"Says Tim Kaine ""actually tried to raise taxes by about $4 billion.""",4.0,0.0,52,1.0,mostly-true
"Says Tom Nelson ""backed higher taxes on Social Security, costing Wisconsin seniors $95 million.""",1.0,0.0,49,1.0,false
"Says Tony Evers will ""raise property taxes, raise income taxes and raise gas taxes by as much as a dollar a gallon.""",1.0,0.0,52,1.0,half-true
"Says Tony Evers will ""raise the gas tax by as much as a dollar a gallon.""",1.2222222222222223,0.4204374825912609,45,1.0,mostly-false
"Says U.S. Rep. Ron Kind’s ""stimulus cost taxpayers $278,000 per job.""",1.0,0.0,53,1.0,false
Says U.S. Rep. Tammy Baldwin is backing President Barack Obama’s plan to pass a $1.5 trillion tax increase.,1.0,0.0,48,1.0,false
"Says U.S. Rep. Tammy Baldwin, a candidate for Senate, supports raising taxes ""by $858 billion.""",3.0,0.0,55,1.0,mostly-false
"Says U.S. Rep. Tom Price is sending letters both supporting and opposing the ""small-business killing Internet Tax Mandate.""",1.0,0.0,50,1.0,false
Says U.S. Senate candidate David Perdue flip-flopped on releasing his tax returns.,2.764705882352941,0.42840332837725004,51,1.0,mostly-true
Says U.S. Senate candidate Eric Hovde has ‘no problem with raising taxes.’,1.0,0.0,45,1.0,mostly-false
"Says U.S. Senate candidate Joni Ernst signed a pledge that ""protects tax breaks for companies that ship jobs overseas.""",2.0,0.0,44,1.0,false
"Says U.S. Senate candidate Tammy Baldwin ""proposed a $3.9 trillion tax increase -- a tax increase so extreme"" that ""even Nancy Pelosi voted against it.""",2.0,0.0,48,1.0,mostly-true
"Says U.S. Senate opponent Tammy Baldwin supported a federal budget ""that spent trillions -- not billions, trillions -- more money than the Obama budget.""",1.0,0.0,58,1.0,false
Says U.S. Senate opponent Tommy Thompson favors raising taxes on small businesses.,1.0,0.0,51,1.0,mostly-false
"Says U.S. Senate rival Eric Hovde ""refused to pay his property taxes until he was taken to court.""",2.0,0.0,56,1.0,mostly-true
"Says U.S. Senate rival Tammy Baldwin supports a ""tax increase that President Obama says"" would cost middle-class families $3,000 per year.",1.4736842105263157,0.5037453706946006,57,1.0,mostly-false
"Says U.S. Senate rival Tommy Thompson ""wants to give a new $265,000 tax cut to millionaires like himself while raising taxes on the middle class.""",1.0,0.0,42,1.0,half-true
"Says U.S. corporate tax rate is ""highest in the world at 35 percent.""",4.191489361702128,0.3977271225536436,47,1.0,mostly-true
"Says Warren Buffett has publicly said his secretary ""should not be paying a higher tax rate"" than him.",3.9056603773584904,0.3543222644058666,53,1.0,true
"Says Wendy’s founder ""Dave Thomas left the state literally on his deathbed to avoid the estate tax.""",1.0,0.0,48,1.0,pants-fire
Says Will Rasmussen supported a sales tax as recently as last spring.,1.0,0.0,55,1.0,false
"Says Wisconsin Democrats during the previous administration adopted ""double-digit tax increases.""",2.0,0.0,52,1.0,mostly-true
"Says Wisconsin Gov. Scott Walker in his budget repair bill ""is showing that no stone goes unturned as he asks everyone to tighten their belts.""",1.0,0.0,53,1.0,false
"Says Wisconsin Gov. Scott Walker’s budget ""calls for raising property taxes by nearly $500 billion.""",1.0,0.0,48,1.0,pants-fire
"Says Zack Space voted for budgets and debt, energy taxes and the stimulus, and ""we still lost more than 2.5 million jobs.""",1.0,0.0,48,1.0,half-true
"Says a ""rather extraordinary amount of non-classroom employees"" were added by Texas school districts over the last decade.",1.0,0.0,47,1.0,mostly-true
Says a change in law he carried stopped a $100 million tax increase in the Dallas school district.,3.0,0.0,48,1.0,true
"Says a group ""estimates that the annual cost to Oregon taxpayers for government services to illegal aliens, after any income tax revenue from them, is $1 billion.""",1.1904761904761905,0.39743661793163754,42,1.0,mostly-false
Says a majority of Americans -- and Republicans -- support his approach for deficit reduction.,3.0,0.0,56,1.0,mostly-true
"Says a new law adopted in Texas means property tax bills “are no longer really dependent on your values, it is on (local government) revenue growth.”",3.5925925925925926,0.49596555413404597,54,1.0,mostly-false
"Says a new report shows the ""devastating tax hikes (in the health care law) will have on middle-class Kentuckians.""",2.0,0.0,58,1.0,mostly-false
"Says a progressive income tax proposal from Democratic governor candidate J.B. Pritzker ""is wholly regressive.""",3.875,0.3349320635285417,40,1.0,false
"Says allowing the payroll tax holiday to expire would end up ""costing another estimated 900,000 jobs in 2012.""",1.0,0.0,57,1.0,mostly-true
"Says an arts tax would provide ""funding for certified arts and music teachers for every elementary school serving Portland residents.""",1.0,0.0,47,1.0,half-true
"Says an illegal immigrant fraudulently claimed children who actually lived in Mexico on income tax forms to collect more than $29,000.",3.0,0.0,48,1.0,mostly-true
"Says because of Donald Trump, ""the IRS decided to stop enforcing the individual mandate that was the underpinning of the ACA. That has resulted in insurance companies all across the country jacking their rates up, explicitly because they don't believe that healthy people will buy insurance.""",3.1964285714285716,0.40089186286863654,56,1.0,mostly-false
"Says because of his actions, Wisconsin ""property taxes today are lower than they were four years ago.""",1.0,0.0,38,1.0,mostly-true
"Says businesses ""already pay most of the taxes.""",1.0,0.0,48,1.0,mostly-true
Says businesses pay roughly 60 percent of taxes in Texas.,3.0,0.0,52,1.0,mostly-true
"Says condoms ""used to be tax-exempt here in Texas.""",2.0,0.0,57,1.0,true
"Says constitutional amendment would ""help to stop unfair, double taxation on real estate.""",2.0,0.0,47,0.0,half-true
"Says economists Harvey Rosen and Martin Feldstein have said that ""paying for (Mitt) Romney’s tax cuts would require large tax increases on families making between $100,000 and $200,000.""",2.0754716981132075,0.26667876121581074,53,1.0,mostly-false
Says families now pay out 40 percent of their income to taxes.,2.0,0.0,55,1.0,mostly-false
Says five studies show his tax plan can cut rates and still bring the same revenue without raising taxes on the middle class.,4.0,0.0,53,1.0,mostly-false
"Says for the first time in the history of the United States, the government cut taxes during wartime",2.9245283018867925,0.2666787612158108,53,1.0,mostly-true
"Says four Democratic state senators voted to ""raise taxes on Wisconsin workers by another $510 a month so freeloaders can get free state-run health care.""",1.0,0.0,41,1.0,half-true
"Says he ""balanced the budget without raising taxes.""",2.0,0.0,60,1.0,mostly-false
"Says he ""cut taxes by more than $600 million"" when he was governor.",2.0545454545454547,0.2291838836507762,55,0.0,true
"Says he ""helped lead an outside audit that’ll save (Milwaukee County) taxpayers over $200 million.""",2.0,0.0,58,0.0,false
"Says he ""will put a moratorium on tax hikes to keep families in their homes.""",2.0,0.0,51,0.0,half-true
"Says he balanced the Milwaukee County budget ""without raising taxes five years in a row.""",2.0,0.0,46,1.0,half-true
Says he cut 'tax rates five times',1.0,0.0,56,1.0,half-true
"Says he first unveiled his new legislative agenda in Wisconsin, not in California as critics complain",3.0,0.0,49,1.0,mostly-false
"Says he has ""a fiduciary responsibility to his business, his family and his employees to pay no more tax than legally required.""",2.0,0.0,55,1.0,false
"Says he has a plan for ""$1 billion in tax relief for Illinois.""",2.611111111111111,0.4920755681598855,54,1.0,mostly-false
Says he has a track record of not raising taxes.,1.0,0.0,59,1.0,false
Says he has never voted for raising taxes.,1.9038461538461537,0.2976782961926058,52,1.0,true
"Says he lived up to a 2008 promise when he ""closed corporate tax loopholes that were sending profits overseas.""",2.9183673469387754,0.27664166758624414,49,1.0,half-true
"Says he never voted for a ""tax increase.""",1.0,0.0,41,1.0,false
Says he's signed a pledge not to raise taxes four times.,1.0,0.0,49,1.0,true
"Says her congressional district has 10,000 medical-device industry jobs and 1,000 will be lost because of health-care law tax.",2.0434782608695654,0.20618457094236237,46,1.0,mostly-false
"Says his ""Act 10 reforms"" have ""saved the taxpayers some $3 billion.""",1.0,0.0,47,1.0,mostly-true
"Says his ""average federal tax rate"" was 36 percent.",3.0,0.0,46,1.0,half-true
"Says his 9-9-9 tax reform plan is not ""regressive.""",1.0,0.0,45,1.0,false
Says his campaign has released his past tax returns.,2.0,0.0,55,1.0,false
"Says his plan to raise car registration to $56 would still leave Virginia with a fee that’s ""equal to or lower than most states.""",4.0,0.0,49,0.0,pants-fire
Says his plan would cut taxes without increasing the deficit.,1.88,0.328260722659316,50,1.0,false
"Says his proposed payroll tax cut ""will mean an extra $1,500 in your pocket compared to if we do nothing.""",2.0,0.0,57,1.0,true
"Says his tax and fee cuts will save households ""$540 over two years.""",2.0,0.0,53,1.0,mostly-false
Says his tax plan wouldn't leave the federal government with a $1.1 trillion hole.,1.9795918367346939,0.14285714285714288,49,1.0,false
"Says his transportation plan ""would make Virginia the first state in the nation to eliminate the state tax on gasoline.""",4.127272727272727,0.3363499860730086,55,1.0,true
"Says in Newark ""we’re paying 80 percent of the school budget from local property taxes.""",1.0,0.0,48,1.0,false
"Says in Washington, D.C., Sen. Richard Burr ""took millions from special interests, went there and cashed in, voted to cut (his) own taxes and raise taxes on working folks.""",3.0,0.0,49,1.0,half-true
"Says in regard to providing ""more tax cuts for the rich,"" Bill Pascrell said, ""Republicans had great ideas. I liked some of their ideas.""",3.0,0.0,62,0.0,pants-fire
Says income tax rates under Eisenhower were as high as 90 percent.,4.8936170212765955,0.3116605283339055,47,1.0,true
"Says middle-class New York State residents will have the ""lowest tax rate in 70 years.""",4.0,0.0,58,1.0,mostly-true
Says opponent Eric Hovde “supports a $4 trillion tax plan that would disproportionately advantage the well-off and profitable corporations”,2.0,0.0,46,1.0,mostly-true
"Says opponents of proposed Austin school district bonds say the district’s ""debt load doubles with these new bonds.""",3.877551020408163,0.33120066055341796,49,1.0,half-true
"Says proponents of a bond package for the Austin school district say the district has the second-lowest bond tax rate ""among the Central Texas area school districts.""",3.0,0.0,50,1.0,half-true
"Says raising the state income tax rate on millionaires to offset property taxes for other residents is ""not a tax increase. It's a tax shift.""",1.2439024390243902,0.4347693529262412,41,0.0,pants-fire
Says real estate taxes were put in place to pay for Obamacare.,2.0,0.0,52,1.0,mostly-false
"Says rejecting federal aid to expand Medicaid in Texas will ""send $9 billion in federal taxes paid by Texans to other states to insure their working poor.""",3.8771929824561404,0.33113308926626095,57,1.0,false
"Says revenues ""are actually up after tax reform.""",3.0638297872340425,0.24709224814516548,47,1.0,half-true
"Says she ""stood up to"" Gov. Scott Walker on tax cuts ""for wealthy corporations"" while her congressional opponent voted with Walker.",1.0,0.0,54,1.0,half-true
"Says she ""would bring 186,740 new jobs to Wisconsin"" and ""Donald Trump would cost Wisconsin 61,050 jobs.""",1.0,0.0,48,1.0,half-true
Says she balanced a $10 billion budget shortfall without raising taxes.,4.0638297872340425,0.24709224814516553,47,1.0,mostly-false
"Says since 2000, Austin’s ""tax burden"" rose more than 40 percent while family income rose more than 20 percent.",2.0,0.0,53,1.0,mostly-true
Says six studies verify that the math adds up for Mitt Romney’s tax plan.,2.0,0.0,54,1.0,mostly-false
"Says someone earning $50,000 a year will fare better under his ""9-9-9"" plan than under the current tax system.",1.0,0.0,50,1.0,mostly-false
"Says state Sen. Paul Sarlo ""said in February on NJTV, ‘there will be no tax increases in this budget’"" and ""voted the other night in the Senate Budget Committee to raise income taxes $800 million.""",2.0,0.0,49,1.0,mostly-true
"Says state Sen. Randy Hopper, R-Fond du Lac, unlike typical taxpayers, ""didn’t pay taxes""",2.0,0.0,56,1.0,mostly-false
"Says state Senate President Stephen ""Sweeney gave us the nation's highest income tax rates, driving out jobs.""",2.0,0.0,51,1.0,false
"Says state Senate candidate ""Monk Elmer voted to exceed the (school district property tax) spending caps.""",1.0,0.0,49,1.0,pants-fire
"Says state schools superintendent candidate Don Pridemore ""voted for the largest cuts to public education in our state history"" and for ""$2.3 billion in tax breaks for corporations and the wealthy.""",1.0,0.0,54,1.0,half-true
"Says states with graduated income taxes ""create jobs and grow their economies faster"" than Illinois.",2.0,0.0,45,0.0,half-true
Says taking millionaires off food stamps and unemployment would save $20 million.,2.8666666666666667,0.4304773332746764,60,0.03333333333333333,mostly-true
"Says tax revenue was lower than expected in May and ""that's basically a clear indication the governor's counselors are probably right -- that we are still not out of the woods yet.""",3.0,0.0,55,1.0,mostly-false
Says taxes paid by the poorest residents of Texas are above the national average.,1.0,0.0,48,1.0,true
"Says taxing more services, taxing retirement income and increasing the flat-rate income tax would ""fall disproportionately on the working poor and the middle class.""",3.0,0.0,52,1.0,mostly-false
"Says that ""Tennessee law requires that schools receive half of proceeds -- $31 million per year"" -- from a half-cent increase in the Shelby County sales tax.",4.037037037037037,0.1906258770929863,54,1.0,true
"Says that ""data from the Center on Budget and Policy Priorities suggest that the Texas budget gap is worse than New York’s, about as bad as California’s, but not quite up to New Jersey levels.""",2.0,0.0,51,1.0,mostly-true
"Says that ""the state spends more money on tax giveaways than it receives in tax collection.""",1.0,0.0,56,1.0,mostly-true
"Says that Wall Street hedge fund managers ""pay a lower tax rate than does a sheet metal worker in Parma or a school teacher in Cleveland.""",1.0,0.0,48,1.0,true
"Says that after ""the last income tax increase in the state of Illinois, we saw the largest exodus of middle-income families.""",2.0,0.0,50,1.0,false
"Says that as Wisconsin governor he ""never raised taxes.""",1.0,0.0,51,1.0,false
"Says that as a U.S. senator, Scott Brown ""delivered for Wall Street, saving big banks $19 billion in taxes.""",4.0,0.0,47,1.0,mostly-false
"Says that even if his budget is adopted, private schools in the choice program would be getting about half the per-pupil funds that public schools receive",1.0,0.0,56,1.0,half-true
"Says that except for Donald Trump, ""every other major party nominee"" for the past 40 years has released their tax returns.",1.0,0.0,39,1.0,mostly-true
"Says that in 2009 ExxonMobil ""paid no federal income taxes, received a $156 million rebate.""",1.0,0.0,40,1.0,false
"Says that in Curry County, ""if you make a 911 call you’re likely to wait for an hour for a response.""",1.0,0.0,53,1.0,half-true
"Says that on the tax reform law, Democratic leaders ""are promising to take it all away.""",2.0,0.0,47,1.0,half-true
"Says that over the last decade, the state's population grew three times faster than the Texas state tax system.",1.0,0.0,46,1.0,mostly-true
Says that the federal gas tax has not been raised since 1993.,1.0,0.0,54,1.0,true
"Says that under his tax plan, ""no matter where you are in the stratosphere, you're going to be getting a tax cut.""",1.0,0.0,57,1.0,false
"Says that under his tax plan, seniors making less than $50,000 per year won't pay any income taxes.",1.0,0.0,56,1.0,true
"Says that unless the recipient called back about ""your tax filings,"" you ""will be taken into custody by the local cops as there are more serious allegations pressed on your name.""",1.0,0.0,58,0.0,pants-fire
"Says that when President Bill Clinton raised the top tax rates to levels now proposed by Obama, the country experienced significant job growth.",1.6545454545454545,0.47989897926858555,55,1.0,half-true
"Says that when he was governor of Utah, he worked with the state Legislature to create a flat tax that ""cut income taxes by 30 percent.""",2.0,0.0,39,1.0,mostly-false
"Says that with President Obama's re-election, state and federal income tax rates for some taxpayers will rise ""to roughly 65 percent.""",1.0,0.0,57,1.0,false
"Says the ""largest tax increase in American history is set to occur on January 1st unless President Obama and Congress can come to an agreement.""",4.0,0.0,50,1.0,half-true
"Says the Austin City Council ""may give $4 million a year to subsidize a race track.""",1.0,0.0,55,1.0,mostly-true
"Says the Austin school district ""enjoys the highest per-student funding of all large Texas districts"" even after forwarding tax revenue to the state.",5.12,0.3282607226593159,50,1.0,false
"Says the CBO estimates that fully extending the Bush tax cuts would add 600,000-1.4 million jobs in 2011 and 900,000-2.7 million jobs in 2012.",1.0,0.0,45,1.0,half-true
"Says the Central Health district's tax rate is the ""lowest among the largest counties in Texas, and it will continue to be the lowest"" if voters approve a proposed tax increase.",3.803921568627451,0.4009791936316526,51,1.0,mostly-true
"Says the Democratic Party ""took Social Security from the independent ‘Trust Fund’ and put it into the general fund so that Congress could spend it"" and ""eliminated the income tax deduction for Social Security (FICA) withholding.""",1.6666666666666667,0.4767312946227962,45,1.0,false
"Says the GOP plan he supports is ""the biggest tax cut in U.S. history.""",2.0,0.0,49,1.0,false
Says the Georgia Dome would need up to $350 million in work over the next five to seven years.,1.0,0.0,56,1.0,half-true
"Says the Internal Revenue Service estimated it must hire ""16,500 agents at a cost of $10 billion to the taxpayer"" to enforce the federal health care overhaul.",1.0,0.0,40,1.0,false
"Says the Koch brothers want to ""protect tax cuts for companies that ship our jobs overseas.""",2.0,0.0,53,1.0,false
"Says the Multnomah County Library system ""is the second busiest in the nation.""",1.0,0.0,50,1.0,true
"Says the New Year’s Day ""fiscal cliff"" deal ""reduces the deficit.""",1.0,0.0,46,1.0,half-true
"Says the Nike bill ""is not a tax break ... this does not lower the taxes that Nike will pay nor does it prevent the Legislature from raising those taxes in the future.""",2.0555555555555554,0.23121228232266414,54,1.0,mostly-true
"Says the Republican tax plan ""helps families"" like one in which a woman lost her job and then lost her life savings fighting her husband’s cancer.",2.0,0.0,49,0.0,half-true
Says the Simpson-Bowles deficit reduction proposal urged raising $2 trillion in new revenue.,3.1666666666666665,0.37617739693163943,54,1.0,mostly-false
"Says the Southwest Florida Water Management District has $850 million in reserves, enough money in savings to run without levying taxes for more than two years.",1.0,0.0,50,1.0,false
"Says the T.R.U.M.P. Act, which would force presidential candidates to release their tax returns to run in North Carolina, ""has a lot of support – by a majority of North Carolinians and members of both parties.""",2.0,0.0,48,1.0,mostly-true
"Says the Treasury Department ""says 41 percent of all business income reported on individual returns would be hit by the [millionaires’] surtax"" that ""would harm small businessmen and women, the very people we are counting on to create new jobs.""",3.0,0.0,58,1.0,mostly-false
Says the U.S. federal income tax rate was 0 percent until 1913.,1.4313725490196079,0.5001960399996911,51,0.0,half-true
"Says the United States has the ""highest corporate tax rate in the world.""",4.0,0.0,55,1.0,mostly-true
Says the University of Texas can afford to build a medical school because it has a $7 billion endowment and its football program had a $50 million profit last year.,3.0,0.0,44,1.0,half-true
Says the estate tax is a threat to family farms.,2.702127659574468,0.46226726774346893,47,1.0,mostly-false
"Says the estate tax, ""in many cases,"" forces family farmers and small businesses owners to sell their holdings.",3.5714285714285716,0.5008703226778093,42,1.0,false
"Says the federal government is earning more tax revenue now ""than any other time.""",2.0,0.0,44,1.0,mostly-false
"Says the individual mandate is ""highly unpopular.""",4.0,0.0,48,1.0,half-true
"Says the inspector general for the IRS said there was ""no political motivation"" and ""no outside influence"" for targeting of tax-exempt applications from tea party groups",3.9148936170212765,0.2820566728469694,47,1.0,mostly-true
Says the oil industry subsidies that President Barack Obama is attacking don’t exist,1.0,0.0,56,1.0,false
"Says the state budget ""doubled property tax credits for seniors and middle class New Jerseyans"" and had ""no tax increases for any New Jersey family for the second year in a row.""",1.0,0.0,42,1.0,half-true
Says the state tax burden per citizen in New York is twice as high as in Florida.,2.980392156862745,0.14002800840280097,51,1.0,mostly-true
"Says the state’s budget shortfall is ""not that much different"" than it was in 2003.",1.0,0.0,38,1.0,false
"Says the state’s rainy day fund is ""our insurance policy against a major natural disaster.""",3.0816326530612246,0.276641667586244,49,1.0,mostly-false
"Says the tax bill ""is going to cost me a fortune, this thing -- believe me. Believe me, this is not good for me.""",2.6964285714285716,0.463960925358742,56,1.0,false
"Says the tax code is effectively subsidizing ""the marketing efforts of fast food and junk food companies by as much as $19 billion over 10 years.""",1.0,0.0,49,1.0,mostly-true
Says the top 20 percent of income earners pay nearly 70 percent of all federal taxes.,2.0,0.0,56,1.0,true
Says there is an upcoming vote to preserve benefits of Texas homestead exemption for seniors and the disabled.,1.0,0.0,52,1.0,pants-fire
Says two-thirds of groups targeted for IRS scrutiny were not conservative.,2.0,0.0,52,0.0,pants-fire
"Says when New York ""implemented a program"" to tax the wealthy at higher rates it saw a revenue shortfall ""because of the outward migration of their top earners.""",3.0,0.0,50,1.0,false
"Says when Republicans took over the state legislature in 2010, New Hampshire’s tax rate for employers was 50th in the nation, and unemployment had more than doubled under Democrats.",3.0,0.0,45,1.0,half-true
"Says when he was governor, ""most of the Democrats"" voted for his billion-dollar property-tax cuts, but U.S. Senate rival Tammy Baldwin ""voted against it.""",1.0,0.0,59,1.0,mostly-false
"Says “Joe & Jill Biden’s income went from $396,456 in 2016, to $16,596,979 in 2017-2019. Anyone else want to know where that money is coming from?”",3.0,0.0,49,1.0,half-true
"Says, ""Carl proposed a 'windfall' tax on real estate development when he was a Metro Councilor.""",3.0,0.0,52,1.0,mostly-false
"Says, ""The Democrats' proposed budget is also balanced by using more in new tax revenue than in total PERS reform or savings.""",3.1666666666666665,0.3766217885773547,48,1.0,false
"Say President George W. Bush "" ‘borrowed’ $1.37 trillion of Social Security surplus revenue to pay for his tax cuts for the rich and his war in Iraq and never paid it back.""",3.0,0.0,53,1.0,mostly-false
"Scott Walker's income ""tax plan is a tax hike. It increases taxes for nearly 80% of the people in the state.""",1.0,0.0,51,1.0,pants-fire
Scott Wallace wants to tax families of five for 'irresponsible breeding',2.0,0.0,55,1.0,false
"Sen. Joe Manchin ""stands with Hillary Clinton and D.C. Dems on gun control, higher taxes, amnesty, and Planned Parenthood.""",3.8823529411764706,0.32539568672798425,51,1.0,half-true
"Sen. McCain's tax plan provides ""virtually nothing to the middle class.""",2.0,0.0,51,1.0,mostly-false
"Sen. Obama wants to ""enact the single largest tax increase since the Second World War.""",1.0,0.0,54,1.0,false
Sen. Ron Johnson has been “rewarding companies that outsource to China.”,2.0,0.0,53,1.0,false
"Sen. Sherrod Brown’s vote helped pass ""Barack Obama’s job-killing health care law, which slapped small businesses throughout Ohio with a $500 billion tax increase.""",1.0,0.0,46,1.0,pants-fire
"Seth Magaziner ""plans to spend billions more of your money.""",2.0,0.0,50,1.0,false
"Sheldon Whitehouse voted for a ""$525-billion tax increase on the middle class.""",2.0,0.0,51,0.0,pants-fire
"Sherrod Brown ""failed to pay his own taxes three separate times.""",1.0,0.0,57,1.0,true
"Sixteen thousand new Internal Revenue Service agents will be ""empowered to enforce"" the new health care legislation.",2.0,0.0,57,1.0,mostly-false
"Small businesses that have ""$250,000 in gross sales for the business. They're the ones that are looking at massive tax increases.""",1.0,0.0,52,1.0,pants-fire
"Starting in 2011, ""you will be required to pay taxes"" on ""the value of whatever health insurance you are given by the company.""",1.0,0.0,51,1.0,pants-fire
"State Sen. Emmett Hanger ""has voted for the three largest tax increases - proposed tax increases - in Virginia history.""",1.9791666666666667,0.14433756729740654,48,0.9791666666666666,mostly-false
"Stimulus tax cuts ""began showing up in paychecks of 4.8 million Indiana households about three months ago.""",1.0,0.0,50,1.0,false
Student debt relief is taxable by the Internal Revenue Service.,4.0638297872340425,0.24709224814516534,47,1.0,false
Taking all the money of the top 1 percent wouldn’t keep Medicare going for three years.,3.96,0.1979486637221574,50,1.0,mostly-false
"Tariffs are a “direct, regressive tax on Americans” and President Joe Biden’s new tariffs on Chinese goods will “hit every family.”",3.0,0.0,50,1.0,half-true
"Tax cuts approved and those proposed in his state budget ""will exceed $8 billion by the time the budget is done.""",1.0,0.0,52,1.0,true
"Tax increases could ""come into play"" as a result of the debt ceiling deal.",1.0,0.0,48,1.0,mostly-true
Tax increases under Michigan Gov. Jennifer Granholm led to state unemployment going from 6.8 percent to 15.3 percent.,2.69811320754717,0.4634695932428227,53,1.0,mostly-false
"Tax rates were significantly higher ""in the '40s, the '50s, and the '60s.""",1.0,0.0,54,1.0,true
"Taxpayers pay $18,000 a month for House Speaker Nancy Pelosi's district office in downtown San Francisco.",1.0,0.0,47,1.0,true
"Terry McAuliffe ""wants to raise your taxes $1,700 to pay for his infinite promises.""",2.08,0.2740475156178697,50,1.0,false
Texas has the sixth-highest property taxes in the nation.,4.314814814814815,0.46880313581901156,54,1.0,mostly-true
"Thanks to actions by the Milwaukee County Board on the 2013 budget, the amount of county taxes on the average home in the city of Milwaukee ""would be a $19 decrease.""",2.0,0.0,49,1.0,mostly-false
"The ""48, 49 percent"" that supports President Barack Obama are ""people who pay no income tax.""",2.0,0.0,52,1.0,false
"The ""Buffett rule"" ""raises virtually no money, maybe a day and a half of our borrowing per year.""",3.849056603773585,0.3614195524432011,53,0.8490566037735849,mostly-true
"The ""highest economic growth decade was the 1960s. Income tax rates were 90 percent.""",2.9782608695652173,0.14744195615489716,46,1.0,mostly-true
"The ""mega-rich"" pay about 15 percent in taxes, while the middle class ""fall into the 15 percent and 25 percent income tax brackets, and then are hit with heavy payroll taxes to boot.""",1.0,0.0,56,1.0,true
"The ""working tax cut"" created ""over 40,000 new jobs in just the last four years.""",1.0,0.0,48,0.0,pants-fire
"The $1,200 coronavirus relief checks this year are “just an advance on your next tax return. … Next year, you're automatically going to owe $1,200 come tax season.”",3.816326530612245,0.3912303982179758,49,1.0,false
"The 1986 tax reform approved under Ronald Reagan ""was polling at about 18 percent right before they passed it.""",1.7142857142857142,0.4558423058385517,56,1.0,half-true
"The 2011-13 state budget ""cuts overall funding for public schools by $1.6 billion""",1.0,0.0,50,1.0,mostly-false
"The 30 percent tax rate called for under President Barack Obama’s proposed Buffett Rule ""is lower than the prescribed tax rate for millionaires already -- not just for millionaires, for people making over $200,000.""",3.0930232558139537,0.29390259873217905,43,1.0,half-true
"The 87,000 new IRS agents who were supposed to “only target the rich” are now “coming after waitresses’ tips.”",2.0,0.0,51,1.0,mostly-false
"The 9-9-9 plan ""does not raise taxes on those that are making the least.""",1.0,0.0,42,1.0,false
"The Affordable Care Act ""basically puts a penalty or a tax on employers for every new job they create.""",3.0,0.0,53,1.0,half-true
"The Affordable Care Act ""will likely go down as the biggest tax increase in history.""",3.925925925925926,0.26435052857271474,54,0.0,pants-fire
"The Americans for Tax Reform pledge ""relates to new taxes that were going to be initiated by legislative action.""",1.0,0.0,52,1.0,false
"The Baucus health care bill ""would drastically restrict the use of flexible spending accounts (FSAs) in order to help pay for health care reform.""",1.0,0.0,45,1.0,half-true
"The Baucus health care bill would require taxes on medical devices such as X-ray machines, female condoms, HIV tests and surgical needles.",2.0,0.0,56,1.0,mostly-true
"The Buffett Rule ""will bring in less than $5 billion per year. ... Enough to pay one week’s interest on the national debt.""",1.0,0.0,57,1.0,true
"The Bush tax cuts ""created about 8 million jobs over the first 10 years that they were in existence. We've lost about 5 million of those jobs during this recession.""",1.0,0.0,51,1.0,false
"The Bush tax cuts ""helped to create a substantial part of the deficit.""",1.0,0.0,55,1.0,true
"The Bush-era tax cuts failed to increase employment and ""work-force participation fell in 2001 and has never returned to the record level set in 2000.""",2.0,0.0,47,1.0,mostly-true
"The Congressional Budget Office ""has already doubled its estimate for the cost (of Obamacare) so far from roughly $800 billion to $1.7 trillion.""",2.0,0.0,56,1.0,false
"The Democrat-backed health care reform plan ""will require (Americans) to subsidize abortion with their hard-earned tax dollars.""",1.0,0.0,56,1.0,false
"The Democratic health care bill will ""collect higher taxes for 10 years  and provide health care for only six years.""",1.0,0.0,47,1.0,half-true
"The Democrats plan ""to raise your tax rates to 70 or 80 percent.""",1.9375,0.2446230273950408,48,1.0,false
"The Democrats' health care bill ""gives a new Health Choices Commissioner the right to look at an individual's tax return to determine what medical benefits or subsidies that person qualifies for.""",1.0,0.0,51,1.0,half-true
"The Export-Import Bank ""doesn’t cost taxpayers anything.""",2.5217391304347827,0.5050469916434668,46,0.5217391304347826,half-true
"The FCC’s net neutrality policy includes what is ""essentially a massive tax increase.""",2.522727272727273,0.5052577681363805,44,0.5227272727272727,half-true
"The Fair Tax proposal encourages innovation and investment ""level the playing field"" for American companies to compete globally.",3.9591836734693877,0.19991494790174605,49,1.0,half-true
"The GOP health care plan gives ""$275 billion in tax breaks for the top 2 percent, people earning $250,000 a year or more.""",2.0,0.0,54,1.0,mostly-true
"The GOP tax plan ""Sabotages the health care of 13 MILLION Americans.""",3.0,0.0,50,1.0,half-true
"The GOP’s Obamacare replacement would reduce subsidies that help lower-income people buy health insurance, but also ""expand the entitlement"" by giving subsidies to higher-income people ""that Obamacare never helped.""",1.0,0.0,44,1.0,true
"The General Assembly ""has no explicit constitutional authority to impose income, sales, estate and the myriad of other taxes upon us.""",4.0,0.0,50,1.0,true
"The Great Recession emerged ""in large part because of tax policies that slashed taxes on the wealthy, failed to invest in the middle class, took their eyes off of Wall Street, and created a perfect storm.""",2.95,0.2207214278631523,40,0.95,mostly-false
"The Green New Deal ""would put a $600,000 tax burden on every household.""",2.0,0.0,45,1.0,false
"The Green New Deal “costs an average American household almost $700,000 through 2029.”",1.1730769230769231,0.3820047143818448,52,1.0,false
"The Greenlight Pinellas 1-cent sales tax ""is permanent, we never get to vote on this again.""",2.0,0.0,47,0.0,half-true
"The Greenlight Pinellas transportation plan involves a ""300% tax increase.""",2.0,0.0,48,1.0,false
"The House tax bill has ""a lot more permanent relief for middle-income and even lower-income families"" than the Senate bill does.",2.0,0.0,47,1.0,mostly-true
"The House tax plan ""would provide permanent tax cuts for individuals who are multi-millionaires and billionaires,"" but ""all middle-class families will eventually face a tax increase, since tax relief for them expires.""",1.0,0.0,46,1.0,half-true
"The IRS ""also investigated liberal groups, groups that had progressive in their name. ... The IRS was basically looking at everybody.""",3.4680851063829787,0.504374939460682,47,1.0,half-true
"The IRS is ""going to be in charge of our health care.""",2.0,0.0,55,1.0,false
"The IRS is adding 87,000 new agents, making the IRS “larger than (the) Pentagon, Federal Bureau of Investigation, Customs and Border Protection and the State Department combined.”",2.0,0.0,51,1.0,mostly-false
"The IRS is going to be ""in charge"" of ""a huge national database"" on health care that will include Americans’ ""personal, intimate, most close-to-the-vest-secrets.""",2.0,0.0,47,0.0,pants-fire
The IRS is taking money away from people who received unemployment benefits.,2.0,0.0,58,1.0,mostly-false
"The IRS scandal ""clearly showed some criminal behavior.""",4.0,0.0,47,1.0,mostly-false
"The Inflation Reduction Act ""doubles the size of the IRS, raises your taxes and spends billions on a green energy slush fund.""",1.803921568627451,0.4009791936316524,51,1.0,mostly-false
"The Miami Dolphins ""are the only NFL team in the entire nation that pays property taxes.""",1.0,0.0,55,1.0,false
"The NFL is ""getting massive tax breaks.""",4.0,0.0,52,1.0,mostly-true
The North Carolina state budget includes “the largest cut in our personal income tax that we’ve ever seen.”,3.021276595744681,0.14586499149789459,47,1.0,false
"The Obama administration has been ""raising taxes.""",4.0,0.0,36,1.0,half-true
The Obama administration has cut taxes on small businesses 17 times.,1.0,0.0,48,1.0,mostly-true
"The Obama-GOP compromise ""raises taxes, it raises the death tax.""",3.6875,0.4684174352188667,48,1.0,mostly-false
The One Big Beautiful Bill will deliver the promise of “no tax on Social Security.”,1.0,0.0,52,0.0,mostly-false
The Republican replacement for Obamacare does not give massive tax cuts to wealthy Americans.,2.0,0.0,52,1.0,false
The Republican tax and spending bill will provide a “tax cut for Social Security recipients.”,2.0,0.0,38,0.0,half-true
"The Republican tax bill ""lets every American keep more of what they earned.""",2.690909090909091,0.4663779770834141,55,1.0,false
"The Republican tax bill is ""not being scored by the Congressional Budget Office, as it is traditionally.""",3.4545454545454546,0.5025189076296062,55,1.0,false
"The Republican tax bill passed in 2017 ""gave 83% of the benefits to the top 1%.""",3.1,0.3030457633656633,50,1.0,half-true
"The Republican tax reform proposal is focused on tax breaks for the middle class ""and not about people who are really high-income earners getting a tax break.""",1.0,0.0,59,1.0,mostly-false
"The Republicans and President Donald Trump ""passed a tax bill that gave 80 percent of its benefits to the top 1 percent.""",3.0,0.0,40,1.0,half-true
"The Senate bill ""hands enormous tax cuts to the rich and to the drug and insurance industries, paid for by cutting health care for everybody else.""",2.4615384615384617,0.5033822257076337,52,1.0,mostly-true
"The Senate proposal to restore emergency unemployment benefits for five months was ""fully paid for.""",2.6808510638297873,0.4711864293980077,47,1.0,mostly-false
"The Supreme Court said the individual mandate ""is a tax. So it's a tax.""",3.2222222222222223,0.42043748259126085,45,1.0,mostly-true
The U.S. loses more on tax breaks than it collects in personal income taxes.,1.0,0.0,56,1.0,true
The U.S. would gain revenue by cutting personal income tax rates in half and ending tax breaks.,1.0,0.0,44,1.0,true
"The U.S. ""tax rate on successful small businesses is 44.6 percent,"" while the business tax rate in Canada is 15 percent.",1.0,0.0,52,1.0,true
"The United States ""has never been richer, if you look at per capita GDP.""",3.163265306122449,0.3734377890799554,49,1.0,true
"The United States ""is the only major country that taxes its own exports.""",2.0,0.0,45,1.0,mostly-false
"The United States has ""10,000 IRS agents making sure that you don't take an improper charity deduction,"" but to fight terrorism, it has ""less than two dozen people focusing on countering violent extremism at home.""",3.0,0.0,52,1.0,mostly-false
"The United States has ""one of the highest corporate tax rates in the world.""",1.0,0.0,47,1.0,true
"The United States has ""the highest corporate tax rate in the free world.""",2.925925925925926,0.3812517541859726,54,0.037037037037037035,mostly-true
"The United States has ""the most number of deductions available to corporations"" for the corporate income tax.",2.0,0.0,48,1.0,false
"The United States is ""the only developed country in the world that has not cut its corporate tax rate.""",1.0,0.0,50,1.0,half-true
"The WIC program ""is an incredibly cost effective program, serving nearly 10 million Americans each year and costing less than $100 per person. In my district, more than 18 percent of residents suffer from food insecurity and depend on WIC to make ends meet.""",3.86,0.3505098327538656,50,0.0,pants-fire
The accuracy of the Obama tax calculator,1.04,0.19794866372215744,50,1.0,half-true
The addition of a 1 percent sales tax would cost a typical household in Hillsborough County approximately $12 a month.,1.0,0.0,55,1.0,mostly-true
"The budget hole in Bernie Sanders’ plans “is bigger than the size of the entire economy of the United States.""",3.0,0.0,46,1.0,half-true
"The changes to Georgia’s tax and fee structure ""is an overall tax cut.""",1.0,0.0,50,1.0,true
The child tax credit passed under President Joe Biden “has helped 97% of the families with children who are living in poverty.”,4.0,0.0,48,1.0,half-true
The city of Atlanta has either the highest or second-highest average water bills in the country.,1.0,0.0,49,1.0,true
"The education tax burden for Shelby County -- and Tennessee -- is ""one of the lowest in the country.""",3.9310344827586206,0.25560859370538297,58,0.9310344827586207,mostly-true
"The expanded child tax credit in the Build Back Better Act has “no means testing,” so people making $200,000 and $400,000 would get “the same as someone making” $70,000.",3.0,0.0,54,1.0,mostly-false
"The federal government ""may put 16,500 IRS agents in charge of policing President Obama's health care bill.""",1.0,0.0,53,1.0,half-true
"The federal government owns 30 percent of the land in the 50 states, or about 650 million acres.",1.56,0.501426536422407,50,1.0,mostly-true
"The federal health care law is ""probably the biggest tax increase ever in the history of our country.""",1.0,0.0,60,1.0,false
The federal health care law raises taxes and cuts Medicare.,4.0,0.0,65,1.0,mostly-true
"The federal tax code has ""loopholes that are giving incentives for companies that are shipping jobs overseas.""",2.9130434782608696,0.2848849246447679,46,1.0,true
"The federal tax code includes ""deductions for birds flying across America.""",5.0,0.0,56,1.0,true
"The fiscal cliff agreement was ""the largest tax increase in history.""",1.0,0.0,58,1.0,false
"The fiscal cliff deal ""ultimately raised taxes.""",1.0,0.0,44,1.0,half-true
The government is arming up the IRS because “Joe Biden is raising taxes and disarming Americans.”,2.0,0.0,50,1.0,false
"The government will ""go out and buy my breast pump for my babies.""",1.0,0.0,51,1.0,false
"The health care bill has ""six years of costs against 10 years of tax revenue.""",1.0,0.0,56,1.0,half-true
"The health care law ""imposes the largest tax increase in history on the middle class.""",2.0,0.0,54,0.0,pants-fire
"The health care law includes ""a 3.8% sales tax"" on ""all real estate transactions.""",2.0,0.0,58,1.0,pants-fire
"The health care law is ""the largest tax [increase] in the history of our country""",1.0,0.0,55,1.0,false
"The health care reform bill ""is the largest tax increase in U.S. history.""",1.0,0.0,51,1.0,false
"The health care reform law ""offset[s] 6 years of benefits with 10 years of tax increases.""",1.0,0.0,48,1.0,half-true
"The home-mortgage deduction is widely thought to be ""a middle-class benefit. It's not -- 73 percent of it goes to people making a quarter-million dollars or more a year.""",3.9215686274509802,0.27152438232335313,51,1.0,half-true
"The jobs bill includes ""President Obama's tax on soup kitchens""",2.0,0.0,51,1.0,mostly-false
"The latest stimulus package ""sends stimulus checks to imprisoned murderers, rapists, and child molesters.”",2.08,0.2740475156178696,50,0.0,mostly-true
The new Atlanta Braves stadium will require no tax increase for homeowners and provide $3 million annually for Cobb County schools.,1.0,0.0,45,1.0,half-true
"The new tax law is ""kicking the American economy into high gear with $5.5 trillion in tax cuts.""",1.690909090909091,0.466377977083414,55,1.0,mostly-false
The new tax will make soda sold in Chicago among the most expensive in the country.,4.7,0.4621247905424446,60,1.0,true
The proposal by President Joe Biden would put the U.S. “No. 2 in the world” for the highest corporate tax rate.,2.0,0.0,42,0.0,half-true
"The proposed excise tax on ""Cadillac"" health plans will hit ""those making less than $200,000"" the hardest.",1.0,0.0,60,1.0,mostly-true
"The proposed state budget contains ""an additional tax cut for the middle class.""",3.0,0.0,50,1.0,mostly-false
The proposed transportation tax plan revokes a tax-credit for consumers’ electric cars while the state retains similar credits for similar vehicles for businesses.,1.0,0.0,47,1.0,true
"The reason 29 states no longer have a death tax ""is that the tax damaged their economic competitiveness.""",1.0,0.0,44,1.0,false
The recently passed transportation funding bill is a billion-dollar tax increase for Georgians.,3.097560975609756,0.3004062290283348,41,1.0,mostly-true
"The richest 400 taxpayers are taxed at a lower rate than a $29,000-a-year worker",3.0,0.0,51,1.0,mostly-true
"The sales tax increase, if approved, will cost taxpayers ""up to $300 million per year, in perpetuity, to finance a rail system for the City of Tampa.""",4.0,0.0,49,1.0,mostly-false
"The state and local tax deduction is a major benefit for moderate-income households because ""50% of households that claim State & Local Tax deduction make under $100K.""",3.0,0.0,50,1.0,mostly-true
The state budget contains the largest middle class tax cut in 70 years.,2.18,0.38808793449160356,50,1.0,false
"The state constitution ""clearly says there’s not to be a state income tax in Tennessee.""",2.0,0.0,45,1.0,false
"The state contributed $80 million for the new Bucks arena, but new income tax revenue from basketball events alone ""is estimated to be probably over $600 million over the life of the lease.""",3.0,0.0,57,1.0,mostly-true
"The states that are doing ""better"" are the ones that have no state income tax.",4.0,0.0,56,1.0,half-true
"The stimulus ""has delivered $43 billion in tax relief to American working families and businesses""",1.0,0.0,43,1.0,half-true
"The stimulus program ""cut taxes for 95 percent of the American people.""",2.0,0.0,58,1.0,half-true
"The tax cut deal is giving ""$700 billion to millionaires and billionaires.""",1.0,0.0,56,1.0,false
"The tax policies of George W. Bush ""created a dynamic effect of high growth.""",3.0681818181818183,0.2549717059293527,44,1.0,mostly-false
"The tax-cut deal ""adds more than $800 billion to the deficit over two years -- more than the cost of TARP and more than the cost of the Recovery Act"" and about the same as health care reform.",1.0,0.0,42,1.0,mostly-true
"The transportation package passed by the General Assembly would impose the ""largest tax increase in Virginia’s history.""",4.040816326530612,0.199914947901746,49,1.0,half-true
"The typical elementary school teacher pays $7,239 in federal income taxes, and firefighters pay $5,328, while Donald Trump paid $750.",4.0,0.0,41,1.0,half-true
"The “average federal income tax” paid by the richest Americans is “8%. … If you’re a cop, a teacher, a firefighter, union worker, you probably pay two to three times that.”",2.0,0.0,57,1.0,false
"The “average tax” for billionaires is “about 3%,” which is “a lower tax than a schoolteacher or a firefighter.""",2.0,0.0,41,1.0,false
"There is ""a situation in this country where you're nearing 50 percent of people who don't even pay income taxes.""",1.0,0.0,43,1.0,true
These guys are now pretty much living up to the @BruceRauner standard. And falling dismally short of the @MittRomney standard. Even Romney released his full tax returns.,2.7083333333333335,0.4593396431851037,48,1.0,true
"The Senate GOP plan does not raise taxes for Americans earning less than $70,000.",4.0,0.0,43,1.0,half-true
"This year’s state budget ""continues to direct millions in taxpayer dollars in advertising to the failing Start-Up NY program""",3.9375,0.24462302739504085,48,0.0,false
"Three presidents in the last century — Harding, Kennedy and Reagan — all cut taxes during recessions and produced ""rapid and dramatic economic recoveries,"" while two, Herbert Hoover and Barack Obama, did ""the opposite.""",1.0,0.0,53,1.0,false
Tim Kaine broke a campaign promise not to raise taxes.,2.0,0.0,50,1.0,mostly-false
"Tim Kaine proposed ""over $6 billion in tax increases from the time he entered the governor’s mansion until the time he left.""",1.0,0.0,53,1.0,half-true
"Tim Kaine, as governor, proposed tax increases on people earning ""as little as $17,000.""",4.0,0.0,54,1.0,true
"Tom Barrett ""voted for the largest tax increase in history ... raising taxes on gas and Social Security.""",2.0,0.0,59,1.0,mostly-false
"Tom Suozzi raised taxes ""by hundreds of millions of dollars"" as Nassau County executive.",4.0,0.0,54,0.0,true
"Trump’s plan “would suspend the 7.65% your employer matches. See? You will NOT get that, nor will your wage or salary increase by 7.65%”",2.024390243902439,0.15617376188860604,41,0.024390243902439025,half-true
"Trump’s tax plan is ""completely focused on the wealthy and the powerful - not the middle class.""",4.0,0.0,47,0.0,false
Twenty percent of housing in Portland’s Pearl District is ‘affordable.’,1.0,0.0,52,1.0,mostly-true
"Twenty percent of single adults, ages 21 to 25 with no kids, ""are not working or even in school trying to find a job.""",1.0,0.0,49,1.0,false
"U.S. Sen. Sheldon Whitehouse ""rewarded Wall Street executives with millions in bonuses.""",2.4166666666666665,0.4982237954520137,48,0.0,pants-fire
"U.S. tariffs on China are ""not hurting anybody"" in the United States.",1.0869565217391304,0.2848849246447679,46,0.0,pants-fire
"Under ""Trumpcare,"" the Republican replacement for Obamacare, ""$600 billion worth of tax breaks will go to the wealthiest in this country.""",1.0,0.0,54,1.0,half-true
"Under Cuccinelli’s tax cut plan, ""school divisions across Virginia could be forced to fire over 8,000 teachers.""",4.0,0.0,48,1.0,false
"Under Donald Trump's tax plan, ""51 percent of single parents would see their taxes go up.""",2.9148936170212765,0.2820566728469694,47,1.0,true
"Under Donald Trump's tax plan, ""the top 0.1 percent of taxpayers -- people earning multiple millions of dollars a year, on average --  would get more tax relief than the bottom 60 percent of taxpayers combined.""",1.0,0.0,60,1.0,true
"Under Gov. John Kasich’s budget proposal, ""the top one percent in Ohio will pay $10,000 less in income tax each year, but Ohio’s working and middle class families will pay more.""",1.0,0.0,53,1.0,half-true
"Under Gov. Scott Walker, Wisconsin ""projected a $1 billion (budget) surplus and it turns out to be a deficit of $2.2 billion.""",1.0,0.0,48,1.0,mostly-false
"Under Gov. Scott Walker’s proposals, ""Money is being taken away from workers, and the tax breaks given to major corporations. """,1.0,0.0,58,1.0,mostly-true
"Under Mary Burke’s leadership, Commerce Department business-incentive programs had ""major shortcomings"" and ""40 percent of jobs...didn’t materialize.""",1.0,0.0,43,1.0,mostly-true
"Under Obama's budget plan, families making over $250,000 are ""going to lose their mortgage deduction, their charitable deductions.""",1.0,0.0,56,1.0,pants-fire
"Under Obama's tax plan, ""95 percent of you will get a tax cut.""",1.0,0.0,53,1.0,half-true
"Under Obamacare, ""The IRS will have access to the American people’s protected health care information.""",2.0,0.0,48,0.0,pants-fire
"Under Obamacare, Virginia taxpayers would have been ""forced to pay for abortions"" if the General Assembly had not recently intervened.",2.0,0.0,48,1.0,false
"Under President Donald Trump’s newly signed tax law, “Those making less than $50,000 receive the largest (tax) cuts.”",2.0,0.0,54,1.0,mostly-false
"Under President George W. Bush, the U.S. ""spent $1.3 trillion on tax cuts for the wealthy"" and ""trillions"" each on a war and on Medicare drug benefits.",1.0,0.0,39,1.0,half-true
"Under President George W. Bush, the U.S. had ""52 months of ... uninterrupted job creation"" and ""revenues were at an all-time high in 2007.""",1.0,0.0,41,1.0,mostly-true
"Under Republican-backed state budget, the state education agency estimates expansion of Wisconsin’s school voucher program ""could cost nearly $2 billion annually""",1.0,0.0,56,1.0,pants-fire
"Under Scott Walker's ""tax plan, the average Wisconsin taxpayer got just $11 a month. But corporations got $610 million in tax cuts. Millionaires got at least $1,400 per year.""",1.0,0.0,58,1.0,half-true
"Under Ted Cruz’s tax plan, ""businesses will now have to pay 16 percent on the money they make. They will also have to pay 16 percent on the money they pay their employees.""",3.0384615384615383,0.19418390934515437,52,1.0,mostly-true
"Under a law proposed by Wisconsin Gov. Scott Walker, businesses that move into Wisconsin ""don't have to pay any taxes"" on their income for two years.",1.0,0.0,52,1.0,true
"Under his tax plan, ""the greatest gains, percentage-wise,"" will be ""at the lower end of our plan.""",2.260869565217391,0.44396108982135174,46,0.2608695652173913,half-true
"Under the 2017 tax law, “people who make under $75,000 will have their taxes raised in 2021 and every 2 years after that until 2027.”",2.0,0.0,60,1.0,mostly-false
"Under the GOP tax law, ""if you live in Hinsdale, Illinois … you are now being double-taxed to the tune of $35,000.""",2.076923076923077,0.2690691175985249,52,1.0,false
"Under the House Republican tax plan, in Wisconsin, ""the median household of four gets about a $2,000 tax cut, on average.""",1.0,0.0,47,1.0,half-true
"Under the House Republican tax proposal, ""the average family of four earning median income ($59,000/year) will receive an additional $1,182 in their pocket every year.""",3.38,0.4903143514780147,50,1.0,half-true
"Under the House health care bill, the government ""will have to penalize citizens if we choose not to buy a plan that will cost a minimum of about $15,000 per family per year.""",2.0,0.0,46,1.0,mostly-false
"Under the Republican tax bill, President Donald Trump ""and his family would walk off with more than a billion dollars personally.""",3.5,0.5048781642974013,52,1.0,half-true
"Under the Republican tax reform law, ""83 percent of the benefits go to the top 1 percent of individuals and large multinational corporations.""",1.0,0.0,47,1.0,half-true
"Under the compromise tax agreement, ""99.7% of American families will not pay 1 nickel in an estate tax.""",1.0,0.0,45,1.0,true
"Under the new health care law, ""all real estate transactions will be subject to a 3.8% Sales Tax""",2.0,0.0,49,1.0,pants-fire
"Under the new health care law, ""if a landscaper wants to buy a new lawnmower, or a restaurant needs a new ice-maker, they have to report that to the feds.""",1.0,0.0,53,1.0,true
"Untaxed corporate earnings used to be ""$2.5 trillion … I guess it’s $5 trillion now. Whatever it is, it’s a lot more. So we have anywhere from 4 (trillion) to 5 or even more trillions of dollars sitting offshore.""",3.076923076923077,0.2690691175985249,52,1.0,false
Up until 1913 Americans kept all of their earnings.,3.0,0.0,56,1.0,half-true
"Using a surcharge on the cigarette tax to help pay for a new downtown sports arena ""is not feasible under state law.""",3.0,0.0,53,1.0,half-true
"Val Demings ""voted with Pelosi to raise taxes over $4,000 on Florida families.""",2.0,0.0,53,1.0,mostly-false
Vice President Kamala Harris is “calling for an end to the child tax credit.”,1.0,0.0,47,0.0,pants-fire
Vice President Kamala Harris “wants struggling seniors to pay more Social Security taxes while she gives Medicare and Social Security to illegals.”,2.0,0.0,46,1.0,false
"Vice President Kamala Harris' plan “will raise taxes for the typical American family by an estimated $3,000.""",1.0,0.0,52,1.0,false
"Virginia is ""headed towards another surplus this year, unlike most states.""",1.0,0.0,50,1.0,mostly-true
Virginia tax receipts “in just the last four years alone have grown 50%.”,2.0,0.0,53,1.0,mostly-true
"Voting for ""any Democrat"" gets you ""socialism ... undefended open borders ... immediate tax increases ... 100 percent government-run health care ...""",3.0,0.0,44,1.0,pants-fire
Voucher schools have increased property taxes by $1 billion since 2011,4.0,0.0,55,1.0,mostly-false
We (in Illinois) have the fifth-highest tax burden in the country.,4.0,0.0,48,1.0,mostly-true
"Wealthy taxpayers, not middle-income earners, get ""most of the deductions"" in the tax code.",2.0,0.0,52,1.0,mostly-true
"Wendy Davis is ""threatening to raise taxes up to $35 billion.""",2.0,0.0,52,1.0,mostly-false
"What Republicans call the ""death tax"" is the estate tax ""on the ultra wealthy"" which, in 2016, was paid by only ""two out of every 1,000 people.""",1.0,0.0,55,1.0,true
"When he was Milwaukee County executive, ""eight years in a row we pushed through budgets that did not increase the tax levy from the previous year.""",1.3888888888888888,0.49207556815988546,54,1.0,mostly-false
"When it comes to income taxes, Wisconsin is ""one of the best places in the country to be poor"" but ""top 4 or 5 worst"" for middle-income earners.",1.0,0.0,44,1.0,mostly-true
"When it comes to transportation funds, Georgians spend more in taxes and on red tape than they get back from the federal government.",1.0,0.0,44,1.0,half-true
"When oil and gas prices sent state revenues up, Palin sent ""a large share of that revenue directly back to the people of Alaska.""",1.0,0.0,59,1.0,true
"When the New Hampshire Legislature raised the gasoline tax, gas prices in the state were ""skyrocketing.""",1.0,0.0,55,1.0,false
"When the United States ""first created the federal income tax, frankly, nobody below a million dollars a year paid anything.""",1.0,0.0,54,1.0,false
"When you compare our state pension system ""to other systems throughout the country, our benefits are not gold-plated. They are not rich. They are actually average or below average.""",2.196078431372549,0.4009791936316526,51,1.0,half-true
"While in the Illinois Senate, Barack Obama passed ""tax cuts for hard-working families.""",2.0,0.0,52,1.0,mostly-true
"Wisconsin has ""one of the most progressive tax codes in the country.""",1.0,0.0,62,1.0,mostly-true
"Wisconsin is ""guaranteeing Foxconn almost $3 billion, but Foxconn is not contractually guaranteeing how many full-time employees it will hire, for how long and at what pay.""",1.0,0.0,56,1.0,half-true
"Wisconsin is ""not a high tax and fee state."" When you look at ""all the money state and local governments bring in"" from residents, ""we're more in the middle.""",1.0,0.0,54,1.0,half-true
"Wisconsin property taxes, as a percentage of personal income, ""are the lowest that they've been since the end of World War II.""",1.0,0.0,50,1.0,true
"Wisconsin's $3 billion incentive offer to Foxconn is ""the largest gift ever by a state to a foreign company.""",1.0,0.0,52,1.0,half-true
"Wisconsin’s ""rainy day fund"" is ""165 times bigger than when we first took office.""",1.0,0.0,49,1.0,true
"With Medicare for All, ""study after study has shown that ... the average middle-class families will save $3,000 each and every year on their health care bills.""",2.1864406779661016,0.39280495603949234,59,1.0,mostly-false
"With a bill bringing $100 million in property tax relief, ""the typical Wisconsin homeowner will save approximately $680 over four years.""",1.0,0.0,56,1.0,pants-fire
"With his proposal to cut income and property taxes, Scott Walker is ""increasing the state deficit at a time when borrowing is already at record levels.""",1.0454545454545454,0.21070705494148542,44,1.0,mostly-false
"With the Republican tax law, ""the rich folks got $1.5 trillion.""",2.0,0.0,57,0.0,half-true
"With the Republican-backed tax cut, ""we’re seeing the result, and to date, federal tax revenues have gone up.""",2.6862745098039214,0.46862334890320484,51,0.6862745098039216,half-true
"With the Trump tax law, ""70 percent of the benefits went to the wealthiest 1 percent.""",3.0,0.0,48,1.0,half-true
You must list all your guns on your 2010 tax return.,1.0,0.0,46,1.0,pants-fire
“$1.5 billion of your taxpayer money is sitting in an account” that can be used for other purposes.,4.685185185185185,0.46880313581901145,54,1.0,mostly-false
"“$400,000 ... is more money than I’ve ever made” in a year.",4.44,0.5014265364224069,50,1.0,mostly-false
“82% of Americans...would experience a tax increase if Biden were elected.”,4.0,0.0,56,1.0,false
"“A new, independent study put out last week found that at least 55 of our largest corporations used various loopholes to pay zero federal income tax in 2020.”",2.0,0.0,49,1.0,mostly-true
"“After California taxes, Trey Lance's $34.1M rookie deal becomes just $16M.""",3.0185185185185186,0.13608276348795434,54,1.0,half-true
"“After the referendum, Milwaukee Public Schools has a larger tax levy than the City of Milwaukee.”",2.0,0.0,55,1.0,true
"“America now has a government that forbids border agents from using deadly force, but is training IRS agents to use SWAT-team tactics on law-abiding citizens.”",2.0,0.0,47,1.0,false
"“Americans who worked through the pandemic are being paid up to $26,000 by qualifying for the Employee Retention Credit.”",1.0,0.0,50,1.0,false
"“As a Californian, we have given more to the recovery of other states than any other state in the union.”",2.0,0.0,51,1.0,mostly-true
"“As soon as Biden took office, he eliminated all subsidies for fossil fuels.”",2.0,0.0,44,1.0,mostly-false
“As your Lieutenant Governor…I cut your taxes.”,3.0,0.0,50,1.0,mostly-false
"“Bernie Sanders wants free health care for all and was asked how he would pay for it. His answer was raise taxes to 52% on anybody making over $29,000 per year.”",1.0,0.0,48,1.0,false
“Biden signs 45% capital gains tax. Kiss your inheritance goodbye.”,1.0,0.0,44,1.0,false
“Biden’s Treasury Department declares IRS will monitor” all accounts over $600.,1.9545454545454546,0.21070705494148542,44,0.9545454545454546,mostly-false
"“Biden’s tax rate on a family making 75,000 dollars would go from 12% to 25%.”",1.0,0.0,45,1.0,false
“California provides $83.1 billion more than we receive from the federal government. Texas? Receives $71.1 billion more than they provide to the federal government. 71% of the U.S. GDP comes from blue counties.”,2.0,0.0,46,1.0,mostly-true
“Congress just voted to exempt themselves from IRS auditing of their personal finances.”,1.0,0.0,56,1.0,false
“DeSantis erases Disney’s tax exempt law. Will cost Disney $200 Mil in taxes. Per year!”,1.9166666666666667,0.279310193865464,48,1.0,false
"“Democrats are voting to add an army of 87,000 IRS agents who will target middle class taxpayers and conduct at least 1 million more audits each year. ”",2.0,0.0,51,1.0,mostly-false
"“Democrats' new army of 87,000 IRS agents will be coming for you — with 710,000 new audits for Americans who earn less than $75k.”",2.925925925925926,0.2643505285727148,54,0.9259259259259259,mostly-false
"“Democrat’s New Plan: Tax billionaires to lower the deficit by $1 TRILLION and fund clean energy independence. Republican’s New Plan: Raise taxes on households earning less than $50,000 by an ADDITIONAL $4,500 after CUTTING taxes for the rich.”",2.0,0.0,51,1.0,mostly-false
“FUN FACT: West Virginia is home to zero billionaires.”,1.0,0.0,54,1.0,true
“Fifty-one percent of our taxes are paid by 2% of New Yorkers.”,2.0,0.0,50,1.0,mostly-true
"“For every dollar in federal taxes my constituents pay, we get a mere 93 cents back.”",3.0,0.0,55,1.0,mostly-true
“Gov. Tony Evers brought Republicans and Democrats together to cut income taxes for the middle class.”,2.6140350877192984,0.4911497431287515,57,0.6140350877192983,half-true
“Harvard is sitting on top of a $54 billion hedge fund they call an ‘endowment’ that they pay zero taxes on. Yale has $31 Billion. Stanford $29 Billion. Princeton $26 Billion.”,4.0,0.0,49,1.0,half-true
“I can send every qualified person to a four-year college in their state for $150 billion.”,3.1454545454545455,0.3558079911965533,55,1.0,false
“I delivered on my campaign promise for a 10% tax cut for Wisconsin families.”,2.0,0.0,59,1.0,mostly-false
"“I pay $165 a month on my student loans for the next 13 years to pay them off. With Bernie Sanders’ plan, my student loans will be forgiven. I’ll only have to pay $450 extra in taxes a month for the next 25 years to make sure I’ll have no more student debt.”",2.0,0.0,51,1.0,false
"“If every one of the 340 million people in America paid a new $35 copay to visit the doctor, that still wouldn’t be enough to cover how much Meta would get from just one tax break in Donald Trump's ‘Big Beautiful Bill.’""",3.0,0.0,59,1.0,half-true
"“If we don’t pass the tax bill by the end of the year, we will have the largest tax increase in American history.”",3.0714285714285716,0.25987009741882106,56,0.07142857142857142,mostly-true
“If you earn $100 and pay $33 income tax you’re left with $67. You then buy $67 worth of fuel and in doing so pay a 48% fuel tax (fuel tax = $32.16 + $6.70 GST). This means that the government just got $71.86 tax from your hard earned $100.”,2.0,0.0,50,1.0,mostly-false
"“If you make $50,000/year, $36 of your taxes goes to food stamps. $4,000 goes to corporate subsidies.”",1.0,0.0,62,1.0,false
"“If you make less than $100,000, Trump is about to raise your taxes. Currently, you’re taxed at 10% and then 12%. He would raise that to a flat rate of 15%.”",2.0,0.0,46,1.0,false
“If you or your family spends $28 a day — prepare to be under constant audit by the IRS.”,2.0,0.0,53,1.0,false
"“If you’re a low-wage worker and you’re single and don’t have children, we’re literally taxing you into poverty.""",3.0,0.0,48,1.0,mostly-true
“In Congress Ron DeSantis pushed a 23% national sales tax.”,2.148936170212766,0.3598745798587225,47,0.14893617021276595,half-true
"“It's estimated” that President Donald Trump’s tariffs will mean “American families would have to pay about $4,000 more a year.”",2.0,0.0,50,1.0,mostly-true
“J.D. Vance called for higher taxes.”,3.3947368421052633,0.49535538344028496,38,1.0,half-true
“Joe Biden wants to raise taxes on 82% of all Americans.”,2.0,0.0,45,1.0,false
"“Kamala cast the tiebreaking vote to hire 87,000 new IRS agents to go after your tip income.”",2.0,0.0,50,1.0,false
“Killing the payroll tax means killing Social Security.”,2.0,0.0,54,0.0,half-true
"“Let me splain how ‘no payroll taxes’ helps you, it doesn’t. It helps employers.”",2.1666666666666665,0.3766217885773547,48,0.16666666666666666,half-true
"“More than half of the $739 billion tax increase (in the Inflation Reduction Act) will go to wasteful Green New Deal programs like tree equity, 'clean' garbage trucks, and studying cow farts.""",3.0,0.0,52,1.0,mostly-false
“NYT is correcting their lies..Trump paid $1M in 2016 & $3.8M in 2017-18..THEY LIED..AGAIN. INFO ON TWITTER THIS AM.”,1.1636363636363636,0.37335497772755005,55,1.0,false
“Never in American history has so much been spent at one time. Never in American history will so many taxes be raised and so much borrowing be needed to pay for this reckless spending.”,1.9444444444444444,0.23121228232266414,54,1.0,false
“Paying taxes is optional!!”,1.0,0.0,50,0.0,pants-fire
“Regulating and taxing marijuana—much like we do alcohol—would generate more than $165M in revenue starting in 2022”,3.0,0.0,59,1.0,mostly-true
“Republicans on the Joint Finance Committee removed more than $8 billion in spending increases from Gov. Evers' budget proposal.”,2.58,0.49856938190328987,50,1.0,mostly-true
"“Sen. Jacky Rosen voted to increase taxes on families making less than $75,000 a year.”",2.0,0.0,47,1.0,mostly-false
“Tariffs are a tax cut for the American people.”,1.3777777777777778,0.4903101471559001,45,1.0,false
"“Teachers can only deduct up to $250 for school supplies on their taxes, but billionaires can write off the entire cost of a private jet.”",3.021276595744681,0.14586499149789456,47,0.02127659574468085,mostly-true
“The (Evers) Era locked Wisconsin families into a 400‑year property tax increase.”,3.188679245283019,0.39499774943783905,53,0.18867924528301888,mostly-true
"“The Biden administration is attempting to empower the IRS to monitor every single withdrawal, deposit, and transaction you make from your personal banking accounts, PayPal, Venmo, etc.""",2.0,0.0,59,1.0,mostly-false
“The CBO says (the Build Back Better Act) is $3 trillion of deficit spending.”,2.0,0.0,48,1.0,false
"“The Congressional Budget Office says 90% of the revenue generated from the new IRS agents will come from people making less than $200,000 … and the revenue generated will be $300-plus billion.”",2.0,0.0,53,1.0,false
“The Democrats want you American taxpayers to shell out $3 billion for ‘non-racist’ trees.”,2.0,0.0,57,1.0,mostly-false
“The Inflation Reduction Act led to higher taxes.”,1.6170212765957446,0.491368607293056,47,1.0,mostly-false
“The average (Wisconsin) resident’s tax burden is at its lowest level in nearly 50 years while incomes continue to grow.”,2.0,0.0,45,1.0,true
"“The largest contributor to the debt ceiling, or to our deficit, has been the Trump tax cuts.”",2.0,0.0,53,1.0,false
“The loss of SALT deductibility cost our state $15 billion in revenue. So New Yorkers are paying more in taxes and receiving fewer services because of Donald Trump.”,3.803921568627451,0.4009791936316525,51,1.0,mostly-false
"“The nonpartisan Congressional Budget Office says with the supersized staff, the IRS audit rate ‘would rise for ALL taxpayers’ regardless of income, and would even result in audits of innocent Americans who have paid their taxes and don’t owe the IRS anything.”",3.0,0.0,55,1.0,half-true
“The president has exploded the debt by more than $3 trillion — all to give billion-dollar tax cuts to the wealthiest few.”,3.0,0.0,46,1.0,half-true
“The single biggest driver of our national debt since 2001 has been Republican tax cuts.”,3.0,0.0,52,1.0,half-true
"“The state of Illinois has a lower income tax rate than we do, and a flat tax. It’s almost half of what the top bracket here in Wisconsin is.”",3.912280701754386,0.28540083056153337,57,0.9122807017543859,mostly-true
"“This one here has subsidies for people making as much as $800,000 to be able to buy a Tesla.”",2.0,0.0,58,1.0,mostly-false
"“This ‘infrastructure bill’ on page 2,385 presents a federal property tax of 3 percent on all homes and land - both residential and commercial.”",1.0,0.0,50,0.0,pants-fire
"“Three percent is not a modest tax increase, if you own a $100,000 home in the city of Buffalo, that means an extra $300 a year.”",3.926829268292683,0.26365165488187486,41,1.0,false
“Tim Michels pushed for years to raise (Wisconsin’s) gas tax.”,2.0,0.0,48,1.0,mostly-false
“Trump passed a new law that whoever is paying the child support will get to declare those children on their taxes.”,1.0,0.0,41,1.0,false
“WV families making less than $400K & small businesses will NOT be targeted by the IRS.”,2.017857142857143,0.1336306209562122,56,1.0,mostly-true
“We had the biggest tax cut for families that this country has ever seen.”,2.0,0.0,47,1.0,mostly-false
"“Were you aware the $3.5 Trillion Human Infrastructure package includes an animal agriculture tax of $2,600‼️ per head of cattle? $500 for swine!!!""",1.0,0.0,44,1.0,false
“We’re the only major gas-producing state in the US that doesn’t have a severance tax.”,1.0,0.0,53,1.0,true
"“When a basketball player or football or baseball player from another team plays in Wisconsin, that one game's salary, they pay Wisconsin income tax on it. ... So, if for some reason we do not have the Brewers in Wisconsin all of those player salaries that generate dollars for the State of Wisconsin go away.""",2.0,0.0,49,1.0,true
"“While serving as Town Supervisor, Nate McMurray voted to raise taxes on homeowners.”",3.46,0.5034574339058885,50,1.0,true
“Wisconsin Governor (Tony) Evers wanted to raise your taxes by $1 billion in a pandemic. Republicans stopped him and delivered the largest tax CUT in state history.”,3.0,0.0,55,0.0,mostly-true
“You must give EVERY PENNY” of the advance child tax credit payments back when you file your 2021 taxes.,2.0,0.0,43,1.0,mostly-false
