statement,true_verdict,predicted_verdict,prediction_set,set_size,is_covered
"""Marco Rubio is following his party bosses, like Rick Scott, with his plan to raise taxes on Florida's working families, retirees and veterans.""",false,false,"['mostly-false', 'false']",2,True
"""Rhode Island has the second highest per enrollee (Medicaid) cost of any state in the country, which is 60 percent higher than the national average.""",mostly-true,mostly-true,"['true', 'mostly-true']",2,True
"“If you make $50,000/year, $36 of your taxes goes to food stamps. $4,000 goes to corporate subsidies.”",false,false,['false'],1,True
“The Inflation Reduction Act led to higher taxes.”,mostly-false,mostly-false,['mostly-false'],1,True
"""I was speaking out on pension reform almost 17 years ago.""",mostly-true,mostly-true,"['true', 'mostly-true', 'half-true', 'mostly-false']",4,True
"""Scott Walker has given a $10,000 tax deduction to millionaires who send their kids to exclusive private schools.""",mostly-false,mostly-false,"['half-true', 'mostly-false', 'false']",3,True
Says the state tax burden per citizen in New York is twice as high as in Florida.,mostly-true,mostly-true,"['true', 'mostly-true', 'half-true']",3,True
"Sen. McCain's tax plan provides ""virtually nothing to the middle class.""",mostly-false,mostly-false,"['mostly-false', 'false']",2,True
"“Teachers can only deduct up to $250 for school supplies on their taxes, but billionaires can write off the entire cost of a private jet.”",mostly-true,false,"['half-true', 'mostly-false', 'false']",3,False
"Wealthy taxpayers, not middle-income earners, get ""most of the deductions"" in the tax code.",mostly-true,mostly-true,"['true', 'mostly-true']",2,True
"""It is a commitment voters take very seriously: The only incumbent in Ohio to break his Pledge and vote for Ted Strickland's income tax hike was defeated soundly on Tuesday.""",mostly-true,mostly-true,['mostly-true'],1,True
"Says state schools superintendent candidate Don Pridemore ""voted for the largest cuts to public education in our state history"" and for ""$2.3 billion in tax breaks for corporations and the wealthy.""",half-true,half-true,['half-true'],1,True
"Cranston's 2014-2015 ""budget funds 100 percent of the local police and fire pension and other retiree benefit costs.""",mostly-true,mostly-true,"['mostly-true', 'half-true', 'mostly-false', 'false']",4,True
"""There's no real evidence in the last 20 years that"" growth from tax cuts has made up lost revenue.",true,mostly-true,"['true', 'mostly-true']",2,True
"Says Donald Trump ""hasn’t broken his promise"" to release his tax returns.",false,false,"['mostly-false', 'false']",2,True
"“Three percent is not a modest tax increase, if you own a $100,000 home in the city of Buffalo, that means an extra $300 a year.”",false,false,"['mostly-true', 'half-true', 'mostly-false', 'false']",4,True
"""Republicans in Congress refuse to list a single tax loophole they are willing to close.""",true,mostly-true,"['true', 'mostly-true', 'half-true']",3,True
"""We offer a tremendous amount of low calorie, no calorie options, like waters, unsweetened products, low calorie diet items. All of which unfortunately are taxed by this tax.""",pants-fire,false,"['mostly-false', 'false']",2,False
"The Affordable Care Act ""basically puts a penalty or a tax on employers for every new job they create.""",half-true,mostly-false,"['half-true', 'mostly-false', 'false']",3,True
"“More than half of the $739 billion tax increase (in the Inflation Reduction Act) will go to wasteful Green New Deal programs like tree equity, 'clean' garbage trucks, and studying cow farts.""",mostly-false,false,"['mostly-false', 'false', 'pants-fire']",3,True
"John McCain ""voted against the Bush tax cuts, both times.""",mostly-true,mostly-true,['mostly-true'],1,True
"""Most people below $50,000 don’t pay any income tax. The top 1 percent in our country pay 40%.""",mostly-true,mostly-true,"['true', 'mostly-true']",2,True
"""We have the highest tax rate anywhere in the world.""",false,false,['false'],1,True
"""Odd fact for odd draft: No. 2 overall pick will earn more than the No. 1 pick due to no state tax in Florida. So 2 not so bad.""",mostly-true,false,"['mostly-true', 'half-true', 'mostly-false', 'false']",4,True
"""With the tax controls we already put in place, property taxes on a typical home in December of 2014 will actually be lower than they were in December of 2010.""",mostly-true,mostly-true,['mostly-true'],1,True
"""I released way more (tax) information than Bruce Rauner has.""",false,false,"['mostly-true', 'half-true', 'mostly-false', 'false']",4,True
"“After the referendum, Milwaukee Public Schools has a larger tax levy than the City of Milwaukee.”",true,true,"['true', 'mostly-true']",2,True
"Cheri Beasley “backs tax hikes — even on families making under $75,000.”",mostly-false,false,"['mostly-false', 'false']",2,True
Says Social Security is a “legal Ponzi scheme.”,mostly-false,false,"['mostly-true', 'half-true', 'mostly-false', 'false']",4,True
"President Trump was ""kicked off"" the California ballot",pants-fire,false,['false'],1,False
"""Your family"" will pay $2,500 ""after Kara Eastman eliminates your tax cut.""",false,mostly-false,"['mostly-false', 'false']",2,True
"Middle-class Americans ""pay a higher tax rate than millionaires and billionaires.""",half-true,half-true,['half-true'],1,True
"Says the Internal Revenue Service estimated it must hire ""16,500 agents at a cost of $10 billion to the taxpayer"" to enforce the federal health care overhaul.",false,false,['false'],1,True
"Says when New York ""implemented a program"" to tax the wealthy at higher rates it saw a revenue shortfall ""because of the outward migration of their top earners.""",false,false,"['half-true', 'mostly-false', 'false']",3,True
"The Republican tax reform proposal is focused on tax breaks for the middle class ""and not about people who are really high-income earners getting a tax break.""",mostly-false,mostly-false,['mostly-false'],1,True
"Patrick Rose ""voted to explore a state income tax.""",pants-fire,pants-fire,['pants-fire'],1,True
"""The average American is working through the month of May just to pay off the government.""",half-true,half-true,['half-true'],1,True
"""[O]ver 200,000 ordinary citizens were given the opportunity to identify projects they preferred.""",true,true,['true'],1,True
"Says Paul Ryan ""voted for two wars that were unpaid for, voted for the Bush tax cuts that were unpaid for, voted for the prescription drug bill that cost as much as my health care bill -- but wasn't paid for.""",mostly-true,mostly-true,['mostly-true'],1,True
"Says Gov. Tony Evers ""proposed raising taxes on the agriculture industry to pay for expanded welfare programs.""",mostly-false,mostly-false,"['mostly-true', 'half-true', 'mostly-false']",3,True
"Says state Sen. Randy Hopper, R-Fond du Lac, unlike typical taxpayers, ""didn’t pay taxes""",mostly-false,false,"['mostly-false', 'false']",2,True
Says Ford agreed to invest $900 million at an Ohio plant because Donald Trump “lowered taxes” and is now moving the project to Mexico because Joe Biden is “increasing taxes.”,mostly-false,false,"['mostly-false', 'false']",2,True
"""I released the most extensive financial review of anybody in the history of politics. … You don't learn much in a tax return.""",false,false,"['mostly-false', 'false']",2,True
"Gov. Maggie Hassan’s budget proposal ""raises taxes on small businesses and increases taxes and fees by $100 million.""",mostly-true,mostly-false,"['half-true', 'mostly-false', 'false']",3,False
One-third of the economic stimulus package was tax cuts.,mostly-true,mostly-true,['mostly-true'],1,True
"""In 1986, President Ronald Reagan"" cut the business tax rate to 34 percent and ""it worked -- our economy boomed, the middle class thrived and median family income increased.""",mostly-false,mostly-false,['mostly-false'],1,True
"Says Republican presidential candidate and Gov. John Kasich has spent 177 days out of state and used $350,000 in taxpayer money on his ""costly campaign.""",true,mostly-true,"['mostly-true', 'half-true', 'mostly-false', 'false']",4,False
“The single biggest driver of our national debt since 2001 has been Republican tax cuts.”,half-true,mostly-false,"['mostly-true', 'half-true', 'mostly-false']",3,True
"Says that as Wisconsin governor he ""never raised taxes.""",false,false,['false'],1,True
"Mark Warner voted for ""nearly $1 trillion in new taxes and $7 trillion in new debt.""",true,mostly-true,"['true', 'mostly-true', 'half-true', 'mostly-false']",4,True
"""The truth is this tax [plan] raises middle-class taxes.""",half-true,mostly-true,"['true', 'mostly-true', 'half-true', 'mostly-false', 'false']",5,True
"""The top 1% pays 90% of income taxes.”",false,false,"['mostly-false', 'false']",2,True
"""Corporate taxes will soon be the highest in the industrialized world.""",mostly-true,mostly-true,"['mostly-true', 'half-true']",2,True
"John McCain ""voted against the tax cuts of 2001 and 2003, wrongly claiming they helped only the rich.""",mostly-true,mostly-true,['mostly-true'],1,True
"""Tax dodging costs developing countries $200 billion every year.""",half-true,mostly-true,['mostly-true'],1,False
"""Health care mandate will require imprisonment and fines for Americans who can’t afford to purchase insurance or pay hefty government penalties.""",mostly-false,mostly-false,"['mostly-false', 'false']",2,True
"Under Cuccinelli’s tax cut plan, ""school divisions across Virginia could be forced to fire over 8,000 teachers.""",false,mostly-false,"['mostly-true', 'half-true', 'mostly-false', 'false']",4,True
"Says he ""will put a moratorium on tax hikes to keep families in their homes.""",half-true,mostly-false,"['mostly-false', 'false']",2,False
Says the U.S. federal income tax rate was 0 percent until 1913.,half-true,false,['false'],1,False
"""We have the most progressive tax system in the country, right here in Vermont.""",mostly-false,mostly-false,"['half-true', 'mostly-false', 'false']",3,True
"""Wisconsin’s state budget is almost twice as large per person as the state budget of Texas, and even after billions in tax cuts, Wisconsin’s working families and businesses remain subject to a heavy tax burden.""",mostly-true,mostly-true,['mostly-true'],1,True
"""As governor, Kasich delivered the largest tax cut in the nation.""",mostly-false,false,"['mostly-false', 'false']",2,True
"Passage of Clinton budget bill in 1993 ""led to an enormous flowering of the economy in America.""",half-true,half-true,['half-true'],1,True
The government is arming up the IRS because “Joe Biden is raising taxes and disarming Americans.”,false,false,"['mostly-false', 'false']",2,True
"""Even Richard Nixon released his tax returns to the public when he was running for president ...""",mostly-false,false,['false'],1,False
"“As soon as Biden took office, he eliminated all subsidies for fossil fuels.”",mostly-false,false,"['mostly-false', 'false']",2,True
Film and television productions generated a $6 billion economic impact for Georgia’s economy in the most recent fiscal year.,half-true,mostly-true,"['true', 'mostly-true', 'half-true', 'mostly-false']",4,True
"""Under President Obama: $4,000 tax hike on middle-class families.""",pants-fire,false,"['mostly-false', 'false']",2,False
"Half of the proposed federal tax breaks ​""would go to the wealthiest 1 percent.""",half-true,mostly-true,"['mostly-true', 'half-true', 'mostly-false']",3,True
"Three presidents in the last century — Harding, Kennedy and Reagan — all cut taxes during recessions and produced ""rapid and dramatic economic recoveries,"" while two, Herbert Hoover and Barack Obama, did ""the opposite.""",false,false,['false'],1,True
"""We’ve seen property taxes go down for the first time in 12 years on a median valued home.""",mostly-true,mostly-true,['mostly-true'],1,True
"Like me, Scott Walker opposed the 1998 transportation bill and the $9 billion of wasteful spending.",false,false,['false'],1,True
"""Thanks to our reforms, the average family will have an extra $322 to spend.""",mostly-true,mostly-true,['mostly-true'],1,True
"The ""48, 49 percent"" that supports President Barack Obama are ""people who pay no income tax.""",false,false,"['mostly-false', 'false']",2,True
"""My plan actually gives the middle class the greatest break: $2,000 per family.""",mostly-false,mostly-false,"['half-true', 'mostly-false', 'false']",3,True
"""Under Republican Governor Chris Christie, tolls cost more. Train and bus rides cost more. College tuition goes up. But Christie protected a tax cut for millionaires.""",mostly-true,mostly-true,"['mostly-true', 'half-true']",2,True
"Says Russ Feingold ""voted to raise taxes on Social Security benefits for seniors, he even tried to give Social Security benefits to illegal immigrants.""",mostly-false,mostly-false,['mostly-false'],1,True
"Rick Perry ""has advocated abandoning Social Security, scuttling Medicaid and ending the federal income tax.""",half-true,half-true,['half-true'],1,True
"Says condoms ""used to be tax-exempt here in Texas.""",true,true,"['true', 'mostly-true']",2,True
"New York state has the ""second highest millionaires tax in the nation.""",mostly-false,false,"['mostly-true', 'half-true', 'mostly-false', 'false']",4,True
"Dan McCready ""did admit he opposes middle class tax cuts.""",false,false,"['mostly-false', 'false']",2,True
"The “average tax” for billionaires is “about 3%,” which is “a lower tax than a schoolteacher or a firefighter.""",false,false,"['mostly-false', 'false']",2,True
"""When career politician Daniel Webster became speaker of the House, he wasted $32,000 of our money on a spiral staircase for his office.""",mostly-true,false,"['true', 'mostly-true', 'half-true', 'mostly-false', 'false']",5,True
Says Joe Cunningham voted for $5 million in taxpayer funds to go into his and other politicians’ campaigns to pay for personal expenses and TV ads.,half-true,mostly-true,"['mostly-true', 'half-true', 'mostly-false', 'false']",4,True
"Any state tax law has to start in the House and the renewal of the state hospital bed tax this year started in the Senate, which is unconstitutional.",mostly-false,false,"['mostly-false', 'false']",2,True
"""Our tax code is so complicated it extracts $140 billion in extra tax preparation costs every year - one thousand dollars for every American family.""",half-true,half-true,['half-true'],1,True
"""His new running mate, Congressman Ryan, put forward a plan that would let Governor Romney pay less than 1 percent in taxes each year.""",mostly-true,true,"['true', 'mostly-true', 'half-true', 'mostly-false', 'false']",5,True
"""They're paying a less rate of tax -- these richest people in America -- than they have in the last 80 years.""",mostly-true,mostly-true,"['mostly-true', 'half-true']",2,True
"""We have the highest corporate income tax in the world right now.""",mostly-true,mostly-true,['mostly-true'],1,True
"""I've cut taxes for ... middle-class families, small businesses.""",mostly-true,true,"['true', 'mostly-true']",2,True
"""We worked together to enact ... the largest tax cut in Florida history.""",false,false,['false'],1,True
"""The elimination of income and sales taxes in New York is equal to 9 percent of taxable income, meaning that if you make $100,000 a year you lose $9,000""",false,mostly-true,"['mostly-true', 'half-true', 'mostly-false', 'false']",4,True
"The U.S. ""tax rate on successful small businesses is 44.6 percent,"" while the business tax rate in Canada is 15 percent.",true,true,['true'],1,True
"Wisconsin is ""not a high tax and fee state."" When you look at ""all the money state and local governments bring in"" from residents, ""we're more in the middle.""",half-true,half-true,['half-true'],1,True
"Under Ted Cruz’s tax plan, ""businesses will now have to pay 16 percent on the money they make. They will also have to pay 16 percent on the money they pay their employees.""",mostly-true,mostly-false,"['mostly-true', 'half-true', 'mostly-false']",3,True
"""And delivered more tax relief than the other Republicans combined.""",mostly-true,mostly-true,['mostly-true'],1,True
"Says Democratic congressional candidate Tom Malinowski ""supports a full repeal of the 2017 tax law, which includes vital tax incentives"" for New Jersey communities.",half-true,mostly-true,"['true', 'mostly-true', 'half-true', 'mostly-false']",4,True
"The state contributed $80 million for the new Bucks arena, but new income tax revenue from basketball events alone ""is estimated to be probably over $600 million over the life of the lease.""",mostly-true,mostly-true,"['true', 'mostly-true', 'half-true']",3,True
"If voters agree in November to approve a one-cent sales tax increase, that will give ""Hillsborough County the highest sales tax of all Florida counties.""",true,false,"['true', 'mostly-true', 'half-true', 'mostly-false', 'false', 'pants-fire']",6,True
"The health care law is ""the largest tax [increase] in the history of our country""",false,false,['false'],1,True
"When oil and gas prices sent state revenues up, Palin sent ""a large share of that revenue directly back to the people of Alaska.""",true,true,['true'],1,True
"""Democrats are kind of falling over each other seeing who can raise taxes faster. It looks like they're going to raise taxes anywhere between 20 to 30 percent.""",half-true,mostly-false,"['half-true', 'mostly-false', 'false']",3,True
"Says President Joe Biden ""is trying to send taxpayer dollars to manufacturers overseas that do not abide by the same (carbon emission) standards we do at home.""",half-true,mostly-false,"['mostly-false', 'false']",2,False
Says families now pay out 40 percent of their income to taxes.,mostly-false,mostly-false,"['mostly-false', 'false']",2,True
"""The average tax bill for Americans in 2016 was a 41 percent increase from 2013.""",half-true,false,"['mostly-false', 'false']",2,False
"Says Jeanne Shaheen ""voted for a measure that would have amounted to a new national energy tax.""",mostly-false,false,"['true', 'mostly-true', 'half-true', 'mostly-false', 'false']",5,True
"Jim Justice “broke his pledge, raised the gas tax.”",false,mostly-false,"['half-true', 'mostly-false', 'false']",3,True
"“This one here has subsidies for people making as much as $800,000 to be able to buy a Tesla.”",mostly-false,mostly-false,"['mostly-false', 'false']",2,True
“Harvard is sitting on top of a $54 billion hedge fund they call an ‘endowment’ that they pay zero taxes on. Yale has $31 Billion. Stanford $29 Billion. Princeton $26 Billion.”,half-true,mostly-false,"['mostly-true', 'half-true', 'mostly-false', 'false']",4,True
Says Joe Biden’s “capital gains tax means that when you sell your home you’ll owe taxes of 40% of your profit!”,mostly-false,mostly-false,['mostly-false'],1,True
“WV families making less than $400K & small businesses will NOT be targeted by the IRS.”,mostly-true,true,"['true', 'mostly-true']",2,True
Up until 1913 Americans kept all of their earnings.,half-true,half-true,"['mostly-true', 'half-true', 'mostly-false']",3,True
"""Of the 14 wealthy OECD countries with a wealth tax in 1996, 10 have since then abandoned it.""",mostly-true,mostly-true,"['true', 'mostly-true', 'half-true', 'mostly-false']",4,True
"""In America, there is a father who is holding down two jobs and paying more taxes than the richest 400 families in America.""",mostly-false,half-true,"['mostly-true', 'half-true', 'mostly-false']",3,True
"""Each [Corbett administration] budget finished in the black.""",half-true,mostly-true,"['mostly-true', 'half-true', 'mostly-false', 'false']",4,True
The North Carolina state budget includes “the largest cut in our personal income tax that we’ve ever seen.”,false,false,"['half-true', 'mostly-false', 'false']",3,True
"""Pat Toomey thinks corporations shouldn't pay any taxes.""",mostly-true,mostly-true,['mostly-true'],1,True
"Rhode Island has invested less in tourism, economic development and economic development personnel than four nearby states.",mostly-false,mostly-true,"['true', 'mostly-true', 'half-true', 'mostly-false']",4,True
"Says Cal Cunningham “got a $40,000 tax incentive to update his butler’s pantry.”",half-true,true,"['true', 'mostly-true', 'half-true', 'mostly-false']",4,True
"The ""highest economic growth decade was the 1960s. Income tax rates were 90 percent.""",mostly-true,mostly-true,"['true', 'mostly-true', 'half-true']",3,True
"President Obama plans to ""impose a tax of at least 23 percent on the Medicare prescription drug benefit for low-income beneficiaries.""",false,false,"['mostly-false', 'false']",2,True
"A poll taken ""a few months ago"" found ""70 percent approval or higher"" for the Act 10 collective bargaining law.",false,false,['false'],1,True
Says that the federal gas tax has not been raised since 1993.,true,true,['true'],1,True
"""Not one penny of (California’s Prop 67) bag ban tax goes to the environment.""",half-true,false,"['half-true', 'mostly-false', 'false']",3,True
"Says U.S. Senate rival Eric Hovde ""refused to pay his property taxes until he was taken to court.""",mostly-true,mostly-true,"['mostly-true', 'half-true']",2,True
The U.S. loses more on tax breaks than it collects in personal income taxes.,true,true,['true'],1,True
The federal health care law raises taxes and cuts Medicare.,mostly-true,mostly-false,"['mostly-true', 'half-true', 'mostly-false', 'false']",4,True
Says two-thirds of groups targeted for IRS scrutiny were not conservative.,pants-fire,false,"['mostly-false', 'false']",2,False
Tax increases under Michigan Gov. Jennifer Granholm led to state unemployment going from 6.8 percent to 15.3 percent.,mostly-false,false,"['mostly-false', 'false']",2,True
"Says since 2000, Austin’s ""tax burden"" rose more than 40 percent while family income rose more than 20 percent.",mostly-true,true,"['true', 'mostly-true']",2,True
"Florida has the ""third most-regressive tax"" structure.",mostly-true,mostly-true,"['true', 'mostly-true']",2,True
"""Fifty percent of Speaker Gingrich’s tax plan goes to the top 1 percent.""",mostly-true,mostly-true,"['mostly-true', 'half-true', 'mostly-false', 'false']",4,True
"Says Gov. Tony Evers ""tried to make us pay even more at the pump by hiking the gas tax.""",half-true,mostly-false,"['half-true', 'mostly-false', 'false']",3,True
"""Western New Yorkers pay some of the highest property taxes in the state.""",half-true,true,"['true', 'mostly-true']",2,False
"Says Ronald Reagan ""reversed his world’s ‘largest tax cut’ and raised taxes when revenues did not match the expectations.""",mostly-true,true,"['true', 'mostly-true', 'half-true']",3,True
Joe Biden wants “to quadruple your taxes.”,false,false,['false'],1,True
"""We have the highest (corporate tax rates) in the world right now.""",mostly-true,mostly-true,['mostly-true'],1,True
Says income tax rates under Eisenhower were as high as 90 percent.,true,true,"['true', 'mostly-true', 'half-true', 'mostly-false', 'false']",5,True
"""A middle-class family donates $1 to charity, they get 15 cents off their income tax. Bill Gates donates $1 to charity, he takes 35 cents off his income tax.""",true,true,['true'],1,True
"""Last year the IRS audited Americans earning less than $25,000 a year at five times the rate of other groups.""",mostly-true,mostly-false,"['mostly-true', 'half-true', 'mostly-false', 'false']",4,True
"The federal health care law is ""probably the biggest tax increase ever in the history of our country.""",false,false,['false'],1,True
"Dan Patrick ""got caught not paying his taxes"" and ""pocketed his employees’ payroll taxes.""",half-true,false,"['mostly-true', 'half-true', 'mostly-false', 'false']",4,True
"""The top 1 percent of income-earners pay about 40 percent of all taxes into the federal government.""",false,false,['false'],1,True
"Under Obamacare, ""The IRS will have access to the American people’s protected health care information.""",pants-fire,false,"['mostly-false', 'false']",2,False
"The GOP tax plan ""Sabotages the health care of 13 MILLION Americans.""",half-true,mostly-false,"['mostly-true', 'half-true', 'mostly-false']",3,True
"""The problem with raising tax rates on the wealthiest Americans is that more than half of them are small business owners.""",false,false,['false'],1,True
"The new tax law is ""kicking the American economy into high gear with $5.5 trillion in tax cuts.""",mostly-false,mostly-false,['mostly-false'],1,True
"Says Jim Frishe wanted to ""tax us for doing our taxes"" through an accountant.",true,false,"['half-true', 'mostly-false', 'false']",3,False
"The changes to Georgia’s tax and fee structure ""is an overall tax cut.""",true,true,['true'],1,True
"Says Scott Walker rejected legislation to make college loan payments tax deductible and the result was ""to raise taxes on students.""",false,false,['false'],1,True
"The health care reform bill ""is the largest tax increase in U.S. history.""",false,false,['false'],1,True
"Says ""I've authored the first bipartisan tax reform bill in a quarter-century.""",mostly-true,true,"['true', 'mostly-true', 'half-true']",3,True
"When it comes to income taxes, Wisconsin is ""one of the best places in the country to be poor"" but ""top 4 or 5 worst"" for middle-income earners.",mostly-true,mostly-true,['mostly-true'],1,True
"Under the new health care law, ""all real estate transactions will be subject to a 3.8% Sales Tax""",pants-fire,false,"['false', 'pants-fire']",2,True
"""Sherrod Brown supported President Obama's $453 billion tax increase.""",mostly-false,mostly-false,"['half-true', 'mostly-false']",2,True
"Says states with graduated income taxes ""create jobs and grow their economies faster"" than Illinois.",half-true,false,"['mostly-false', 'false']",2,False
"""I said no to higher taxes and fees.""",mostly-false,mostly-false,"['mostly-false', 'false']",2,True
"U.S. Sen. Sheldon Whitehouse ""rewarded Wall Street executives with millions in bonuses.""",pants-fire,false,"['mostly-false', 'false']",2,False
"Says the Nike bill ""is not a tax break ... this does not lower the taxes that Nike will pay nor does it prevent the Legislature from raising those taxes in the future.""",mostly-true,mostly-true,"['mostly-true', 'half-true']",2,True
"Says Mitt Romney said at a January 2012 debate that under Paul Ryan’s tax plan, ""I’d have paid no taxes in the last two years.""",mostly-false,false,"['mostly-false', 'false']",2,True
"""Bill McCollum said tax cuts don't work.""",mostly-false,mostly-false,"['mostly-true', 'half-true', 'mostly-false', 'false']",4,True
"Boston is just 60 minutes away and it’s offering subsidies to developers who can charge higher rent than you can get in Providence while construction costs are more or less equal. As a result, the Boston skyline ""is completely dominated by the cranes.""",true,mostly-true,"['true', 'mostly-true', 'half-true']",3,True
"Deficit spending ‘exploded during the Obama administration’ to $5.3 trillion over four years, compared to $2 trillion in eight years under President George W. Bush.",mostly-true,mostly-true,['mostly-true'],1,True
"""Jeanne Shaheen was principally involved in a plot with Lois Lerner and President Barack Obama’s political appointee at the IRS to lead a program of harassment against conservative nonprofit groups during the 2012 election""",false,false,"['mostly-false', 'false']",2,True
"""The largest tax increase that we have ever had in our state is yours – it is the business margins tax that you signed, governor.""",false,false,['false'],1,True
Abigail Spanberger and other Democrats “voted to spend public funds on their political campaigns; up to $5 million...”,half-true,false,"['mostly-true', 'half-true', 'mostly-false', 'false']",4,True
Says five studies show his tax plan can cut rates and still bring the same revenue without raising taxes on the middle class.,mostly-false,mostly-false,"['mostly-true', 'half-true', 'mostly-false', 'false']",4,True
"Every illegal immigrant ""can be eligible for up to $36,000 to $38,000 in earned income tax credits without paying a dime in.""",false,false,"['mostly-false', 'false']",2,True
"Trump’s tax plan is ""completely focused on the wealthy and the powerful - not the middle class.""",false,mostly-true,"['true', 'mostly-true', 'half-true', 'mostly-false']",4,False
"Tax cuts approved and those proposed in his state budget ""will exceed $8 billion by the time the budget is done.""",true,true,['true'],1,True
"Loranne ""Ausley's a financial train wreck for taxpayers -- pushing gas taxes, property taxes, taxes on seniors.""",false,false,['false'],1,True
"""The bill reported out of committee sets up a $50 billion slush fund that, while intended for resolving failing firms, is available for virtually any purpose that the treasury secretary sees fit.""",false,false,['false'],1,True
"“Were you aware the $3.5 Trillion Human Infrastructure package includes an animal agriculture tax of $2,600‼️ per head of cattle? $500 for swine!!!""",false,false,['false'],1,True
"""Tammy Baldwin voted for $5 trillion in higher taxes.""",half-true,half-true,['half-true'],1,True
"""Over the past two years, Florida has cut more than $1 billion in taxes.""",mostly-true,false,"['half-true', 'mostly-false', 'false']",3,False
"Says that over the last decade, the state's population grew three times faster than the Texas state tax system.",mostly-true,mostly-true,['mostly-true'],1,True
Finance experts estimate that paying in cash for the $2.5 billion in projects funded by the sales tax saved Gwinnett County more than $1 billion in interest payments.,true,true,['true'],1,True
Democrats do not have a plan for extending the Bush tax cuts.,false,false,['false'],1,True
"Obama ""has voted in the United States Senate to increase taxes on people who make as low as $42,000 a year.""",mostly-false,mostly-false,['mostly-false'],1,True
"""Scott Walker cut school funding more per student than any governor in America.""",mostly-true,mostly-true,['mostly-true'],1,True
The addition of a 1 percent sales tax would cost a typical household in Hillsborough County approximately $12 a month.,mostly-true,mostly-true,['mostly-true'],1,True
"The Baucus health care bill would require taxes on medical devices such as X-ray machines, female condoms, HIV tests and surgical needles.",mostly-true,mostly-true,"['mostly-true', 'half-true']",2,True
"Under his tax plan, ""the greatest gains, percentage-wise,"" will be ""at the lower end of our plan.""",half-true,mostly-false,"['mostly-false', 'false']",2,False
"The Affordable Care Act ""will likely go down as the biggest tax increase in history.""",pants-fire,false,"['mostly-true', 'half-true', 'mostly-false', 'false']",4,False
"Says Republican recall challenger Jonathan Steitz ""failed to pay his taxes.""",half-true,half-true,['half-true'],1,True
"Tariffs are a “direct, regressive tax on Americans” and President Joe Biden’s new tariffs on Chinese goods will “hit every family.”",half-true,mostly-true,"['mostly-true', 'half-true', 'mostly-false']",3,True
Twenty percent of housing in Portland’s Pearl District is ‘affordable.’,mostly-true,mostly-true,['mostly-true'],1,True
"""Nancy Pelosi wants a Windfall Tax on Retirement Income.""",pants-fire,pants-fire,['pants-fire'],1,True
"The fiscal cliff deal ""ultimately raised taxes.""",half-true,half-true,['half-true'],1,True
"The Obama administration has been ""raising taxes.""",half-true,mostly-false,"['mostly-true', 'half-true', 'mostly-false', 'false']",4,True
"""I didn't raise taxes once.""",false,false,['false'],1,True
"The states that are doing ""better"" are the ones that have no state income tax.",half-true,mostly-true,"['true', 'mostly-true', 'half-true', 'mostly-false']",4,True
"Says Milwaukee Mayor Tom Barrett is responsible for the roughly $7,800 ""I pay in property taxes per year.""",false,false,['false'],1,True
"Says Gov. Jeb Bush vetoed the ""Quiñones Plan"" because it was ""taxation without representation on a large scale.""",half-true,false,"['mostly-true', 'half-true', 'mostly-false', 'false']",4,True
"Says ""tanking"" Rick Perry’s federal tax plan has ""huge tax cuts for rich people and big tax hikes for everyone else.""",mostly-false,mostly-true,"['true', 'mostly-true', 'half-true']",3,False
"Says rejecting federal aid to expand Medicaid in Texas will ""send $9 billion in federal taxes paid by Texans to other states to insure their working poor.""",false,false,"['mostly-true', 'half-true', 'mostly-false', 'false']",4,True
"U.S. tariffs on China are ""not hurting anybody"" in the United States.",pants-fire,false,['false'],1,False
"""Close to half of the voters in America, the only tax they pay is the payroll tax.""",half-true,mostly-true,"['mostly-true', 'half-true']",2,True
"""More than 30 cents of every state tax dollar goes to Medicaid.""",true,mostly-true,"['true', 'mostly-true']",2,True
Taking all the money of the top 1 percent wouldn’t keep Medicare going for three years.,mostly-false,false,"['mostly-true', 'half-true', 'mostly-false', 'false']",4,True
"The health care reform law ""offset[s] 6 years of benefits with 10 years of tax increases.""",half-true,half-true,['half-true'],1,True
You must list all your guns on your 2010 tax return.,pants-fire,pants-fire,['pants-fire'],1,True
"Says Gov. Tony Evers' budget includes tax and fee increases even while spending ""more on his way to a nearly $2 billion deficit.""",half-true,half-true,['half-true'],1,True
"The 87,000 new IRS agents who were supposed to “only target the rich” are now “coming after waitresses’ tips.”",mostly-false,mostly-false,"['mostly-false', 'false']",2,True
Lee Zeldin “voted for Cuomo’s Billion Dollar Tax hike and every Cuomo budget.”,half-true,mostly-false,"['mostly-true', 'half-true', 'mostly-false', 'false']",4,True
"McCain's ""plan for the economy is to extend George Bush's tax cuts for billionaires and give a $100-billion additional corporate tax cut.""",half-true,half-true,['half-true'],1,True
"The IRS is going to be ""in charge"" of ""a huge national database"" on health care that will include Americans’ ""personal, intimate, most close-to-the-vest-secrets.""",pants-fire,false,"['mostly-false', 'false']",2,False
"Rep. Paul Ryan’s Medicare plan ""lines the pockets of the private insurance companies,"" increases costs for seniors and does not reduce the deficit.",half-true,half-true,['half-true'],1,True
Says his plan would cut taxes without increasing the deficit.,false,false,"['mostly-false', 'false']",2,True
"Says his tax and fee cuts will save households ""$540 over two years.""",mostly-false,false,"['mostly-false', 'false']",2,True
"""Texans have some of the highest property taxes in the nation”",mostly-true,mostly-true,"['mostly-true', 'half-true', 'mostly-false']",3,True
“Paying taxes is optional!!”,pants-fire,false,['false'],1,False
"Under a law proposed by Wisconsin Gov. Scott Walker, businesses that move into Wisconsin ""don't have to pay any taxes"" on their income for two years.",true,true,['true'],1,True
"Says Tim Kaine ""actually tried to raise taxes by about $4 billion.""",mostly-true,mostly-true,"['mostly-true', 'half-true', 'mostly-false', 'false']",4,True
"""We do know that Romney personally approved over $70 million in fictional losses to the IRS as part of the notorious 'Son of Boss' tax scandal, one of the largest tax avoidance schemes in history.""",half-true,false,"['mostly-true', 'half-true', 'mostly-false', 'false']",4,True
"Judithanne McLauchlan ""was part of a group that supports imposing a state income tax on Floridians.""",mostly-false,false,"['half-true', 'mostly-false', 'false']",3,True
Says John Boehner changed his position on extending Bush tax cuts.,mostly-false,mostly-true,"['mostly-true', 'half-true', 'mostly-false']",3,True
"Says his ""average federal tax rate"" was 36 percent.",half-true,mostly-true,"['mostly-true', 'half-true', 'mostly-false']",3,True
"""Ron Johnson pushed through a special tax loophole that benefited his own family's business … Then he cashed out of the company for $5 million … (he has) doubled his wealth since taking office.""",half-true,mostly-true,"['mostly-true', 'half-true', 'mostly-false']",3,True
"In the House Republican bill, ""70 percent of the tax relief goes to those families making less than 200,000.""",half-true,mostly-false,"['mostly-false', 'false']",2,False
"""We have ten different tax brackets and if you’re making $9,000, you’re already in the top tax bracket.""",false,false,"['mostly-false', 'false']",2,True
"""Five percent of Americans pay over half the income taxes in this country. Forty percent of Americans pay no income taxes at all.""",true,true,['true'],1,True
"With his proposal to cut income and property taxes, Scott Walker is ""increasing the state deficit at a time when borrowing is already at record levels.""",mostly-false,mostly-false,['mostly-false'],1,True
"Says the New Year’s Day ""fiscal cliff"" deal ""reduces the deficit.""",half-true,half-true,['half-true'],1,True
Says six studies verify that the math adds up for Mitt Romney’s tax plan.,mostly-false,false,"['mostly-false', 'false']",2,True
"Austin is ""burdened by the fastest-growing tax increases of any major city in the nation.""",false,mostly-true,"['true', 'mostly-true', 'half-true', 'mostly-false']",4,False
Says Mitt Romney flip-flopped on a taxpayer protection pledge.,true,true,"['true', 'mostly-true', 'half-true', 'mostly-false']",4,True
"Democratic tax hikes led $70 billion of wealth to leave New Jersey between 2004 and 2008, and mainly relocate to Florida, North Carolina, Virginia and Pennsylvania.",mostly-false,mostly-false,"['mostly-false', 'false']",2,True
Says the estate tax is a threat to family farms.,mostly-false,mostly-false,"['half-true', 'mostly-false']",2,True
“I delivered on my campaign promise for a 10% tax cut for Wisconsin families.”,mostly-false,false,"['mostly-false', 'false']",2,True
"Says U.S. Senate candidate Tammy Baldwin ""proposed a $3.9 trillion tax increase -- a tax increase so extreme"" that ""even Nancy Pelosi voted against it.""",mostly-true,mostly-true,"['mostly-true', 'half-true']",2,True
"""Houston suffered $1.7 billion in operating losses under Mayor Bill White.""",half-true,half-true,['half-true'],1,True
"""Sen. Bob Menendez voted to enact a new tax on the sale of homes of 3.8%.""",pants-fire,pants-fire,"['false', 'pants-fire']",2,True
“DeSantis erases Disney’s tax exempt law. Will cost Disney $200 Mil in taxes. Per year!”,false,false,"['mostly-false', 'false']",2,True
"Says Rick Perry recently said he ""wanted another (Texas) business tax.""",pants-fire,pants-fire,['pants-fire'],1,True
"Paul Ryan’s budget ""keeps the Obamacare taxes and spending cuts that paid for Obamacare, but then cuts all of the benefits.""",mostly-true,half-true,"['mostly-true', 'half-true', 'mostly-false', 'false']",4,True
"""The party in the White House"" is responsible for ""a massive tax increase on the middle class.""",mostly-false,mostly-false,"['mostly-false', 'false']",2,True
"As Tennessee governor, Phil Bredesen ""supported higher taxes on us. Higher gas taxes. Higher sales taxes.""",false,mostly-false,"['mostly-false', 'false']",2,True
"The Export-Import Bank ""doesn’t cost taxpayers anything.""",half-true,false,"['mostly-false', 'false']",2,False
"Says President Barack Obama ""has not raised taxes.""",false,false,"['mostly-false', 'false']",2,True
"The 1986 tax reform approved under Ronald Reagan ""was polling at about 18 percent right before they passed it.""",half-true,half-true,['half-true'],1,True
"Says ""Mike Madigan and Kwame Raoul team up to raise property taxes.""",mostly-false,mostly-false,"['mostly-false', 'false']",2,True
“$1.5 billion of your taxpayer money is sitting in an account” that can be used for other purposes.,mostly-false,mostly-true,"['true', 'mostly-true', 'half-true', 'mostly-false']",4,True
"""Since passage of the Tax Cuts and Jobs Act, Walmart 'increased their starting wage to $11/hr & has given about $400 million in bonuses.'""",true,mostly-true,"['true', 'mostly-true', 'half-true']",3,True
"A ""real result"" of his term is Georgia having ""the lowest taxes per capita of any state.""",mostly-false,mostly-false,"['mostly-false', 'false']",2,True
"""The Republicans are proposing to pay for their giant tax cut to the rich by gutting Medicare and Medicaid.""",half-true,mostly-true,"['mostly-true', 'half-true', 'mostly-false']",3,True
"""The bill that I carried cutting MO’s income tax for 1st time in over 100 years will start its 1st phase in jan 1 2018. #moleg @Eric_Schmitt""",mostly-true,false,"['mostly-true', 'half-true', 'mostly-false', 'false']",4,True
"""There was virtually no new business investment"" after the 2017 tax law. ""The bulk was used to buy back their own stock.""",half-true,mostly-true,"['mostly-true', 'half-true', 'mostly-false']",3,True
"""Today, property taxes are lower than they were in 2010.""",mostly-true,mostly-true,['mostly-true'],1,True
"John McCain's tax plan will give no reduction ""for 100-million American families.""",half-true,half-true,['half-true'],1,True
"""Some billionaires have a tax rate as low as 1 percent.""",mostly-false,false,"['half-true', 'mostly-false', 'false']",3,True
“Joe Biden wants to raise taxes on 82% of all Americans.”,false,false,"['mostly-false', 'false']",2,True
"Obama would ""experiment with socialism.""",pants-fire,pants-fire,['pants-fire'],1,True
"Says proponents of a bond package for the Austin school district say the district has the second-lowest bond tax rate ""among the Central Texas area school districts.""",half-true,mostly-false,"['half-true', 'mostly-false', 'false']",3,True
"""Even with a permanent income tax increase... the budget is more than $1 billion out of balance…""",mostly-true,mostly-true,"['mostly-true', 'half-true', 'mostly-false', 'false']",4,True
"""Every day in the United States, we are losing 15 factories.""",true,true,['true'],1,True
"Says the estate tax, ""in many cases,"" forces family farmers and small businesses owners to sell their holdings.",false,mostly-false,"['half-true', 'mostly-false', 'false']",3,True
"""The Canadians — they (dropped) their tax rates to 15 percent. The average tax rate on businesses in the industrialized world is 25 percent.""",mostly-true,mostly-true,['mostly-true'],1,True
"""We're the highest taxed nation in the world.""",false,false,['false'],1,True
"Says the Austin City Council ""may give $4 million a year to subsidize a race track.""",mostly-true,mostly-true,['mostly-true'],1,True
"Obama unilaterally announced he was delaying employer mandate ""through a blog post by a mid-level bureaucrat at the Department of Treasury.""",mostly-true,mostly-true,"['true', 'mostly-true', 'half-true', 'mostly-false']",4,True
"""Eighty percent of the American people support an approach (to federal budget problems) that includes revenues and includes cuts.""",mostly-true,mostly-true,['mostly-true'],1,True
"""You can’t raise taxes in Ohio. We are one of the highest taxed states in the country.""",half-true,half-true,['half-true'],1,True
"Says that even if his budget is adopted, private schools in the choice program would be getting about half the per-pupil funds that public schools receive",half-true,half-true,['half-true'],1,True
"Says Gov. Scott Walker approved a ""gutting"" of two tax credits that help the poor and elderly.",false,false,['false'],1,True
"""83% of Trump tax breaks go to the wealthiest 1%.""",half-true,mostly-false,"['half-true', 'mostly-false']",2,True
"""HR 1 is going to take your hard-earned tax dollars and millions more and send them to (a political candidate’s) campaign so (they) can put ads on TV.""",mostly-false,mostly-false,"['mostly-false', 'false']",2,True
"""The head of the IRS ordered 24,000 emails erased before Congress could review them, making sure the American people will never know the real truth.""",false,false,['false'],1,True
"Even high estimates for an early draft of the health care plan are ""less than the $1.8 trillion cost of the Bush tax cuts.""",mostly-true,mostly-true,['mostly-true'],1,True
"After the Tax Cuts and Jobs Act, ""the typical American worker’s pay growing at more than 3 percent a year, record low unemployment.""",half-true,mostly-true,"['mostly-true', 'half-true', 'mostly-false']",3,True
"The ""working tax cut"" created ""over 40,000 new jobs in just the last four years.""",pants-fire,false,['false'],1,False
"""101 utilities cut rates, credit GOP tax cuts.""",mostly-true,mostly-false,"['mostly-true', 'half-true', 'mostly-false', 'false']",4,True
Americans spend 6.1 billion hours a year complying with tax law. It costs us $163 billion to comply with our tax laws annually.,true,true,['true'],1,True
"Approving the constitutional amendment on Illinois' November ballot “would let the politicians immediately implement their plan to increase taxes on small businesses, farmers and large employers.”",half-true,mostly-false,"['half-true', 'mostly-false', 'false']",3,True
"David Dewhurst has a ""record of promoting an income tax.""",pants-fire,false,"['mostly-true', 'half-true', 'mostly-false', 'false']",4,False
"This year’s state budget ""continues to direct millions in taxpayer dollars in advertising to the failing Start-Up NY program""",false,mostly-true,"['true', 'mostly-true', 'half-true', 'mostly-false']",4,False
"Says U.S. Senate opponent Tammy Baldwin supported a federal budget ""that spent trillions -- not billions, trillions -- more money than the Obama budget.""",false,false,['false'],1,True
"""The administration raises revenue for nationalized health care through a series of new taxes, including a light switch tax that would cost every American household $3,128 a year.""",pants-fire,pants-fire,['pants-fire'],1,True
"Extending current tax rates would ""average more than $100,000 a year to millionaires and even billionaires.""",mostly-true,mostly-true,['mostly-true'],1,True
"""Over 10 years, (extending tax cuts for the wealthy) would add less to the deficit than Obama added with the stimulus in one year.""",mostly-false,mostly-false,"['mostly-true', 'half-true', 'mostly-false']",3,True
"In West Virginia, ""personal income tax collections (were) up 14% from 2017.""",true,true,"['true', 'mostly-true']",2,True
"Under Gov. Scott Walker, Wisconsin ""projected a $1 billion (budget) surplus and it turns out to be a deficit of $2.2 billion.""",mostly-false,mostly-false,['mostly-false'],1,True
Says he has never voted for raising taxes.,true,true,"['true', 'mostly-true']",2,True
"Obamacare is a ""massive, massive income redistribution"" with ""$250 billion a year in Medicaid expansion (and) in the subsidy structure that's basically being paid for by people on Medicare, through Medicare cuts, and a lot of tax increases.""",half-true,mostly-true,"['mostly-true', 'half-true', 'mostly-false']",3,True
"A bipartisan payroll tax cut championed by the White House has meant that ""the average family has an extra $1,000 in their pocket"" this year.",mostly-true,mostly-true,"['mostly-true', 'half-true']",2,True
"Rep. Dan Donovan ""voted for Tax Cuts""",mostly-true,false,"['mostly-true', 'half-true', 'mostly-false', 'false']",4,True
"""Obama will charge a 28 percent tax on all home sales.""",false,false,['false'],1,True
"""California's Attorney General, Xavier Becerra is putting together plans to raise property tax revenue by eliminating the only thing keeping some people's property tax from sky rocketing, Prop 13.""",false,false,"['mostly-false', 'false']",2,True
Tim Kaine broke a campaign promise not to raise taxes.,mostly-false,mostly-false,"['mostly-false', 'false']",2,True
"In Manchester, N.H., gubernatorial candidate Joyce Craig “pushed for a city sales tax. Then, Joyce Craig overrode the tax cap and tried to raise taxes six times.”",half-true,mostly-true,"['mostly-true', 'half-true', 'mostly-false']",3,True
"Says Beto O’Rourke ""voted against"" Hurricane Harvey ""tax relief.""",mostly-true,false,"['mostly-true', 'half-true', 'mostly-false', 'false']",4,True
"A three-cents-per-ounce soda tax in Philadelphia ""would result in the loss of 2,000 family-sustaining Teamster Union jobs and countless other jobs in the beverage industry.""",false,false,['false'],1,True
"""The United States currently has the highest corporate tax rate in the world.""",mostly-true,mostly-false,"['mostly-true', 'half-true', 'mostly-false', 'false']",4,True
"""If the House of Representatives fails to extend the middle-class tax cuts, 400,000 middle-class Rhode Island families will see their federal income taxes increase.""",false,false,"['mostly-false', 'false']",2,True
"""After the 2001 and 2003 Bush tax rate cuts ... there was more money coming into the treasury.""",mostly-false,mostly-false,"['half-true', 'mostly-false', 'false']",3,True
"The federal government owns 30 percent of the land in the 50 states, or about 650 million acres.",mostly-true,mostly-true,['mostly-true'],1,True
"America’s federal business tax rate is the highest ""in the world.""",mostly-true,mostly-true,"['mostly-true', 'half-true', 'mostly-false']",3,True
"Says in Washington, D.C., Sen. Richard Burr ""took millions from special interests, went there and cashed in, voted to cut (his) own taxes and raise taxes on working folks.""",half-true,mostly-false,"['mostly-true', 'half-true', 'mostly-false']",3,True
“J.D. Vance called for higher taxes.”,half-true,half-true,"['mostly-true', 'half-true', 'mostly-false']",3,True
"Sen. Sherrod Brown’s vote helped pass ""Barack Obama’s job-killing health care law, which slapped small businesses throughout Ohio with a $500 billion tax increase.""",pants-fire,pants-fire,['pants-fire'],1,True
"Says the individual mandate is ""highly unpopular.""",half-true,mostly-true,"['true', 'mostly-true', 'half-true', 'mostly-false']",4,True
"If the “Big, Beautiful” tax and spending bill doesn’t pass, “there will be a 68% tax increase.”",false,false,['false'],1,True
"""Many of (Hillary Clinton's) friends took bigger deductions (than me). Warren Buffett took a massive deduction. (George) Soros, who is a friend of hers, took a massive deduction.""",mostly-false,mostly-false,"['mostly-false', 'false']",2,True
"Says that in Curry County, ""if you make a 911 call you’re likely to wait for an hour for a response.""",half-true,half-true,['half-true'],1,True
Voucher schools have increased property taxes by $1 billion since 2011,mostly-false,mostly-false,"['mostly-true', 'half-true', 'mostly-false', 'false']",4,True
"""Ninety-eight percent of the American people will not see their taxes go up"" due to the House health care bill.",mostly-false,mostly-false,"['mostly-true', 'half-true', 'mostly-false', 'false']",4,True
"“$400,000 ... is more money than I’ve ever made” in a year.",mostly-false,false,"['mostly-true', 'half-true', 'mostly-false', 'false']",4,True
"""In 1952, the corporate income tax accounted for 33 percent of all federal tax revenue. Today, despite record-breaking profits, corporate taxes bring in less than 9 percent.""",mostly-true,mostly-true,"['true', 'mostly-true']",2,True
Says the oil industry subsidies that President Barack Obama is attacking don’t exist,false,false,['false'],1,True
"Says Rick Scott ""cut education to pay for even more tax breaks for big, powerful, well-connected corporations.""",half-true,mostly-false,"['mostly-true', 'half-true', 'mostly-false']",3,True
"“For every dollar in federal taxes my constituents pay, we get a mere 93 cents back.”",mostly-true,mostly-true,"['true', 'mostly-true', 'half-true']",3,True
"In the United States, ""we tax our exports and don't tax our imports.""",half-true,half-true,['half-true'],1,True
"""The Congressional Budget Office estimates that for every $1 we spend on unemployment benefits, $1.90 is put into our economy.""",half-true,mostly-true,"['mostly-true', 'half-true']",2,True
"Says the Democratic Party ""took Social Security from the independent ‘Trust Fund’ and put it into the general fund so that Congress could spend it"" and ""eliminated the income tax deduction for Social Security (FICA) withholding.""",false,false,['false'],1,True
"The United States ""is the only major country that taxes its own exports.""",mostly-false,false,"['mostly-false', 'false']",2,True
"Charlie Crist ""raised taxes in 2009 and won't rule out raising taxes again.""",mostly-true,mostly-false,"['mostly-true', 'half-true', 'mostly-false', 'false']",4,True
"""Mayor Fung wants to punish our children's education by removing 12 million dollars from current funding to pay for his private charter school. Your taxes would increase by between 6 and 8 percent per year.""",pants-fire,pants-fire,['pants-fire'],1,True
"Barack Obama supports plans to raise ""income taxes ... payroll taxes.""",half-true,half-true,['half-true'],1,True
"A private school tax break in the Wisconsin state budget is ""the most generous in the nation.""",half-true,half-true,['half-true'],1,True
"""After how hard you work and how much you pay in taxes, New York City ends up getting the money. I'm Chris Jacobs. I think it's time we have someone in Albany that's making sure our region gets our fair share""",false,mostly-false,"['mostly-false', 'false']",2,True
"""Sen. McCain's economic plan gives nearly $4-billion in tax breaks to the oil companies but doesn't provide any tax relief to more than 100-million middle-class families.""",mostly-false,mostly-false,"['mostly-true', 'half-true', 'mostly-false']",3,True
"""As mayor, [Allan Fung] raised taxes three times.""",mostly-true,half-true,"['mostly-true', 'half-true']",2,True
"The Republican tax bill ""lets every American keep more of what they earned.""",false,false,"['mostly-false', 'false']",2,True
"Obama's tax plan cuts taxes ""for 95 percent of all working families.""",true,true,['true'],1,True
"A new Democratic law “will make the IRS workforce larger than the Pentagon, FBI, State Department, and Customs and Border Patrol, combined.”",mostly-false,false,"['mostly-false', 'false']",2,True
"""The proportion of Rhode Islanders entering substance abuse treatment primarily due to marijuana use has reached its highest point in 20 years.""",false,false,"['mostly-false', 'false']",2,True
"""Corporate entities are paying a lot less taxes this year than they have in the past. Part of that is from a loophole in a bill that was passed in 2015.""",mostly-true,true,"['true', 'mostly-true']",2,True
"""Residential property taxes [in Providence] are up nearly 27 percent under Mayor Taveras.""",pants-fire,false,"['half-true', 'mostly-false', 'false']",3,False
"Says Bill White ""didn't pay taxes while earning $133,600 annual salary as deputy secretary of energy.""",false,false,['false'],1,True
"The United States is ""the only developed country in the world that has not cut its corporate tax rate.""",half-true,half-true,['half-true'],1,True
"Says Connie Mack takes two homestead exemptions, ""directly contrary to Florida’s Constitution.""",mostly-false,true,"['true', 'mostly-true', 'half-true', 'mostly-false']",4,True
“Gov. Tony Evers brought Republicans and Democrats together to cut income taxes for the middle class.”,half-true,false,"['mostly-false', 'false']",2,False
"""Americans now spend 100 days out of the year working for government before we even start working for ourselves.""",mostly-true,mostly-true,['mostly-true'],1,True
"""Glenn Hegar promised to eliminate the property tax.""",false,false,"['mostly-true', 'half-true', 'mostly-false', 'false']",4,True
"""A grant for $5,000 [from the Governor’s Workforce Board] went to teach an employee at a company that makes ornamental business card holders how to use Facebook and Twitter.""",mostly-false,mostly-true,"['true', 'mostly-true', 'half-true']",3,False
"Says Mitt Romney is proposing a ""tax cut that gives an average of $250,000 to every millionaire in this country.""",true,true,"['true', 'mostly-true']",2,True
"""Over half of the people who would be taxed under (a millionaire surtax) are, in fact, small businesspeople.""",false,half-true,"['half-true', 'mostly-false', 'false']",3,True
"""We cut taxes 24 times.""",half-true,mostly-true,"['true', 'mostly-true', 'half-true', 'mostly-false']",4,True
"""Jasper County in Texas raised property taxes by 7 percent in order to pay for one death penalty case.""",true,mostly-true,"['mostly-true', 'half-true', 'mostly-false']",3,False
“Fifty-one percent of our taxes are paid by 2% of New Yorkers.”,mostly-true,mostly-true,"['true', 'mostly-true']",2,True
"After merging with Tim Hortons of Canada, Burger King is ""not moving. … Our headquarters will remain in Miami"" and ""(we) will continue to pay all of our federal, state and local U.S. taxes.""",half-true,mostly-false,"['mostly-true', 'half-true', 'mostly-false']",3,True
"""Right now we’re the highest taxed country in the world.""",false,false,['false'],1,True
"""In campaigns in the past with Sen. McCain and President George W. Bush and others, they have tended to release tax records in April.""",half-true,mostly-true,"['true', 'mostly-true', 'half-true']",3,True
"George Allen cast ""the deciding vote"" for the 2003 Bush tax cuts.",false,false,['false'],1,True
"""Miller Brewing is not a U.S. company any more. Neither is Anheuser-Busch.""",true,true,['true'],1,True
"""Ohio is losing over 700 family farms a year, some of them just to pay the inheritance tax.""",true,true,['true'],1,True
"Says Alex Sink supported ""more taxes on water and TV.""",mostly-true,false,"['half-true', 'mostly-false', 'false']",3,False
"""The amount of interest"" paid on the federal debt exceeds ""total tax revenue.""",false,false,['false'],1,True
"""Bill Howell has been the consistent force behind every major tax increase in Virginia in the last decade.""",mostly-true,mostly-true,"['true', 'mostly-true', 'half-true', 'mostly-false']",4,True
The proposal by President Joe Biden would put the U.S. “No. 2 in the world” for the highest corporate tax rate.,half-true,false,"['mostly-false', 'false']",2,False
"""The average tax refund is down about $170 compared to last year. Let’s call the President’s tax cut what it is: a middle-class tax hike to line the pockets of already wealthy corporations and the 1%.""",mostly-false,mostly-true,"['true', 'mostly-true', 'half-true']",3,False
"Rubio's tax swap proposal ""would have been a massive tax increase.""",false,false,['false'],1,True
"""We now have about one-third of New York’s population on Medicaid.""",true,true,['true'],1,True
"""I have never once raised the county tax levy -- not for seven straight years.""",true,true,"['true', 'mostly-true']",2,True
Between 40 and 50 percent of tax filers do not owe any income tax.,mostly-true,mostly-true,"['mostly-true', 'half-true']",2,True
"The sales tax increase, if approved, will cost taxpayers ""up to $300 million per year, in perpetuity, to finance a rail system for the City of Tampa.""",mostly-false,mostly-false,"['mostly-true', 'half-true', 'mostly-false', 'false']",4,True
"""Pat Toomey advocated for eliminating all corporate taxes.""",true,half-true,"['mostly-true', 'half-true', 'mostly-false', 'false']",4,False
Gov. Kathy Hochul has raised taxes.,half-true,mostly-true,"['true', 'mostly-true', 'half-true', 'mostly-false']",4,True
"Corporate tax holidays pushed by Presidents John F. Kennedy and George W. Bush brought ""billions"" of dollars back into the United States.",half-true,half-true,['half-true'],1,True
"""In terms of the wealthiest Americans, we're at the lowest tax rate since the 1950s.""",mostly-true,mostly-true,"['mostly-true', 'half-true']",2,True
"""We do not want to raise anybody's tax rates. That's never been on the table.""",mostly-false,mostly-false,"['mostly-false', 'false']",2,True
"""We enacted the biggest tax cuts and reforms in American history.""",false,false,"['mostly-false', 'false']",2,True
"""Income taxes are voluntary.""",pants-fire,false,['false'],1,False
"Kathryn Starkey ""joined forces with liberal Democrats on a historic sales tax hike.""",false,false,['false'],1,True
"Says the inspector general for the IRS said there was ""no political motivation"" and ""no outside influence"" for targeting of tax-exempt applications from tea party groups",mostly-true,true,"['true', 'mostly-true', 'half-true', 'mostly-false']",4,True
"Says he ""cut taxes by more than $600 million"" when he was governor.",true,false,"['mostly-false', 'false']",2,False
"Barack Obama and the Democrats have ""proposed a tax for not having health insurance.""",true,true,"['true', 'mostly-true', 'half-true', 'mostly-false']",4,True
"""The Florida Legislature raised taxes and fees by almost $2 billion"" in the 2009 session.",true,true,['true'],1,True
"""There have been literally hundreds of new tax preferences and loopholes added to the code since 1986, last time we did this.""",true,true,['true'],1,True
"The IRS scandal ""clearly showed some criminal behavior.""",mostly-false,false,"['mostly-true', 'half-true', 'mostly-false', 'false']",4,True
"Joe Biden and Raphael Warnock  ""are spending $1.5 billion on ‘urban forestry’ and raising taxes on those making under $200k to pay for it.”",half-true,mostly-false,"['mostly-false', 'false']",2,False
"""Under Gov. Romney's definition ... Donald Trump is a small business.""",false,false,"['mostly-true', 'half-true', 'mostly-false', 'false']",4,True
"""Big soda has a lot of money. They make a lot of profit off their product and they market in neighborhoods that suffer from these very things that we’re trying to cure.""",true,mostly-true,"['true', 'mostly-true']",2,True
"Potential Foxconn changes are due to ""the wave of economic uncertainty"" from Evers administration",pants-fire,pants-fire,['pants-fire'],1,True
"""The Legislature passed Gov. Walker’s so-called property tax relief bill,"" but the Republicans ""are still raising your property taxes.""",half-true,half-true,['half-true'],1,True
"Says a new report shows the ""devastating tax hikes (in the health care law) will have on middle-class Kentuckians.""",mostly-false,false,"['mostly-false', 'false']",2,True
"""Alabama is operating government on the lowest amount of tax revenue of any state in the nation.""",mostly-true,true,['true'],1,False
"""Walker says he’s for lower taxes. But Milwaukee County spending has gone up by $349 million.""",mostly-false,mostly-true,"['mostly-true', 'half-true', 'mostly-false']",3,True
Says John Kitzhaber wants a sales tax so people without jobs pay taxes.,pants-fire,pants-fire,['pants-fire'],1,True
"""Trump: police officers and firefighters make too much money…hits them with tax penalty.""",false,mostly-false,"['mostly-false', 'false']",2,True
"Says Ron Johnson ""voted five times for tax breaks that help companies ship Wisconsin jobs overseas.""",false,false,['false'],1,True
"A monthly ""police and fire protection fee"" on all Wisconsin phone bills does nothing to support police and fire.",false,false,['false'],1,True
"""While Hillary Clinton plans a massive, and I mean massive, tax increase, I have proposed the largest tax reduction of any candidate who has run for president this year, Democrat or Republican.""",mostly-true,false,"['mostly-false', 'false']",2,False
"Says Democratic recall opponent Tom Barrett is campaigning on ""lifting property tax"" limits.",mostly-false,mostly-false,['mostly-false'],1,True
"""Do you know that New York State pays out way more than they ever get back?""",true,true,"['true', 'mostly-true']",2,True
"""Not one tax has been raised since I've been governor.""",half-true,false,"['half-true', 'mostly-false', 'false']",3,True
"Frank Guinta voted to make middle class taxpayers pay over a $1,000 more a year in taxes.",mostly-false,mostly-false,"['half-true', 'mostly-false', 'false']",3,True
Jacky Rosen “said ending taxes on tips would ‘hurt working Nevada families.’”,false,mostly-true,"['true', 'mostly-true', 'half-true', 'mostly-false']",4,False
"In Wisconsin, 98 percent of all small businesses will qualify for income-tax relief under my plan, freeing them to expand and create jobs.",false,false,['false'],1,True
Gubernatorial candidate Maggie Hassan supported 33 tax and fee increases as Senate Majority Leader.,half-true,mostly-true,"['mostly-true', 'half-true', 'mostly-false', 'false']",4,True
"The health care law ""imposes the largest tax increase in history on the middle class.""",pants-fire,false,"['mostly-false', 'false']",2,False
The U.S. would gain revenue by cutting personal income tax rates in half and ending tax breaks.,true,true,['true'],1,True
"""Jim Renacci tried to avoid paying taxes on nearly $14 million that he made.""",true,true,"['true', 'mostly-true']",2,True
"""There's no money in Social Security.""",false,false,['false'],1,True
Letting the Bush tax cuts expire would raise taxes on small businesses.,mostly-false,mostly-false,"['mostly-false', 'false']",2,True
The One Big Beautiful Bill will deliver the promise of “no tax on Social Security.”,mostly-false,false,['false'],1,False
Vice President Kamala Harris is “calling for an end to the child tax credit.”,pants-fire,false,['false'],1,False
"Says in regard to providing ""more tax cuts for the rich,"" Bill Pascrell said, ""Republicans had great ideas. I liked some of their ideas.""",pants-fire,false,"['half-true', 'mostly-false', 'false']",3,False
Says Panasonic stayed in New Jersey because of the Business Retention and Relocation Assistance Grant (BRRAG) program.,false,false,['false'],1,True
David Perdue said he’d raise taxes.,half-true,half-true,['half-true'],1,True
"President Joe Biden and Democrats ""send a fortune to Ukraine but nothing for our children.""",pants-fire,false,"['mostly-false', 'false']",2,False
"""U.S. government reports record tax haul after Trump tax cuts spur economic growth.""",mostly-false,mostly-false,"['half-true', 'mostly-false', 'false']",3,True
“The CBO says (the Build Back Better Act) is $3 trillion of deficit spending.”,false,false,"['mostly-false', 'false']",2,True
"""We know that tax cuts are remarkably un-stimulative when you compare them with different kinds of government spending.""",half-true,mostly-true,"['mostly-true', 'half-true']",2,True
"“As a Californian, we have given more to the recovery of other states than any other state in the union.”",mostly-true,true,"['true', 'mostly-true']",2,True
"""The United States already has the highest corporate tax rate in the world.""",mostly-true,false,"['half-true', 'mostly-false', 'false']",3,False
"While in the Illinois Senate, Barack Obama passed ""tax cuts for hard-working families.""",mostly-true,half-true,"['mostly-true', 'half-true']",2,True
"Says Democratic gubernatorial candidate Mary Burke ""has proven on the Madison Board of Education"" that she supports raising taxes and spending.",half-true,half-true,"['half-true', 'mostly-false']",2,True
"""Gov. Kasich and the Republican-dominated legislature have foregone the popular option of closing tax loopholes that amount to $7 billion annually in this state.""",mostly-true,mostly-true,['mostly-true'],1,True
"""The top 1 percent pay 45 percent of all taxes in the country.""",half-true,mostly-true,"['mostly-true', 'half-true', 'mostly-false']",3,True
"""Undocumented immigrants pay $12 billion of taxes every single year.""",true,mostly-true,"['mostly-true', 'half-true', 'mostly-false']",3,False
"The NFL is ""getting massive tax breaks.""",mostly-true,mostly-true,"['true', 'mostly-true', 'half-true', 'mostly-false']",4,True
"Says Wendy’s founder ""Dave Thomas left the state literally on his deathbed to avoid the estate tax.""",pants-fire,pants-fire,['pants-fire'],1,True
"""For decades, Madigan kept property taxes high and made a fortune helping cronies like Pritzker dodge them.""",mostly-false,mostly-false,"['mostly-false', 'false']",2,True
"Says the ""largest tax increase in American history is set to occur on January 1st unless President Obama and Congress can come to an agreement.""",half-true,false,"['mostly-true', 'half-true', 'mostly-false', 'false']",4,True
"""Mark Sharpe has lowered property taxes by 17 percent.""",mostly-false,mostly-false,"['mostly-false', 'false']",2,True
"""I've traveled the country advocating for the FairTax ...""",mostly-false,mostly-false,"['mostly-false', 'false']",2,True
"""Taxes are lower on families than they've been probably in the last 50 years.""",mostly-true,mostly-true,"['true', 'mostly-true']",2,True
"""The Social Security trust fund … is already facing imminent bankruptcy.""",mostly-false,mostly-false,"['mostly-false', 'false']",2,True
"President Joe Biden’s corporate tax rate increase would ""put us in line with other industrial nations.""",mostly-false,false,"['mostly-false', 'false']",2,True
"""My property taxes went down largely because my technical college portion went down 35.5% because of the money we put in at state.""",true,true,['true'],1,True
"""Senator Obama has voted 94 times to either increase your taxes or against tax cuts.""",false,false,['false'],1,True
"Says the GOP plan he supports is ""the biggest tax cut in U.S. history.""",false,false,"['mostly-false', 'false']",2,True
"""The Congressional Budget Office, a nonpartisan office, did an analysis and said that passing comprehensive immigration reform will reduce the federal deficit by $200 billion over the next decade.""",true,true,"['true', 'mostly-true']",2,True
"""The Affordable Care Act is the single largest tax increase in my lifetime.""",false,false,['false'],1,True
"""Americans will pay more in taxes in 2011 than they will spend on groceries, clothing and shelter combined.""",half-true,half-true,['half-true'],1,True
"Says Chris Christie’s plan ""to kick-start our economy"" is to propose an ""income tax cut that disproportionately benefits the wealthy, and...he's still proposing it.""",pants-fire,false,"['half-true', 'mostly-false', 'false']",3,False
"""There are so many loopholes ... our businesses pay effectively one of the lowest tax rates in the world.""",half-true,half-true,['half-true'],1,True
"Under Donald Trump's tax plan, ""the top 0.1 percent of taxpayers -- people earning multiple millions of dollars a year, on average --  would get more tax relief than the bottom 60 percent of taxpayers combined.""",true,true,['true'],1,True
Says opponent Eric Hovde “supports a $4 trillion tax plan that would disproportionately advantage the well-off and profitable corporations”,mostly-true,mostly-true,"['true', 'mostly-true']",2,True
"""Scott Walker to cut $300 million from universities, spend $500 million on a pro basketball stadium.""",half-true,half-true,['half-true'],1,True
"The IRS is ""going to be in charge of our health care.""",false,false,"['mostly-false', 'false']",2,True
"""About 80 percent of (the manufacturing and agriculture) tax credit goes to claimants who are making $1 million or more.""",true,true,['true'],1,True
"""We passed without, frankly, the help of the Republican caucus, we passed 25 tax cuts last year, mostly aimed at the middle class and small businesses.""",true,true,['true'],1,True
"""From 2013-2015, the richest 14 Americans increased their net wealth by more than $157 billion, yet the Republican budget would not require these Americans to contribute one penny to deficit reduction.""",half-true,mostly-true,"['true', 'mostly-true', 'half-true']",3,True
"""Last week Senator Obama's running mate said, get this, 'Raising taxes is patriotic.' """,mostly-false,mostly-false,['mostly-false'],1,True
“If you earn $100 and pay $33 income tax you’re left with $67. You then buy $67 worth of fuel and in doing so pay a 48% fuel tax (fuel tax = $32.16 + $6.70 GST). This means that the government just got $71.86 tax from your hard earned $100.”,mostly-false,mostly-false,"['mostly-false', 'false']",2,True
"""Pads and tampons (are) still taxed when Viagra and Rogaine are not.""",half-true,mostly-false,"['mostly-true', 'half-true', 'mostly-false', 'false']",4,True
The Republican replacement for Obamacare does not give massive tax cuts to wealthy Americans.,false,false,"['mostly-false', 'false']",2,True
"""Congressman (Ron) DeSantis sponsored legislation to increase sales taxes by 23 percent, hurting families, destroying jobs, devastating tourism""",mostly-false,mostly-false,"['mostly-false', 'false']",2,True
"Says ""$3 trillion in offshore money... is coming back into the economy"" because of the GOP tax bills.",half-true,mostly-true,"['mostly-true', 'half-true', 'mostly-false', 'false']",4,True
"“Let me splain how ‘no payroll taxes’ helps you, it doesn’t. It helps employers.”",half-true,false,"['mostly-false', 'false']",2,False
"The GOP’s Obamacare replacement would reduce subsidies that help lower-income people buy health insurance, but also ""expand the entitlement"" by giving subsidies to higher-income people ""that Obamacare never helped.""",true,true,['true'],1,True
"Under Gov. Scott Walker’s proposals, ""Money is being taken away from workers, and the tax breaks given to major corporations. """,mostly-true,mostly-true,['mostly-true'],1,True
"Economic Development Commission Executive Director Keith Stokes ""sent me a letter and he said the taxpayers will never be on the hook for these bonds"" for 38 Studios.",true,false,"['mostly-false', 'false']",2,False
"""Every year we spend roughly $500 billion on tax compliance. That is roughly the budget of our entire military, entirely wasted on tax compliance.""",false,mostly-true,"['mostly-true', 'half-true', 'mostly-false', 'false']",4,True
"""Undocumented immigrants paid more taxes last year than Amazon, GM, IBM & Netflix combined.""",mostly-true,true,"['true', 'mostly-true', 'half-true', 'mostly-false']",4,True
Says Nick Kahl made it harder for many families to cover basic health care expenses.,mostly-false,mostly-true,"['mostly-true', 'half-true', 'mostly-false', 'false']",4,True
"""I think with the exception of the last year or maybe the last two years, we were at 100 percent"" when it came to contributing to the Providence pension fund.",mostly-true,false,"['mostly-true', 'half-true', 'mostly-false', 'false']",4,True
"""We have one of the most expensive General Assemblies, per capita, in the entire country.""",true,true,"['true', 'mostly-true']",2,True
"""Right now, we have the lowest gas tax of anywhere in the country.""",mostly-true,mostly-true,['mostly-true'],1,True
"""In the state of Indiana, I’ve signed more than $3.5 billion in tax relief.""",half-true,mostly-true,"['true', 'mostly-true', 'half-true']",3,True
"Donald Trump “proposed when he was president” that “he wanted to raise the gas tax up to 25 cents.""",mostly-false,false,"['half-true', 'mostly-false', 'false']",3,True
"""Of the 18 stadiums built from 2004 to 2013, 47 percent of the total cost came from public sources.""",mostly-true,mostly-true,['mostly-true'],1,True
"Under Scott Walker's ""tax plan, the average Wisconsin taxpayer got just $11 a month. But corporations got $610 million in tax cuts. Millionaires got at least $1,400 per year.""",half-true,half-true,['half-true'],1,True
"RNC version of a Hillary Clinton valentine: ""Roses are red, violets are blue, I'll raise your taxes and there is nothing you can do.""",pants-fire,pants-fire,['pants-fire'],1,True
"""Florida is now the only state in the nation to tax commercial leases.""",true,false,"['mostly-true', 'half-true', 'mostly-false', 'false']",4,False
"Trump’s plan “would suspend the 7.65% your employer matches. See? You will NOT get that, nor will your wage or salary increase by 7.65%”",half-true,mostly-false,"['mostly-false', 'false']",2,False
"Barack Obama wants to ""restore"" the estate tax that George W. Bush ""repealed.""",false,false,['false'],1,True
"Claims credit for food tax reductions that ""previous Democrat regimes refused to make.""",pants-fire,false,"['mostly-false', 'false']",2,False
"Says Multnomah County libraries ""are open 44 hours per week … the lowest of any library in the four-county region.""",true,true,['true'],1,True
"""The fact is, in the past year we have had more tax cuts than almost any time in our nation's history.""",half-true,half-true,['half-true'],1,True
"""Now remember, property taxes went up 70 percent in the 10 years before I became governor.""",mostly-true,false,"['mostly-false', 'false']",2,False
"Under Gov. John Kasich’s budget proposal, ""the top one percent in Ohio will pay $10,000 less in income tax each year, but Ohio’s working and middle class families will pay more.""",half-true,half-true,['half-true'],1,True
"In Wisconsin’s school voucher program, ""two-thirds of the money"" in the ""tax vouchers"" went to people ""making more than $100,000.""",false,false,['false'],1,True
"Says Oregon’s highest income tax bracket included anyone making more than $250,000 in 2012 before the state expanded its upper bracket to include ""anyone making more than $125,000.""",mostly-false,false,"['half-true', 'mostly-false', 'false']",3,True
"""America is one of the highest-taxed nations in the world.""",mostly-false,mostly-false,['mostly-false'],1,True
"Says Robert Hurt ""supports the tax loopholes that send American jobs overseas.""",false,false,['false'],1,True
The IRS is taking money away from people who received unemployment benefits.,mostly-false,false,"['mostly-false', 'false']",2,True
"Barack Obama promises higher taxes on ""the sale of your home.""",mostly-false,mostly-false,['mostly-false'],1,True
"""The missiles that were launched at American forces in Iraq from Iran, were funded by Barack Obama, with American tax dollars.""",false,false,['false'],1,True
“82% of Americans...would experience a tax increase if Biden were elected.”,false,mostly-false,"['mostly-true', 'half-true', 'mostly-false', 'false']",4,True
"John Boehner has called for ""repealing the rest of the stimulus, which would raise taxes on 110 million middle class people.""",false,false,['false'],1,True
"Tim Kaine proposed ""over $6 billion in tax increases from the time he entered the governor’s mansion until the time he left.""",half-true,half-true,['half-true'],1,True
"Under the Republican tax reform law, ""83 percent of the benefits go to the top 1 percent of individuals and large multinational corporations.""",half-true,half-true,['half-true'],1,True
"Says Ron Saunders ""made the choice to stand with Rick Scott"" on expanding school vouchers, restricting scholarships and giving tax breaks to the wealthy.",false,mostly-false,"['mostly-true', 'half-true', 'mostly-false', 'false']",4,True
"A tax plan promoted by North Carolina Senate candidate Thom Tillis will ""overwhelmingly benefit the wealthy.""",mostly-true,mostly-false,"['mostly-true', 'half-true', 'mostly-false']",3,True
"""Holly Turner... still takes her homestead (property tax) exemption in Fort Worth.""",mostly-false,mostly-false,"['half-true', 'mostly-false', 'false']",3,True
"The tax cut deal is giving ""$700 billion to millionaires and billionaires.""",false,false,['false'],1,True
"Says that when President Bill Clinton raised the top tax rates to levels now proposed by Obama, the country experienced significant job growth.",half-true,half-true,['half-true'],1,True
"Says Mitt Romney had millions in the Cayman Islands, a tax haven.",true,mostly-true,"['true', 'mostly-true', 'half-true']",3,True
"Says the tax bill ""is going to cost me a fortune, this thing -- believe me. Believe me, this is not good for me.""",false,false,"['mostly-false', 'false']",2,True
"""The people who were running the budget, in the Corzine years, decided to steal from the unemployment trust fund. … As did other Governors before. We simply don’t do that, haven’t done it, and won’t permit it.""",mostly-false,mostly-false,"['mostly-false', 'false']",2,True
"""We bailed out"" Johnson Controls when ""we saved the auto industry"" and ""now they want to avoid paying taxes.""",mostly-true,mostly-true,['mostly-true'],1,True
"Says Mark Hass ""raised your taxes by $1 billion in a single day.""",half-true,half-true,"['mostly-true', 'half-true']",2,True
"A proposal to reduce the deficit ""involved large tax cuts for the top bracket.""",half-true,mostly-true,"['true', 'mostly-true']",2,False
"""Gov. Romney's plan would cut taxes for the folks at the very top.""",mostly-true,mostly-true,"['mostly-true', 'half-true', 'mostly-false']",3,True
"“Democrats are voting to add an army of 87,000 IRS agents who will target middle class taxpayers and conduct at least 1 million more audits each year. ”",mostly-false,false,"['mostly-false', 'false']",2,True
"Hillary Clinton and Barack Obama want to raise capital gains taxes, which apply to home sales.",mostly-false,mostly-false,"['mostly-false', 'false']",2,True
"Says Mitt Romney’s tax plans would ""give an additional $250,000 tax cut to millionaires and billionaires"" while raising taxes on the middle class.",half-true,half-true,['half-true'],1,True
“Tim Michels pushed for years to raise (Wisconsin’s) gas tax.”,mostly-false,false,"['mostly-false', 'false']",2,True
"The IRS ""also investigated liberal groups, groups that had progressive in their name. ... The IRS was basically looking at everybody.""",half-true,mostly-true,"['mostly-true', 'half-true', 'mostly-false']",3,True
"""She’s voted for 60 tax increases, hurting the middle class and small businesses.""",pants-fire,pants-fire,['pants-fire'],1,True
"Nevada Republicans ""didn’t do one single thing to cut spending"" in 2015.",mostly-false,false,"['half-true', 'mostly-false', 'false']",3,True
"""No Republicans voted for"" recent hikes in the income tax, payroll tax, capital gains tax, dividend tax and estate tax. ""These taxes were all passed under … Obamacare.""",pants-fire,false,['false'],1,False
"The ""Buffett rule"" ""raises virtually no money, maybe a day and a half of our borrowing per year.""",mostly-true,false,"['mostly-true', 'half-true', 'mostly-false', 'false']",4,True
"""Check out the record of #jobs created by #TaxCuts 7.8 million new jobs after Bush’s 2003 tax cuts 12 million new jobs after Kennedy's 1964 tax cuts 14.8 MILLION new jobs after Ronald Reagan’s tax cuts in 1981.""",mostly-false,mostly-false,"['mostly-true', 'half-true', 'mostly-false', 'false']",4,True
"Says Lee Leffingwell ""raised property taxes 20 percent in three years.""",half-true,mostly-true,"['mostly-true', 'half-true', 'mostly-false', 'false']",4,True
"""Wisconsin does not have a deficit. Thanks to Republican reforms, the 2014 budget will begin with a $443 million surplus.""",half-true,half-true,['half-true'],1,True
Says Joe Biden repeatedly told Americans he's going to raise their taxes.,false,false,['false'],1,True
"Says Barack Obama has pension investments that include Chinese firms, and ""investments through a Caymans trust.""",mostly-true,mostly-true,['mostly-true'],1,True
"Says his 9-9-9 tax reform plan is not ""regressive.""",false,false,['false'],1,True
"When he was Milwaukee County executive, ""eight years in a row we pushed through budgets that did not increase the tax levy from the previous year.""",mostly-false,mostly-false,['mostly-false'],1,True
"Using a surcharge on the cigarette tax to help pay for a new downtown sports arena ""is not feasible under state law.""",half-true,mostly-true,"['true', 'mostly-true', 'half-true']",3,True
"Says Daniel Webster ""used taxpayer funds to build a lobbyist lounge.""",mostly-false,false,"['true', 'mostly-true', 'half-true', 'mostly-false', 'false']",5,True
"Says Kelly Loeffler supports ""raising taxes on Georgia's middle class.""",false,mostly-false,"['mostly-false', 'false']",2,True
"""Right now we are spending at an all-time high, close to 25 percent of our GDP [is] being spent on the federal government. But our revenues are at an almost all-time low of about 15 percent [of GDP].""",true,true,['true'],1,True
"""Minnesota is kicking butt relative to Wisconsin on everything from employment and job creation to school test scores, educated work force and a host of other factors and rankings""",half-true,half-true,['half-true'],1,True
"California will have the ""highest gas tax in the nation"" once its 12 cent gas tax hike goes into effect.",false,false,"['mostly-false', 'false']",2,True
"Says in Newark ""we’re paying 80 percent of the school budget from local property taxes.""",false,false,['false'],1,True
"""Most of our taxes are spent on the so-called ‘War on Terror.’""",false,false,"['mostly-false', 'false']",2,True
Says a majority of Americans -- and Republicans -- support his approach for deficit reduction.,mostly-true,mostly-true,"['true', 'mostly-true', 'half-true']",3,True
"“America now has a government that forbids border agents from using deadly force, but is training IRS agents to use SWAT-team tactics on law-abiding citizens.”",false,false,"['mostly-false', 'false']",2,True
"Under the House Republican tax plan, in Wisconsin, ""the median household of four gets about a $2,000 tax cut, on average.""",half-true,half-true,['half-true'],1,True
A $5-a-night hotel/motel tax that’s part of the transportation bill will hurt Georgia’s convention business by adding extra costs for large groups coming to the state.,mostly-true,mostly-true,['mostly-true'],1,True
"""Under Greg Abbott, property taxes have gone up $20 billion.""",mostly-true,true,"['true', 'mostly-true', 'half-true']",3,True
"The government will ""go out and buy my breast pump for my babies.""",false,false,['false'],1,True
"""There are polls showing right now that the American people for the most part think it's a bad idea to provide tax cuts to the wealthy.""",mostly-true,mostly-true,['mostly-true'],1,True
"Property taxes ""are now 18% higher than when (Mark Sharpe) first took office.""",false,false,['false'],1,True
Says Mitt Romney did not pay taxes for 10 years.,pants-fire,false,"['mostly-false', 'false']",2,False
"""The bottom line is clear: Under the policies of this unified Republican government, American workers, families, and business owners are achieving economic growth that is unmatched in recent memory. … More than 1 million new jobs have been created just since we passed tax reform last December.""",half-true,mostly-true,"['mostly-true', 'half-true', 'mostly-false']",3,True
"Says Charlie Crist ""raised taxes on the middle class"" by $2.2 billion.",mostly-true,mostly-false,"['half-true', 'mostly-false', 'false']",3,False
"Says Democratic state Sen. Jim Holperin ""voted against a property tax freeze"" in 2009 and then voted for a ""$1.5 billion property tax hike.""",mostly-false,mostly-false,"['mostly-true', 'half-true', 'mostly-false']",3,True
"""Foxconn tax break could exceed $1 million per job.""",half-true,half-true,['half-true'],1,True
Says taxes paid by the poorest residents of Texas are above the national average.,true,true,['true'],1,True
"""There are parts of I-80 near Joliet that school buses are not allowed to cross because of the fragile nature of a bridge.""",mostly-false,false,"['mostly-true', 'half-true', 'mostly-false', 'false']",4,True
"Says Gov. Tony Evers’ 2021-22 state budget ""increases taxes $1 billion +""",mostly-true,mostly-true,"['true', 'mostly-true', 'half-true', 'mostly-false']",4,True
"Says ""J.B. Pritzker’s tax plan"" includes a ""new tax per mile you drive with government tracking device.""",false,false,"['mostly-false', 'false']",2,True
"""Almost half of every dollar that we spend on gas, it goes to New York State.""",false,false,"['mostly-false', 'false']",2,True
"Obama says he’s ""put forward a specific $4 trillion deficit reduction plan.""",half-true,mostly-true,"['mostly-true', 'half-true', 'mostly-false']",3,True
"""(Sen. Robert) Gordon cost us money, exempting the Newark sports arena from paying property taxes and sticking us with the bill.""",mostly-false,mostly-false,"['half-true', 'mostly-false', 'false']",3,True
"""We've cut taxes 50 times and look what has happened to our revenues. They've grown.""",mostly-true,mostly-false,"['mostly-true', 'half-true', 'mostly-false', 'false']",4,True
"""Jim Renacci cheated on his income taxes"" and is a ""deadbeat citizen.""",mostly-true,mostly-false,"['mostly-true', 'half-true', 'mostly-false', 'false']",4,True
"Says Wisconsin Gov. Scott Walker’s budget ""calls for raising property taxes by nearly $500 billion.""",pants-fire,pants-fire,['pants-fire'],1,True
"""In Springfield, Susana Mendoza voted to hit working families with a massive new soda tax.""",mostly-false,false,"['mostly-false', 'false']",2,True
"Gas is under $1 in 13 states, but $2.27 in Pennsylvania, because of the governor.",mostly-false,false,"['half-true', 'mostly-false', 'false']",3,True
"Says middle-class New York State residents will have the ""lowest tax rate in 70 years.""",mostly-true,false,"['mostly-true', 'half-true', 'mostly-false', 'false']",4,True
"""What happens is people like Warren Buffett — and he says this himself...pay 15 percent on the millions of dollars that they earn from wealth income... while their secretary is paying a higher rate on her work income. It's not right.""",true,mostly-true,"['true', 'mostly-true', 'half-true']",3,True
"Kim Myers ""voted repeatedly to raise taxes on the people of Broome County, but made millions off of tax savings when her family business relocated its headquarters.""",half-true,mostly-false,"['mostly-true', 'half-true', 'mostly-false', 'false']",4,True
"""I believe in tax cuts. I believe in being a supply-sider. I cut the income tax I think it was 24 percent. We got 42 percent more revenues.""",mostly-true,mostly-true,['mostly-true'],1,True
"In Florida, “68 to 70% of property tax revenue” is from “second homes, investment properties, commercial properties, Airbnb,” not primary residences.",mostly-true,mostly-true,"['true', 'mostly-true']",2,True
"""Steve Southerland did not pay his taxes in '05, '06, '07, '08 or '09.""",false,false,['false'],1,True
"Wisconsin's $3 billion incentive offer to Foxconn is ""the largest gift ever by a state to a foreign company.""",half-true,half-true,['half-true'],1,True
Says the University of Texas can afford to build a medical school because it has a $7 billion endowment and its football program had a $50 million profit last year.,half-true,false,"['half-true', 'mostly-false', 'false']",3,True
"""Property taxes are lower right now than they were"" in December 2010 on a median-valued home in Wisconsin.",mostly-true,mostly-true,['mostly-true'],1,True
"Gov. Wolf is trying to implement ""a severance tax that would be financed by Pennsylvania’s working class""",mostly-false,false,"['half-true', 'mostly-false', 'false']",3,True
"Peter DeFazio ""will sneak in a 1 percent tax on all banking transactions.""",pants-fire,pants-fire,['pants-fire'],1,True
"""The clear majority of Republican voters think that any deficit reduction package should have a balanced approach and should include some revenues.""",mostly-false,mostly-false,['mostly-false'],1,True
Says Merrick Garland is investigating Donald Trump’s “tax evasion case.”,false,false,['false'],1,True
"""During the Strickland-Cordray era, taxes were raised by $800 million and Ohio lost 400,000 jobs.""",mostly-false,false,"['mostly-true', 'half-true', 'mostly-false', 'false']",4,True
"""Texas families have kept more than $10 billion in their family budgets since we successfully fought to restore Texas' sales tax deduction a decade ago.""",true,false,"['mostly-true', 'half-true', 'mostly-false', 'false']",4,False
"""When the auto industry was going under, car parts companies like"" Johnson Controls ""begged taxpayers for a bailout, and they got one.""",half-true,half-true,['half-true'],1,True
"Milwaukee Mayor Tom Barrett ""has held the line on property taxes.""",mostly-false,mostly-false,"['mostly-true', 'half-true', 'mostly-false', 'false']",4,True
"""47 - New provisions ObamaCare charges the IRS with implementing, according to the Government Accountability Office.""",true,true,['true'],1,True
"If you don't buy cigarettes at your local supermarket, your grocery bill won't go up a dime. The same is true of the sugary drink tax. If passed, you can avoid paying the tax by not buying sugary drinks.",half-true,false,"['half-true', 'mostly-false', 'false']",3,True
"Wisconsin property taxes, as a percentage of personal income, ""are the lowest that they've been since the end of World War II.""",true,true,['true'],1,True
"The stimulus program ""cut taxes for 95 percent of the American people.""",half-true,half-true,"['half-true', 'mostly-false']",2,True
"Says ""half the Americans don't pay any income taxes.""",true,true,['true'],1,True
"The latest stimulus package ""sends stimulus checks to imprisoned murderers, rapists, and child molesters.”",mostly-true,false,"['mostly-false', 'false']",2,False
“Congress just voted to exempt themselves from IRS auditing of their personal finances.”,false,false,['false'],1,True
"Rand Paul wants ""to end all federal faith-based initiatives, and even end the deduction for religious charities.""",mostly-true,mostly-true,['mostly-true'],1,True
Says there is an upcoming vote to preserve benefits of Texas homestead exemption for seniors and the disabled.,pants-fire,pants-fire,['pants-fire'],1,True
"“The state of Illinois has a lower income tax rate than we do, and a flat tax. It’s almost half of what the top bracket here in Wisconsin is.”",mostly-true,false,"['mostly-true', 'half-true', 'mostly-false', 'false']",4,True
"Says Sen. Sherrod Brown admitted ""that his $787 billion stimulus law failed"" and ""after specifically attacking Republicans for wanting to lower Americans' taxes, (he) now claims that his stimulus bill 'didn't do enough' to lower taxes.""",half-true,half-true,['half-true'],1,True
"Says he has a plan for ""$1 billion in tax relief for Illinois.""",mostly-false,false,"['mostly-false', 'false']",2,True
"Scott Walker's income ""tax plan is a tax hike. It increases taxes for nearly 80% of the people in the state.""",pants-fire,pants-fire,['pants-fire'],1,True
"Says Glenn Grothman pushed through state tax credits that when phased in, ""someone that owns a factory that produces millions in income"" will pay ""less tax than their nephew would if he worked full time at Taco Bell for minimum wage.""",mostly-true,mostly-true,['mostly-true'],1,True
"""For decades, the state’s gas tax has been among the highest in the nation.""",true,true,['true'],1,True
"""We cut property taxes for seniors and our middle class.""",mostly-true,mostly-true,"['mostly-true', 'half-true', 'mostly-false']",3,True
"""Hillary Clinton says she wants to, ‘raise taxes on the middle class.’ """,pants-fire,false,"['mostly-false', 'false']",2,False
"Thanks to actions by the Milwaukee County Board on the 2013 budget, the amount of county taxes on the average home in the city of Milwaukee ""would be a $19 decrease.""",mostly-false,false,"['mostly-false', 'false']",2,True
Florida has “the second lowest tax burden per capita in the United States.”,mostly-true,true,"['true', 'mostly-true']",2,True
"""The (Wisconsin) governor has proposed tax giveaways to corporations.""",mostly-true,mostly-true,['mostly-true'],1,True
"Says Mitt Romney belittled middle-class tax cuts ""as nothing more than 'little Band-Aids.' """,mostly-false,true,"['true', 'mostly-true', 'half-true', 'mostly-false']",4,True
"A $10 million fire fee proposal in St. Petersburg was ""inspired"" by Gov. Rick Scott.",pants-fire,false,['false'],1,False
"""We have the second highest corporate tax rate among our trading partners.""",mostly-true,mostly-true,['mostly-true'],1,True
"When you compare our state pension system ""to other systems throughout the country, our benefits are not gold-plated. They are not rich. They are actually average or below average.""",half-true,mostly-true,"['mostly-true', 'half-true']",2,True
"“If every one of the 340 million people in America paid a new $35 copay to visit the doctor, that still wouldn’t be enough to cover how much Meta would get from just one tax break in Donald Trump's ‘Big Beautiful Bill.’""",half-true,mostly-true,"['true', 'mostly-true', 'half-true']",3,True
"""America has more people employed as tax preparers (1.2 million) than as police and firefighters.""",false,false,['false'],1,True
Brookhaven homeowners pay hundreds of dollars less in property taxes compared with owners of the same-value homes in unincorporated DeKalb County.,half-true,half-true,['half-true'],1,True
"Says the United States has the ""highest corporate tax rate in the world.""",mostly-true,mostly-false,"['mostly-true', 'half-true', 'mostly-false', 'false']",4,True
"Says his plan to raise car registration to $56 would still leave Virginia with a fee that’s ""equal to or lower than most states.""",pants-fire,false,"['mostly-true', 'half-true', 'mostly-false', 'false']",4,False
"""Teachers spend $1.6 BILLION per year on school supplies. The Republican tax bill ELIMINATES their ability to deduct those expenses.""",half-true,false,"['half-true', 'mostly-false', 'false']",3,True
"Sixteen thousand new Internal Revenue Service agents will be ""empowered to enforce"" the new health care legislation.",mostly-false,mostly-false,"['mostly-false', 'false']",2,True
"In the 1950s,  ""A lot of people got rich — and they had to pay a top tax rate of 90 percent.""",mostly-true,mostly-true,['mostly-true'],1,True
Texas has the sixth-highest property taxes in the nation.,mostly-true,mostly-true,"['true', 'mostly-true', 'half-true', 'mostly-false']",4,True
"Says the Southwest Florida Water Management District has $850 million in reserves, enough money in savings to run without levying taxes for more than two years.",false,false,['false'],1,True
"Says Bill Nelson ""voted to raise our taxes 150 times.""",false,false,"['mostly-false', 'false']",2,True
"Tom Barrett ""voted for the largest tax increase in history ... raising taxes on gas and Social Security.""",mostly-false,mostly-false,"['mostly-false', 'false']",2,True
“The average (Wisconsin) resident’s tax burden is at its lowest level in nearly 50 years while incomes continue to grow.”,true,true,"['true', 'mostly-true']",2,True
"Says ""my plan is a property tax cut.""",half-true,half-true,"['mostly-true', 'half-true']",2,True
"Says Hillary Clinton's ""plan is going to raise taxes and even double your taxes.""",mostly-false,false,"['mostly-false', 'false']",2,True
"A ""Delta Force” seized a shipment of weapons headed to the IRS.",pants-fire,false,['false'],1,False
"Says Lee Fisher ""wanted a $1.1 billion tax increase which could have driven countless jobs out of state.""",half-true,half-true,"['half-true', 'mostly-false']",2,True
"""Buono voted 154 times to raise our taxes -- like the sales tax, the income tax, health care taxes, even small business taxes.""",true,true,"['true', 'mostly-true']",2,True
"The health care bill has ""six years of costs against 10 years of tax revenue.""",half-true,half-true,['half-true'],1,True
"""This year,"" the Austin City Council ""granted a small homestead"" property tax ""exemption of $5,000... applied equally to everyone. And we also granted an exemption for the elderly and the disabled members of the community.""",mostly-false,mostly-true,"['true', 'mostly-true']",2,False
"The Bush-era tax cuts failed to increase employment and ""work-force participation fell in 2001 and has never returned to the record level set in 2000.""",mostly-true,half-true,"['mostly-true', 'half-true']",2,True
"In the 38 Studios deal, ""Wall Street investors took a risk, and went bust.""",false,mostly-true,"['true', 'mostly-true', 'half-true', 'mostly-false']",4,False
"Under President Donald Trump’s newly signed tax law, “Those making less than $50,000 receive the largest (tax) cuts.”",mostly-false,false,"['mostly-false', 'false']",2,True
"In the wake of the Republican-backed tax bill, ""more than 100,000 American workers have already been laid off in 2018.""",mostly-false,false,"['mostly-false', 'false']",2,True
"Says Donald Trump’s ""only economic agenda is imposing massive taxes on the American people with a 40 percent tax hike of a giant tariff.""",half-true,mostly-false,"['mostly-false', 'false']",2,False
Georgia has some of the highest gas taxes in the Southeast but one of the lowest taxes on gasoline for transportation in the nation.,mostly-true,mostly-true,['mostly-true'],1,True
Hillary Clinton and Barack Obama want to raise taxes on all income brackets.,false,false,['false'],1,True
"Says he ""helped lead an outside audit that’ll save (Milwaukee County) taxpayers over $200 million.""",false,mostly-true,"['mostly-true', 'half-true']",2,False
"""Our tax code is . . . 80,000 pages.""",false,false,['false'],1,True
"""Since taking office, Andrew Cuomo has given massive tax breaks to corporations and the super rich.""",mostly-false,mostly-false,"['mostly-true', 'half-true', 'mostly-false']",3,True
"Says LeBron James ""stops paying his Social Security taxes at the beginning of the second quarter of the first game of the season.""",mostly-true,false,"['mostly-true', 'half-true', 'mostly-false', 'false']",4,True
"""I haven't raised taxes in the time I've been the governor of New Jersey.""",half-true,mostly-false,"['half-true', 'mostly-false', 'false']",3,True
"Says Gov. Tony Evers ""wanted to increase your taxes by $1 billion just for heating your homes. Instead, Republicans cut your taxes by more than $2 billion.""",half-true,mostly-false,"['mostly-true', 'half-true', 'mostly-false']",3,True
"""80 percent of the (individual mandate) tax falls on those who make $50,000 a year or less.""",mostly-true,mostly-false,"['half-true', 'mostly-false', 'false']",3,False
"""Florida sends $135 billion and D.C. returns $150 billion.""",mostly-true,false,"['mostly-true', 'half-true', 'mostly-false', 'false']",4,True
"""Every dropout costs us $72,000 for the life of that person.""",half-true,mostly-true,"['mostly-true', 'half-true', 'mostly-false', 'false']",4,True
"When the United States ""first created the federal income tax, frankly, nobody below a million dollars a year paid anything.""",false,false,['false'],1,True
"""During my tenure as governor, Wisconsin’s overall tax burden went DOWN.""",mostly-true,mostly-true,['mostly-true'],1,True
"Says Texas tax legislation would ""save the average homeowner in Texas $20,000 a year over the next 20 years or so.""",pants-fire,false,"['half-true', 'mostly-false', 'false']",3,False
"""Republican (small business tax cut) bill spends $80 million for better Google searches, not job creation""",mostly-false,mostly-false,"['mostly-false', 'false']",2,True
"A Democratic bill negotiated between Sens. Joe Manchin and Chuck Schumer would ""increase taxes on millions of Americans across every income bracket.""",half-true,mostly-false,"['mostly-true', 'half-true', 'mostly-false', 'false']",4,True
"Twenty percent of single adults, ages 21 to 25 with no kids, ""are not working or even in school trying to find a job.""",false,false,['false'],1,True
"Says President Barack Obama’s finance team is recommending a ""1% tax on all transactions at any financial institution.""",pants-fire,false,['false'],1,False
"With Medicare for All, ""study after study has shown that ... the average middle-class families will save $3,000 each and every year on their health care bills.""",mostly-false,mostly-false,"['mostly-false', 'false']",2,True
"The home-mortgage deduction is widely thought to be ""a middle-class benefit. It's not -- 73 percent of it goes to people making a quarter-million dollars or more a year.""",half-true,mostly-true,"['true', 'mostly-true', 'half-true', 'mostly-false']",4,True
"""As mayor, every year I was in office I did reduce taxes.""",half-true,half-true,['half-true'],1,True
"""Even the CBO numbers show now that the entire $1.5 trillion tax cut is virtually paid for by higher revenues and better nominal GDP.""",false,false,"['mostly-false', 'false']",2,True
"""McCain will give more tax breaks to big oil.""",mostly-false,mostly-false,"['mostly-true', 'half-true', 'mostly-false']",3,True
Says the top 20 percent of income earners pay nearly 70 percent of all federal taxes.,true,mostly-true,"['true', 'mostly-true']",2,True
"""Our reserves are now in much better shape than they were just a few years ago.""",true,mostly-true,"['true', 'mostly-true', 'half-true']",3,True
"Mike Madigan made a fortune on tax appeals… Saving his friends millions... It’s an inside game played by people like Merry Marwig, Madigan’s hand-picked candidate. When Marwig thought her property taxes were too high she got them lowered at your expense. Saved so much she did it again. Marwig and Madigan: Profiting from the same corrupt system.",mostly-false,mostly-false,"['half-true', 'mostly-false', 'false']",3,True
Says Matt Bevin has repeatedly failed to pay his taxes.,mostly-false,mostly-false,"['mostly-true', 'half-true', 'mostly-false', 'false']",4,True
"""Paul Workman wants to raise the sales tax.""",false,false,['false'],1,True
"Under the GOP tax law, ""if you live in Hinsdale, Illinois … you are now being double-taxed to the tune of $35,000.""",false,false,"['mostly-false', 'false']",2,True
"California’s proposed tobacco tax ""diverts 82 percent of the new taxes to line the pockets of wealthy special interests like insurance companies who don't have to help even one more patient.""",mostly-false,mostly-false,"['mostly-true', 'half-true', 'mostly-false', 'false']",4,True
"The Inflation Reduction Act ""doubles the size of the IRS, raises your taxes and spends billions on a green energy slush fund.""",mostly-false,mostly-false,"['mostly-false', 'false']",2,True
"The Republican tax bill passed in 2017 ""gave 83% of the benefits to the top 1%.""",half-true,mostly-false,"['half-true', 'mostly-false', 'false']",3,True
"I turned ""a $110 million deficit into a $1.6 million surplus for our city.""",mostly-false,mostly-true,"['mostly-true', 'half-true', 'mostly-false', 'false']",4,True
"""A construction worker who’s making $50 or $60 grand a year shouldn’t be paying higher tax rates than the guy who’s making $50 million a year. And that’s how it’s working right now.""",half-true,mostly-true,"['true', 'mostly-true', 'half-true']",3,True
"Says raising the state income tax rate on millionaires to offset property taxes for other residents is ""not a tax increase. It's a tax shift.""",pants-fire,false,['false'],1,False
"""While the country’s economy was battered, nine states with no income tax actually grew jobs from 2001 to 2010.""",half-true,mostly-true,"['mostly-true', 'half-true', 'mostly-false']",3,True
"“The largest contributor to the debt ceiling, or to our deficit, has been the Trump tax cuts.”",false,false,"['mostly-false', 'false']",2,True
"""We can fix our roads without raising taxes.""",false,false,"['mostly-false', 'false']",2,True
"Says Marco Rubio is proposing a new $1 trillion ""welfare program"" in tax credits and ""$1 trillion in new military spending.""",mostly-true,mostly-true,['mostly-true'],1,True
"Kathryn Starkey ""aided and abetted the continued taxation on residents’ properties over 70 percent of the time by seconding motions and voting to keep the millage rate the same.""",half-true,half-true,['half-true'],1,True
"""Joe Biden is proposing that any family who tries to pass a business or a farm down to their son or daughter or grandson or granddaughter are going to pay a huge new tax.""",mostly-false,mostly-false,"['mostly-false', 'false']",2,True
"$65 billion ""would be added to the deficit if we keep the cuts for people on the highest incomes.""",mostly-true,mostly-true,['mostly-true'],1,True
Student debt relief is taxable by the Internal Revenue Service.,false,false,"['mostly-true', 'half-true', 'mostly-false', 'false']",4,True
"""There is great disparity, tremendous disparity, in the (capital) funding on a per-student basis between our traditional public schools and our charter public schools.""",mostly-true,true,"['true', 'mostly-true']",2,True
"""Crime has been getting worse since Jerry Brown was elected governor.""",mostly-false,mostly-false,['mostly-false'],1,True
Says Texas has “lower taxes and less regulations than anywhere else in the U.S.”,false,false,"['mostly-false', 'false']",2,True
"""There's still about $400 billion or $500 billion of the stimulus plan that has not been spent. Why don't we stop it.""",false,false,['false'],1,True
"""One percent of the American people make over 21 percent of all the income in America. That wasn’t the way before George Bush became president.""",half-true,half-true,['half-true'],1,True
Says Tennessee has some of the lowest beer excise tax rates in the country.,half-true,mostly-true,"['true', 'mostly-true', 'half-true', 'mostly-false']",4,True
"""Only 25 percent of what people buy is subject to Rhode Island’s sales tax.""",false,mostly-true,"['mostly-true', 'half-true', 'mostly-false', 'false']",4,True
"Says Kelli Ward hosted a town hall on ""chemtrail conspiracy theories"" and is open to sponsoring chemtrails legislation.",mostly-false,mostly-false,"['half-true', 'mostly-false', 'false']",3,True
"The Democrats' health care bill ""gives a new Health Choices Commissioner the right to look at an individual's tax return to determine what medical benefits or subsidies that person qualifies for.""",half-true,half-true,['half-true'],1,True
"""I cut spending while serving in the state Legislature""",mostly-true,true,"['true', 'mostly-true']",2,True
"Potato chips, KitKat bars and Viagra are not taxed in Wisconsin because they are considered ""essential.""",true,false,"['true', 'mostly-true', 'half-true', 'mostly-false', 'false']",5,True
"The WIC program ""is an incredibly cost effective program, serving nearly 10 million Americans each year and costing less than $100 per person. In my district, more than 18 percent of residents suffer from food insecurity and depend on WIC to make ends meet.""",pants-fire,mostly-false,"['mostly-true', 'half-true', 'mostly-false', 'false']",4,False
"Says U.S. Senate rival Tommy Thompson ""wants to give a new $265,000 tax cut to millionaires like himself while raising taxes on the middle class.""",half-true,half-true,['half-true'],1,True
"Republicans ""don't think it's a good idea"" to make the child care tax credit ""stronger.""",mostly-false,mostly-false,"['mostly-true', 'half-true', 'mostly-false']",3,True
"""We Really Do Have the Highest Corporate Tax Rate in the World.""",mostly-true,mostly-true,"['mostly-true', 'half-true']",2,True
"""In fact New Jersey is a donor state, we get 61 cents back on every dollar we send to Washington. And interestingly Kentucky gets $1.51 on every dollar they send to Washington.""",true,mostly-true,"['true', 'mostly-true']",2,True
"Says his ""Act 10 reforms"" have ""saved the taxpayers some $3 billion.""",mostly-true,mostly-true,['mostly-true'],1,True
"Capital Metro originally said MetroRail's yearly operating costs would be ""about $2.5 million. Last year ... it cost $13 million to operate.""",half-true,mostly-true,"['true', 'mostly-true', 'half-true', 'mostly-false']",4,True
"Milwaukee has less taxing power than most similar cities and is the only U.S. city of 400,000 or more ""that does not have a sales tax or local income tax.""",half-true,false,"['mostly-true', 'half-true', 'mostly-false', 'false']",4,True
"Sherrod Brown ""failed to pay his own taxes three separate times.""",true,true,['true'],1,True
"""If Gov. Romney's plan goes into effect … the average senior would have to pay $460 a year more in tax for their Social Security.""",mostly-false,false,"['mostly-true', 'half-true', 'mostly-false', 'false']",4,True
"Says Donna Campbell is pushing a 35 percent sales tax extending to medicine, groceries and real estate.",pants-fire,false,"['mostly-false', 'false']",2,False
"""Under our (2011-’13) budget, the average (Wisconsin) property taxpayer will save $700.""",false,false,['false'],1,True
"Says an illegal immigrant fraudulently claimed children who actually lived in Mexico on income tax forms to collect more than $29,000.",mostly-true,mostly-false,"['mostly-true', 'half-true', 'mostly-false']",3,True
"Says constitutional amendment would ""help to stop unfair, double taxation on real estate.""",half-true,false,"['mostly-false', 'false']",2,False
"The Obama-GOP compromise ""raises taxes, it raises the death tax.""",mostly-false,mostly-false,"['half-true', 'mostly-false', 'false']",3,True
"As state Commerce secretary, Mary Burke drafted, sponsored and promoted ""budgets that raised taxes by billions, created high structural deficits and raided funds to finance huge spending hikes.""",mostly-false,mostly-false,"['mostly-true', 'half-true', 'mostly-false']",3,True
"Says ""Having organizations parading as being social welfare organizations and then being involved in the political combat harkens back to why the statute a hundred years ago said that they were prohibited.""",false,false,['false'],1,True
"Mitt Romney is proposing a tax plan ""that would give millionaires another tax break and raises taxes on middle class families by up to $2,000 a year.""",mostly-true,mostly-false,"['mostly-true', 'half-true', 'mostly-false', 'false']",4,True
"Says ""the money is in the budget"" to give a tax break to ""everyone,"" including people making more than $1 million.",false,false,"['mostly-false', 'false']",2,True
"""Not a dollar would be paid out until jobs in the Foxconn development area were created.""",mostly-true,mostly-true,['mostly-true'],1,True
"""Over the past decade, the big five oil companies --- BP, Chevron, ConocoPhillips, ExxonMobil and Shell -- made a total profit of nearly $1 trillion.""",mostly-true,mostly-true,['mostly-true'],1,True
"""Sen. Rubio’s (tax plan) would cut taxes for households making around $3 million a year by almost $240,000, which is way more than three times the earnings of a typical family.""",mostly-true,mostly-true,"['true', 'mostly-true']",2,True
"Says Julie Parrish wants to add a sales tax to everything we need to buy including food, clothing, medicine and school supplies.",mostly-false,mostly-false,['mostly-false'],1,True
"Californians pay ""the highest electricity bills"" in the nation.",false,false,"['mostly-false', 'false']",2,True
"""Under the Republican health care repeal proposal North Carolina faces the 2nd highest premium increase in the nation. North Carolina residents will face an average cost increase of over $7,500.""",half-true,mostly-true,"['true', 'mostly-true']",2,False
"""The top one-tenth of 1 percent now owns almost as much wealth as the bottom 90 percent.""",mostly-true,mostly-true,['mostly-true'],1,True
"""Subsidies for oil and gas companies make up 88 percent of all federal subsidies. Just cutting the oil and gas subsidies out would save the U.S. government $45 billion every year.""",false,false,"['false', 'pants-fire']",2,True
"The jobs bill includes ""President Obama's tax on soup kitchens""",mostly-false,false,"['mostly-false', 'false']",2,True
"Forty aides who serve President Barack Obama ""owe $333,485 in back taxes.""",mostly-true,mostly-true,['mostly-true'],1,True
"The Democrats plan ""to raise your tax rates to 70 or 80 percent.""",false,false,"['mostly-false', 'false']",2,True
"""If you have an investment for your child's education or own a mutual fund or a stock in a retirement plan, (Obama) is going to raise your taxes.""",false,false,['false'],1,True
"Obama ""said (the individual mandate) wasn't a tax.""",true,false,"['true', 'mostly-true', 'half-true', 'mostly-false', 'false']",5,True
"Says ""our taxes have doubled"" with Rick Perry in office.",pants-fire,pants-fire,['pants-fire'],1,True
"Bill Nelson ""leased land that he owned for six cows, taking advantage of an agricultural tax loophole to dodge $43,000 in taxes just last year.""",half-true,mostly-false,"['mostly-false', 'false']",2,False
"""Our tax rates are lower now than they were under Ronald Reagan. They're much lower than they were under Dwight Eisenhower.""",mostly-true,true,"['true', 'mostly-true']",2,True
"Gwinnett County government has made ""significant cutbacks in staffing.""",half-true,half-true,['half-true'],1,True
"In the 1980s, ""The lowest income people had the biggest gains.""",false,false,['false'],1,True
"Says Warren Buffett has publicly said his secretary ""should not be paying a higher tax rate"" than him.",true,true,"['true', 'mostly-true', 'half-true', 'mostly-false']",4,True
"The Democratic health care bill will ""collect higher taxes for 10 years  and provide health care for only six years.""",half-true,half-true,['half-true'],1,True
"""[E]xcise tax increases drive commerce across state lines.""",mostly-true,mostly-true,['mostly-true'],1,True
"""I have cut taxes 63 times, including a 2006 property tax reduction that ranks as the largest in state history.""",mostly-false,false,"['mostly-true', 'half-true', 'mostly-false', 'false']",4,True
"Says California Republican Young Kim is ""a tax cheat"" who ""illegally claimed a $7,000 annual homestead exemption on a house she wasn’t living in,"" had ""multiple tax liens placed on her"" as a result and ""owes over $10,000 in unpaid federal income taxes.""",mostly-false,false,"['mostly-false', 'false']",2,True
“I can send every qualified person to a four-year college in their state for $150 billion.”,false,false,"['half-true', 'mostly-false', 'false']",3,True
"According to David Cay Johnston, ""the average American pays about 22 percent of their income to federal taxes. The richest 400 Americans … pay about 16 percent of their income to federal taxes.""",half-true,half-true,['half-true'],1,True
"Says U.S. Rep. Ron Kind’s ""stimulus cost taxpayers $278,000 per job.""",false,false,['false'],1,True
"""There are more members of the U.S. Senate than the number of WI families who would benefit from GOP estate tax break.""",mostly-true,mostly-true,['mostly-true'],1,True
"""Pres. Obama's finance team is recommending a . . . 1% tax on all transactions at any financial institution.""",pants-fire,pants-fire,['pants-fire'],1,True
"Says Donald Trump’s plan to repeal the estate tax would mean the Walmart Walton family would ""get a $53 billion tax break.""",half-true,half-true,['half-true'],1,True
"Seth Magaziner ""plans to spend billions more of your money.""",false,false,"['mostly-false', 'false']",2,True
Says Joe Biden is proposing a tax increase that’s “the largest in American history.”,false,false,"['mostly-false', 'false']",2,True
"""We cut property taxes by one-third.""",mostly-false,mostly-false,"['mostly-false', 'false']",2,True
"Says Mike Bloomberg “opposed modest proposals during Barack Obama’s presidency to raise taxes on the wealthy, while advocating for cuts to Medicare and Social Security.”",mostly-false,mostly-true,"['true', 'mostly-true', 'half-true']",3,False
"""The latest round of tariffs now means that the total tax increase on Americans from enacted tariffs exceeds the tax increases from the Affordable Care Act.""",half-true,mostly-true,"['mostly-true', 'half-true', 'mostly-false', 'false']",4,True
"""We’re trailing every other state in the Midwest in terms of job creation since January of 2011.""",half-true,half-true,['half-true'],1,True
"Says Ohio is one of just 17 states with an estate tax, and it has ""the lowest threshold in the nation.""",true,true,['true'],1,True
"Under the 2017 tax law, “people who make under $75,000 will have their taxes raised in 2021 and every 2 years after that until 2027.”",mostly-false,false,"['mostly-false', 'false']",2,True
"""Currently we have some 40-45% of Americans who are not paying any taxes.""",mostly-false,mostly-false,"['mostly-false', 'false']",2,True
"""The only years that anybody's ever seen"" of Donald Trump’s tax returns ""showed he didn't pay any federal income tax.""",mostly-false,false,"['mostly-false', 'false']",2,True
"""The state’s tax burden has, according to census figures released today, cost our state another 190,000 residents in 2009.""",false,false,['false'],1,True
"""The federal government is spending 25 percent of our entire economy versus 100 years ago we spent only 2 percent.""",true,true,['true'],1,True
"""Not one dime of the tax cut that they are going to enact with the repeal of Obamacare will go to people who make under $200,000.""",mostly-false,false,"['mostly-false', 'false']",2,True
"The state and local tax deduction is a major benefit for moderate-income households because ""50% of households that claim State & Local Tax deduction make under $100K.""",mostly-true,mostly-true,"['mostly-true', 'half-true', 'mostly-false']",3,True
"The United States has ""the highest corporate tax rate in the free world.""",mostly-true,false,"['half-true', 'mostly-false', 'false']",3,False
"Under Obama's budget plan, families making over $250,000 are ""going to lose their mortgage deduction, their charitable deductions.""",pants-fire,pants-fire,['pants-fire'],1,True
"""Newgard owed more than $13,000 for unpaid taxes on his $1 million Milwaukie apartment complex.""",mostly-false,mostly-true,"['mostly-true', 'half-true', 'mostly-false']",3,True
"President Donald Trump’s tax returns show “what any wealthy person's tax history is, if you can believe it — which is good years and bad years, years of immense taxes and years of almost no taxes at all because you carry over losses.”",mostly-false,false,"['mostly-false', 'false']",2,True
“We had the biggest tax cut for families that this country has ever seen.”,mostly-false,false,"['mostly-false', 'false']",2,True
"Says 70 percent of benefits in Donald Trump’s proposal for child care ""go to the people making over $100,000 a year.""",true,true,"['true', 'mostly-true']",2,True
"""As governor of Arkansas, I cut taxes and fees almost 100 times, saving the taxpayers almost $380-million. I left a surplus of nearly $850-million.""",half-true,half-true,['half-true'],1,True
"""We've got a personal tax system that's so complicated it costs Americans about $500 billion a year to comply with the current tax code.""",mostly-false,mostly-false,['mostly-false'],1,True
"Research shows the employer mandate in the House health reform bill would ""place millions 'at substantial risk of unemployment' — with minority workers losing their jobs at twice the rate of their white counterparts.""",half-true,half-true,['half-true'],1,True
"Says President Barack Obama has ""not proposed one thing that would change"" the fact that Warren Buffett pays a lower tax rate than his secretary.",false,false,"['half-true', 'mostly-false', 'false']",3,True
"""Jon Corzine, elected governor. Teams up with Barbara Buono. $1.2  billion sales tax increase? Passed. Most spending in state history? Passed. After Buono named budget chair, taxes and fees increase 23 times in just two years. State debt? Up $13.4 billion. Unemployment? Doubled.""",half-true,mostly-true,"['true', 'mostly-true', 'half-true', 'mostly-false']",4,True
"""One-third of the gasoline is purchased by out-of-state people"" in Virginia",false,false,"['mostly-false', 'false']",2,True
"""The IRS is about to double in size, with 87,000 new armed agents and an additional $80 billion in order to primarily enhance IRS enforcement and operations.”",mostly-false,mostly-false,"['mostly-true', 'half-true', 'mostly-false', 'false']",4,True
"“The nonpartisan Congressional Budget Office says with the supersized staff, the IRS audit rate ‘would rise for ALL taxpayers’ regardless of income, and would even result in audits of innocent Americans who have paid their taxes and don’t owe the IRS anything.”",half-true,half-true,"['mostly-true', 'half-true', 'mostly-false']",3,True
"""If you're earning under $100,000 a year and you commute to New York every day you pay more to the Port Authority in tolls than you pay to the state of New Jersey in income tax.""",true,true,['true'],1,True
"""The University of Wisconsin System budget is the biggest it has ever been.""",mostly-true,mostly-true,['mostly-true'],1,True
"Says Congressman Jon Runyan does not want to cut taxes for the middle class, but only for millionaires.",mostly-false,false,"['mostly-false', 'false']",2,True
"Obama ""says he'll raise taxes on electricity.""",mostly-false,mostly-false,"['mostly-false', 'false']",2,True
"Says U.S. Senate candidate Joni Ernst signed a pledge that ""protects tax breaks for companies that ship jobs overseas.""",false,false,"['mostly-false', 'false']",2,True
"""Every taxpayer, their taxes are going down, except rich people in Manhattan and San Francisco. Some of them, their taxes may go up.""",half-true,mostly-true,"['true', 'mostly-true', 'half-true', 'mostly-false']",4,True
Says Kamala Harris said there will be “a federal tax on your home for reparations.”,false,false,['false'],1,True
"""Pepper ... kicked off a jock tax, imposing a levy on the sports and entertainment industry.""",true,true,['true'],1,True
"On Obama, ""The press warns the 'Taxman Cometh.'""",mostly-false,mostly-false,"['mostly-false', 'false']",2,True
The Republican tax and spending bill will provide a “tax cut for Social Security recipients.”,half-true,mostly-false,"['mostly-false', 'false']",2,False
"The richest 400 taxpayers are taxed at a lower rate than a $29,000-a-year worker",mostly-true,mostly-true,"['mostly-true', 'half-true', 'mostly-false']",3,True
"Says ""Richard Devlin raised your taxes by $1 billion in a single day.""",half-true,half-true,['half-true'],1,True
Says his campaign has released his past tax returns.,false,false,"['mostly-false', 'false']",2,True
"Mitt Romney boasts that he is ""proud to be the only major candidate for president to sign the tax pledge. The others have not.""",mostly-true,mostly-false,"['mostly-true', 'half-true', 'mostly-false']",3,True
"Says Romney tax plan ""could take away middle-class deductions for child care, mortgages and college tuition.""",mostly-false,mostly-false,"['mostly-true', 'half-true', 'mostly-false']",3,True
Says the Georgia Dome would need up to $350 million in work over the next five to seven years.,half-true,half-true,['half-true'],1,True
"Says Alex Sink supported ""higher property taxes.""",mostly-false,false,"['half-true', 'mostly-false', 'false']",3,True
"""Governor Evers' budget would increase property taxes by the largest amount in a decade""",half-true,half-true,['half-true'],1,True
Americans spend more than $160 billion and 6 billion hours per year complying with the tax code.,true,true,['true'],1,True
"""One man (New Castle, Del., County Executive, Chris Coons) thought property taxes should be hiked almost 50 percent.""",mostly-true,mostly-true,"['mostly-true', 'half-true']",2,True
"""We will have the highest general revenue in state history next year. Conservative pro-growth policies work in our state.""",mostly-false,mostly-false,"['mostly-true', 'half-true', 'mostly-false', 'false']",4,True
"Says Republican U.S. Senate candidate Tommy Thompson ""supports massive tax cuts for corporations that outsource Wisconsin jobs.""",half-true,half-true,['half-true'],1,True
"Says he lived up to a 2008 promise when he ""closed corporate tax loopholes that were sending profits overseas.""",half-true,half-true,"['mostly-true', 'half-true', 'mostly-false']",3,True
"""Since 1995, the top 400 wealthiest families have seen their incomes go up 400 percent and their tax rates go down 40 percent.""",mostly-true,mostly-true,"['mostly-true', 'half-true']",2,True
"After enactment of the Republican tax bill, ""school teachers can no longer deduct the cost of their classroom supplies on their taxes.""",false,false,"['mostly-false', 'false']",2,True
"""Both the state and federal governments make more per gallon in gas taxes than the oil companies make themselves for doing all the work.""",half-true,half-true,['half-true'],1,True
"Says Bernie Sanders is going to ""tax you people at 90 percent.""",pants-fire,false,['false'],1,False
"""Ben Franklin once quipped that only two things in life were certain: death and taxes. I think even he didn't envision that the tax man would visit on the day of your death.""",false,false,"['mostly-false', 'false', 'pants-fire']",3,True
"""(Assembly Democrats) wanted to raise the gas tax by $2.4 billion. We said no to that....They’re down on the ground. They’re sweating. They’re twitching. It’s ugly, ‘cause I keep saying no.""",mostly-false,false,"['mostly-false', 'false']",2,True
"It’s ""typical"" for a presidential candidate to release 10 or 11 years of tax returns.",half-true,false,"['mostly-true', 'half-true', 'mostly-false', 'false']",4,True
"Says that in 2009 ExxonMobil ""paid no federal income taxes, received a $156 million rebate.""",false,false,['false'],1,True
"Says Rick Scott ""raised property taxes.""",mostly-false,mostly-true,"['mostly-true', 'half-true', 'mostly-false', 'false']",4,True
"""The annual cost of free tax credits alone paid to illegal immigrants quadrupled to $4.2 billion in 2011.""",half-true,mostly-true,"['mostly-true', 'half-true', 'mostly-false']",3,True
"Says economists Harvey Rosen and Martin Feldstein have said that ""paying for (Mitt) Romney’s tax cuts would require large tax increases on families making between $100,000 and $200,000.""",mostly-false,false,"['mostly-false', 'false']",2,True
"Medicare is ""going broke. The trust fund goes bankrupt in 2026.""",mostly-false,mostly-false,"['mostly-true', 'half-true', 'mostly-false']",3,True
"""Taxpayers earning $1 million pay an effective tax rate that is about four times what taxpayers earning $100,000 pay.""",true,true,"['true', 'mostly-true']",2,True
"""Between the first and second quarters of 2018 — after the tax cuts were enacted — real wages fell by 1.8 percent.""",mostly-false,false,"['mostly-false', 'false']",2,True
"""We see a quarter-billion dollars in a pension fund that needs to be funded at $1.2 billion.""",mostly-true,mostly-true,"['true', 'mostly-true']",2,True
"Says that under his tax plan, seniors making less than $50,000 per year won't pay any income taxes.",true,true,['true'],1,True
"""This will be the last time — April — that you’re going to (fill out) that old-fashioned, big, lots of pages, complicated tax form. Because next April you’re going to, in many cases, (file) one page, one card. It’s going to be very, very different. Very, very different.""",mostly-false,false,"['mostly-false', 'false']",2,True
"""The primary financing mechanism of the Affordable Care Act is a tax on wealthy people.""",half-true,mostly-true,"['mostly-true', 'half-true', 'mostly-false']",3,True
"""Governor Scott Cut Taxes 40 Times For Florida Families""",half-true,false,"['mostly-false', 'false']",2,False
"President Obama ""promised"" families making less than $250,000 a year would not see taxes go up, but ""Obamacare raises 18 different taxes.""",mostly-false,mostly-false,"['mostly-false', 'false']",2,True
The new tax will make soda sold in Chicago among the most expensive in the country.,true,mostly-true,"['true', 'mostly-true', 'half-true', 'mostly-false']",4,True
Says he has a track record of not raising taxes.,false,false,['false'],1,True
Says Kevin Cramer wants to cut Social Security and Medicare to pay for tax cuts.,half-true,mostly-false,"['half-true', 'mostly-false', 'false']",3,True
"Says he has ""a fiduciary responsibility to his business, his family and his employees to pay no more tax than legally required.""",false,false,"['mostly-false', 'false']",2,True
"Palin ""inherited a city with zero debt, but left it with indebtedness of over $22-million.""",mostly-true,mostly-true,"['mostly-true', 'half-true', 'mostly-false']",3,True
"""It's estimated we leave somewhere north of $350 billion a year - that's billion - a year on the table uncollected because IRS doesn't have the resources.""",half-true,mostly-true,"['true', 'mostly-true']",2,False
"""Jane Norton supported the largest tax hike in Colorado history.""",half-true,half-true,['half-true'],1,True
"Says President Donald ""Trump’s budget gives a $100 billion tax break to three of the wealthiest families.""",mostly-false,false,"['mostly-false', 'false']",2,True
"Rhode Island ""didn't ratify the 13th Amendment to the Constitution to pay federal income taxes. So Rhode Island doesn't even have to pay federal income taxes.""",pants-fire,pants-fire,['pants-fire'],1,True
"""There are corporations in this nation, some of the biggest corporations in this nation, who do not pay taxes.""",true,true,['true'],1,True
The proposed transportation tax plan revokes a tax-credit for consumers’ electric cars while the state retains similar credits for similar vehicles for businesses.,true,true,['true'],1,True
"Says Tony Evers will ""raise the gas tax by as much as a dollar a gallon.""",mostly-false,mostly-false,['mostly-false'],1,True
"""Redistribution"" has ""never been a characteristic of America.""",pants-fire,false,['false'],1,False
"Says ""millions of dollars in tax breaks"" were paid for ""by busting unions, cutting BadgerCare, and raising taxes on the poor and the middle class, thanks to Elizabeth Coggs' help.""",pants-fire,pants-fire,['pants-fire'],1,True
"As governor, Maggie Hassan first proposed a $1 billion spending increase.",half-true,mostly-true,"['mostly-true', 'half-true', 'mostly-false', 'false']",4,True
“In Congress Ron DeSantis pushed a 23% national sales tax.”,half-true,false,"['mostly-false', 'false']",2,False
"""Congressman Bill Young voted to cut taxes for millionaires and end your Medicare.""",mostly-false,false,"['mostly-true', 'half-true', 'mostly-false', 'false']",4,True
Says Mandela Barnes “supported a 20% increase in the gas tax.”,half-true,mostly-false,"['half-true', 'mostly-false', 'false']",3,True
"Says her congressional district has 10,000 medical-device industry jobs and 1,000 will be lost because of health-care law tax.",mostly-false,mostly-false,"['mostly-false', 'false']",2,True
"Hillary Clinton and Barack Obama want to raise taxes on dividends, a move that would crash the stock market.",mostly-false,mostly-false,"['mostly-false', 'false']",2,True
"""[R]emember, the president proposed eliminating charitable deductions for higher-income taxpayers.""",false,false,['false'],1,True
"""If you make the average amount of people in Wisconsin, $50,000, you got $1.60 less a week in taxes"" under the state income-tax cut, but ""it didn’t show up in your paycheck.""",mostly-true,mostly-true,['mostly-true'],1,True
"Delaware Democratic Senate candidate Chris Coons ""thought that a 911 call should be taxed.""",mostly-false,mostly-false,"['mostly-false', 'false']",2,True
"A 50-50 public-private split for paying for a new Milwaukee Bucks arena would ""be much better -- in terms of the portion of the public financing -- than most of the other arena projects done around the country.""",true,true,['true'],1,True
"""The pope and Donald Trump and Tammy Baldwin all agree"" on eliminating the ""carried-interest"" tax break.",half-true,half-true,['half-true'],1,True
"The Buffett Rule ""will bring in less than $5 billion per year. ... Enough to pay one week’s interest on the national debt.""",true,true,['true'],1,True
"Says ""President Obama’s proposed oil tax would cost consumers 24 cents a gallon.""",mostly-true,mostly-true,"['mostly-true', 'half-true']",2,True
Says New Hampshire has the third-highest property tax in the country.,true,mostly-true,"['true', 'mostly-true']",2,True
"“While serving as Town Supervisor, Nate McMurray voted to raise taxes on homeowners.”",true,mostly-true,"['true', 'mostly-true', 'half-true']",3,True
"""As Governor, Wolf has already proposed more than $8B in tax increases.""",half-true,false,"['mostly-true', 'half-true', 'mostly-false', 'false']",4,True
"Sen. Joe Manchin ""stands with Hillary Clinton and D.C. Dems on gun control, higher taxes, amnesty, and Planned Parenthood.""",half-true,mostly-false,"['mostly-true', 'half-true', 'mostly-false', 'false']",4,True
"""When we got the income tax in 1913, the top rate was 7 percent. By 1980, the top rate was 70 percent.""",true,true,['true'],1,True
"Says that with President Obama's re-election, state and federal income tax rates for some taxpayers will rise ""to roughly 65 percent.""",false,false,['false'],1,True
"""‘TrumpCare’ would allow insurance execs to personally make millions off your health care.""",mostly-false,mostly-false,['mostly-false'],1,True
"""Since we passed tax cuts, over 3 million workers have gotten tax cut bonuses — many of them thousands and thousands of dollars.""",mostly-true,mostly-false,"['mostly-true', 'half-true', 'mostly-false', 'false']",4,True
"GOP tax plan ""is better for working, middle-class families"" since ""88% of the tax relief goes to those making $100,000 or less.""",half-true,half-true,['half-true'],1,True
"The Greenlight Pinellas 1-cent sales tax ""is permanent, we never get to vote on this again.""",half-true,false,"['mostly-false', 'false']",2,False
"Says ""while state leaders have cut funding for our schools and other basic priorities, the amount of money the state is projected to give away through tax breaks increased by a whopping $3.4 billion.""",mostly-true,mostly-true,['mostly-true'],1,True
"""Hidden in the CARES Act was an obscure $135 billion tax break for 43,000 millionaires.""",mostly-true,true,"['true', 'mostly-true']",2,True
"When it comes to transportation funds, Georgians spend more in taxes and on red tape than they get back from the federal government.",half-true,half-true,['half-true'],1,True
"Health proposal would create a ""40% tax on health care benefits of middle-class workers.""",mostly-false,mostly-false,"['mostly-false', 'false']",2,True
"""One out of four corporations doesn't pay a nickel in (federal income) taxes.""",half-true,mostly-true,"['true', 'mostly-true', 'half-true']",3,True
"""As governor, Mike Huckabee supported higher income taxes, sales taxes, gas taxes, grocery taxes, tobacco taxes, beer taxes, Internet taxes, nursing home bed taxes.""",half-true,half-true,['half-true'],1,True
"""If you got rid of the income tax today you'd have about as much revenue as we had 10 years ago.""",mostly-true,mostly-true,"['mostly-true', 'half-true', 'mostly-false']",3,True
"""Over the next two years, this $1.8 billion deficit will cost individual Wisconsinites $300 each, or $1,200 for families of four.""",false,false,['false'],1,True
"Says ""Obamacare"" is ""the largest middle-class tax increase in history.""",pants-fire,pants-fire,['pants-fire'],1,True
"""You cannot build a little guy up by tearing a big guy down -- Abraham Lincoln said it.""",pants-fire,false,['false'],1,False
"""For Social Security, which is projected to remain solvent through 2033, Whitehouse has cosponsored [a bill that] . . . would extend the life of the program by an additional 75 years.""",mostly-true,mostly-true,"['true', 'mostly-true', 'half-true']",3,True
"""In the late 1980s, the U.S. was nearly the lowest-taxed nation in the world, and a quarter century later we're nearly the highest.""",mostly-false,mostly-false,"['mostly-true', 'half-true', 'mostly-false', 'false']",4,True
"Repealing the sales tax on boats in Rhode Island has spawned 2,000 companies, 7,000 jobs and close to $2 billion a year in sales activity.",half-true,half-true,['half-true'],1,True
"""Our families have the highest property taxes in the country. We must change this.""",mostly-true,mostly-false,"['mostly-true', 'half-true', 'mostly-false']",3,True
"""The soda tax can make a difference by reducing consumption of unhealthy soda pop and sugary beverages.""",mostly-true,true,"['true', 'mostly-true']",2,True
"A bill backed by Sean Duffy and other House Republicans ""could actually require the Internal Revenue Service to conduct audits of rape victims"" who get an abortion.",false,false,['false'],1,True
"President Donald Trump’s tax law has “tax breaks for billionaires, permanent; tax breaks for everybody else, expire.”",half-true,mostly-false,"['mostly-true', 'half-true', 'mostly-false']",3,True
"Under Obamacare, Virginia taxpayers would have been ""forced to pay for abortions"" if the General Assembly had not recently intervened.",false,false,"['mostly-false', 'false']",2,True
"""Forty-six cents of every dollar"" Ohio could get for Medicaid expansion ""is going to come from China or some other country that doesn’t like us very much.""",false,false,['false'],1,True
"Says state Senate candidate ""Monk Elmer voted to exceed the (school district property tax) spending caps.""",pants-fire,pants-fire,['pants-fire'],1,True
"""From a standpoint of the county government, neither school system has received an increase in funding over the past six years.""",true,mostly-true,"['mostly-true', 'half-true', 'mostly-false', 'false']",4,False
"Says Jennifer Horn, chairwoman of the N.H. Republican Party, owes $92,000 in back taxes.",mostly-true,mostly-true,"['true', 'mostly-true', 'half-true', 'mostly-false', 'false']",5,True
"The education tax burden for Shelby County -- and Tennessee -- is ""one of the lowest in the country.""",mostly-true,mostly-false,"['mostly-true', 'half-true', 'mostly-false', 'false']",4,True
Arizona U.S. Senate candidate Kari Lake “was against” the child tax credit expansion “when the bill was on the floor.”,mostly-false,false,"['mostly-true', 'half-true', 'mostly-false', 'false']",4,True
"Under Republican-backed state budget, the state education agency estimates expansion of Wisconsin’s school voucher program ""could cost nearly $2 billion annually""",pants-fire,pants-fire,['pants-fire'],1,True
"""A tax on soda and juice drinks would disproportionately increase taxes on low-income families in Philadelphia.""",true,mostly-true,"['true', 'mostly-true', 'half-true']",3,True
"Says Rep. Tammy ""Duckworth has been a staunch supporter of expanding the spending, size and reach of the IRS.""",false,mostly-false,"['half-true', 'mostly-false', 'false']",3,True
"Wisconsin has ""one of the most progressive tax codes in the country.""",mostly-true,mostly-true,['mostly-true'],1,True
"Say President George W. Bush "" ‘borrowed’ $1.37 trillion of Social Security surplus revenue to pay for his tax cuts for the rich and his war in Iraq and never paid it back.""",mostly-false,mostly-false,"['mostly-true', 'half-true', 'mostly-false']",3,True
"""About two-thirds of all consumption is services. . . It was just the opposite"" when the sales tax was enacted in the '30s.",mostly-true,mostly-true,['mostly-true'],1,True
"""The most significant driver of out-migration [from Rhode Island] is the estate tax.""",false,false,['false'],1,True
"Says Kurt Schrader ""cast the deciding vote that failed to extend tax cuts for Oregon’s middle-class families and small businesses.""",false,false,['false'],1,True
"Says Hillary Clinton ""wants to raise taxes on African-American owned businesses to as much as nearly 50 percent more than they're paying now.""",false,false,"['mostly-false', 'false']",2,True
"""Taxes for every New Yorker are lower today than when I started""",half-true,mostly-true,"['true', 'mostly-true', 'half-true', 'mostly-false']",4,True
"""In the month since Republicans took the House majority,"" they are trying to ""impose a 30% tax on everything.""",mostly-false,mostly-false,['mostly-false'],1,True
"Says ""One of the state’s largest governments made charging this tax one of their top priorities just this year.""",pants-fire,pants-fire,['pants-fire'],1,True
