statement,true_verdict,predicted_verdict,prediction_set,set_size,is_covered
"""Obama secretly gave citizenship to 2,500 Iranians as part of nuke deal.""",false,false,"['false', 'pants-fire', 'mostly-false']",3,True
"""The previous administration under President Barack Obama really was the first time that we didn’t ask a citizenship-type question … for the first time in a century, a citizenship question was not included in 2010.""",false,false,"['false', 'mostly-false', 'pants-fire', 'half-true', 'true']",5,True
"Says former President Barack Obama ""took similar action against Cuban refugees"" as President Donald Trump did in his executive order.",false,false,"['false', 'mostly-false', 'pants-fire', 'half-true', 'true']",5,True
Only immigrants in the country illegally are eligible for an interest-free California housing loan program.,false,false,"['false', 'mostly-false', 'pants-fire']",3,True
"Says Tallahassee mayor Andrew Gillum ""wants to make Florida not a sanctuary city but a sanctuary state.""",half-true,false,"['false', 'mostly-false', 'pants-fire', 'half-true', 'true']",5,True
"""Bill White ...offered sanctuary to illegal immigrants.""",false,false,"['false', 'mostly-false', 'pants-fire', 'true', 'half-true']",5,True
"Says ""566,000 crimes"" were ""made in Texas by criminal aliens in the last 6 years.""",pants-fire,false,"['false', 'mostly-false', 'pants-fire', 'half-true', 'true']",5,True
"""Up until two weeks ago, John McCain was a leading proponent of amnesty. Now with me challenging him, suddenly he has changed.""",pants-fire,false,"['false', 'pants-fire', 'mostly-false', 'true', 'half-true', 'mostly-true']",6,True
"""More than two-thirds of the aliens the Obama administration has brought to the United States under the president's Central American Minors program weren’t actually minors at all.""",mostly-true,false,"['false', 'mostly-false', 'half-true', 'pants-fire', 'true', 'mostly-true']",6,True
"Says Carlos Lopez-Cantera ""even voiced enthusiastic support for bringing an Arizona-style immigration law to Florida, calling the measure 'common sense.’""",mostly-false,false,"['false', 'mostly-false', 'half-true', 'mostly-true', 'pants-fire', 'true']",6,True
"Says that as president, Barack Obama has not gone to the Texas-Mexico border",false,false,"['false', 'mostly-false', 'pants-fire']",3,True
"The Senate’s border bill “accepts 5,000 illegal immigrants a day.”",false,false,"['false', 'mostly-false', 'pants-fire']",3,True
"Says HHS Secretary Alex Azar called family separations at the border and detention of children in cages ""one of the great acts of American generosity and charity"" and ""is now in charge.""",mostly-false,false,"['false', 'mostly-false', 'pants-fire', 'half-true', 'true']",5,True
"On Donald Trump’s plan to cut federal funding to sanctuary cities, ""because of a decision by the Supreme Court, no president's in a position to cut off funding across the board. It has to be very specific to the matter at hand.""",mostly-true,false,"['false', 'half-true', 'mostly-false', 'mostly-true', 'true', 'pants-fire']",6,True
"The Trump administration has granted amnesty to ""nearly 100,000 'Dreamers' """,mostly-true,false,"['false', 'mostly-false', 'pants-fire', 'half-true', 'mostly-true', 'true']",6,True
"""Spending on welfare, on prisons, and education, all of those have dropped by hundreds of millions of dollars"" because of Arizona’s immigration laws that drove out undocumented immigrants.",mostly-false,false,"['false', 'mostly-false', 'half-true', 'pants-fire', 'true', 'mostly-true']",6,True
"""In the last 15 years, we've witnessed a dramatic expansion in the jailing of immigrants, from about 70,000 people detained annually to about 400,000.""",true,true,"['true', 'false']",2,True
"Says that the George W. Bush administration in 2005 revived a long-standing law when it ""decided to charge those that crossed the border with criminal violations, rather than civil ones.""",mostly-true,false,"['false', 'half-true', 'mostly-true', 'mostly-false', 'true', 'pants-fire']",6,True
"""About three-quarters of (Syrian refugees) are women and children. A full third of them are kids under 12 years old.""",true,true,"['true', 'false']",2,True
"""We've got a 1,000 National Guard troop request that's been in front of this president for over a year and no response.""",half-true,half-true,"['half-true', 'mostly-true', 'false', 'mostly-false', 'true']",5,True
"Leticia Van de Putte ""opposed putting National Guard troops on the border, would send millions to Central American governments instead and wrote the law giving in-state tuition to illegal immigrants.""",half-true,false,"['false', 'mostly-false', 'half-true', 'pants-fire', 'mostly-true', 'true']",6,True
"A ""catch and release"" immigration policy ""is a Democrat rule, Sherrod Brown, this is a Democrat rule.""",false,false,"['false', 'mostly-false', 'pants-fire']",3,True
"""Most (immigrants) do show up in court.""",mostly-true,true,"['true', 'false', 'mostly-true', 'mostly-false', 'half-true', 'pants-fire']",6,True
"""Migrants DEMAND $50,000 each to go home, or else …""",mostly-true,false,"['false', 'mostly-false', 'half-true', 'mostly-true', 'pants-fire', 'true']",6,True
"Just 6 percent of Americans say Russia is the country’s most important issue, yet the story receives ""75 percent of the coverage"" in the media.",mostly-false,false,"['false', 'mostly-false', 'pants-fire', 'half-true', 'true']",5,True
Hundreds of ‘illegals’ were dropped off at Florida hotel.,false,false,"['false', 'pants-fire', 'mostly-false']",3,True
"Says Marco Rubio ""voted to deport"" young people known as Dreamers.",mostly-false,false,"['false', 'mostly-false', 'half-true', 'pants-fire', 'mostly-true', 'true']",6,True
"""According to data provided by the Department of Justice, the vast majority of individuals convicted of terrorism and terrorism-related offenses since 9/11 came here from outside of our country.""",mostly-false,false,"['false', 'mostly-false', 'pants-fire', 'half-true', 'true']",5,True
"Under Joe Biden’s policy, immigrants in the country illegally “get welfare benefits. United States citizens don't get what they're looking to give illegal immigrants.”",false,false,"['false', 'mostly-false', 'pants-fire']",3,True
"As California's Insurance Commissioner, ""Steve Poizner pledged to block immigrant children from ever getting MediCal health insurance.""",half-true,false,"['false', 'mostly-false', 'pants-fire', 'half-true', 'true']",5,True
"Joe Biden “is letting millions of people from jails, from prisons, from insane asylums, from mental institutions, drug dealers pour in.”",pants-fire,false,"['false', 'mostly-false', 'pants-fire', 'true']",4,True
"""Forty percent of the Fortune 500 were started either by immigrants or children of immigrants.""",half-true,true,"['true', 'half-true', 'false', 'mostly-true']",4,True
"""In 2014, Mexico alone received over $24 billion in remittances sent from the U.S., while other South and Central American countries received over 15 percent of their (gross domestic product) in the form of remittances.""",half-true,false,"['false', 'mostly-false', 'half-true', 'true', 'mostly-true', 'pants-fire']",6,True
"Says Donald Trump, in his campaign announcement speech, ""also said, ‘And many of them (Mexicans) are good people. You keep leaving that out of your quote.""",half-true,false,"['false', 'mostly-false', 'half-true', 'pants-fire', 'mostly-true', 'true']",6,True
The Democrats are pushing “to take in a million Palestinian refugees.”,pants-fire,false,"['false', 'mostly-false', 'pants-fire', 'half-true', 'true']",5,True
"""Immigrants are more fertile.""",mostly-true,false,"['false', 'half-true', 'mostly-false', 'mostly-true', 'true']",5,True
"“Communicable diseases like HIV and TB (tuberculosis) have skyrocketed” after Haitian migrants came to Springfield, Ohio.",mostly-false,false,"['false', 'mostly-false', 'pants-fire', 'true']",4,True
"""I spend a lot of time in Iowa, and believe it or not, in Ottumwa, Iowa, this is the heartland, the newspaper, the regular newspaper for Ottumwa, Iowa, is (a) bilingual newspaper.""",false,false,"['false', 'pants-fire', 'mostly-false']",3,True
"""Just on the issue of immigration alone, it is next to impossible to find a policy difference between (Donald) Trump and Congressman (Joe) Heck.""",false,false,"['false', 'mostly-false', 'half-true', 'pants-fire', 'mostly-true', 'true']",6,True
Undocumented immigrants get Medicare for free.,false,false,"['false', 'pants-fire', 'mostly-false', 'true']",4,True
"Sen. Joe Manchin ""stands with Hillary Clinton and D.C. Dems on gun control, higher taxes, amnesty, and Planned Parenthood.""",half-true,false,"['false', 'mostly-false', 'half-true', 'pants-fire', 'mostly-true', 'true']",6,True
"Says Russ Feingold ""voted to raise taxes on Social Security benefits for seniors, he even tried to give Social Security benefits to illegal immigrants.""",mostly-false,false,"['false', 'mostly-false', 'pants-fire', 'half-true', 'true']",5,True
"""They found 60 votes in the Senate in 2006 and 2013"" for immigration legislation, and ""each time the House Republican majority refused to take it up.""",true,true,"['true', 'false', 'mostly-true', 'mostly-false']",4,True
"""Per capita, more Floridians move to California than Californians moving to Florida.”",mostly-true,true,"['true', 'false', 'mostly-true', 'mostly-false', 'half-true']",5,True
"""NAFTA allows a lot of trucks from Mexico, for example, to leave there and ... drive straight through without even being inspected.""",mostly-false,false,"['false', 'mostly-false', 'half-true', 'mostly-true', 'pants-fire', 'true']",6,True
"“Kids at the border: 2,600 highest number Trump, 12,000 currently under Biden.”",half-true,false,"['false', 'mostly-false', 'pants-fire', 'true']",4,False
"Says the Biden administration’s Unaccompanied Alien Children process has “no vetting, no transparency.”",mostly-false,false,"['false', 'mostly-false', 'half-true', 'pants-fire', 'true', 'mostly-true']",6,True
"Says Jon Ossoff wants to ""allow illegal immigration.""",mostly-false,false,"['false', 'mostly-false', 'pants-fire', 'half-true']",4,True
"Research shows that ""a vast majority of arriving immigrants today come here because they believe that government is the source of prosperity, and that's what they support.""",mostly-false,false,"['false', 'mostly-false', 'pants-fire', 'half-true', 'true', 'mostly-true']",6,True
"""More than 43 percent of all food stamps are given to illegals.""",pants-fire,false,"['false', 'pants-fire', 'true']",3,True
Ring is “alerting people about (Immigration and Customs Enforcement) raids.”,false,false,"['false', 'mostly-false', 'pants-fire']",3,True
Says the Texas Education Agency follows up to make sure undocumented immigrants paying in-state tuition at Texas colleges are applying for permanent residency.,false,false,"['false', 'mostly-false', 'pants-fire', 'true']",4,True
President Joe Biden is paying rent for immigrants illegally in the country.,false,false,"['false', 'pants-fire', 'mostly-false', 'true']",4,True
"Says Adam Putnam ""endorsed the Schumer-Obama Gang of Eight immigration amnesty.""",mostly-true,false,"['false', 'mostly-false', 'half-true', 'pants-fire', 'true']",5,False
"A judge's order means there's a ""Constitution exemption zone"" if you live ""within 100 miles of the United States border.""",false,false,"['false', 'mostly-false', 'pants-fire', 'half-true', 'true']",5,True
"""President Obama has the most border patrols and border security deployed at the border of any previous president.""",mostly-true,false,"['false', 'mostly-false', 'pants-fire', 'half-true', 'true', 'mostly-true']",6,True
"Says Donald Trump promised to repeal Obamacare, build a wall, ban Muslims, and more.",mostly-true,false,"['false', 'mostly-false', 'true', 'half-true', 'pants-fire', 'mostly-true']",6,True
"Says Marco Rubio ""was for immigration reform and a pathway to citizenship before he was against it.""",mostly-false,false,"['false', 'half-true', 'mostly-false', 'mostly-true', 'true', 'pants-fire']",6,True
Say a boy was 'caged' in a wire enclosure.,false,false,"['false', 'mostly-false', 'pants-fire', 'half-true']",4,True
"""You’ve got almost twice as many cops in New York City as you do on our entire border. That’s nuts.""",half-true,half-true,"['half-true', 'false', 'mostly-true', 'mostly-false', 'true', 'pants-fire']",6,True
"""The Mexican government ... they send the bad ones over.""",pants-fire,false,"['false', 'mostly-false', 'pants-fire']",3,True
"Says comprehensive immigration reform ""will add $700 billion to our economy.""",half-true,false,"['false', 'mostly-false', 'half-true', 'pants-fire', 'mostly-true', 'true']",6,True
"""We have (people detained by ICE) that have to be seen within 24 hours, while veterans are seen within months.",false,false,"['false', 'mostly-false', 'pants-fire', 'half-true', 'true']",5,True
"Says Ted Cruz ""is a supporter of legalizing people that are in this country illegally"" and ""proposed giving them work permits.""",false,false,"['false', 'mostly-false', 'pants-fire', 'half-true', 'true', 'mostly-true']",6,True
"Says the United States loses ""250 Billion Dollars a year on illegal immigration, not including the terrible drug flow. Top Border Security, including a Wall, is $25 Billion. Pays for itself in two months.""",false,false,"['false', 'pants-fire', 'mostly-false', 'true', 'half-true']",5,True
"""8 Syrians caught at Texas border in Laredo.""",mostly-false,false,"['false', 'mostly-false', 'half-true', 'pants-fire', 'true', 'mostly-true']",6,True
"Gov. Kitzhaber oversaw creation of the Oregon driver card law ""behind closed doors without allowing any input from citizens who represent the public interest.""",mostly-false,false,"['false', 'mostly-false', 'half-true', 'pants-fire', 'mostly-true', 'true']",6,True
"Ron Klein ""repeatedly voted in favor of amnesty for illegal immigrants.""",pants-fire,false,"['false', 'mostly-false', 'pants-fire', 'half-true', 'true']",5,True
"""15,000 troops will not see their families for #Thanksgiving because of @realDonaldTrump’s Scaravan Stunt. Oh yeah, it’s also costing you 200 million dollars.""",half-true,false,"['false', 'mostly-false', 'half-true', 'mostly-true', 'pants-fire', 'true']",6,True
"Germany ""is crime-riddled right now"" because of migration to Europe.",mostly-false,false,"['false', 'mostly-false', 'pants-fire', 'half-true']",4,True
“The family separation policy actually began under the Obama administration.”,false,false,"['false', 'mostly-false', 'pants-fire']",3,True
"""Sen. Mark Begich cast the deciding vote in favor of President Obama’s authority to issue executive amnesty to illegal aliens.""",false,false,"['false', 'mostly-false', 'pants-fire', 'half-true', 'true']",5,True
"""Barack Obama's plan gives a driver's license to any illegal who wants one.""",mostly-false,false,"['false', 'mostly-false', 'pants-fire', 'true']",4,True
"Says Sen. Bob Casey, D-Pa., “is trying to change the outcome of the election by counting NON-CITIZEN votes.”",false,false,"['false', 'mostly-false', 'pants-fire']",3,True
"Says Supreme Court Justice Sonia Sotomayor has an ""immigrant family background.""",mostly-false,false,"['false', 'mostly-false', 'true', 'pants-fire']",4,True
"""We could cut unemployment in half simply by reclaiming the jobs taken by illegal workers.""",false,false,"['false', 'mostly-false', 'pants-fire', 'half-true', 'true']",5,True
"About 1.1 million people legally enter the U.S. each year as permanent residents -- ""65 percent of that is some kind of chain migration; 22 percent is diversity lottery, ‘asyling,’ refugees; only about 14, 15 percent has anything to do with work.""",half-true,false,"['false', 'half-true', 'mostly-false', 'mostly-true', 'pants-fire', 'true']",6,True
“BREAKING: Rep. Maxine Waters calls for the United States to grant citizenship to every undocumented protester in Los Angeles” 2025 protests.,false,false,"['false', 'pants-fire', 'mostly-false']",3,True
“We see an uncompleted wall that was duly appropriated dollars during the Trump days to build over 700 miles. Only 150 miles were constructed.”,false,false,"['false', 'mostly-false', 'pants-fire', 'half-true', 'true', 'mostly-true']",6,True
"""Undocumented workers crossing the border right now is at a 12-year low.""",mostly-true,false,"['false', 'true', 'mostly-false', 'half-true', 'mostly-true', 'pants-fire']",6,True
"""The spillover violence (from Mexico) in Texas is real and it is escalating.""",mostly-false,mostly-false,"['mostly-false', 'false', 'mostly-true', 'half-true', 'true', 'pants-fire']",6,True
"""Breaking: Czech Republic arms citizens. You can now shoot terrorists on sight.""",false,false,"['false', 'pants-fire', 'mostly-false']",3,True
"Says ICE and border patrol officers ""unanimously endorsed me for president.""",mostly-false,false,"['false', 'mostly-false', 'pants-fire', 'half-true']",4,True
The FBI admitted that Venezuela emptied its prisons and sent the inmates to the U.S.,false,false,"['false', 'pants-fire', 'true']",3,True
Latina who enthusiastically supported Donald Trump on stage in Las Vegas in October 2015 has been deported.,pants-fire,false,"['false', 'true', 'pants-fire', 'mostly-false']",4,True
"""Nobody knows about it, nobody talks about it, but under Obama, millions of people have been moved out of this country, they've been deported.""",half-true,false,"['false', 'mostly-false', 'pants-fire', 'half-true']",4,True
"U.S. Sen. Lindsey Graham says South Carolina ""has a labor shortage and wants more immigration.""",mostly-false,mostly-true,"['mostly-true', 'half-true', 'false', 'mostly-false', 'true', 'pants-fire']",6,True
"American taxpayer dollars provide “free housing, free medical, free state identification” to immigrants in the country illegally.",false,false,"['false', 'pants-fire', 'mostly-false', 'true']",4,True
"Says ""nothing"" in Obama’s $3.7 billion request to address the child immigrant situation ""actually secures the border.""",mostly-false,false,"['false', 'mostly-false', 'half-true', 'pants-fire', 'mostly-true', 'true']",6,True
"""The federal government has not engaged in (border security) at all.""",pants-fire,false,"['false', 'mostly-false', 'pants-fire', 'true']",4,True
"""There have been some estimates that if you deported everybody who is in Texas illegally,"" it ""would create an economic recession for the state.""",half-true,false,"['false', 'mostly-false', 'half-true', 'mostly-true', 'pants-fire', 'true']",6,True
"Says ""we have now more Border Patrol officers … than we’ve had at any time in our history.""",mostly-true,false,"['false', 'mostly-false', 'mostly-true', 'half-true', 'true', 'pants-fire']",6,True
"Says Rep. Martha McSally ""is a #FlipFlopBorderHawk.""",half-true,false,"['false', 'mostly-false', 'half-true', 'pants-fire', 'mostly-true', 'true']",6,True
"""Joe Biden is giving smartphones away to illegal border crossers.”",half-true,false,"['false', 'mostly-false', 'pants-fire']",3,False
“No American citizens have been arrested or detained” during the Trump administration’s immigration crackdowns.,pants-fire,false,"['false', 'pants-fire', 'mostly-false']",3,True
"Says Dan Patrick has ""called immigration into Texas an invasion"" and ""said immigrants coming into Texas bring ‘third-world diseases.’""",true,false,"['false', 'true', 'mostly-false', 'half-true', 'pants-fire', 'mostly-true']",6,True
"A zero-tolerance policy during the Trump administration ""led to less family separation than under Kamala Harris' border policies.”",false,false,"['false', 'mostly-false', 'pants-fire', 'half-true', 'true']",5,True
"""Chicago now has City ID Cards which allow illegal immigrants to vote in local, state & federal elections.""",false,false,"['false', 'pants-fire', 'mostly-false']",3,True
"""The city that I was mayor of was 50 percent Latino, and I won with 90 percent of the vote...""",mostly-false,false,"['false', 'mostly-false', 'half-true', 'pants-fire', 'true']",5,True
"""I never said that"" Marco Rubio was Mark Zuckerberg’s personal senator.",pants-fire,false,"['false', 'pants-fire', 'mostly-false']",3,True
"""How do Jeb Bush and Donald Trump differ on immigration? Spoiler alert: They don't.""",mostly-false,false,"['false', 'mostly-false', 'pants-fire', 'half-true', 'true']",5,True
“BREAKING – A large convoy of trucks just breached the U.S. border patrol checkpoint in Arizona.”,false,false,"['false', 'pants-fire']",2,True
"Says immigrants wanted by ICE have victimized ""tens of thousands of children"" in North Carolina.",false,false,"['false', 'pants-fire', 'mostly-false']",3,True
"Senate immigration legislation is the ""Obama-Reid plan to give illegal immigrants amnesty.""",mostly-false,false,"['false', 'mostly-false', 'pants-fire', 'half-true']",4,True
“Only about 20%” of people who apply for asylum qualify for it.,false,false,"['false', 'half-true', 'mostly-false', 'mostly-true', 'pants-fire', 'true']",6,True
"""100% of heroin/fentanyl epidemic is because we don't have a WALL.""",pants-fire,false,"['false', 'pants-fire', 'mostly-false', 'half-true', 'true']",5,True
"Changes to DACA during his administration are ""because of the pandemic.""",false,false,"['false', 'mostly-false', 'pants-fire', 'half-true']",4,True
"Ketanji Brown Jackson has ""a weak record — defund police, abolish ICE and now a completely open border policy.""",pants-fire,false,"['false', 'mostly-false', 'pants-fire']",3,True
"Says Marco Rubio ""opposes immigration reform. Worse, Rubio supports Donald Trump. His plan would deport 800,000 children, destroying families.""",half-true,false,"['false', 'mostly-false', 'half-true', 'pants-fire', 'mostly-true', 'true']",6,True
Elissa Slotkin “gave your hard-earned tax money to illegal immigrants.”,false,false,"['false', 'mostly-false', 'pants-fire']",3,True
Aaron Bean voted to give illegal immigrants in-state tuition.,mostly-true,false,"['false', 'mostly-false', 'pants-fire', 'half-true', 'true', 'mostly-true']",6,True
"""In February alone there were enough illegal immigrants who crossed the border to fill this (Kansas City Chiefs’ Arrowhead) stadium.""",mostly-true,mostly-true,"['mostly-true', 'half-true', 'false', 'mostly-false', 'true', 'pants-fire']",6,True
BREAKING: Trump Just Ended Welfare For One HUGE Group For 5 Years!,false,false,"['false', 'mostly-false', 'half-true', 'pants-fire', 'mostly-true']",5,True
"Obama ""voted for and even sponsored amendments that were intended to kill the (immigration overhaul) legislation.""",half-true,false,"['false', 'half-true', 'mostly-false', 'mostly-true', 'pants-fire', 'true']",6,True
The government is arming “illegal immigrants.”,false,false,"['false', 'pants-fire', 'true']",3,True
"Georgia’s illegal immigration crackdown laws should be called the ""Brown Codes"" because of their similarity to the ""Black Codes"" governing blacks after the Civil War.",false,false,"['false', 'mostly-false', 'pants-fire', 'half-true', 'true']",5,True
"The ""priorities"" of more than three-quarters of Americans are to increase the minimum wage, create a path to citizenship for illegal immigrants, and require background checks for gun buyers.",mostly-false,true,"['true', 'mostly-true', 'false', 'half-true', 'mostly-false']",5,True
"Says under the Senate immigration bill, newly legalized immigrants will ""pay every tax possible, but you don’t get a single benefit"" for 10 years.",mostly-true,false,"['false', 'mostly-false', 'half-true', 'mostly-true', 'pants-fire', 'true']",6,True
Says the Trump administration transferred $10 million from FEMA to ICE.,true,false,"['false', 'mostly-false', 'half-true', 'pants-fire', 'true', 'mostly-true']",6,True
"Martha’s Vineyard ""used the military to deport every last illegal migrant from their island.”",false,false,"['false', 'pants-fire', 'mostly-false']",3,True
"The ""six largest cities in Ohio all have higher rates of violence and crime than every major city along the U.S.-Mexico border.""",mostly-true,false,"['false', 'mostly-false', 'true', 'half-true', 'pants-fire']",5,False
"""Sheriffs Call For Obama’s Lynching While Leader Meets With GOP Senators""",pants-fire,false,"['false', 'mostly-false', 'pants-fire']",3,True
"Says of flood of non-Mexicans being apprehended at the border: ""These are people that are coming from states like Syria that have substantial connections back to terrorist regimes and terrorist operations.""",pants-fire,false,"['false', 'mostly-false', 'pants-fire', 'half-true', 'true', 'mostly-true']",6,True
"""The director of the FBI said that we cannot figure out who (Syrian refugees) are, what their intentions are, because we have no information on them, because we don’t have any contact with the Syrian government or any people on the ground to be able to determine that.""",half-true,false,"['false', 'mostly-false', 'half-true', 'pants-fire', 'mostly-true', 'true']",6,True
"Says immigrant military service members applying for U.S. citizenship ""are getting rejected at higher numbers than those who are not veterans.""",true,false,"['false', 'true', 'mostly-false', 'half-true', 'mostly-true', 'pants-fire']",6,True
"""89,000 children were separated from their parents under Obama"" and ""only 1,900 children have been separated under Trump.""",false,false,"['false', 'mostly-false', 'pants-fire', 'true']",4,True
"""Mayor Giuliani made New York City what's known as a 'sanctuary city,' where illegal aliens were allowed to come. And he instructed the leaders of the city not to enforce the law, not to enforce immigration law.""",half-true,false,"['false', 'half-true', 'mostly-false', 'pants-fire', 'true']",5,True
"“Texas just gifted Trump 355,000 acres for deportation camps.”",false,false,"['false', 'mostly-false', 'pants-fire', 'true', 'half-true']",5,True
"Says Marco Rubio ""went on Univision, and in Spanish he promised that he would not on the first day in office rescind President Obama's illegal executive action.""",half-true,false,"['false', 'mostly-false', 'half-true', 'pants-fire', 'true', 'mostly-true']",6,True
"""Obama administration kept illegal Mexican kids in detention camps as ‘experiment’""",mostly-false,false,"['false', 'mostly-false', 'pants-fire', 'half-true', 'true', 'mostly-true']",6,True
"""The fact is it's not amnesty.""",true,true,['true'],1,True
"""Rep. Paul Gosar asks Capitol Police to arrest illegal immigrants attending State of the Union.""",true,true,"['true', 'false']",2,True
"The Senate immigration bill ""unleashes a massive increase in overall immigration. … We're talking about a population increase under the Senate bill of over 70 million people in 20 years.""",false,false,"['false', 'mostly-false', 'half-true', 'pants-fire', 'true', 'mostly-true']",6,True
"""Evidence surfaces of Vatican funding caravans targeting America with cash.""",false,false,"['false', 'pants-fire', 'mostly-false']",3,True
"""The 2017/2018 budgets gave (President Donald) Trump billions for border upgrades. He’s spent ALMOST NONE of it. 6%.""",mostly-false,false,"['false', 'mostly-false', 'half-true', 'pants-fire', 'mostly-true', 'true']",6,True
"""Last month, we saw a 64 percent reduction in illegal immigration on our southern border.""",half-true,false,"['false', 'mostly-false', 'half-true', 'pants-fire', 'mostly-true']",5,True
"""When they say Mexico can't pay for the wall, I say of course they can. We have a trade deficit with Mexico that's unbelievably big. ... It's billions and billions of dollars -- far more than what we're talking about for the wall.""",false,false,"['false', 'mostly-false', 'pants-fire', 'half-true']",4,True
"""My grandparents were proud immigrants to the United States of America, here to Illinois in the late 1800s. My grandparents did not speak English when they were young.""",pants-fire,false,"['false', 'mostly-false', 'half-true', 'true', 'mostly-true', 'pants-fire']",6,True
"“Illegal” Haitians in Springfield, Ohio, are “reportedly killing and eating pets.”",pants-fire,false,"['false', 'pants-fire', 'mostly-false']",3,True
"The Senate immigration bill ""has immediate legalization ... and the border security is sometime in the future, and just like in 1986, it's designed never to come into being.""",mostly-false,false,"['false', 'mostly-false', 'half-true', 'pants-fire', 'mostly-true', 'true']",6,True
"""This is the most generous country in the world when it comes to immigration. There are a million people a year who legally immigrate to the United States.""",mostly-true,false,"['false', 'mostly-false', 'half-true', 'true', 'pants-fire', 'mostly-true']",6,True
"Under legislation that has cleared the Georgia House, some children who are ""legal refugees"" could obtain state scholarships to attend private schools.",true,true,['true'],1,True
"""Sanctuary cities such as Philadelphia refuse to cooperate with the federal government in locating suspected terrorists who are in their custody and are in the country illegally.""",half-true,false,"['false', 'mostly-false', 'pants-fire', 'half-true', 'true']",5,True
"""We have a legal immigration system in America that accepts 1 million people a year, legally. No other country in the world even comes close to that.""",mostly-true,false,"['false', 'mostly-false', 'half-true', 'mostly-true', 'pants-fire', 'true']",6,True
"""Since 2013 alone, the Obama administration has allowed 300,000 criminal aliens to return back into United States communities. These are individuals encountered or identified by (Immigration and Customs Enforcement), but who were not detained or processed for deportation because it wouldn't have been politically correct.""",half-true,false,"['false', 'mostly-false', 'pants-fire', 'half-true', 'true']",5,True
"""Hillary on child aliens in 2014: Send them back.""",mostly-true,false,"['false', 'true', 'half-true', 'mostly-false']",4,False
"Says Rick Perry wrote a newspaper item saying he was ""open to amnesty"" for illegal immigrants in the United States.",half-true,false,"['false', 'mostly-false', 'half-true', 'pants-fire', 'true', 'mostly-true']",6,True
Rick Scott says he supported in-state tuition for Dreamers while Charlie Crist was against it.,half-true,false,"['false', 'mostly-false', 'half-true', 'pants-fire', 'mostly-true', 'true']",6,True
"“The biggest threat to your unions is millions of people coming across the border, because you're not gonna have your jobs anymore.”",mostly-false,false,"['false', 'mostly-false', 'pants-fire', 'half-true', 'true']",5,True
"""Police officers in this state have that right,"" to check the immigration status of people they arrest.",true,true,['true'],1,True
"""We have that program where immigrants come here and they have to bring a million dollars in order to get a green card if they’re going to create jobs.""",mostly-false,false,"['false', 'mostly-false', 'mostly-true', 'half-true', 'pants-fire', 'true']",6,True
"English ""is our national language...if it becomes official, that means in a place like New York City you can't print ballots in any other language.""",false,false,"['false', 'mostly-false', 'pants-fire']",3,True
"""It’s possible that non-citizen voters were responsible for Obama’s 2008 victory in North Carolina.""",pants-fire,false,"['false', 'pants-fire', 'mostly-false']",3,True
"""25 percent of federal inmates are noncitizens.""",mostly-true,false,"['false', 'mostly-false', 'half-true', 'pants-fire', 'mostly-true']",5,True
"Because of violence spreading from Mexico, ""you’ve got bullets hitting the city hall in El Paso. You’ve got bombs exploding in El Paso.""",half-true,false,"['false', 'half-true', 'mostly-false', 'true', 'pants-fire', 'mostly-true']",6,True
"Donald Trump ""wanted to amnesty 2 million illegal aliens in 2018 when he was president.""",mostly-true,false,"['false', 'mostly-false', 'half-true', 'pants-fire', 'mostly-true', 'true']",6,True
"""A majority of the men and women on this stage have previously and publicly embraced amnesty. I am the only candidate on this stage who has never supported amnesty.""",mostly-true,false,"['false', 'mostly-false', 'half-true', 'pants-fire', 'true', 'mostly-true']",6,True
"""There's been a 1,700 percent increase in asylum claims over the last 10 years.""",mostly-true,false,"['false', 'half-true', 'mostly-false', 'mostly-true', 'true', 'pants-fire']",6,True
"Says an 11-year-old girl shot and killed two armed ""illegal aliens"" after they broke into her home in Montana.",pants-fire,false,"['false', 'pants-fire']",2,True
"Says Jon Ossoff ""wants total, blanket amnesty and he wants a total lockdown.""",mostly-false,false,"['false', 'mostly-false', 'half-true', 'pants-fire']",4,True
"Mexico is ""now rated the number one most dangerous country in the world.""",mostly-false,false,"['false', 'pants-fire', 'mostly-false', 'true']",4,True
"Says Hillary Clinton ""wants sanctuary cities.""",mostly-true,false,"['false', 'mostly-false', 'half-true', 'pants-fire', 'mostly-true', 'true']",6,True
"Thirty percent of U.S. medical residents are international medical graduates, and 10,000 of 43,000 residency spots are filled by H-1B visa holders.",half-true,false,"['false', 'mostly-false', 'half-true', 'pants-fire', 'mostly-true', 'true']",6,True
"Says Mike Coffman said two different things: ""stop the deportations"" in a Spanish-language debate and ""you're going to be deported"" in an English-language TV interview.",mostly-false,false,"['false', 'mostly-false', 'half-true', 'true', 'mostly-true', 'pants-fire']",6,True
"President Barack Obama ""wants to take in 250,000 (people) from Syria.""",pants-fire,false,"['false', 'mostly-false', 'pants-fire', 'half-true', 'true']",5,True
Suggests that an immigrant charged with sexually assaulting a child entered the U.S. illegally during the Biden administration.,false,false,"['false', 'pants-fire', 'mostly-false']",3,True
"Says Joe Biden ""voted to expand deportations and indefinite detention for immigrants multiple times.""",half-true,false,"['false', 'mostly-false', 'half-true', 'pants-fire', 'true', 'mostly-true']",6,True
"The immigration visa lottery ""randomly hands out green cards without any regard for skill, merit, or the safety of American people.""",false,false,"['false', 'mostly-false', 'half-true', 'pants-fire', 'true']",5,True
"Marco Rubio says ""Solo Ingles"" (English only).",false,false,"['false', 'pants-fire', 'true', 'mostly-false']",4,True
"""When I became governor, we banned sanctuary cities and we also did E-Verify.""",mostly-true,mostly-false,"['mostly-false', 'false', 'half-true', 'mostly-true', 'true', 'pants-fire']",6,True
"The United States is at ""historic record highs"" of individuals being apprehended on the border from countries with terrorist ties such as ""Pakistan or Afghanistan or Syria.""",pants-fire,false,"['false', 'mostly-false', 'pants-fire', 'true']",4,True
"Says ""Hillary Clinton's plan would bring in 620,000 refugees in her first term, alone, with no effective way to screen or vet them. Her plan would cost $400 billion in terms of lifetime welfare and entitlement costs.""",false,false,"['false', 'mostly-false', 'pants-fire', 'half-true', 'true']",5,True
"Says Rick Perry ""proposed a binational health insurance program with Mexico.""",mostly-true,false,"['false', 'half-true', 'mostly-true', 'mostly-false', 'true', 'pants-fire']",6,True
“Trump and McConnell are blocking stimulus checks for Americans married to immigrants.”,mostly-false,false,"['false', 'mostly-false', 'half-true', 'mostly-true', 'pants-fire', 'true']",6,True
"""My position hasn’t changed"" on using executive authority to address immigration issues.",false,false,"['false', 'mostly-false', 'half-true', 'pants-fire', 'mostly-true', 'true']",6,True
"""President (Ronald) Reagan did a similar thing. George H.W. Bush did a similar order"" as former President Barack Obama’s Deferred Action for Childhood Arrivals, or DACA.",mostly-true,mostly-true,"['mostly-true', 'half-true', 'true', 'false', 'mostly-false', 'pants-fire']",6,True
"""There are at least 23 countries that refuse to take their people back after they’ve been ordered to leave the United States, including large numbers of violent criminals.""",mostly-true,false,"['false', 'mostly-false', 'half-true', 'true', 'pants-fire', 'mostly-true']",6,True
"""We have just built this powerful Wall in New Mexico. Completed on January 30, 2019 — 47 days ahead of schedule!""",half-true,true,"['true', 'false', 'half-true', 'mostly-false', 'mostly-true', 'pants-fire']",6,True
"“Amy Klobuchar vows to resettle 500 percent more refugees, none in her neighborhood.”",half-true,false,"['false', 'mostly-false', 'half-true', 'pants-fire', 'true']",5,True
"""Beginning in the early 1990s, we built barriers in 4 sectors at our southern border. Since each was built, those sectors have seen massive drops in apprehensions of people crossing the border illegally,"" including 90 percent to 95 percent decreases in the Tucson, Yuma, San Diego and El Paso sectors. ​",mostly-false,false,"['false', 'mostly-false', 'half-true', 'mostly-true', 'true', 'pants-fire']",6,True
"Under President Ronald Reagan, illegal immigrants ""were not pouring in like"" they are now.",false,false,"['false', 'pants-fire', 'mostly-false', 'true', 'half-true']",5,True
"Says Katie Porter is part of a ""radical group of Democrats with an extreme agenda to abolish ICE.""",false,false,"['false', 'mostly-false', 'pants-fire', 'half-true']",4,True
"Says Phil Bredesen ""lured illegal immigrants to Tennessee.""",mostly-false,false,"['false', 'mostly-false', 'pants-fire', 'half-true', 'true']",5,True
"""Trump’s DHS secretary confirms they are preparing to arrest sanctuary city leaders.""",mostly-false,false,"['false', 'mostly-false', 'half-true', 'pants-fire', 'mostly-true', 'true']",6,True
"Says Donald Trump ""said illegal immigration has been a problem in America for 'thousands of years.' """,false,false,"['false', 'pants-fire', 'mostly-false']",3,True
"""We stopped traffic coming through -- 78 percent.""",false,false,"['false', 'mostly-false', 'pants-fire']",3,True
"Says Gov. Rick Perry failed ""to involve border sheriffs in developing plans to prevent violence in their communities.""",false,mostly-false,"['mostly-false', 'false', 'half-true', 'mostly-true', 'pants-fire', 'true']",6,True
"In California, ""they're rioting now"" over sanctuary cities.",pants-fire,false,"['false', 'mostly-false', 'pants-fire']",3,True
"""Recent reports state that the U.S. Customs and Border Protection has apprehended several members of known Islamist terrorist organizations crossing the southern border in recent years.""",mostly-true,false,"['false', 'half-true', 'true', 'mostly-false', 'mostly-true', 'pants-fire']",6,True
"Says Hillary Clinton ""plans to massively increase admissions (of Middle East refugees) … including a 500 percent increase in Syrian refugees coming into our country.""",mostly-true,false,"['false', 'mostly-false', 'pants-fire', 'half-true', 'true']",5,False
"Even among ""second and third generation"" Muslims in the United States, ""there's no real assimilation.""",false,false,"['false', 'mostly-false', 'half-true', 'pants-fire', 'mostly-true', 'true']",6,True
The majority of Supplemental Nutrition Assistance Program recipients are not U.S. citizens.,false,false,"['false', 'pants-fire', 'mostly-false', 'true']",4,True
"""Every single strawberry that is served to Members of Congress will have passed through the rough hands of an undocumented immigrant.""",half-true,false,"['false', 'mostly-false', 'half-true', 'mostly-true', 'pants-fire', 'true']",6,True
“Australia Closing Borders in a few hours for 6-months”,half-true,false,"['false', 'mostly-false', 'half-true', 'pants-fire', 'true']",5,True
"Rescinding the Deferred Action for Childhood Arrivals program ""will harm our economy.""",true,true,"['true', 'mostly-true', 'false', 'half-true', 'mostly-false', 'pants-fire']",6,True
"Romney said ""'No' to in-state tuition"" for illegal immigrants.",true,true,"['true', 'false']",2,True
"""More than half of all drivers' licenses issued in California this year have gone to illegal aliens.""",mostly-true,false,"['false', 'mostly-false', 'pants-fire']",3,False
"""One-half of undocumented workers pay federal income taxes, which means they are paying more federal income taxes than Donald Trump pays.""",half-true,false,"['false', 'true', 'half-true', 'mostly-true', 'mostly-false', 'pants-fire']",6,True
Kamala Harris “supports taxpayer-funded sex changes for prisoners and illegal aliens.”,mostly-true,false,"['false', 'mostly-false', 'pants-fire', 'half-true', 'true']",5,False
"""Over half of the foreign-born population in Rhode Island is white.""",half-true,false,"['false', 'mostly-false', 'half-true', 'pants-fire', 'true']",5,True
"Says Newt Gingrich said ""Spanish is the language of the ghetto.""",mostly-true,false,"['false', 'mostly-false', 'pants-fire', 'half-true', 'true']",5,False
"The newly created state Immigration Enforcement Review Board ""can actually prosecute, and get them [violators] into jail, if we bring in the attorney general.""",false,false,"['false', 'mostly-false', 'pants-fire', 'half-true']",4,True
"Says ""Canada has one-tenth of our population—yet it issues far more high-skilled visas (more than 150,000) yearly than we do (65,000).""",half-true,false,"['false', 'true', 'half-true', 'mostly-false', 'mostly-true', 'pants-fire']",6,True
"President Joe Biden’s day one approach to immigration included ""blanket amnesty and halting border wall construction.""",half-true,false,"['false', 'mostly-false', 'half-true', 'pants-fire', 'true']",5,True
The 14th Amendment “has never been challenged at SCOTUS.”,false,false,"['false', 'mostly-false', 'pants-fire']",3,True
"Half of illegal immigrants ""come on legal visas and then overstay.""",mostly-true,false,"['false', 'half-true', 'mostly-true', 'true', 'mostly-false', 'pants-fire']",6,True
"Many gang members have taken advantage of ""glaring loopholes and our laws to enter the country as illegal, unaccompanied, alien minors.""",half-true,false,"['false', 'mostly-false', 'pants-fire', 'half-true', 'true']",5,True
"Harry Reid has voted ""to give special tax breaks to illegal aliens.""",false,false,"['false', 'pants-fire', 'mostly-false', 'true']",4,True
"Migrants in New York City are receiving prepaid debit cards with up to $10,000 and no restrictions.",false,false,"['false', 'pants-fire', 'mostly-false']",3,True
President Joe Biden’s immigration policy was “a giant voter importation scam.”,pants-fire,false,"['false', 'pants-fire', 'mostly-false']",3,True
A provision of the Senate immigration bill would require you to have government permission to get a second job.,half-true,false,"['false', 'mostly-false', 'half-true', 'pants-fire', 'true', 'mostly-true']",6,True
“More fentanyl has crossed the border in the last two months under Biden than in 2019 under Trump.”,mostly-true,false,"['false', 'mostly-false', 'half-true', 'pants-fire', 'mostly-true', 'true']",6,True
"""Right now, an employer has more of a chance of getting hit by lightning than be prosecuted for hiring an undocumented worker. That has to change.""",false,false,"['false', 'pants-fire', 'mostly-false', 'true']",4,True
"College students ""who are NOT U.S. Citizens and who get the PELL Grant"" plan to return to their home countries after getting free gas cards and child care.",pants-fire,false,"['false', 'pants-fire', 'mostly-false', 'true']",4,True
The border wall and the ‘Remain in Mexico’ policy “reduced illegal immigration by 90%.”,false,false,"['false', 'mostly-false', 'pants-fire', 'half-true']",4,True
"Says that in 2015, ""illegal"" immigrants accounted for 75 percent of federal drug possession convictions and 5 percent to 30 percent of convictions for murder and kidnapping plus two other crimes.",true,false,"['false', 'mostly-false', 'half-true', 'true', 'mostly-true', 'pants-fire']",6,True
"""Democrats are nowhere to be found on DACA.""",false,false,"['false', 'mostly-false', 'pants-fire', 'half-true', 'true']",5,True
"""When Chuck Schumer and Marco Rubio tried to push amnesty, it was Ted Cruz who stopped them.""",mostly-false,false,"['false', 'mostly-false', 'half-true', 'pants-fire', 'true', 'mostly-true']",6,True
"Says there are ""probably 2 million, it could be even 3 million"" criminal immigrants in the country illegally.",half-true,false,"['false', 'mostly-false', 'pants-fire', 'half-true']",4,True
"""The number of new illegal immigrant families who have crossed the border so far this year already exceeds the entire total from 2015.""",half-true,false,"['false', 'mostly-false', 'half-true', 'pants-fire', 'mostly-true', 'true']",6,True
"""Liberals in County Hall want our community to be a sanctuary county""",pants-fire,false,"['false', 'mostly-false', 'pants-fire']",3,True
"Americans ""would run out of avocados in three weeks"" if imports from Mexico were stopped due to a border closure.",mostly-true,false,"['false', 'mostly-false', 'pants-fire', 'half-true', 'true']",5,False
"Says illegal immigration is ""costing us $130 billion a year to house and feed and give benefits to people that shouldn’t be even in the country.""",mostly-false,false,"['false', 'mostly-false', 'half-true', 'pants-fire', 'true']",5,True
"""It begins: California appoints first illegal alien to state office.""",half-true,false,"['false', 'mostly-false', 'pants-fire', 'half-true']",4,True
"""There's never been a direct Supreme Court case on people who were here illegally, whether or not their kids are citizens.""",mostly-true,false,"['false', 'mostly-false', 'half-true', 'pants-fire', 'mostly-true']",5,True
"Says Donald Trump ""games the U.S. visa system so he can hire temporary foreign workers at low wages.""",mostly-true,false,"['false', 'mostly-false', 'half-true', 'true', 'mostly-true', 'pants-fire']",6,True
"“(Homeland Security Secretary Alejandro) Mayorkas said, ‘Hey you don’t have to detain aggravated felons,’ those are rapists, child predators, you know, murderers.”",mostly-false,false,"['false', 'mostly-false', 'pants-fire', 'half-true', 'true']",5,True
“Biden and Democrats have dismantled border security.”,false,false,"['false', 'mostly-false', 'pants-fire', 'half-true', 'true']",5,True
"Under the SAVE Act, “as long as you have a Real ID … it should be easy for you to register to vote.”",mostly-false,false,"['false', 'mostly-false', 'pants-fire', 'half-true', 'true', 'mostly-true']",6,True
Says President Joe Biden sparked a migrant caravan from Honduras and questioned the loyalty of U.S. troops at the inauguration.,mostly-false,false,"['false', 'mostly-false', 'pants-fire', 'half-true', 'true']",5,True
"Says a Bureau of Labor Statistics report attributed a sharp increase in work-related fatalities to ""increasing numbers of employees and drivers could not read or understand warning signs in English.""",false,false,"['false', 'pants-fire', 'mostly-false', 'true']",4,True
The Trump administration “built nearly 500 miles of border wall.”,half-true,false,"['false', 'mostly-false', 'pants-fire', 'half-true', 'true']",5,True
"""One of the most troubling aspects of the Rubio-Schumer Gang of Eight bill was that it gave President Obama blanket authority to admit refugees, including Syrian refugees, without mandating any background checks whatsoever.""",false,false,"['false', 'mostly-false', 'pants-fire', 'half-true', 'true', 'mostly-true']",6,True
“The Biden administration is engaging in human trafficking because they are enabling this to happen” at the southern border.,false,false,"['false', 'pants-fire', 'mostly-false']",3,True
"Bill McCollum ""served as a lobbyist whose clients enabled mortgages for illegal immigrants.""",false,false,"['false', 'mostly-false', 'half-true', 'pants-fire', 'mostly-true', 'true']",6,True
"""This administration and this Congress have been systematically cutting funding to border security since the Democrats took control.""",false,false,"['false', 'mostly-false', 'half-true', 'pants-fire', 'true']",5,True
"Immigrants are supposed to “apply for asylum in the country where they are, and then they try to come into the United States.”",false,false,"['false', 'mostly-false', 'half-true', 'pants-fire', 'mostly-true', 'true']",6,True
"“On the Southern border, as you know, the wall is going up, it's going up very rapidly. We're at 182 miles.”",half-true,false,"['false', 'mostly-false', 'half-true', 'pants-fire', 'true']",5,True
"""The actual deportations from the interior of the country are way down"" under President Obama.",true,false,"['false', 'mostly-false', 'pants-fire', 'half-true', 'true']",5,True
"""Hispanic entrepreneurs, those who have immigrated from Spanish-speaking countries, often start three times as many businesses as white males.""",mostly-true,mostly-true,"['mostly-true', 'true', 'false', 'half-true', 'mostly-false', 'pants-fire']",6,True
"Says of the diversity visa lottery program, ""they give us their worst people, they put them in a bin,"" and ""the worst of the worst"" are selected.",pants-fire,false,"['false', 'mostly-false', 'pants-fire', 'half-true']",4,True
"“A place like California, they give (immigrants in the country illegally) benefits. They give unemployment checks.”",half-true,false,"['false', 'mostly-false', 'half-true', 'pants-fire']",4,True
Says that 9 million to 50 million undocumented immigrants live in the United States.,mostly-false,false,"['false', 'mostly-false', 'pants-fire', 'half-true', 'true']",5,True
"Under Hillary Clinton’s plan ""illegal immigrants convicted of committing crimes get to stay.""",half-true,false,"['false', 'mostly-false', 'half-true', 'pants-fire', 'true']",5,True
"""18 million illegal immigrants got their government checks this month"" while federal workers remain unpaid.",pants-fire,false,"['false', 'pants-fire', 'mostly-false']",3,True
"""If you're from Guatemala and you are found illegally in Mexico, you are automatically jailed.""",false,false,"['false', 'pants-fire', 'mostly-false']",3,True
"""Mexico’s Next President Calls for An Invasion Of The US""",pants-fire,false,"['false', 'pants-fire']",2,True
"""91 percent of Latinos support the DREAM Act, which allows undocumented youth to attend college,"" but Marco Rubio opposes it.",true,false,"['false', 'mostly-false', 'half-true', 'true', 'pants-fire', 'mostly-true']",6,True
"Chicago city officials ""have adopted an official policy of protecting criminal aliens who prey on their own residents.""",false,false,"['false', 'mostly-false', 'pants-fire', 'half-true', 'true']",5,True
"Wisconsin politicians get daily expense payments ""even if they don’t spend a dime on meals, or lodging or travel,"" and ""no receipts are required for them to get paid.""",mostly-true,false,"['false', 'mostly-false', 'half-true', 'mostly-true', 'pants-fire', 'true']",6,True
Federal border officials are allowing undocumented immigrants who are “known criminals who possess an arrest warrant to fly on U.S. aircraft (which) threatens our homeland security.”,mostly-false,false,"['false', 'mostly-false', 'half-true', 'pants-fire', 'mostly-true', 'true']",6,True
"Undocumented students who qualify for in-state Oregon tuition are ""actively working toward U.S. citizenship.""",mostly-false,false,"['false', 'mostly-false', 'pants-fire', 'half-true', 'true']",5,True
"Says that Mitt Romney, while he was in Arizona, said he believes the state’s SB 1070 immigration law should be the model for national immigration laws.",false,false,"['false', 'mostly-false', 'half-true', 'pants-fire', 'true', 'mostly-true']",6,True
"The Democrats' health care bills would provide ""free health care for illegal immigrants.""",false,false,"['false', 'mostly-false', 'pants-fire', 'half-true', 'true']",5,True
"""In Florida, illegal immigration costs taxpayers nearly $4 billion (a year). This amounts to $700 for every household in Florida.""",false,false,"['false', 'mostly-false', 'pants-fire', 'half-true', 'true', 'mostly-true']",6,True
"""One out of every 5 people that the federal government charges with murder is an illegal alien.""",false,false,"['false', 'mostly-false', 'pants-fire']",3,True
"Of 1 million green cards issued a year, ""almost none of those green cards are based on job skills or demonstrated economic needs.""",mostly-true,false,"['false', 'mostly-false', 'half-true', 'pants-fire', 'mostly-true', 'true']",6,True
American citizens “pay $155 billion annually to make sure illegal immigrants are taken care of better than American citizens”,false,false,"['false', 'pants-fire', 'mostly-false']",3,True
President Joe Biden said he will “send F-15s” to “wage war against Texas.”,false,false,"['false', 'pants-fire']",2,True
"""More than 50 percent of immigrants from (El Salvador, Guatemala and Honduras) use at least one major welfare program once they get here.""",mostly-true,false,"['false', 'half-true', 'mostly-false', 'mostly-true', 'pants-fire', 'true']",6,True
"Says Sen. Ted Cruz used to be ""in favor of birthright citizenship"" but is now against it.",mostly-false,false,"['false', 'mostly-false', 'half-true', 'mostly-true', 'pants-fire', 'true']",6,True
"Canadian-born Ted Cruz ""has had a double passport.""",false,false,"['false', 'mostly-false', 'pants-fire', 'half-true']",4,True
"Says Roy Moore is ""on the wrong side of Trump’s border wall.""",mostly-false,false,"['false', 'mostly-false', 'half-true', 'pants-fire', 'mostly-true', 'true']",6,True
"Says South Carolina Gov. Nikki Haley ""is an immigrant.""",pants-fire,false,"['false', 'pants-fire', 'mostly-false', 'mostly-true']",4,True
"""The American people will not support doing anything about people that are in this country illegally until the law is enforced first.""",mostly-false,false,"['false', 'mostly-false', 'half-true', 'pants-fire', 'mostly-true', 'true']",6,True
"Up ""to 45 percent"" of illegal immigrants ""are not people that physically crossed the southern border or northern border. They are visa overstayers.""",mostly-true,false,"['false', 'half-true', 'mostly-true', 'mostly-false', 'true', 'pants-fire']",6,True
"Says the Obama administration plans to reduce the number of beds devoted to holding individuals violating immigration laws and to ""release hundreds of dangerous criminals into our communities.""",mostly-false,false,"['false', 'mostly-false', 'half-true', 'pants-fire', 'mostly-true', 'true']",6,True
"In-state tuition available ""for non-U.S. citizens after three years … veterans have to wait five years.""",mostly-false,false,"['false', 'mostly-false', 'half-true', 'mostly-true', 'pants-fire', 'true']",6,True
"""The majority of the Hispanic population and the growth (of the population) is U.S.-born.""",true,true,"['true', 'false']",2,True
"In Arizona, ""there are only one and a half (Border Patrol) agents per every 10 square miles.""",false,false,"['false', 'mostly-false', 'half-true', 'pants-fire', 'mostly-true', 'true']",6,True
Immigrants illegally in the country are treated “better than military veterans.”,false,false,"['false', 'pants-fire', 'mostly-false', 'true']",4,True
"A proposed immigration bill will ""bankrupt Georgia"" if passed.",false,false,"['false', 'mostly-false', 'pants-fire', 'half-true', 'true']",5,True
"Says Hillary Clinton ""wants to increase Syrian refugees to this country by 550 percent.""",true,false,"['false', 'mostly-false', 'pants-fire', 'half-true']",4,False
"The House health care bill provides for ""free abortion services, and probably forced participation in abortions by members of the medical profession.""",false,false,"['false', 'pants-fire', 'mostly-false']",3,True
"Says Barack Obama, Chuck Schumer and Hillary Clinton ""all voted for"" a border wall as senators.",half-true,false,"['false', 'mostly-false', 'half-true', 'pants-fire', 'true', 'mostly-true']",6,True
"""Since the day of my election, we've already cut illegal immigration at the southern border by 61 percent.""",mostly-true,false,"['false', 'half-true', 'mostly-false', 'mostly-true', 'true', 'pants-fire']",6,True
"Rhode Island gives undocumented pregnant women health insurance, plus a cash card ""with $400 a month on it"" and ""$250 a month or $275 a month to spend on food.""",mostly-false,false,"['false', 'mostly-false', 'pants-fire', 'true', 'half-true']",5,True
"""Undocumented immigrants commit less crimes than the native born.""",mostly-true,true,"['true', 'false', 'half-true', 'mostly-false', 'pants-fire', 'mostly-true']",6,True
"""We could build 30 walls with the $150 billion Obama gave to Iran.""",false,false,"['false', 'mostly-false', 'pants-fire', 'true']",4,True
"Says the Trump administration’s new policy for legal immigrants on welfare ""has been around for a while. This is not a new thing that the president is trying to implement here, that the United States has been this way.""",half-true,false,"['false', 'half-true', 'mostly-false', 'pants-fire', 'mostly-true', 'true']",6,True
“Report: Biden administration busing ‘thousands’ of illegals to red states to get permanent status.”,false,false,"['false', 'mostly-false', 'pants-fire', 'true']",4,True
"Recent immigration raids ""are not business as usual. The raids are being done indiscriminately. They’re not focused simply on criminal aliens.""",half-true,false,"['false', 'mostly-false', 'half-true', 'mostly-true', 'pants-fire', 'true']",6,True
"""We admit more than 100,000 lifetime migrants from the Middle East each year.""",mostly-true,false,"['false', 'mostly-false', 'half-true', 'mostly-true', 'pants-fire', 'true']",6,True
"Says GOP Congressional candidate Scott Jones ""wants to build a wall. He wants to round people up and deport folks.""",half-true,false,"['false', 'mostly-false', 'half-true', 'mostly-true', 'pants-fire', 'true']",6,True
There are “22 million illegal aliens living in America and ... voting illegally.”,false,false,"['false', 'pants-fire', 'mostly-false']",3,True
"Says that when President Obama visited El Paso, he ""pronounced that the border with Mexico and the United States was safer than it ever was in history.""",mostly-true,false,"['false', 'mostly-false', 'half-true', 'mostly-true', 'pants-fire', 'true']",6,True
"Says Andrew Gillum ""wants to abolish ICE and doesn't believe in doing any type of immigration enforcement.""",half-true,false,"['false', 'mostly-false', 'half-true', 'pants-fire', 'mostly-true', 'true']",6,True
"Says the United States is the only nation that affords citizenship to anyone born here, ""whether you are here legally or illegally.""",false,false,"['false', 'mostly-false', 'pants-fire', 'half-true', 'mostly-true', 'true']",6,True
Donald Trump “never changed one immigration law.”,mostly-true,false,"['false', 'mostly-false', 'half-true', 'pants-fire', 'mostly-true', 'true']",6,True
President Joe Biden announced tax incentives for families willing to take in migrants in a new “Housing for Labor” initiative.,false,false,"['false', 'pants-fire', 'mostly-false']",3,True
"Says Rick Perry ""provided in-state tuition... for illegal immigrants.""",true,true,"['true', 'false']",2,True
"Says there was a “28% increase in children to the border in my administration” and “31% … in 2019.” The increase in migration in January, February and March “happens every year.”",mostly-false,false,"['false', 'mostly-false', 'half-true', 'pants-fire', 'mostly-true', 'true']",6,True
"""Agriculture has always required a significant workforce from abroad.""",mostly-false,false,"['false', 'mostly-false', 'half-true', 'mostly-true', 'pants-fire', 'true']",6,True
"In Texas, ""we've had three ISIS-related incidents already.""",half-true,false,"['false', 'true', 'mostly-false', 'half-true', 'pants-fire', 'mostly-true']",6,True
"Among Syrian refugees, ""there aren't that many women, there aren't that many children.""",false,false,"['false', 'mostly-false', 'pants-fire', 'half-true']",4,True
"""Phoenix, Ariz., is the No. 2 kidnapping capital of the world.""",pants-fire,false,"['false', 'pants-fire', 'mostly-false']",3,True
"Democrats ""want virtual immunity for illegal aliens who have created horrible crimes and murder.""",false,false,"['false', 'mostly-false', 'pants-fire']",3,True
The United States is the only country with unrestricted birthright citizenship.,false,false,"['false', 'mostly-false', 'pants-fire', 'true']",4,True
"U.S. Reps. Eric Cantor and Luis Gutierrez were ""touring the country last year … joined at the hip, working together in a bipartisan fashion indeed for the goal of immigration reform.""",pants-fire,false,"['false', 'mostly-false', 'pants-fire', 'half-true', 'mostly-true', 'true']",6,True
"""It is more difficult to obtain a Costco membership than it is to get a NYC Municipal ID""",pants-fire,false,"['false', 'mostly-false', 'pants-fire', 'half-true', 'mostly-true', 'true']",6,True
"""When these [undocumented] students graduate from college, they're still illegal aliens. They cannot get a job.""",true,false,"['false', 'mostly-false', 'half-true', 'pants-fire']",4,False
"Says a ""recent analysis"" showed that 91 percent of Deferred Action for Childhood Arrivals (DACA) recipients are employed, in school or serving in the military.",mostly-true,true,"['true', 'mostly-true', 'false', 'half-true', 'mostly-false', 'pants-fire']",6,True
"""Sixty-four percent of Americans support the Arizona immigration law.''",mostly-true,mostly-true,"['mostly-true', 'half-true', 'false', 'mostly-false', 'true', 'pants-fire']",6,True
"""Jesus was an undocumented immigrant.""",false,false,"['false', 'pants-fire', 'mostly-false']",3,True
"On immigration, what reports say President Barack Obama ""plans to do is roughly on the same scale"" as what President George H.W. Bush did.",mostly-true,mostly-true,"['mostly-true', 'mostly-false', 'half-true', 'false', 'pants-fire', 'true']",6,True
"Says Jeb Bush ""happens to be where a majority"" of Republican voters are on giving legal status to illegal immigrants.",mostly-true,mostly-true,"['mostly-true', 'half-true', 'mostly-false', 'false', 'true', 'pants-fire']",6,True
"Under the DREAM Act, after two years of higher education or military service ""you are eligible for citizenship. Once a citizen, this paves the way to bring the rest of (your) extended family to the United States.""",mostly-false,false,"['false', 'mostly-false', 'half-true', 'mostly-true', 'pants-fire', 'true']",6,True
"Says Ted Cruz ""wanted to let in more Syrian refugees and give amnesty to illegal immigrants.""",half-true,half-true,"['half-true', 'false', 'mostly-false', 'mostly-true', 'pants-fire', 'true']",6,True
"""For what it would cost the (National) Guard to make just two arrests at the border, we could give a homeless veteran permanent housing for an entire year.""",mostly-true,false,"['false', 'mostly-true', 'half-true', 'true', 'mostly-false', 'pants-fire']",6,True
"""Bill Clinton passed a law in 1996 that separated children from adults illegally entering America.""",false,false,"['false', 'mostly-false', 'pants-fire']",3,True
"""Our university campuses by federal law do not check the immigration status of their students just as our public schools don’t.""",mostly-false,false,"['false', 'mostly-false', 'half-true', 'pants-fire', 'true', 'mostly-true']",6,True
"""Washington Heidi supports sanctuary cities, where illegal immigrants can be released on our streets, like this criminal, who was let go and then sexually assaulted a child.""",mostly-false,false,"['false', 'mostly-false', 'pants-fire', 'half-true']",4,True
“We spent billions on a border wall and quit when it was 90% finished.”,mostly-false,false,"['false', 'mostly-false', 'pants-fire']",3,True
"A record number of immigrants not from Mexico are ""being apprehended at the border.""",true,false,"['false', 'true', 'mostly-false', 'half-true', 'mostly-true', 'pants-fire']",6,True
"""The RI Board of Elections has heard official testimony from Providence residents who claim to have witnessed known illegal aliens voting in local elections.""",mostly-false,false,"['false', 'mostly-false', 'pants-fire', 'half-true', 'true']",5,True
"""If 20 million illegals vote, you can kiss the Second Amendment goodbye.""",false,false,"['false', 'pants-fire', 'mostly-false', 'true']",4,True
"Once people become citizens under the DREAM Act ""and turn 21, they can sponsor their illegal immigrant parents for legalization.""",mostly-true,false,"['false', 'mostly-false', 'half-true', 'mostly-true', 'true', 'pants-fire']",6,True
"Tyson Foods announced it would hire 52,000 migrants.",false,false,"['false', 'pants-fire', 'mostly-false']",3,True
"Says ""we allow more people into America legally than all other countries on the planet combined.""",mostly-false,true,"['true', 'false', 'mostly-true', 'mostly-false', 'half-true']",5,True
“The millions (of immigrants) that have been paroled can simply go to their local welfare office or the DMV and register to vote.”,false,false,"['false', 'pants-fire', 'mostly-false', 'true']",4,True
"Says Ronald Reagan said immigrants ""brought with them courage and the values of family, work, and freedom. Let us pledge to each other that we can make America great again.""",mostly-true,true,"['true', 'false', 'mostly-true', 'half-true', 'mostly-false', 'pants-fire']",6,True
"""Crime is down in Venezuela by 67% because they're taking their gangs and their criminals and depositing them very nicely into the United States.”",false,false,"['false', 'pants-fire', 'mostly-false', 'true']",4,True
“JUST IN: A MASSIVE CARAVAN of illegal aliens is forcing their way into the US!”,false,false,"['false', 'mostly-false', 'pants-fire', 'half-true']",4,True
"""ISIS is running through a border made porous by Barack Obama’s policies.""",pants-fire,false,"['false', 'mostly-false', 'pants-fire', 'half-true', 'true']",5,True
"""Seventy-six percent of the American people support us passing the DREAM Act … with citizenship and legalization as part of it all. … More than 60 percent of Republicans support that.""",true,true,"['true', 'mostly-true', 'false']",3,True
"""From the release of a child rapist from the Dominican Republican to that of an Italian drug smuggler, Philadelphians have already been put in direct danger by Mayor Kenney’s policy of blocking local law enforcement from participating with federal immigration authorities.""",mostly-false,false,"['false', 'mostly-false', 'half-true', 'pants-fire', 'mostly-true', 'true']",6,True
"“In the last several months, the Biden administration has released over 7,000 illegal aliens who were COVID positive just in one Texas city.” Biden's border policies are ""endangering not just the people of Texas, but people all across the country.""",false,false,"['false', 'mostly-false', 'pants-fire', 'half-true', 'true', 'mostly-true']",6,True
"Illegal ""immigration is lower than it’s been in 40 years.""",mostly-true,false,"['false', 'mostly-false', 'true', 'half-true', 'mostly-true', 'pants-fire']",6,True
"Says he is ""cutting illegal immigration in half.""",false,false,"['false', 'mostly-false', 'pants-fire', 'half-true']",4,True
"Says ""72% of refugees admitted into U.S. (2/3 -2/11) during COURT BREAKDOWN are from 7 countries: SYRIA, IRAQ, SOMALIA, IRAN, SUDAN, LIBYA & YEMEN.""",mostly-true,false,"['false', 'mostly-false', 'half-true', 'mostly-true', 'pants-fire', 'true']",6,True
"U.S. Bureau of Labor Statistics statistics show, “We have 1.6 million illegal aliens that have gone home voluntarily.”",half-true,false,"['false', 'mostly-false', 'pants-fire', 'half-true', 'true']",5,True
"""But for immigrants, we would have a contracting population...""",mostly-false,false,"['false', 'mostly-false', 'pants-fire', 'half-true', 'mostly-true']",5,True
"""October 2013, Obama shut down the government for 16 days to force Obamacare.""",half-true,false,"['false', 'mostly-false', 'pants-fire', 'true', 'half-true']",5,True
"""Every time we go to court,"" against the Trump administration, ""for the most part, we win.""",mostly-true,mostly-true,"['mostly-true', 'true', 'half-true', 'false', 'mostly-false', 'pants-fire']",6,True
"Says Sen. Charles Schumer ""repeatedly supported a physical barrier in the past along with many other Democrats. They changed their mind only after I was elected president.""",mostly-false,false,"['false', 'mostly-false', 'pants-fire', 'half-true']",4,True
"Every illegal immigrant ""can be eligible for up to $36,000 to $38,000 in earned income tax credits without paying a dime in.""",false,false,"['false', 'mostly-false', 'pants-fire', 'half-true', 'true']",5,True
"""In New York, your chances of getting murdered are 1 in 25,000. In Honduras, it’s 1 in 14.""",half-true,false,"['false', 'mostly-false', 'pants-fire', 'half-true', 'true']",5,True
"""American families work hard to earn $4,250 a month. Obama is spending $18,972 a month on each illegal immigrant child.""",mostly-false,false,"['false', 'pants-fire', 'mostly-false', 'true']",4,True
"Says Joe Biden “is restricting travel for Americans into Mexico, but is keeping the border wide open for illegal aliens to walk right into our country.”",mostly-false,false,"['false', 'mostly-false', 'pants-fire', 'half-true']",4,True
There is “zero impact” from Alligator Alcatraz on the Florida Everglades.,false,false,"['false', 'mostly-false', 'pants-fire', 'true', 'half-true']",5,True
“Fewer people came in under President Biden than came under Donald Trump.”,false,false,"['false', 'mostly-false', 'pants-fire', 'half-true', 'true']",5,True
"""Ronald Reagan’s signature on the 1986 amnesty act"" gave Barack Obama about 15 million additional Hispanic votes in 2012.",false,false,"['false', 'pants-fire', 'mostly-false', 'true']",4,True
"""As of 2014, illegal aliens made up roughly 3.5 percent of our population, and committed over 10 percent of all murders.""",mostly-false,false,"['false', 'mostly-false', 'pants-fire']",3,True
"“Home Depot signed a deal that pays them $250 million with DHS, allowing ICE agents to stake out their parking lots and arrest immigrants.”",false,false,"['false', 'pants-fire', 'mostly-false']",3,True
"On key issues including taxes, health care, the Green New Deal, abortion, and guns, there is “no daylight between” Bernie Sanders and Joe Biden.",half-true,false,"['false', 'mostly-false', 'half-true', 'pants-fire', 'mostly-true', 'true']",6,True
"""Migrant mother and ‘crying girl’ on Time cover never separated.""",true,false,"['false', 'true', 'mostly-false', 'half-true', 'mostly-true', 'pants-fire']",6,True
“Federal law requires people to speak English to be naturalized as American citizens.”,mostly-true,false,"['false', 'true', 'half-true', 'mostly-false', 'mostly-true']",5,True
"President Barack Obama, Nancy Pelosi and Harry Reid support Rick Perry’s ""decision to give in-state tuition to illegal immigrants.""",mostly-false,false,"['false', 'mostly-false', 'pants-fire', 'half-true', 'true']",5,True
“California has six extra” congressional representatives “because illegals are counted” in the census.,mostly-false,false,"['false', 'mostly-false', 'pants-fire', 'true']",4,True
"""Every single Democrat in the U.S. Senate has signed up for the open borders, and it's a bill, it's called the ‘open borders bill.’""",false,false,"['false', 'pants-fire', 'mostly-false']",3,True
"""In 20 years there will be enough Muslim voters in the U.S. to elect the president by themselves.""",pants-fire,false,"['false', 'pants-fire', 'true']",3,True
"The United States is the only nation ""that grants legal permanent residency to more than a million people per year.""",true,true,"['true', 'false', 'pants-fire']",3,True
The U.S. Supreme Court decided in 1982 that non-citizen children must get free K-12 education.,true,false,"['false', 'mostly-false', 'pants-fire', 'half-true', 'true']",5,True
"Says Joe Biden is “now saying he inherited ‘a mess’ at the border. Fact: 9,000 illegals all of 2020. So far in 2021 108,000 entered U.S.”",false,false,"['false', 'mostly-false', 'pants-fire', 'half-true', 'true']",5,True
“Immigrants make up a majority of essential workers in places like New York City.”,mostly-true,true,"['true', 'false', 'mostly-true', 'half-true', 'mostly-false']",5,True
"""Why was there no news coverage of this raid on the Arizona border? … Seizure was just five days ago. Right on the Arizona border!""",pants-fire,false,"['false', 'pants-fire', 'mostly-false']",3,True
"""Somebody in the Obama regime decided to get rid of"" the citizenship question in the census.",false,false,"['false', 'mostly-false', 'pants-fire', 'half-true']",4,True
"Says using E-Verify is ""a fair amount of cost,"" about $20 per person that does not match.",mostly-true,mostly-true,"['mostly-true', 'half-true', 'false', 'mostly-false', 'true']",5,True
"""We began seeing the increase in unaccompanied minors going back to last April 2020. This is not something that happened as a result of Joe Biden becoming president.”",half-true,false,"['false', 'mostly-false', 'half-true', 'mostly-true', 'true', 'pants-fire']",6,True
"“Less than 500 people a year killed by all rifles combined” and “4,000 a year killed by illegals.”",mostly-false,false,"['false', 'mostly-false', 'pants-fire']",3,True
"""Nikki Haley refused to call illegals criminals"" and ""repeatedly pushed amnesty for illegals.""",false,false,"['false', 'mostly-false', 'pants-fire', 'half-true', 'true']",5,True
"Says El Paso is the ""safest city of our size in the nation.""",half-true,true,"['true', 'false', 'mostly-false', 'half-true', 'mostly-true', 'pants-fire']",6,True
"GOP candidate for California governor Travis Allen ""on the floor vote … refused to join Republicans opposing driver licenses for illegal aliens.""",half-true,false,"['false', 'mostly-false', 'pants-fire', 'half-true', 'true', 'mostly-true']",6,True
"Says Gov. Rick Perry has been ""begging"" for the federal government to send the Coast Guard to patrol two lakes on the U.S.-Mexico border.",false,false,"['false', 'mostly-false', 'half-true', 'pants-fire', 'true']",5,True
"""The Obama-Biden Administration did not conduct workplace raids—in fact, it ended them.""",half-true,half-true,"['half-true', 'false', 'mostly-false', 'mostly-true', 'true', 'pants-fire']",6,True
"Says Joe Donnelly ""voted to grant amnesty to millions of illegal immigrants, including criminals, drunk drivers, domestic violence, and worse.""",mostly-false,false,"['false', 'mostly-false', 'half-true', 'pants-fire', 'mostly-true', 'true']",6,True
"""Two million more Latinos are in poverty today than when President Obama took his oath of office less than eight years ago.""",half-true,false,"['false', 'mostly-false', 'half-true', 'pants-fire', 'true']",5,True
"Joe Biden ""has been secretly flying illegal immigrants into communities across the country in the middle of the night.""",mostly-false,false,"['false', 'mostly-false', 'pants-fire', 'half-true', 'true']",5,True
"""The Obama Administration agreed to take thousands of illegal immigrants from Australia.""",half-true,false,"['false', 'mostly-false', 'pants-fire', 'half-true', 'true']",5,True
"Says Tony Evers wants to give in-state tuition and drivers licenses to ""illegal aliens.""",mostly-true,false,"['false', 'mostly-false', 'pants-fire', 'half-true', 'true']",5,False
"""Mexico is paying for the Wall through the new USMCA Trade Deal.""",false,false,"['false', 'mostly-false', 'pants-fire', 'true']",4,True
“Most Americans favor keeping Title 42 in place.”,half-true,false,"['false', 'mostly-false', 'half-true', 'pants-fire', 'mostly-true', 'true']",6,True
"Joe Biden's executive orders meant ""for the first time in American history we have a president who will not detain the people who enter this country illegally.""",false,false,"['false', 'mostly-false', 'pants-fire', 'half-true', 'true']",5,True
"""The State of Texas does not even use the E-Verify system to determine if someone is legally in our country when they apply for a job.""",true,false,"['false', 'true', 'mostly-false', 'half-true', 'pants-fire', 'mostly-true']",6,True
"""Some of the safest communities in the United States are along the border.""",mostly-true,mostly-true,"['mostly-true', 'true', 'half-true', 'false', 'mostly-false', 'pants-fire']",6,True
"The migrant caravan from Tapachula, Mexico “is the population of Minneapolis.”",pants-fire,false,"['false', 'pants-fire', 'mostly-false']",3,True
"""One out of every 30 people in the Greater Boston area is an illegal alien.""",true,true,"['true', 'false', 'mostly-false', 'half-true', 'mostly-true', 'pants-fire']",6,True
"""She is the only candidate who has stood by our community and immigration reform from the beginning.""",mostly-false,false,"['false', 'mostly-false', 'half-true', 'mostly-true', 'true', 'pants-fire']",6,True
"""Democrats announce they will abolish ICE if they win 2020 election.""",false,false,"['false', 'mostly-false', 'pants-fire']",3,True
"Says of MS-13 gang members, ""We are getting them out of our country by the thousands.""",mostly-false,false,"['false', 'half-true', 'mostly-false', 'mostly-true', 'pants-fire', 'true']",6,True
"""We’re at the point of reaching 2 million deportations ... this is a historic level, more than any other president of the United States.""",half-true,false,"['false', 'mostly-false', 'half-true', 'pants-fire', 'true', 'mostly-true']",6,True
"""When NAFTA was passed, there was an acceleration of immigration from Mexico because people were
in search of jobs.""",half-true,false,"['false', 'mostly-false', 'half-true', 'pants-fire', 'true']",5,True
Says Travis County’s sheriff refuses to enforce 8 USC 1373.,false,false,"['false', 'mostly-false', 'pants-fire', 'half-true', 'true']",5,True
"""With three months remaining in the Fiscal Year, (the border patrol) has already encountered more illegal immigrants along the Southwest border"" than in any previous fiscal year.",mostly-true,false,"['false', 'true', 'mostly-false', 'half-true', 'mostly-true', 'pants-fire']",6,True
"""Apprehension rates at the southern border have plummeted since the 1980s, and apprehensions of Mexicans specifically have reached their lowest point in nearly half a century.""",mostly-true,true,"['true', 'mostly-true', 'false']",3,True
"""Every student paying out-of-state tuition actually covers more than the cost of instruction.""",true,true,"['true', 'false', 'half-true', 'mostly-true', 'mostly-false']",5,True
"""It's important to pay attention to the Russian spy drama, but let's not ignore the fact that the following (10) bills have been introduced"" in the House.",mostly-true,half-true,"['half-true', 'false', 'mostly-true', 'mostly-false', 'true', 'pants-fire']",6,True
"""Every president since Eisenhower has taken executive action to address immigration issues.""",mostly-true,true,"['true', 'false']",2,False
"""Every single day in this country, 1,000 people are deported and the vast majority of those people that are deported aren't criminals.""",half-true,false,"['false', 'mostly-false', 'half-true', 'pants-fire', 'mostly-true', 'true']",6,True
"Says President Barack Obama ""himself has granted waivers allowing into the United States refugees who provided material support to terrorists.""",mostly-false,false,"['false', 'mostly-false', 'pants-fire', 'half-true', 'true']",5,True
"""22 times Barack Obama said he did not have the authority to implement this type of"" anti-deportation ""measure. And then the day after he signed this into law, he said, quote, ‘I just changed the law.’""",mostly-true,false,"['false', 'mostly-false', 'half-true', 'pants-fire', 'mostly-true', 'true']",6,True
"Says Hillary Clinton ""wanted the wall.""",half-true,half-true,"['half-true', 'false', 'mostly-true', 'mostly-false', 'true']",5,True
Housing is expensive “because we flooded the country with 30 million illegal immigrants” and because of a housing shortage.,mostly-false,false,"['false', 'mostly-false', 'half-true', 'pants-fire']",4,True
"“Kamala Harris wants to give $25,000 to illegal aliens to buy American homes.”",false,false,"['false', 'mostly-false', 'pants-fire', 'half-true']",4,True
"""Texas medical professional: Migrants quarantined with UNKNOWN disease.""",false,false,"['false', 'pants-fire', 'mostly-false']",3,True
"""If you're from Syria and you're a Christian, you cannot come into this country"" as a refugee.",false,false,"['false', 'mostly-false', 'pants-fire', 'true']",4,True
"""There are about 350,000 people who succeed in crossing our borders illegally each year.""",false,false,"['false', 'mostly-false', 'pants-fire', 'half-true']",4,True
"Georgia has ""more illegal aliens than the state of Arizona.""",true,false,"['false', 'mostly-false', 'pants-fire', 'half-true', 'true']",5,True
"A Muslim immigrant in Michigan can list his second, third or fourth wives as ""extended family"" and qualify for welfare.",mostly-false,false,"['false', 'mostly-false', 'pants-fire', 'true']",4,True
"Texas found that 95,000 noncitizens were registered to vote.",false,false,"['false', 'pants-fire', 'mostly-false']",3,True
Haitian migrants took an implausible route to Texas-Mexico border area.,mostly-false,false,"['false', 'mostly-false', 'pants-fire', 'half-true', 'true']",5,True
"The voting bill known as H.R. 1 would mean “that millions of illegal immigrants are quickly registered to vote.""",false,false,"['false', 'mostly-false', 'pants-fire', 'half-true']",4,True
"“If people come into our country illegally, there’s a different standard” for due process.",false,false,"['false', 'pants-fire', 'mostly-false', 'half-true', 'true']",5,True
"""We’ve already started (the border wall). We started it in San Diego.""",mostly-false,false,"['false', 'mostly-false', 'pants-fire', 'half-true', 'true', 'mostly-true']",6,True
Increased encounters at the southwest border in April 2022 compared to April 2020 are attributable to changes in border policy.,mostly-false,false,"['false', 'mostly-false', 'pants-fire', 'half-true', 'true', 'mostly-true']",6,True
"Says Rick Perry ""turned down our invitation to meet"" President Barack Obama in El Paso.",mostly-true,false,"['false', 'mostly-true', 'mostly-false', 'half-true', 'true', 'pants-fire']",6,True
"Says three Ukrainians recently captured on a West Texas ranch are among ""individuals from countries that have strong terrorist ties being apprehended"" near the state’s border with Mexico.",half-true,false,"['false', 'mostly-false', 'half-true', 'pants-fire', 'mostly-true', 'true']",6,True
"""We are younger than our competitors, and this is entirely because of immigration.""",mostly-true,false,"['false', 'true', 'half-true', 'mostly-true', 'mostly-false', 'pants-fire']",6,True
"""17,000 individuals with criminal records were apprehended trying to cross the border"" in 2018.",half-true,false,"['false', 'half-true', 'mostly-true', 'mostly-false', 'true', 'pants-fire']",6,True
"“Over 10 million people have come across the border with no vetting, no plan, and no path” during Biden’s presidency.",false,false,"['false', 'pants-fire', 'mostly-false', 'true']",4,True
"Says Michelle Nunn is ""for amnesty.""",mostly-false,false,"['false', 'mostly-false', 'half-true', 'mostly-true', 'pants-fire', 'true']",6,True
"""Illegal aliens cost the state of Rhode Island $400 million a year.""",pants-fire,false,"['false', 'pants-fire', 'mostly-false', 'true']",4,True
“They are not getting the traditional five months training. … The training for the ICE agents now is 47 days.”,mostly-true,false,"['false', 'mostly-false', 'half-true', 'pants-fire', 'true', 'mostly-true']",6,True
Says Florida had five sanctuary cities while Jeb Bush was governor.,false,false,"['false', 'mostly-false', 'pants-fire', 'half-true', 'true']",5,True
"""Nearly 65 percent -- almost two-thirds -- of all new permanent residents obtained that status by virtue of their family status.""",true,false,"['false', 'mostly-false', 'half-true', 'mostly-true', 'true', 'pants-fire']",6,True
"Says Beto O’Rourke is ""open to abolishing ICE.""",mostly-true,false,"['false', 'true', 'mostly-false', 'half-true', 'pants-fire', 'mostly-true']",6,True
"""McCain used to buck his party on immigration by fighting for comprehensive reform. . . . But when he was running for his party's nomination, he . . . said that he wouldn't even support his own legislation if it came up for a vote.""",mostly-true,mostly-true,"['mostly-true', 'half-true', 'mostly-false', 'false', 'true']",5,True
"Current immigration ""apprehension numbers are worse than the 'crisis' Biden/Obama/Pelosi acknowledged in 2014!""",mostly-true,false,"['false', 'mostly-false', 'half-true', 'true', 'mostly-true', 'pants-fire']",6,True
"Says ""former Democrat Kelli Ward attacked President Trump's plans to crack down on illegal immigration, saying Trump was making a mistake.""",mostly-false,false,"['false', 'mostly-false', 'half-true', 'mostly-true', 'pants-fire']",5,True
"""Under Governor Almond the RI DMV had a program that allowed undocumented [people to] use their Personal Tax Identification Number . . . to apply [for] and receive a RI driver’s license.""",true,false,"['false', 'true', 'mostly-false', 'half-true', 'mostly-true', 'pants-fire']",6,True
"In 2006, Bernie Sanders ""voted in the House with hard-line Republicans for indefinite detention for undocumented immigrants, and then he sided with those Republicans to stand with vigilantes known as Minutemen who were taking up outposts along the border to hunt down immigrants.""",mostly-true,false,"['false', 'mostly-false', 'half-true', 'pants-fire', 'mostly-true', 'true']",6,True
"The government gave $3,500 debit cards to immigrants while giving only $750 to Hurricane Helene victims.",false,false,"['false', 'pants-fire', 'true']",3,True
"Says Barack Obama ""has deported more people than any other president in this country's history.""",half-true,false,"['false', 'pants-fire', 'mostly-false', 'true']",4,False
"Among Hispanics, support for immigration reform is close to universal.",mostly-true,false,"['false', 'mostly-false', 'half-true', 'mostly-true', 'pants-fire', 'true']",6,True
"""My policy is similar to what President Obama did in 2011 when he banned visas for refugees from Iraq for six months.""",mostly-false,false,"['false', 'mostly-false', 'half-true', 'pants-fire', 'true', 'mostly-true']",6,True
“Democrats have 24 more seats (in Congress) than they would have if illegal aliens were not counted in the census.”,false,false,"['false', 'mostly-false', 'pants-fire', 'half-true', 'true']",5,True
"""The mayor said … 'if you happen to be in this country in an undocumented status . . . then we welcome you here.  We want you here.  We'll protect you here.' """,true,true,['true'],1,True
Says Russ Feingold voted to give Social Security benefits to illegal immigrants,false,false,"['false', 'pants-fire', 'mostly-false', 'true']",4,True
"Kamala Harris ""let in the 13,099 convicted murderers and opposes all efforts to find them and to remove them.""",false,false,"['false', 'mostly-false', 'pants-fire', 'half-true']",4,True
"Says six eradicated diseases such as whooping cough and the bubonic plague are making a comeback ""thanks to refugees and illegal immigrants.""",false,false,"['false', 'pants-fire', 'mostly-false']",3,True
“Democrats are threatening to shut down the entire government because they want to give hundreds of billions of dollars of health care benefits to illegal aliens.”,false,false,"['false', 'mostly-false', 'pants-fire', 'true', 'half-true']",5,True
"Florida election officials’ requests to some residents to submit proof of citizenship is a ""backdoor poll tax.""",half-true,false,"['false', 'mostly-false', 'half-true', 'pants-fire', 'mostly-true', 'true']",6,True
"""Let’s talk about the facts and where we are today. There are still nearly 2,600 children who are separated from their parents"" due to the Trump administration’s zero-tolerance policy.",true,true,['true'],1,True
"Says 95 percent of people caught crossing the U.S.-Mexico border said in a survey ""we are coming because we’ve been promised amnesty.""",half-true,false,"['false', 'mostly-false', 'half-true', 'pants-fire', 'mostly-true', 'true']",6,True
"Says a bill co-sponsored by Sen. Claire McCaskill ""would give a free pass to any illegal immigrant who brings a child to the border.""",false,false,"['false', 'mostly-false', 'pants-fire', 'half-true']",4,True
"""David Simpson actually voted for driver's licenses for illegal immigrants.""",mostly-false,false,"['false', 'mostly-false', 'half-true', 'pants-fire', 'mostly-true', 'true']",6,True
"Says Newt Gingrich ""supports amnesty for illegal immigrants.""",half-true,false,"['false', 'mostly-false', 'half-true', 'pants-fire', 'mostly-true', 'true']",6,True
"""Our courts find that 80 percent of those who do file for asylum aren’t qualified for it, do not merit that relief.""",false,false,"['false', 'mostly-false', 'pants-fire', 'half-true', 'true']",5,True
"""Look, we are at war with these people and they don't wear uniforms. … This is a war against people that are vicious, violent people, that we have no idea who they are, where they come from. We are allowing tens of thousands of them into our country now.""",pants-fire,false,"['false', 'mostly-false', 'pants-fire']",3,True
"Says Jacky Rosen ""voted against stopping criminals from re-entering the United States.""",mostly-false,false,"['false', 'mostly-false', 'pants-fire', 'half-true', 'true']",5,True
"""Over 81 percent of the babies that are born at LBJ Hospital right here in Houston are born of women who are not here legally.""",false,false,"['false', 'mostly-false', 'pants-fire', 'half-true']",4,True
"""According to a recent study from the University of California Riverside, (sanctuary) cities with these policies have more violent crime on average than those that don’t.""",mostly-false,false,"['false', 'mostly-false', 'pants-fire', 'half-true']",4,True
"""Crime is down in Arizona.""",true,true,['true'],1,True
The U.S. State Department has started a special immigrants visa “evacuation operation.”,false,false,"['false', 'pants-fire', 'mostly-false']",3,True
"In 2006, Arizona had four ballot issues that were ""very tough on illegal immigration... Forty-seven percent of the Hispanics in Arizona voted for them.""",mostly-false,false,"['false', 'mostly-false', 'pants-fire', 'half-true', 'true']",5,True
Martha’s Vineyard “deported 50 illegals after only 24 hours.”,false,false,"['false', 'mostly-false', 'pants-fire', 'true']",4,True
"Department of Homeland Security Secretary Alejandro Mayorkas' border policy is ""personally responsible"" for fentanyl crossing the border",false,false,"['false', 'mostly-false', 'pants-fire', 'half-true', 'true']",5,True
"""Alexander Hamilton was an immigration hawk.""",half-true,false,"['false', 'mostly-false', 'half-true', 'pants-fire', 'mostly-true']",5,True
"Says U.S. Rep. Dan Lipinski “voted against the DREAM Act, supports separating families and banning Muslims.”",mostly-false,false,"['false', 'mostly-false', 'half-true', 'pants-fire', 'mostly-true', 'true']",6,True
"Because of the current immigration crisis, Republicans want to ""repeal"" a 2008 law that President George W. Bush signed and ""want to be on record as not wanting to protect children from ... sex trafficking.""",mostly-false,false,"['false', 'mostly-false', 'half-true', 'mostly-true', 'pants-fire', 'true']",6,True
"Says Marco Rubio ""is the one for an open border.""",pants-fire,false,"['false', 'mostly-false', 'half-true', 'pants-fire', 'true']",5,True
"""Disease-ridden"" migrants from parts of Africa with Ebola are being ""dumped in San Antonio.""",false,false,"['false', 'pants-fire', 'mostly-false']",3,True
"The Biden-Harris administration ""wants to hand out $450,000 to illegal immigrants.""",false,false,"['false', 'pants-fire', 'mostly-false']",3,True
"""In 2010, the non-partisan Government Accountability Office found that only 6.5 percent of the U.S.-Mexico border was under full control of the Border Patrol.""",mostly-true,false,"['false', 'mostly-false', 'true', 'pants-fire', 'half-true', 'mostly-true']",6,True
"""ICE has not deported or detained one white illegal immigrant.""",false,false,"['false', 'pants-fire', 'mostly-false']",3,True
"""The Mexican government forces many bad people into our country.""",pants-fire,false,"['false', 'pants-fire', 'mostly-false']",3,True
"""I sponsored and was the co-sponsor of the only legislation that ever passed that had E-Verify provisions in it back in 2010 when I served in the Legislature.""",false,half-true,"['half-true', 'true', 'false', 'mostly-false', 'mostly-true', 'pants-fire']",6,True
"Says Donald Trump's executive order ""doesn't address the over 2,000 children who are already separated from their parents, and it doesn't change the fact that we would be jailing children with their families.""",mostly-true,mostly-true,"['mostly-true', 'half-true', 'mostly-false', 'false', 'true', 'pants-fire']",6,True
"Says the 1956 Republican Party platform supported equal pay, the minimum wage, asylum for refugees, protections for unions and more.",mostly-true,true,"['true', 'false', 'mostly-true', 'half-true', 'mostly-false']",5,True
A bill from U.S. Rep. Ted Yoho attempts to restrict the administration's ability to conduct national security and criminal background checks on undocumented immigrants.,half-true,false,"['false', 'mostly-false', 'half-true', 'true', 'pants-fire', 'mostly-true']",6,True
"""Over half"" of science, technology, engineering and mathematics students ""receiving advanced degrees are not citizens of the United States of America.""",half-true,false,"['false', 'half-true', 'mostly-false', 'mostly-true', 'pants-fire', 'true']",6,True
"""In the last five years, 28,000 people have been killed along the U.S.-Mexico border.""",false,false,"['false', 'mostly-false', 'pants-fire', 'true', 'half-true']",5,True
"""There are actually only 30 countries that practice birthright citizenship.""",true,false,"['false', 'mostly-false', 'pants-fire', 'half-true', 'true']",5,True
"""The annual cost of free tax credits alone paid to illegal immigrants quadrupled to $4.2 billion in 2011.""",half-true,false,"['false', 'mostly-false', 'half-true', 'pants-fire', 'mostly-true', 'true']",6,True
"DACA was ""a mere memo from the Department of Homeland security under Barack Obama, which violated the laws.""",half-true,false,"['false', 'mostly-false', 'half-true', 'pants-fire', 'mostly-true']",5,True
"Says Hillary Clinton ""wants to bring in thousands of refugees to America from all around the world without any kind of security screening.""",false,false,"['false', 'mostly-false', 'half-true', 'pants-fire', 'true']",5,True
"Sen. Barbara Boxer ""voted against immigration reform to permit (Hispanic immigrants) people to come here legally to work.""",false,false,"['false', 'mostly-false', 'pants-fire']",3,True
Martha's Vineyard declared itself as a sanctuary city until the buses arrived.,half-true,false,"['false', 'mostly-false', 'half-true', 'pants-fire', 'mostly-true', 'true']",6,True
"""Half of all immigrant households receive benefits from our social welfare system.""",mostly-true,false,"['false', 'mostly-false', 'half-true', 'pants-fire', 'true']",5,False
"Says Donald Trump ""brings in hundreds of foreign workers to replace Americans.""",half-true,false,"['false', 'mostly-false', 'half-true', 'pants-fire', 'mostly-true', 'true']",6,True
"""Many of the countries in question (in Trump’s travel ban) don't even have a U.S. embassy there to help us vet.""",true,false,"['false', 'mostly-false', 'pants-fire', 'half-true', 'true']",5,True
Nine Americans died from a listeria outbreak after Boar’s Head brand meat prioritized hiring “refugees” in Virginia.,false,false,"['false', 'pants-fire', 'mostly-false', 'true']",4,True
"""Gov. Romney was very clear, he would veto the DREAM Act.""",true,false,"['false', 'mostly-false', 'half-true', 'mostly-true', 'true']",5,True
"""If you're a Mexican, you get sent back. ... But if you're from a noncontiguous country like the Central American countries"" then you can stay in the United States.",true,false,"['false', 'mostly-false', 'half-true', 'pants-fire']",4,False
"""There are fewer people crossing (the southwest) border than in the last 30 years.""",mostly-true,false,"['false', 'mostly-false', 'half-true', 'pants-fire', 'mostly-true', 'true']",6,True
"""Nothing in any of the Democrat bills would require individuals to verify their citizenship or identity prior to receiving taxpayer-subsidized benefits.""",half-true,half-true,"['half-true', 'false', 'mostly-false', 'mostly-true', 'true', 'pants-fire']",6,True
"""So the number on DACA is 800,000, but every one person can bring in their entire extended family once they reach a certain status. So it's 3 or 4 million, right?""",false,false,"['false', 'mostly-false', 'pants-fire', 'half-true', 'true']",5,True
"""We will have more people enter our country illegally than were born in this country in one year.""",pants-fire,false,"['false', 'pants-fire', 'mostly-false', 'true']",4,True
"Says ""56 percent of (the U.S.-Mexico) border is not under our control.""",half-true,false,"['false', 'mostly-false', 'pants-fire', 'half-true', 'true']",5,True
"""Many of the people in DACA, no longer very young, are far from ‘angels.’ Some are very tough, hardened criminals.""",false,false,"['false', 'mostly-false', 'pants-fire', 'half-true', 'true']",5,True
"""The overall fact about illegal immigration is that it's not actually getting worse.""",true,true,"['true', 'mostly-true', 'half-true', 'false', 'mostly-false']",5,True
"Says Donald Trump promised ""the mass deportation of Latino families.""",half-true,false,"['false', 'mostly-false', 'half-true', 'pants-fire', 'true']",5,True
"""Illegal immigrants currently occupy 8 million jobs.""",mostly-true,false,"['false', 'mostly-false', 'half-true', 'mostly-true', 'pants-fire', 'true']",6,True
"Democrats ""booed families of children murdered by MS13.""",pants-fire,false,"['false', 'pants-fire']",2,True
"""With the exception of slavery and the Chinese Exclusion Act, our laws have never barred persons from becoming citizens.""",mostly-true,false,"['false', 'mostly-false', 'pants-fire', 'half-true', 'true']",5,False
"The new Arizona immigration law ""says that any police officer can stop anyone who appears to them to be reasonably suspicious of being an undocumented person.""",mostly-true,false,"['false', 'mostly-true', 'mostly-false', 'half-true', 'true', 'pants-fire']",6,True
"Says the Obama administration ""didn't lock people up in cages.""",false,false,"['false', 'mostly-false', 'pants-fire', 'half-true', 'true']",5,True
Says diversity visa immigrants are not vetted.,false,false,"['false', 'mostly-false', 'half-true', 'pants-fire', 'mostly-true', 'true']",6,True
"The immigration bill includes free ""Obamacars,"" motorcycles or scooters.",pants-fire,false,"['false', 'mostly-false', 'pants-fire']",3,True
The city of Pembroke Pines doesn't have a vote in a plan to build a detention center in Southwest Ranches.,mostly-false,true,"['true', 'false', 'mostly-false', 'half-true', 'pants-fire', 'mostly-true']",6,True
"""We are dealing with an administration that, quite frankly, has shown a reluctance to enforce the immigration law.""",half-true,false,"['false', 'mostly-false', 'half-true', 'mostly-true', 'pants-fire', 'true']",6,True
"""Not a single Republican candidate, announced or potential, is clearly and consistently supporting a path to citizenship. Not one.""",mostly-false,false,"['false', 'mostly-false', 'half-true', 'pants-fire', 'mostly-true', 'true']",6,True
"""Canada sets aside 36 percent of their visas for people with skills they think their country needs.  We set aside 6 percent.""",false,false,"['false', 'mostly-false', 'pants-fire', 'true']",4,True
The Biden administration is deporting Cubans “because Cubans by and large are conservatives.”,false,false,"['false', 'mostly-false', 'pants-fire', 'half-true']",4,True
"“We have our government giving people who came into this country illegally $5,000 gift cards.”",false,false,"['false', 'pants-fire', 'mostly-false']",3,True
"""Illinois is now letting illegal aliens become police officers.""",mostly-false,false,"['false', 'mostly-false', 'pants-fire', 'true', 'half-true']",5,True
Workers who pick produce in Georgia’s fields can make $12 to $18 an hour.,half-true,half-true,"['half-true', 'false', 'mostly-false', 'mostly-true', 'pants-fire', 'true']",6,True
"""I voted to fund President Trump’s wall.""",mostly-true,true,"['true', 'false', 'half-true', 'mostly-false']",4,False
“FEMA has been directed back to North Carolina with $2 billion in emergency funds: ‘We transferred it from the programs that fund welfare for illegals. They don’t be needing it.’”,false,false,"['false', 'pants-fire', 'mostly-false']",3,True
"""For the amount of money Hillary Clinton would like to spend on refugees, we could rebuild every inner city in America.""",pants-fire,false,"['false', 'mostly-false', 'pants-fire', 'half-true', 'true']",5,True
"Says the ""number-one source"" of illegal immigration ""is people legally coming to the United States on a tourist visa or a student visa and then disappearing into the population and never being heard from again.""",false,false,"['false', 'mostly-false', 'half-true', 'pants-fire', 'mostly-true']",5,True
"""It has been the law since the beginning of the country that the children of American citizens born ... abroad are American citizens by birth.""",mostly-true,true,"['true', 'false', 'mostly-false', 'half-true', 'mostly-true', 'pants-fire']",6,True
McCain opposed the border fence.,false,false,"['false', 'mostly-false', 'pants-fire', 'true', 'half-true']",5,True
"""Illegal immigrants mow the grass around the (Texas) Capitol.""",false,false,"['false', 'mostly-false', 'pants-fire', 'half-true', 'true', 'mostly-true']",6,True
"""Current immigration policy imposes as much as $300 billion annually in net fiscal costs on U.S. taxpayers.""",half-true,false,"['false', 'mostly-false', 'pants-fire', 'half-true', 'true']",5,True
"Says Will Hurd said a border-long U.S.-Mexico wall ""absolutely makes sense.""",mostly-false,false,"['false', 'mostly-false', 'pants-fire', 'half-true']",4,True
"Sen. Kamala Harris is ""supporting the animals of MS-13.""",pants-fire,false,"['false', 'pants-fire', 'mostly-false']",3,True
"Says Mark Pryor voted ""to give Social Security benefits to illegal immigrants.""",false,false,"['false', 'mostly-false', 'pants-fire']",3,True
"Says his administration has made ""progress"" on border enforcement by ""putting more boots on the southern border than at any time in our history and reducing illegal crossings to their lowest levels in 40 years.""",half-true,false,"['false', 'half-true', 'mostly-true', 'true', 'mostly-false', 'pants-fire']",6,True
“ICE arrests LA mayor for harboring fugitives through sanctuary city.”,pants-fire,false,"['false', 'pants-fire']",2,True
"Says 194 people were killed in mass shootings in 2018 while undocumented immigrants killed 83,211 people.",false,false,"['false', 'pants-fire', 'mostly-false']",3,True
"""Nearly 20% of our residents"" are born abroad.",true,true,['true'],1,True
"""Since 2001, 63,000 of us were murdered by illegal aliens.""  ​",false,false,"['false', 'pants-fire', 'mostly-false']",3,True
"Says Larry Taylor gave ""in-state tuition to illegal immigrants.""",pants-fire,false,"['false', 'mostly-false', 'pants-fire', 'half-true', 'mostly-true', 'true']",6,True
"""In 2017, illegal aliens murdered 1,800 Americans.""",false,false,"['false', 'pants-fire', 'mostly-false']",3,True
The border surge is “challenging” because the immigration system that had been in place for decades “was dismantled in its entirety by the Trump administration.”,half-true,false,"['false', 'mostly-false', 'half-true', 'mostly-true', 'pants-fire', 'true']",6,True
"Says Mark Pocan’s proposal to eliminate the U.S. Immigration and Customs Enforcement (ICE) would ""eliminate border enforcement.""",pants-fire,false,"['false', 'mostly-false', 'pants-fire', 'half-true', 'true']",5,True
"""They were going to build the wall a while ago, not so long ago, like in '06. And they couldn't get environmental impact statements.""",mostly-false,false,"['false', 'mostly-false', 'half-true', 'mostly-true', 'pants-fire', 'true']",6,True
"""The chances of being killed by a refugee committing a terrorist act is 1 in 3.6 billion.""",mostly-true,false,"['false', 'true', 'mostly-false', 'half-true', 'pants-fire', 'mostly-true']",6,True
"The public health order Title 42 is ""the last tool Border Patrol has to stop the overwhelming flood of illegal immigrants pouring into our country.”",false,false,"['false', 'mostly-false', 'pants-fire', 'half-true', 'true']",5,True
"""The president said he’s going to bring in 250,000 (Syrian and Iraqi) refugees into this country.""",pants-fire,false,"['false', 'mostly-false', 'pants-fire', 'half-true', 'true', 'mostly-true']",6,True
"The DREAM Act ""was written by members of both parties. When it came up for a vote a year and a half ago, Republicans in Congress blocked it. The bill hadn’t changed. ... The only thing that had changed was politics.""",mostly-true,true,"['true', 'mostly-true', 'false', 'half-true', 'mostly-false']",5,True
A woman was “sex trafficked by the cartels starting at the age of 12 … We wouldn't be OK with this happening in a Third World country. This is the United States of America.”,false,false,"['false', 'mostly-false', 'pants-fire', 'half-true', 'true']",5,True
"""ISIS camp a few miles from Texas, Mexican authorities confirm.""",false,false,"['false', 'mostly-false', 'pants-fire', 'true']",4,True
Craigslist ad was “recruiting people for LA ‘protests.’”,false,false,"['false', 'pants-fire', 'true']",3,True
"""What the Arizona law does is make a state crime out of something that already is... a federal crime.""",mostly-true,true,"['true', 'mostly-true', 'half-true', 'false', 'mostly-false']",5,True
The Biden administration stole $1 billion “from FEMA to use it for illegal migrants. … And FEMA is now busted. They don’t have any money.”,pants-fire,false,"['false', 'pants-fire', 'mostly-false', 'true']",4,True
"""Congress quietly repealed the McCarran Warner Act of 1952 forbidding Muslims from holding office.""",false,false,"['false', 'pants-fire', 'mostly-false']",3,True
"President Barack Obama ""said over 20 times he did not have the legal authority"" to act as he did on immigration.",mostly-true,false,"['false', 'mostly-false', 'half-true', 'pants-fire', 'mostly-true', 'true']",6,True
"""When (Ron DeSantis) was in Congress, he supported amnesty.""",mostly-false,false,"['false', 'mostly-false', 'pants-fire', 'half-true', 'true', 'mostly-true']",6,True
"Says Donald Trump ""said as recently as a few weeks ago in Phoenix that every undocumented person would be subject to deportation.""",mostly-true,false,"['false', 'mostly-false', 'half-true', 'pants-fire', 'mostly-true', 'true']",6,True
"Georgia legislation on immigration is a ""copycat"" of an Arizona immigration bill.",half-true,false,"['false', 'mostly-false', 'half-true', 'mostly-true', 'true', 'pants-fire']",6,True
"Says the Potomac River ""has gotten dirtier and dirtier and dirtier and dirtier. I go down there and that litter is left almost exclusively by immigrants.""",pants-fire,false,"['false', 'mostly-false', 'pants-fire']",3,True
"""President Obama used"" his DACA order ""to unilaterally confer U.S. citizenship.""",pants-fire,false,"['false', 'mostly-false', 'pants-fire', 'true']",4,True
"There have been ""at least four incidents where bullets from Mexico have crossed the border.""",true,true,"['true', 'false']",2,True
"""I don't think I've ever hired an illegal in my life.""",mostly-false,false,"['false', 'mostly-false', 'pants-fire']",3,True
"Says Hillary Clinton wants illegal immigrants ""collecting Social Security benefits.""",mostly-false,false,"['false', 'mostly-false', 'half-true', 'pants-fire', 'mostly-true', 'true']",6,True
“Nikki Haley argues in support of bringing Gaza refugees to America.”,false,false,"['false', 'mostly-false', 'pants-fire', 'true']",4,True
"Says President Obama has cracked down ""on employers who are attracting undocumented immigrants and hiring them more than any previous president.""",half-true,false,"['false', 'half-true', 'mostly-false', 'mostly-true', 'true', 'pants-fire']",6,True
"Numbers on illegal immigrants ""are down in terms of apprehensions, which indicates fewer illegal crossings, but also up in terms of actual enforcement actions.""",mostly-true,mostly-true,"['mostly-true', 'half-true', 'true', 'mostly-false', 'false']",5,True
"""They voted for (a border wall) in 2006. Then-Senator Obama voted for it. Sen. Schumer voted for it. Sen. Clinton voted for it.""",half-true,false,"['false', 'mostly-false', 'half-true', 'mostly-true', 'pants-fire', 'true']",6,True
"Says Eric Cantor ""was the co-author of the House GOP principles on immigration reform. Both the 'New York Times' and the 'Washington Post' said that that captured the essence of what was in the Senate immigration bill.""",half-true,false,"['false', 'mostly-false', 'mostly-true', 'half-true', 'true', 'pants-fire']",6,True
"""Border agents discover body of 6-year-old girl: 'She was raped By 30 men'.""",false,false,"['false', 'pants-fire', 'mostly-false']",3,True
"Says Democrats ""want to give (undocumented immigrants) cars.""",pants-fire,false,"['false', 'pants-fire', 'mostly-false']",3,True
"""In Florida alone, more than $3.5 billion a year is spent on health care and criminal justice for illegal immigrants.""",false,false,"['false', 'mostly-false', 'pants-fire', 'true', 'half-true']",5,True
Says he was the only statewide elected official to speak in favor of a federal guest worker plan at the 2012 Republican Party of Texas convention.,true,true,"['true', 'false']",2,True
"Says ""Hillary (Clinton) wants to increase the number (of Syrian refugees) by 500 percent.""",mostly-true,false,"['false', 'mostly-false', 'pants-fire', 'half-true']",4,False
Says Obama broke his promise to offer a comprehensive immigration bill in his first year.,true,false,"['false', 'mostly-false', 'half-true', 'true', 'pants-fire']",5,True
Says the Biden administration is canceling immigration detainers and “requiring our law enforcement leaders to release” serious criminal offenders.,half-true,false,"['false', 'mostly-false', 'half-true', 'pants-fire', 'mostly-true', 'true']",6,True
"""National Guard storms Mexico border, makes game-changing impact in just 30 days""",mostly-true,mostly-true,"['mostly-true', 'half-true', 'false', 'mostly-false', 'true', 'pants-fire']",6,True
"“Joe Biden grants voting rights to 500,000 invaders.”",false,false,"['false', 'pants-fire', 'mostly-false']",3,True
"The Biden administration “halted deportations for all illegal aliens — murderers, rapists, terrorists, MS-13 gang members are not being deported.""",false,false,"['false', 'mostly-false', 'pants-fire', 'true']",4,True
"“There was a bill to basically create a ban to make sure we never become a sanctuary state, that no locality passes those regulations, and (former Manchester Mayor Joyce Craig) opposed that bill.”",mostly-true,false,"['false', 'mostly-false', 'half-true', 'true', 'mostly-true', 'pants-fire']",6,True
Obama ad contends that John McCain endorses Rush Limbaugh's comments about immigration.,pants-fire,false,"['false', 'mostly-false', 'pants-fire', 'true', 'half-true']",5,True
"""If Rick Scott had his way he would encourage racially profiling immigrant communities here in Florida. He also opposed allowing Dreamers to remain in the U.S.""",mostly-false,false,"['false', 'mostly-false', 'half-true', 'pants-fire', 'mostly-true']",5,True
"""Close to half of the folks in this country illegally entered legally (but) overstayed (their ) visas.""",mostly-true,mostly-true,"['mostly-true', 'half-true', 'true', 'false', 'mostly-false', 'pants-fire']",6,True
"""We have right now, … in the state of California, 55 percent of all immigrants are on public assistance.""",half-true,false,"['false', 'mostly-false', 'pants-fire', 'half-true', 'true']",5,True
"""50 percent of murders in Texas have been linked to illegal aliens.""",false,false,"['false', 'pants-fire', 'mostly-false']",3,True
"With U.S. Customs and Border Protection’s CBP One app, it “takes less than 5 minutes and zero documentation to get approved as an illegal immigrant and be flown to the United States with air tickets paid for by the American taxpayer.”",false,false,"['false', 'pants-fire', 'mostly-false', 'true']",4,True
"Says Chuck Schumer said ""it’s racist to only allow citizens to vote.""",false,false,"['false', 'pants-fire', 'mostly-false']",3,True
"“Here in Nevada, the DMV registers everybody (to vote) and so that means illegals. They don’t check.”",false,false,"['false', 'pants-fire', 'mostly-false']",3,True
Nikki Haley “opposed Trump’s border wall” and “Trump’s travel ban.”,false,false,"['false', 'mostly-false', 'pants-fire']",3,True
"Says Barack Obama ""acknowledged over 20 times"" that his administration’s Deferred Action for Parents of Americans ""immigration edict was a violation of law and the separation of powers.""",mostly-false,false,"['false', 'mostly-false', 'pants-fire', 'half-true', 'true', 'mostly-true']",6,True
"Congressman Jeff Denham ""has agreed all illegal immigrants should be detained, arrested and deported.""",mostly-false,false,"['false', 'mostly-false', 'pants-fire', 'half-true']",4,True
"Says Hillary Clinton ""has called for a radical 550 percent increase in Syrian  ... refugees . . .  despite the fact that there’s no way to screen these refugees in order to find out who they are or where they come from.""",half-true,false,"['false', 'mostly-false', 'half-true', 'mostly-true', 'pants-fire', 'true']",6,True
"Says Rick Perry ""supported a guest worker program to help people who would otherwise be illegal aliens.""",mostly-true,true,"['true', 'false', 'mostly-true']",3,True
Venezuelan leader Nicolás Maduro “was releasing people from his prisons and sending them to our southern border under the Biden administration.”,false,false,"['false', 'pants-fire', 'mostly-false']",3,True
"Charleroi, Pennsylvania, “has grown by 2,000% due to an influx in migrants.”",false,false,"['false', 'mostly-false', 'pants-fire', 'half-true', 'true']",5,True
"When President Barack Obama ""signed the executive order (on DACA, he) actually said he doesn't have the right to do this.""",mostly-false,false,"['false', 'mostly-false', 'pants-fire', 'half-true']",4,True
"Arizona Democrats “needed a lawsuit to force them to remove 50,000 noncitizens from voter rolls.”",false,false,"['false', 'mostly-false', 'pants-fire', 'half-true']",4,True
"Says Jeff Foxworthy wrote a list of examples explaining how ""you might live in a nation that was founded by geniuses but is run by idiots.""",false,false,"['false', 'pants-fire', 'mostly-false']",3,True
"A federal system that verifies employees are authorized to work in the U.S. is inaccurate ""anywhere from 50 percent all the way up to in excess of 80"" percent of the time.",half-true,false,"['false', 'half-true', 'mostly-true', 'mostly-false', 'true', 'pants-fire']",6,True
"Says U.S.-Mexico border has ""1 million legal border crossings each and every day.""",mostly-true,half-true,"['half-true', 'false', 'mostly-true', 'mostly-false', 'true', 'pants-fire']",6,True
Richard von Coudenhove-Kalergi planned “the ethnocide of the peoples of Europe” through “the encouragement of mass non-white immigration.”,false,false,"['false', 'pants-fire', 'mostly-false']",3,True
"Says Jacky Rosen ""skipped work ... at the expense of veterans"" to ""attend a publicity stunt.""",mostly-false,false,"['false', 'mostly-false', 'half-true', 'pants-fire', 'true', 'mostly-true']",6,True
"Says the suspected Boulder mass shooter is a Muslim ""who entered illegally from Mexico and purchased the firearm from a guy that sells stolen guns.""",mostly-false,false,"['false', 'mostly-false', 'pants-fire', 'true']",4,True
"""Bernie Sanders voted with Republicans to protect the Minutemen, a hate group that used military tactics against our community.""",half-true,false,"['false', 'mostly-false', 'pants-fire', 'half-true', 'mostly-true', 'true']",6,True
"Says ""we"" have put more boots on the U.S.-Mexico border ""than at any time in our history, and illegal crossings are down by nearly 80 percent from their peak in 2000.""",half-true,false,"['false', 'mostly-false', 'half-true', 'mostly-true', 'true', 'pants-fire']",6,True
"""Just last May, the Department of Justice inspector general found that these (‘sanctuary city’) policies also violate federal law.""",mostly-false,false,"['false', 'mostly-false', 'half-true', 'pants-fire', 'true', 'mostly-true']",6,True
"Undocumented immigrants ""pay $12 billion a year into Social Security.""",half-true,false,"['false', 'mostly-false', 'half-true', 'mostly-true', 'true', 'pants-fire']",6,True
"Uses a picture of a mansion to say that Rep. Nancy Pelosi lives surrounded by ""a high perimeter wall with gun toting security.""",pants-fire,false,"['false', 'pants-fire']",2,True
"Two federal government buses “stopped in front of a Mexican restaurant in the very small town of Green Cove Springs Florida… The passengers were illegal immigrants, straight from the southern border.”",false,false,"['false', 'pants-fire', 'mostly-false']",3,True
"Says President Donald Trump said asylum seekers ""aren't people. These are animals.""",false,false,"['false', 'mostly-false', 'pants-fire', 'half-true', 'true']",5,True
"""Close to 30% of our federal prison population consists of  illegal immigrants.""",false,false,"['false', 'mostly-false', 'pants-fire', 'true']",4,True
Immigration and Customs Enforcement agents raided Los Angeles' Gratts Learning Academy during a June graduation ceremony.,false,false,"['false', 'pants-fire', 'true']",3,True
Says only four Texas legislators voted against a law giving in-state tuition rates to certain illegal immigrants.,true,true,"['true', 'false', 'mostly-true']",3,True
"""The Border Patrol has 20,000 agents – more than twice as many as there were in 2004.""",true,true,['true'],1,True
The U.S. Census included a citizenship question “for over 150 years” before the Obama administration.,false,false,"['false', 'mostly-false', 'pants-fire', 'half-true', 'true']",5,True
Rep. Elissa Slotkin “voted recently to let illegals vote in U.S. elections.”,false,false,"['false', 'mostly-false', 'pants-fire']",3,True
"""Democrats oppose any effort to secure our border.""",false,false,"['false', 'mostly-false', 'pants-fire']",3,True
"At Guantánamo Bay, “we'll have the capacity to continue to do there what we've always done. We've always had a presence of illegal immigrants there that have been detained.”",half-true,false,"['false', 'mostly-false', 'pants-fire', 'half-true', 'mostly-true', 'true']",6,True
"Newt Gingrich’s immigration plan offers ""a new doorway to amnesty.""",mostly-true,false,"['false', 'mostly-false', 'pants-fire', 'half-true', 'true']",5,False
"Says Hillary Clinton is ""proposing to print instant work permits for millions of illegal immigrants to come in and take everybody's jobs, including low-income African-Americans.""",false,false,"['false', 'pants-fire', 'mostly-false']",3,True
“The removal of birthright citizenship only applies to the children of those that are here ILLEGALLY.”,false,false,"['false', 'mostly-false', 'pants-fire', 'half-true']",4,True
"""Currently, it takes up to 25 years to obtain U.S. citizenship legally"" but the Senate bill ""would allow immigrants who came to the United States illegally to obtain citizenship in just 13 years.""",half-true,half-true,"['half-true', 'mostly-true', 'false', 'mostly-false', 'true']",5,True
"""Phoenix, Arizona, is the No. 2 kidnapping capital of the world.""",false,false,"['false', 'mostly-false', 'pants-fire', 'true', 'half-true']",5,True
"Says children at Homestead migrant facility ""get 30 minutes over a month to talk to family members. If they were in a prison — a federal prison — they would get 300 minutes.""",half-true,false,"['false', 'mostly-false', 'half-true', 'mostly-true', 'pants-fire', 'true']",6,True
"Says ""Stacey Abrams wants to give illegal aliens the right to vote.""",mostly-false,false,"['false', 'mostly-false', 'pants-fire']",3,True
"Says Barack Obama ""has the legal authority to let in really however many refugees he wants, from whatever country.""",half-true,false,"['false', 'half-true', 'mostly-false', 'mostly-true', 'true', 'pants-fire']",6,True
"""We have over a million (legal immigrants) a year, more than at any time in the history of this country. We have the largest percentage of immigrants, almost tied now with the historical high as a percentage of immigrants living in this country.""",half-true,false,"['false', 'mostly-false', 'half-true', 'mostly-true', 'pants-fire', 'true']",6,True
"Says Hillary Clinton once ""wanted a wall"" on the Mexican border.",half-true,false,"['false', 'half-true', 'mostly-false', 'true', 'pants-fire', 'mostly-true']",6,True
"Says FBI Director Christopher Wray told Congress “that with the border wide open and a war in Israel, Hamas can just walk right in.”",false,false,"['false', 'mostly-false', 'half-true', 'pants-fire', 'true']",5,True
"""Under @BarackObama illegal immigration dropped to a 50-year low.""",mostly-false,false,"['false', 'mostly-false', 'true', 'half-true', 'mostly-true', 'pants-fire']",6,True
Says caravans of people are coming to cross the Mexico-U.S. border.,half-true,false,"['false', 'half-true', 'mostly-false', 'mostly-true', 'pants-fire', 'true']",6,True
"Says he has seen Border Patrol signs near the Mexico border in English, Spanish and Chinese.",true,true,"['true', 'false', 'mostly-false', 'mostly-true', 'half-true', 'pants-fire']",6,True
"""Hillary Clinton is for open borders.""",false,false,"['false', 'mostly-false', 'pants-fire']",3,True
"Says U.S. Senate candidate Cory Gardner ""blocked immigration reform"" and ""voted to deport our DREAMers.""",mostly-false,false,"['false', 'mostly-false', 'half-true', 'mostly-true', 'pants-fire', 'true']",6,True
"""Go back to 2005 until now, we have quadrupled the number of Border Patrol agents.""",false,false,"['false', 'mostly-false', 'half-true', 'pants-fire']",4,True
"Says Trump administration is ""raiding money"" from military service member pensions to pay for the border wall.",false,false,"['false', 'pants-fire', 'mostly-false', 'half-true', 'true']",5,True
"""People tracking the ICE deportation flights have found” the agency is throwing migrants into the middle of the ocean.",pants-fire,false,"['false', 'pants-fire', 'mostly-false', 'true']",4,True
"""In 2006, Charlie Crist opposed in-state tuition for illegal immigrants.""",true,false,"['false', 'mostly-false', 'pants-fire', 'true']",4,True
"""Prayer rugs have recently been found on the Texas side of the border in the brush.""",pants-fire,false,"['false', 'mostly-false', 'pants-fire', 'half-true', 'true']",5,True
Says Maxine Waters said Trump supporters are “not welcome here” and “we must welcome everyone who crosses our borders.”,mostly-false,false,"['false', 'mostly-false', 'pants-fire']",3,True
"""'Caravan' Migrant Army Paint Swastika on American Flag, Burn It in the Street.""",false,false,"['false', 'mostly-false', 'pants-fire']",3,True
"More people are apprehended after illegally crossing the U.S.-Mexico border a week ""than are born in Texas each week.""",true,false,"['false', 'mostly-false', 'pants-fire', 'half-true', 'true']",5,True
"Says the term ""illegal alien"" is ""a legal term, it’s in statute, it’s a federal term.""",half-true,false,"['false', 'mostly-false', 'pants-fire', 'half-true', 'true', 'mostly-true']",6,True
"There is ""no system to vet"" refugees from the Middle East.",false,false,"['false', 'mostly-false', 'half-true', 'pants-fire', 'mostly-true']",5,True
Says the nation is locked down and there’s “a wide open border.”,false,false,"['false', 'mostly-false', 'pants-fire', 'half-true']",4,True
"""You have to be a citizen to vote,"" but with same-day voter registration, ""you have places where people just walk in and vote.""",false,false,"['false', 'mostly-false', 'half-true', 'pants-fire', 'true', 'mostly-true']",6,True
“Biden wants to give illegals ID cards so they can start collecting American benefits.”,false,false,"['false', 'mostly-false', 'pants-fire', 'half-true', 'true']",5,True
"""As an undocumented immigrant, you do have constitutional rights here in the United States.""",mostly-true,true,['true'],1,False
"A Homeland Security study ""showed 120 murders took place that could have been prevented had communities been working with ICE and Homeland Security.""",false,false,"['false', 'mostly-false', 'pants-fire']",3,True
"Israel cut its illegal immigration rate by ""99 percent"" by constructing a 143-mile fence along its southern border.",mostly-true,true,"['true', 'false', 'half-true', 'mostly-true', 'mostly-false']",5,True
"“Our government, wrongly, is saying if you’re born in this country you’re automatically an American citizen.”",false,false,"['false', 'mostly-false', 'pants-fire']",3,True
"""Nearly 180,000 illegal immigrants with criminal records, ordered deported from our country, are tonight roaming free to threaten peaceful citizens.""",mostly-true,false,"['false', 'mostly-false', 'half-true', 'pants-fire', 'true']",5,False
"""We're pretty much at the 50 percent mark"" on deportations of MS-13 gang members.",false,false,"['false', 'mostly-false', 'pants-fire']",3,True
"""United Nations caught helping and coaching caravan illegal aliens!""",false,false,"['false', 'pants-fire', 'mostly-false']",3,True
“The tow truck drivers in Los Angeles are quickly towing ICE vehicles improperly parked!”,pants-fire,false,"['false', 'pants-fire', 'true']",3,True
“FEMA sent $59M LAST WEEK to luxury hotels in New York City to house illegal migrants… That money is meant for American disaster relief.”,false,false,"['false', 'pants-fire', 'mostly-false']",3,True
"“Nearly 2 out of 3 Americans want to reduce legal immigration from 1 million per year down to 500,000 or less.”",half-true,false,"['false', 'true', 'mostly-false', 'half-true', 'mostly-true', 'pants-fire']",6,True
"""Last year,"" Obama ""administration officials released into our neighborhoods more than 36,000 criminal immigrants who had nearly 88,000 convictions. The crimes included hundreds of convictions for murder, rape and kidnapping and thousands of drug-related crimes.""",half-true,false,"['false', 'mostly-false', 'half-true', 'pants-fire', 'true', 'mostly-true']",6,True
"""If we pass immigration reform, it will make wages go up on average $250 for the average household.""",mostly-false,false,"['false', 'mostly-false', 'half-true', 'pants-fire', 'mostly-true', 'true']",6,True
"Voting for ""any Democrat"" gets you ""socialism ... undefended open borders ... immediate tax increases ... 100 percent government-run health care ...""",pants-fire,false,"['false', 'mostly-false', 'pants-fire', 'half-true']",4,True
"When Honduran children came into this country, ""Secretary Clinton said send them back.""",mostly-true,false,"['false', 'mostly-false', 'half-true', 'pants-fire']",4,False
"""I don't describe your plan as amnesty in my ad. I don't call it amnesty.""",pants-fire,false,"['false', 'pants-fire', 'mostly-false']",3,True
"Donald Trump says ""all Mexicans are rapists.""",false,false,"['false', 'mostly-false', 'pants-fire', 'half-true']",4,True
"In 2005 or 2006 U.S. Sen. Chuck Schumer ""voted for the wall.""",half-true,false,"['false', 'mostly-false', 'half-true', 'pants-fire', 'true']",5,True
"Migrants at the U.S. border are ""able to pay cell phone bills"" after a ""two-month excursion across four separate countries.""",mostly-false,false,"['false', 'mostly-false', 'pants-fire']",3,True
"Says a 9-year-old girl was recently raped in Austin, Texas, by a guy previously ""caught four times and released.""",half-true,false,"['false', 'mostly-false', 'half-true', 'pants-fire', 'mostly-true', 'true']",6,True
"The immigration bill ""has a specific provision that says that Secretary Napolitano does not have to build any fence if she chooses not to.""",false,false,"['false', 'mostly-false', 'half-true', 'pants-fire', 'mostly-true', 'true']",6,True
"""I'm calling into question the accuracy of the ruling. The district judge in Seattle said there was no indication of terrorism from these seven countries in our country.""",mostly-false,false,"['false', 'mostly-false', 'pants-fire', 'half-true']",4,True
"Says the diversity visa lottery program is ""a Chuck Schumer beauty.""",mostly-false,false,"['false', 'mostly-false', 'half-true', 'pants-fire', 'true', 'mostly-true']",6,True
"Huckabee supported ""a tuition break to the children of illegals that are here illegally when citizens are having to pay a higher rate.""",half-true,half-true,"['half-true', 'mostly-true', 'false', 'mostly-false', 'true']",5,True
"Says Sen. John McCain ""told dreamers that he’ll support the Dream Act, then he voted against it.""",half-true,false,"['false', 'mostly-false', 'half-true', 'pants-fire', 'mostly-true', 'true']",6,True
"""Over $13 million worth of crops have ROTTED in California, all because no one is willing to work jobs vacated by migrants.""",half-true,false,"['false', 'mostly-false', 'pants-fire', 'half-true']",4,True
"Says Apple CEO Steve Jobs told President Obama that the company moved factories to China because it needed 30,000 engineers.",true,true,"['true', 'false', 'mostly-true', 'half-true']",4,True
"""California won’t let law enforcement officers like you and your people transfer prisoners to ICE custody or even to communicate with ICE that you’re about to release them from your custody — people that ICE is looking for.""",mostly-false,false,"['false', 'mostly-false', 'half-true', 'pants-fire', 'true', 'mostly-true']",6,True
"San Diego’s border barrier ""almost completely ended illegal crossings.""",half-true,false,"['false', 'half-true', 'mostly-false', 'mostly-true', 'pants-fire']",5,True
"Says ""22 to 24 people"" came into the United States due to family connection with suspect in the October 2017 New York City terror attack.",false,false,"['false', 'mostly-false', 'pants-fire']",3,True
"""There are more immigrants in our country right now than any other time.""",mostly-true,false,"['false', 'mostly-false', 'true', 'pants-fire']",4,False
"Says there are ""2,000 inadmissible migrants arriving every day""",half-true,false,"['false', 'mostly-false', 'half-true', 'mostly-true', 'pants-fire', 'true']",6,True
"""$53 million a week is coming across the border in drugs.""",mostly-true,false,"['false', 'half-true', 'mostly-false', 'mostly-true', 'pants-fire', 'true']",6,True
"Says children are coming into the U.S. in ""staggering numbers"" because  President Barack Obama ""has been promising amnesty.""",false,false,"['false', 'mostly-false', 'pants-fire', 'half-true', 'true']",5,True
"Phoenix is the kidnapping capital ""of the Western Hemisphere.""",false,false,"['false', 'pants-fire', 'mostly-false']",3,True
"Says 326,000 migrants were flown to Florida with taxpayer dollars under President Joe Biden’s secret migrant flight program.",false,false,"['false', 'pants-fire', 'mostly-false']",3,True
"""We are not even into February and the cost of illegal immigration so far this year is $18,959,495,168. Cost Friday was $603,331,392. There are at least 25,772,342 illegal aliens, not the 11,000,000 that have been reported for years, in our Country.""",false,false,"['false', 'pants-fire', 'mostly-false']",3,True
"""We’ve had about 3,000 murders"" in connection with lax border security.",pants-fire,false,"['false', 'mostly-false', 'pants-fire', 'half-true', 'true']",5,True
"Supported in-state tuition in Arkansas for illegal immigrants ""if you'd sat in our schools from the time you're 5 or 6 years old and you had become an A-plus student,"" among other things.",mostly-false,false,"['false', 'mostly-false', 'pants-fire', 'half-true', 'true']",5,True
"“Just for the record, the Biden Administration IS separating children and parents.”",false,false,"['false', 'mostly-false', 'pants-fire']",3,True
"""Thousands of Americans have been killed by illegal immigrants.""",half-true,false,"['false', 'mostly-false', 'pants-fire', 'half-true', 'true']",5,True
"""Immigrants start businesses at a faster rate; they seem to grow those businesses more successfully.""",mostly-true,mostly-true,"['mostly-true', 'true', 'half-true', 'false', 'mostly-false']",5,True
"“Due to the arrangements that I've reached with (Mexico) President Obrador, the number of migrants coming … to our shared border unlawfully in recent months has dropped dramatically.”",mostly-true,mostly-true,"['mostly-true', 'true', 'half-true', 'false', 'mostly-false', 'pants-fire']",6,True
This is the 911 call placed by the migrants trapped in the truck found in San Antonio.,false,false,"['false', 'pants-fire', 'mostly-false']",3,True
Says the Biden administration is choosing to send baby formula to the border as one of its “out-of-touch priorities.”,mostly-false,false,"['false', 'mostly-false', 'pants-fire', 'half-true', 'true']",5,True
"Says Mitt Romney ""called the Arizona law a model for the nation.""",false,false,"['false', 'mostly-false', 'pants-fire', 'half-true', 'true', 'mostly-true']",6,True
"""Californians are overwhelmingly against this concept of the illegal sanctuary state.""",false,false,"['false', 'mostly-false', 'pants-fire']",3,True
“The great replacement theory is not some grand right-wing conspiracy theory. But a basic statement of the Democratic Party's platform.”,pants-fire,false,"['false', 'pants-fire', 'mostly-false']",3,True
"""In the first full month of my administration following the issuance of my executive orders, illegal immigration on our southern border fell by an unprecedented 40 percent.""",mostly-true,half-true,"['half-true', 'false', 'mostly-true', 'mostly-false', 'true', 'pants-fire']",6,True
"Says Hillary Clinton once ""supported a border wall until she ran for president in 2016.""",half-true,false,"['false', 'mostly-false', 'half-true', 'mostly-true', 'pants-fire', 'true']",6,True
"""The reality is that we have roughly 15,000 undocumented immigrants living in the state...""",false,false,"['false', 'mostly-false', 'pants-fire', 'half-true', 'mostly-true', 'true']",6,True
"""Our veterans, in many cases, are being treated worse than illegal immigrants.""",false,false,"['false', 'mostly-false', 'pants-fire', 'half-true', 'true', 'mostly-true']",6,True
“Twice as many children are in Border Patrol custody under Biden than Trump peak in 2019.”,true,false,"['false', 'mostly-false', 'pants-fire', 'half-true', 'true']",5,True
"Says President Obama's new immigration plan ""is amnesty.""",mostly-false,false,"['false', 'mostly-false', 'half-true', 'pants-fire', 'mostly-true', 'true']",6,True
"""Simply being in this country without documentation is not a crime""",mostly-true,true,"['true', 'false']",2,False
"""Nate McMurray wants to reward illegals with amnesty.""",mostly-false,false,"['false', 'mostly-false', 'pants-fire', 'half-true']",4,True
"""Of all the illegals in America, more than half come through Arizona.""",mostly-false,false,"['false', 'mostly-false', 'pants-fire', 'half-true']",4,True
"""ICE is required to fill 34,000 beds with detainees every single night and that number has only been increasing since 2009.""",false,false,"['false', 'mostly-false', 'pants-fire', 'half-true', 'true']",5,True
"""We saw the increases (of unaccompanied minors at the southern U.S. border) dating back almost a year.""",mostly-true,mostly-true,"['mostly-true', 'half-true', 'true', 'false']",4,True
"A post comparing two construction workers — “Joe legal” and “Jose illegal” — says “Jose” pays no taxes yet gets free medical care, food stamps, welfare, and 'head of the class' priority for his children in applying for college.",false,false,"['false', 'pants-fire', 'mostly-false', 'true']",4,True
"""An overwhelming majority of Americans support passage of the DREAM Act, which would provide a path to citizenship for undocumented youth willing to work for a college degree or serve in our armed forces.""",half-true,true,"['true', 'mostly-true', 'half-true', 'false', 'mostly-false', 'pants-fire']",6,True
Democrats don’t deport undocumented migrants “because every illegal is a highly likely vote at some point.”,false,false,"['false', 'pants-fire', 'mostly-false', 'true']",4,True
"Mitt Romney ""says the Arizona immigration law should be a model for the nation.""",false,false,"['false', 'mostly-false', 'true', 'half-true', 'mostly-true', 'pants-fire']",6,True
"President Barack Obama has the ""power to stop deportation for all undocumented immigrants in this country.""",mostly-false,false,"['false', 'mostly-false', 'pants-fire', 'half-true']",4,True
