statement,true_verdict,predicted_verdict,prediction_set,set_size,is_covered
"The health care law is ""the largest tax [increase] in the history of our country""",false,false,['false'],1,True
Says Charlie Crist could have expanded Medicaid after the health care law passed but didn't.,mostly-false,half-true,"['mostly-true', 'half-true', 'mostly-false']",3,True
"A bill to aid state and local governments ""is fully paid-for by closing costly corporate tax loopholes.""",mostly-false,mostly-false,"['mostly-false', 'false']",2,True
"""Under the plan, for the first five years your employer not only has to keep the coverage, but you can't migrate to the public plan.""",mostly-false,mostly-false,"['mostly-false', 'false']",2,True
"""Obamacare premiums have doubled"" in Wisconsin.",half-true,half-true,['half-true'],1,True
"Says ""Barack Obama and his team"" are ""socialists in every respect of the word.""",pants-fire,pants-fire,['pants-fire'],1,True
"""A new poll shows 62 percent support the president's plan to reform health care. That means ... letting you choose between keeping the private insurance you have and a public health insurance plan.""",false,false,['false'],1,True
"“When I worked on the Affordable Care Act, I wrote the amendment that allows all young people to stay on their parents’ health insurance until they turn 26. Overnight, millions of young Americans got health care.”",mostly-true,mostly-true,"['true', 'mostly-true']",2,True
“Wisconsin is one of the nine states with the highest rate of infection per capita.”,mostly-true,mostly-true,"['mostly-true', 'half-true', 'mostly-false']",3,True
"""Usually it's about $900 a month to get health coverage. (Florida's program has) reduced that, on average, to about $150 a month.""",false,false,['false'],1,True
"Barack Obama's plan calls for ""mandates and fines for small businesses.""",false,false,['false'],1,True
"Says Scott Walker ""has turned down $1 billion of Medicaid money over the course of his tenure.""",mostly-true,mostly-true,['mostly-true'],1,True
"Republicans didn't ""increase state funding for nursing homes in the last budget.""",false,false,"['mostly-false', 'false']",2,True
"All members of Congress are required to be in Obamacare, but Obama and members of his administration ""have their own gold-plated health care plans that they're in.""",half-true,half-true,['half-true'],1,True
"""For every Kentuckian that has enrolled in Obamacare, 40 have been dropped from their coverage.""",pants-fire,pants-fire,"['false', 'pants-fire']",2,True
"Says the goal of the Affordable Care Act was to get 30 million people insured, but it only got 7 million.",mostly-false,mostly-false,"['mostly-true', 'half-true', 'mostly-false', 'false']",4,True
"Says Gov. Rick Perry's administration has proposed ending immunizations for 113,000 kids.",mostly-false,mostly-false,"['mostly-false', 'false']",2,True
“We are currently using only around 20% of our testing capacity.”,half-true,mostly-true,"['true', 'mostly-true', 'half-true']",3,True
"The Affordable Care Act alters the ""sensible doctor-patient-relationship-centered health care program ... we see today.""",false,false,"['mostly-false', 'false']",2,True
"With Obamacare, ""You have no options .. you can't get competitive bidding.""",mostly-false,mostly-false,"['mostly-false', 'false']",2,True
"""They delayed my swearing-in here in Massachusetts for a couple weeks so they could ram (the health care law) through.""",false,false,"['mostly-false', 'false']",2,True
"Heroin and prescription opioids are ""the number one cause of accidental or preventable death in Wisconsin.""",false,false,['false'],1,True
"The uninsured rate in California reached ""a historic low of 7.4 percent in 2016.""",true,true,"['true', 'mostly-true']",2,True
"""We have lost over $1 billion in not taking the Medicaid expansion money, only to insure fewer people.""",mostly-true,mostly-true,['mostly-true'],1,True
"""The CDC issued a report commissioned by President Obama just earlier this year, and it found some very inconvenient facts. Armed citizens are less likely harmed by attackers. Effectiveness of gun control laws is mixed. Gun buybacks don't work.""",half-true,true,"['true', 'mostly-true']",2,False
"Those who fail to buy health insurance under ""Obamacare"" face the threat of jail time.",pants-fire,false,"['mostly-false', 'false']",2,False
"""What Congress is considering would cut money that vulnerable patients rely on the most. That means seniors, children and Americans who rely on Medicaid would be hurt. … Tell Congress we can end surprise billing without shredding the safety net.""",false,mostly-false,"['mostly-true', 'half-true', 'mostly-false', 'false']",4,True
"The health care bill will subsidize families of four that make more than $80,000 a year.",true,true,['true'],1,True
"Tim Kaine urged ""$500 billion in Medicare cuts.""",false,false,"['mostly-false', 'false']",2,True
"""Local law enforcement . . . will have access to the [Obamacare] Data Hub’s treasure trove of personal info.""",false,mostly-false,"['mostly-true', 'half-true', 'mostly-false', 'false']",4,True
"""President Obama has worked to change Medicare for the worse"" by ""creating an unelected, unaccountable panel with the power to deny coverage of certain treatments.""",mostly-false,mostly-false,['mostly-false'],1,True
"""More Americans are uninsured today than when (President Donald) Trump took office.""",true,mostly-true,"['true', 'mostly-true', 'half-true', 'mostly-false']",4,True
"""Forty years ago, hardly anybody in the country had health insurance.""",pants-fire,false,['false'],1,False
"If you're a small business and don't ""adopt the health care plan that Senator Obama mandates, he's going to fine you.""",false,false,['false'],1,True
Says Marco Rubio endorsed Obamacare for his own family.,mostly-false,false,"['mostly-true', 'half-true', 'mostly-false', 'false']",4,True
"""Rep. Jim Renacci’s plan to end Medicare also puts nursing home care for 3,000 seniors in the district in immediate jeopardy.""",mostly-false,mostly-false,"['mostly-true', 'half-true', 'mostly-false']",3,True
Says Planned Parenthood provides about 140 visits for prenatal care in each state.,false,false,['false'],1,True
"""In Texas, Republicans passed a law allowing rapists to sue their victims for getting an abortion.""",false,false,"['mostly-false', 'false']",2,True
"""Measles is one of the most common causes of child blindness worldwide.""",true,true,['true'],1,True
"There ""are not cuts to Medicaid"" in the GOP health care proposals.",mostly-false,false,"['mostly-false', 'false']",2,True
"Says Arabic ""is the third most-common language in Austin.""",false,false,"['mostly-false', 'false']",2,True
Preventive care does not save the government money.,true,true,"['true', 'mostly-true', 'mostly-false', 'false']",4,True
"Barack Obama's health care plan ""would leave 15-million Americans out.""",half-true,half-true,['half-true'],1,True
"""The White House removed its climate change web page. And the healthcare, civil rights and LGBT sections.""",mostly-true,false,"['true', 'mostly-true', 'half-true', 'mostly-false', 'false']",5,True
"""President Obama has broken his pledge to the American people to be transparent throughout (health care reform negotiations).""",true,true,['true'],1,True
"""According to the nonpartisan Congressional Budget Office, the IRS would need to hire over 16,000 people ... to audit the American people and impose the new taxes and mandates"" of the health care bill.",mostly-false,mostly-false,"['mostly-false', 'false']",2,True
"An Iowa policy ""provides for a state round up of Iowa citizens who might be exposed to the swine flu virus.""",false,false,['false'],1,True
"The Affordable Care Act ""basically puts a penalty or a tax on employers for every new job they create.""",half-true,mostly-false,"['mostly-true', 'half-true', 'mostly-false', 'false']",4,True
"An Ohio ballot issue would address the fact that ""we’ve gone from paying about $100 for Epipens to over $600 ... We don’t have a choice but to pay it and the drug companies know it.""",mostly-false,mostly-true,"['mostly-true', 'half-true', 'mostly-false']",3,True
"""Earlier this year, the head of the Congressional Budget Office testified before Congress that implementation of Obamacare would cost 800,000 jobs.""",mostly-false,mostly-false,"['mostly-false', 'false']",2,True
"If women seeking an abortion see their ultrasound, ""the odds are pretty high they're going to keep the baby.""",mostly-false,mostly-false,['mostly-false'],1,True
"Says Scott Walker's defunding of Planned Parenthood ""left women across the state stranded with nowhere else to turn"" for cancer screenings, breast exams and birth control.",half-true,half-true,['half-true'],1,True
"Because of Obamacare, ""over the last two years, health care premiums have gone up -- it's true -- but they've gone up slower than any time in the last 50 years.""",false,mostly-true,"['mostly-true', 'half-true', 'mostly-false']",3,False
"The Democrats propose ""a government-controlled health care plan that will deprive roughly 120 million Americans of their current health care coverage.""",false,false,['false'],1,True
"John Adcock and Republicans’ plan for health care ""would get rid of coverage altogether for thousands of families and raise premiums on the rest of us.""",false,mostly-false,"['half-true', 'mostly-false', 'false']",3,True
"Because of U.S. Senate rules, Democrats need ""more than a majority ... to codify Roe vs. Wade.""",true,true,"['true', 'mostly-true', 'false']",3,True
"Texas lawmakers ""left children able to be sterilized and mutilated at any point in their life"" by failing to adopt a law prohibiting minors from undergoing medical or surgical gender transitions.",mostly-false,false,"['mostly-false', 'false']",2,True
"""Under Gov. (Rick) Scott’s leadership, Florida has had much success in lowering the rate of uninsured children.""",half-true,false,"['mostly-true', 'half-true', 'mostly-false', 'false']",4,True
Says Thom Tillis has been “blocking his own party’s efforts to reduce the cost of prescription drugs.”,half-true,mostly-false,"['mostly-true', 'half-true', 'mostly-false', 'false']",4,True
"""Individuals with mental illnesses die an average of 25 years earlier than those without a mental illness.""",true,true,['true'],1,True
"Missouri ""is leading the country when it comes to improving services for mental and behavioral health. Innovation is happening right here.""",mostly-true,mostly-true,"['true', 'mostly-true']",2,True
"A Koch brothers group is ""going to college campuses, giving away free booze to try to bribe young folks out of getting health insurance.""",half-true,mostly-false,"['half-true', 'mostly-false', 'false']",3,True
State employees will have to pay 100 percent of their pensions and health insurance after 2012.,false,false,['false'],1,True
"Marijuana is ""less toxic"" than alcohol.",mostly-true,mostly-true,"['mostly-true', 'half-true']",2,True
"""Most people on Medicaid are kids, or seniors, or the disabled.""",mostly-true,true,"['true', 'mostly-true']",2,True
"Health care reform ""establishes a new board of federal bureaucrats (the 'Health Benefits Advisory Committee') to dictate the health plans that all individuals must purchase.""",false,false,['false'],1,True
"Oregon Health Plan rations ""covered procedures under certain circumstances""",half-true,half-true,['half-true'],1,True
"In the health care bill, ""The 'Health Choices Commissioner' will decide health benefits for you. You will have no choice. None.""",pants-fire,pants-fire,['pants-fire'],1,True
"""The fact is, in the past year we have had more tax cuts than almost any time in our nation's history.""",half-true,half-true,"['mostly-true', 'half-true']",2,True
"""Seven presidents before (Barack Obama) -- Republicans and Democrats -- tried to expand health care to all Americans.""",mostly-true,mostly-true,"['true', 'mostly-true']",2,True
"Sixty-two percent of all personal bankruptcies are ""caused by medical problems.""",half-true,half-true,['half-true'],1,True
"""300,000 Floridians will lose their current health plans"" because of Obamacare, a plan Alex Sink supports.",half-true,false,"['mostly-false', 'false']",2,False
"Warren Buffett recently said ""Scrap Obamacare and Start All Over.""",pants-fire,false,"['mostly-false', 'false']",2,False
Wisconsin is “clearly seeing a decline in COVID infections”,mostly-false,false,"['mostly-false', 'false']",2,True
Obamacare has led to fewer health insurance options for millions of Americans.,mostly-false,mostly-false,"['mostly-false', 'false']",2,True
"""Health insurance is more expensive in Massachusetts than anywhere else in the country.""",mostly-true,mostly-true,"['true', 'mostly-true', 'half-true']",3,True
"""The United States is the ONLY industrialized country without universal healthcare.""",true,true,"['true', 'mostly-true', 'half-true', 'false']",4,True
"The CDC is ""spending money on things like jazzercise, urban gardening and massage therapy"" that could be redirected to Ebola.",mostly-false,mostly-false,"['mostly-true', 'half-true', 'mostly-false', 'false']",4,True
"Says Amy Coney Barrett “has a written track record, disagreeing adamantly with the Supreme Court’s decision to uphold the ACA. In fact, she publicly criticized Chief Justice Roberts’ opinion upholding the law eight years ago.”",mostly-true,mostly-true,"['true', 'mostly-true', 'half-true']",3,True
"""Medicare began as a public option and now holds 97 percent of the market share.""",mostly-true,mostly-true,['mostly-true'],1,True
"""Three in four low-income workers don’t have any paid sick days available.""",true,true,['true'],1,True
"Says Russ Feingold said that with Obamacare, ""we could keep our doctors and our plans, it was rated as the Lie of the Year.""",true,true,['true'],1,True
"Says as a result of the national health care reform, ""the Congressional Budget Office says we save $250 million over the first 10 years. Over the next 10 years, we save $1.2 trillion in savings in terms of health care.""",mostly-false,mostly-false,"['half-true', 'mostly-false', 'false']",3,True
"""Wisconsin (has) the highest infant mortality rate for black babies nationwide.""",true,true,['true'],1,True
"Under a proposed medical marijuana amendment in Florida, ""you don't get refills -- you get it forever.""",mostly-false,false,"['half-true', 'mostly-false', 'false']",3,True
"The Democratic health care law ""added 12 years of solvency to Medicare.""",half-true,half-true,['half-true'],1,True
“If you have the Flu… get these two items… Sambucol (and) Oscillococcinum… in 48 hours you will feel better. In 72 hours you will be almost symptom-free.”,mostly-false,false,"['half-true', 'mostly-false', 'false']",3,True
"""The average family premium has increased by 29% under Obama!""",mostly-true,mostly-true,"['true', 'mostly-true', 'half-true']",3,True
Postpartum Medicaid coverage expanded from three states to 43 states because of the Biden administration.,true,true,"['true', 'mostly-true']",2,True
"The CBO found that the House Republican health care plan would lower premiums by ""up to about 10 percent"" and, for purchasers in the individual market, ""those cost savings could even be higher.""",mostly-true,mostly-true,['mostly-true'],1,True
“Millions of hardworking Americans will no longer have to worry about unexpected medical bills.”,mostly-true,mostly-true,"['true', 'mostly-true', 'half-true']",3,True
"Says President Barack Obama ""already passed all these Obamacare taxes. About a dozen of them hit middle-income taxpayers.""",mostly-false,mostly-false,"['mostly-true', 'half-true', 'mostly-false', 'false']",4,True
"U.S. Rep. Alan Grayson ""compared a former vice president to a vampire ... and compared America's health care system to the Holocaust.""",mostly-true,mostly-true,['mostly-true'],1,True
"Alex Sink wants to ""cut Medicare.""",false,false,"['mostly-false', 'false']",2,True
"""By one leading measure, what business owners pay out in wages and salaries is now finally growing faster than what they spend on health insurance"" for the first time in 17 years.",mostly-true,true,"['true', 'mostly-true']",2,True
"The medical marijuana ballot initiative ""doesn’t require a physician writing a prescription"" and can be for conditions like ""having a back that needs to be scratched.""",half-true,false,"['mostly-false', 'false']",2,False
"""President Obama . . . wants to mandate circumcision.""",pants-fire,pants-fire,['pants-fire'],1,True
"Congress, criminals, Scientologists and other groups are exempt from Obamacare.",mostly-false,false,"['mostly-false', 'false']",2,True
"""Seniors enrolled in Medicare Advantage are going to see an average premium increase between $50 and $90 per month.""",mostly-false,mostly-false,"['mostly-true', 'mostly-false', 'false']",3,True
"There were ""76 deaths in three years"" at the Buffalo Psychiatric Center",pants-fire,mostly-true,"['true', 'mostly-true', 'half-true', 'mostly-false', 'false']",5,False
"""Medicaid patients were 97 percent more likely to die than those with private insurance.""",mostly-false,false,"['mostly-false', 'false']",2,True
"""After a decade of progress, the rate of uninsured children is now rising.""",mostly-true,mostly-true,"['true', 'mostly-true']",2,True
"Says Rick Scott’s ""hospital company stole millions, defrauding the military’s health care program.""",true,true,"['true', 'mostly-true']",2,True
"In Ohio, due to Medicaid expansion, ""nearly 60,000 disabled citizens are stuck on waiting lists ... leaving them without the care they need for months or even years.""",false,mostly-false,"['mostly-true', 'half-true', 'mostly-false', 'false']",4,True
"Democratic U.S. House candidate Julie Lassa pushed for a ""Canadian-style government takeover of health care.""",false,false,['false'],1,True
"Says Congressman Jon Runyan has a ""plan to raise Medicare costs $6,400 a year.""",mostly-false,false,"['mostly-false', 'false']",2,True
"""(Obamacare) is a bill which has never once had a majority of Americans favor it.""",mostly-true,mostly-false,"['mostly-true', 'half-true', 'mostly-false', 'false']",4,True
"Obamacare ""is not a popular law.""",mostly-true,mostly-true,['mostly-true'],1,True
"""If you became a Medicaid recipient through the Obamacare expansion, you are grandfathered in.""",mostly-false,false,"['mostly-false', 'false']",2,True
"""A third of all the young people in America are not in America today because of abortion, because one in three pregnancies end in abortion.""",false,false,['false'],1,True
"Says his Patient OPTION Act is the only Republican plan ""that completely repeals Obamacare and it takes the federal bureaucrat out of decisions for you.""",mostly-false,mostly-false,"['mostly-false', 'false']",2,True
"""If you sell your house after 2012 you will pay a 3.8 percent sales tax on it.""",pants-fire,false,['false'],1,False
"""I want to give every American a $5,000 refundable tax credit.""",half-true,half-true,['half-true'],1,True
“Everybody can get” the COVID-19 vaccine.,mostly-false,false,"['mostly-false', 'false']",2,True
"Embryonic stem cell research is at a ""dead end, with no one good example of a successful treatment.""",mostly-false,false,"['mostly-false', 'false']",2,True
"The Obama administration offered ""no magic number"" of people that needed to sign up for health care on the marketplaces.",mostly-false,true,"['true', 'mostly-true', 'half-true']",3,False
"""Taxpayers pay for roughly 45 percent of all births in Wisconsin! And 60 percent of the births in Milwaukee!!!""",true,true,['true'],1,True
Nick Freitas “supports a plan letting insurance companies deny coverage for preexisting conditions like asthma or diabetes.”,true,false,"['mostly-true', 'half-true', 'mostly-false', 'false']",4,False
"""Republicans would give seniors a (Medicare) voucher that limits what's covered, costing seniors as much as $6,400 more a year.""",half-true,mostly-false,"['mostly-false', 'false']",2,False
"""In Rick Perry’s Texas, we import nurses ... from other countries.""",half-true,half-true,['half-true'],1,True
"The president's health care proposals will cause ""most Americans to have their premiums increased, not decreased, and hundreds of millions of people lose their current insurance coverage.""",pants-fire,pants-fire,['pants-fire'],1,True
Federal health care reforms amounted to ‘the government takeover of health care.’,pants-fire,pants-fire,['pants-fire'],1,True
"Says that under Mitt Romney, 89 million Americans could be denied coverage if they have a pre-existing condition.",half-true,mostly-false,"['mostly-true', 'half-true', 'mostly-false', 'false']",4,True
"On key issues including taxes, health care, the Green New Deal, abortion, and guns, there is “no daylight between” Bernie Sanders and Joe Biden.",half-true,mostly-false,"['true', 'mostly-true', 'mostly-false', 'false']",4,False
"Says the Republican plan to replace Obamacare, ""absolutely does not eliminate protections for pre-existing conditions.""",mostly-false,false,"['mostly-false', 'false']",2,True
"""We got to almost universal coverage in health care in Colorado.""",mostly-true,mostly-true,"['true', 'mostly-true']",2,True
"Says Mark Warner told PolitiFact National's ""Lie of the Year"" in 2013.",false,false,"['mostly-false', 'false']",2,True
"Homosexual behavior ""cuts your life by about 20 years.""",false,false,"['false', 'pants-fire']",2,True
"""You lie!"" (in response to President Obama saying health reform would not insure illegal immigrants.)",false,false,['false'],1,True
"In the House health care bill, ""Something like 2 percent of the people would [be] eligible even to get the public option.""",false,false,['false'],1,True
"""PHARMACEUTICAL COMPANIES that manufacture vaccines have IMMUNITY FROM PROSECUTION!""",mostly-false,mostly-false,"['mostly-false', 'false']",2,True
"About 106,000 soldiers had ""a prescription of three weeks or more"" for pain, depression or anxiety medication.",true,true,['true'],1,True
"Says Donald Trump’s health care policies have ""left millions more Americans uninsured since he took office.""",half-true,mostly-true,"['true', 'mostly-true']",2,False
"Repeal of Obamacare would ""take away health care for 10.3 million Americans"" who have received coverage since Oct. 1, 2013.",mostly-true,true,"['true', 'mostly-true']",2,True
"Says North Carolina Republican Senate candidate Thom Tillis ""called Obamacare ‘a great idea.’ """,mostly-false,false,"['half-true', 'mostly-false', 'false']",3,True
"Congressional benefits include “free health care, outrageous retirement packages, 67 paid holidays, three weeks paid vacation, unlimited paid sick days.”",mostly-false,false,"['mostly-false', 'false']",2,True
"""We spent twice as much per capita for health care in this country as the next closest nation.""",mostly-false,mostly-false,"['mostly-true', 'half-true', 'mostly-false', 'false']",4,True
"""When the Affordable Care Act was signed, 17 million American children"" had a pre-existing condition and were ""uninsurable.""",false,false,['false'],1,True
"""Under Obamacare, when you turn Medicaid over to the states ... the money will be available up front for the expansion for a few years. Then, the money will go away.""",mostly-false,mostly-true,"['mostly-true', 'half-true', 'mostly-false']",3,True
"Under a public health care option, 120 million Americans will ""lose what they now get from private companies and be forced onto the government-run rolls as businesses decide it is more cost-effective for them to drop coverage.""",false,false,['false'],1,True
"""House Speaker Nancy Pelosi said this  week that the Democrats have to pass their terrible health care bill so  that the American people can actually find out what's in it.""",mostly-true,mostly-true,"['mostly-true', 'mostly-false']",2,True
"""This governor has cut funding repeatedly for people who have AIDS, who need drugs to save their life.""",mostly-true,mostly-true,['mostly-true'],1,True
"""It is estimated that more than 20 veterans die by suicide every day.""",mostly-true,true,['true'],1,False
"Unlike marijuana, medical cannabis oil cannot get you high.",true,true,['true'],1,True
"""Texas is LAST (50th) in spending for mental health care.""",mostly-true,mostly-true,"['mostly-true', 'half-true']",2,True
"Says Kay Hagan ""supports waivers for friends of Obama and special treatment for Congress and their staffs.""",false,mostly-false,"['mostly-false', 'false']",2,True
"""53 percent of Americans cut back on their health care in the last year because of costs.""",half-true,half-true,['half-true'],1,True
"The Affordable Care Act ""will likely go down as the biggest tax increase in history.""",pants-fire,false,"['mostly-true', 'half-true', 'mostly-false', 'false']",4,False
"Says ""Mike DeWine wanted to allow insurance companies to refuse to pay for pre-existing conditions.""",half-true,mostly-false,"['mostly-true', 'half-true', 'mostly-false', 'false']",4,True
"""Twenty-four percent of doctors in Virginia currently don’t accept new Medicaid patients because the reimbursement rates are so low.""",mostly-true,mostly-true,"['true', 'mostly-true', 'half-true']",3,True
"""There are, literally, two pharmaceutical lobbyists for every member of Congress.""",mostly-true,mostly-true,"['true', 'mostly-true', 'half-true']",3,True
"""The fact that Rick Scott is running for governor as a 'reformer' would be funny if it wasn't so outrageous. This is a man who barely escaped imprisonment.""",false,false,['false'],1,True
"Lower insulin prices were the work of the Trump administration, not “Crooked Joe Biden. He had NOTHING to do with it.”",false,false,"['mostly-false', 'false']",2,True
"The IRS is going to be ""in charge"" of ""a huge national database"" on health care that will include Americans’ ""personal, intimate, most close-to-the-vest-secrets.""",pants-fire,false,"['mostly-false', 'false', 'pants-fire']",3,True
"Obama unilaterally announced he was delaying employer mandate ""through a blog post by a mid-level bureaucrat at the Department of Treasury.""",mostly-true,mostly-true,"['true', 'mostly-true', 'half-true', 'mostly-false', 'false']",5,True
"""We know how to stop AIDS: persuade men not to have sex with men.""",pants-fire,false,"['false', 'pants-fire']",2,True
"""I do provide universal health care.""",mostly-false,mostly-false,"['mostly-false', 'false']",2,True
"""In the ‘40s, 68 cents of every health care dollar was actually paid for by the patient, today it’s only 11 cents.""",mostly-true,mostly-true,['mostly-true'],1,True
"In Massachusetts, ""half of the primary care doctors are not accepting new patients.""",true,mostly-true,"['true', 'mostly-true', 'half-true']",3,True
"The University of Texas is starting ""the first medical school at a major Tier One"" university ""in the last 50 years.""",mostly-true,mostly-true,"['true', 'mostly-true', 'half-true']",3,True
"""Was it 150 million people on private insurance? 50 million of those people lose their private insurance every year when they quit their jobs, or they go unemployed, or their employer changes their insurance policy.""",mostly-false,mostly-false,"['mostly-true', 'half-true', 'mostly-false', 'false']",4,True
"Health insurance companies deny ""1 out of 5 treatments prescribed by doctors.""",false,false,['false'],1,True
Dr. Mehmet Oz promoted a weight loss supplement that can be added to coffee.,pants-fire,false,"['false', 'pants-fire']",2,True
"""Hidden"" in the healthcare.gov code is language that means users ""waive any reasonable right to privacy of your personal information.""",false,false,"['mostly-false', 'false']",2,True
"Says she voted to stop a new ""age tax"" under which ""Arizonans age 50 & over could be charged 5 times more for their health care.""",half-true,mostly-true,"['true', 'mostly-true', 'half-true', 'mostly-false', 'false']",5,True
"On the VA: ""Over 300,000 veterans have died waiting for care.""",mostly-false,mostly-true,"['mostly-true', 'half-true', 'mostly-false', 'false']",4,True
"Under Obamacare, members of Congress are required to purchase their health insurance from the new exchanges.",true,true,"['true', 'mostly-true', 'half-true', 'false']",4,True
"""Before the Affordable Care Act, (West Virginia’s) uninsured rate for people 64 to 19 was 29 percent. Today, it is 9 percent.""",mostly-true,mostly-true,"['true', 'mostly-true']",2,True
"""We made parity between mental health and physical health. It was a fundamental breakthrough in how we thought about how things should work.""",mostly-true,mostly-true,"['mostly-true', 'half-true']",2,True
"""You’re in danger” because the American Red Cross doesn’t label blood donations from donors vaccinated against COVID-19.",false,false,['false'],1,True
"Under a proposal by Rep. Paul Ryan, people on Medicare will only have $15,000 from the federal government to spend on their health care.",false,false,"['mostly-true', 'half-true', 'mostly-false', 'false']",4,True
"""Medicare and Medicaid are the single biggest drivers of the federal deficit and the federal debt by a huge margin.""",mostly-true,mostly-true,['mostly-true'],1,True
"""We know that President Obama stole over $500 billion out of Medicare to switch it over to Obamacare.""",mostly-false,false,"['mostly-false', 'false']",2,True
"""We have 5 percent of world population. 80 percent of opioids.""",false,false,"['mostly-false', 'false']",2,True
"""Thirty percent of [Sheldon Whitehouse' campaign] money is coming from special interests.""",mostly-true,false,"['mostly-true', 'half-true', 'mostly-false', 'false']",4,True
"""Seniors will see $500 billion in Medicare cuts to fund Obamacare.""",mostly-false,mostly-false,"['mostly-false', 'false']",2,True
"Abigail Spanberger ""wants a tax increase of $32 trillion - that’s with a `T,’ to pay for her socialist health care plan.""",false,false,"['mostly-false', 'false']",2,True
"""Every month, we get the reports from the Bureau of Labor Statistics that say even more people have given up looking for work.""",mostly-false,mostly-true,"['true', 'mostly-true', 'half-true', 'mostly-false', 'false']",5,True
"""The claim ... that we plan to set up panels of bureaucrats with the power to   kill off senior citizens ... is a lie, plain and simple.""",true,true,"['true', 'false']",2,True
"U.S. Sen. Bill Nelson was ""the deciding vote for the health care law.""",mostly-false,false,"['mostly-false', 'false']",2,True
"Says Arkansas Republican Rep. Tom Cotton voted to provide Congress with ""taxpayer-funded health care for life.""",pants-fire,mostly-false,"['mostly-false', 'false']",2,False
"""One-third of the health care dollar goes to no such thing as health care; it goes to the insurance companies.""",false,false,['false'],1,True
"""Nobody has been talking about it (Medicaid fraud), focused on it, or paying attention to it.""",false,false,['false'],1,True
"Says Rick Perry wrote a letter ""supporting Hillarycare.""",mostly-false,true,"['true', 'mostly-true', 'half-true', 'mostly-false', 'false']",5,True
"President Barack Obama’s health care reform ""slashed $500 billion from Medicare.""",mostly-false,mostly-false,['mostly-false'],1,True
"Seniors and the disabled ""will have to stand in front of Obama's 'death panel' so his bureaucrats can decide, based on a subjective judgment of their 'level of productivity in society,' whether they are worthy of health care.""",pants-fire,pants-fire,['pants-fire'],1,True
"""One in every five families in the state of New Jersey has a loved one with a mental illness, a serious mental illness, and today, we don’t care.""",true,true,"['true', 'mostly-true']",2,True
"""83% of doctors have considered leaving the profession because of #Obamacare.""",false,mostly-false,"['mostly-false', 'false']",2,True
“Black women are 3 to 4 times more likely to die (from maternal mortality) even when they have the insurance and the income.”,mostly-true,mostly-true,"['true', 'mostly-true']",2,True
"She ""led the fight to stop health insurance rate hikes and saved Rhode Island families over $150 million.""",half-true,half-true,['half-true'],1,True
"An amendment to the House health reform bill ""puts new restrictions on women's access to abortion coverage in the private health insurance market even when they would pay premiums with their own money.""",false,false,['false'],1,True
Florida's cost for the Medicaid expansion will be $1.6 billion a year or  more.,half-true,false,"['mostly-false', 'false']",2,False
"""We essentially repealed Obamacare because we got rid of the individual mandate ... and that was a primary source of funding of Obamacare.""",false,false,"['mostly-false', 'false']",2,True
"""She stood by ground zero workers who sacrificed their health after so many sacrificed their lives and kept standing till this administration took action.""",true,true,['true'],1,True
Benadryl can be used to reduce swelling from rattlesnake bites.,false,false,"['mostly-false', 'false']",2,True
"The Democratic health care plan is a ""government takeover of nearly 20 percent of our economy.""",pants-fire,pants-fire,['pants-fire'],1,True
"""Obamacare will question your sex life.""",pants-fire,false,"['false', 'pants-fire']",2,True
"Says 3.5 million U.S. citizens lost their employer-tied health insurance in March, while zero lost their coverage in 20 other large nations combined.",mostly-true,mostly-true,"['true', 'mostly-true']",2,True
The GOP health care proposal would slash more than $135 million in federal funding available to PA schools.,false,false,"['mostly-true', 'half-true', 'mostly-false', 'false']",4,True
"Under Obamacare, ""75 percent of small businesses now say they are going to be forced to either fire workers or cut their hours.""",pants-fire,false,"['mostly-false', 'false', 'pants-fire']",3,True
"Says 2010 was the ""worst year ever for America's doctors"" reimbursed by Medicare.",false,false,['false'],1,True
"A report from the nonpartisan Congressional Budget Office ""confirms that the American Health Care Act will lower premiums.""",half-true,half-true,['half-true'],1,True
"Research shows the employer mandate in the House health reform bill would ""place millions 'at substantial risk of unemployment' — with minority workers losing their jobs at twice the rate of their white counterparts.""",half-true,half-true,['half-true'],1,True
"Says new Medicare billing guidelines ""have nine codes for (injuries by) turkeys.""",true,false,"['true', 'mostly-true', 'mostly-false', 'false']",4,True
"""47 - New provisions ObamaCare charges the IRS with implementing, according to the Government Accountability Office.""",true,true,['true'],1,True
Former President Donald Trump would “force states to monitor women's pregnancies.”,false,mostly-false,"['mostly-false', 'false']",2,True
"""We've had the lowest health care inflation in history because of Obamacare.""",mostly-false,mostly-false,['mostly-false'],1,True
"""Repealing the Affordable Care Act — and with it, Ohio’s Medicaid expansion — could cost Ohio more than 81,000 jobs, jeopardize nearly 1 million Ohioans’ health care coverage, and leave more than 220,000 Ohioans with mental illness or substance use disorders without insurance.""",half-true,mostly-true,"['mostly-true', 'half-true']",2,True
"""We were told there would never be a case of Ebola in the United States.""",false,false,"['true', 'mostly-false', 'false']",3,True
"""Just remember this: the president's health care bill put 30 million people on health care rolls that weren't there before.""",half-true,mostly-true,"['mostly-true', 'half-true', 'mostly-false', 'false']",4,True
I've shut down pill mills.,mostly-false,false,"['true', 'mostly-true', 'half-true', 'mostly-false', 'false']",5,True
"""More people are losing their insurance (due to Obamacare) than are becoming newly insured.""",false,false,"['mostly-false', 'false']",2,True
"""The party in the White House"" is responsible for ""a massive tax increase on the middle class.""",mostly-false,mostly-false,"['mostly-false', 'false']",2,True
Says House Republicans spent $50 million on 33 votes to repeal Obamacare.,false,false,['false'],1,True
"Under the new health care law, ""if a landscaper wants to buy a new lawnmower, or a restaurant needs a new ice-maker, they have to report that to the feds.""",true,true,['true'],1,True
"""Obamacare raised premiums by 100 percent and after that 91 percent of the people were covered, but we’re all paying 100 percent more.""",false,false,"['mostly-false', 'false', 'pants-fire']",3,True
"Says Donald Trump promised to repeal Obamacare, build a wall, ban Muslims, and more.",mostly-true,true,"['true', 'mostly-true', 'mostly-false']",3,True
"The 2006 Massachusetts health care law has ""added (only) about 1 percent to our state budget.""",mostly-true,mostly-true,['mostly-true'],1,True
"The health care reform law ""offset[s] 6 years of benefits with 10 years of tax increases.""",half-true,half-true,['half-true'],1,True
Kamala Harris “wants to forcibly compel doctors and nurses against their will to give chemical castration drugs to young children.”,false,false,"['false', 'pants-fire']",2,True
"Says Brett Kavanaugh is ""pro-Obamacare.""",mostly-false,false,"['half-true', 'mostly-false', 'false']",3,True
"""People come here to have babies. They come here to drop a child. It's called 'drop and leave.""",half-true,mostly-false,"['half-true', 'mostly-false']",2,True
Says Texas has the most uninsured people of any state -- 6 million.,mostly-false,false,"['true', 'mostly-true', 'mostly-false', 'false']",4,True
"Says Hillary Clinton's health care plan from the 1990s ""had a broader provision in favor of corporate right to back out"" of providing contraceptive coverage than the one created by the Hobby Lobby Supreme Court decision.",false,false,"['half-true', 'mostly-false', 'false']",3,True
"Says under the Affordable Care Act, New Jersey’s ""new (Medicaid) enrollees won’t qualify for the matching federal funds simply because we added them onto the rolls before 2014.""",mostly-false,false,"['mostly-false', 'false']",2,True
"A provision in the health care reform bill for end-of-life counseling for seniors is not ""entirely voluntary.""",false,false,['false'],1,True
"Says America spends ""over 17 percent of its GDP on health care costs when our closest competitor nations are spending about 12.""",true,true,"['true', 'mostly-true']",2,True
"""According to Congress, travel nurses need a pay cap.”",false,false,"['mostly-false', 'false']",2,True
"Twelve judges have thrown out legal challenges to the health care law because they rejected ""the notion that the health care law was unconstitutional.""",false,false,['false'],1,True
"Businesses ""will be required to certify to the IRS – under penalty of perjury – that Obamacare was not a motivating factor"" for cutting staff.",half-true,mostly-false,"['mostly-true', 'half-true', 'mostly-false', 'false']",4,True
"Gov. Lincoln Chafee has imposed ""a mandatory abortion fee"" on all Rhode Islanders who buy health insurance through the state’s Obamacare exchange.",half-true,false,"['mostly-false', 'false']",2,False
"""I had prostate cancer, five, six years ago. My chance of surviving prostate cancer, and thank God I was cured of it, in the United States, 82%. My chances of surviving prostate cancer in England, only 44% under socialized medicine.""",false,false,['false'],1,True
"""No family earns too much to qualify"" for Oregon Healthy Kids program.",mostly-true,mostly-true,['mostly-true'],1,True
"""The average family in America forks over more of their hard-earned income to their local hospital than to the IRS.”",true,true,"['true', 'mostly-true']",2,True
“Drug overdose deaths decreased in 2018 for the first time in 30 years.”,mostly-true,true,"['true', 'mostly-true', 'half-true']",3,True
"""We spend more money on health care per capita in the United States than any other country in the world. Of the 30 developed countries in the world, we spend 2 1/2 times more than the average. Of the country that spends the second most per capita, Switzerland, we spend 175 percent more.""",half-true,half-true,['half-true'],1,True
"Romney left Massachusetts ""with a $245-million debt because of the big government-mandated health care system.""",mostly-false,mostly-false,"['mostly-false', 'false']",2,True
"""Massachusetts is reporting a trend far below the national trend in the escalation of health-care costs in this year.""",mostly-false,mostly-false,"['mostly-true', 'half-true', 'mostly-false', 'false']",4,True
"Even after collective bargaining reforms, most Wisconsin public employees ""are still paying about 12 to 13 percent"" of their health insurance premiums, while most state residents who work in the private sector ""pay 20 to 25 percent.""",mostly-true,mostly-true,['mostly-true'],1,True
"Under the new health care law, the elderly will be denied care when they have ""passed the age limit for treatment.""",pants-fire,pants-fire,['pants-fire'],1,True
"Obamacare is ""costing 2 million jobs.""",mostly-false,false,"['mostly-false', 'false']",2,True
COVID-19 is “here to stay” and “we need to accept that and be prepared to deal with COVID long term.”,mostly-true,true,"['true', 'mostly-true']",2,True
"""Remember, Obamacare created a new category of eligibility. Working-age, able-bodied adults with no dependents for the first time became eligible for Medicaid if their income is below 138 percent of the poverty level. We’re going to continue that eligibility. No one loses coverage.""",half-true,mostly-false,"['mostly-true', 'half-true', 'mostly-false', 'false']",4,True
"Says he ""fights for everyone with a preexisting condition.”",mostly-false,mostly-false,"['half-true', 'mostly-false', 'false']",3,True
"""The bill also provides full federal  funding for abortions…""",pants-fire,pants-fire,['pants-fire'],1,True
"“Since the COVID jabs were rolled out, at least 1.1 million Americans have 'died suddenly.'”",false,false,"['mostly-false', 'false']",2,True
"""The Ryan budget gets rid of Medicare in 10 years and turns it into a voucher program.""",false,false,"['half-true', 'mostly-false', 'false']",3,True
"""Baseball and insurance are the only industries exempt from antitrust laws.""",false,false,['false'],1,True
"""Barack Obama's health care bill is nothing new. Mitt Romney signed one just like it four years before.""",mostly-true,mostly-true,['mostly-true'],1,True
"Obama's plan for health care reform ""ends exorbitant out-of-pocket expenses, deductibles or co-pays.""",mostly-true,mostly-true,['mostly-true'],1,True
“There's 100 million people that have preexisting conditions.”,mostly-true,true,"['true', 'mostly-true']",2,True
"Says opponent Sen. Tammy Baldwin “gave our taxpayer money to a transgender-affirming clinic … that does it without even telling parents.""",false,false,"['mostly-false', 'false']",2,True
"""Even the (Congressional Budget Office) says if you lower Medicare to allow 50 year olds to get into it, you can not only save the government money, but you can lower premiums for all Americans.""",false,mostly-false,"['half-true', 'mostly-false', 'false']",3,True
Says U.S. Senate opponent Tommy Thompson favors raising taxes on small businesses.,mostly-false,mostly-false,['mostly-false'],1,True
"Says ""One-third of our healthcare dollars go to wasteful insurance billing and bureaucracy.""",mostly-true,mostly-true,['mostly-true'],1,True
"Says Sheldon Whitehouse said on Senate floor: ""Everybody in Rhode Island who disagrees with me about Obamacare is an Aryan, is a white supremacist.""",pants-fire,pants-fire,['pants-fire'],1,True
"In the Affordable Care Act, Democrats ""cut $500 billion from Medicare"" and ""put in place the Independent Payment Advisory Board, 15 unelected bureaucrats, which will be making decisions about health care for our seniors and for all Americans.""",mostly-false,half-true,['half-true'],1,False
"""The primary financing mechanism of the Affordable Care Act is a tax on wealthy people.""",half-true,mostly-true,"['mostly-true', 'half-true', 'mostly-false']",3,True
"""Already, the Affordable Care Act is helping to slow the growth of (Medicare’s) health care costs.""",half-true,mostly-true,"['true', 'mostly-true', 'half-true']",3,True
"""In the United States alone we lose more than 3,000 people a day to cancer.""",false,mostly-true,"['true', 'mostly-true', 'half-true']",3,False
"Under the House health care bill, Medicaid spending ""actually goes up 20 percent over the next 10 years.""",half-true,false,"['mostly-false', 'false']",2,False
Insulin prices rose “with the swipe of (Joe Biden’s) pen.”,false,false,"['mostly-true', 'half-true', 'mostly-false', 'false']",4,True
"""Only 14 percent of Americans were able to keep these individual market plans for two years"" before Obamacare became law.",half-true,mostly-true,"['true', 'mostly-true', 'half-true']",3,True
"""People with pre-existing mental health conditions have access to firearms and not health care.""",half-true,false,"['mostly-false', 'false']",2,False
"Because of the new health care law, ""17 million kids can no longer be denied for a pre-existing condition.""",mostly-false,mostly-false,"['half-true', 'mostly-false', 'false']",3,True
"Says Hillary Clinton helped ""get done"" the Children's Health Insurance Program.",mostly-true,mostly-true,"['true', 'mostly-true', 'half-true']",3,True
"The GOP’s health bill will protect people with pre-existing conditions ""every bit as well as Obamacare did.""",false,false,['false'],1,True
"In the Wisconsin health insurance exchange, ""the Society of Actuaries points out that there'll be, according to them, an 82 percent increase in individual premiums over the next couple years under Obamacare.""",half-true,mostly-true,"['true', 'mostly-true', 'half-true']",3,True
"Cervical cancer in Africa is ""fully preventable with basic education, screening and vaccines.""",mostly-true,mostly-true,"['true', 'mostly-true']",2,True
"Says Republican gubernatorial candidate Adam Laxalt ""tried to cut a deal with big pharma"" in a lawsuit.",false,mostly-false,"['half-true', 'mostly-false', 'false']",3,True
"Texas “ranks 50th in baby wellness checks, ranks 50th in clinical care for infants, ranks 50th in uninsured women, ranks 43rd in maternal mortality, ranks 44th in school funding per child, and ranks 46th in child hunger.”",half-true,mostly-true,"['true', 'mostly-true']",2,False
"The Medicare proposal by Rep. Paul Ryan, R-Wis., would ""allow insurance companies to deny you coverage and drop you for pre-existing conditions.""",false,false,['false'],1,True
"""Most of home care is paid by government programs.""",mostly-true,mostly-true,"['mostly-true', 'half-true', 'mostly-false']",3,True
"""Wisconsin is not as obese as the national average is. The national average, 35.7 percent of the population is obese. In Wisconsin, it's closer to 26 percent.""",mostly-false,mostly-false,['mostly-false'],1,True
"""Because of Obamacare, Medicare is going broke.""",pants-fire,pants-fire,['pants-fire'],1,True
"""New Jersey has the second highest rate of institutionalization"" of people with developmental disabilities ""in America. Only Texas puts more of its citizens -- confines more of its citizens -- to institutions than New Jersey. """,mostly-true,mostly-true,"['true', 'mostly-true', 'half-true']",3,True
"Says Cory Booker has accepted over $400,000 from the pharmaceutical industry during his political career.",mostly-true,mostly-true,"['true', 'mostly-true', 'half-true', 'mostly-false', 'false']",5,True
"""Americans increasingly want (the Affordable Care Act) to be repealed.""",mostly-false,mostly-false,"['mostly-true', 'half-true', 'mostly-false', 'false']",4,True
"""More people, almost twice as many, pay the penalty or take the waiver than signed up for (Obamacare).""",false,false,"['mostly-false', 'false']",2,True
"Says Nancy Pelosi said, ""Waiting long hours in the emergency room will allow you to make new friends!""",pants-fire,false,['false'],1,False
"Says the Central Health district's tax rate is the ""lowest among the largest counties in Texas, and it will continue to be the lowest"" if voters approve a proposed tax increase.",mostly-true,mostly-true,"['mostly-true', 'half-true', 'mostly-false', 'false']",4,True
"Many uninsured Americans are ""young.""",mostly-true,half-true,"['mostly-true', 'half-true', 'mostly-false']",3,True
"""Two million more people just dropped out of Obamacare. It is in a death spiral.""",mostly-false,false,"['mostly-false', 'false']",2,True
"A poll taken ""a few months ago"" found ""70 percent approval or higher"" for the Act 10 collective bargaining law.",false,false,['false'],1,True
"Says by rejecting an expansion of Medicaid under the new law, Georgia was depriving 25,000 veterans of health care coverage.",true,true,['true'],1,True
"The health care reform bill ""is the largest tax increase in U.S. history.""",false,false,['false'],1,True
"Says the Medicaid fraud rate in Virginia was ""fact-checked"" and found to be ""0.47 percent.""",false,false,['false'],1,True
"""Federal government reneging"" on Medicaid payments to Wisconsin caused about $240 million in extra costs in the 2013-’15 state budget.",false,false,['false'],1,True
"""If you want out of the individual mandate... all you have to do now is tick off the box that says 'hardship' and you're out.""",mostly-false,false,"['half-true', 'mostly-false', 'false']",3,True
"""When you throw 23 million people off of health insurance -- people with cancer, people with heart disease, people with diabetes -- thousands of people will die. … This is study after study making this point.""",mostly-true,true,"['true', 'mostly-true']",2,True
"Says many local governments in Wisconsin already require employees to pay 20 percent, 30 percent or even 40 percent of their health insurance premiums.",false,false,['false'],1,True
"Ann McLane Kuster is ""for a government takeover of health care more radical than Obamacare. And she supports a $700 billion cut to Medicare for current retirees.""",mostly-false,false,"['mostly-false', 'false']",2,True
"Paul Ryan’s Medicare plan ""could raise future retirees’ costs more than $6,000.""",half-true,mostly-true,"['true', 'mostly-true', 'mostly-false', 'false']",4,False
Medicaid is the primary source of health insurance for 41.7 percent of Hispanic children in Georgia.,true,true,['true'],1,True
"Says her health care plan would ""ensure Americans with preexisting conditions are protected.""",false,false,"['mostly-false', 'false']",2,True
“Every election year has a disease” ... SARS in 2004; avian flu in 2008; swine flu in 2010; MERS in 2012; Ebola in 2014 and 2018; Zika in 2016 and the coronavirus in 2020.,false,false,"['mostly-false', 'false']",2,True
"""We're losing thousands of (veterans) waiting on line"" because they can't get speedy health care from the Veterans Administration.",half-true,mostly-true,"['true', 'mostly-true', 'half-true', 'mostly-false', 'false']",5,True
"""Health care mandate will require imprisonment and fines for Americans who can’t afford to purchase insurance or pay hefty government penalties.""",mostly-false,mostly-false,"['mostly-false', 'false']",2,True
"Medicare ""premium support"" backed by Republican vice presidential candidate Paul Ryan ""is not vouchers.""",mostly-false,false,"['mostly-false', 'false']",2,True
"Says the director of an anti-abortion group receiving a Texas grant to provide women’s health services ""believes HIV can be spread through the sewer system.""",mostly-true,true,"['true', 'mostly-true', 'mostly-false', 'false']",4,True
"Says Joe Manchin displayed an ""unwillingness to change the failed Obamacare.""",half-true,false,"['mostly-true', 'half-true', 'mostly-false', 'false']",4,True
"""Thirty million Americans, including a lot of people in Florida, are going to be able to get healthcare next year because of that law.""",false,false,"['mostly-true', 'half-true', 'mostly-false', 'false']",4,True
"Rick Scott's former health care company, Columbia/HCA, committed ""fraud.""",true,true,['true'],1,True
"The health care law ""imposes the largest tax increase in history on the middle class.""",pants-fire,false,"['mostly-false', 'false']",2,False
"Says Democratic Senate candidate ""Bruce Braley voted to cut $700 billion from Medicare to support Obamacare.""",half-true,mostly-false,"['half-true', 'mostly-false', 'false']",3,True
"Says the Texas Board of Nursing has a backlog of ""3,000 complaints against nurses, many of them sexual assaults, malfeasance.""",mostly-true,mostly-true,['mostly-true'],1,True
"Barack Obama's health care plan is ""to mandate health care coverage and have a universal government-run program.""",mostly-false,mostly-false,['mostly-false'],1,True
"""About 8 out of 10 favor changing Obamacare significantly or replacing it altogether.""",mostly-true,mostly-true,"['mostly-true', 'half-true', 'mostly-false']",3,True
"""If we went back to the obesity rates that existed in 1980, that would save the Medicare system a trillion dollars.""",false,false,['false'],1,True
"""When (Ron DeSantis) was asked what cancer patients should do without health insurance, DeSantis said 'show up to the emergency room.'""",half-true,mostly-true,"['true', 'mostly-true', 'half-true', 'mostly-false', 'false']",5,True
"""Americans will get $1.1 B in rebates from health insurance companies this year cuz of a provision I wrote in the ACA.”",mostly-true,true,"['true', 'mostly-true']",2,True
"Stock prices for health insurance companies are “up over 1,000% over a short period of time.”",half-true,false,"['mostly-false', 'false', 'pants-fire']",3,False
"""The cost-saving measures we put into place at Columbia/HCA drove down national health care inflation from 18% to 8% in seven years.""",pants-fire,pants-fire,['pants-fire'],1,True
"""What does Trumpcare do? Yank tax credits away from veterans unlike any other American.""",half-true,mostly-false,"['mostly-true', 'half-true', 'mostly-false', 'false']",4,True
"""Bill White ... supports the ‘ObamaCare’ socialized medicine plan, as well as ‘Cap and Trade’ legislation that would kill thousands of Texas jobs.""",pants-fire,pants-fire,['pants-fire'],1,True
"""For people making between $50,000 and $75,000 a year, their taxes are going up about $5,000 because the fact is, they will pay more in new taxes"" for Medicare for All.",mostly-false,mostly-false,"['half-true', 'mostly-false', 'false']",3,True
"""Polls show Americans are overwhelmingly opposed to Obamacare, especially the individual mandate.""",mostly-true,mostly-false,"['mostly-true', 'half-true', 'mostly-false', 'false']",4,True
"""It’s a plan that incorporates ideas from many of the people in this room tonight – Democrats and Republicans.""",mostly-false,mostly-false,"['mostly-true', 'half-true', 'mostly-false', 'false']",4,True
"Parasite cleanses ""kill herpes by starving the parasites in the stomach.""",pants-fire,false,['false'],1,False
"""One of three patients hospitalized (is) harmed by the care they receive.""",mostly-true,mostly-true,"['true', 'mostly-true']",2,True
"The health care reform plan would set limits similar to the ""socialized"" system in Britain, where people are allowed to die if their treatment would cost more than $22,000.",false,false,['false'],1,True
Said his mother had to fight with health insurance companies for treatment because of a pre-existing condition.,mostly-false,mostly-false,"['mostly-true', 'half-true', 'mostly-false']",3,True
"John McCain's health care plan ""won't guarantee coverage of cancer screenings or maternity care.""",true,true,['true'],1,True
"""Gingrich supported individual health insurance mandates.""",true,true,['true'],1,True
"Says his ""Act 10 reforms"" have ""saved the taxpayers some $3 billion.""",mostly-true,mostly-true,['mostly-true'],1,True
"""In Congress, (Patrick) Morrisey wrote the health care law giving free health care to illegals.""",mostly-false,mostly-false,"['mostly-false', 'false']",2,True
"Operating a health care exchange would be ""illegal"" in Georgia and some states because of legislation passed in those states.",false,false,['false'],1,True
"""The biggest job of the surgeon general is to translate health care and health care needs into plain English.""",half-true,mostly-true,"['mostly-true', 'half-true']",2,True
"A study says Massachusetts has lost 18,000 jobs because residents were required to obtain health insurance under an act signed into law by Mitt Romney.",mostly-false,mostly-false,"['mostly-true', 'half-true', 'mostly-false', 'false']",4,True
"Says North Carolinians are ""already paying for"" Medicaid expansion, even though the state hasn’t expanded Medicaid.",mostly-true,mostly-true,"['true', 'mostly-true', 'half-true']",3,True
"""Obamacare could force thousands of volunteer fire stations to cut service or close entirely!""",half-true,mostly-false,"['mostly-false', 'false']",2,False
"""Forty-six cents of every dollar"" Ohio could get for Medicaid expansion ""is going to come from China or some other country that doesn’t like us very much.""",false,false,['false'],1,True
Says Mitch McConnell was cured of polio when he was a child by government-funded care and now he’s trying to take that same care away from millions of Americans,false,false,['false'],1,True
"""Obamacare cuts $500 billion in future Medicare funding in order to fund the new constitutionally questionable government mandate, even going so far as to scuttle Medicare's most popular (and successful) part, Medicare Advantage.""",half-true,half-true,['half-true'],1,True
"""Black lung cases are at a 25-year high.""",true,mostly-true,"['true', 'mostly-true', 'half-true']",3,True
"""Congressman Nye voted against a bill which would have defunded the $5-10 billion"" the IRS needed to implement  health care legislation.",false,false,['false'],1,True
The Inflation Reduction Act expanded free health insurance to Americans under 65.,false,false,['false'],1,True
"""You can't give a child an aspirin in school without permission. You can't do any kind of medication, but we can secretly take the child off and have an abortion.""",true,false,"['mostly-false', 'false']",2,False
"""One person, Kathleen Sebelius, was going to determine whether or not"" 10-year-old lung patient Sarah Murnaghan would live or die.",mostly-false,false,"['mostly-false', 'false']",2,True
"Says Democrats first proposed prohibiting the government from negotiating prices for prescription drugs in Medicare Part D and he ""had nothing to do with"" that provision in the law.",mostly-false,mostly-false,"['mostly-false', 'false']",2,True
"Says Mitt Romney and Paul Ryan ""want to turn Medicare into a voucher system.""",mostly-true,mostly-true,"['true', 'mostly-true', 'half-true', 'mostly-false']",4,True
"Barack Obama's health care plan ""would leave 15 million Americans out.""",half-true,half-true,['half-true'],1,True
"""Since 1981, reconciliation has been used 21 times. Most of it's been used by Republicans.""",true,true,['true'],1,True
Former President Donald Trump wants to take away the Affordable Care Act.,half-true,mostly-false,"['mostly-true', 'mostly-false', 'false']",3,False
The Senate health care bill is longer than Tolstoy's 'War and Peace.',mostly-false,mostly-false,"['mostly-true', 'half-true', 'mostly-false', 'false']",4,True
"Says Texas is ""dead last in support for mental health.""",mostly-true,mostly-true,"['true', 'mostly-true', 'half-true', 'mostly-false', 'false']",5,True
"Under the health care law, ""everybody will have lower rates, better quality care and better access.""",false,mostly-true,"['mostly-true', 'half-true', 'mostly-false', 'false']",4,True
"""$700 billion was robbed (from Medicare) to pay for Obamacare.""",half-true,false,"['mostly-false', 'false']",2,False
"Health care reform: ""Everything about it is going to raise costs, raise taxes and lower the quality of health care.""",false,false,"['mostly-false', 'false']",2,True
"""Congressman Bill Young voted to cut taxes for millionaires and end your Medicare.""",mostly-false,false,"['mostly-true', 'mostly-false', 'false']",3,True
"""Obamacare takes $500 billion out of Medicare and funds Obamacare.""",half-true,half-true,['half-true'],1,True
"Says the American public ""overwhelmingly opposed"" Democratic-steered health care plan.",half-true,half-true,['half-true'],1,True
"Obamacare ""is in a death spiral.""",false,false,"['mostly-true', 'half-true', 'mostly-false', 'false']",4,True
"Health care is the ""No. 1 reason for bankruptcy.""",half-true,mostly-true,"['mostly-true', 'half-true', 'mostly-false']",3,True
"Says Rep. Martha McSally ""has repeatedly tried to limit women’s access to birth control, and she even cosponsored a bill to make contraception more expensive for women.""",half-true,mostly-false,"['mostly-true', 'half-true', 'mostly-false', 'false']",4,True
"Says Wisconsin Gov. Scott Walker eliminated ""cancer screenings for uninsured women"" and offered ""no alternatives.""",pants-fire,pants-fire,['pants-fire'],1,True
"""2.4 million people in Wisconsin have pre-existing conditions"" and Leah Vukmir supports letting insurance companies ""deny coverage to people with pre-existing conditions.""",half-true,half-true,['half-true'],1,True
"""In Canada, for a number of decades, they have provided quality care to all people without out-of-pocket expenses. You go in for cancer therapy, you don't take out your wallet.""",half-true,mostly-true,"['mostly-true', 'half-true', 'mostly-false', 'false']",4,True
"Says Joni Ernst ""supports the lawsuit that's headed to the Supreme Court that will” repeal the Affordable Care Act.",half-true,false,"['mostly-true', 'half-true', 'mostly-false', 'false']",4,True
"A small business receiving a federal tax credit ""to provide health care for its employees ... would be barred under the Stupak Amendment from allowing their employees to use ... the health care that they offer them for abortion.""",mostly-false,mostly-false,"['mostly-true', 'half-true', 'mostly-false']",3,True
“I never mentioned” wanting to end the Affordable Care Act.,pants-fire,false,"['mostly-false', 'false']",2,False
"Says Obama called Medicaid ""broken"" four years ago.",mostly-true,true,"['true', 'mostly-true', 'half-true', 'false']",4,True
"Sheldon Whitehouse voted for a ""$525-billion tax increase on the middle class.""",pants-fire,false,"['mostly-false', 'false']",2,False
“Pfizer funneled $12 million to CNN anchor Anderson Cooper as part of a deal to promote mRNA COVID jabs to the American public.”,false,false,"['mostly-false', 'false']",2,True
"Hillary Clinton is ""willing to have workers' wages garnisheed if they refuse to buy health insurance.""",half-true,half-true,['half-true'],1,True
"""Every dollar spent in the new Obamacare system ... goes to private-sector insurance companies.""",half-true,mostly-false,"['mostly-false', 'false']",2,False
"Says the national health care law puts federal ""bureaucrats between an American citizen and her doctor.""",false,false,"['mostly-false', 'false']",2,True
"""Nearly half of all pregnancies in the U.S. are unintended.""",true,true,['true'],1,True
"The health care law could cost up to $2 trillion, ""double what we were promised.""",false,false,"['mostly-false', 'false']",2,True
"""In America, we pay, by far, the highest prices in the world for prescription drugs.""",mostly-true,true,"['true', 'mostly-true']",2,True
"In the House bill, “we’re not changing Medicaid,” only cutting “waste, fraud and abuse.”",false,false,"['mostly-false', 'false']",2,True
"""Obamacare covers 24 million fewer people than it was expected to, and the projected price tag has more than doubled at $2 trillion.""",mostly-false,false,"['mostly-false', 'false']",2,True
"Says Sherrod Brown voted ""for the $1.17 trillion health care law that adds a new tax on Ohio manufacturers.""",half-true,half-true,['half-true'],1,True
"U.S. Sen. Sheldon Whitehouse ""rewarded Wall Street executives with millions in bonuses.""",pants-fire,false,"['mostly-false', 'false']",2,False
"""We will always protect patients with pre-existing conditions, very importantly.""",false,mostly-false,"['mostly-false', 'false']",2,True
"""Over 300K home owner suicides attributed to foreclosures.""",pants-fire,false,"['mostly-false', 'false']",2,False
"Republicans “have shown themselves willing to cut millions off their health insurance and eliminate preexisting condition protections for millions more, even in the middle of this public health crisis.""",true,true,['true'],1,True
Athletes are collapsing with heart-related issues due to the COVID-19 vaccines,false,false,"['mostly-false', 'false']",2,True
"Says Tammy Baldwin’s ""Medicare for All"" plan means senior citizens would ""no longer have"" Medicare.",mostly-false,mostly-false,['mostly-false'],1,True
"A study showed that President Barack Obama’s health-care reforms will ""devastate Wisconsin"" by pushing people off employer-sponsored insurance, driving up premiums, increasing dependency and making 122,000 people ineligible for Medicaid.",false,false,['false'],1,True
"In the 2014 elections, ""the American people overwhelmingly said we don't want Obamacare … and we don't want amnesty.""",false,false,"['mostly-false', 'false']",2,True
"""Our businesses have created jobs every single month since (Obamacare) became law.""",true,true,"['true', 'mostly-true']",2,True
"Says the state “health secretary says don't go to hospitals or clinics, now the tourism secretary says don't recreate.”",mostly-false,false,"['mostly-false', 'false']",2,True
The former U.S. childhood vaccine schedule called for babies to get “72 injections.”,false,false,"['false', 'pants-fire']",2,True
"Page 92 of the House health care bill ""says specifically that people can't purchase private health insurance after a date certain.""",pants-fire,pants-fire,['pants-fire'],1,True
Says the University of Texas can afford to build a medical school because it has a $7 billion endowment and its football program had a $50 million profit last year.,half-true,false,"['mostly-true', 'half-true', 'mostly-false', 'false']",4,True
"""The benefits that were offered to me as a congressman don’t even compare to the benefits that you get as a state employee. I just experienced that myself. They’re not nearly as good.""",half-true,half-true,['half-true'],1,True
"“Under ‘Crooked Joe’ Biden, there has been a catastrophic increase in shortages of essential medicines.”",false,mostly-false,"['mostly-false', 'false']",2,True
"""In many instances, (people's) health care costs are more than their mortgage costs or their rent, which, by the way, is a first in American history.""",mostly-false,false,"['mostly-true', 'half-true', 'mostly-false', 'false']",4,True
"Says Hillary Clinton is proposing ""destroying Medicare for seniors.""",false,false,"['mostly-false', 'false']",2,True
"""October 2013, Obama shut down the government for 16 days to force Obamacare.""",half-true,false,"['half-true', 'mostly-false', 'false']",3,True
"""Jeff Merkley was the deciding vote on Obamacare, which in Oregon has been an unmitigated disaster.""",false,false,"['mostly-false', 'false']",2,True
"The health care bill ""cuts the deficit by over $1 trillion dollars.""",half-true,half-true,['half-true'],1,True
"A majority of Americans ""since Harry Truman days"" support single-payer health insurance, or ""full Medicare for all.""",false,false,['false'],1,True
"""43,000 people are going to be kicked out of nursing homes or denied nursing home entrance"" if the Texas House version of the state budget passes into law.",mostly-false,mostly-false,"['mostly-false', 'false']",2,True
Rise in U.S. infant mortality rate connected to COVID-19 vaccines.,false,false,['false'],1,True
Women pay 48 percent more for health insurance.,mostly-false,mostly-false,"['mostly-true', 'half-true', 'mostly-false']",3,True
"The Democrats' health care reform law is a ""government takeover of health care.""",false,false,['false'],1,True
"The new health care law ""will cut $500 billion from Medicare. That will hurt the quality of our care.""",mostly-false,mostly-false,['mostly-false'],1,True
"""Expanding Medicaid would require borrowing more money, drastically expanding our deficit.""",half-true,mostly-false,"['mostly-true', 'half-true', 'mostly-false', 'false']",4,True
"""Do you know what the second sport with the most concussions is? Women’s soccer… And the third most dangerous sport? Cheerleading.""",half-true,mostly-true,"['true', 'mostly-true', 'half-true', 'mostly-false', 'false']",5,True
“All ‘gender affirming care’ for children is 100% experimental. There are zero long term studies on the effects the drugs and surgeries will have on them.”,mostly-false,mostly-false,"['mostly-false', 'false']",2,True
"Says Mandela Barnes supports killing “preemies” – “infants born prior to 37 weeks of pregnancy""",pants-fire,false,['false'],1,False
"When President Franklin D. Roosevelt started Social Security, ""it only affected widows and orphans,"" and when Medicare began, ""it was a small program.""",false,false,['false'],1,True
"""All private healthcare plans must conform to government rules to participate in a Healthcare Exchange.""",true,true,['true'],1,True
"""African-American children are 500 percent more likely to die from asthma than white kids.""",true,true,"['true', 'mostly-true']",2,True
"""Mr. President, multiple times from your administration there have come statements that Republicans have no ideas and no solutions"" on health care.",true,true,['true'],1,True
"""Ninety-five percent of Oregonians now have health insurance coverage, tens of thousands for the very first time.""",true,true,"['true', 'mostly-true']",2,True
"""A strong bipartisan majority"" in the House of Representatives ""voted to defund Obamacare.""",false,mostly-false,"['mostly-false', 'false']",2,True
“The unvaccinated have escaped every single strain or 'variant’” of SARS-CoV-2.,false,false,['false'],1,True
"If you went “anywhere in the world,” you could get a prescription filled for 40% to 60% less than it costs in the U.S.",mostly-true,mostly-true,"['true', 'mostly-true']",2,True
"""Back when I was studying it, two out of three families that ended up in bankruptcy after a serious medical problem had health insurance.""",mostly-true,mostly-true,"['true', 'mostly-true']",2,True
Says “black babies die at rates twice as high as white babies because of a lack of access to affordable health care.”,mostly-true,mostly-true,"['mostly-true', 'half-true', 'mostly-false']",3,True
"""HIV/AIDS among women is skyrocketing in Austin.""",false,false,['false'],1,True
"""Romneycare was model for Obamacare.""",true,true,['true'],1,True
"""Congresswoman Kathy Castor voted to spend $2.6 million to teach prostitutes in China to drink responsibly.""",pants-fire,pants-fire,['pants-fire'],1,True
"Insulin prices have ""gone THRU THE ROOF for patients/taxpayers bc of manufacturer, health plan & PBM biz practices.""",true,true,"['true', 'mostly-true']",2,True
“The five most-endangered hospitals in the country are all in (North Carolina).”,mostly-false,mostly-false,"['mostly-false', 'false']",2,True
"Says because of Donald Trump, ""the IRS decided to stop enforcing the individual mandate that was the underpinning of the ACA. That has resulted in insurance companies all across the country jacking their rates up, explicitly because they don't believe that healthy people will buy insurance.""",mostly-false,mostly-false,"['mostly-true', 'half-true', 'mostly-false', 'false']",4,True
Says that Josh Mandel voted to let insurance companies deny coverage for autism,mostly-true,half-true,"['mostly-true', 'half-true', 'mostly-false']",3,True
"Says ""we are overcharging students . . . to help pay for the health care law.""",half-true,mostly-true,"['mostly-true', 'half-true', 'mostly-false', 'false']",4,True
Insurance companies have seen their profits soar by more than 400 percent since 2001.,half-true,half-true,['half-true'],1,True
"Says opponents of the health care law  ""prevailed on our two main arguments"" to the U.S. Supreme Court.",mostly-true,mostly-true,"['mostly-true', 'half-true', 'mostly-false']",3,True
"""California, New York and Massachusetts, they represent about 20 percent of the population, they get close to 36 percent of Obamacare funding. It's just simply inequitable.""",mostly-false,mostly-false,['mostly-false'],1,True
"""700 jobs (were) lost because Allen Boyd"" voted for the health care bill.",mostly-false,false,"['mostly-false', 'false']",2,True
"New tax increases that went into effect on Jan. 1, 2015, ""all passed under the Affordable Care Act, aka Obamacare.""",pants-fire,false,"['mostly-false', 'false']",2,False
"""More than half of Planned Parenthood facilities are in rural or medically underserved areas.""",true,true,['true'],1,True
"Says a new report shows the ""devastating tax hikes (in the health care law) will have on middle-class Kentuckians.""",mostly-false,false,"['mostly-false', 'false']",2,True
"""If you’re getting your insurance through (your employer), nothing changes"" under Trumpcare.",half-true,false,"['mostly-false', 'false']",2,False
"Says that under the Obamacare law, health insurance ""premiums have increased by more than 105 percent since"" 2013.",mostly-true,mostly-true,"['true', 'mostly-true', 'half-true', 'mostly-false', 'false']",5,True
"""President Donald Trump even referred to one of (Kevin) Cramer’s health care repeal bills as 'mean' because the bill gutted protections for North Dakotans with preexisting conditions.""",mostly-true,true,"['true', 'mostly-true']",2,True
"Says Mark Udall ""decided Obamacare. ... He passed Obamacare with his vote.""",mostly-false,false,"['half-true', 'mostly-false', 'false']",3,True
"""These 15 political appointees (on the IPAB) will make all the major health care decisions for over 300 million Americans.""",false,false,"['mostly-false', 'false']",2,True
"Planned Parenthood is ""the only health care that a significant number of women get. About 30 percent of women, that's their health care.""",pants-fire,false,"['mostly-false', 'false']",2,False
"Obamacare premiums ""have gone up 160 percent in West Virginia in 4 yrs.""",mostly-true,mostly-true,"['mostly-true', 'half-true', 'mostly-false']",3,True
"Sen. Robert Bennett, R-Utah, cast votes for TARP, the stimulus, and an individual mandate for health care.",mostly-false,mostly-false,"['mostly-true', 'half-true', 'mostly-false', 'false']",4,True
"""Before this law was passed, Americans were told they could keep their current health care plans. After it became law, the administration issued regulations stating nearly half of Americans would lose their current plan.""",half-true,mostly-true,"['mostly-true', 'half-true', 'mostly-false']",3,True
"The polls ""show over half of Americans identify themselves as being pro-life.""",mostly-false,mostly-true,"['true', 'mostly-true', 'half-true', 'mostly-false', 'false']",5,True
"Says Joni Ernst ""claims she ‘pushed for’ new funding for hospitals and COVID-19 testing after opposing It for weeks.”",half-true,mostly-true,"['true', 'mostly-true', 'half-true', 'mostly-false', 'false']",5,True
"""We spend a staggering amount of money on health care — over $2-trillion and almost twice as much as any other country per person.""",half-true,half-true,['half-true'],1,True
"Says last year ""13 million (health insurance) rebates went out, in all 50 states. Another 8.5 (million) rebates are being sent out this summer, averaging around 100 bucks each.""",half-true,true,"['true', 'mostly-true']",2,False
"In 1993, Newt Gingrich ""first advocated for the individual mandate in health care. And as recently as May of this year, he was still advocating"" for it.",mostly-true,mostly-false,"['half-true', 'mostly-false', 'false']",3,False
"Says when New Jersey adopted guaranteed coverage and cost provisions without a mandate individual health insurance market rates ""doubled or tripled"" and enrollment dropped from 180,000 people to 80,000 people.",mostly-true,true,"['true', 'mostly-true']",2,True
"The COVID-19 vaccines ""suppress the immune system"" and make people more susceptible to HIV, shingles and herpes.",false,false,['false'],1,True
Sen. Joe Manchin and AARP “support government price-setting schemes” to divert money from Medicare to “unrelated government programs or pad big insurers’ profits.”,false,mostly-false,"['mostly-false', 'false']",2,True
"""I never had a filibuster-proof Senate.""",true,true,['true'],1,True
Says a federal plan to expand Medicaid would cost Florida taxpayers $26 billion over 10 years.,false,false,"['mostly-false', 'false']",2,True
"The health care law reduces ""the number of uninsured in America by 3 percent for how much money? $2 trillion.""",false,false,"['mostly-false', 'false']",2,True
"Says he ""got lobbied"" by a woman with late-stage cancer about vaccinating Texas girls against a virus that can cause cervical cancer.",false,true,"['true', 'mostly-true']",2,False
"Says Scott Walker is ""forcing some women to undergo a transvaginal probe to get an abortion.""",half-true,half-true,['half-true'],1,True
"Because of Obamacare ""people’s premiums ... are going up 35, 45, 55 percent.""",half-true,false,"['mostly-false', 'false', 'pants-fire']",3,False
"""Under the Baucus bill ... federal funds would subsidize coverage of elective abortions.""",false,false,"['true', 'false']",2,True
"""15 years ago, cancer drugs cost an average of $10,000 a year. Now it’s $10,000 a month.""",mostly-true,mostly-true,"['true', 'mostly-true', 'half-true']",3,True
"The GOP tax plan ""Sabotages the health care of 13 MILLION Americans.""",half-true,mostly-false,"['mostly-true', 'half-true', 'mostly-false']",3,True
"Planned Parenthood is ""nothing more than a referral service. … They don’t do anything except profit from killing babies and then selling body parts of those aborted babies.""",pants-fire,false,"['mostly-false', 'false']",2,False
"""In the health care bill, we're now offering insurance for dogs.""",pants-fire,pants-fire,['pants-fire'],1,True
"""Teddy Roosevelt first called for (health care) reform nearly a century ago.""",true,true,['true'],1,True
"""70 percent of Americans believe in improved and expanded Medicare for All.""",half-true,mostly-true,"['mostly-true', 'half-true', 'mostly-false']",3,True
"“The average hospital stay for a case of COVID-19 costs about $17,064. The vaccine is free.”",mostly-true,true,"['true', 'mostly-true']",2,True
Megyn Kelly promoted the “exotic coffee method” for weight loss on “Megyn Kelly Today.”,false,false,['false'],1,True
"""Abortions account for 94 percent of the services provided for pregnant women by Planned Parenthood.""",false,false,"['mostly-false', 'false']",2,True
"“A lot of times, health care comes with a job.”",half-true,mostly-true,"['mostly-true', 'half-true']",2,True
"""Back door gun control is in full effect in the United States"" due to ""Obama’s Environmental Protection Agency.""",pants-fire,false,"['mostly-false', 'false']",2,False
"In Virginia’s Medicaid program, ""approximately 30 percent, or $2.7 billion a year, is lost to waste, fraud and inefficiencies.""",mostly-false,false,"['mostly-true', 'half-true', 'mostly-false', 'false']",4,True
"Says a ""rape kit"" can be used to ""clean out"" women, ""basically like"" dilation and curettage.",pants-fire,false,['false'],1,False
"""We’ve got close to 7 million Americans who have access to health care for the first time because of Medicaid expansion.""",false,false,"['mostly-true', 'half-true', 'mostly-false', 'false']",4,True
"""Pregnant women who stand for five to six hours at a time increase their risk of pre-term pregnancy by 80 percent.""",mostly-false,false,"['mostly-false', 'false']",2,True
"""Wisconsin is a Top 10 state for health care coverage.""",true,mostly-true,"['true', 'mostly-true', 'half-true']",3,True
“Every pro-life Governor up for election in November won – by a large margin.”,mostly-true,mostly-false,"['mostly-true', 'half-true', 'mostly-false', 'false']",4,True
"""Scientists have shown us (that) the greater possibilities, the real science movement, has been with adult stem cell research. It has not been with embryonic.""",false,false,['false'],1,True
"Stimulus money funded a government board that made recommendations that would cost 378,000 jobs and $28.3 billion in sales.",false,false,['false'],1,True
"""Over the last six years, the state of Illinois spent about $320 million on illegal immigrants.""",true,true,"['true', 'mostly-true']",2,True
"""Millions of dollars are spent by Planned Parenthood to elect Democrats to the House of Representatives and the Senate.""",mostly-true,mostly-true,['mostly-true'],1,True
"Says Ann Kirkpatrick walked out ""on constituents when questioned"" on the Affordable Care Act.",half-true,mostly-false,"['half-true', 'mostly-false', 'false']",3,True
"Says Tommy Thompson favors Obama's health care mandate, was publicly thanked by Obama for health reform support and that Thompson ""says we can't repeal 'Obamacare.'""",false,false,['false'],1,True
"By voting for Obamacare, Sen. Kay Hagan ""voted to kill the equivalent of 2.5 million jobs.""",mostly-false,false,"['mostly-false', 'false']",2,True
"""Ron Johnson is trying to let insurance companies deny coverage to people with pre-existing conditions like cancer, depression, pregnancy, diabetes—or even COVID.”",mostly-false,mostly-false,"['mostly-true', 'half-true', 'mostly-false', 'false']",4,True
"""Ohio companies export more goods and services globally than 41 other states.""",true,true,['true'],1,True
"""The American people will be appalled to learn the health care bill exempts (congressional) leadership and committee staff.""",mostly-true,mostly-true,"['mostly-true', 'half-true']",2,True
There was an “attempt on the life” of Dr. Oz after he shared a blood pressure treatment.,false,false,['false'],1,True
"Rick Scott ""was forced to resign as the head of a company that pled guilty to massive amounts of systematic fraud, including 14 felonies, leading to a historic $1.7 billion fine.""",true,true,"['true', 'mostly-true']",2,True
"Says his ""patents in ultrasound have revolutionized modern medicine.""",pants-fire,pants-fire,['pants-fire'],1,True
Says Paul Ryan's budget relies on the same $700 billion in savings from Medicare that Mitt Romney and other Republicans have been attacking Democrats about.,true,true,"['true', 'mostly-true', 'half-true']",3,True
"""President Obama campaigned on a promise to put reproductive health care at the center of his reform plan.""",true,true,['true'],1,True
"Sen. Joe Lieberman's ""home state has a public option which covers about 10,000 of its citizens that was introduced by its Republican governor.""",mostly-true,mostly-true,['mostly-true'],1,True
"""Cost of iPhone: $399
- Cost of healthcare for 1 year: $10,345
- Hearing @jasoninthehouse compare the 2 as if they are the same: priceless""",mostly-true,false,"['mostly-true', 'half-true', 'mostly-false', 'false', 'pants-fire']",5,True
"Despite President Barack Obama's promise to cut healthcare costs, ""the average cost of a family policy is up $1,300.""",half-true,mostly-false,"['mostly-true', 'half-true', 'mostly-false']",3,True
"The Medicaid expansion is ""going to cost Florida $1.9 billion a year.""",false,false,"['mostly-false', 'false']",2,True
Sudden death in adults and Sudden Infant Death Syndrome are caused by vaccines.,false,false,['false'],1,True
Says some Georgians can get health insurance for $105 a month.,mostly-true,mostly-true,['mostly-true'],1,True
"""In Wisconsin, abortion is still a crime.""",mostly-false,mostly-false,"['mostly-true', 'half-true', 'mostly-false']",3,True
"""We spend almost twice as much per capita on health care as do the people of any other country.""",false,false,['false'],1,True
"Obama ""only wants your children to have health insurance.""",false,false,['false'],1,True
"Says ""the acting chief of the IRS said he – and the majority of IRS employees – would rather stay with his current"" health ""plan than switch to Obamacare.""",half-true,mostly-true,"['true', 'mostly-true', 'half-true']",3,True
"""Scientists tell us that we could have a cure in 10 years for Alzheimer's"" were it not for ""overzealous regulators, excessive taxation and greedy litigators.""",pants-fire,false,"['mostly-false', 'false']",2,False
"""The costs of cancer and all affiliated issues are over $20 billion a year to this state.""",true,true,['true'],1,True
"""Marco Rubio voted against funding health clinics that provide critical care during this public health emergency (Zika).""",mostly-false,false,"['true', 'mostly-true', 'mostly-false', 'false']",4,True
"""A single parent with a couple kids can easily get $35,000 a year"" in public assistance in Wisconsin.",mostly-false,mostly-false,"['mostly-false', 'false']",2,True
"""On day one, six people were able to sign up"" for health insurance through the federal marketplace.",mostly-true,true,"['true', 'mostly-true']",2,True
"Florida is ""second in the nation in the uninsured.""",mostly-true,mostly-true,"['true', 'mostly-true', 'half-true']",3,True
"Under his leadership, more people in Wisconsin ""have access to health care.""",half-true,half-true,['half-true'],1,True
"The Affordable Care Act is ""not the law of the land.""",false,false,"['mostly-false', 'false']",2,True
"""This unit is the only one in the state that strives to implement the principles of Mother-Friendly care as outlined by the national Coalition for Improving Maternity Services Mother-Friendly Childbirth Initiative.""",false,false,"['mostly-false', 'false']",2,True
"""The numbers of people that support Obamacare and like it have been steadily dropping.""",false,false,"['mostly-false', 'false']",2,True
"""We now have longitudinal data that shows that children born around Superfund sites have dramatically higher rates of birth defects, dramatically higher rates of autism.""",mostly-true,mostly-true,['mostly-true'],1,True
The U.S. Court of Appeals for the Fourth Circuit compared the health care law to buying a pepperoni and ham pizza from Domino's or Pizza Hut.,mostly-true,mostly-true,"['true', 'mostly-true', 'half-true', 'mostly-false', 'false']",5,True
"The growth in health care costs ""has been reined in through the Affordable Care Act.""",mostly-false,mostly-true,"['mostly-true', 'half-true', 'mostly-false', 'false']",4,True
"The conservative proposal to replace the Affordable Care Act ""lowers premiums by giving New York the freedom to end Obamacare’s costly and ridiculous rules.""",mostly-false,mostly-false,"['mostly-false', 'false']",2,True
"Obamacare is ""one big fat VA system.""",pants-fire,false,"['mostly-false', 'false', 'pants-fire']",3,True
"Says Barack Obama's health care law ""will be the biggest job-killer ever.""",false,false,['false'],1,True
The Trump administration has had “zero unfulfilled equipment and supply requests from state governors.”,false,false,"['mostly-false', 'false']",2,True
"""If Obamacare is fully implemented, 30 million people will still be without health insurance.""",mostly-true,mostly-true,['mostly-true'],1,True
Says Elissa Slotkin’s plan is to take Medicare away from current senior recipients.,false,false,"['mostly-false', 'false']",2,True
"""We spend more on health care than any other country, but we're ranked 47th in life expectancy and 43rd in child mortality.""",true,true,"['true', 'mostly-true']",2,True
"A new bill ""was written into the new health care reform initiative ensuring that Congress will be 100 percent exempt.""",false,false,['false'],1,True
"""Health care is the greatest contribution to spending increases in the state budget.""",true,true,['true'],1,True
"For health risk exceptions in Florida’s abortion amendment, “You're not even talking to a doctor to make that determination.”",false,true,"['true', 'mostly-true', 'half-true', 'mostly-false', 'false']",5,True
"The cost of ""health care is now the single-biggest factor driving down"" the federal budget deficit.",mostly-true,true,"['true', 'mostly-true']",2,True
"Obamacare ""will provide insurance to all non-U.S. residents, even if they are here illegally.""",pants-fire,false,['false'],1,False
"""This (SCHIP) is socialized medicine. It is going to go to families that make $60,000 a year. Those aren't poor children.""",true,mostly-false,"['half-true', 'mostly-false', 'false']",3,False
"The Democratic health care plan is a ""government takeover of our health programs.""",pants-fire,pants-fire,['pants-fire'],1,True
"""Dems want billions to go to Insurance Companies to bail out donors""",false,mostly-false,"['mostly-true', 'half-true', 'mostly-false', 'false']",4,True
"""Whether the Amendment passes or not, the medical use of marijuana is a federal criminal offense.""",true,false,"['true', 'mostly-false', 'false']",3,True
"""Fifty-three percent of teens  in Central Falls are getting pregnant.""",false,false,['false'],1,True
"""Democrats flip flop on pre-existing conditions.""",false,false,['false'],1,True
"Says Scott Walker's plan to replace Obamacare ""is a new entitlement"" program for ""every single American human being from the time they are born right up until they grow old and become eligible for Medicare.""",half-true,half-true,['half-true'],1,True
"The House health care bill pays for ""about six years of program with a decade of revenue, with the heaviest costs concentrated in the second five years.""",half-true,half-true,"['mostly-true', 'half-true']",2,True
"A Colgate toothpaste is subject to ""recall.""",false,false,"['mostly-false', 'false']",2,True
"""John Cornyn has voted to increase the debt, raise taxes, bail out Wall Street banks and fund Obamacare.""",half-true,mostly-true,"['true', 'mostly-true', 'half-true', 'mostly-false', 'false']",5,True
"Says Congressman Bill Pascrell ""voted to remove the public option from the Affordable Health Care Act.""",false,true,"['true', 'mostly-true', 'false']",3,True
"Says Mitt Romney wants to ""get rid of Planned Parenthood.""",mostly-false,mostly-false,"['mostly-false', 'false']",2,True
"""If we went back to the obesity rates that existed back in the 1980s, the Medicare system over several years could save as much as a trillion dollars.""",false,false,['false'],1,True
"Blue Cross headquarters has ""a $30,000 granite table.""",pants-fire,pants-fire,['pants-fire'],1,True
"Says the changes to the State Health Plan ""will DENY North Carolina state employees, retirees, and their families of in-network access to critical healthcare services.""",half-true,false,"['mostly-false', 'false']",2,False
"""Elizabeth Warren doesn't think Obamacare goes far enough: ‘The next step is single payer.' Does Sen. Nelson agree? He has in the past ... Sen. Nelson votes with Warren 90 percent of the time.""",mostly-false,mostly-false,"['mostly-true', 'half-true', 'mostly-false', 'false']",4,True
"""Currently, half a million Floridians have Alzheimer’s disease, and in less than 10 years, a 40 percent growth rate means that another 200,000 Floridians will develop this devastating illness.""",mostly-true,mostly-true,"['mostly-true', 'half-true']",2,True
"""If the CBO was right about Obamacare to begin with, there'd be 8 million more people on Obamacare today than there actually are. … Sometimes we ask them to do stuff that they're not capable of doing.""",half-true,mostly-true,"['mostly-true', 'half-true', 'mostly-false', 'false']",4,True
Says women who need a sonogram in the eighth to 10th week of pregnancy have to get a transvaginal sonogram.,mostly-true,mostly-true,['mostly-true'],1,True
The passage of the teacher tenure bill in the Fla. Legislature was like the health care bill in Congress because one party jammed it through.,half-true,mostly-true,"['true', 'mostly-true', 'half-true', 'mostly-false', 'false']",5,True
"""FACT: Nothing in #Obamacare forces people out of their health plans.""",false,false,"['mostly-false', 'false']",2,True
"It's a good sign for Obamacare that in California, ""the proportion of kids who are signing up is the proportion of kids in the population.""",half-true,mostly-true,"['true', 'mostly-true', 'half-true']",3,True
"The Affordable Care Act is ""a major reason why we’ve seen 50,000 fewer preventable patient deaths in hospitals.""",mostly-true,mostly-true,"['true', 'mostly-true']",2,True
Says his policy is that “health insurance should always cover preexisting conditions. For anyone. Period.”,false,false,"['mostly-false', 'false']",2,True
"Addressing the impact of the House GOP debt-ceiling bill on veterans’ programs, ""I'm dead serious that we're not cutting veterans, and I mean it.""",mostly-false,false,"['mostly-false', 'false']",2,True
"Barack Obama ""wants the government to take over health care, spend hundreds of billions of dollars of new money for health insurance for everyone.""",mostly-false,mostly-false,['mostly-false'],1,True
"""Unions don’t have to comply with Obamacare.""",pants-fire,false,"['mostly-false', 'false']",2,False
"""Rhode Island will become just the second state to mandate the vaccine … and the only state to do so by regulatory fiat, without public debate, and without consideration from the elected representatives of the people.""",half-true,false,"['mostly-false', 'false']",2,False
Says Joe Biden and Kamala Harris support abortion “up to the moment of birth.”,false,false,"['mostly-false', 'false']",2,True
"Says 1 in 5 Texans did not have health insurance coverage before the pandemic, and now “nearly 1 in 3 Texans under the age of 65 don’t have access to health care insurance.”",true,mostly-true,"['mostly-true', 'half-true']",2,False
Former President Donald Trump told Time magazine that “states should monitor women’s pregnancies and prosecute those who violate abortion bans.”,mostly-false,false,"['mostly-false', 'false']",2,True
"""I helped write"" the Affordable Care Act.",mostly-false,half-true,"['mostly-true', 'half-true']",2,False
"""Seventy percent of all uninsured live in households in which at least one person is working.""",true,mostly-true,"['true', 'mostly-true']",2,True
"“On Feb. 25, I voted yes on a budget resolution that protects Social Security, Medicare, and Medicaid while cutting some spending elsewhere.""",false,false,"['mostly-false', 'false']",2,True
"The fiscal cliff agreement was ""the largest tax increase in history.""",false,false,['false'],1,True
"""(Brendan) Doherty wants to raise the eligibility age for Social Security benefits for anyone born after 1960, with no regard for the challenges it would cause for people working in physically demanding occupations.""",false,mostly-false,"['mostly-true', 'half-true', 'mostly-false', 'false']",4,True
"Amid the ""crisis at our southern border,"" there are ""reports of illegal migrants carrying deadly diseases such as … Ebola virus.""",pants-fire,false,"['false', 'pants-fire']",2,True
"""In about three weeks over a half million Floridians are going to lose their coverage again"" through Obamacare.",half-true,mostly-false,"['mostly-true', 'half-true', 'mostly-false', 'false']",4,True
"""Rhode Island has the second highest per enrollee (Medicaid) cost of any state in the country, which is 60 percent higher than the national average.""",mostly-true,mostly-true,"['true', 'mostly-true']",2,True
"""The pharmaceutical industry has 1,400 lobbyists on Capitol Hill right now trying to stop"" Medicare drug price negotiation.",half-true,mostly-true,"['mostly-true', 'half-true', 'mostly-false']",3,True
"The government will ""go out and buy my breast pump for my babies.""",false,false,['false'],1,True
"Says a man opted out of Obamacare after the marketplace launched on Oct. 1, 2013, and was informed he owed a $4,000 fine.",pants-fire,false,"['false', 'pants-fire']",2,True
"""Congressman Phil Roe hands out $1.3M government check"" from a federal program that ""he voted against.""",mostly-true,mostly-true,"['true', 'mostly-true', 'half-true', 'mostly-false', 'false']",5,True
Says the Affordable Care Act “took money out of the Medicare trust fund.”,half-true,false,"['mostly-false', 'false']",2,False
Health insurance companies pay CEOs $24 million a year,mostly-false,mostly-false,"['mostly-true', 'half-true', 'mostly-false']",3,True
"""We had a waiting list in Chittenden County when I came into office of about 700. ... We opened a new treatment hub in St. Albans, and it reduced that number to zero.""",half-true,mostly-true,"['mostly-true', 'half-true']",2,True
"""When (Joe Kyrillos) had an opportunity to vote for women in terms of their health care, not once, not twice, but six times, he voted against women’s health care in our state.""",true,true,['true'],1,True
"""Any government-run 'public' plan ... forces more employers to drop employee coverage due to rising costs and pay an additional 8% payroll tax for each worker.""",mostly-false,mostly-false,"['mostly-false', 'false']",2,True
"The Department of Veterans Affairs has ""a manual out there telling our veterans stuff like, 'Are you really of value to  your community?' You know, encouraging them to commit suicide.""",pants-fire,pants-fire,['pants-fire'],1,True
Every child in Colorado who has been given medical marijuana for treatment for seizures has had diminished seizure activity.,half-true,half-true,['half-true'],1,True
"Brendan Doherty wants ""to repeal Obamacare, increasing drug prices for seniors.""",mostly-false,mostly-false,"['mostly-true', 'half-true', 'mostly-false', 'false']",4,True
"He ""stood up to Barack Obama by passing legislation that prevents you from being forced to join government health plans or buy health insurance against your will.""",half-true,half-true,['half-true'],1,True
"""One out of five Americans cannot afford the cost of prescription drugs.""",mostly-true,mostly-true,"['true', 'mostly-true', 'half-true']",3,True
"As a result of Obamacare, ""California seniors face benefit cuts of over $1,700.""",false,false,"['mostly-false', 'false']",2,True
"Says Paul Ryan ""voted for two wars that were unpaid for, voted for the Bush tax cuts that were unpaid for, voted for the prescription drug bill that cost as much as my health care bill -- but wasn't paid for.""",mostly-true,mostly-true,['mostly-true'],1,True
"A proposed amendment ""allows a teenager to get a recommendation for medical marijuana without the consent of a parent.""",half-true,mostly-true,"['true', 'mostly-true', 'half-true', 'false']",4,True
"""Rick Scott wants to take us back to the days of insurance companies denying coverage for pre-existing conditions.""",mostly-true,mostly-false,"['mostly-true', 'half-true', 'mostly-false', 'false']",4,True
"The GOP health bill ""would once again allow being a rape or domestic violence victim to be a pre-existing condition.""",mostly-false,mostly-false,"['mostly-false', 'false']",2,True
"""The American healthcare system burns 18 percent of our national GDP. Nobody else is close.""",true,mostly-true,"['true', 'mostly-true', 'half-true']",3,True
"""The Collins-Nelson bill will not protect pre-existing conditions. It has nothing to do with pre-existing conditions.""",mostly-false,false,"['mostly-false', 'false']",2,True
"Says Barack Obama ""is the only president to ever cut $500 billion from Medicare.""",false,false,"['mostly-false', 'false']",2,True
"Says Betsy DeVos and her family ""have donated extensively to groups which promote the idea that students who identify as LGBT must undergo 'conversion' therapy.""",mostly-false,mostly-false,"['mostly-true', 'half-true', 'mostly-false']",3,True
"Under the Democratic health plan, families ""will be forced to spend an additional $2,100 a year to keep their current health care.""",mostly-false,mostly-false,"['mostly-false', 'false']",2,True
"""In 1993 the Republicans embraced a health platform that proudly features an individual mandate as its main component.""",half-true,false,"['mostly-true', 'half-true', 'mostly-false', 'false']",4,True
"""Health insurance companies' costs are only 4 percent of all health care spending.""",true,true,['true'],1,True
Ohio’s Issue 1 “allows for abortion after viability for…financial reasons.”,false,false,"['mostly-false', 'false']",2,True
"Before Obamacare, Wisconsin’s ""high-risk pool"" for health insurance ""had eight or nine"" plans to choose from, people ""could go to any doctor or any hospital they wanted, and their premiums and co-pays were cheaper than they are under Obamacare today.""",half-true,half-true,['half-true'],1,True
"The House Republican health care bill ""guts protections against massive price hikes for Georgians with pre-existing conditions.""",half-true,mostly-true,"['true', 'mostly-true', 'half-true', 'mostly-false']",4,True
"""Nearly 46 million Americans don't have health insurance coverage today.""",mostly-true,mostly-true,['mostly-true'],1,True
"Under a new law regulating abortions, ""Even if you're raped, if you don't report it in the first 30 days, the Republicans will force you to have an ultrasound.""",half-true,half-true,['half-true'],1,True
"""Taxpayer-funded benefits to illegals"" in California are ""a skyrocketing cost under Obamacare.""",false,false,['false'],1,True
"Under the Affordable Care Act, ""some people were gaming the system"" by paying ""for nine months of insurance, get 12 -- the other three for free.""",mostly-false,false,"['half-true', 'mostly-false', 'false']",3,True
"""Kathleen Peters refuses to ‘take a stand’ to repeal Obamacare.""",mostly-false,true,"['true', 'mostly-true', 'half-true', 'false']",4,False
"""Since I took office, Wisconsin now has the 2nd highest health care quality ranking in the country.""",half-true,half-true,['half-true'],1,True
"Says Rick Perry's ""Pay to Play"" politics led him to send $899 million to an offshore call center in Bermuda, driving down enrollment in children's health insurance",false,false,['false'],1,True
"""Did you know under President Obama family health care premiums have increased $4,154 on the average?""",mostly-false,false,"['mostly-false', 'false']",2,True
"""Hillary stood up for universal health care when almost no one else would, and kept standing till 6-million kids had coverage.""",half-true,half-true,['half-true'],1,True
"Obama ""won health care for 150,000 people.""",true,true,['true'],1,True
"""Diane Black voted to fund Obamacare.""",false,false,"['true', 'mostly-true', 'half-true', 'mostly-false', 'false']",5,True
"In the 1970s, ""the swine flu broke out . . . under another Democrat, President Jimmy Carter.""",pants-fire,pants-fire,['pants-fire'],1,True
"With Medicare for All, ""study after study has shown that ... the average middle-class families will save $3,000 each and every year on their health care bills.""",mostly-false,mostly-false,"['mostly-false', 'false']",2,True
"“Over 130 legislators in this chamber have endorsed legislation that would bankrupt our nation by providing free taxpayer-funded health care to millions of illegal aliens, forcing taxpayers to subsidize free care for anyone in the world who unlawfully crosses our borders.""",half-true,false,"['mostly-false', 'false']",2,False
"""If you're over 65 years old in America today, you have no choice but to be in Medicare. Even if you want out of Medicare, you have to forfeit your Social Security to get out of it.""",half-true,half-true,['half-true'],1,True
"""Oregon is the only state out of the 50 states in the USA that continues to pay 100% of the medical benefits for its employees and their families.""",false,false,['false'],1,True
"""Over the past decade, drug prices have risen at three times the rate of inflation.""",half-true,mostly-true,"['true', 'mostly-true']",2,False
"""Canadian middle class incomes are now higher than in the United States. They are working fewer hours for more pay, … living longer on average, and facing less income inequality.""",mostly-true,true,"['true', 'mostly-true']",2,True
"""Actually, on some procedures, you're more likely to die if you're on Medicaid than if you're uninsured.""",mostly-false,false,"['true', 'mostly-true', 'half-true', 'mostly-false', 'false']",5,True
"""The first installment of health care reform ... will raise the deficit by $250 billion.""",half-true,half-true,['half-true'],1,True
"""Despite the administration telling us (health care reform) was going to reduce health care costs, they now acknowledge it's going to dramatically increase health care costs.""",false,false,['false'],1,True
"""There’s no strings attached to that money that we’d be getting as an incentive to expand Medicaid.""",half-true,mostly-true,"['mostly-true', 'half-true']",2,True
"President Obama ""promised"" families making less than $250,000 a year would not see taxes go up, but ""Obamacare raises 18 different taxes.""",mostly-false,mostly-false,"['mostly-false', 'false']",2,True
"Florida’s proposed medical marijuana amendment ""would make Florida one of the most lenient medical-marijuana states, allowing use for limitless ‘other conditions’ specified by any physician.""",mostly-true,mostly-true,"['true', 'mostly-true', 'half-true', 'mostly-false', 'false']",5,True
"People with insurance through the Affordable Care Act will see a “75% increase in premiums starting Nov. 1” if enhanced subsidies are not extended, including “twice as much in the rural areas.”",mostly-true,mostly-true,"['mostly-true', 'half-true', 'mostly-false']",3,True
"""The Government Accountability Office estimated (Obamacare) will add to the long-term deficit by $6.2 trillion.""",mostly-false,false,"['true', 'false']",2,False
"""When they passed Obamacare, they put a bailout fund in Obamacare. … We led the effort and wiped out that bailout fund.""",mostly-false,false,"['half-true', 'mostly-false', 'false']",3,True
"""80 percent of the (individual mandate) tax falls on those who make $50,000 a year or less.""",mostly-true,mostly-false,"['mostly-true', 'half-true', 'mostly-false', 'false']",4,True
"Says there is a report ""that showed that, should we move to cover more people to a Medicare for All system, we could actually save the system trillions over an extended period of time.""",half-true,mostly-true,"['true', 'mostly-true', 'half-true']",3,True
"""Two-thirds of the top-rated hospitals in Florida were our hospitals.""",mostly-true,mostly-true,['mostly-true'],1,True
"The Democratic health care bill will ""collect higher taxes for 10 years  and provide health care for only six years.""",half-true,half-true,['half-true'],1,True
"""A couple of debates ago, (Donald Trump) said if you don’t support socialized health care, you’re heartless.""",pants-fire,false,"['mostly-false', 'false']",2,False
"""A single mother of two can’t qualify for basic healthcare through Medicaid if she makes more than $3,504 dollars a year.""",mostly-true,false,"['mostly-false', 'false']",2,False
Says Vicks VapoRub caused a child’s death.,false,false,['false'],1,True
"""If you and I fail to defund ObamaCare now, some 16,000 new IRS agents will be begin prying into our private medical records, eyeing each and every one of our treatments and prescriptions for ""violations’.""",pants-fire,false,"['mostly-false', 'false']",2,False
"Cover Florida ""is available to any Floridian, offering basic coverage for about $150 a month, instead of the typical $600 a month.""",mostly-false,mostly-false,"['mostly-true', 'mostly-false', 'false']",3,True
"Says Sen. Mark Pryor voted for ""special subsidies"" for lawmakers and staff in Congress ""so they’re protected from Obamacare.""",false,mostly-false,"['mostly-true', 'half-true', 'mostly-false', 'false']",4,True
"After prenatal diagnosis, ""90 percent of Down syndrome children in America are aborted.""",half-true,mostly-false,"['mostly-true', 'half-true', 'mostly-false', 'false']",4,True
"Under the new health care law, ""all real estate transactions will be subject to a 3.8% Sales Tax""",pants-fire,false,"['false', 'pants-fire']",2,True
"Says if the AHCA replaces Obamacare it will ""significantly reduce insurance premiums in"" North Carolina.",half-true,false,"['mostly-false', 'false']",2,False
"Medicaid ""is contributing to 70 percent of our budget deficit right now. It’s the one that is in our lap because of Obamacare.""",mostly-false,mostly-false,"['mostly-false', 'false']",2,True
"""In Jeanne Shaheen, New Hampshire has a Senator who was the deciding vote to pass Obamacare.""",mostly-false,false,"['mostly-true', 'half-true', 'mostly-false', 'false']",4,True
"Ezekiel Emanuel, one of President Obama's key health care advisers, ""says medical care should be reserved for the nondisabled. So watch out if you're disabled.""",false,false,['false'],1,True
"""Pfizer tries to hide 2.4K full-time hires handling vax injuries.""",mostly-false,false,"['mostly-false', 'false']",2,True
"""Things went wrong with the Medicare prescription D plan that George Bush rolled out.""",true,true,"['true', 'mostly-true']",2,True
Health insurance costs for Floridians are up 30 percent or more.,mostly-false,mostly-false,"['mostly-false', 'false']",2,True
"The health care reform law ""reduces the deficit by nearly $1.2 trillion over the next two decades.""",half-true,half-true,['half-true'],1,True
"""The costs for families (in the individual market) for the same type of coverage that they're currently receiving would go down 14 percent to 20 percent.""",half-true,half-true,"['mostly-true', 'half-true']",2,True
"Over the past few months, we've learned that ""we just can't count on the media to debunk"" lies about health insurance reform.",pants-fire,pants-fire,['pants-fire'],1,True
"Says Scott Walker refused federal funds and ""Wisconsin families now pay nearly 50% more than Minnesotans for the same health care.""",mostly-false,mostly-false,['mostly-false'],1,True
The Senate health care bill does not contain limits on medical malpractice lawsuits.,true,true,['true'],1,True
"""When the Republicans were in charge, they actually expanded government health care with the prescription drug program.""",true,true,['true'],1,True
"Rob Portman shares ""radical, ideological views"" toward women.",false,false,['false'],1,True
"In the Senate version of the health reform bill, ""Every enrollee in the Office of Personnel Management enrolled plan, every enrollee has to pay a minimum of $1 per month towards reproductive rights, which includes abortion.""",false,false,['false'],1,True
"""In WI, over 79% of Title X patients rely on Planned Parenthood for their basic health care.""",mostly-true,mostly-true,"['mostly-true', 'half-true', 'mostly-false', 'false']",4,True
"Federal law for Obamacare navigators ""does not bar — or even require screening for — convicted felons, including individuals convicted of identity theft or fraud.""",half-true,true,"['true', 'mostly-true', 'half-true', 'mostly-false', 'false']",5,True
"""They are literally chopping off the private parts of young kids.""",mostly-false,false,"['mostly-false', 'false']",2,True
Switzerland banned mammograms.,false,false,['false'],1,True
"""Texas mothers are dying during childbirth at the highest rates in the nation.""",mostly-true,true,"['true', 'mostly-true']",2,True
"Says New Hampshire’s second congressional district includes two counties where ""almost 5 percent if not more"" of residents are enrolled in the state’s expanded Medicaid program.",true,mostly-true,"['true', 'mostly-true', 'half-true']",3,True
"Under Ryan plan, ""those 54 and younger would receive the same kind of healthcare options now enjoyed by members of Congress.""",mostly-false,mostly-false,"['mostly-true', 'mostly-false', 'false']",3,True
"Of the roughly 15 percent of Americans who don’t have health insurance, ""half of them made more than $50,000 a year.""",false,false,"['half-true', 'mostly-false', 'false']",3,True
"""Social Security took seven years before anybody got the first check.""",mostly-false,mostly-false,"['mostly-false', 'false']",2,True
"If the legislature refuses to expand Medicaid, ""27 states are going to get our money – Virginia taxpayer money – into their states to provide health care for their citizens, paid for by us.""",mostly-false,false,"['mostly-true', 'half-true', 'mostly-false', 'false']",4,True
"Federal law adopted ""under Tommy Thompson's watch"" prohibits the government from negotiating for ""better prices"" on prescription drugs for senior citizens",true,true,['true'],1,True
"""Emboldened by election, Texas Republicans kill Medicaid funding for kids with disabilities.""",pants-fire,false,"['mostly-false', 'false']",2,False
"Mark Warner cast ""the tiebreaking vote"" to pass Obamacare.",mostly-false,false,"['half-true', 'mostly-false', 'false']",3,True
President Joe Biden will “control health care costs by slapping a 95% tax on prescription drugs.”,false,false,['false'],1,True
"“Republicans just unveiled their ‘big, beautiful bill,’ which will take Medicaid & health insurance away from 13.7 million Americans.”",half-true,mostly-true,"['true', 'mostly-true', 'half-true', 'mostly-false', 'false']",5,True
"""Why didn't (uninsured Americans) buy insurance? Because of the expense.""",true,true,"['true', 'mostly-true']",2,True
"If the Affordable Care Act were terminated, “that would mean over a hundred million Americans will lose protections for preexisting conditions.”",mostly-true,mostly-true,"['true', 'mostly-true', 'half-true']",3,True
"Mental health provisions related to mass shootings ""got over 90 votes in the Senate.""",true,false,"['true', 'mostly-true', 'half-true', 'mostly-false', 'false']",5,True
"""If we make no changes over the next 10 years, Americans will reach into their pockets and pay out about $11 trillion on insurance premiums, copays, deductibles and uncovered medical expenses.""",true,true,"['true', 'mostly-true']",2,True
"""The American people support defunding Obamacare and oppose shutting down the government.""",mostly-false,false,"['mostly-false', 'false']",2,True
“Pete Buttigieg is a favorite candidate of Wall Street and the health care industry.”,half-true,mostly-false,"['mostly-true', 'half-true', 'mostly-false']",3,True
"Thirteen Democratic senators ""voted against cheaper medicines"" and took millions from ""big pharma since 2011.""",mostly-false,mostly-false,"['mostly-false', 'false']",2,True
Says Donald Trump said the government is going to pay for everybody to have health care.,false,false,"['mostly-false', 'false']",2,True
"A typical married couple ""will contribute $119,000"" into Medicare but will ""receive $357,000 in Medicare benefits over their lifetimes.""",true,true,"['true', 'mostly-true']",2,True
"""Common welfare programs give income of $43,330 or $20.83 an hour.""",mostly-false,false,"['mostly-true', 'half-true', 'mostly-false', 'false']",4,True
"""Liberal Democrats"" who back Dan McCready ""cut $716 BILLION from Medicare to fund their healthcare scheme: Obamacare.""",mostly-false,false,['false'],1,False
"Florida’s proposed Health Care Freedom Act ""will allow Floridians to opt out of Obama’s govt. takeover of healthcare!""",false,false,['false'],1,True
Vice President Kamala Harris “endorsed free taxpayer-funded government health care for all illegal aliens.”,mostly-false,false,"['mostly-false', 'false']",2,True
"There is a Republican ""plan to end Medicare.""",false,false,['false'],1,True
"""President Obama's bill won't bring down the costs (of health care) for average Americans -- or really for very few Americans, if any.""",false,false,['false'],1,True
"Says that in fiscal year 2010, ""nearly 80 percent of women served"" in the Texas Women’s Health Program received services from a provider other than a Planned Parenthood clinic.",half-true,false,"['mostly-false', 'false']",2,False
"""20 million people could lose their current coverage"" … ""including our senior citizens who are on Medicare.""",pants-fire,false,"['mostly-false', 'false']",2,False
"""One-third of the counties — think of it, one-third — only have one insurer left"" on the Affordable Care Act exchanges.",true,mostly-true,"['true', 'mostly-true']",2,True
"""The vast majority of people that got insurance under President Obama's Obamacare, the Affordable Care Act, got it through Medicaid.""",half-true,mostly-false,"['mostly-true', 'half-true', 'mostly-false', 'false']",4,True
"""Did you know ObamaCare will cost nearly twice as much as initially expected -- $1.8 TRILLION?""",false,false,['false'],1,True
"""Nothing in any of the Democrat bills would require individuals to verify their citizenship or identity prior to receiving taxpayer-subsidized benefits.""",half-true,half-true,"['half-true', 'mostly-false']",2,True
"Says Donald Trump promised ""to take care of everybody (through government-run healthcare and) the government's going to pay for it.""",false,false,"['mostly-false', 'false']",2,True
California is leading the nation in holding drug companies accountable and fighting prescription drug prices.,half-true,mostly-true,"['true', 'mostly-true']",2,False
"Says the Koch Brothers sponsored ""a study that shows that Medicare for All would save the American people $2 trillion over a 10-year period.""",half-true,mostly-true,"['true', 'mostly-true', 'half-true']",3,True
Medicare officials have treated Humana and AARP inconsistently on how they can communicate with seniors.,false,false,"['mostly-false', 'false']",2,True
"Says U.S. House candidate Carlos Curbelo ""opposes the repeal of Obamacare.""",mostly-false,false,"['mostly-true', 'half-true', 'mostly-false', 'false']",4,True
"""Half of all hospitalized seniors are suffering from malnutrition so severe that it either caused their illness or it prevents them from getting better.""",mostly-false,false,"['half-true', 'mostly-false', 'false']",3,True
"""We have got 20 million folks out there across this land who have told the federal government, ‘Phooey, nonsense, I’m not going to participate in your program, because it doesn’t do what I need done.’ """,mostly-false,mostly-false,"['mostly-true', 'half-true', 'mostly-false', 'false']",4,True
"""There were more people at the Air and Space Museum"" than at a rally against the health care bills.",half-true,mostly-false,"['mostly-true', 'half-true', 'mostly-false', 'false']",4,True
"Repealing the health care law ""would save $95 billion in 2016.""",false,false,['false'],1,True
"Ohio is ""probably top five in the country, sadly, in terms of heroin overdoses. It’s now exceeded car accidents as the No. 1 cause of death in Ohio.""",half-true,mostly-true,"['true', 'mostly-true', 'half-true']",3,True
"Eric Hovde “wants to repeal the Affordable Care Act, and kick millions off their health insurance.”",true,true,"['true', 'mostly-true', 'half-true', 'mostly-false', 'false']",5,True
"Ann Kuster turned ""a blind eye to those in need of funding"" by voting ""against funding for our nation’s veterans, low-income women and children, the FDA and the National Institutes of Health.""",mostly-false,mostly-false,"['mostly-false', 'false']",2,True
"""Before World War II, very few people actually had health insurance.""",true,mostly-true,"['true', 'mostly-true']",2,True
"""We have technology and medical advancements today that can tell you if you are pregnant the day after conception.""",false,false,['false'],1,True
"The United States is ""50th in life expectancy"" in the world.",mostly-true,mostly-true,"['mostly-true', 'half-true', 'mostly-false']",3,True
"“N95 masks block few, if any” COVID-19 particles due to their size.",pants-fire,false,['false'],1,False
"""When (Marcy) Kaptur fought for the Democrats' prescription drug benefit for seniors, (Dennis) Kucinich voted no.""",false,false,['false'],1,True
"Says the Texas Department of Agriculture seeks to purchase up to 300,000 promotional stress balls.",true,true,['true'],1,True
"""13 percent of Americans, the lowest ever, are without health care.""",half-true,false,"['mostly-true', 'half-true', 'mostly-false', 'false']",4,True
"""Some of the Democrats have been talking about ending (coverage for) pre-existing conditions.""",pants-fire,false,['false'],1,False
"""Cuba has a lung cancer vaccine we in the US had no access to because we sanctioned Cuba.”",half-true,mostly-false,"['half-true', 'mostly-false', 'false']",3,True
"In 2007, Ed Gillespie ""was paid $300,000 to be the frontman for a coalition that made the individual mandate the centerpiece of its health reform plan.""",mostly-false,true,"['true', 'mostly-true', 'half-true', 'mostly-false', 'false']",5,True
"""This administration is slashing the Navy to pay for more Obamacare.""",pants-fire,false,"['mostly-false', 'false']",2,False
"Says Joe Straus ""was co-author of a bill that would have allowed Planned Parenthood to control public school sex education.""",pants-fire,pants-fire,['pants-fire'],1,True
“71 out of 72 Wisconsin counties filed lawsuits against Purdue Pharma. Brad Schimel refused to join them.”,half-true,mostly-true,"['true', 'mostly-true', 'half-true', 'mostly-false', 'false']",5,True
"""We’re talking right now about a $12 billion hole in our current, so-called balanced"" state ""budget.""",half-true,mostly-true,"['true', 'mostly-true']",2,False
“The White House just announced that Trump only has four days left” because of his chronic venous insufficiency.,pants-fire,false,['false'],1,False
"Oregon’s ""three largest employers, and 13 of the top 25, are health care providers.""",false,false,"['mostly-false', 'false']",2,True
Says real estate taxes were put in place to pay for Obamacare.,mostly-false,false,"['mostly-false', 'false']",2,True
"""2009-2010, let's remember, hundreds of Republican amendments were adopted in the ACA.""",half-true,mostly-false,"['half-true', 'mostly-false', 'false']",3,True
"“The House voted to cap insulin prices to $35/month, just $420 each year! Richard Hudson voted NO.”",false,false,"['mostly-false', 'false']",2,True
"A ""fairly limited number of people, 25 million to 30 million,"" will be allowed to access a national health insurance exchange.",true,true,['true'],1,True
"Says that in his first 17 months as president, the United States doubled its world-leading $500 million a year commitment to fighting global AIDS.",true,true,['true'],1,True
"The Moderna vaccine contains an ingredient that is “for research use only, not meant for human or veterinary use.”",false,false,['false'],1,True
"""The VA negotiates prescription drug prices. Medicare doesn't do that.""",true,true,['true'],1,True
Says 50 million people would lose their health insurance if Obamacare is repealed.,mostly-false,mostly-true,"['true', 'mostly-true', 'half-true', 'mostly-false']",4,True
"There are ""10 or 20 deaths a year from foodborne illness"" in the United States.",false,false,['false'],1,True
"Obamacare is ""hurting people right now"" with premium increases of up to 116 percent.",mostly-true,mostly-true,['mostly-true'],1,True
"Obamacare ""prevents (Florida) from regulating insurance.""",pants-fire,false,"['mostly-false', 'false']",2,False
"The United States is ""the only major country on earth that doesn't guarantee health care to all people as a right, not a privilege.""",half-true,mostly-true,"['true', 'mostly-true', 'half-true', 'mostly-false']",4,True
"""[A]n extra 8 million Americans [are] projected to join state Medicaid programs in the next few years.""",half-true,half-true,['half-true'],1,True
"Insurance companies ""have made a fortune with Obamacare.""",false,mostly-false,"['mostly-false', 'false']",2,True
"Some doctors say Ebola can be transmitted through the air by ""a sneeze or some cough.""",false,false,"['mostly-false', 'false']",2,True
"Says Sen. Sherrod Brown ""cast the deciding vote on the government takeover of health care.""",false,false,['false'],1,True
Georgia has the highest flu activity in the country.,mostly-true,false,"['true', 'mostly-true', 'half-true', 'false']",4,True
Says the Affordable Care Act has already reduced the number of uninsured in Oregon by 10 percent.,true,mostly-true,"['true', 'mostly-true', 'half-true']",3,True
Says Donald Trump is for a single-payer health care system.,half-true,false,"['half-true', 'mostly-false', 'false']",3,True
A hidden provision in Obamacare taxes sporting goods as medical devices.,pants-fire,pants-fire,"['false', 'pants-fire']",2,True
"A friend’s sister ""died from Obamacare"" because Blue Shield ""completely just pulled out of California.""",pants-fire,false,['false'],1,False
"""Most young Americans right now, they’re not covered"" by health insurance.",false,false,"['true', 'half-true', 'mostly-false', 'false']",4,True
"""Weeks after accepting a quarter-million-dollar campaign contribution"" from a hospital board chairman, Greg Abbott went to court against victims of a drug-taking neurosurgeon.",mostly-true,true,"['true', 'mostly-true']",2,True
"A Medicaid provision added to the Senate health care reform bill ""is not a special deal for Nebraska.""",false,false,['false'],1,True
"Says Alison Lundergan Grimes ""supports Obamacare, which cuts $700 billion from seniors’ Medicare.""",half-true,false,"['mostly-false', 'false']",2,False
"A post comparing two construction workers — “Joe legal” and “Jose illegal” — says “Jose” pays no taxes yet gets free medical care, food stamps, welfare, and 'head of the class' priority for his children in applying for college.",false,false,"['false', 'pants-fire']",2,True
“Jen Kiggans’ campaign confirmed today that she would support a national abortion ban.”,half-true,false,"['mostly-true', 'half-true', 'mostly-false', 'false']",4,True
"""Before 1973 it was illegal in the U.S. to profit off of health care.""",false,false,"['mostly-true', 'half-true', 'mostly-false', 'false']",4,True
"Measures in Barack Obama's health plan could ""lower health care costs for the typical family by $2,500 a year.""",half-true,half-true,['half-true'],1,True
"The employer mandate ""affects only 5 percent of businesses in this country.""",mostly-true,false,"['mostly-false', 'false']",2,False
"""The first (state) budget that came out of our Republican leadership slashed funding to Planned Parenthood...It resulted in the reduction of hours, the elimination of days, elimination of access to women in my city and all over my state.""",true,true,"['true', 'mostly-true']",2,True
"“You know what’s in this bill? No medical malpractice suits until 2024, even if they’re not COVID related.”",mostly-false,false,"['mostly-false', 'false']",2,True
"Says ""David Schweikert took over $120,000 from the drug industry and voted against legislation to lower prescription drug prices.""",mostly-true,true,"['true', 'mostly-true']",2,True
"“According to the Congressional Budget Office,” the Inflation Reduction Act “will save the federal government $160 billion over the next 10 years because Medicare will be paying less for the prescription drugs they’re making available to seniors.”",mostly-true,mostly-true,"['true', 'mostly-true', 'half-true']",3,True
"The United States has seen ""a net loss of people with health insurance"" because of Obamacare.",false,false,"['mostly-false', 'false']",2,True
"""Defensive medicine costs Georgia up to $14 billion a year.""",half-true,half-true,['half-true'],1,True
"""The insurance commissioner can’t do squat about health care.""",mostly-true,mostly-true,"['mostly-true', 'half-true']",2,True
"""400,000 Oregonians have gained access to health care"" through the Affordable Care Act.",half-true,mostly-true,"['true', 'mostly-true']",2,False
"Black women in the U.S. are “three to four times more likely to die in connection with childbirth than other women.""",true,true,['true'],1,True
"""Every Senate Democrat has voted to support unlimited abortions up to the moment of birth.”",false,false,['false'],1,True
"""We have over 300 state agencies. Forty-five of those agencies are related to health care.""",false,false,['false'],1,True
"Says the Congressional Budget Office ""said if you’re going to buy your own policy with these (health care) exchanges you’ll be paying 10 percent more ... about $2,100 more for a family.""",mostly-false,mostly-true,"['true', 'mostly-true', 'half-true']",3,False
"Says Walker ""wants to get rid of"" students’ ability to stay on their parents’ health insurance.",false,false,['false'],1,True
"""The people in Massachusetts like (the state health care plan) by about a 3-1 margin.""",true,true,"['true', 'mostly-true']",2,True
"""$21T in Pentagon accounting errors. Medicare for All costs ~$32T. That means 66% of Medicare for All could have been funded already by the Pentagon.""",false,false,"['mostly-false', 'false', 'pants-fire']",3,True
"Nearly 6 in 10 uninsured Americans ""can get health insurance for what may be the equivalent of your cell phone bill.""",mostly-true,mostly-true,"['true', 'mostly-true']",2,True
"Eliminating the state tax on health savings accounts will ""make it easier for small business owners to provide health insurance to their employees.""",mostly-false,mostly-false,"['mostly-true', 'mostly-false', 'false']",3,True
"The health care law is ""job killing.""",false,false,['false'],1,True
Joe Biden approved a “new card” that “gives free health insurance to Americans” who are 25 and older.,false,false,['false'],1,True
"Says it’s a ""statistical reality that most single moms are very poor, under-educated, can't get a job, and if it weren't for government assistance, their kids would be starving to death.""",mostly-false,mostly-false,"['mostly-true', 'mostly-false', 'false']",3,True
"Says the state's Medicaid waiver proposal ""has languished in a file cabinet at the Centers for Medicare and Medicaid Services for more than two years.""",pants-fire,pants-fire,['pants-fire'],1,True
“Ninety-two percent of abortions in Virginia take place before 15 weeks.”,mostly-true,mostly-true,"['true', 'mostly-true', 'mostly-false', 'false']",4,True
"After the Texas cutoff of aid to women’s health care services including Planned Parenthood clinics, ""over 150,000… women lost the only health care they had. Our Medicaid birth rate shot up. It cost taxpayers over $130 million in one year alone in extra Medicaid birth costs.""",mostly-false,mostly-true,"['true', 'mostly-true', 'half-true']",3,False
"Says Milwaukee blacks have 55 percent male unemployment, 60 percent truancy, a 50 percent graduation rate, the ""worst"" reading scores and ""lead"" in infant mortality.",half-true,half-true,['half-true'],1,True
“North Carolina has just approved a law permitting foreign doctors to practice without completing U.S. training or licensing exams.”,mostly-false,false,"['true', 'mostly-false', 'false']",3,True
"Between 2000 and 2006,  ""health insurance company profits quadrupled.""",mostly-true,mostly-true,['mostly-true'],1,True
"""The Obama Health and Human Services Department is planning to compile a federal health record on all U.S. citizens by 2014,"" including ""each individual’s Body Mass Index.""",false,false,['false'],1,True
"Says uncompensated health care costs absorbed by Texas hospitals are adding $1,800 a year to Texas private insurance rates.",mostly-false,half-true,"['mostly-true', 'half-true', 'mostly-false', 'false']",4,True
"Says Gary Peters ""supports ‘Medicare for All,’ siding with radical liberals.""",false,mostly-false,"['mostly-false', 'false']",2,True
"""Starting January 1, 2020, California will tax legal citizens if they don’t have health insurance. Why? The state needs to come up with $98,000,000 to pay for free health insurance for illegal aliens.""",half-true,false,"['mostly-false', 'false']",2,False
"""In 2022, illegal immigrants will have MORE FREEDOMS and easier access to healthcare and ballot boxes than most Americans... Just think about that.""",pants-fire,false,"['mostly-false', 'false']",2,False
"Says Dave Brat ""voted against protecting pre-existing conditions.""",half-true,mostly-true,"['true', 'mostly-true', 'half-true', 'mostly-false', 'false']",5,True
"Says Florida refused to allow the insurance commissioner to ""negotiate lower rates with companies or refuse rates that are too high"" under Obamacare.",true,true,"['true', 'mostly-true', 'half-true', 'mostly-false', 'false']",5,True
Says the average government worker won't be impacted in the first two years under the reform of state health benefits.,mostly-false,mostly-false,"['mostly-false', 'false']",2,True
"""The State of Texas is funding … women’s health services at historically high levels; they just increased their level another $50 million for the next two years.""",true,true,"['true', 'mostly-true']",2,True
"Says President Barack Obama initially said the national health-care mandate isn't a tax, but his administration now says it is a tax.",mostly-true,mostly-true,"['mostly-true', 'half-true']",2,True
"According to a recent poll, ""there are more young Republicans enrolled in their parents' (health insurance) plans than young Democrats.""",true,true,['true'],1,True
"Says there are ""a half a trillion dollars in cuts to Medicare that are going to go in place"" as a result of health care reform.",mostly-false,mostly-false,"['mostly-false', 'false']",2,True
"""We have been able to cut New York’s uninsured rate in half since 2013 from 10 percent to 5 percent of our population.""",true,mostly-true,"['true', 'mostly-true', 'half-true']",3,True
"""The (health care) law does not demand that all of these cancellations go out.""",mostly-false,false,"['mostly-true', 'half-true', 'mostly-false', 'false']",4,True
"""Republicans have proposed dozens of (health care) solutions designed to help control costs and improve quality.""",half-true,mostly-true,"['mostly-true', 'half-true', 'mostly-false', 'false']",4,True
"The health care marketplaces have ""no privacy protections.""",false,mostly-true,"['true', 'mostly-true', 'half-true', 'mostly-false', 'false']",5,True
Missouri’s attorney general has a website “where people can report trans individuals and the people who help them.”,mostly-true,false,"['mostly-true', 'half-true', 'mostly-false', 'false']",4,True
"""One in six Texans don’t have health care. We’re the most uninsured state in the U.S.""",mostly-true,mostly-true,"['true', 'mostly-true']",2,True
"Says Gov. Scott Walker has ""led people to believe that if Wisconsin doesn’t implement a (health-care) exchange, Obamacare doesn’t happen here.""",mostly-false,mostly-false,"['half-true', 'mostly-false']",2,True
"""Less than four cents of every health care dollar is spent on prevention and public health.""",true,true,['true'],1,True
"""By the time I left"" the State Department, ""economic growth was up and opium production was down"" in Afghanistan, while ""infant mortality declined"" and school enrollment rose by more than sevenfold.",mostly-true,mostly-true,['mostly-true'],1,True
"""No one thought we could get a bipartisan bill (Medicaid) passed. We did in the Florida Senate.""",false,false,"['mostly-false', 'false']",2,True
"Says state Rep. Patrick Rose votes 90 percent with liberals, backed the state's largest tax increase, proposed nearly $15 billion in government spending and supported ""Obama-style government-run health care system for Texas.""",mostly-false,mostly-false,['mostly-false'],1,True
"Under Obamacare, ""American families have seen an increase in premiums of $5,000.""",half-true,false,"['mostly-false', 'false']",2,False
"A report by the health insurance industry ""ignores some of the key policies that are part of the Senate Finance Committee bill.""",true,mostly-true,"['true', 'mostly-true', 'half-true']",3,True
"Obamacare-caused paperwork will annually absorb 190 million hours or more--and Mount Rushmore could be built 1,547 times over ""with the paperwork.""",mostly-false,false,"['mostly-true', 'half-true', 'mostly-false', 'false', 'pants-fire']",5,True
"""Senator McCain would pay for part of his (health care) plan by making drastic cuts in Medicare — $882-billion worth.""",false,false,['false'],1,True
"As a candidate, President Obama ""declared that everyone deserves access to reproductive health care that includes abortion, and vowed that this 'right' would be at the heart of his health care reform plan if elected president.""",true,true,['true'],1,True
“They are hiding the fact that Barbara O’Neill’s cousin was sentenced to life in prison for revealing these gatekept health secrets.”,false,false,['false'],1,True
"""Obamacare passed by just one vote in the Senate. It wouldn’t have passed without Mark Warner’s vote.""",mostly-true,half-true,"['mostly-true', 'half-true', 'mostly-false', 'false']",4,True
"Says Obama ""exempted Congress and their staff from the full effect of the (health care) law.""",mostly-false,mostly-false,"['half-true', 'mostly-false']",2,True
"""Disparities in infant mortality between white America and black America (are) greater today, in 2019,  than in the year 1850...""",mostly-true,mostly-true,"['true', 'mostly-true']",2,True
"I am the only U.S. Senate candidate who spoke out against bombing Syria, and who challenged Georgia’s governor and insurance commissioner over obstruction to the Affordable Care Act.",false,false,['false'],1,True
"""In 2010, Mr. [Anthony] Gemma described himself as a 'pro-life' candidate. Now, he claims to be pro-choice.""",true,true,"['true', 'mostly-true', 'half-true']",3,True
"""ObamaCare will use your tax dollars to provide free Viagra to convicted rapists and registered sex offenders.""",half-true,false,"['mostly-false', 'false']",2,False
"""CBO reports that delaying the Obamacare individual mandate will reduce the deficit by $35 billion over ten years.""",mostly-true,true,"['true', 'mostly-true']",2,True
"For people with insurance, the only impact of the health care law ""is that their insurance is stronger, better and more secure than it was before. Full stop. That's it. They don't have to worry about anything else.""",half-true,mostly-false,"['mostly-true', 'half-true', 'mostly-false', 'false']",4,True
"Says ""At age 76 when you most need it, you are not eligible for cancer treatment"" under Affordable Care Act.",pants-fire,pants-fire,['pants-fire'],1,True
Pictures and reports of “empty hospitals” prove COVID-19 spread is “fake crisis for real government planned agendas.”,false,false,"['mostly-false', 'false']",2,True
"John McCain would ""reduce oversight of health insurance.""",half-true,half-true,"['mostly-true', 'half-true']",2,True
"Says Rick Scott ""thinks employers should be able to deny women coverage for birth control.""",mostly-true,false,"['true', 'mostly-true', 'half-true', 'mostly-false', 'false']",5,True
Donald Trump “took away protections against discrimination for LGBTQ patients under the Affordable Care Act.”,mostly-true,true,"['true', 'mostly-true']",2,True
"Preventive care ""saves money.""",false,false,['false'],1,True
"The Obama administration ""was successful in rushing a massive spending bill through Congress in just two days — after which it sat on the president's desk for three days, while he was away on vacation.""",false,false,['false'],1,True
Says the WIC program was created by the Black Panthers to help feed single mothers and children in their communities.,false,false,['false'],1,True
"""This year, 97 Missouri counties have only one insurer participating in the Obamacare exchanges. Last year, every Missouri county had at least two insurance options. In addition, most Missourians will see an increase in their premiums, with some facing an increase upward of 40 percent""",half-true,mostly-true,"['true', 'mostly-true']",2,False
"""Americans are traveling to Canada to pay 12 times less for insulin than they would here in the US.""",half-true,mostly-false,"['mostly-true', 'half-true', 'mostly-false', 'false']",4,True
"Says a recent opioid bill that reached his desk had ""very little Democrat support.""",pants-fire,false,"['mostly-false', 'false']",2,False
"COVID-19 is a synthetic version of “snake venom” that evil forces are spreading through remdesivir, the COVID-19 vaccines and drinking water to “make you a hybrid of Satan.”",pants-fire,pants-fire,['pants-fire'],1,True
"Says Dino Rossi ""stripped"" health care ""from 45,000 children.""",mostly-true,mostly-false,"['mostly-true', 'half-true', 'mostly-false', 'false']",4,True
"""Half of all adults have a pre-existing condition"" that could affect their health care coverage.",mostly-true,mostly-true,"['mostly-true', 'half-true', 'mostly-false']",3,True
“Adults over 51 can receive $$$ in additional spending for groceries and expenses.”,false,false,['false'],1,True
"Says Washington’s Kim Schrier has a plan to eliminate employer-provided health coverage, double income taxes and put your care ""in the hands of government bureaucrats.""",mostly-false,false,"['mostly-false', 'false']",2,True
"Says Scott Brown ""co-sponsored legislation to let employers deny women coverage for birth control.""",true,mostly-true,"['true', 'mostly-true', 'half-true']",3,True
“There's never been a placebo-controlled study on childhood vaccines.”,false,false,['false'],1,True
"Rhode Island gives undocumented pregnant women health insurance, plus a cash card ""with $400 a month on it"" and ""$250 a month or $275 a month to spend on food.""",mostly-false,mostly-false,"['mostly-false', 'false']",2,True
Homeless people are immune to COVID-19,pants-fire,false,['false'],1,False
"Charlie Crist ""bizarrely vetoed"" $9.7 million for a teaching hospital at the University of Florida ""despite having previously argued the budget request had merit.""",true,true,"['true', 'mostly-true']",2,True
Says gubernatorial candidate Rebecca Kleefisch “worked with Scott Walker to sign five abortion restrictions into law that took away services and threatened doctors with prison time for providing safe and legal abortions.”,true,true,"['true', 'mostly-true', 'half-true']",3,True
"""Hospitals have already begun layoffs, a direct result of Republican inaction"" on Medicaid expansion.",half-true,mostly-false,"['mostly-true', 'half-true', 'mostly-false', 'false']",4,True
"Says Scott Walker ""said that forcing women facing abortion to get invasive ultrasounds was 'just a cool thing.'""",mostly-false,mostly-false,['mostly-false'],1,True
"""We have $60 billion in 2010 in Medicare fraud.""",half-true,false,"['mostly-false', 'false']",2,False
"""People want the minimum wage, they want marriage equality, they want women’s health care. There’s issues that actually that really do matter, social issues that matter to the people of this state. So I know Barbara would support those issues, I know the governor hasn’t. You’ve seen the actions he’s taken on them.""",mostly-true,mostly-true,"['mostly-true', 'half-true', 'mostly-false']",3,True
"Buried in the Affordable Care Act is ""a huge government bailout.""",half-true,mostly-false,"['mostly-true', 'half-true', 'mostly-false', 'false']",4,True
"""In the state of Rhode Island 25 percent of our current physicians are graduates of for-profit medical schools.""",false,false,"['mostly-false', 'false']",2,True
"Says Rick Scott ""cut Medicaid"" so people can't ""get Obamacare.""",half-true,false,"['half-true', 'mostly-false', 'false']",3,True
The Build Back Better Act “includes $34.5 billion in cuts” for charity care funding to hospitals.,half-true,mostly-true,"['true', 'mostly-true', 'half-true']",3,True
"U.S. Rep. John Barrow of Georgia has helped support the implementation of ""Obamacare.""",mostly-false,mostly-false,"['mostly-false', 'false']",2,True
"Says he cured Charlie Sheen and the island of Comoros of HIV with ""milk from goats, which had arthritis.""",pants-fire,pants-fire,"['false', 'pants-fire']",2,True
"The Congressional Budget Office analysis of the health insurance reform legislation says the bill ""cuts the deficit by $1.2 trillion in the second 10 years.""",half-true,half-true,['half-true'],1,True
"Since Obamacare became law, ""most of our new jobs have been part-time jobs.""",false,false,"['mostly-false', 'false']",2,True
"""We are the only major country on Earth that doesn't guarantee health care to all people as a right.""",half-true,true,"['true', 'mostly-true', 'half-true', 'mostly-false', 'false']",5,True
"""This (Independent Payment Advisory Board) board can ration care and deny certain Medicare treatments so Washington can fund more wasteful spending.""",pants-fire,false,"['mostly-false', 'false']",2,False
"About a federal hospital price transparency requirement, “Nobody’s enforcing that law.”",half-true,mostly-false,"['true', 'mostly-true', 'half-true', 'mostly-false', 'false']",5,True
"""The insurance companies are making that choice (to cancel or change policies), not the president.""",mostly-false,mostly-true,"['true', 'mostly-true', 'half-true', 'mostly-false']",4,True
"Children who receive COVID-19 vaccinations ""will be walking factories of spike proteins"" that will ""undoubtedly cause illnesses to spread like wildfire in schools.""",false,false,['false'],1,True
"""Americans who get their insurance through the workplace, cost savings could be as much as $3,000 less per employee than if we do nothing.""",half-true,mostly-true,"['mostly-true', 'half-true']",2,True
"""I helped win one of the biggest private lawsuits against Medicare fraud in history. The government declined to pursue the case, so my firm did, and we recovered $324 million for taxpayers.""",true,true,['true'],1,True
"Even high estimates for an early draft of the health care plan are ""less than the $1.8 trillion cost of the Bush tax cuts.""",mostly-true,mostly-true,['mostly-true'],1,True
“We do not have an approved (COVID) vaccine in America … the Pfizer vaccine available in the U.S. is not FDA approved.”,false,false,['false'],1,True
"""There are many health insurance plans that will cover Viagra but won't cover birth-control medication.""",mostly-false,mostly-false,"['mostly-false', 'false']",2,True
"Siobhan Dunnavant ""wrote the Republican bill that would let insurance companies deny coverage for pre-existing conditions.""",false,false,"['mostly-false', 'false']",2,True
"Republican state lawmakers ""are refusing to give the people of their own states their own tax dollars back in the form of (expanded) Medicaid.""",mostly-true,mostly-true,"['true', 'mostly-true', 'half-true', 'mostly-false']",4,True
"Says ""new estimates from the Congressional Budget Office conclude the final price-tag"" for the health care law ""will exceed $2 trillion — more than double what was initially reported.""",false,mostly-false,"['mostly-true', 'half-true', 'mostly-false', 'false']",4,True
"""Private insurance companies in this country spend between 12 and 18 percent on administration costs. The cost of administering the Medicare program, a very popular program that works well for our seniors, is 2 percent. We can save approximately $500 billion a year just in administration costs.""",half-true,mostly-true,"['true', 'mostly-true', 'half-true', 'mostly-false']",4,True
"Says President Barack Obama’s health care law is ""expected to destroy 2.3 million jobs.""",mostly-false,false,"['mostly-false', 'false']",2,True
"""Seniors can be charged five times what anybody else is charged for health care for pre-existing conditions"" under the Republican health care bill.",mostly-false,mostly-true,"['mostly-true', 'half-true', 'mostly-false']",3,True
"""Medicare does just as good, if not better, at keeping people healthy"" as Medicare Advantage.",half-true,half-true,"['mostly-true', 'half-true']",2,True
"The Baucus bill ""contains provisions that would send massive federal subsidies directly to both private insurance plans and government-chartered cooperatives that pay for elective abortion.""",true,true,['true'],1,True
"""The current school psychologist to student ratio in this country is roughly 1,400 to 1, while experts say it should be at most 700 to 1.""",mostly-true,mostly-true,['mostly-true'],1,True
"""We have (people detained by ICE) that have to be seen within 24 hours, while veterans are seen within months.",false,mostly-false,"['mostly-true', 'half-true', 'mostly-false', 'false']",4,True
"A juice of carrots, cucumbers and garlic will ""restore perfect vision in seven days.”",false,false,['false'],1,True
"""Under (Obamacare), you can’t reward a person for better behavior. You can’t have incentives to be healthier.""",half-true,mostly-false,"['half-true', 'mostly-false', 'false']",3,True
"""Fifty percent of Republicans are in favor of Medicare for All.""",mostly-false,false,"['mostly-false', 'false']",2,True
"Says of the GOP health care proposal, ""pre-existing conditions are in the bill.""",mostly-false,false,"['mostly-false', 'false']",2,True
"Says Brett Kavanaugh ""refused to uphold key patient protections in the past.""",half-true,mostly-true,"['mostly-true', 'half-true', 'mostly-false']",3,True
"American taxpayer dollars provide “free housing, free medical, free state identification” to immigrants in the country illegally.",false,false,"['mostly-false', 'false']",2,True
"""Each year, 18,000 people die in America because they don't have health care.""",true,true,"['true', 'mostly-true']",2,True
"“As a condition for ending the Democrat shutdown, Democrats want hospitals (to be) paid MORE to treat illegal aliens than American citizens.”",false,false,"['mostly-false', 'false']",2,True
"""When I came into office, our vaccination rate in Texas was 65 percent. When I left two weeks ago, it was 95 percent.""",false,false,"['mostly-true', 'mostly-false', 'false']",3,True
"Says ""Tom Barrett supports a government takeover of our health care""",pants-fire,pants-fire,['pants-fire'],1,True
"Under Obamacare, Virginia taxpayers would have been ""forced to pay for abortions"" if the General Assembly had not recently intervened.",false,false,"['mostly-false', 'false']",2,True
"The Democrat-backed health care reform plan ""will require (Americans) to subsidize abortion with their hard-earned tax dollars.""",false,false,['false'],1,True
"""The IRS will have the ability potentially"" to deny or delay health care.",mostly-false,mostly-false,"['half-true', 'mostly-false', 'false']",3,True
“Small trials” to test convalescent plasma therapy for coronavirus patients “seem to have had some degree of success.”,true,true,"['true', 'mostly-true']",2,True
Says the April 22 jump in COVID-19 cases was related to the election.,false,false,"['mostly-false', 'false']",2,True
"Sixteen thousand new Internal Revenue Service agents will be ""empowered to enforce"" the new health care legislation.",mostly-false,mostly-false,"['mostly-false', 'false']",2,True
"""One in four Texans lacks health insurance, the highest proportion in the nation.""",true,true,['true'],1,True
"""Medicare costs have slowed down dramatically. In fact, the first two months of this fiscal year, Medicare costs were down even in nominal terms relative to the previous year.""",true,true,"['true', 'mostly-true']",2,True
"Betty Sutton ""gutted Medicare by $500 billion"" with her vote for the president's health care bill.",mostly-false,mostly-false,"['mostly-true', 'half-true', 'mostly-false', 'false']",4,True
The federal health care law raises taxes and cuts Medicare.,mostly-true,mostly-false,"['mostly-true', 'half-true', 'mostly-false', 'false']",4,True
"Says that under President Barack Obama’s health care law, ""your insurance"" premiums could go up by 200 percent and cost ""as much as a new Explorer.""",false,false,"['mostly-false', 'false', 'pants-fire']",3,True
"""If we had been on 'Obamacare' and a bureaucrat was trying to tell me when I could get that CAT scan, that would have delayed my treatment.""",false,false,['false'],1,True
"""The families that are covered through the Low Income Pool is a different group of individuals than are covered by Obamacare.""",mostly-false,false,"['mostly-true', 'half-true', 'mostly-false', 'false']",4,True
"If you get a flu shot, you're ""poisoning yourself.""",pants-fire,pants-fire,['pants-fire'],1,True
"Says Gov. Tony Evers gave $2.4 million in COVID relief money to Planned Parenthood affiliates throughout Wisconsin “to bail them out and fund abortions.""",mostly-false,false,"['mostly-false', 'false']",2,True
"The ""president has given 1,100 special waivers to his friends"" for Obamacare.",mostly-false,mostly-true,"['true', 'mostly-true', 'half-true', 'mostly-false', 'false']",5,True
"“As of the last 24 hours this is the protocol regarding masks: Masks should only be used by healthcare workers, caretakers or by people who are sick with symptoms like fever and cough.”",false,false,['false'],1,True
"""They didn't allow"" Simone Biles ""to take her ADHD medication.""",false,false,['false'],1,True
"""Between the year 2000 and 2006, (insurance) premiums in this country doubled.""",mostly-true,mostly-true,['mostly-true'],1,True
"Says Wisconsin measures have ""prevented the death of at least 300 Wisconsinites, and perhaps as many as 1,400 lives.""",mostly-true,true,"['true', 'mostly-true']",2,True
"""A small majority of Americans don’t think they like the Affordable Care Act, but a large majority of Americans don’t want to do away with the protections that are in the Affordable Care Act.""",mostly-true,mostly-true,"['true', 'mostly-true']",2,True
New provisions of the health care law bar the use of flexible spending accounts and health savings accounts to pay for aspirin and other non-prescription health needs.,true,true,['true'],1,True
"President Barack Obama ""reduced the cost of prescription drugs for nearly 3.6 million Americans in 2011.""",true,true,"['true', 'mostly-true']",2,True
"""Ron Johnson said specifically that he hopes the first steps occur to privatize the"" Veterans Administration.",half-true,half-true,['half-true'],1,True
"Says under Mitt Romney, ""Medicare could end as we know it, leaving Julia with nothing but a voucher to buy insurance, which means $6,350 extra per year for a similar plan.""",mostly-false,mostly-false,"['half-true', 'mostly-false']",2,True
"""Even after Obamacare is fully implemented, there still will be tens of millions of people not covered.""",true,true,"['true', 'mostly-true']",2,True
A “well-crafted garlic salve” can “heal any ailment of the lungs and respiratory system.”,false,false,['false'],1,True
"In Florida, it’s not illegal for an immediate family member of state officials to prosper from legislation supported by a spouse.",true,false,"['true', 'half-true', 'mostly-false', 'false']",4,True
"Republican ""sabotage"" cost 3.2 million people coverage in 2017.",half-true,mostly-true,"['mostly-true', 'half-true', 'mostly-false']",3,True
"The U.S. deficit  ""increases at $3 million per second.""",false,false,['false'],1,True
"""We spend more on health care than any other country, but we're ranked 47th in life expectancy and 43rd in child mortality.""",true,true,"['true', 'mostly-true']",2,True
"""14,000 Americans . . . lose their health insurance every single day.""",mostly-true,mostly-true,['mostly-true'],1,True
"""When Jeb (Bush) was governor, his first four years as governor, his Medicaid program grew twice as fast as mine.""",mostly-true,mostly-true,"['mostly-true', 'half-true', 'mostly-false', 'false']",4,True
"Homeopathy, acupuncture and aromatherapy ""have been given elevated legitimacy under the Affordable Care Act.""",half-true,mostly-true,"['mostly-true', 'half-true', 'mostly-false']",3,True
"""The CBO’s latest report confirms what Republicans have been saying for years now. Under Obamacare, millions of hardworking Americans will lose their jobs.""",mostly-false,mostly-false,"['mostly-false', 'false']",2,True
"""National studies are already showing the negative effects that the health care law is having on businesses and our economy. Businesses across the country are raising their prices … (or) cutting jobs as a result of the added cost.""",false,mostly-false,"['mostly-false', 'false']",2,True
"Medicare insurance premiums will be rising to ""$120.20 per month in 2013 and $247.00 per month in 2014.""",pants-fire,false,['false'],1,False
Says that Minnesota Democratic congressional candidate Dean Phillips doesn’t offer health insurance for his employees.,mostly-false,mostly-false,"['mostly-false', 'false']",2,True
"Under last year’s health care reform, ""a bunch of bureaucrats decide whether you get care, such as continuing on dialysis or cancer chemotherapy.""",false,false,['false'],1,True
"When asked about bills in Congress important to the North Country, Derrick responded ‘I just don’t know enough about it.’",mostly-false,true,"['true', 'mostly-true', 'half-true', 'false']",4,False
Health care premiums for consumers have doubled since 2001.,true,true,"['true', 'mostly-true']",2,True
"""The Obama administration ... would impose on every Catholic institution, every Jewish institution, every Protestant institution the Obamacare standard of what you have to buy as insurance.""",mostly-false,mostly-false,"['mostly-false', 'false']",2,True
"The Baucus health care bill ""could be used to ban guns in home self-defense.""",false,false,['false'],1,True
"""The economy bled $24 billion"" due to the government shutdown.",mostly-true,mostly-true,"['true', 'mostly-true']",2,True
"Says on contraception, his plan is ""cheaper and easier for you"" than Sen. Mark Udall’s",mostly-false,mostly-false,"['mostly-false', 'false']",2,True
"The federal health care law tells ""the American people precisely what type of coverage they have to have.""",half-true,mostly-false,"['mostly-true', 'half-true', 'mostly-false', 'false']",4,True
"Milwaukee County government employees pay ""much more"" for their health care than City of Milwaukee or State of Wisconsin employees.",half-true,half-true,"['mostly-true', 'half-true']",2,True
"""Despite claims that you can 'keep the health care plan you like,' the Obama Administration has predicted that as many as 7 out of 10 Americans with employer-provided health coverage could lose their current health plan.""",false,false,['false'],1,True
"""Obamacare is . . . the largest tax increase in the history of the world.""",pants-fire,pants-fire,['pants-fire'],1,True
"""A majority of Wisconsinites opposed the government takeover of health care. But Russ Feingold voted for it anyway.""",false,false,['false'],1,True
"The health care bill has ""six years of costs against 10 years of tax revenue.""",half-true,half-true,['half-true'],1,True
"Says Donald Trump was seen ""looking deliberately over a disabled child's head, ignoring his outstretched hand.""",pants-fire,false,"['true', 'mostly-false', 'false']",3,False
"""Seventy percent of all Texans are overweight or obese.""",mostly-true,mostly-true,"['true', 'mostly-true']",2,True
"""Upwards of 90 percent"" of women seeking an abortion decide not to have an abortion after seeing an ultrasound.",false,false,['false'],1,True
"Says ""new mandates are already reducing full-time employment.""",mostly-false,false,"['mostly-false', 'false']",2,True
“Donald Trump said he was going to allow Medicare to negotiate drug prices. He never did. We did.”,true,true,"['true', 'mostly-true']",2,True
"""We pay by far the highest prices in the world for prescription drugs, in some cases 10 times more than the people of any other country.""",half-true,mostly-true,"['mostly-true', 'half-true']",2,True
“Breaking news: The Trump administration just announced that Medicare will stop covering telehealth starting April 1. … We need to stand up to these Medicare cuts.”,half-true,false,"['mostly-false', 'false']",2,False
"""If someone is in a room that has measles and leaves and you walk in two hours later, you could get measles from that person.""",true,true,['true'],1,True
"After President Barack Obama’s health care law takes full effect, ""100 percent"" of Americans will ""depend on some form of federal payment, some form of government benefit to help provide for them.""",false,false,['false'],1,True
"""Today and every day, an estimated 14,000 Americans will lose their health insurance coverage.""",false,false,['false'],1,True
"""Here in Wisconsin, we've put in previous budgets more money into mental health services than any governor has in the last 25 years.""",true,true,['true'],1,True
"""People show up in the emergency room with a sprained ankle, 25 percent get an opioid prescription.""",mostly-true,true,"['true', 'mostly-true']",2,True
"""The insurance industry is actually run by mostly Democrats.""",false,false,"['mostly-false', 'false']",2,True
Insurance companies and Washington bureaucrats “are working together to swipe $500 billion from Medicare to pay for Pelosi and Schumer’s out-of-control spending spree.”,false,false,"['mostly-false', 'false']",2,True
"Democrats pledged to ""force all North Carolinians into a single-payer health insurance scheme"" that would cost $72 billion.",false,false,"['mostly-false', 'false']",2,True
“We’re not cutting science. We’re not cutting research.”,pants-fire,false,"['mostly-false', 'false']",2,False
"Says he ""never supported"" federal health care individual mandate.",false,false,['false'],1,True
"""Every single (health care) plan that this White House has ever put forward since Donald Trump was elected covered pre-existing conditions.""",mostly-false,false,"['mostly-false', 'false']",2,True
"Says Charlie Crist supports ""cuts to the Medicare Advantage program.""",false,false,"['mostly-false', 'false']",2,True
"""A large number of the uninsured earn $75,000 or more a year.""",half-true,half-true,"['mostly-true', 'half-true', 'mostly-false']",3,True
“Private insurance gives … better coverage” than people would get under a Medicaid expansion.,false,false,"['mostly-false', 'false']",2,True
"Medicare Part D ""was far more expensive than the Affordable Care Act and unlike"" the act, ""was never budgeted.""",mostly-true,mostly-true,"['mostly-true', 'half-true', 'mostly-false']",3,True
"Ann Kuster ""supports the government takeover of healthcare, which robs Medicare of over $700 billion.""",false,false,"['mostly-false', 'false']",2,True
"""Obamacare"" is the ""biggest tax increase in American history.""",false,false,['false'],1,True
"""Expanding Medicaid would create 63k jobs.""",half-true,true,"['true', 'mostly-true']",2,False
"""There are more than twice as many (crisis pregnancy centers) as there are legitimate abortion providers in the United States.""",half-true,mostly-true,"['true', 'mostly-true', 'half-true', 'mostly-false']",4,True
"Florida’s proposed amendment for medical marijuana would allow ""people who alleged minor ailments such as muscle spasms, neck pain, back pain and even menstrual cramps (to qualify) for government-sanctioned pot-smoking.""",mostly-true,mostly-true,"['true', 'mostly-true', 'half-true', 'mostly-false', 'false']",5,True
"“You may be 55 years old in [Illinois] and a citizen and not eligible for Medicaid. But if you are an undocumented immigrant and 55 or older, you’re eligible for Medicaid.”",false,false,"['true', 'mostly-true', 'half-true', 'mostly-false', 'false']",5,True
"""The Children's Defense Fund rated McCain as the worst senator in Congress for children.""",true,true,"['true', 'mostly-true']",2,True
"The health care law ""is accelerating our country toward bankruptcy.""",mostly-false,mostly-false,['mostly-false'],1,True
"Opponent Holly Benson said that ""Just because you're poor doesn't mean you're unhealthy, it just means you have a lot more time to go running.""",mostly-true,false,"['mostly-true', 'half-true', 'mostly-false', 'false']",4,True
"""A shocking 20 veterans are committing suicide each and every day, especially our older veterans.""",true,mostly-true,"['true', 'mostly-true']",2,True
"Says the new health care law delivers a ""$13 billion tax increase on families with special needs.""",pants-fire,pants-fire,['pants-fire'],1,True
"AARP backed ""federal funding for Planned Parenthood.""",false,false,"['mostly-false', 'false']",2,True
"A public option for health care would end private insurance ""because the private insurance people will not be able to compete with a government option.""",mostly-false,mostly-false,"['mostly-false', 'false']",2,True
"""George Holding has voted 13 times to deny Kevin, and the 300,000 people like him in the 2nd Congressional District, coverage"" for their pre-existing conditions.",mostly-true,false,"['mostly-true', 'half-true', 'mostly-false', 'false']",4,True
"Says U.S. Rep. Bruce Poliquin voted to ""force seniors to pay more for prescription drugs.""",half-true,mostly-false,"['mostly-true', 'half-true', 'mostly-false', 'false']",4,True
Says Nick Kahl made it harder for many families to cover basic health care expenses.,mostly-false,mostly-true,"['mostly-true', 'half-true', 'mostly-false', 'false']",4,True
"""Only three in 10 Texas doctors are currently accepting new Medicaid patients.""",mostly-false,false,"['mostly-true', 'half-true', 'mostly-false', 'false']",4,True
"""Trump’s Health Secretary Pick Wants a Medicare Phaseout by Summer 2017.""",false,false,"['mostly-false', 'false']",2,True
"""Hospitals are closing in rural America because they don't have access to high-speed internet.""",false,false,"['mostly-false', 'false']",2,True
"""74 percent of Republicans support the Affordable Care Act.""",false,false,"['mostly-false', 'false']",2,True
"""There are countries in Africa where they have higher vaccination rates than here in the United States.""",true,true,"['true', 'mostly-true']",2,True
"""They’ve seen employer-supported coverage increase in Massachusetts after this law (Romneycare) was implemented.""",true,true,"['true', 'mostly-true']",2,True
"In 2010, Betty Sutton ""voted to destroy Medicare.""",false,false,['false'],1,True
"Says that under the new healthcare law, full- and part-time workers will be required to buy insurance costing $375 to $1,000 a month, starting in 2014.",half-true,false,"['mostly-true', 'half-true', 'mostly-false', 'false']",4,True
"On HealthCare.Gov, Texan Mark Sullivan ""found a good"" health insurance ""plan that includes dental, for less than $80 a month.""",mostly-false,mostly-true,"['mostly-true', 'half-true', 'mostly-false', 'false']",4,True
"Says opponent Mary Burke says she ""supports Obamacare unequivocally and wants to expand it.""",half-true,half-true,['half-true'],1,True
"""The majority actually want single-payer health care.""",false,false,['false'],1,True
"""I have not said that I was a single-payer supporter.""",false,false,['false'],1,True
"""Even the employees’ union for the IRS -- the very people in charge of enforcing this law -- are begging to be let out from under this law.""",mostly-false,mostly-false,"['mostly-true', 'half-true', 'mostly-false', 'false']",4,True
"A lawsuit against the Affordable Care Act backed by West Virginia Attorney General Patrick Morrisey “would eliminate health care for over 800,000 West Virginians.”",mostly-false,mostly-false,"['mostly-true', 'half-true', 'mostly-false', 'false']",4,True
"""Right now, China controls 80% of all ingredients and raw materials going into our generic prescription drugs.""",mostly-false,mostly-false,"['mostly-true', 'half-true', 'mostly-false', 'false']",4,True
"The economic stimulus bill created a council that's ""modeled after the national board that controls Britain’s health system.""",mostly-false,mostly-false,"['mostly-false', 'false']",2,True
"Wisconsin is ""not walking away from a dime"" in federal funds by rejecting the Obamacare Medicaid expansion.",mostly-false,mostly-false,"['mostly-true', 'mostly-false']",2,True
"Says the state’s pension and health benefits reform includes ""the destruction of public sector collective bargaining rights.""",half-true,mostly-false,"['half-true', 'mostly-false', 'false']",3,True
"Says Steve Chabot ""voted to strip insurance protections for pre-existing conditions.""",mostly-true,mostly-true,"['true', 'mostly-true', 'half-true', 'mostly-false', 'false']",5,True
"""There were 36 states where Republicans who were in charge refused to implement a state (health insurance) exchange.""",mostly-false,false,"['mostly-false', 'false']",2,True
"""Mike Pence voted against expanding the Children’s Health Insurance program, which Hillary helped to start.""",mostly-true,true,"['true', 'mostly-true', 'half-true']",3,True
"Without a Medicaid expansion, 275,000 more Ohioans could be getting their primary care in emergency rooms, costing ""everybody a lot of money.""",mostly-true,mostly-true,['mostly-true'],1,True
"""Speaker Pelosi's drug pricing plan would siphon $1 trillion or more from biopharmaceutical innovators over the next 10 years. CBO's preliminary estimate found this bill ‘would result in lower spending on research and development and thus reduce the introduction of new drugs.’""",mostly-false,mostly-false,"['mostly-true', 'half-true', 'mostly-false', 'false']",4,True
"Says Minnesota congressional candidate Jim Hagedorn supports a plan that would take away health care for 340,000 veterans, with 17,000 in Minnesota possibly losing coverage.",half-true,mostly-false,"['mostly-true', 'half-true', 'mostly-false', 'false']",4,True
"The Republican-authored state budget includes a provision ""forcing people earning as little as $12,000 to buy private health insurance that could cost them as much as $4,000 per year.""",false,false,['false'],1,True
"""Most women, including 98 percent of Catholic women, have used contraception.""",mostly-true,true,"['true', 'mostly-true']",2,True
Says Rep. Renee Ellmers voted for the government shutdown 21 times.,half-true,false,"['mostly-true', 'mostly-false', 'false']",3,False
The health care law includes tort reform.,false,false,['false'],1,True
"""No Republicans voted for"" recent hikes in the income tax, payroll tax, capital gains tax, dividend tax and estate tax. ""These taxes were all passed under … Obamacare.""",pants-fire,false,"['mostly-false', 'false']",2,False
"Obamacare medical device tax ""has led to the loss of thousands of jobs"" in U.S.",half-true,mostly-true,"['true', 'mostly-true', 'half-true', 'mostly-false']",4,True
"The health care law includes ""a 3.8% sales tax"" on ""all real estate transactions.""",pants-fire,false,"['false', 'pants-fire']",2,True
"Shows in a television ad that police took evidence from Solantic, Rick Scott's new health care company, after allegations emerged that the company was engaging in fraud.",false,false,['false'],1,True
"""The number of uninsured people in Massachusetts is about the same as it was when the mandates were passed in 2006.""",pants-fire,pants-fire,['pants-fire'],1,True
"In every committee when the health care bill was considered, Democrats voted against an amendment that would require members of Congress and their staff to take the government-run public option as their health care plan.",mostly-true,mostly-true,['mostly-true'],1,True
“We're bankrupting a lot of hospitals by forcing these hospitals  to provide care for people who don't have the legal right to be in our country.”,false,mostly-false,"['mostly-true', 'half-true', 'mostly-false', 'false']",4,True
"States still face a ""mandate"" to expand Medicaid coverage under President Obama's health care reform law.",pants-fire,mostly-false,"['true', 'mostly-true', 'half-true', 'mostly-false', 'false']",5,False
"Says the federal agency in charge of Medicare and Medicaid will disburse $803 billion in benefits this year, making ""it larger than all but 15 of the world's economies.""",half-true,half-true,['half-true'],1,True
"""Explosive growth in Medicare"" is the reason federal deficit spending is predicted to top $1 trillion again after falling to $600 billion annually.",half-true,half-true,['half-true'],1,True
"""For what we spend in just one week in Iraq, 800,000 children could get health insurance for an entire year.""",mostly-true,mostly-true,['mostly-true'],1,True
“Government imposed lockdowns do NOT reduce [COVID-19] cases or stop spikes.”,false,true,"['true', 'mostly-true', 'false']",3,True
"The ""Health Care Compact bill would end Medicare's guaranteed benefit for Tennessee's Medicare recipients and shift management of the federal health care plan to the state's TennCare program.""",false,false,['false'],1,True
ColoradoCare would have higher revenues than McDonald’s.,mostly-true,true,"['true', 'mostly-true']",2,True
C-sections are coded as abortions in hospitals.,false,false,['false'],1,True
"If parents ""don't have health insurance that Senator Obama wants them to have (for their children), they will be fined.""",half-true,half-true,['half-true'],1,True
"Says her congressional district has 10,000 medical-device industry jobs and 1,000 will be lost because of health-care law tax.",mostly-false,mostly-false,"['half-true', 'mostly-false', 'false']",3,True
"Says ""people who come to"" their dissent actions ""get a ‘cease and desist’ letter"" from Ron Johnson's office.",false,false,['false'],1,True
"Insurers delayed an Illinois man's treatment, ""and he died because of it.""",false,false,['false'],1,True
"Says as a Schedule 1 drug, marijuana carries a designation that means it ""should not be researched""",mostly-false,mostly-false,"['mostly-false', 'false']",2,True
"The Baucus health care bill would require taxes on medical devices such as X-ray machines, female condoms, HIV tests and surgical needles.",mostly-true,mostly-true,"['mostly-true', 'half-true']",2,True
"""Three of our cities are among the top five worst cities in the U.S. for asthma.""",true,true,"['true', 'mostly-true']",2,True
"""Unlike you and me, Congress gets to keep up to $11,000 a year in taxpayer subsidies"" under Obamacare.",half-true,half-true,['half-true'],1,True
"""A salesclerk at Hobby Lobby who needs contraception … is not going to get that service through her employer’s health care plan because her employer doesn’t think she should be using contraception.""",mostly-false,mostly-false,"['mostly-true', 'half-true', 'mostly-false', 'false']",4,True
"A data-storing microchip ""would be implanted in the majority of people who opt to become covered by the public health care option.""",pants-fire,pants-fire,['pants-fire'],1,True
The health insurance industry has “agreed to waive all co-payments for coronavirus treatments.”,false,false,"['mostly-false', 'false']",2,True
"""The path to ObamaCare becoming law all started with Charlie Crist supporting President Obama's $787 billion stimulus.""",pants-fire,false,"['mostly-false', 'false', 'pants-fire']",3,True
"""Bill O'Brien's Tea Party legislature tried to repeal kindergarten and compulsory education, defund Planned Parenthood and eliminate insurance coverage for birth control.""",mostly-false,true,"['true', 'mostly-true', 'mostly-false', 'false']",4,True
"""Rick Scott vetoed funding for 30 Florida rape crisis centers. Scott said the centers weren’t needed.""",mostly-false,mostly-true,"['true', 'mostly-true', 'half-true', 'mostly-false', 'false']",5,True
"""Rhode Island has the highest percentage of uninsured adults of any state in New England.""",mostly-true,mostly-true,['mostly-true'],1,True
“In the last 10 years less than half of adults in the U.S. received a flu shot.”,true,true,"['true', 'mostly-true']",2,True
"""Up to half of all Americans have a pre-existing condition.""",mostly-true,mostly-true,"['true', 'mostly-true', 'half-true']",3,True
“Ron Johnson just came out in favor of a federal abortion ban.”,mostly-false,false,"['mostly-false', 'false']",2,True
"John McCain ""took on the drug industry.""",mostly-true,mostly-true,['mostly-true'],1,True
"The health care bill will ""create 4 million jobs, 400,000 jobs almost immediately.""",half-true,half-true,['half-true'],1,True
"""Why would our president close the embassy to the Vatican? Hopefully, it is not retribution for Catholic organizations opposing Obamacare.""",pants-fire,false,"['mostly-false', 'false']",2,False
"""We have a president who wanted to throw 32 million people off of the health care they had.""",half-true,mostly-true,"['true', 'mostly-true', 'half-true', 'mostly-false', 'false']",5,True
"""Switzerland and the Netherlands . . .  cover all their citizens using private insurers, and they do so for much less cost.""",true,true,['true'],1,True
"Republicans ""created a trillion dollar prescription drug entitlement program without paying for it.""",mostly-true,mostly-true,"['mostly-true', 'half-true']",2,True
"""It's just been announced that the residents of Florida are going to experience a massive, double-digit premium hike.""",half-true,mostly-false,"['mostly-false', 'false']",2,False
"""House Republicans pledged to introduce a bill to reform America’s health care system,"" but ""the 'party of no' has . . . failed to produce legislation.""",half-true,half-true,['half-true'],1,True
"For vaccine rates among Americans 65 and older, “there’s virtually no difference between white, Black, Hispanic, Asian American.”",false,false,"['mostly-false', 'false']",2,True
"Every family health insurance policy has ""a $900 hidden tax"" to subsidize health care costs of the uninsured.",true,true,['true'],1,True
"McCain ""has opposed stem cell research.""",false,false,['false'],1,True
"Says that when San Francisco banned plastic grocery bags, ""you saw the number of instances of people going to the ER with things like salmonella and other related illnesses"" spike.",mostly-false,false,"['half-true', 'mostly-false', 'false']",3,True
"Seniors with coverage under Medicare Advantage will give up ""more than their share"" because of health care reform",half-true,half-true,['half-true'],1,True
"""Romney adviser admits Romneycare was blueprint for Obamacare.""",mostly-true,true,"['true', 'mostly-true']",2,True
"""You’re paying for...(state Sen. Diane Allen’s) health care, and she took yours away.""",mostly-false,mostly-false,"['mostly-true', 'mostly-false', 'false']",3,True
"The Massachusetts health care plan ""dealt with 8 percent of our population,"" far less than the ""100 percent of American people"" affected by President Barack Obama’s health care law.",pants-fire,mostly-true,"['mostly-true', 'half-true', 'mostly-false', 'false']",4,False
"""The health insurance plan that (members of Congress) have is no different than any other federal employee's in the United States government.""",true,mostly-true,"['true', 'mostly-true', 'half-true', 'mostly-false']",4,True
"""Six people in Florida die as a result of (not expanding Medicaid) every day.""",half-true,mostly-true,"['mostly-true', 'half-true', 'mostly-false', 'false']",4,True
"""Twenty-three million Americans suffer from addiction, but only 1 in 10 get treatment.""",mostly-true,mostly-true,"['true', 'mostly-true']",2,True
"“First off, it’s in statute already in HIPAA that preexisting conditions are covered.”",mostly-false,false,['false'],1,False
"""28.2 million Americans are still waiting under Obamacare and remain uninsured!""",half-true,half-true,"['half-true', 'mostly-false']",2,True
The insurance risk corridors aren't going broke like Republicans predicted.,mostly-false,mostly-true,"['true', 'mostly-true', 'half-true', 'mostly-false', 'false']",5,True
"Starting in 2025 ""no matter what your total bills are for prescription drugs,” Medicare Part D users will never pay “more than $2,000 a year, because some of these cancer drugs are 10(,000 to) 15,000 bucks a year.”",mostly-true,true,"['true', 'mostly-true']",2,True
"""No one beta-tested"" healthcare.gov.",mostly-true,mostly-true,"['mostly-true', 'half-true']",2,True
"Says Suzanne Bonamici ""supports the $500 billion cut to Medicare passed last year.""",false,false,"['mostly-false', 'false']",2,True
"Obamacare ""is in what the actuaries call a death spiral.""",false,false,['false'],1,True
Jason Carter supports using Georgia tax dollars to promote Obamacare,mostly-false,mostly-false,"['mostly-false', 'false']",2,True
"""By the year 2015 (Medicaid will) take up half our budget.""",mostly-false,mostly-false,"['mostly-false', 'false']",2,True
"""As governor of Florida, I used a combination of strategies to help reduce heroin use among youth in Florida by approximately 50 percent.""",half-true,mostly-true,"['mostly-true', 'half-true']",2,True
“The number of ICU beds is larger in Boone County by a factor of three” compared to Orange County for the University of North Carolina.,false,false,"['mostly-true', 'mostly-false', 'false']",3,True
"Says the Democratic presidential candidates ""support giving illegal immigrants free health care at our expense.""",mostly-false,mostly-false,"['mostly-false', 'false']",2,True
"""20,000 Kansans lost their health insurance because of (Obamacare).""",false,false,"['mostly-false', 'false']",2,True
"The administration has issued rules for ""$1 abortions in ObamaCare"" and ""requires all persons enrolled in insurance plans that include elective abortion coverage to pay"" an abortion premium.",false,false,"['mostly-false', 'false']",2,True
"Americans ""say that what they want is a choice"" to join a single-payer system like Medicare rather than ending private insurance.",true,true,"['true', 'mostly-true']",2,True
"""More people without health care since George Bush took office; more children in poverty since George Bush took office.""",mostly-true,mostly-true,['mostly-true'],1,True
“Mysterious pneumonia” from China is now in Ohio.,false,false,"['mostly-false', 'false']",2,True
"""Over half of the young people"" in medical, dental and law schools are women.",false,false,"['mostly-false', 'false']",2,True
"""Mike Parson opposes protections for pre-existing conditions.”",mostly-true,mostly-false,"['mostly-true', 'mostly-false', 'false']",3,True
"""And this would be the first year, if everything holds true, we will spend over $10 billion of our state budget on Medicaid out of the $28 billion budget.""",mostly-true,true,"['true', 'mostly-true']",2,True
"""According to the Congressional Budget Office, repealing Obamacare would increase the budget deficit.""",mostly-true,true,"['true', 'mostly-true']",2,True
"Says the pension and health benefits reform ""eliminated collective bargaining for health benefits.""",half-true,false,"['mostly-false', 'false']",2,False
"Says abortion doctors are ""flying into this state, performing abortions and flying out.""",false,false,"['mostly-false', 'false']",2,True
"Florida state senators ""are pushing a new government program that allows prescription drugs from China without FDA inspection.""",false,false,['false'],1,True
