statement,true_verdict,predicted_verdict,prediction_set,set_size,is_covered
Hundreds of ‘illegals’ were dropped off at Florida hotel.,false,false,"['false', 'mostly-false']",2,True
"Some 8.1 million of the estimated 11 million to 12 million people ""in this country illegally are working.""",mostly-true,mostly-true,"['mostly-true', 'half-true']",2,True
"""When these [undocumented] students graduate from college, they're still illegal aliens. They cannot get a job.""",true,false,"['false', 'mostly-false', 'mostly-true']",3,False
"Says Donald Trump's executive order ""doesn't address the over 2,000 children who are already separated from their parents, and it doesn't change the fact that we would be jailing children with their families.""",mostly-true,mostly-true,"['mostly-true', 'true']",2,True
"Says Jeb Bush ""happens to be where a majority"" of Republican voters are on giving legal status to illegal immigrants.",mostly-true,mostly-true,"['mostly-true', 'true', 'half-true']",3,True
"Under David Dewhurst’s leadership, the Texas ""Senate passed an expansion of in-state tuition and free health care to illegal immigrants.""",false,false,"['false', 'mostly-false', 'half-true', 'mostly-true']",4,True
"""Many of the great scholars say that anchor babies are not covered"" by the 14th Amendment.",half-true,false,"['false', 'mostly-false']",2,False
Evan Kilgore is one of the Border Patrol agents who shot Alex Pretti in Minneapolis.,pants-fire,false,"['false', 'pants-fire']",2,True
“ICE has released the tip hotline to turn in illegal immigrants. They paying $750 for each illegal immigrant.”,false,false,['false'],1,True
"""Chinese communist” troops on the ground at U.S. southern border.",false,false,"['false', 'mostly-false']",2,True
"""The U.S. Census believes that by 2030 the majority of Americans will use Spanish as their first language.""",pants-fire,false,"['false', 'mostly-false', 'pants-fire']",3,True
“Federal law requires people to speak English to be naturalized as American citizens.”,mostly-true,false,"['false', 'mostly-true', 'half-true', 'mostly-false', 'true']",5,True
"""Now in half the homes in California, people speak a language other than English in their own homes.""",mostly-false,mostly-true,"['mostly-true', 'half-true']",2,False
"Since a new immigration program was implemented, the number of Venezuelans trying to enter the U.S. illegally decreased “from about 1,100 per day to less than 250 per day on average.”",mostly-true,mostly-true,"['mostly-true', 'true']",2,True
"Gov. Kitzhaber oversaw creation of the Oregon driver card law ""behind closed doors without allowing any input from citizens who represent the public interest.""",mostly-false,mostly-false,"['mostly-false', 'mostly-true', 'false', 'half-true']",4,True
"""It's important to pay attention to the Russian spy drama, but let's not ignore the fact that the following (10) bills have been introduced"" in the House.",mostly-true,mostly-true,"['mostly-true', 'mostly-false', 'half-true']",3,True
"“For the first time in American history, if you're seeking asylum ... you can't do it from the United States. … You’ve got to seek asylum from abroad.”",mostly-false,false,"['false', 'mostly-false', 'half-true']",3,True
"Says Dan Patrick has ""called immigration into Texas an invasion"" and ""said immigrants coming into Texas bring ‘third-world diseases.’""",true,true,"['true', 'mostly-true', 'mostly-false', 'half-true']",4,True
“FEMA has been directed back to North Carolina with $2 billion in emergency funds: ‘We transferred it from the programs that fund welfare for illegals. They don’t be needing it.’”,false,false,['false'],1,True
"""Forty percent of the Fortune 500 were started either by immigrants or children of immigrants.""",half-true,mostly-true,"['mostly-true', 'half-true']",2,True
"Says Joe Donnelly ""voted to grant amnesty to millions of illegal immigrants, including criminals, drunk drivers, domestic violence, and worse.""",mostly-false,mostly-false,"['mostly-false', 'false', 'mostly-true']",3,True
"Says ""all my grandparents"" immigrated to America.",false,false,['false'],1,True
“Portland is burning to the ground.”,false,false,"['false', 'pants-fire']",2,True
"Says ICE and border patrol officers ""unanimously endorsed me for president.""",mostly-false,false,"['false', 'mostly-false']",2,True
"""Close to half of the folks in this country illegally entered legally (but) overstayed (their ) visas.""",mostly-true,mostly-true,"['mostly-true', 'true']",2,True
"Says Roy Moore is ""on the wrong side of Trump’s border wall.""",mostly-false,mostly-false,"['mostly-false', 'false', 'mostly-true', 'half-true']",4,True
"""Under Biden, we have seen over 4.6 million encounters at our southern border. Most have been released into the interior and will stay here indefinitely.""",half-true,mostly-false,"['mostly-false', 'false', 'mostly-true']",3,False
"At the same time President Trump talks about supporting veterans, ""he is deporting service members who have volunteered to serve this country.""",mostly-true,true,"['true', 'mostly-true', 'half-true', 'mostly-false']",4,True
"""More than 43 percent of all food stamps are given to illegals.""",pants-fire,pants-fire,['pants-fire'],1,True
"Georgia’s illegal-immigration legislation ""simply follows existing federal law.""",half-true,false,"['false', 'mostly-false', 'mostly-true', 'half-true', 'pants-fire']",5,True
"""Phoenix, Ariz., is the No. 2 kidnapping capital of the world.""",pants-fire,pants-fire,['pants-fire'],1,True
"Democratic lawmakers who voted in favor of short-term spending bills ""just voted to deport Dreamers.""",false,false,"['false', 'mostly-false', 'mostly-true', 'half-true']",4,True
"Says U.S. Senate candidate Cory Gardner ""blocked immigration reform"" and ""voted to deport our DREAMers.""",mostly-false,mostly-true,"['mostly-true', 'mostly-false', 'half-true', 'false']",4,True
"Says Larry Taylor gave ""in-state tuition to illegal immigrants.""",pants-fire,false,"['false', 'mostly-false', 'mostly-true', 'half-true']",4,False
"""Our law enforcement agencies have found bodies in the desert, either buried or just lying out there, that have been beheaded.""",pants-fire,pants-fire,['pants-fire'],1,True
"Half of illegal immigrants ""come on legal visas and then overstay.""",mostly-true,mostly-true,"['mostly-true', 'true', 'half-true', 'mostly-false']",4,True
"Donald Trump says ""all Mexicans are rapists.""",false,false,['false'],1,True
"""NAFTA allows a lot of trucks from Mexico, for example, to leave there and ... drive straight through without even being inspected.""",mostly-false,false,"['false', 'mostly-false', 'mostly-true', 'half-true']",4,True
"District attorneys ""have advertised that they will charge a criminal alien with a lesser offense than presumably they would charge a United States citizen, so they won’t be deported.""",half-true,mostly-false,"['mostly-false', 'mostly-true', 'half-true', 'false']",4,True
"""Unemployment has been on the rise throughout Wisconsin"" as Paul Ryan stepped up his advocacy of ""immigration increases.""",mostly-false,mostly-false,['mostly-false'],1,True
"""President Obama used"" his DACA order ""to unilaterally confer U.S. citizenship.""",pants-fire,false,"['false', 'mostly-false']",2,False
"Says Donald Trump promised to repeal Obamacare, build a wall, ban Muslims, and more.",mostly-true,true,"['true', 'mostly-true', 'mostly-false', 'false']",4,True
“The great replacement theory is not some grand right-wing conspiracy theory. But a basic statement of the Democratic Party's platform.”,pants-fire,false,"['false', 'mostly-false', 'mostly-true']",3,False
"Says El Paso was named America’s ""Safest Large City"" a year after San Antonio, Houston and Dallas had the nation’s highest crime rates.",mostly-false,mostly-true,"['mostly-true', 'true', 'half-true', 'mostly-false']",4,True
"U.S. Rep. Jim Langevin  didn't want a border fence to block illegal immigration ""because he is  afraid that someone will get hurt trying to go around the fence.""",pants-fire,pants-fire,"['pants-fire', 'false']",2,True
"The Immigration and Nationality Act “stripped Article III courts, that's the judicial branch, of jurisdiction over immigration cases.”",false,false,"['false', 'mostly-false']",2,True
"The Obama administration estimates the number of children at the border is ""going to increase to 150,000 to 200,000 next year.""",half-true,mostly-true,"['mostly-true', 'mostly-false', 'half-true', 'false']",4,True
"Says Hillary Clinton and millennials have the same positions on climate change, abortion rights, immigration reform, gay rights and college affordability. ""Donald Trump doesn't.""",mostly-true,mostly-true,"['mostly-true', 'half-true', 'mostly-false', 'true']",4,True
"Mike Huckabee ""supported taxpayer-funded scholarships for illegal aliens.""",mostly-true,mostly-false,"['mostly-false', 'mostly-true', 'half-true']",3,True
"Public schools, colleges and state-funded day care centers ""will be made into sanctuaries by Bruce Rauner signing SB 31.""",false,false,"['false', 'mostly-false', 'half-true', 'pants-fire']",4,True
"""There are fewer people crossing (the southwest) border than in the last 30 years.""",mostly-true,mostly-true,"['mostly-true', 'mostly-false', 'half-true', 'false']",4,True
"""One in four inmates is an illegal immigrant.""",mostly-false,mostly-false,"['mostly-false', 'false', 'half-true']",3,True
"""Unlawful presence (in the United States) is not a crime.""",mostly-true,true,['true'],1,False
"""In Florida alone, more than $3.5 billion a year is spent on health care and criminal justice for illegal immigrants.""",false,false,['false'],1,True
Nikki Haley “opposed Trump’s border wall” and “Trump’s travel ban.”,false,mostly-false,"['mostly-false', 'false', 'mostly-true', 'true']",4,True
"Says Carlos Lopez-Cantera ""even voiced enthusiastic support for bringing an Arizona-style immigration law to Florida, calling the measure 'common sense.’""",mostly-false,mostly-true,"['mostly-true', 'half-true', 'true', 'mostly-false']",4,True
"The Secure Communities Program and 287(g) immigration programs ""were programs that worked"" but were ""recklessly gutted"" by the Obama administration.",half-true,mostly-true,"['mostly-true', 'half-true', 'mostly-false', 'true']",4,True
"The Biden administration “halted deportations for all illegal aliens — murderers, rapists, terrorists, MS-13 gang members are not being deported.""",false,false,"['false', 'mostly-false']",2,True
"In 2017, ICE ""arrested more than 127,000 illegal immigrants with criminal convictions or facing charges of breaking our nation's’ laws,"" and removed nearly 5,000 gang members.",true,true,['true'],1,True
"South Carolina has a labor shortage, specifically in the meatpacking industry.",mostly-true,mostly-true,['mostly-true'],1,True
"""Alexander Hamilton was an immigration hawk.""",half-true,mostly-false,"['mostly-false', 'false', 'half-true']",3,True
"Numbers on illegal immigrants ""are down in terms of apprehensions, which indicates fewer illegal crossings, but also up in terms of actual enforcement actions.""",mostly-true,mostly-true,['mostly-true'],1,True
"For immigrants with visa overstays, ""we make no effort to hold them accountable to that or uphold the law.""",half-true,mostly-true,"['mostly-true', 'mostly-false', 'false', 'half-true']",4,True
"Sen. Harry Reid voted ""against declaring English our national language, twice.""",true,true,"['true', 'mostly-true', 'false']",3,True
"""Migrants DEMAND $50,000 each to go home, or else …""",mostly-true,mostly-false,"['mostly-false', 'false', 'mostly-true', 'half-true']",4,True
"Under the SAVE Act, “if you are a woman that has changed your name from your birth certificate, let’s say through marriage … you are no longer eligible to vote.”",mostly-false,false,"['false', 'mostly-false']",2,True
"""The reality is that we have roughly 15,000 undocumented immigrants living in the state...""",false,false,"['false', 'mostly-false', 'mostly-true']",3,True
"""Almost 40 percent of all (undocumented) immigrants come by plane and they overstay their visas.""",half-true,mostly-true,"['mostly-true', 'half-true', 'mostly-false', 'false']",4,True
"The ""six largest cities in Ohio all have higher rates of violence and crime than every major city along the U.S.-Mexico border.""",mostly-true,mostly-true,"['mostly-true', 'true']",2,True
"Says Ronald Reagan said immigrants ""brought with them courage and the values of family, work, and freedom. Let us pledge to each other that we can make America great again.""",mostly-true,half-true,"['half-true', 'mostly-true', 'mostly-false', 'false', 'true']",5,True
"Under ""his own legislation,"" Donald Trump's ""own family would not have been allowed into the country.""",half-true,half-true,['half-true'],1,True
"Says President Donald Trump ""signs a visa-free travel policy"" for Ghana and Malawi.",pants-fire,false,['false'],1,False
"“300,000 illegal immigrants were able to use a simple app to get a free flight to our country.”",false,false,"['false', 'mostly-false']",2,True
"The number of people in the U.S. illegally is “upwards of 20, 25, maybe 30 million.”",false,false,"['false', 'mostly-false', 'pants-fire']",3,True
"""It is senior citizens, not Hispanics, who are the fastest-growing demographic in this country.""",mostly-false,false,"['false', 'mostly-false', 'mostly-true', 'half-true']",4,True
"Harry Reid has voted ""to give illegals Social Security benefits even for the time they were here illegally.""",mostly-false,mostly-false,['mostly-false'],1,True
"""We are not even into February and the cost of illegal immigration so far this year is $18,959,495,168. Cost Friday was $603,331,392. There are at least 25,772,342 illegal aliens, not the 11,000,000 that have been reported for years, in our Country.""",false,false,"['false', 'mostly-false', 'pants-fire']",3,True
Says Obama broke his promise to offer a comprehensive immigration bill in his first year.,true,false,"['false', 'mostly-false', 'half-true', 'mostly-true', 'true']",5,True
"""How do Jeb Bush and Donald Trump differ on immigration? Spoiler alert: They don't.""",mostly-false,mostly-false,"['mostly-false', 'false', 'half-true', 'mostly-true']",4,True
"""The federal government right now does not deport criminals.""",false,false,"['false', 'mostly-false', 'half-true']",3,True
"Says detained immigrant parents separated from their children at the border are being charged ""as much as $8 a minute to call their children.""",mostly-false,false,"['false', 'mostly-false', 'mostly-true', 'half-true']",4,True
"Says Rick Perry ""turned down our invitation to meet"" President Barack Obama in El Paso.",mostly-true,mostly-true,"['mostly-true', 'true', 'half-true']",3,True
"The immigration proposal from the Gang of Eight ""is not amnesty.""",half-true,mostly-true,"['mostly-true', 'half-true', 'mostly-false', 'false', 'true']",5,True
"When undocumented children are picked up at the border and ""told to appear later in court ... 90 percent do not then show up.""",false,false,"['false', 'mostly-false', 'mostly-true']",3,True
"Says three Ukrainians recently captured on a West Texas ranch are among ""individuals from countries that have strong terrorist ties being apprehended"" near the state’s border with Mexico.",half-true,mostly-true,"['mostly-true', 'true', 'half-true', 'mostly-false', 'false']",5,True
"""No one mentions that illegals are free to leave detention centers anytime to go back to Mexico. They aren't our prisoners.""",mostly-false,false,"['false', 'mostly-false']",2,True
"""In 2014, Mexico alone received over $24 billion in remittances sent from the U.S., while other South and Central American countries received over 15 percent of their (gross domestic product) in the form of remittances.""",half-true,mostly-true,"['mostly-true', 'true', 'half-true']",3,True
"""I never said that"" Marco Rubio was Mark Zuckerberg’s personal senator.",pants-fire,false,"['false', 'mostly-false']",2,False
"""Nate McMurray wants to reward illegals with amnesty.""",mostly-false,mostly-false,"['mostly-false', 'false', 'mostly-true', 'half-true']",4,True
"""We began seeing the increase in unaccompanied minors going back to last April 2020. This is not something that happened as a result of Joe Biden becoming president.”",half-true,half-true,"['half-true', 'mostly-false', 'mostly-true', 'false']",4,True
"""Ending (Temporary Protected Status) and deporting legal workers would cost the United States ~$164 billion in GDP over a decade.""",half-true,mostly-true,"['mostly-true', 'true']",2,False
"""Fall River, Massachusetts was not 'built by immigrants.' """,false,false,"['false', 'mostly-false', 'true']",3,True
"Says Democrats ""want to give (undocumented immigrants) cars.""",pants-fire,false,"['false', 'mostly-false']",2,False
"“Carnage"" is being caused ""by people who are coming across the border.""",false,mostly-false,"['mostly-false', 'false', 'half-true', 'mostly-true']",4,True
"""We could cut unemployment in half simply by reclaiming the jobs taken by illegal workers.""",false,false,['false'],1,True
"Joe Biden “is letting millions of people from jails, from prisons, from insane asylums, from mental institutions, drug dealers pour in.”",pants-fire,false,"['false', 'pants-fire', 'mostly-false']",3,True
"The number of illegal immigrants ""could be 3 million. It could be 30 million.""",pants-fire,false,"['false', 'mostly-false', 'pants-fire']",3,True
"""Tear gas was used on average once a month during the Obama administration for very similar circumstances.""",mostly-true,mostly-true,"['mostly-true', 'true', 'half-true', 'mostly-false']",4,True
"""Republicans just voted in the House Judiciary Committee to allow Trump to DEPORT U.S. citizens to a foreign country.""",mostly-false,false,"['false', 'mostly-false', 'pants-fire']",3,True
"""More than 100,000 DACA applicants have been arrested—Murder, Rape, DUI.""",mostly-false,mostly-false,"['mostly-false', 'false', 'mostly-true']",3,True
“Biden wants to give illegals ID cards so they can start collecting American benefits.”,false,false,"['false', 'mostly-false']",2,True
"""Democrats mistakenly tweet 2014 pictures from Obama’s term showing children from the Border in steel cages.""",true,false,"['false', 'mostly-false', 'mostly-true', 'half-true']",4,False
"""Let’s talk about the facts and where we are today. There are still nearly 2,600 children who are separated from their parents"" due to the Trump administration’s zero-tolerance policy.",true,true,['true'],1,True
"Says Joe Biden “is restricting travel for Americans into Mexico, but is keeping the border wide open for illegal aliens to walk right into our country.”",mostly-false,mostly-false,"['mostly-false', 'false', 'half-true']",3,True
"Candidate for governor Roy Barnes has been ""fighting hard"" to let illegal immigrants vote.",pants-fire,pants-fire,['pants-fire'],1,True
"""Evidence surfaces of Vatican funding caravans targeting America with cash.""",false,false,['false'],1,True
"""The actions I’m taking"" are ""the kinds of actions taken by every single Republican president and every single Democratic president for the past half-century.""",half-true,true,"['true', 'mostly-true', 'half-true']",3,True
Says Congress set aside $50 billion for the Secure Fence Act in 2006,false,false,"['false', 'mostly-false']",2,True
"Says children are coming into the U.S. in ""staggering numbers"" because  President Barack Obama ""has been promising amnesty.""",false,false,"['false', 'mostly-false', 'pants-fire']",3,True
"Says Barack Obama ""has the legal authority to let in really however many refugees he wants, from whatever country.""",half-true,half-true,['half-true'],1,True
Says diversity visa immigrants are not vetted.,false,false,"['false', 'mostly-false', 'half-true', 'mostly-true']",4,True
"""California won’t let law enforcement officers like you and your people transfer prisoners to ICE custody or even to communicate with ICE that you’re about to release them from your custody — people that ICE is looking for.""",mostly-false,mostly-false,"['mostly-false', 'mostly-true', 'half-true']",3,True
"Harry Reid has voted ""to give special tax breaks to illegal aliens.""",false,false,['false'],1,True
"""If it weren’t for me … (illegal immigration) wouldn’t even be a big subject.""",false,false,['false'],1,True
"""Democrats are nowhere to be found on DACA.""",false,mostly-false,"['mostly-false', 'false', 'mostly-true', 'half-true']",4,True
The border wall and the ‘Remain in Mexico’ policy “reduced illegal immigration by 90%.”,false,false,"['false', 'mostly-false', 'pants-fire']",3,True
"Says U.S. Rep. Ron DeSantis ""voted in favor of food stamps for illegal immigrants.""",pants-fire,false,"['false', 'mostly-false']",2,False
"President Barack Obama, Nancy Pelosi and Harry Reid support Rick Perry’s ""decision to give in-state tuition to illegal immigrants.""",mostly-false,false,"['false', 'mostly-false']",2,True
"""In other states (where illegal immigrants have been allowed to get driver's licenses) their insurance premiums for everybody have gone down.""",mostly-true,mostly-true,"['mostly-true', 'mostly-false', 'false', 'half-true']",4,True
"""There’s actually a court order that prevents keeping the kids with the parents when you put the parents in jail.""",mostly-false,false,"['false', 'mostly-false', 'half-true', 'mostly-true']",4,True
"Says Beto O’Rourke wants ""open borders and wants to take our guns.""",false,mostly-false,"['mostly-false', 'false']",2,True
"The newly created state Immigration Enforcement Review Board ""can actually prosecute, and get them [violators] into jail, if we bring in the attorney general.""",false,false,['false'],1,True
"""The mayor said … 'if you happen to be in this country in an undocumented status . . . then we welcome you here.  We want you here.  We'll protect you here.' """,true,true,['true'],1,True
"Says using E-Verify is ""a fair amount of cost,"" about $20 per person that does not match.",mostly-true,mostly-true,['mostly-true'],1,True
"Under Hillary Clinton’s plan ""illegal immigrants convicted of committing crimes get to stay.""",half-true,false,"['false', 'mostly-false', 'half-true']",3,True
"""Obama administration kept illegal Mexican kids in detention camps as ‘experiment’""",mostly-false,false,"['false', 'mostly-false', 'half-true', 'mostly-true', 'true']",5,True
Rep. Ruben Gallego’s “first act in Congress was to propose legislation to BAN the use of the term ‘illegal alien.’”,false,false,"['false', 'mostly-false']",2,True
"""As you know, we apprehended over 144,000 people in a single month. That is a pace, which if it continues for 12 months, would put us on a pace for nearly 2 million apprehensions on the border.""",mostly-false,mostly-false,"['mostly-false', 'false', 'mostly-true', 'half-true']",4,True
"""We admit more than 100,000 lifetime migrants from the Middle East each year.""",mostly-true,mostly-true,"['mostly-true', 'true', 'mostly-false', 'half-true']",4,True
"""In Mexico, they don't have birth certificates... they don’t have registration cards for voters. They have one national ID.""",false,false,['false'],1,True
"Says North Carolina Rep. Renee Ellmers was the only Republican to vote against ""an amendment to prioritize the deportation of sexual criminals who are illegal immigrants.""",half-true,false,"['false', 'mostly-false', 'mostly-true', 'half-true', 'true']",5,True
"Donald Trump ""wanted to amnesty 2 million illegal aliens in 2018 when he was president.""",mostly-true,false,"['false', 'mostly-false', 'mostly-true', 'half-true']",4,True
"“Nearly 2 out of 3 Americans want to reduce legal immigration from 1 million per year down to 500,000 or less.”",half-true,mostly-true,"['mostly-true', 'half-true', 'mostly-false', 'false', 'true']",5,True
"Says Adam Putnam ""was for amnesty.""",half-true,mostly-false,"['mostly-false', 'half-true', 'false', 'mostly-true']",4,True
"Says Rick Perry ""proposed a binational health insurance program with Mexico.""",mostly-true,mostly-true,"['mostly-true', 'true', 'half-true']",3,True
"""Immigrants are more fertile.""",mostly-true,mostly-true,"['mostly-true', 'mostly-false', 'false', 'half-true', 'true']",5,True
Obama ad contends that John McCain endorses Rush Limbaugh's comments about immigration.,pants-fire,pants-fire,"['pants-fire', 'false']",2,True
"""There are more people living in this country who were not born here than at anytime in the history of the country.""",half-true,mostly-true,"['mostly-true', 'mostly-false', 'false', 'half-true', 'true']",5,True
"Speaking about border apprehensions, said “We have some of the best numbers we've ever had. Southern border, the best numbers we've ever had.”",half-true,false,"['false', 'mostly-false', 'mostly-true']",3,False
"Senate immigration legislation is the ""Obama-Reid plan to give illegal immigrants amnesty.""",mostly-false,mostly-false,"['mostly-false', 'false', 'half-true']",3,True
"Says Rick Perry ""provided in-state tuition... for illegal immigrants.""",true,true,['true'],1,True
"Two federal government buses “stopped in front of a Mexican restaurant in the very small town of Green Cove Springs Florida… The passengers were illegal immigrants, straight from the southern border.”",false,false,"['false', 'mostly-false']",2,True
"""One third of all federal prisoners today are illegal immigrants.""",mostly-false,false,"['false', 'mostly-false']",2,True
"With U.S. Customs and Border Protection’s CBP One app, it “takes less than 5 minutes and zero documentation to get approved as an illegal immigrant and be flown to the United States with air tickets paid for by the American taxpayer.”",false,false,"['false', 'pants-fire', 'mostly-false']",3,True
"""Gov. Romney was very clear, he would veto the DREAM Act.""",true,mostly-true,"['mostly-true', 'true', 'half-true', 'false']",4,True
"Says President Obama's new immigration plan ""is amnesty.""",mostly-false,mostly-false,"['mostly-false', 'false', 'half-true', 'mostly-true']",4,True
"The federal government is ""making the decision, whether we like it or not, to send 425 refugees to our state"" from Syria.",half-true,false,"['false', 'mostly-false', 'half-true']",3,True
"""18 million illegal immigrants got their government checks this month"" while federal workers remain unpaid.",pants-fire,false,['false'],1,False
"""ICE is required to fill 34,000 beds with detainees every single night and that number has only been increasing since 2009.""",false,false,"['false', 'mostly-false', 'half-true', 'mostly-true']",4,True
"More than 100,000 people are waiting for public housing in Houston and people who are in the country illegally are taking their spaces.",mostly-false,false,"['false', 'mostly-false', 'half-true']",3,True
"""Currently, it takes up to 25 years to obtain U.S. citizenship legally"" but the Senate bill ""would allow immigrants who came to the United States illegally to obtain citizenship in just 13 years.""",half-true,half-true,['half-true'],1,True
“They are not getting the traditional five months training. … The training for the ICE agents now is 47 days.”,mostly-true,mostly-true,"['mostly-true', 'true', 'half-true', 'mostly-false']",4,True
"""FBI crime statistics have found that labeled ‘sanctuary’ cities experience lower rates of all crime types, including homicides.""",half-true,mostly-true,"['mostly-true', 'true', 'half-true']",3,True
"""One in three women is sexually assaulted on the dangerous journey north.""",half-true,false,"['false', 'mostly-false', 'mostly-true', 'half-true']",4,True
"“Congo, Africa, just released a lot of people, a lot of people from their prisons and jails and brought them into the United States of America.”",pants-fire,false,"['false', 'mostly-false']",2,False
"Undocumented drivers ""have protections that US citizens don’t receive under Green light bill.""",false,mostly-true,"['mostly-true', 'false', 'mostly-false', 'half-true', 'true']",5,True
Elissa Slotkin “gave your hard-earned tax money to illegal immigrants.”,false,false,"['false', 'mostly-false']",2,True
"Florida taxpayers ""pay tens of millions of dollars a year to feed and house in our prison system criminal illegal aliens.""",mostly-false,mostly-false,"['mostly-false', 'false', 'half-true']",3,True
"""Congress only funded half the wall"" between Mexico and the United States.",mostly-true,mostly-true,"['mostly-true', 'half-true']",2,True
"""If you're a Mexican, you get sent back. ... But if you're from a noncontiguous country like the Central American countries"" then you can stay in the United States.",true,mostly-true,"['mostly-true', 'half-true', 'true', 'false']",4,True
The southern U.S. border “is now open to anyone from anywhere in the world who wishes to enter our country.”,false,false,['false'],1,True
Biden’s strategy is to “get as many illegals in the country as possible” and “legalize them to create a permanent majority.”,false,false,"['false', 'pants-fire']",2,True
There are 86 languages spoken at Miami Dade College.,true,true,['true'],1,True
"Says President Barack Obama ""ordered our military to enlist illegal aliens.""",mostly-false,false,"['false', 'mostly-false']",2,True
"""Forty percent of the undocumented workers in this country"" entered the U.S. legally and ""overstayed their visa.""",mostly-true,mostly-true,['mostly-true'],1,True
"""Since the day of my election, we've already cut illegal immigration at the southern border by 61 percent.""",mostly-true,false,"['false', 'mostly-false', 'mostly-true', 'half-true']",4,True
"""(Mexican immigrants) are more law-abiding than U.S. citizens and that is a statistic.""",mostly-true,true,"['true', 'mostly-true']",2,True
"Between 2008 and 2014, ""criminal aliens accounted for 38 percent of all murder convictions in the five states of California, Texas, Arizona, Florida and New York.""",false,false,"['false', 'mostly-false']",2,True
"Says a 9-year-old girl was recently raped in Austin, Texas, by a guy previously ""caught four times and released.""",half-true,false,"['false', 'mostly-false', 'half-true', 'mostly-true']",4,True
"""These people that we were going to deport for good reason ended up becoming citizens. Ended up becoming citizens. And it was 800. And now it turns out it might be 1,800, and they don't even know.""",mostly-true,mostly-true,"['mostly-true', 'true', 'half-true', 'mostly-false']",4,True
"""The chances of being killed by a refugee committing a terrorist act is 1 in 3.6 billion.""",mostly-true,true,"['true', 'mostly-true']",2,True
“There have been more illegal encounters under Biden than the previous two administrations combined.”,false,false,"['false', 'mostly-false']",2,True
"“Since May of last year, we have removed or returned more individuals than in any year since 2015.”",mostly-true,true,"['true', 'mostly-true', 'half-true', 'false']",4,True
“Joe Biden flew hundreds of thousands of illegals into Florida last year.”,false,false,"['false', 'mostly-false', 'mostly-true']",3,True
"DACA was ""a mere memo from the Department of Homeland security under Barack Obama, which violated the laws.""",half-true,false,"['false', 'mostly-false', 'half-true']",3,True
"U.S. Rep. Ilhan Omar is ""facing 40 years in prison and deportation after seven new crimes uncovered.""",false,false,['false'],1,True
"Research shows that ""a vast majority of arriving immigrants today come here because they believe that government is the source of prosperity, and that's what they support.""",mostly-false,mostly-false,"['mostly-false', 'false', 'mostly-true', 'half-true']",4,True
"Says Section 1325 of U.S. immigration law was ""put into place in 1929, by a segregationist.""",mostly-true,true,"['true', 'mostly-true', 'half-true', 'mostly-false']",4,True
"""The enumeration clause speaks to the count of every individual, and not just Americans, not just citizens.""",true,true,['true'],1,True
"""Nobody knows about it, nobody talks about it, but under Obama, millions of people have been moved out of this country, they've been deported.""",half-true,half-true,"['half-true', 'mostly-true', 'mostly-false', 'false', 'true']",5,True
"""Almost half a million people are still eligible (for DACA), particularly in the Asian-American and Pacific Islander community.""",true,mostly-true,"['mostly-true', 'true', 'half-true']",3,True
"""Jesus was an undocumented immigrant.""",false,false,"['false', 'mostly-false', 'mostly-true', 'half-true']",4,True
"""In 20 years there will be enough Muslim voters in the U.S. to elect the president by themselves.""",pants-fire,pants-fire,['pants-fire'],1,True
"Late changes to the Arizona immigration law ""lay to rest questions over the possibility of racial profiling.""",mostly-false,mostly-false,"['mostly-false', 'false', 'mostly-true']",3,True
"Obamacare ""will provide insurance to all non-U.S. residents, even if they are here illegally.""",pants-fire,false,['false'],1,False
"Says 326,000 migrants were flown to Florida with taxpayer dollars under President Joe Biden’s secret migrant flight program.",false,false,['false'],1,True
"Says his administration put more border patrol agents on the U.S.-Mexico border than at ""any time in history, and the flow of undocumented workers across the border is actually lower than it's been in 40 years.""",half-true,mostly-true,"['mostly-true', 'true', 'half-true']",3,True
"""Just last May, the Department of Justice inspector general found that these (‘sanctuary city’) policies also violate federal law.""",mostly-false,false,"['false', 'mostly-false', 'mostly-true', 'half-true']",4,True
"At Guantánamo Bay, “we'll have the capacity to continue to do there what we've always done. We've always had a presence of illegal immigrants there that have been detained.”",half-true,mostly-false,"['mostly-false', 'false', 'mostly-true', 'half-true', 'true']",5,True
"On Donald Trump’s plan to cut federal funding to sanctuary cities, ""because of a decision by the Supreme Court, no president's in a position to cut off funding across the board. It has to be very specific to the matter at hand.""",mostly-true,true,"['true', 'mostly-true']",2,True
"Immigrants get $2,000 each time they cross the border illegally.",false,false,['false'],1,True
"""Hundreds of thousands of (illegal immigrants are) going to state and federal penitentiaries.""",mostly-false,false,"['false', 'mostly-false']",2,True
"""Illegal immigration costs our country more than $113 billion a year.""",mostly-false,mostly-false,"['mostly-false', 'false', 'mostly-true', 'half-true']",4,True
Says Joe Biden has driven the current coronavirus surge because he “imported more virus from around the world by having a wide open southern border.”,false,false,"['false', 'mostly-false']",2,True
"Says Donald Trump ""said as recently as a few weeks ago in Phoenix that every undocumented person would be subject to deportation.""",mostly-true,half-true,"['half-true', 'mostly-false', 'mostly-true']",3,True
"""It has been the law since the beginning of the country that the children of American citizens born ... abroad are American citizens by birth.""",mostly-true,false,"['false', 'mostly-false', 'half-true', 'mostly-true']",4,True
Says Madison and Milwaukee County both carry sanctuary status for illegal immigrants and  released undocumented immigrants who have committed multiple crimes including sexual assault of a child,half-true,half-true,"['half-true', 'mostly-false']",2,True
"Says Barack Obama ""acknowledged over 20 times"" that his administration’s Deferred Action for Parents of Americans ""immigration edict was a violation of law and the separation of powers.""",mostly-false,false,"['false', 'mostly-false', 'half-true', 'mostly-true']",4,True
"Says ""we"" have put more boots on the U.S.-Mexico border ""than at any time in our history, and illegal crossings are down by nearly 80 percent from their peak in 2000.""",half-true,mostly-true,"['mostly-true', 'half-true', 'mostly-false', 'false']",4,True
"""Every time we go to court,"" against the Trump administration, ""for the most part, we win.""",mostly-true,mostly-true,"['mostly-true', 'true']",2,True
"""Immigrants start businesses at a faster rate; they seem to grow those businesses more successfully.""",mostly-true,mostly-true,"['mostly-true', 'true']",2,True
"""Illegal aliens cost the state of Rhode Island $400 million a year.""",pants-fire,pants-fire,['pants-fire'],1,True
"The Biden-Harris administration ""wants to hand out $450,000 to illegal immigrants.""",false,false,"['false', 'mostly-false', 'pants-fire']",3,True
"""Right now, an employer has more of a chance of getting hit by lightning than be prosecuted for hiring an undocumented worker. That has to change.""",false,false,['false'],1,True
"Says the 1956 Republican Party platform supported equal pay, the minimum wage, asylum for refugees, protections for unions and more.",mostly-true,true,"['true', 'mostly-true']",2,True
The Biden administration is “not even testing these people” being released by Border Patrol into the U.S.,mostly-false,mostly-false,"['mostly-false', 'false', 'half-true']",3,True
"""Most (immigrants) do show up in court.""",mostly-true,true,"['true', 'mostly-true']",2,True
"Says Donald Trump ""used undocumented labor to build the Trump Tower.""",true,true,"['true', 'mostly-true', 'half-true']",3,True
"""Last month, we saw a 64 percent reduction in illegal immigration on our southern border.""",half-true,mostly-false,"['mostly-false', 'false', 'mostly-true']",3,False
"""134,000 (criminal) aliens have been released by the (Obama) administration in just the past two years.""",half-true,false,"['false', 'mostly-false', 'mostly-true', 'half-true']",4,True
"""Undocumented immigrants paid more taxes last year than Amazon, GM, IBM & Netflix combined.""",mostly-true,true,"['true', 'mostly-true', 'false', 'mostly-false', 'half-true']",5,True
"""When I became governor, we banned sanctuary cities and we also did E-Verify.""",mostly-true,mostly-true,"['mostly-true', 'true', 'half-true', 'mostly-false', 'false']",5,True
"""My policy is similar to what President Obama did in 2011 when he banned visas for refugees from Iraq for six months.""",mostly-false,mostly-false,"['mostly-false', 'false', 'half-true']",3,True
"About 40 percent of U.S. illegal immigrants ""came in on an airplane, with a legal visa, and just overstayed their visa and have never gone home.""",mostly-true,mostly-true,"['mostly-true', 'true', 'half-true']",3,True
"""Just last year, over 5,000 refugees came to New York state, and 94 percent settled outside of New York City.""",true,mostly-true,"['mostly-true', 'true']",2,True
"“Kamala Harris wants to give $25,000 to illegal aliens to buy American homes.”",false,false,"['false', 'mostly-false']",2,True
Says about 80% to 90% of people seeking asylum do not have a valid claim.,false,false,"['false', 'mostly-false', 'mostly-true', 'half-true']",4,True
"""ISIS is running through a border made porous by Barack Obama’s policies.""",pants-fire,false,"['false', 'mostly-false', 'pants-fire']",3,True
"""There are more immigrants in our country right now than any other time.""",mostly-true,mostly-false,"['mostly-false', 'false', 'mostly-true', 'half-true']",4,True
"""The State of Texas does not even use the E-Verify system to determine if someone is legally in our country when they apply for a job.""",true,true,['true'],1,True
"A post comparing two construction workers — “Joe legal” and “Jose illegal” — says “Jose” pays no taxes yet gets free medical care, food stamps, welfare, and 'head of the class' priority for his children in applying for college.",false,false,"['false', 'pants-fire', 'mostly-false']",3,True
"""We’ve had about 3,000 murders"" in connection with lax border security.",pants-fire,false,"['false', 'mostly-false', 'pants-fire', 'half-true']",4,True
"""I have sent over $400 million to the border of Mexico in the form of Texas Ranger recon teams.""",mostly-false,mostly-false,"['mostly-false', 'false']",2,True
"""Under Mayor Cicilline, [Providence] was a sanctuary city.""",false,mostly-true,"['mostly-true', 'true', 'half-true', 'false', 'mostly-false']",5,True
"""Prayer rugs have recently been found on the Texas side of the border in the brush.""",pants-fire,false,"['false', 'mostly-false', 'pants-fire', 'mostly-true']",4,True
"""Incredibly, some Tallahassee politicians want to make Florida a sanctuary state.""",half-true,mostly-false,"['mostly-false', 'false', 'mostly-true', 'half-true', 'true']",5,True
"""When Phoenix dropped its sanctuary city policy in 2008, its murder rate fell 27 percent the following year.""",half-true,false,"['false', 'mostly-false', 'half-true', 'mostly-true']",4,True
"""8 Syrians caught at Texas border in Laredo.""",mostly-false,true,"['true', 'false', 'mostly-true', 'mostly-false', 'half-true']",5,True
"""Crime in Germany is way up.""",false,false,"['false', 'mostly-false']",2,True
"Says Hillary Clinton ""wants to bring in thousands of refugees to America from all around the world without any kind of security screening.""",false,mostly-false,"['mostly-false', 'false']",2,True
“We see an uncompleted wall that was duly appropriated dollars during the Trump days to build over 700 miles. Only 150 miles were constructed.”,false,false,"['false', 'mostly-false', 'half-true', 'mostly-true']",4,True
"""According to data provided by the Department of Justice, the vast majority of individuals convicted of terrorism and terrorism-related offenses since 9/11 came here from outside of our country.""",mostly-false,false,"['false', 'mostly-false', 'half-true', 'mostly-true']",4,True
"""Right now we're focused on Minneapolis because that's where we have the highest concentration of people who have violated our immigration laws.""",false,false,"['false', 'mostly-false']",2,True
"""Nearly 200,000 Florida voters may not be citizens.""",false,false,"['false', 'mostly-false']",2,True
"""More than two-thirds of the aliens the Obama administration has brought to the United States under the president's Central American Minors program weren’t actually minors at all.""",mostly-true,mostly-true,"['mostly-true', 'false', 'mostly-false', 'half-true', 'true']",5,True
"Says Dan Feehan ""would vote with Pelosi for open borders and amnesty, putting Minnesota families at risk.""",false,false,"['false', 'mostly-false', 'half-true']",3,True
"""They found 60 votes in the Senate in 2006 and 2013"" for immigration legislation, and ""each time the House Republican majority refused to take it up.""",true,true,"['true', 'mostly-true']",2,True
"“We’ve seen an 800% increase in the Swanton sector, which is the part of the northern border that I represent, in illegal crossings.”",true,mostly-true,"['mostly-true', 'mostly-false', 'false', 'half-true']",4,False
"“NYC will give $1,000 taxpayer-funded credit cards to migrants.”",half-true,false,"['false', 'mostly-false', 'mostly-true']",3,False
"""Under @BarackObama illegal immigration dropped to a 50-year low.""",mostly-false,false,"['false', 'mostly-false', 'mostly-true', 'half-true']",4,True
"""Right here (in West Virginia), they are building new houses … so that 321 Syrian Muslims can move down into this neighborhood in two months. … (A funeral home) is to be torn down in two months, and a mosque is going to built there.""",pants-fire,false,['false'],1,False
"""If 20 million illegals vote, you can kiss the Second Amendment goodbye.""",false,pants-fire,"['pants-fire', 'false']",2,True
"""Your Social Security will be destroyed by the people coming in. There's too many of them. It's not sustainable.""",false,false,"['false', 'mostly-false']",2,True
"Says Hillary Clinton ""wants to increase Syrian refugees to this country by 550 percent.""",true,true,"['true', 'mostly-true', 'mostly-false', 'false', 'half-true']",5,True
"“In 1996, Congress specifically authorized the executive branch to conduct non-judicial deportations NOT SUBJECT TO DUE PROCESS.”",false,false,"['false', 'true', 'mostly-true', 'mostly-false']",4,True
"Joe Biden's executive orders meant ""for the first time in American history we have a president who will not detain the people who enter this country illegally.""",false,false,"['false', 'mostly-false', 'half-true']",3,True
"""Spanish was the first European language spoken in this country.""",true,true,['true'],1,True
"Department of Homeland Security Secretary Alejandro Mayorkas' border policy is ""personally responsible"" for fentanyl crossing the border",false,mostly-false,"['mostly-false', 'false', 'half-true']",3,True
"""Go back to 2005 until now, we have quadrupled the number of Border Patrol agents.""",false,false,"['false', 'mostly-false', 'half-true']",3,True
"Says that as of March 2018 compared with 2017, ""there’s been a more than 200 percent increase in the number of people who are apprehended coming across the border. And, I’ll tell you this, there’s been a more than 200 percent increase in apprehension of heroin coming across the border.""",mostly-false,mostly-true,"['mostly-true', 'true', 'mostly-false', 'false']",4,True
"The Richardson-Denish administration ""gave"" 50,000 driver's licenses to illegal immigrants in New Mexico.",mostly-false,mostly-false,"['mostly-false', 'false', 'mostly-true']",3,True
“Biden and Democrats have dismantled border security.”,false,false,"['false', 'mostly-false']",2,True
"""Some of the safest communities in the United States are along the border.""",mostly-true,true,"['true', 'mostly-true']",2,True
“ICE just announced it is pausing the hotline where people can call to report undocumented immigrants because 90% of the calls are from people reporting Elon Musk.”,false,false,['false'],1,True
Says Kay Bailey Hutchison voted for sanctuary cities.,false,false,['false'],1,True
"""The Mexican government ... they send the bad ones over.""",pants-fire,false,"['false', 'mostly-false']",2,False
"Says Ohio congressional candidate Danny O’Connor ""would make Columbus a sanctuary city for illegal immigrants.""",false,false,"['false', 'mostly-false']",2,True
"Says Newt Gingrich said ""Spanish is the language of the ghetto.""",mostly-true,false,"['false', 'true', 'mostly-false', 'half-true', 'mostly-true']",5,True
"Says border ""crossings remain at historically low levels.""",mostly-true,mostly-true,"['mostly-true', 'half-true', 'mostly-false']",3,True
"Says ""there’s 400,000"" anchor babies born in the United States a year, which are ""individuals coming to our country and having their children so their children can be U.S. citizens.""",mostly-false,mostly-false,"['mostly-false', 'false', 'half-true']",3,True
"Ted Cruz ""helps run two national organizations that have been leading the push to give amnesty to illegal immigrants.""",pants-fire,false,"['false', 'mostly-false', 'half-true', 'mostly-true']",4,False
"""Senate report admits Clinton ‘gifted’ children to human traffickers""",false,false,['false'],1,True
The U.S. Census included a citizenship question “for over 150 years” before the Obama administration.,false,false,"['false', 'mostly-false', 'half-true', 'mostly-true']",4,True
“Twice as many children are in Border Patrol custody under Biden than Trump peak in 2019.”,true,true,"['true', 'mostly-true', 'half-true', 'false']",4,True
"""We have my opponent Sam Olens to thank for [the Arizona immigration ruling] since he was on the team that got Clinton elected.""",pants-fire,false,"['false', 'half-true', 'mostly-false', 'mostly-true']",4,False
"About 1.1 million people legally enter the U.S. each year as permanent residents -- ""65 percent of that is some kind of chain migration; 22 percent is diversity lottery, ‘asyling,’ refugees; only about 14, 15 percent has anything to do with work.""",half-true,half-true,['half-true'],1,True
"Says the Obama administration plans to reduce the number of beds devoted to holding individuals violating immigration laws and to ""release hundreds of dangerous criminals into our communities.""",mostly-false,false,"['false', 'mostly-false', 'mostly-true', 'half-true']",4,True
"""Up until two weeks ago, John McCain was a leading proponent of amnesty. Now with me challenging him, suddenly he has changed.""",pants-fire,pants-fire,['pants-fire'],1,True
"President Obama’s uncle and aunt ""are illegal aliens ...  who've been allowed to stay in this country.""",half-true,false,"['false', 'mostly-false', 'half-true', 'mostly-true', 'true']",5,True
"""By funding the authorization that’s already happened a decade ago (in the Secure Fence Act of 2006), we could start the process of meeting Mr. Trump’s campaign pledge to secure the border.""",true,true,"['true', 'mostly-true']",2,True
"Says John Cox ""parroted, parroted Trump — almost verbatim — on the children’s separation issues at the border.""",mostly-false,mostly-false,"['mostly-false', 'false', 'mostly-true', 'half-true']",4,True
"Says President Donald Trump said asylum seekers ""aren't people. These are animals.""",false,false,"['false', 'mostly-false', 'true', 'mostly-true']",4,True
"""We're experiencing a net outflow of illegal, undocumented workers from America back to Mexico.""",true,true,['true'],1,True
"""In February alone there were enough illegal immigrants who crossed the border to fill this (Kansas City Chiefs’ Arrowhead) stadium.""",mostly-true,mostly-true,"['mostly-true', 'mostly-false']",2,True
"Says the Biden administration’s Unaccompanied Alien Children process has “no vetting, no transparency.”",mostly-false,false,"['false', 'mostly-false']",2,True
"Says presidential candidate Sen. Kirsten Gillibrand said, ""Social Security must (be) expanded to illegal immigration, it’s their right.""",false,false,"['false', 'mostly-false', 'true', 'half-true']",4,True
"Among Hispanics, support for immigration reform is close to universal.",mostly-true,mostly-true,"['mostly-true', 'true', 'half-true']",3,True
"Illegal ""immigration is lower than it’s been in 40 years.""",mostly-true,mostly-true,"['mostly-true', 'true']",2,True
"Texas found that 95,000 noncitizens were registered to vote.",false,false,['false'],1,True
"""I am the only person in this field who is against amnesty. Every other person in this field wants to allow people who are here illegally to be able to stay here, in one form or another.""",false,false,"['false', 'mostly-false', 'pants-fire']",3,True
"Says President Dwight Eisenhower ""moved 1.5 million illegal immigrants out of this country.""",half-true,false,"['false', 'mostly-false']",2,False
"""Donald Trump says he'd deport 16 million people.""",half-true,mostly-false,"['mostly-false', 'false', 'half-true']",3,True
"""We have a legal immigration system in America that accepts 1 million people a year, legally. No other country in the world even comes close to that.""",mostly-true,mostly-true,"['mostly-true', 'mostly-false', 'half-true', 'true']",4,True
"40 percent of illegal immigrants ""had a visa and then became illegal,"" mostly because ""they changed jobs.""",half-true,half-true,['half-true'],1,True
"""Our men and women of the Guard have been forced to contact food banks to feed themselves.""",false,mostly-true,"['mostly-true', 'half-true', 'mostly-false', 'false', 'true']",5,True
"""Two million more Latinos are in poverty today than when President Obama took his oath of office less than eight years ago.""",half-true,mostly-false,"['mostly-false', 'false', 'half-true', 'mostly-true']",4,True
Says drug cartels are using social media to offer rebates so more children from Central America get smuggled to the United States.,mostly-false,mostly-false,"['mostly-false', 'false', 'mostly-true']",3,True
Says Gov. Andrew Cuomo and Democratic lawmakers are “granting free tuition to illegal immigrants while closing Excelsior Scholarship applications to citizen students.”,mostly-false,mostly-false,['mostly-false'],1,True
"""Half of everyone that’s here illegally (in the U.S.) came here legally on a visa and have overstayed their visa.""",mostly-true,mostly-true,"['mostly-true', 'half-true', 'true']",3,True
"""There are at least three sectors of the border, one in particular, that are just completely insecure.""",mostly-false,mostly-false,"['mostly-false', 'mostly-true', 'half-true', 'false']",4,True
"Germany ""is crime-riddled right now"" because of migration to Europe.",mostly-false,false,"['false', 'mostly-false', 'pants-fire']",3,True
"""Migrant mother and ‘crying girl’ on Time cover never separated.""",true,false,"['false', 'mostly-false', 'true', 'mostly-true', 'half-true']",5,True
"""We’ve started building the wall.""",mostly-false,false,"['false', 'mostly-false', 'mostly-true', 'half-true']",4,True
"A ""majority in every state favors path to citizenship for undocumented immigrants.""",mostly-true,mostly-true,['mostly-true'],1,True
"""The border security plan of Sens. McCain and Kyl called for 3,000 additional troops to keep us safe. President Obama says he'll send 524.""",half-true,half-true,['half-true'],1,True
"""A million people a year come into the U.S. legally. No other country even comes close to that figure.""",true,true,"['true', 'mostly-true']",2,True
"""The president said he’s going to bring in 250,000 (Syrian and Iraqi) refugees into this country.""",pants-fire,false,"['false', 'mostly-true', 'mostly-false', 'true', 'pants-fire']",5,True
"""Each year ICE detains someone, it costs taxpayers over $50,000. For comparison, by the way, that's four times the amount the federal government spends on each child in our public schools.""",half-true,mostly-true,"['mostly-true', 'half-true', 'true']",3,True
"The ""priorities"" of more than three-quarters of Americans are to increase the minimum wage, create a path to citizenship for illegal immigrants, and require background checks for gun buyers.",mostly-false,mostly-true,"['mostly-true', 'true', 'half-true']",3,False
"""If Rick Scott had his way he would encourage racially profiling immigrant communities here in Florida. He also opposed allowing Dreamers to remain in the U.S.""",mostly-false,mostly-false,"['mostly-false', 'false', 'mostly-true', 'half-true']",4,True
"""We're pretty much at the 50 percent mark"" on deportations of MS-13 gang members.",false,false,"['false', 'mostly-false', 'half-true']",3,True
"""When (Ron DeSantis) was in Congress, he supported amnesty.""",mostly-false,mostly-false,"['mostly-false', 'mostly-true', 'false', 'true', 'half-true']",5,True
"Voting for ""any Democrat"" gets you ""socialism ... undefended open borders ... immediate tax increases ... 100 percent government-run health care ...""",pants-fire,false,"['false', 'pants-fire', 'mostly-false']",3,True
"Chicago city officials ""have adopted an official policy of protecting criminal aliens who prey on their own residents.""",false,false,"['false', 'mostly-false', 'pants-fire', 'half-true']",4,True
"Presidents Hoover, Truman and Eisenhower collectively ordered the deportation of at least 15 million illegal aliens.",false,false,['false'],1,True
"Says she has ""quadrupled agents to secure our border.""",mostly-false,mostly-false,"['mostly-false', 'false']",2,True
"""Per capita, more Floridians move to California than Californians moving to Florida.”",mostly-true,mostly-true,"['mostly-true', 'true', 'half-true']",3,True
"""Over 81 percent of the babies that are born at LBJ Hospital right here in Houston are born of women who are not here legally.""",false,false,['false'],1,True
"The number of illegal immigrants in the United States is ""30 million, it could be 34 million.""",pants-fire,false,"['false', 'pants-fire', 'mostly-false']",3,True
"""When NAFTA was passed, there was an acceleration of immigration from Mexico because people were
in search of jobs.""",half-true,half-true,"['half-true', 'mostly-false', 'mostly-true']",3,True
"Says ""72% of refugees admitted into U.S. (2/3 -2/11) during COURT BREAKDOWN are from 7 countries: SYRIA, IRAQ, SOMALIA, IRAN, SUDAN, LIBYA & YEMEN.""",mostly-true,mostly-true,"['mostly-true', 'true', 'half-true', 'mostly-false']",4,True
"""In Florida, 70 percent of the people here illegally came on an airplane. They overstayed a visa.""",mostly-true,mostly-true,"['mostly-true', 'mostly-false', 'half-true', 'false', 'true']",5,True
"""Illinois is now letting illegal aliens become police officers.""",mostly-false,false,"['false', 'mostly-false', 'pants-fire']",3,True
"""Not a single Republican candidate, announced or potential, is clearly and consistently supporting a path to citizenship. Not one.""",mostly-false,mostly-true,"['mostly-true', 'mostly-false', 'half-true', 'true']",4,True
"Rick Scott ""has heavily invested in a company that is geared to helping illegal aliens transfer money to family and friends out of the country.""",true,true,"['true', 'false', 'mostly-true']",3,True
"Says ""precisely zero terrorists, terrorist groups or terror plots have ever been connected with the U.S.-Mexico border to do harm to people within the United States.""",false,mostly-false,"['mostly-false', 'false', 'half-true', 'mostly-true']",4,True
"""[If] you apply for a job, the chances are 1 in 7 that you are going to be denied that job unfairly if everybody is forced to use E-Verify.""",false,false,"['false', 'mostly-false', 'mostly-true', 'half-true']",4,True
"""But for immigrants, we would have a contracting population...""",mostly-false,mostly-true,"['mostly-true', 'false', 'half-true', 'mostly-false']",4,True
"President Trump ""hasn’t built any new (border) wall"" during his time in office.",mostly-true,mostly-true,['mostly-true'],1,True
"Once people become citizens under the DREAM Act ""and turn 21, they can sponsor their illegal immigrant parents for legalization.""",mostly-true,mostly-true,"['mostly-true', 'mostly-false', 'half-true']",3,True
"The Ninth Circuit has an overturned record ""close to 80%.""",half-true,mostly-true,"['mostly-true', 'true', 'mostly-false', 'false']",4,False
"""Romneycare covers abortion, illegal immigrants and has a public option. Obamacare does not.""",mostly-false,mostly-false,['mostly-false'],1,True
Craigslist ad was “recruiting people for LA ‘protests.’”,false,false,['false'],1,True
"“If people come into our country illegally, there’s a different standard” for due process.",false,false,"['false', 'mostly-false', 'pants-fire']",3,True
“Australia Closing Borders in a few hours for 6-months”,half-true,false,"['false', 'mostly-false']",2,False
Says Donald Trump said “good” during the final presidential debate in reference to families being separated at the border.,false,false,['false'],1,True
"Says Barack Obama, Chuck Schumer and Hillary Clinton ""all voted for"" a border wall as senators.",half-true,false,"['false', 'mostly-false', 'half-true', 'mostly-true']",4,True
"Says Mitt Romney ""called the Arizona law a model for the nation.""",false,false,"['false', 'true', 'mostly-true', 'half-true']",4,True
"Says U.S. Rep. Dan Lipinski “voted against the DREAM Act, supports separating families and banning Muslims.”",mostly-false,mostly-true,"['mostly-true', 'mostly-false', 'true', 'false', 'half-true']",5,True
"“You may not have stayed in a hotel in the past year, but illegals arriving since Biden’s inauguration, they get to stay free of charge.”",mostly-false,mostly-false,"['mostly-false', 'false']",2,True
"Says his conviction is ""a political witch hunt by holdovers in the Obama justice department.""",false,mostly-false,"['mostly-false', 'false', 'half-true', 'mostly-true']",4,True
“Gas prices highest in a decade. Worst jobs report in 2 decades. Highest inflation in 3 decades. Highest increase in illegal immigration in 4 decades.”,mostly-false,mostly-false,"['mostly-false', 'false', 'mostly-true']",3,True
Says states that passed anti-illegal-immigrant legislation also had few Hispanic legislators.,true,true,"['true', 'mostly-true']",2,True
"Under the DREAM Act, after two years of higher education or military service ""you are eligible for citizenship. Once a citizen, this paves the way to bring the rest of (your) extended family to the United States.""",mostly-false,mostly-false,"['mostly-false', 'false', 'mostly-true']",3,True
"Bill McCollum ""served as a lobbyist whose clients enabled mortgages for illegal immigrants.""",false,false,"['false', 'mostly-false']",2,True
"Says ""Canada has one-tenth of our population—yet it issues far more high-skilled visas (more than 150,000) yearly than we do (65,000).""",half-true,mostly-false,"['mostly-false', 'false', 'mostly-true', 'half-true', 'true']",5,True
"Says ""56 percent of (the U.S.-Mexico) border is not under our control.""",half-true,mostly-true,"['mostly-true', 'mostly-false', 'false', 'half-true']",4,True
"""If you're from Syria and you're a Christian, you cannot come into this country"" as a refugee.",false,false,['false'],1,True
"""Fact: Over 90,000 kids were detained under Obama. And no one cared.""",mostly-false,mostly-true,"['mostly-true', 'true', 'half-true', 'mostly-false']",4,True
"""McCain used to buck his party on immigration by fighting for comprehensive reform. . . . But when he was running for his party's nomination, he . . . said that he wouldn't even support his own legislation if it came up for a vote.""",mostly-true,mostly-true,['mostly-true'],1,True
"Says Marco Rubio ""is the one for an open border.""",pants-fire,false,"['false', 'mostly-false', 'true', 'half-true', 'mostly-true']",5,False
McCain opposed the border fence.,false,false,['false'],1,True
"“80% of the American people support our Dreamers. Over 70% think they should have a path to citizenship, and that's Democrats, Republicans, independents.”",mostly-true,mostly-true,['mostly-true'],1,True
"When Haitians go to school in Springfield, Ohio, they “take the place of our children in school” and “each one will have a private interpreter.""",false,false,"['false', 'mostly-false']",2,True
“Promises kept: negative net migration (in the U.S.) for the first time in 50 years!”,mostly-false,false,"['false', 'mostly-false', 'pants-fire', 'mostly-true']",4,True
"""Report: 3 million votes in presidential election cast by illegal aliens.""",false,false,"['false', 'pants-fire']",2,True
Says Democratic Senate candidate Mandela Barnes “supports abolishing ICE.”,mostly-false,false,"['false', 'mostly-false', 'half-true']",3,True
"Georgia has ""more illegal aliens than the state of Arizona.""",true,false,"['false', 'mostly-false', 'mostly-true', 'pants-fire', 'true']",5,True
Proof of citizenship isn't necessary before you register to vote in Florida.,mostly-false,false,"['false', 'true', 'mostly-false']",3,True
"Says he is ""cutting illegal immigration in half.""",false,false,['false'],1,True
"The Obama administration ""manipulated deportation data to make it appear that the Border Patrol was deporting more illegal immigrants than the Bush administration.""",false,false,"['false', 'mostly-false', 'half-true']",3,True
"U.S. Reps. Eric Cantor and Luis Gutierrez were ""touring the country last year … joined at the hip, working together in a bipartisan fashion indeed for the goal of immigration reform.""",pants-fire,false,"['false', 'mostly-false', 'half-true', 'mostly-true']",4,False
The United States is the only country with unrestricted birthright citizenship.,false,false,"['false', 'mostly-false', 'pants-fire']",3,True
"""There are actually only 30 countries that practice birthright citizenship.""",true,false,"['false', 'mostly-false', 'mostly-true', 'true']",4,True
"""In Congress, (Cresent Hardy) voted to defund DACA.""",half-true,mostly-true,"['mostly-true', 'false', 'mostly-false', 'half-true', 'true']",5,True
"Says Ted Cruz supports ""legalizing people who are in this country illegally.""",mostly-false,false,"['false', 'mostly-false', 'half-true', 'true']",4,True
The U.S. State Department has started a special immigrants visa “evacuation operation.”,false,false,['false'],1,True
"The Kerr County, Texas, sheriff “said he would apply for a green card for the Mexican rescue team that saved his family.”",false,false,['false'],1,True
"""The number of new illegal immigrant families who have crossed the border so far this year already exceeds the entire total from 2015.""",half-true,mostly-true,"['mostly-true', 'mostly-false', 'false', 'half-true']",4,True
"""In Springfield (Ohio), they're eating the dogs, the people that came in, they're eating the cats. They're eating, they're eating the pets of the people that live there.”",pants-fire,false,"['false', 'pants-fire']",2,True
"Says Hillary Clinton ""wants sanctuary cities.""",mostly-true,mostly-false,"['mostly-false', 'false', 'mostly-true', 'half-true']",4,True
The Biden administration seeks to end voter ID requirements to allow immigrants in the country illegally to vote.,false,false,"['false', 'mostly-false']",2,True
"Sen. Joe Manchin ""stands with Hillary Clinton and D.C. Dems on gun control, higher taxes, amnesty, and Planned Parenthood.""",half-true,mostly-false,"['mostly-false', 'false', 'mostly-true', 'true']",4,False
The Biden-Harris administration “brought over” 10 million migrants who got 9 million jobs.,false,false,['false'],1,True
"""Our courts find that 80 percent of those who do file for asylum aren’t qualified for it, do not merit that relief.""",false,false,"['false', 'mostly-false', 'mostly-true', 'half-true']",4,True
"The migrant caravan from Tapachula, Mexico “is the population of Minneapolis.”",pants-fire,false,"['false', 'mostly-false', 'pants-fire']",3,True
"Proposed immigration legislation would give new immigrants ""a taxpayer-funded cellular phone.""",false,false,"['false', 'mostly-false', 'half-true']",3,True
"Says the Obama administration ""didn't lock people up in cages.""",false,false,"['false', 'mostly-false', 'half-true', 'mostly-true']",4,True
"Says ""former Democrat Kelli Ward attacked President Trump's plans to crack down on illegal immigration, saying Trump was making a mistake.""",mostly-false,mostly-false,"['mostly-false', 'false', 'half-true', 'mostly-true']",4,True
"The Trump administration’s policy of separating families is ""the same way Barack Obama did it.""",false,false,"['false', 'mostly-false']",2,True
“The family separation policy actually began under the Obama administration.”,false,false,"['false', 'mostly-false']",2,True
"""Illegal immigrants mow the grass around the (Texas) Capitol.""",false,false,"['false', 'mostly-false', 'mostly-true', 'true']",4,True
"""For the amount of money Hillary Clinton would like to spend on refugees, we could rebuild every inner city in America.""",pants-fire,false,"['false', 'mostly-false']",2,False
"""President Donald Trump signed DEPLOYMENT ORDERS for the 82nd Airborne Division of the United States Army, instructing them to deploy from Ft. Bragg, NC, to the U.S. southern border at Mexico.""",false,false,"['false', 'mostly-false']",2,True
"""Obama regime planned the influx of illegal alien children at the border.""",pants-fire,false,"['false', 'mostly-false']",2,False
"""During the first 3 months of FY2022 Customs& Border Protection recorded 518k encounters w illegal immigrants at S border That’s up 137% from same point in FY2021.""",mostly-true,true,"['true', 'mostly-true']",2,True
Latina who enthusiastically supported Donald Trump on stage in Las Vegas in October 2015 has been deported.,pants-fire,false,"['false', 'true', 'mostly-false', 'mostly-true']",4,False
Says he “strongly supports legalization for Dreamers.”,half-true,mostly-true,"['mostly-true', 'true', 'half-true']",3,True
Illegal immigration costs Georgia $2.4 billion a year,half-true,mostly-true,"['mostly-true', 'half-true', 'mostly-false']",3,True
"Says Joe Biden ""voted to expand deportations and indefinite detention for immigrants multiple times.""",half-true,mostly-true,"['mostly-true', 'true', 'mostly-false', 'half-true']",4,True
Protesters against the federal immigration crackdown in Minnesota are conducting “fake protests done by agitators and professional insurrectionists. …They're professional troublemakers.”,false,false,"['false', 'mostly-false']",2,True
"Says an 11-year-old girl shot and killed two armed ""illegal aliens"" after they broke into her home in Montana.",pants-fire,pants-fire,['pants-fire'],1,True
"If it is enacted, the Senate immigration bill is ""going to make the Border Patrol bigger than the FBI -- you could put one agent every 250 feet.""",true,true,"['true', 'mostly-true']",2,True
"""Refugees are subject to more rigorous screening than the average tourist in the U.S.""",true,true,"['true', 'mostly-true']",2,True
"""Canada sets aside 36 percent of their visas for people with skills they think their country needs.  We set aside 6 percent.""",false,false,['false'],1,True
"Says Democratic opponent Tammy Baldwin ""gave stimulus checks to illegals.""",false,false,"['false', 'mostly-false']",2,True
BREAKING: Trump Just Ended Welfare For One HUGE Group For 5 Years!,false,false,['false'],1,True
"""The Congressional Budget Office, a nonpartisan office, did an analysis and said that passing comprehensive immigration reform will reduce the federal deficit by $200 billion over the next decade.""",true,true,"['true', 'mostly-true']",2,True
"The federal government is sending refugees to states with governors who are ""Republicans, not to the Democrats.""",pants-fire,false,"['false', 'mostly-false']",2,False
"“Just last year,” Miami-Dade Public Schools “had over 14,000 new children, 10,000 of which came from four countries of Cuba, Nicaragua, Venezuela and Haiti.”",true,mostly-true,"['mostly-true', 'true']",2,True
"Says El Paso is the ""safest city of our size in the nation.""",half-true,mostly-true,"['mostly-true', 'true', 'half-true']",3,True
"Says Rick Perry wrote a newspaper item saying he was ""open to amnesty"" for illegal immigrants in the United States.",half-true,true,"['true', 'mostly-true', 'half-true', 'false']",4,True
“That’s why they are allowing these people to come in — people that don’t speak our language — they are signing them up to vote.”,pants-fire,false,"['false', 'mostly-false']",2,False
"Says ""220,000 New Yorkers would have immediately benefitted had President Obama’s executive action been affirmed. So almost a quarter million of our fellow New Yorkers who are hurting right now whose rights and opportunities were taken away by the Supreme Court.""",mostly-false,mostly-true,"['mostly-true', 'true', 'half-true']",3,False
"Says FBI Director Christopher Wray told Congress “that with the border wide open and a war in Israel, Hamas can just walk right in.”",false,false,"['false', 'mostly-false', 'mostly-true', 'true']",4,True
"“Just last week, Ruben Gallego voted to let the millions of people who poured into our country illegally cast a ballot in this upcoming election.”",false,false,['false'],1,True
"""Illegal immigration costs state taxpayers over $3 billion every year.""",false,false,['false'],1,True
"""We have more illegal immigrants here"" than we did five years ago.",false,false,"['false', 'mostly-false']",2,True
"Refugee ""vetting was very haphazard,"" under the Obama Administration. ""In many cases, we simply accepted the word of applicants.""",mostly-false,mostly-true,"['mostly-true', 'mostly-false', 'half-true', 'false', 'true']",5,True
"Leticia Van de Putte ""voted to give illegal immigrants in this country free health care--not emergency health care but total free health care.""",false,false,"['false', 'mostly-false', 'pants-fire']",3,True
“Democrats are threatening to shut down the entire government because they want to give hundreds of billions of dollars of health care benefits to illegal aliens.”,false,false,"['false', 'mostly-false', 'pants-fire']",3,True
"""22 times Barack Obama said he did not have the authority to implement this type of"" anti-deportation ""measure. And then the day after he signed this into law, he said, quote, ‘I just changed the law.’""",mostly-true,half-true,"['half-true', 'mostly-false', 'mostly-true', 'false']",4,True
"Immigrants in the country illegally cost “Florida taxpayers $566 million for 54,000 hospital visits.”",mostly-false,mostly-false,"['mostly-false', 'false']",2,True
"""Rick Scott's company is partners with Playboy in a social networking website that has community pages specifically geared towards gay dating.""",mostly-false,mostly-false,"['mostly-false', 'false', 'mostly-true', 'half-true']",4,True
"""President (Ronald) Reagan did a similar thing. George H.W. Bush did a similar order"" as former President Barack Obama’s Deferred Action for Childhood Arrivals, or DACA.",mostly-true,mostly-true,"['mostly-true', 'true']",2,True
"""One out of every 5 people that the federal government charges with murder is an illegal alien.""",false,false,"['false', 'mostly-false']",2,True
"Says that when President Obama visited El Paso, he ""pronounced that the border with Mexico and the United States was safer than it ever was in history.""",mostly-true,mostly-false,"['mostly-false', 'half-true', 'mostly-true', 'false']",4,True
"""Under Governor Almond the RI DMV had a program that allowed undocumented [people to] use their Personal Tax Identification Number . . . to apply [for] and receive a RI driver’s license.""",true,true,"['true', 'mostly-true', 'half-true', 'false']",4,True
"Says Donald Trump ""asserted that immigrants would quote, ‘carve you up with a knife’.""",false,false,"['false', 'true', 'mostly-false', 'half-true']",4,True
"""A majority of the candidates on this stage have supported amnesty ... I have never supported amnesty.""",mostly-true,false,"['false', 'mostly-false', 'half-true', 'mostly-true', 'true']",5,True
"“We’ve had 8 million” immigrants come to the U.S. illegally under Biden “and they only sent back 142,000.”",mostly-false,mostly-false,"['mostly-false', 'false', 'mostly-true', 'half-true']",4,True
"In the U.S. asylum system, ""claims of 'fear to return' have skyrocketed, and the percentage of claims that are genuinely meritorious are down.""",half-true,mostly-false,"['mostly-false', 'false', 'mostly-true', 'half-true']",4,True
"""We've had examples like in Yuma County, where we've been able to stop 97 percent of the illegal (immigration) flow, and those programs, they abolish.""",mostly-false,false,"['false', 'mostly-false', 'half-true']",3,True
"Says a 2007 immigration bill “was opposed by (the League of United Latin American Citizens), the largest Latino organization in America. The Southern Poverty Law Center called its guest-worker programs akin to slavery. … And you know who voted with me on that one, Joe? Barack Obama.”",half-true,mostly-true,"['mostly-true', 'half-true', 'mostly-false', 'false']",4,True
"""What the Arizona law does is make a state crime out of something that already is... a federal crime.""",mostly-true,mostly-true,['mostly-true'],1,True
"In Texas, ""the No. 1 name for new male babies — many of whom will vote one day — is Jose.""",true,true,['true'],1,True
"Says Jacky Rosen ""voted against stopping criminals from re-entering the United States.""",mostly-false,false,"['false', 'mostly-false', 'half-true', 'mostly-true']",4,True
"Martha’s Vineyard ""used the military to deport every last illegal migrant from their island.”",false,false,"['false', 'mostly-false']",2,True
"Says 642,000 crimes were committed against Texans by criminal immigrants in a recent seven-year period.",false,false,"['false', 'mostly-false', 'pants-fire']",3,True
Says “100% of net job creation under the Biden administration has gone to the foreign-born.”,mostly-false,false,"['false', 'mostly-false']",2,True
"Thirty percent of U.S. medical residents are international medical graduates, and 10,000 of 43,000 residency spots are filled by H-1B visa holders.",half-true,mostly-true,"['mostly-true', 'false', 'half-true', 'mostly-false']",4,True
"""Border agents discover body of 6-year-old girl: 'She was raped By 30 men'.""",false,false,['false'],1,True
"Says Sen. Ted Cruz used to be ""in favor of birthright citizenship"" but is now against it.",mostly-false,half-true,"['half-true', 'mostly-false', 'mostly-true']",3,True
Says the Obama administration never responded to his 2012 letter flagging the uptick in unaccompanied children crossing the U.S.-Mexico border.,mostly-true,false,"['false', 'mostly-false', 'half-true', 'mostly-true']",4,True
"The United States does ""not have a system through which growers and dairies can bring a workforce legally into the U.S.""",mostly-false,false,"['false', 'mostly-false', 'half-true', 'mostly-true']",4,True
Georgia crackdown on illegal immigration costs state farmers $400 million last year.,mostly-false,mostly-false,['mostly-false'],1,True
"""American families work hard to earn $4,250 a month. Obama is spending $18,972 a month on each illegal immigrant child.""",mostly-false,false,"['false', 'mostly-false']",2,True
A Dallas proof-of-insurance ordinance resulted in area tow lots mostly filling with the cars of illegal residents.,false,false,"['false', 'mostly-false']",2,True
"""An overwhelming majority of Americans support passage of the DREAM Act, which would provide a path to citizenship for undocumented youth willing to work for a college degree or serve in our armed forces.""",half-true,mostly-true,"['mostly-true', 'half-true', 'true']",3,True
"John Cornyn ""voted twice in 2013 to back Obama’s amnesty plan.""",pants-fire,false,"['false', 'mostly-false', 'half-true', 'true']",4,False
Joe Biden intentionally “let it fall apart” in Afghanistan because he “wants a couple hundred thousand more Ilhan Omars to come into America to change the body politic permanently.”,pants-fire,false,"['false', 'pants-fire']",2,True
"Says HHS Secretary Alex Azar called family separations at the border and detention of children in cages ""one of the great acts of American generosity and charity"" and ""is now in charge.""",mostly-false,mostly-false,"['mostly-false', 'false', 'mostly-true', 'half-true', 'true']",5,True
"“We were slow with the testing, but very quick with the travel ban. And that's been much more critical in saving lives.”",false,false,"['false', 'mostly-false', 'half-true', 'mostly-true']",4,True
"""Every single day in this country, 1,000 people are deported and the vast majority of those people that are deported aren't criminals.""",half-true,mostly-true,"['mostly-true', 'half-true', 'mostly-false', 'false']",4,True
"""You lie!"" (in response to President Obama saying health reform would not insure illegal immigrants.)",false,false,['false'],1,True
"""When Donald Trump spoke in Phoenix, he looked the audience in the eye and he said ‘no, we're building a wall and we're deporting everybody.’ He said, quote, ‘they will all be gone. They will all be gone.’ This is one of the ones where you can go to the tape on it and see what Donald Trump has said.""",half-true,false,"['false', 'mostly-false', 'half-true']",3,True
“Report: Biden administration busing ‘thousands’ of illegals to red states to get permanent status.”,false,false,['false'],1,True
"Says Rep. Kyrsten Sinema supported a bill that is ""essentially encouraging child trafficking.""",false,false,"['false', 'mostly-false']",2,True
"Says Donald Trump promised ""the mass deportation of Latino families.""",half-true,true,"['true', 'mostly-true', 'mostly-false', 'half-true', 'false']",5,True
"Says Katie Porter is part of a ""radical group of Democrats with an extreme agenda to abolish ICE.""",false,false,"['false', 'mostly-false']",2,True
The ATF updated its background check policy to allow “illegal immigrants” to purchase firearms.,false,false,['false'],1,True
"There have been ""at least four incidents where bullets from Mexico have crossed the border.""",true,true,['true'],1,True
Says he was the only statewide elected official to speak in favor of a federal guest worker plan at the 2012 Republican Party of Texas convention.,true,true,"['true', 'mostly-true', 'half-true']",3,True
"""Why do we have automatic citizenship upon birth? We're the only country in the world that has it.""",false,false,['false'],1,True
"Marco Rubio says ""Solo Ingles"" (English only).",false,pants-fire,"['pants-fire', 'false']",2,True
Donald Trump “never changed one immigration law.”,mostly-true,mostly-true,"['mostly-true', 'false', 'mostly-false', 'true', 'half-true']",5,True
"Says Ted Cruz ""wanted to let in more Syrian refugees and give amnesty to illegal immigrants.""",half-true,half-true,['half-true'],1,True
"Says Hillary Clinton ""wanted the wall.""",half-true,half-true,['half-true'],1,True
"Says Sen. Charles Schumer ""repeatedly supported a physical barrier in the past along with many other Democrats. They changed their mind only after I was elected president.""",mostly-false,mostly-false,"['mostly-false', 'false', 'half-true']",3,True
"Says ""566,000 crimes"" were ""made in Texas by criminal aliens in the last 6 years.""",pants-fire,false,"['false', 'mostly-false', 'mostly-true', 'half-true']",4,False
"""Last year, out of the 500,000 (in) population growth we had in the state of Texas, about 250,000 of the 500,000 came to Texas... from the other 49 states.""",half-true,half-true,['half-true'],1,True
"""The Supreme Court ruled that border agents can enter anyone’s home within a 100-mile radius of the border without a warrant for any reason and federal courts cannot do anything about it.""",mostly-false,false,"['false', 'mostly-false']",2,True
"""The majority of the Hispanic population and the growth (of the population) is U.S.-born.""",true,true,['true'],1,True
"""Every single Democrat in the U.S. Senate has signed up for the open borders, and it's a bill, it's called the ‘open borders bill.’""",false,false,"['false', 'pants-fire', 'mostly-false']",3,True
"Says Marco Rubio ""went on Univision, and in Spanish he promised that he would not on the first day in office rescind President Obama's illegal executive action.""",half-true,false,"['false', 'mostly-false', 'mostly-true', 'half-true']",4,True
"Says most illegal immigrants draw ""welfare benefits, they’re sending their kids to school, they’re using the public services.""",half-true,mostly-false,"['mostly-false', 'false', 'half-true']",3,True
"The United States has ""an immigration system where only 6.5 percent of people who come here, come here based on labor and skill.""",mostly-true,mostly-true,"['mostly-true', 'mostly-false', 'half-true', 'false']",4,True
"""In the year 2013, the Obama administration released 104,000 criminal illegal aliens. They released 196 murderers – people with homicide convictions, who are here illegally.""",half-true,mostly-false,"['mostly-false', 'false', 'mostly-true', 'half-true']",4,True
"""The federal government has not engaged in (border security) at all.""",pants-fire,false,"['false', 'pants-fire']",2,True
Only immigrants in the country illegally are eligible for an interest-free California housing loan program.,false,false,"['false', 'mostly-false']",2,True
“We’re sending back the vast majority of the families that are coming.”,false,false,"['false', 'mostly-false']",2,True
"Says Sen. Bob Casey, D-Pa., “is trying to change the outcome of the election by counting NON-CITIZEN votes.”",false,false,"['false', 'pants-fire', 'mostly-false']",3,True
"“Our government, wrongly, is saying if you’re born in this country you’re automatically an American citizen.”",false,false,['false'],1,True
"Says Hillary Clinton has ""not answered a single question"" about her immigration plan.",pants-fire,false,"['false', 'mostly-false', 'half-true', 'mostly-true']",4,False
"""Spending on welfare, on prisons, and education, all of those have dropped by hundreds of millions of dollars"" because of Arizona’s immigration laws that drove out undocumented immigrants.",mostly-false,mostly-false,"['mostly-false', 'false', 'half-true']",3,True
"Romney said ""'No' to in-state tuition"" for illegal immigrants.",true,true,['true'],1,True
President Joe Biden announced tax incentives for families willing to take in migrants in a new “Housing for Labor” initiative.,false,false,['false'],1,True
Says Maxine Waters said Trump supporters are “not welcome here” and “we must welcome everyone who crosses our borders.”,mostly-false,false,"['false', 'mostly-false']",2,True
"Says the 2014-15 state budget ""cut border security and funding to fight criminal gangs.""",mostly-false,mostly-false,"['mostly-false', 'false', 'mostly-true', 'half-true']",4,True
"The 2010 DREAM Act failed despite ""strong bipartisan support.""",mostly-false,false,"['false', 'mostly-false', 'half-true', 'mostly-true']",4,True
"""Liberals in County Hall want our community to be a sanctuary county""",pants-fire,false,"['false', 'mostly-false']",2,False
"Says his parents ""came to America following Fidel Castro's takeover"" of Cuba.",false,false,"['false', 'true', 'mostly-false', 'half-true', 'mostly-true']",5,True
"President Joe Biden appointed ""Kamala Harris to be his border czar to deal with illegal immigration … Harris was put in charge of stopping illegal immigration.""",mostly-false,false,"['false', 'mostly-false', 'true', 'half-true']",4,True
“The Biden administration is engaging in human trafficking because they are enabling this to happen” at the southern border.,false,false,['false'],1,True
"In Texas, ""we've had three ISIS-related incidents already.""",half-true,false,"['false', 'mostly-false', 'mostly-true', 'half-true', 'true']",5,True
"Up ""to 45 percent"" of illegal immigrants ""are not people that physically crossed the southern border or northern border. They are visa overstayers.""",mostly-true,mostly-true,"['mostly-true', 'true']",2,True
"Says President Barack Obama promised a ""pathway to citizenship"" to undocumented immigrants and ""didn't deliver jack squat on any of it.""",mostly-true,mostly-true,['mostly-true'],1,True
"""The Z-visa that was offered in that Senate bill let everybody who's here illegally, other than criminals, stay here for the rest of their lives.""",false,false,"['false', 'mostly-false']",2,True
"Ron Klein ""repeatedly voted in favor of amnesty for illegal immigrants.""",pants-fire,pants-fire,['pants-fire'],1,True
"Transporting drugs ""is the price of admission"" for people crossing the border illegally.",pants-fire,pants-fire,['pants-fire'],1,True
"""President Obama has the most border patrols and border security deployed at the border of any previous president.""",mostly-true,false,"['false', 'mostly-false', 'half-true']",3,False
"""Intensifying Hurricane Willa headed directly toward 10,000 migrant caravan path.""",false,false,['false'],1,True
"Under current U.S. immigration policy, ""literally one person with a green card"" can, in the extreme, bring in more than 270 of his relatives.",false,false,['false'],1,True
"""Rick Scott got a majority of the Hispanic vote in Florida.""",mostly-false,mostly-false,"['mostly-false', 'false', 'half-true']",3,True
"Says Trump administration is ""raiding money"" from military service member pensions to pay for the border wall.",false,false,['false'],1,True
"""The director of the FBI said that we cannot properly vet people coming from the Middle East.""",mostly-false,false,"['false', 'mostly-false', 'half-true']",3,True
"Border Patrol agents take migrants ""to the Yuma airport, put them on a plane to any destination they want. ... And they pay their ticket. And then they get reimbursement from FEMA.""",false,false,['false'],1,True
"""Washington Heidi supports sanctuary cities, where illegal immigrants can be released on our streets, like this criminal, who was let go and then sexually assaulted a child.""",mostly-false,mostly-false,"['mostly-false', 'false']",2,True
"A Haitian woman was arrested in Springfield, Ohio, for eating a cat.",pants-fire,pants-fire,"['pants-fire', 'false']",2,True
"Says Hillary Clinton’s immigration platform would ""create totally open borders.""",false,false,"['false', 'mostly-false']",2,True
“The removal of birthright citizenship only applies to the children of those that are here ILLEGALLY.”,false,false,"['false', 'mostly-false']",2,True
"""We will have more people enter our country illegally than were born in this country in one year.""",pants-fire,false,"['false', 'mostly-false', 'pants-fire']",3,True
Martha's Vineyard declared itself as a sanctuary city until the buses arrived.,half-true,half-true,"['half-true', 'mostly-false', 'mostly-true', 'false']",4,True
Increased encounters at the southwest border in April 2022 compared to April 2020 are attributable to changes in border policy.,mostly-false,false,"['false', 'mostly-false', 'half-true', 'mostly-true']",4,True
"Says comprehensive immigration reform ""will add $700 billion to our economy.""",half-true,false,"['false', 'mostly-false', 'mostly-true', 'half-true']",4,True
"Mexican government officials ""hand out brochures showing individuals how they can avoid our Border Patrol, how they can get into our country.""",mostly-false,mostly-false,"['mostly-false', 'mostly-true', 'false']",3,True
"""Nearly 20% of our residents"" are born abroad.",true,true,"['true', 'mostly-true']",2,True
"Says that the George W. Bush administration in 2005 revived a long-standing law when it ""decided to charge those that crossed the border with criminal violations, rather than civil ones.""",mostly-true,mostly-true,"['mostly-true', 'half-true']",2,True
"U.S. Sen. Sherrod Brown voted to “give illegals taxpayer funded stimulus checks, health care, even Social Security.""",false,false,"['false', 'mostly-false']",2,True
"“Approximately 60,000 Canadians currently live undocumented in the USA.”",mostly-true,mostly-true,"['mostly-true', 'true']",2,True
"Says ""we allow more people into America legally than all other countries on the planet combined.""",mostly-false,mostly-false,"['mostly-false', 'half-true', 'mostly-true']",3,True
"The new Arizona immigration law ""says that any police officer can stop anyone who appears to them to be reasonably suspicious of being an undocumented person.""",mostly-true,mostly-true,['mostly-true'],1,True
"Says Marco Rubio ""opposes immigration reform. Worse, Rubio supports Donald Trump. His plan would deport 800,000 children, destroying families.""",half-true,mostly-false,"['mostly-false', 'false', 'mostly-true', 'half-true']",4,True
"""This administration and this Congress have been systematically cutting funding to border security since the Democrats took control.""",false,false,['false'],1,True
“Democrats want open borders so they can bring in and amnesty tens of millions of illegal aliens — that’s their electoral strategy.”,false,false,"['false', 'mostly-false', 'pants-fire']",3,True
"In Miami-Dade County, ""we spend at our school system over $20 million every year"" educating recent immigrants.",mostly-true,mostly-true,"['mostly-true', 'true', 'half-true', 'mostly-false']",4,True
"American taxpayer dollars provide “free housing, free medical, free state identification” to immigrants in the country illegally.",false,false,"['false', 'mostly-false']",2,True
Vice President Kamala Harris “wants struggling seniors to pay more Social Security taxes while she gives Medicare and Social Security to illegals.”,false,false,['false'],1,True
"“Due to the arrangements that I've reached with (Mexico) President Obrador, the number of migrants coming … to our shared border unlawfully in recent months has dropped dramatically.”",mostly-true,mostly-true,"['mostly-true', 'half-true', 'mostly-false', 'true']",4,True
“Biden has implemented a formal policy that illegal aliens who intrude into the United States are granted immunity from deportation.”,false,false,"['false', 'mostly-false']",2,True
"""If you read the Arizona (immigration) law, what it says is if you are  stopped for violating the law and they have a suspicion that you're  illegal, they can ask you if you're legal.""",half-true,half-true,['half-true'],1,True
"Haitian immigrants are eating pets and wildlife in Springfield, Ohio.",false,false,"['false', 'mostly-false']",2,True
"Says President Barack Obama ""himself has granted waivers allowing into the United States refugees who provided material support to terrorists.""",mostly-false,false,"['false', 'mostly-false', 'half-true', 'pants-fire']",4,True
"""They voted for (a border wall) in 2006. Then-Senator Obama voted for it. Sen. Schumer voted for it. Sen. Clinton voted for it.""",half-true,true,"['true', 'mostly-true', 'half-true', 'mostly-false']",4,True
"""Crime is down in Venezuela by 67% because they're taking their gangs and their criminals and depositing them very nicely into the United States.”",false,pants-fire,"['pants-fire', 'false']",2,True
"""Roy Barnes proclaimed Mexican workers good for Georgia.""",half-true,half-true,['half-true'],1,True
President Joe Biden’s immigration policy was “a giant voter importation scam.”,pants-fire,false,"['false', 'pants-fire']",2,True
“More fentanyl has crossed the border in the last two months under Biden than in 2019 under Trump.”,mostly-true,mostly-false,"['mostly-false', 'mostly-true', 'half-true', 'false']",4,True
"Says of flood of non-Mexicans being apprehended at the border: ""These are people that are coming from states like Syria that have substantial connections back to terrorist regimes and terrorist operations.""",pants-fire,mostly-false,"['mostly-false', 'false', 'half-true']",3,False
Minnesota Gov. Tim Walz signed “legislation giving free college … to illegal immigrants.”,mostly-true,mostly-false,"['mostly-false', 'false', 'mostly-true']",3,True
“Most Americans favor keeping Title 42 in place.”,half-true,mostly-false,"['mostly-false', 'false', 'half-true', 'mostly-true']",4,True
"Says GOP Congressional candidate Scott Jones ""wants to build a wall. He wants to round people up and deport folks.""",half-true,mostly-false,"['mostly-false', 'mostly-true', 'false', 'half-true']",4,True
"“On the Southern border, as you know, the wall is going up, it's going up very rapidly. We're at 182 miles.”",half-true,false,"['false', 'mostly-true', 'mostly-false', 'half-true']",4,True
“Trump and McConnell are blocking stimulus checks for Americans married to immigrants.”,mostly-false,mostly-false,"['mostly-false', 'false']",2,True
"Says Mark Pocan’s proposal to eliminate the U.S. Immigration and Customs Enforcement (ICE) would ""eliminate border enforcement.""",pants-fire,pants-fire,['pants-fire'],1,True
"Under legislation that has cleared the Georgia House, some children who are ""legal refugees"" could obtain state scholarships to attend private schools.",true,true,['true'],1,True
"Says there was a “28% increase in children to the border in my administration” and “31% … in 2019.” The increase in migration in January, February and March “happens every year.”",mostly-false,mostly-false,"['mostly-false', 'half-true', 'mostly-true']",3,True
"Says handing over arrested undocumented youth to ICE ""was an unintended consequence"" of a 2008 San Francisco policy that she supported.",false,false,['false'],1,True
Housing is expensive “because we flooded the country with 30 million illegal immigrants” and because of a housing shortage.,mostly-false,mostly-false,"['mostly-false', 'false', 'mostly-true']",3,True
"""I don't think I've ever hired an illegal in my life.""",mostly-false,false,"['false', 'mostly-false']",2,True
"""Bill White ...offered sanctuary to illegal immigrants.""",false,false,['false'],1,True
"Says ""92 percent of the people agree on DACA.""",half-true,false,['false'],1,False
"""United Nations caught helping and coaching caravan illegal aliens!""",false,false,"['false', 'pants-fire']",2,True
Florida’s in-state college tuition waiver for immigrants in the country illegally costs the state $41 million.,mostly-false,false,"['false', 'mostly-false', 'mostly-true']",3,True
"""Of all the illegals in America, more than half come through Arizona.""",mostly-false,mostly-false,['mostly-false'],1,True
"Says Hillary Clinton ""has called for a radical 550 percent increase in Syrian  ... refugees . . .  despite the fact that there’s no way to screen these refugees in order to find out who they are or where they come from.""",half-true,mostly-false,"['mostly-false', 'false', 'half-true', 'mostly-true']",4,True
"""Nikki Haley refused to call illegals criminals"" and ""repeatedly pushed amnesty for illegals.""",false,mostly-false,"['mostly-false', 'false']",2,True
President Barack Obama supports immigration amnesty.,half-true,half-true,['half-true'],1,True
"""In the last five years, 28,000 people have been killed along the U.S.-Mexico border.""",false,false,['false'],1,True
"President Barack Obama ""wants to take in 250,000 (people) from Syria.""",pants-fire,false,"['false', 'mostly-false']",2,False
"""Why was there no news coverage of this raid on the Arizona border? … Seizure was just five days ago. Right on the Arizona border!""",pants-fire,false,"['false', 'mostly-false']",2,False
"When President Barack Obama ""signed the executive order (on DACA, he) actually said he doesn't have the right to do this.""",mostly-false,false,"['false', 'mostly-false', 'half-true']",3,True
"The Senate immigration bill ""unleashes a massive increase in overall immigration. … We're talking about a population increase under the Senate bill of over 70 million people in 20 years.""",false,false,"['false', 'mostly-false', 'mostly-true']",3,True
"""We’re the only nation in the world that does not use the military to secure our border.""",pants-fire,false,"['false', 'mostly-false', 'mostly-true', 'half-true', 'true']",5,False
"""Since 2013 alone, the Obama administration has allowed 300,000 criminal aliens to return back into United States communities. These are individuals encountered or identified by (Immigration and Customs Enforcement), but who were not detained or processed for deportation because it wouldn't have been politically correct.""",half-true,mostly-false,"['mostly-false', 'false', 'half-true']",3,True
"“There’s about 1,400 criminal illegal aliens that, right now, are in North Carolina and Charlotte’s jails that they refuse to turn over to ICE law enforcement.”",false,false,"['false', 'mostly-false']",2,True
"""It begins: California appoints first illegal alien to state office.""",half-true,false,"['false', 'mostly-false']",2,False
The majority of Supplemental Nutrition Assistance Program recipients are not U.S. citizens.,false,false,['false'],1,True
"Says Hillary Clinton ""wants to have open borders.""",mostly-false,false,"['false', 'mostly-false', 'half-true']",3,True
"“Human trafficking and drugs” at the Mexico border have “doubled, tripled and quadrupled” since Joe Biden became president.",false,false,"['false', 'mostly-false']",2,True
"Says Karen Handel voted with Donald Trump, ""gutting health care for millions, supporting horrific child separation policies"" and for ""abortion bans.""",half-true,mostly-false,"['mostly-false', 'half-true']",2,True
"Says Texas has ""had over 600,000 crimes committed by illegals since 2011. Over 1,200 homicides.""",pants-fire,false,"['false', 'mostly-false']",2,False
"""Nothing in any of the Democrat bills would require individuals to verify their citizenship or identity prior to receiving taxpayer-subsidized benefits.""",half-true,half-true,"['half-true', 'mostly-false']",2,True
"""In the first full month of my administration following the issuance of my executive orders, illegal immigration on our southern border fell by an unprecedented 40 percent.""",mostly-true,mostly-true,"['mostly-true', 'true', 'half-true', 'mostly-false', 'false']",5,True
"""Donald Trump’s been completely consistent"" about his plan for nonviolent undocumented immigrants.",false,false,"['false', 'mostly-false']",2,True
"The United States is the only nation ""that grants legal permanent residency to more than a million people per year.""",true,true,['true'],1,True
"""We have right now, … in the state of California, 55 percent of all immigrants are on public assistance.""",half-true,false,"['false', 'mostly-false', 'half-true']",3,True
"“This month alone, more than 16,000 non-citizens have been removed from the voter rolls in 3 states.”",half-true,mostly-true,"['mostly-true', 'mostly-false', 'half-true', 'false']",4,True
"Says presidents George W. Bush and Barack Obama each tried to get immigration bills passed, but ""it did not work because the other party was unwilling to provide the president and his party a victory.""",mostly-false,mostly-false,"['mostly-false', 'false', 'half-true']",3,True
"Says six eradicated diseases such as whooping cough and the bubonic plague are making a comeback ""thanks to refugees and illegal immigrants.""",false,false,"['false', 'pants-fire']",2,True
This is the 911 call placed by the migrants trapped in the truck found in San Antonio.,false,false,['false'],1,True
"Donald Trump posted on Truth Social, “Only criminals carry guns on our streets, we need law and order.”",pants-fire,pants-fire,['pants-fire'],1,True
"The DREAM Act the ""would give amnesty to over two million illegal aliens.""",false,false,['false'],1,True
"The immigration bill includes free ""Obamacars,"" motorcycles or scooters.",pants-fire,false,"['false', 'mostly-false', 'pants-fire']",3,True
Says only four Texas legislators voted against a law giving in-state tuition rates to certain illegal immigrants.,true,half-true,"['half-true', 'mostly-true', 'false', 'true']",4,True
Says that 9 million to 50 million undocumented immigrants live in the United States.,mostly-false,false,"['false', 'mostly-false', 'pants-fire', 'half-true']",4,True
"""Last year,"" Obama ""administration officials released into our neighborhoods more than 36,000 criminal immigrants who had nearly 88,000 convictions. The crimes included hundreds of convictions for murder, rape and kidnapping and thousands of drug-related crimes.""",half-true,mostly-true,"['mostly-true', 'half-true', 'mostly-false', 'true']",4,True
"""When I say Mexico is going to pay for the wall, that's what I said. Mexico is going to pay. I didn't say they're going to write me a check for $20 billion or $10 billion.""",false,false,"['false', 'mostly-false', 'pants-fire', 'half-true']",4,True
"While in Congress, Nathan Deal was a leader when it came to protecting our borders.",mostly-true,mostly-true,['mostly-true'],1,True
"A Muslim immigrant in Michigan can list his second, third or fourth wives as ""extended family"" and qualify for welfare.",mostly-false,false,"['false', 'mostly-false']",2,True
"""We took a deal to the president just last February, less than a year ago -- $25 billion over 10 years in border security done the right way - and the president blew up the deal.""",mostly-true,true,"['true', 'mostly-true', 'half-true', 'mostly-false']",4,True
“JUST IN: A MASSIVE CARAVAN of illegal aliens is forcing their way into the US!”,false,false,['false'],1,True
"""The actual deportations from the interior of the country are way down"" under President Obama.",true,mostly-true,"['mostly-true', 'true', 'half-true', 'mostly-false']",4,True
"Says South Carolina Gov. Nikki Haley ""is an immigrant.""",pants-fire,false,['false'],1,False
"""Nearly 65 percent -- almost two-thirds -- of all new permanent residents obtained that status by virtue of their family status.""",true,mostly-true,"['mostly-true', 'true', 'half-true']",3,True
"A zero-tolerance policy during the Trump administration ""led to less family separation than under Kamala Harris' border policies.”",false,false,"['false', 'mostly-false', 'half-true']",3,True
"""91 percent of Latinos support the DREAM Act, which allows undocumented youth to attend college,"" but Marco Rubio opposes it.",true,mostly-true,"['mostly-true', 'true', 'half-true', 'mostly-false']",4,True
"There is ""no system to vet"" refugees from the Middle East.",false,false,"['false', 'mostly-false', 'half-true']",3,True
There are “22 million illegal aliens living in America and ... voting illegally.”,false,false,['false'],1,True
The FBI admitted that Venezuela emptied its prisons and sent the inmates to the U.S.,false,false,['false'],1,True
"""All the Democrats on the entire stage — every Democratic candidate said they want to give free health care to illegals.""",mostly-false,false,"['false', 'mostly-false', 'half-true']",3,True
"""We know dangerous criminals can slip through immigration at airports just like ours. Yet Joe Donnelly stood right here with the radical left against all efforts to secure our most vulnerable entry points.""",false,false,"['false', 'mostly-false']",2,True
"H-1B guest workers are “being employed as dog trainers, massage therapists, cooks, and English teachers.”",mostly-false,mostly-false,"['mostly-false', 'false', 'half-true']",3,True
The U.S. Supreme Court decided in 1982 that non-citizen children must get free K-12 education.,true,false,"['false', 'true', 'half-true', 'mostly-true']",4,True
"""We are younger than our competitors, and this is entirely because of immigration.""",mostly-true,true,"['true', 'mostly-true']",2,True
"""15,000 troops will not see their families for #Thanksgiving because of @realDonaldTrump’s Scaravan Stunt. Oh yeah, it’s also costing you 200 million dollars.""",half-true,mostly-false,"['mostly-false', 'false', 'mostly-true', 'half-true']",4,True
"Says a bill co-sponsored by Sen. Claire McCaskill ""would give a free pass to any illegal immigrant who brings a child to the border.""",false,false,"['false', 'mostly-false']",2,True
"Orange County ""released"" a sex offender instead of turning him over to immigration authorities - ""like a sanctuary city.""",half-true,mostly-false,"['mostly-false', 'false', 'mostly-true', 'half-true']",4,True
A document shows Minnesota shooting victim Renee Good had a record of child abuse.,false,false,['false'],1,True
"""We spend $18 billion a year on making sure that the federal government has immigrant enforcement agents. That's more than DEA and the ATF and the FBI and all the other enforcement (agencies) combined.""",half-true,mostly-true,"['mostly-true', 'true']",2,False
"Says Sen. Chuck Schumer in 2014 ""helped put together and signed a $25 billion deal to fund a border wall"" and now opposes Trump's $5 billion request for a border wall ""just because he's a Republican."" ​",false,false,"['false', 'mostly-false', 'half-true', 'mostly-true']",4,True
"Twenty-seven percent of Californians, almost 11 million, ""were born in a foreign land.""",true,true,['true'],1,True
"Says ""22 to 24 people"" came into the United States due to family connection with suspect in the October 2017 New York City terror attack.",false,false,"['false', 'mostly-false']",2,True
"""So the number on DACA is 800,000, but every one person can bring in their entire extended family once they reach a certain status. So it's 3 or 4 million, right?""",false,mostly-false,"['mostly-false', 'false', 'half-true']",3,True
"""Chicago now has City ID Cards which allow illegal immigrants to vote in local, state & federal elections.""",false,false,['false'],1,True
“We have encountered the largest surge of migrants (at the southern border) in the last 20 years.”,mostly-false,mostly-true,"['mostly-true', 'mostly-false', 'false', 'half-true']",4,True
"“BREAKING: Illegal Aliens in San Diego, California, tried to hijack 2 school buses filled with children.”",false,false,"['false', 'mostly-false']",2,True
"The 2016 federal omnibus spending bill ""funds illegal immigrants coming in and through your border, right through Phoenix.""",pants-fire,false,"['false', 'mostly-false']",2,False
“The Biden Administration is recklessly releasing hundreds of illegal immigrants who have COVID into Texas communities.”,mostly-false,false,"['false', 'mostly-false', 'half-true', 'pants-fire']",4,True
"Says Dan Patrick ""proposed Arizona-style show-me-your-papers legislation.""",true,true,"['true', 'mostly-true', 'half-true']",3,True
"""Dubai is the only country with huge amounts of imported workers that's actually passed legislation to give these immigrant workers a better deal in the Middle East.""",mostly-false,mostly-false,"['mostly-false', 'false']",2,True
"""Since 2001, 63,000 of us were murdered by illegal aliens.""  ​",false,false,['false'],1,True
"""President Barack Obama has deported more people in his first year in office than George W. Bush in his last year in office.""",mostly-true,mostly-true,['mostly-true'],1,True
"""In New York, your chances of getting murdered are 1 in 25,000. In Honduras, it’s 1 in 14.""",half-true,false,"['false', 'mostly-false', 'true', 'mostly-true']",4,False
"""We know from ... the federal data, that they only stop or apprehend one out of four illegal people crossing our border.""",mostly-false,false,"['false', 'mostly-false', 'half-true', 'mostly-true']",4,True
"""Every couple days we have a caravan size group of people apprehended trying to come into the country illegally, or coming to the ports of entry without documentation.""",half-true,half-true,['half-true'],1,True
"Huckabee supported ""a tuition break to the children of illegals that are here illegally when citizens are having to pay a higher rate.""",half-true,half-true,['half-true'],1,True
"""Immigrants are responsible for 96 percent of our small biz growth since 2000.""",false,mostly-false,"['mostly-false', 'false', 'mostly-true', 'half-true']",4,True
"The United States is at ""historic record highs"" of individuals being apprehended on the border from countries with terrorist ties such as ""Pakistan or Afghanistan or Syria.""",pants-fire,false,"['false', 'mostly-false', 'half-true']",3,False
"The Trump administration has granted amnesty to ""nearly 100,000 'Dreamers' """,mostly-true,false,"['false', 'mostly-false', 'mostly-true', 'half-true']",4,True
"""We are watching, you know, millions of illegal immigrants cross our borders, and many of them voting in the past election that's what, just a couple weeks ago.""",pants-fire,pants-fire,['pants-fire'],1,True
"Says Hillary Clinton wants illegal immigrants ""collecting Social Security benefits.""",mostly-false,mostly-false,"['mostly-false', 'false']",2,True
"As governor, Tim Kaine ""oversaw a huge increase in illegal immigration, a tremendous increase.""",false,false,"['false', 'mostly-false', 'half-true']",3,True
"""If you look at the number of illegal immigrants coming into the country, it is net zero. It's been that way now for almost two years.""",true,true,"['true', 'mostly-true']",2,True
"Says Phil Bredesen ""lured illegal immigrants to Tennessee.""",mostly-false,false,"['false', 'mostly-false', 'pants-fire']",3,True
"""Between 2010 and 2014, there was no net in-migration from Mexico.""",mostly-true,true,"['true', 'mostly-true', 'half-true', 'false']",4,True
"Says Russ Feingold ""voted to raise taxes on Social Security benefits for seniors, he even tried to give Social Security benefits to illegal immigrants.""",mostly-false,mostly-false,"['mostly-false', 'false']",2,True
Says over 25 percent of the Texas budget funds services to non-U.S. citizens.,pants-fire,pants-fire,['pants-fire'],1,True
"Says a group ""estimates that the annual cost to Oregon taxpayers for government services to illegal aliens, after any income tax revenue from them, is $1 billion.""",mostly-false,mostly-false,"['mostly-false', 'false']",2,True
"Charleroi, Pennsylvania, “has grown by 2,000% due to an influx in migrants.”",false,false,"['false', 'mostly-false', 'half-true']",3,True
"Americans ""would run out of avocados in three weeks"" if imports from Mexico were stopped due to a border closure.",mostly-true,mostly-true,"['mostly-true', 'half-true', 'mostly-false']",3,True
"Says Jeb Bush ""flip-flop-flip(ped) on immigration.""",true,mostly-false,"['mostly-false', 'true', 'mostly-true', 'half-true']",4,True
"""My grandparents were proud immigrants to the United States of America, here to Illinois in the late 1800s. My grandparents did not speak English when they were young.""",pants-fire,false,"['false', 'mostly-false', 'half-true']",3,False
"When visa holders exit the United States and enter Mexico, ""if they leave through a land port of entry we literally have no clue if they are still here or have returned to their country of origin.""",mostly-true,mostly-true,"['mostly-true', 'true', 'half-true', 'mostly-false']",4,True
"Says ""Donald Trump proposes to deport 16 million people, 11 million who are here without documents, and both Donald Trump and Mike Pence want to get rid of birthright citizenship.""",half-true,mostly-false,"['mostly-false', 'false', 'mostly-true', 'half-true']",4,True
"More than 3,000 homicides were committed by ""illegal aliens"" over the past six years.",pants-fire,false,"['false', 'mostly-false']",2,False
"Says a ""recent analysis"" showed that 91 percent of Deferred Action for Childhood Arrivals (DACA) recipients are employed, in school or serving in the military.",mostly-true,mostly-true,"['mostly-true', 'true', 'half-true']",3,True
"When ICE releases illegal immigrants, ""a lot of those people are not from Honduras and Mexico. They’re from Iraq and Somalia and Russia.""",mostly-false,false,"['false', 'mostly-false']",2,True
"""If you were a Muslim, you could come in, if you were a Christian, it was impossible.""",false,false,['false'],1,True
Vice President Kamala Harris “endorsed free taxpayer-funded government health care for all illegal aliens.”,mostly-false,false,"['false', 'mostly-false']",2,True
"Says he ""won the popular vote if you deduct the millions of people who voted illegally.""",pants-fire,false,"['false', 'pants-fire']",2,True
"Says ""Hillary Clinton's plan would bring in 620,000 refugees in her first term, alone, with no effective way to screen or vet them. Her plan would cost $400 billion in terms of lifetime welfare and entitlement costs.""",false,mostly-false,"['mostly-false', 'false']",2,True
"""I deployed the Texas National Guard"" to the Texas-Mexico border. ""And the policy worked; apprehensions at the border declined 74 percent.""",mostly-false,false,"['false', 'mostly-false', 'half-true']",3,True
"""I don't describe your plan as amnesty in my ad. I don't call it amnesty.""",pants-fire,false,"['false', 'pants-fire']",2,True
"In 2008, Maggie Hassan voted against legislation to ""prevent sanctuary cities in New Hampshire.""",mostly-true,true,"['true', 'false', 'mostly-true', 'half-true', 'mostly-false']",5,True
"Says there are ""2,000 inadmissible migrants arriving every day""",half-true,mostly-true,"['mostly-true', 'half-true', 'mostly-false', 'true', 'false']",5,True
"Says Donald Trump hired illegal workers ""from Poland and he had to pay a million dollars or so in a judgment.""",half-true,true,"['true', 'mostly-true', 'half-true']",3,True
"""The right to vote in this country has never been intrinsically tied to citizenship.""",mostly-true,true,"['true', 'mostly-true', 'false']",3,True
"""We don't get any of that information"" from the federal government on who refugees are, where they come from and how long they are likely to stay.",mostly-false,mostly-false,['mostly-false'],1,True
Coca-Cola “sells out its own workers to ICE.”,false,false,['false'],1,True
Says the nation is locked down and there’s “a wide open border.”,false,false,"['false', 'mostly-false']",2,True
"""Joe Biden's wide open southern border"" is to blame for fentanyl deaths in the U.S.",false,false,"['false', 'mostly-false']",2,True
"When migrants arrived on Martha’s Vineyard, “They called out the National Guard and deported them within 24 hours.”",false,false,"['false', 'mostly-false']",2,True
"Said Adolf Hitler and Donald Trump have both described deportations as ""a military operation.""",mostly-false,mostly-false,"['mostly-false', 'false', 'half-true', 'true', 'mostly-true']",5,True
"“In August 2023, illegal immigration outpaced American births.”",false,false,['false'],1,True
Federal border officials are allowing undocumented immigrants who are “known criminals who possess an arrest warrant to fly on U.S. aircraft (which) threatens our homeland security.”,mostly-false,false,"['false', 'mostly-false', 'half-true']",3,True
"Says of immigrant family separations at the border, ""we had the exact same policy as the Obama administration.""",false,false,"['false', 'mostly-false']",2,True
"Says Erv Nelson voted ""yes on the pro-amnesty SJR 21, a bill urging Congress to provide citizenship for those residing illegally in our country.""",mostly-true,mostly-true,"['mostly-true', 'half-true', 'true', 'mostly-false']",4,True
"Says a bill he vetoed to give driver licenses to certain immigrants known as Dreamers would have changed ""nothing.""",half-true,mostly-false,"['mostly-false', 'false', 'half-true']",3,True
"""Every time they’ve done those border patrols, they’ve taken out people who have trafficked drugs. That’s the federal government’s role. They’re doing their job.""",half-true,mostly-true,"['mostly-true', 'half-true', 'mostly-false', 'false']",4,True
"""Today, we have more boots on the ground near the Southwest border than at any time in our history.""",mostly-true,mostly-true,['mostly-true'],1,True
"""Sheriffs Call For Obama’s Lynching While Leader Meets With GOP Senators""",pants-fire,false,"['false', 'pants-fire']",2,True
"""It is more difficult to obtain a Costco membership than it is to get a NYC Municipal ID""",pants-fire,mostly-true,"['mostly-true', 'false', 'true', 'mostly-false']",4,False
Says Democratic opponents Cal Cunningham and Erica Smith support sanctuary policies.,half-true,mostly-false,"['mostly-false', 'false', 'half-true', 'mostly-true']",4,True
"Says Donald Trump wants to deport ""our Dreamers.""",mostly-true,mostly-false,"['mostly-false', 'false', 'mostly-true', 'half-true']",4,True
Immigration and Customs Enforcement agents raided Los Angeles' Gratts Learning Academy during a June graduation ceremony.,false,false,['false'],1,True
"Says the Constitution ""specifically states the Congress shall write legislation for immigration policy,"" so Barack Obama lacks the authority to defer the deportation of young illegal immigrants.",half-true,false,"['false', 'mostly-false', 'half-true', 'mostly-true', 'true']",5,True
"""We are accepting more legal immigrants than we ever have in the history (of the United States.)""",mostly-false,mostly-true,"['mostly-true', 'mostly-false', 'half-true', 'false']",4,True
"""A majority of the men and women on this stage have previously and publicly embraced amnesty. I am the only candidate on this stage who has never supported amnesty.""",mostly-true,mostly-false,"['mostly-false', 'false', 'half-true', 'mostly-true']",4,True
"""100% of heroin/fentanyl epidemic is because we don't have a WALL.""",pants-fire,false,"['false', 'pants-fire', 'mostly-false']",3,True
"""The major immigration issue was about Poles, and Bulgarians, and Romanians,"" and that they weren’t contributing economically. ""The unemployment rate among Poles in Britain is lower than the unemployment rate among Brits.""",true,true,"['true', 'mostly-true']",2,True
"""This is the only state in the country that bypassed the General Assembly to authorize [in-state tuition for undocumented immigrants].""",true,true,"['true', 'false', 'mostly-true', 'half-true']",4,True
"""Border Patrol agents were caught on film destroying supplies left to help migrants""",mostly-true,true,"['true', 'mostly-true', 'half-true']",3,True
"""17,000 individuals with criminal records were apprehended trying to cross the border"" in 2018.",half-true,mostly-true,"['mostly-true', 'true']",2,False
"""Rep. Paul Gosar asks Capitol Police to arrest illegal immigrants attending State of the Union.""",true,true,['true'],1,True
"""Every single strawberry that is served to Members of Congress will have passed through the rough hands of an undocumented immigrant.""",half-true,mostly-false,"['mostly-false', 'false', 'mostly-true', 'half-true', 'true']",5,True
"As Florida secretary of state, Kurt Browning ""allowed 1,800 illegal voters to register in Florida.""",pants-fire,false,"['false', 'mostly-false', 'half-true', 'mostly-true']",4,False
"""Nobody applies to the United States for refugee status. They apply to the United Nations.""",false,false,"['false', 'mostly-false']",2,True
"Says that ""18 children died while in custody of Border Patrol"" during the Obama administration.",pants-fire,false,"['false', 'mostly-false']",2,False
Says the Biden administration is choosing to send baby formula to the border as one of its “out-of-touch priorities.”,mostly-false,mostly-false,"['mostly-false', 'false', 'mostly-true', 'half-true']",4,True
Say a boy was 'caged' in a wire enclosure.,false,false,"['false', 'true', 'mostly-true', 'half-true']",4,True
Says the Texas Education Agency follows up to make sure undocumented immigrants paying in-state tuition at Texas colleges are applying for permanent residency.,false,false,['false'],1,True
"Says Newt Gingrich ""has said that we should make the 11 million illegal workers that are in this country legal.""",false,false,"['false', 'mostly-false']",2,True
"Wisconsin politicians get daily expense payments ""even if they don’t spend a dime on meals, or lodging or travel,"" and ""no receipts are required for them to get paid.""",mostly-true,mostly-true,['mostly-true'],1,True
"Says Mexico doesn't have birthright citizenship, and Americans are the ""only ones"" to have it.",false,false,['false'],1,True
"“Kids at the border: 2,600 highest number Trump, 12,000 currently under Biden.”",half-true,false,"['false', 'mostly-false']",2,False
"""The state of California is begging us to build walls in certain areas. They don’t tell you that.""",pants-fire,false,['false'],1,False
"Romney failed to take action against ""sanctuary cities"" in Massachusetts.",mostly-true,mostly-true,"['mostly-true', 'mostly-false', 'half-true']",3,True
"""As of 2014, illegal aliens made up roughly 3.5 percent of our population, and committed over 10 percent of all murders.""",mostly-false,false,"['false', 'mostly-false', 'mostly-true']",3,True
"""The 2017/2018 budgets gave (President Donald) Trump billions for border upgrades. He’s spent ALMOST NONE of it. 6%.""",mostly-false,mostly-true,"['mostly-true', 'mostly-false', 'half-true', 'false']",4,True
"""Even in California now, they don’t want to be sanctuary cities anymore. They want out.""",mostly-false,mostly-false,"['mostly-false', 'false', 'half-true', 'mostly-true']",4,True
"""If you're from Guatemala and you are found illegally in Mexico, you are automatically jailed.""",false,false,['false'],1,True
"“Texas just gifted Trump 355,000 acres for deportation camps.”",false,false,['false'],1,True
