statement,true_verdict,predicted_verdict,prediction_set,set_size,is_covered
"Says North Carolina’s ""Democratic Secretary of State"" controls the state's elections.",false,false,"['false', 'mostly-false', 'half-true', 'mostly-true', 'true']",5,True
"""It's factually correct to say"" that Jennifer Brunner inherited at least 18 lawsuits when she came into the office that were a result of Ken Blackwell’s ""mismanagement of the 2004 election.""",false,false,"['false', 'mostly-false', 'mostly-true']",3,True
"There are “180,000 registered new Amish voters in Lancaster, Pennsylvania.”",false,false,['false'],1,True
HR 1 “automatically registers every welfare recipient to vote.”,mostly-false,false,"['false', 'mostly-false', 'pants-fire', 'half-true']",4,True
“The state of Washington has already sent out their ballots” for the 2024 presidential election.,false,false,"['false', 'mostly-false', 'half-true', 'true']",4,True
"""Corrupt political bosses. Money laundering. Fraud. It’s just another day at the office for Vin Gopal.""",pants-fire,false,"['false', 'mostly-false', 'mostly-true', 'half-true', 'true', 'pants-fire']",6,True
Georgia’s new voting law “makes it a JAIL-TIME CRIME to drop off grandma’s absentee ballot in a dropbox.”,false,false,"['false', 'mostly-false', 'pants-fire', 'half-true', 'mostly-true']",5,True
"Says at polling places in Texas on Super Tuesday “the Republican side gets 25 machines, the Democratic side gets 5 machines. People were literally standing in line for seven hours.”",mostly-false,false,"['false', 'mostly-false', 'mostly-true', 'half-true', 'true', 'pants-fire']",6,True
"Says Jim Renacci ran against the Washington establishment in the election, but is now ""hypocritically embracing it with big money, special interest fundraisers.""",half-true,half-true,"['half-true', 'mostly-true', 'mostly-false', 'false']",4,True
“Kamala involved in P-Diddy’s rapes and assaults.”,pants-fire,pants-fire,['pants-fire'],1,True
"States ""haven't even begun to spend the (election security) money they have now.""",mostly-false,mostly-true,"['mostly-true', 'half-true', 'true', 'mostly-false', 'false', 'pants-fire']",6,True
The Oregon secretary of state “removed” former President Donald Trump and U.S. Sen. JD Vance from “the official state website.”,false,false,"['false', 'mostly-false']",2,True
"Says Bernie Sanders ""is the most popular politician in America today.""",mostly-true,mostly-true,"['mostly-true', 'true', 'half-true', 'mostly-false']",4,True
“Wisconsin 2020 election investigation finds more illegal votes were cast than Biden's margin of victory.”,false,false,"['false', 'mostly-false']",2,True
"""This is the first time a party has picked up multiple seats during a regular election since the mid 1980s, making this the largest majority of any party in more than 25 years.""",mostly-true,mostly-true,"['mostly-true', 'true', 'half-true']",3,True
"“Biden lead disappears in NV, AZ, GA, PA.”",false,false,['false'],1,True
"""America has more governors who’ve worn blackface than black governors.""",true,false,"['false', 'true', 'mostly-true', 'mostly-false', 'half-true', 'pants-fire']",6,True
"""Michael Untermeyer has been a Democrat for more than 40 years.""",half-true,false,"['false', 'mostly-true', 'true', 'half-true', 'mostly-false', 'pants-fire']",6,True
"""Michigan has requested a full forensic audit.""",false,false,"['false', 'mostly-false']",2,True
"""China was behind the interference and the effort to overthrow our government and the election, election fraud.""",false,false,"['false', 'mostly-false', 'pants-fire']",3,True
“Nowhere on her birth certificate does it say that she is BLACK OR AFRICAN. …  Kamala Harris is NOT black and never has been.”,false,false,"['false', 'mostly-false', 'pants-fire', 'half-true', 'true']",5,True
CBS exposed “the fact” that Kamala Harris’ crowd sizes are inflated because her campaign bused hundreds of attendees to her New Hampshire rally.,mostly-false,mostly-false,"['mostly-false', 'false']",2,True
"""Apple and Amazon already operate in many states that require levels of voter ID.""",true,true,"['true', 'mostly-true']",2,True
"The ""Democratic Party is getting smaller and smaller and smaller.""",mostly-false,false,"['false', 'mostly-false', 'mostly-true', 'half-true', 'true', 'pants-fire']",6,True
"Barack Obama ""ended up getting re-elected by the largest gender gap in the history of American elections.""",half-true,false,"['false', 'mostly-false', 'true', 'mostly-true', 'half-true', 'pants-fire']",6,True
Says Republicans supported legislation on early voting and in-person voting in 2005.,true,true,"['true', 'mostly-true']",2,True
"Says Paul Ryan ""has not had a public town hall within the district for over 600 days.""",mostly-true,mostly-true,"['mostly-true', 'half-true', 'true', 'mostly-false']",4,True
"In 2016, after Donald Trump won the presidency, then-President Barack Obama was “trying to lead a coup” with Trump’s opponent, Hillary Clinton.",pants-fire,false,"['false', 'pants-fire', 'mostly-false', 'half-true']",4,True
“Many elections in Bexar are being called with 0% of precincts reporting! I smell MAJOR FRAUD!”,false,false,"['false', 'mostly-false', 'pants-fire']",3,True
Says there’s no language in the U.S. Constitution that prevents someone from running for Congress simultaneously in multiple states.,true,true,"['true', 'mostly-true', 'false', 'half-true']",4,True
Says MSNBC called the Florida governor’s race for Andrew Gillum before Election Day.,false,false,"['false', 'mostly-false', 'true', 'mostly-true', 'half-true', 'pants-fire']",6,True
"""We have a tax code that allows groups to use their political operations within the tax code, under the guise of a charity, to use undisclosed millions of dollars to do political campaigns.""",mostly-true,mostly-true,"['mostly-true', 'true', 'half-true', 'mostly-false', 'false']",5,True
President-elect Donald Trump posted on X that he is “purchasing TikTok.”,false,false,['false'],1,True
“People don’t pretend to be someone else to go in and vote. You just don’t see that kind of fraud.”,mostly-true,true,"['true', 'mostly-true', 'false', 'half-true', 'mostly-false']",5,True
"Says his Jan. 6, 2021, speech on the White House Ellipse drew the “same number of people,” as the 1963 March on Washington where  Martin Luther King Jr. gave his “I Have a Dream” speech.",false,false,"['false', 'mostly-false', 'pants-fire', 'half-true']",4,True
“Miami-Dade reporting 23% of early ballots being rejected for missing signatures.”,false,false,"['false', 'mostly-false', 'half-true', 'mostly-true', 'pants-fire']",5,True
"""Nobody’s invited us"" to the Obama events in Atlanta.",pants-fire,false,"['false', 'pants-fire', 'mostly-false', 'true']",4,True
"""‘Simple math’ shows Biden claims 13 million more votes than there were eligible voters who voted in 2020 election.”",pants-fire,false,"['false', 'mostly-false', 'pants-fire', 'half-true', 'mostly-true']",5,True
"Says ""we’re losing one voter every 13 minutes.""",mostly-true,mostly-true,"['mostly-true', 'true', 'half-true', 'mostly-false', 'false']",5,True
"“In certain swing states, there were more votes than people who voted, and in big numbers.”",pants-fire,false,"['false', 'pants-fire', 'mostly-false']",3,True
"“If you use the US Postal Service certified mail or registered mail, they can do anything they want with those ballots."" They “can burn your mail and they won't get in any trouble.”",pants-fire,false,"['false', 'mostly-false', 'pants-fire', 'half-true', 'mostly-true', 'true']",6,True
U.S. Rep. Matt “Cartwright proposes to defund the Wilkes-Barre police.”,false,false,"['false', 'mostly-false', 'half-true', 'mostly-true', 'true']",5,True
"In Arizona, early voting would allow Kari Lake’s opponents to see how many votes they “need to fake to catch up and surpass.”",pants-fire,false,"['false', 'mostly-false', 'pants-fire', 'half-true', 'mostly-true']",5,True
"Judge Jeff Davis ""spent years defending a convicted cop killer"" and ""tried to get him off the hook.""",half-true,mostly-false,"['mostly-false', 'false', 'half-true', 'mostly-true', 'true', 'pants-fire']",6,True
“They removed your ability to go buy firearms the day of election.”,false,false,"['false', 'mostly-false', 'half-true', 'mostly-true', 'true']",5,True
"On June 7, 2011, Kamala Harris was involved in a San Francisco hit-and-run crash that injured a woman named Alicia Brown.",pants-fire,false,"['false', 'pants-fire', 'mostly-false', 'true', 'half-true']",5,True
"Says Congresswoman Loretta Sanchez ""has passed one bill in her 20 years in Congress, and that was to rename a post office.""",half-true,true,"['true', 'mostly-true', 'half-true', 'mostly-false', 'false']",5,True
"""Studies have shown that voter fraud is non-existent in Texas.""",false,mostly-false,"['mostly-false', 'false', 'mostly-true', 'half-true', 'true', 'pants-fire']",6,True
The problem with mail ballots in Lancaster County is a sign of “voter fraud.”,false,false,"['false', 'mostly-false', 'half-true', 'mostly-true', 'pants-fire']",5,True
"“In Nevada, they want to have a thing where you don’t have to have any verification of the signature” on ballots.",false,false,"['false', 'mostly-false', 'pants-fire', 'half-true', 'mostly-true']",5,True
“This is the California model spreading across the country. When you need to flip things blue there’s always some mysterious mail-in ballots lying around that’ll do the trick. Shameful!”,false,false,"['false', 'mostly-false', 'pants-fire', 'half-true', 'mostly-true']",5,True
"Says Scott Walker left college ""under an ethical cloud for having tried to fix"" the election for student body president.",false,false,"['false', 'mostly-false']",2,True
"Says Tim Walz said he carried weapons in war, but “he has not spent a day in a combat zone.”",true,false,"['false', 'mostly-false', 'half-true', 'true', 'mostly-true', 'pants-fire']",6,True
Donald Trump offered “food for everyone” at his McDonald’s press conference and then left without paying.,false,false,"['false', 'mostly-false', 'true', 'mostly-true']",4,True
"The public health order Title 42 is ""the last tool Border Patrol has to stop the overwhelming flood of illegal immigrants pouring into our country.”",false,false,"['false', 'mostly-false', 'half-true', 'mostly-true', 'pants-fire', 'true']",6,True
Caitlyn Jenner “literally killed someone 6 years ago in the streets and was released by a District Attorney.”,mostly-false,false,"['false', 'true', 'mostly-false', 'mostly-true', 'half-true', 'pants-fire']",6,True
Forty percent of union members voted Republican in 2008.,mostly-true,mostly-true,"['mostly-true', 'true', 'half-true', 'mostly-false']",4,True
"""After filing a lawsuit in Rhode Island, we reached an agreement with state agencies that resulted in more voters being registered in the first full month after our lawsuit than in the entire previous two-year reporting period.""",true,true,"['true', 'mostly-true', 'half-true', 'false', 'mostly-false']",5,True
"Jennifer Carroll's an ""outsider.""",half-true,half-true,"['half-true', 'mostly-false', 'mostly-true']",3,True
"""At nearly 19 million people, the population of Florida is larger than all the earlier primary and caucus states combined.""",true,true,"['true', 'mostly-true']",2,True
"""Breaking: Voters in Tarrant County, Texas are reporting that the voting machines are flipping their votes from Trump to Kamala Harris.""",pants-fire,pants-fire,"['pants-fire', 'false']",2,True
"Group “identifies 12,547 illegal votes” in Georgia's 2020 election results, “exceeds margin of victory in the state.”",false,false,"['false', 'mostly-false', 'pants-fire', 'half-true', 'mostly-true']",5,True
"“Millions of Hubbell and Bloomberg dollars wasn’t enough to overcome the Iowa House Republican avalanche of success.""",half-true,mostly-true,"['mostly-true', 'true', 'mostly-false', 'half-true', 'false', 'pants-fire']",6,True
"""Limberbutt McCubbins (a five-year-old cat) is a candidate"" in the 2016 presidential election.",half-true,pants-fire,"['pants-fire', 'false', 'mostly-false', 'true']",4,False
Mailing in a ballot “gives the bad guys a chance to know how many ballots they need to make.”,pants-fire,false,"['false', 'mostly-false', 'half-true', 'mostly-true', 'true']",5,False
"""The governor won this state with 49 percent. We had some of the closest races in the House in history. So you’re not dealing with this 70-30, like they want to make it.""",mostly-true,mostly-true,"['mostly-true', 'half-true', 'true', 'mostly-false']",4,True
"The ""Department of Homeland Security and the State Department coordinated with a group called the ‘Election Integrity Partnership’ to censor Joe Biden’s opponents.”",false,false,"['false', 'mostly-false', 'half-true', 'mostly-true', 'true', 'pants-fire']",6,True
"""This election marks the largest Senate gains for a president's party in a first midterm election since at least President Kennedy's in 1962.""",half-true,half-true,"['half-true', 'mostly-true', 'mostly-false', 'false']",4,True
"""The best estimate is that 200,000 people in Wisconsin were either denied or chilled in their efforts to vote"" in the 2016 presidential election.",mostly-false,mostly-false,"['mostly-false', 'false', 'mostly-true', 'half-true']",4,True
“Voting machines found in bus in Arizona.”,false,false,"['false', 'mostly-false']",2,True
Early vote counts after the polls closed in Georgia’s U.S. Senate runoff are evidence of election fraud.,pants-fire,pants-fire,"['pants-fire', 'false']",2,True
"""My opponent, in 2008, had contributions investigated by the federal government.""",false,false,"['false', 'true', 'mostly-false', 'pants-fire', 'mostly-true']",5,True
"""Since 2015, Scott Walker has not done a public event where you don't have to pay admission or be on an approved list.""",half-true,half-true,"['half-true', 'mostly-true', 'mostly-false', 'true']",4,True
“I am not banning fracking.”,mostly-true,true,"['true', 'mostly-true', 'false', 'half-true', 'mostly-false']",5,True
"Sen. Bob Casey ""has voted in lockstep with his liberal party to defund the police.""",false,mostly-false,"['mostly-false', 'false', 'mostly-true', 'half-true', 'true', 'pants-fire']",6,True
"Says Joe Biden's plan for net-zero emissions ""would instantly shut down all fracking and all mining immediately in Pennsylvania.""",false,false,"['false', 'mostly-false', 'pants-fire', 'half-true']",4,True
"“Finally, a judge has ruled Dominion voting machines were designed to create fraud.”",false,false,"['false', 'pants-fire']",2,True
"Every time a Republican has been elected president over the last few decades, House Democrats have objected to the result",mostly-true,mostly-true,"['mostly-true', 'true', 'half-true', 'mostly-false', 'false']",5,True
"The Senate seat won in a special election by a Democrat had been ""held for more than thirty years by Republicans.""",false,false,"['false', 'mostly-false', 'half-true', 'mostly-true']",4,True
"Says a Republican-drawn map of proposed U.S. House districts for Texas ""gerrymanders more than nine million Latinos in Texas to make sure that we have no more electoral opportunity than we did in 1991.""",mostly-true,mostly-true,"['mostly-true', 'half-true', 'true', 'mostly-false']",4,True
Opposition to having a fully elected Chicago Board of Education is in the “super minority.”,true,true,"['true', 'mostly-true', 'half-true', 'mostly-false', 'false', 'pants-fire']",6,True
Biden’s strategy is to “get as many illegals in the country as possible” and “legalize them to create a permanent majority.”,false,false,"['false', 'pants-fire', 'mostly-false', 'half-true']",4,True
"Says Beto O’Rourke crashed into barriers, ""causing a collision while driving drunk, then fleeing the scene to avoid accountability.""",mostly-true,true,"['true', 'mostly-false', 'mostly-true', 'half-true', 'false']",5,True
"""Alabama state police arrest 3 poll workers in Birmingham.""",pants-fire,pants-fire,"['pants-fire', 'false']",2,True
“Stunning report: nearly 15 million mail-in ballots were not counted in the 2020 election.”,mostly-false,false,"['false', 'mostly-false', 'pants-fire', 'half-true', 'mostly-true']",5,True
Student ID cards are a “source of fraud” at the polls.,false,false,"['false', 'mostly-false', 'half-true', 'pants-fire', 'mostly-true', 'true']",6,True
"“Biden failed to condemn far-left violent groups like Antifa, instead faulting only the brave men and women of law enforcement.”",false,mostly-false,"['mostly-false', 'false', 'half-true', 'mostly-true', 'true', 'pants-fire']",6,True
“No candidate has ever won both Florida and Ohio and lost.”,pants-fire,false,"['false', 'mostly-false', 'pants-fire', 'true']",4,True
Wake County is the only large county in North Carolina that elects its commissioners at-large countywide.,mostly-true,mostly-true,"['mostly-true', 'true', 'half-true', 'mostly-false', 'false']",5,True
"""Over 40 of our 100 (House of) Delegates seats go uncontested every year, and over 40 percent of our state senate seats go uncontested every year.""",mostly-true,half-true,"['half-true', 'mostly-true', 'mostly-false', 'false', 'true']",5,True
“Coca-Cola cuts ties with Taylor Swift over (Kamala) Harris endorsement.”,false,false,['false'],1,True
"More than any Republican governor in the 2014 elections, ""I took a higher percentage of the Republican vote""and ""yet I also carried independents by 12 points.""",mostly-true,mostly-true,"['mostly-true', 'half-true', 'mostly-false']",3,True
"In 2011, Alabama and Massachusetts passed legislation allowing non-citizens who are legal residents to vote in state and local elections.",false,false,"['false', 'mostly-false']",2,True
"Former President Donald Trump posted on Truth Social and addressed claims about his use of a microphone, saying “I was pretending to eat a corn dog.”",false,false,"['false', 'pants-fire']",2,True
There are nine states “where Biden’s name can’t be removed and no one can be added. That’s over 130 electoral votes in the toilet.”,false,false,"['false', 'pants-fire', 'mostly-false', 'mostly-true', 'half-true', 'true']",6,True
“Jacky Rosen voted to allow biological men to compete in women’s sports.”,false,false,"['false', 'mostly-false', 'half-true', 'mostly-true']",4,True
"""If you want to vote in"" Texas, ""you can use a concealed-weapon permit as a valid form of identification, but a valid student ID isn’t good enough.""",true,true,"['true', 'false', 'mostly-true', 'mostly-false', 'half-true']",5,True
The Fulton County vote count will be finished by 11:30 p.m. on election night.,mostly-true,mostly-true,"['mostly-true', 'true', 'half-true']",3,True
"In Wisconsin, unions can essentially give ""unlimited"" contributions to political parties, but business can't give any.",mostly-true,mostly-true,"['mostly-true', 'half-true', 'mostly-false']",3,True
“BREAKING: Police found ‘explosives’ in car near former President Donald Trump’s rally site on Long Island.”,false,false,"['false', 'mostly-false']",2,True
"""Roy Moore takes the military vote, pulls ahead by 5,000 votes""",pants-fire,pants-fire,['pants-fire'],1,True
"Says U.S. Senate candidate Michelle Nunn was ""handpicked"" by President Barack Obama",half-true,false,"['false', 'mostly-false', 'half-true', 'mostly-true', 'true', 'pants-fire']",6,True
"""If you're in Texas, you have got to drive 120 miles to get an ID.""",half-true,mostly-false,"['mostly-false', 'half-true', 'mostly-true', 'false', 'true']",5,True
Says conservative mega-donor Richard Uihlein is a Wisconsin resident.,false,false,"['false', 'mostly-false', 'pants-fire']",3,True
The Commission on Presidential Debates wrote a letter after the 2016 presidential debates apologizing to Donald Trump.,false,false,"['false', 'mostly-false', 'pants-fire']",3,True
Democrats paid Beyoncé $11 million for an endorsement.,false,false,"['false', 'mostly-false']",2,True
"Says Michigan congressional candidate Elissa Slotkin ""just parachuted into the district to run for Congress"" and ""admitted that she doesn’t know our area.""",half-true,mostly-false,"['mostly-false', 'mostly-true', 'half-true', 'false', 'true', 'pants-fire']",6,True
"Says “every time"" the DSCC endorsed someone in North Carolina's U.S. Senate primary, ""and the person they didn’t support was black, the candidate they picked ended up losing.""",false,false,"['false', 'mostly-false', 'half-true', 'true', 'mostly-true', 'pants-fire']",6,True
“Pennsylvania and Michigan didn’t allow our poll watchers and/or vote observers to watch or observe.”,pants-fire,false,"['false', 'mostly-false', 'pants-fire']",3,True
"""When the Constitution was written, (only) 20 to 25 percent of the people in the country could vote.""",mostly-true,mostly-true,"['mostly-true', 'true', 'half-true']",3,True
“Trump can’t vote for himself in the November election.”,mostly-false,false,"['false', 'true', 'mostly-false', 'mostly-true', 'half-true', 'pants-fire']",6,True
"There are ""a larger number of shark attacks in Florida than there are cases of voter fraud.""",mostly-true,mostly-false,"['mostly-false', 'mostly-true', 'half-true', 'false']",4,True
"""THOUSANDS of fake votes found at Wisconsin Recount in Dane County.""",pants-fire,false,"['false', 'mostly-false', 'pants-fire']",3,True
The American flag is missing from the Democratic National Convention in Chicago.,false,false,"['false', 'true', 'mostly-false', 'mostly-true', 'half-true', 'pants-fire']",6,True
Douglass Mackey was convicted “because he made a meme in the 2016 election.”,mostly-false,false,"['false', 'mostly-false', 'half-true', 'mostly-true', 'pants-fire', 'true']",6,True
"""Attention hunters: Voting in North Dakota could cost you your out-of-state hunting licenses.""",pants-fire,false,"['false', 'mostly-false', 'mostly-true', 'half-true', 'true', 'pants-fire']",6,True
"""Iowa, for good reason, for constitutional reasons, for reasons related to the Lord, should be the first caucus and primary.""",pants-fire,pants-fire,['pants-fire'],1,True
"A printer error in Nassau County, New York, turned every registered voter Democratic.",mostly-false,false,"['false', 'mostly-false', 'pants-fire', 'half-true']",4,True
"Says Sen. Kamala Harris said Democrats are ""coming for"" Trump supporters if they win the White House in 2020.",pants-fire,pants-fire,['pants-fire'],1,True
"More than 500,000 mail in ballots in Virginia and 200,000 in Nevada were sent to dead people or pets",false,false,"['false', 'mostly-false', 'pants-fire', 'half-true', 'mostly-true']",5,True
"Says she has bipartisan support, including ""53 sheriffs throughout the state, Democrats and Republicans.""",true,true,"['true', 'mostly-true']",2,True
"""(Fritz) Kaegi managed a fund that invested nearly $30 million in private prisons.""",mostly-false,true,"['true', 'mostly-true', 'half-true', 'false', 'mostly-false']",5,True
Says “Kamala Harris is not able to be VP. Because she's a felon. She lied on her application to buy a gun here in CA.”,pants-fire,pants-fire,"['pants-fire', 'false']",2,True
“The KKK officially endorses Trump 2020.”,false,false,"['false', 'pants-fire', 'mostly-false', 'mostly-true', 'half-true', 'true']",6,True
"In Iowa, “since we have put a number of the voting laws into place over the last several years — voter ID is one of those — we've actually seen voter participation increase, even in off-election years.”",true,mostly-true,"['mostly-true', 'true', 'half-true', 'mostly-false', 'false']",5,True
The Supreme Court “has decided to take up the Texas case.”,false,false,"['false', 'mostly-false', 'pants-fire', 'mostly-true', 'half-true', 'true']",6,True
"Says Ron Johnson ""is benefiting from several super PACs, I am not.""",false,false,"['false', 'mostly-false']",2,True
"“The Arizona forensic audit found over 17,000 duplicates of votes.”",false,false,"['false', 'mostly-false', 'half-true', 'mostly-true']",4,True
"""Final election 2016 numbers: Trump won"" the popular vote.",pants-fire,false,"['false', 'mostly-false', 'true', 'mostly-true', 'half-true', 'pants-fire']",6,True
Vice President Kamala Harris “even wants to legalize fentanyl.”,false,false,"['false', 'pants-fire', 'mostly-false', 'true', 'mostly-true']",5,True
"""Collusion is not a crime.""",mostly-false,false,"['false', 'true', 'mostly-false', 'mostly-true', 'half-true', 'pants-fire']",6,True
"Says U.S. Sen. Tammy Baldwin ""believes taxpayer dollars should be used for abortion.""",half-true,mostly-false,"['mostly-false', 'half-true', 'mostly-true', 'false', 'true']",5,True
"""We are winning the popular vote.""",mostly-false,mostly-true,"['mostly-true', 'mostly-false', 'false', 'half-true', 'true', 'pants-fire']",6,True
The Republican tax and spending bill will let President Donald Trump “delay or cancel elections — legally.”,false,false,"['false', 'mostly-false', 'pants-fire', 'half-true', 'mostly-true']",5,True
"""Joe Biden tells voters he's 'going to beat Joe Biden.'""",false,false,"['false', 'mostly-false', 'true', 'half-true', 'pants-fire', 'mostly-true']",6,True
“Congress has one job here: to count electoral votes that have in fact been cast by any state.”,true,true,"['true', 'mostly-true', 'half-true', 'false', 'mostly-false']",5,True
"""I’ve got 15 days from my announcement to file paperwork with the FEC!""",half-true,false,"['false', 'mostly-false', 'half-true', 'mostly-true', 'pants-fire', 'true']",6,True
"Says that if Texas, California and New York all voted for Democratic presidential nominees, ""it would be mathematically impossible for Republicans to elect a president.""",false,false,"['false', 'mostly-false', 'true', 'half-true', 'mostly-true', 'pants-fire']",6,True
"""Twitter, Google and Facebook are burying the FBI criminal investigation of Clinton. Very dishonest media!""",false,false,"['false', 'mostly-false', 'pants-fire', 'half-true', 'mostly-true']",5,True
"""They just happened to find 50,000 ballots (in the Georgia U.S. Senate runoff elections) late last night.""",pants-fire,pants-fire,"['pants-fire', 'false']",2,True
"“All the billionaires in America, their net worth combined … has increased by $800 billion” during the pandemic.",mostly-true,mostly-true,"['mostly-true', 'half-true', 'mostly-false', 'true', 'false']",5,True
"A Texas law requires every high school to have a voter registrar ""and part of their responsibility is to make sure that when children become 18 and become eligible to vote, that they vote.""",half-true,mostly-true,"['mostly-true', 'true', 'half-true', 'false', 'mostly-false']",5,True
“Biden campaign director arrested for electoral fraud.”,false,false,"['false', 'pants-fire']",2,True
"""For the first time in history, the share of the national popular vote margin is smaller than the Latino vote margin.""",mostly-true,half-true,"['half-true', 'mostly-true', 'true', 'mostly-false', 'false']",5,True
Arizona House bill to “decertify” 2020 results “could effectively recall the Biden electors.”,pants-fire,false,"['false', 'mostly-false', 'mostly-true', 'half-true', 'true', 'pants-fire']",6,True
"""Law firm @POTUS used to show he has no ties to Russia was named Russia Law Firm of the Year for their extensive ties to Russia. Unreal.""",mostly-true,mostly-true,"['mostly-true', 'half-true', 'mostly-false', 'false', 'true']",5,True
Rhode Island is the last state still using the Optech III P voting machines and they don’t meet suggested federal standards.,half-true,true,"['true', 'mostly-true', 'half-true', 'false', 'mostly-false', 'pants-fire']",6,True
"Brian Kemp ""dismissed concerns about voter fraud in the 2020 election"" and ""widespread illegal ballot harvesting continued, electing two Democrat senators.""",false,false,"['false', 'mostly-false', 'pants-fire', 'half-true', 'mostly-true']",5,True
“USPS failed to deliver 27% of mail-in ballots in South Florida”,pants-fire,false,"['false', 'mostly-false', 'half-true', 'mostly-true', 'true']",5,False
The order of candidate names on North Carolina’s ballot shows a “clear attempt at voter manipulation.”,false,false,"['false', 'mostly-false', 'half-true', 'mostly-true', 'true']",5,True
"""Joe Biden forced the U.S. Attorney for the Eastern District of North Carolina to resign after 24 people were charged with election fraud and the Mainstream Media never even batted an eyelash.""",mostly-false,false,"['false', 'mostly-false', 'half-true', 'pants-fire', 'mostly-true', 'true']",6,True
"The apparent assassination attempt against former President Donald Trump on Sept. 15, 2024, was “staged.”",pants-fire,false,"['false', 'pants-fire', 'mostly-false', 'half-true', 'mostly-true']",5,True
"""Three hundred sixty thousand Pennsylvanians fought on the side of the Union to defeat the flag, that Confederate flag, including more Black soldiers coming from Pennsylvania than any other state in the nation.""",mostly-true,true,"['true', 'mostly-true', 'half-true', 'mostly-false', 'false']",5,True
Says opponent Tammy Baldwin ‘has had not one positive ad’ in the campaign for U.S. Senate.,half-true,half-true,"['half-true', 'mostly-false']",2,True
"In his election as governor, “We won cities that no Republican had ever won.”",false,false,"['false', 'mostly-false', 'half-true', 'pants-fire', 'true', 'mostly-true']",6,True
"Says Mahlon Mitchell ""received a massive raise on the backs of hard-working firefighters and turned the union into his own personal political slush fund.""",half-true,half-true,"['half-true', 'mostly-true']",2,True
Says U.S. House opponent Michael Williams does not live in and has never voted in the congressional district he’s seeking to represent.,false,false,"['false', 'mostly-false', 'pants-fire']",3,True
“Antifa gearing up for false flag violence disguised as Trump-supporters.”,false,false,"['false', 'mostly-false', 'pants-fire']",3,True
"""More Tennesseans have hunting and fishing licenses than vote.""",false,false,"['false', 'mostly-false', 'mostly-true', 'half-true', 'true', 'pants-fire']",6,True
"“Feds Seize 19,888 Fake State Driver Licenses (Made in China) in Chicago O'Hare Airport - ALL Registered to Vote -- ALL Demorats!”",false,false,"['false', 'mostly-false', 'pants-fire']",3,True
"""This ban will only apply to Oregon commercial fishermen. Washington commercial fishermen would still be allowed to use gillnets on the Columbia River.""",half-true,half-true,['half-true'],1,True
"A zero-tolerance policy during the Trump administration ""led to less family separation than under Kamala Harris' border policies.”",false,false,"['false', 'mostly-false', 'half-true', 'pants-fire', 'mostly-true', 'true']",6,True
"In 2018, when he ran for senator, ""young voter turnout in early voting was up 500%. We won more votes than any Democrat has in the history of the state of Texas.""",true,true,"['true', 'mostly-true', 'half-true', 'mostly-false', 'false']",5,True
“Joe Biden confirmed his plan to abolish the entire U.S. oil industry.”,false,false,"['false', 'mostly-false', 'pants-fire']",3,True
"“The cheat has begun” because “Michigan, Georgia and Pennsylvania have officially announced that they will not have election results available on election night.”",false,false,"['false', 'mostly-false', 'true', 'mostly-true', 'half-true', 'pants-fire']",6,True
“Paper ballots and hand counting never breaks down.”,false,false,"['false', 'mostly-false', 'pants-fire', 'half-true']",4,True
The election in Brazil “was very clearly a rigged election.”,false,false,"['false', 'pants-fire', 'mostly-false']",3,True
"""Big victory moments ago in the State of Nevada. The all Democrat County Commissioner race, on same ballot as President, just thrown out because of large scale voter discrepancy.""",false,false,"['false', 'pants-fire', 'mostly-false']",3,True
"Data shows some voters cast multiple votes, meaning ""at least 164,568 illegal votes have been cast” in Michigan.",false,false,"['false', 'mostly-false', 'pants-fire', 'half-true', 'mostly-true']",5,True
"""The son-in-law of the president met with Russian officials at the Trump Tower after having them come in the back door.""",mostly-true,mostly-true,"['mostly-true', 'half-true', 'mostly-false']",3,True
"Legislators are ""ramming through a provision that’ll make investigations like #NC09 less transparent.""",mostly-false,false,"['false', 'mostly-false', 'half-true', 'mostly-true', 'true', 'pants-fire']",6,True
Nikki Haley “opposed Trump’s border wall” and “Trump’s travel ban.”,false,mostly-false,"['mostly-false', 'false', 'mostly-true', 'true', 'half-true', 'pants-fire']",6,True
"Says Marsha Blackburn ""voted against the Reauthorization of the Violence Against Women Act, which attempts to protect women from domestic violence, stalking, and date rape.""",mostly-true,true,"['true', 'mostly-true', 'half-true', 'mostly-false', 'false']",5,True
"Says Sherrod Brown in 1978 ""voted for stricter removal standards (for voter registration) and then enforced them as Secretary of State.""",half-true,half-true,"['half-true', 'mostly-false', 'mostly-true', 'false', 'true', 'pants-fire']",6,True
"Wisconsin is ""the most -- if not Number 1, number 2 -- gerrymandered state in the country"" for state legislative boundaries.",mostly-true,mostly-true,"['mostly-true', 'true', 'half-true']",3,True
"Says Mandela Barnes supports killing “preemies” – “infants born prior to 37 weeks of pregnancy""",pants-fire,false,"['false', 'mostly-false', 'pants-fire', 'half-true', 'mostly-true']",5,True
"“Last year, Pennsylvania elected officials passed a whole new law that allows universal mail-in balloting, and did it irregardless of what the Pennsylvania Constitution said.”",mostly-false,false,"['false', 'mostly-false', 'half-true', 'mostly-true', 'pants-fire', 'true']",6,True
"Says of disclosing his $20,000 speech about Syria, ""there was no hiding. I released it.""",half-true,true,"['true', 'mostly-true', 'false', 'half-true', 'mostly-false', 'pants-fire']",6,True
"""Historically, our spring elections (including for state Supreme Court) have a smaller turnout associated with them.""",true,true,"['true', 'mostly-true', 'half-true', 'mostly-false', 'false']",5,True
"""Nothing in the Constitution explicitly guarantees our right to vote.""",true,true,"['true', 'mostly-true', 'false', 'half-true']",4,True
Second lady Usha Vance “will have her citizenship revoked if (President Donald) Trump signs his executive order banning birthright citizenship.”,false,false,"['false', 'mostly-false', 'true', 'mostly-true', 'half-true', 'pants-fire']",6,True
"""In three days last week, (Gov. Rick) Perry  flew to five cities at taxpayers’ expense, holding press conferences,  delivering $2,325,000 in checks.""",pants-fire,pants-fire,"['pants-fire', 'false', 'mostly-false', 'true', 'mostly-true', 'half-true']",6,True
"""There’s a hacking conference that’s held every year in Las Vegas, where I think a 14- or 15-year old-girl from Florida hacked into a replica of Florida’s election system in less than 15 minutes.""",mostly-false,mostly-false,"['mostly-false', 'false', 'half-true', 'mostly-true', 'pants-fire', 'true']",6,True
"Says the NC elections board received ""no calls"" after alerting Bladen County voters to possible absentee ballot fraud.",false,false,"['false', 'mostly-false', 'half-true', 'mostly-true', 'true']",5,True
"The probability of Biden winning in Wisconsin, Georgia, Michigan and Pennsylvania “given President Trump’s early lead ... is less than one in a quadrillion” in each state.",pants-fire,pants-fire,"['pants-fire', 'false', 'mostly-false']",3,True
"Election results in Clark County, Nevada, and Arizona are not yet known because those places “want more time to cheat.”",pants-fire,false,"['false', 'mostly-false', 'pants-fire', 'half-true']",4,True
Says Republican leaders “are working hard to cover up election corruption in Wisconsin.”,pants-fire,false,"['false', 'mostly-false', 'half-true', 'mostly-true', 'pants-fire', 'true']",6,True
"Says ""over 1 million signatures"" were submitted in attempt to recall Gov. Scott Walker.",false,false,"['false', 'mostly-false', 'mostly-true', 'true']",4,True
“Sam Brown publicly supported forcing massive cuts to Social Security and Medicare and was caught on tape saying he admires the plan to phase out Social Security and Medicare in five years.”,mostly-false,false,"['false', 'mostly-false', 'mostly-true', 'half-true', 'true', 'pants-fire']",6,True
"""Recently though, the media has reported on thousands of illegal voters here in the commonwealth.""",pants-fire,false,"['false', 'mostly-false', 'half-true', 'mostly-true', 'pants-fire', 'true']",6,True
"After being shot at a Milwaukee rally in 1912, former President Teddy Roosevelt “finished his speech and he kept fighting.”",mostly-true,false,"['false', 'half-true', 'mostly-true', 'mostly-false', 'true', 'pants-fire']",6,True
"""The real electoral map"" shows Donald Trump leading Joe Biden in electoral votes.",false,false,['false'],1,True
“The United States Postal Service recently changed the delivery method of absentee mail-in ballots” to hide “the evidence of absentee mail-in ballot fraud.”,false,false,"['false', 'mostly-false', 'pants-fire', 'half-true']",4,True
"""About half of the presidents have been governors; half of them, senators.""",false,false,"['false', 'half-true', 'mostly-false', 'mostly-true', 'true', 'pants-fire']",6,True
“It has just come out that Democrats in Washington and the Democrat Governor’s Office of North Carolina (Roy Cooper) were blocking people and money from coming into North Carolina.”,pants-fire,false,"['false', 'mostly-false', 'pants-fire', 'half-true', 'mostly-true']",5,True
Screenshots of documents show a former student of Democratic vice presidential candidate Tim Walz has lodged sexual abuse allegations against him.,pants-fire,false,"['false', 'mostly-false', 'pants-fire', 'mostly-true', 'true']",5,True
"Says U.S. Rep. Steve Southerland ""voted himself health care for life.""",pants-fire,false,"['false', 'mostly-false', 'half-true', 'mostly-true', 'true', 'pants-fire']",6,True
"“70% of Americans don't believe a word the mainstream media puts out,” so “everyone who thinks Biden won are only 30% of the population.”",false,false,"['false', 'mostly-false', 'pants-fire']",3,True
“We won Georgia easily. We won it by hundreds of thousands of votes.”,pants-fire,pants-fire,"['pants-fire', 'false']",2,True
The Las Vegas Sphere displayed a derogatory message directed at former President Donald Trump.,false,false,['false'],1,True
"Says the Austin City Council ""may give $4 million a year to subsidize a race track.""",mostly-true,mostly-true,"['mostly-true', 'half-true', 'mostly-false', 'true']",4,True
"Says former North Carolina elections board chairman ""tried to drag a cancer-stricken woman out of her hospital bed to testify at her son’s hearing on the first day of early voting over a bogus complaint that the board hadn’t even fully investigated.""",mostly-false,false,"['false', 'mostly-false', 'true', 'half-true', 'mostly-true', 'pants-fire']",6,True
"""The Koch network (is) spending more money (in a Senate race) in Ohio than anywhere else in the country.""",true,true,"['true', 'mostly-true', 'half-true', 'mostly-false', 'false']",5,True
"U.S. Sen. Jon Tester “voted to give taxpayer-funded health care to illegal immigrants.""",false,mostly-false,"['mostly-false', 'false', 'half-true', 'mostly-true', 'pants-fire']",5,True
"""FYI: the last statewide recount in WI was in 2016. After that recount, the vote margin changed by only 131 out of the 2.7 million votes cast.""",mostly-true,mostly-true,"['mostly-true', 'half-true', 'mostly-false']",3,True
"""I have voted every year in Wisconsin.""",false,false,"['false', 'mostly-false']",2,True
"""I was the first member of Congress to contribute to Donald Trump.""",true,false,"['false', 'mostly-false', 'true', 'half-true', 'mostly-true', 'pants-fire']",6,True
"In 2020, Trump “did much better” in the Wisconsin election than 2016, and “after the wrongdoing was found, people said, ‘Well, he actually did win.’”",pants-fire,false,"['false', 'pants-fire', 'mostly-false']",3,True
"Says that in the 1985 election former Gov. Tom Kean had ""the largest winning margin for a gubernatorial candidate in Jersey history.""",true,true,"['true', 'mostly-true', 'false', 'half-true', 'mostly-false']",5,True
"“They call” Jan. 6 “an insurrection,” but “were FBI agents used as political agitators?""",false,false,"['false', 'mostly-false', 'half-true', 'mostly-true', 'pants-fire', 'true']",6,True
Says Bill White is refusing to debate.,pants-fire,pants-fire,"['pants-fire', 'false']",2,True
"""Eric Holder is supportive of the NAACP's efforts to get the United Nations involved in our elections.""",pants-fire,false,"['false', 'mostly-false', 'pants-fire', 'half-true', 'mostly-true', 'true']",6,True
"North Carolina removed 747,000 voters from the voter rolls to try to “steal the election.”",false,false,"['false', 'mostly-false', 'half-true', 'mostly-true', 'pants-fire', 'true']",6,True
"Approving the constitutional amendment on Illinois' November ballot “would let the politicians immediately implement their plan to increase taxes on small businesses, farmers and large employers.”",half-true,mostly-false,"['mostly-false', 'mostly-true', 'false', 'half-true', 'true', 'pants-fire']",6,True
"""You've got a medical report on me that meets the same standard as Mitt Romney and Barack Obama.""",mostly-true,mostly-true,"['mostly-true', 'true', 'half-true', 'mostly-false', 'false', 'pants-fire']",6,True
Pallets of bricks were left all over the streets of Chicago before the Democratic National Convention.,false,false,"['false', 'pants-fire']",2,True
"Says James Clapper said ""that the FBI was spying on (Trump's) campaign.""",false,false,"['false', 'mostly-false', 'pants-fire', 'half-true']",4,True
Ballot drop boxes 'were only used for a pandemic.',false,false,"['false', 'mostly-false', 'half-true', 'pants-fire', 'mostly-true']",5,True
Rep. Tim Ryan “wanted to decriminalize fentanyl.”,pants-fire,false,"['false', 'mostly-false', 'true', 'pants-fire', 'mostly-true', 'half-true']",6,True
"Says if elected, he would be the first Mayor who lives east of 82nd.",true,true,"['true', 'mostly-true', 'false']",3,True
"""We are coming up on our 40th anniversary of electing a Republican to the United States Senate. 1972 was the last time New Jersey sent a Republican to the United States Senate.""",true,true,"['true', 'mostly-true', 'false', 'half-true', 'mostly-false']",5,True
"""There's been no conclusive or specific report to say"" Russia was trying to muddy the election.",false,false,"['false', 'mostly-false', 'half-true', 'mostly-true', 'pants-fire']",5,True
“It begins. Wisconsin Assembly votes to remove electoral votes from Biden.”,false,false,"['false', 'mostly-false', 'pants-fire']",3,True
“Wisconsin is one of the few states that doesn’t allow absentee ballots to be processed before Election Day.”,true,true,"['true', 'mostly-true', 'half-true', 'false', 'mostly-false']",5,True
"""If you look at most of the polls, this is a margin-of-error race on Fourth of July between Mitt Romney and the president.""",true,mostly-true,"['mostly-true', 'true', 'half-true', 'mostly-false']",4,True
"""Michelle Nunn’s own plan says she funded organizations linked to terrorists.""",pants-fire,pants-fire,['pants-fire'],1,True
The 2020 election is in “recount territory” and “I’ve seen elections change as a result of” recounts.,half-true,false,"['false', 'mostly-false', 'mostly-true', 'half-true', 'true', 'pants-fire']",6,True
"“If you make less than $100,000, Trump is about to raise your taxes. Currently, you’re taxed at 10% and then 12%. He would raise that to a flat rate of 15%.”",false,false,"['false', 'mostly-false', 'half-true', 'mostly-true', 'pants-fire', 'true']",6,True
Says Joe Biden killed a Kelly Loeffler campaign staffer.,false,false,"['false', 'pants-fire', 'mostly-false']",3,True
“The Supreme Court ruled today NO VOTING BY MAIL !!!”,false,false,"['false', 'mostly-false', 'pants-fire', 'half-true', 'mostly-true']",5,True
"Says the Club for Growth tries to defeat Republicans, and that its president called Nancy Pelosi ""the person I respect the most in Washington.""",mostly-false,false,"['false', 'half-true', 'mostly-true', 'true', 'mostly-false', 'pants-fire']",6,True
"""One year ago, (Republicans) would not fill seats vacated for people who went to the administration because of the cost of those elections. Now, they’re talking about changing the rules to add additional elections that will cost millions of dollars of taxpayer expense.""",mostly-true,mostly-true,"['mostly-true', 'true', 'half-true']",3,True
"“When Tim Walz was asked by his country to go to Iraq, do you know what he did? He dropped out of the Army and allowed his unit to go without him.”",mostly-false,mostly-false,"['mostly-false', 'false', 'half-true', 'mostly-true', 'pants-fire', 'true']",6,True
"""There has not been a Democratic woman in Congress from New Jersey in almost four decades.""",true,true,"['true', 'mostly-true', 'false', 'half-true', 'mostly-false']",5,True
David Perdue did not support the 2014 farm bill that U.S. Sens. Isakson and Chambliss did.,mostly-true,mostly-true,"['mostly-true', 'true', 'half-true', 'false', 'mostly-false']",5,True
"“ICE officials have been ordered NOT to wear their uniforms or badges when they vote today"" so as not to intimidate noncitizens.",mostly-false,mostly-false,"['mostly-false', 'half-true', 'false', 'mostly-true']",4,True
"""California is once again the sixth-largest economy in the world. If you add the GDP’s of Washington and Oregon, California would surpass the United Kingdom to become the fifth-largest economy in the world.""",mostly-true,mostly-true,"['mostly-true', 'half-true', 'true', 'mostly-false', 'false']",5,True
"""There aren’t enough ballots in question to change the outcome"" of the Harris vs. McCready race in NC Congressional District 9.",mostly-false,mostly-false,"['mostly-false', 'false', 'mostly-true', 'half-true', 'true', 'pants-fire']",6,True
“Boom! Georgia 1st to decertify election.”,pants-fire,false,"['false', 'mostly-false']",2,False
"After a 2022 law, “the vast majority of colleges in New York State do not have on-campus poll sites.”",mostly-true,mostly-false,"['mostly-false', 'false', 'half-true', 'mostly-true', 'true', 'pants-fire']",6,True
"""Ohio is not meeting its obligation to update voter registrations when voters change their address with the BMV.""",true,true,['true'],1,True
An “audit report” found that a voting system used in Michigan in the 2020 presidential election was designed to “create systemic fraud.”,false,false,"['false', 'mostly-false', 'pants-fire', 'half-true', 'mostly-true']",5,True
U.S. is “really not doing (COVID-19) reporting right” because deaths are being improperly counted and hospitals have an “incentive” to pad stats.,false,false,"['false', 'mostly-false', 'pants-fire', 'half-true', 'mostly-true']",5,True
"""We have dozens of districts that go for 150 to 200 miles, splitting counties, splintering cities and connecting areas that have very little in common.""",mostly-true,mostly-true,"['mostly-true', 'half-true', 'true']",3,True
"Says Kanye West got 40,000 votes in the presidential election in Kentucky.",false,false,"['false', 'pants-fire']",2,True
“A federal judge just ordered Wisconsin must have all ballots counted by 8 p.m. on the day of the election.”,pants-fire,false,"['false', 'pants-fire']",2,True
"""Absent from the news — Dominion lost their lawsuits against Rudy Giuliani and Sidney Powell.""",false,false,"['false', 'mostly-false', 'half-true', 'mostly-true', 'pants-fire']",5,True
No one showed up for this Joe Biden and Kamala Harris joint campaign event in Arizona.,mostly-false,mostly-false,"['mostly-false', 'false']",2,True
"""Twenty-six men named William have been elected to statewide office and only seven women have had the honor.""",mostly-true,false,"['false', 'mostly-false', 'true', 'mostly-true', 'half-true', 'pants-fire']",6,True
"""This is not the first time (the Russians) have been involved in our elections.""",half-true,half-true,"['half-true', 'mostly-true', 'mostly-false', 'false', 'true', 'pants-fire']",6,True
"""Two years ago, the longest serving leader of the California republic, Jerry Brown, boldly declared in China that California is a separate nation.""",pants-fire,false,"['false', 'mostly-false', 'pants-fire', 'half-true', 'true', 'mostly-true']",6,True
Says Ted Cruz distributed the ad showing a nude Melania Trump on a rug.,false,false,"['false', 'mostly-false', 'pants-fire', 'true', 'half-true', 'mostly-true']",6,True
"Says ""5 out of 10"" GOP candidates don’t live in North Carolina’s 9th Congressional District.",true,true,"['true', 'mostly-true', 'false', 'half-true', 'mostly-false']",5,True
"""I am going to be on the ballot in all 50 states. There is no other third-party candidate that’s going to come close to achieving that.""",mostly-true,mostly-false,"['mostly-false', 'false', 'mostly-true', 'half-true', 'true', 'pants-fire']",6,True
“Every election year has a disease” ... SARS in 2004; avian flu in 2008; swine flu in 2010; MERS in 2012; Ebola in 2014 and 2018; Zika in 2016 and the coronavirus in 2020.,false,false,"['false', 'mostly-false', 'pants-fire', 'mostly-true', 'half-true', 'true']",6,True
"“Gasoline prices are now $5, $6, $7 and even $8 a gallon.”",mostly-false,false,"['false', 'pants-fire', 'mostly-false', 'mostly-true']",4,True
"Detroit has “2,503 dead people registered” including “one voter born in 1823.”",false,false,"['false', 'mostly-false', 'half-true', 'mostly-true', 'true', 'pants-fire']",6,True
Says Wisconsin Republicans “pushed for long lines and polls open for one day only.”,mostly-false,mostly-false,"['mostly-false', 'mostly-true', 'half-true', 'false', 'true']",5,True
"Says Donald Trump's claim that ""there was insufficient evidence and therefore, in our country, a person is innocent"" directly contradicts Special Counsel Robert Mueller’s statement.",mostly-true,mostly-true,"['mostly-true', 'half-true', 'mostly-false', 'false', 'true', 'pants-fire']",6,True
"Says he has ""been able to attract independents and Democrats to win"" elections in Pennsylvania.",half-true,mostly-true,"['mostly-true', 'mostly-false', 'false', 'half-true', 'true', 'pants-fire']",6,True
"""Governor Christie also remains the only Governor since World War II, among both Democrats and Republicans, who failed to have his party win control of at least one legislative body over the course of his term.""",false,mostly-true,"['mostly-true', 'half-true', 'true', 'mostly-false', 'false', 'pants-fire']",6,True
"""We came out of the White House not only dead broke, but in debt.""",mostly-false,mostly-true,"['mostly-true', 'half-true', 'mostly-false', 'false', 'true', 'pants-fire']",6,True
"When McCain was questioned about hiring lobbyists to his campaign staff, ""his top lobbyist actually had the nerve to say, 'The American people won't care about this.' """,true,true,"['true', 'mostly-true']",2,True
"Virginia was named ""best managed state, best state for business and best state to raise a child"" while I was governor.",true,true,"['true', 'mostly-true', 'half-true', 'mostly-false']",4,True
"Says Chuck Schumer said ""it’s racist to only allow citizens to vote.""",false,false,"['false', 'mostly-false']",2,True
"""New York consistently ranks as one of the worst voting turnout states in the nation.""",true,true,"['true', 'mostly-true', 'half-true', 'mostly-false', 'false']",5,True
"""Since 1904, the Ohio victor has won the presidency 25 out of 27 times """,true,true,"['true', 'mostly-true']",2,True
"""Second Roy Moore Accuser Works For Michelle Obama Right NOW""",pants-fire,pants-fire,"['pants-fire', 'false']",2,True
"“Joe Biden’s margin of the less than 21,000 votes in Wisconsin was the tightest of any state in 2020.”",false,false,"['false', 'mostly-false', 'half-true', 'mostly-true', 'true']",5,True
Joe Biden’s tweet is proof that a helicopter crash that killed six Nigerian billionaires was planned by Biden.,pants-fire,false,"['false', 'pants-fire']",2,True
“Dead people also voted.”,pants-fire,false,"['false', 'pants-fire', 'mostly-false', 'half-true', 'mostly-true']",5,True
"“JD Vance actually sent a letter last year to the Department of Justice saying, ‘enforce the Comstock Act.’”",true,true,"['true', 'mostly-true', 'half-true', 'mostly-false', 'false']",5,True
"""Texas Governor Rick Perry’s voter ID law is a blatant effort to defeat Wendy Davis by disenfranchising tens of thousands of women voters.""",pants-fire,mostly-false,"['mostly-false', 'false', 'half-true', 'mostly-true', 'true', 'pants-fire']",6,True
"""If Buehler were elected, our vote-by-mail system would be at risk.""",pants-fire,pants-fire,['pants-fire'],1,True
"“Due to the arrangements that I've reached with (Mexico) President Obrador, the number of migrants coming … to our shared border unlawfully in recent months has dropped dramatically.”",mostly-true,mostly-true,"['mostly-true', 'half-true', 'mostly-false', 'true', 'false']",5,True
“PHIL MURPHY ONLY ALLOWING IN PERSON VOTING ON Election Day AT PRUDENTIAL CENTER IN NEWARK NJ - Calling it a #SuperPollingStation”,mostly-false,false,"['false', 'mostly-false', 'half-true', 'mostly-true', 'pants-fire', 'true']",6,True
"Russia’s interference in the 2016 election amounted to ""a couple of Facebook ads.""",pants-fire,false,"['false', 'mostly-false', 'pants-fire', 'half-true', 'mostly-true']",5,True
"""An April study found that about 70 percent of ads in this election cycle have been negative [due to SuperPACs], up from only 9 percent through the same period in 2008.""",mostly-true,true,"['true', 'mostly-true', 'half-true', 'mostly-false']",4,True
"Says Barack Obama is the ""first president to appoint 45 czars to replace elected officials in his office.""",false,false,"['false', 'pants-fire', 'mostly-false', 'half-true', 'true', 'mostly-true']",6,True
"""Scott Walker raises nearly 70 percent of his money from out of state""",mostly-false,mostly-false,"['mostly-false', 'half-true', 'false', 'mostly-true', 'true']",5,True
"Says Democrats ""blocked the Iowa poll"" and ""blocked the Iowa caucus.""",false,false,"['false', 'mostly-false', 'half-true', 'pants-fire']",4,True
Democrats “spent 4 years refusing to acknowledge Trump’s 2016 victory.”,false,false,"['false', 'mostly-false', 'pants-fire', 'half-true', 'mostly-true', 'true']",6,True
"""Well, I got 52% (of women voters). And I will tell you — in my opinion I might have won women. ... Hey, Hillary Clinton focused on women, and I did phenomenally well.""",mostly-false,false,"['false', 'mostly-false', 'half-true', 'mostly-true', 'pants-fire']",5,True
“The idea that there’s political violence or violence in America like this is just unheard of.”,false,false,"['false', 'mostly-false', 'mostly-true', 'half-true', 'true', 'pants-fire']",6,True
"""President Obama took more money from Wall Street in the 2008 campaign than anybody ever had.""",mostly-true,true,"['true', 'mostly-true', 'half-true', 'false', 'mostly-false']",5,True
“Nancy Pelosi stated today that if the Democrats get the House the first thing they’re going to do is impeach Donald Trump before he gets elected.”,false,false,['false'],1,True
“Fairfax County is not requiring the last four digits of Social Security Numbers on absentee ballots in this election.”,mostly-false,false,"['false', 'mostly-false', 'half-true', 'pants-fire']",4,True
"""I sponsored the new Buy American law""",false,false,"['false', 'mostly-false', 'half-true', 'mostly-true', 'true', 'pants-fire']",6,True
"Ten times, no Republican candidate for president had enough delegates to claim the nomination before the party’s convention, and seven of those times ""somebody who was not the leader of delegates was selected as the nominee of the party.""",mostly-true,mostly-true,"['mostly-true', 'true', 'half-true']",3,True
"Montana Democrats are ""suing to say, ‘You should be allowed to be registered to vote in two states.'”",mostly-false,false,"['false', 'mostly-false', 'half-true', 'mostly-true', 'pants-fire', 'true']",6,True
"In 2020, “only nine NATO allies were spending 2%” of their GDP on defense. “This year, 23 will spend at least 2%.”",mostly-true,true,"['true', 'mostly-true', 'half-true', 'mostly-false', 'false']",5,True
"Says Pennsylvania Republican nominee for Congress Fred Keller ""was a 50-50 shot"" before his landslide victory.",false,false,"['false', 'mostly-false', 'pants-fire', 'half-true', 'mostly-true']",5,True
"Rhode Island’s voter identification law was pushed by ""a black Democrat in the House, a black Democrat in the Senate. That's a fact.""",true,true,"['true', 'mostly-true', 'half-true', 'false', 'mostly-false']",5,True
"""Since the time of the Civil War, we've made a distinction in this country between the availability and the ability to access for people who were in the military, versus the rest of us, to vote.""",half-true,half-true,"['half-true', 'mostly-true']",2,True
“Major decision protecting voting rights in Pa. Ballots received after Election Day will not be counted.”,mostly-false,false,"['false', 'mostly-false', 'mostly-true', 'half-true', 'true', 'pants-fire']",6,True
"Fifty percent of the votes to Joe Biden in Michigan’s presidential primary election were mail-in, unverified, no signature, no ID.",false,false,['false'],1,True
"""This is the first time in Texas history -- and only the fourth time in United States history -- that two women are running for the top spots.""",half-true,mostly-true,"['mostly-true', 'true', 'half-true', 'false', 'mostly-false', 'pants-fire']",6,True
"Speaking about Hillary Clinton: “I didn’t say, ‘Lock her up.’ ”",pants-fire,false,"['false', 'pants-fire', 'mostly-false']",3,True
“Netflix stock tumbles almost 40%” after the company donated to Kamala Harris’ campaign.,false,false,"['false', 'pants-fire', 'mostly-false']",3,True
"""You know what Truman said, ‘You want a friend in Washington, buy a dog.’ """,false,false,"['false', 'mostly-false', 'half-true', 'pants-fire', 'true', 'mostly-true']",6,True
"""It’s possible that non-citizen voters were responsible for Obama’s 2008 victory in North Carolina.""",pants-fire,false,"['false', 'mostly-false', 'pants-fire', 'half-true']",4,True
"""Ruben Gallego wanted to defund the police. He actually co-sponsored legislation to defund the police.”",false,false,"['false', 'mostly-false', 'half-true', 'mostly-true', 'true', 'pants-fire']",6,True
“The New York City ballot form is a scam” because “mayoral candidates appear twice.”,false,false,"['false', 'mostly-false', 'half-true', 'mostly-true', 'pants-fire', 'true']",6,True
"""The State Election Board has issued nearly $275,000 in fines to violators of absentee ballot laws.""",true,true,"['true', 'mostly-true']",2,True
"""Antifa"" is to blame for storming the U.S. Capitol.",pants-fire,pants-fire,['pants-fire'],1,True
"Says Joe Biden said voting by mail is a way to “fundamentally change this country,” contradicting past statements by Barack Obama and Debbie Wasserman Schultz.",mostly-false,false,"['false', 'mostly-false', 'pants-fire', 'half-true', 'mostly-true']",5,True
Three thousand felons voted in Rhode Island in 2008.,true,true,"['true', 'false', 'mostly-true', 'half-true', 'mostly-false']",5,True
"“It now appears there actually was meaningful voter fraud in Fulton County, Georgia, last November. That is not a conspiracy theory. It's true.”",false,false,"['false', 'mostly-false', 'pants-fire', 'half-true', 'mostly-true', 'true']",6,True
Poll watchers in Philadelphia “were thrown out.”,false,false,"['false', 'mostly-false', 'half-true', 'mostly-true', 'true']",5,True
"“In a majority of states, new voters are able to obtain a rifle quicker than they’re able to cast their first ballot.”",mostly-true,mostly-true,"['mostly-true', 'true', 'half-true', 'mostly-false', 'false']",5,True
"""Democrats have forced a special election""",false,false,"['false', 'mostly-false', 'half-true', 'mostly-true', 'true', 'pants-fire']",6,True
Michigan has “more registered voters than eligible citizens. This creates a huge risk of election fraud.”,false,false,"['false', 'mostly-false', 'half-true', 'mostly-true', 'true', 'pants-fire']",6,True
"Public employees receive ""something like 25 percent of the paychecks that are issued in Rhode Island.""",false,false,"['false', 'mostly-false', 'half-true', 'mostly-true', 'true']",5,True
Says “Democratic Mayors in some of Wisconsin's largest cities closed voting locations in April to cause chaos.”,false,false,"['false', 'mostly-false', 'half-true', 'mostly-true', 'pants-fire', 'true']",6,True
"""In the 2000 Florida election, at least 1,100 eligible voters were wrongly dropped from voting rolls in an attempt to purge a list of felons. Many of those who were dropped showed up to vote and were told they could not.""",true,mostly-true,"['mostly-true', 'true', 'half-true', 'mostly-false']",4,True
Project 2025 would “cut” the Federal Emergency Management Agency and “kill federal-backed flood insurance.”,true,mostly-false,"['mostly-false', 'mostly-true', 'true', 'false', 'half-true', 'pants-fire']",6,True
"""We won. We won in a landslide. This was a landslide.”",pants-fire,false,"['false', 'pants-fire', 'mostly-false', 'half-true']",4,True
Graph shows Gretchen Whitmer stole the Michigan gubernatorial election.,pants-fire,pants-fire,"['pants-fire', 'false']",2,True
Vice President Kamala Harris has been “going so far as to call me Adolf Hitler.”,false,false,"['false', 'mostly-false', 'pants-fire', 'true', 'half-true', 'mostly-true']",6,True
"""We've won twice as many states. We've won a greater share of the popular vote.""",mostly-true,mostly-true,['mostly-true'],1,True
"""I unsealed my records"" at Marquette University.",false,false,['false'],1,True
"Says the U.S. Constitution ""doesn’t say anything about (redistricting) being fair. … it’s set up to be partisan.""",half-true,false,"['false', 'mostly-false', 'half-true', 'mostly-true', 'true', 'pants-fire']",6,True
"""Here in California, Donald Trump has given $12,000 to Jerry Brown, Gavin Newsom and Kamala Harris.""",mostly-true,true,"['true', 'mostly-true', 'false', 'half-true', 'mostly-false']",5,True
"Says Kansas U.S. House candidate Paul Davis was caught with a stripper during a drug raid and later voted to ""allow strip clubs to open near homes, churches, schools and daycare facilities.""",half-true,mostly-false,"['mostly-false', 'false', 'half-true', 'mostly-true', 'true', 'pants-fire']",6,True
''I have received more contributions than any other candidate in the race – Republican or Democrat.'',false,false,['false'],1,True
"""Everything I have said (on the campaign trail) has been factually accurate.""",false,false,['false'],1,True
"As a sitting Supreme Court justice, Daniel Kelly recused himself from a case, then “he pocketed $20,000 in contributions” from the plaintiff and family members and “unrecused himself so he could judge the case.”",half-true,half-true,"['half-true', 'mostly-false', 'mostly-true', 'false', 'true', 'pants-fire']",6,True
Arizona U.S. Senate candidate Kari Lake “was against” the child tax credit expansion “when the bill was on the floor.”,mostly-false,false,"['false', 'mostly-false', 'mostly-true', 'true', 'half-true']",5,True
"Goldman Sachs was Barack Obama's ""No. 1 private contributor.""",true,true,"['true', 'mostly-true']",2,True
"Ohio ""thought that our (voting) machines were so awful we got rid of them, but South Carolina bought them. This is true. South Carolina bought all the machines we got rid of because they were not effective.""",false,half-true,"['half-true', 'false', 'mostly-true', 'mostly-false', 'true', 'pants-fire']",6,True
"""Missouri registered 78,421 in just one week of February of this year. Out of that number, 23,253 were dead people!""",false,false,"['false', 'mostly-false', 'pants-fire', 'half-true', 'mostly-true']",5,True
"""I have tremendous support from women.""",false,false,"['false', 'mostly-false', 'pants-fire', 'half-true', 'mostly-true']",5,True
If you know someone's name and date of birth you can change their votes on Oregon’s voting website.,pants-fire,false,"['false', 'mostly-false', 'pants-fire', 'true', 'half-true']",5,True
"The COVID-19 vaccine for children is proving to be “not only ineffective, it’s also proving to be dangerous.”",false,false,"['false', 'mostly-false', 'pants-fire', 'mostly-true', 'half-true', 'true']",6,True
"“Durham’s documents show that Hillary Clinton hired people who hacked into Trump’s home and office computers” and “planted evidence, fabricated evidence connecting Trump to Russia.”",false,false,"['false', 'mostly-false', 'pants-fire']",3,True
Says opponent Eric Hovde “opposes efforts to negotiate with the big pharmaceutical companies to lower the price of prescription drugs.”,mostly-false,mostly-true,"['mostly-true', 'true', 'half-true', 'mostly-false', 'false']",5,True
"""In Texas, there are 668 Democratic Hispanic elected officials to the 60 in the Republican Party.""",mostly-true,false,"['false', 'mostly-true', 'true', 'mostly-false', 'half-true', 'pants-fire']",6,True
“CBS (News) is reporting cheating in the election.”,false,false,['false'],1,True
"""It was Dan Sullivan who wrote a bill to cut Alaskans out of those decisions"" about where they can hunt and fish.",half-true,mostly-false,"['mostly-false', 'false', 'half-true', 'mostly-true', 'true', 'pants-fire']",6,True
"During the spring 2020 election in Milwaukee, a reduction to only five polling locations “came days before the election and was done without proper notice to voters.”",mostly-true,mostly-true,"['mostly-true', 'true', 'half-true', 'mostly-false', 'false']",5,True
"""President Obama came to Ohio 12 times to try to defeat me and guess what? He didn't win.""",mostly-false,mostly-false,"['mostly-false', 'false', 'mostly-true', 'half-true', 'pants-fire']",5,True
Republican Senate candidate Sam Brown “wants to cut Medicaid and Social Security.”,half-true,mostly-false,"['mostly-false', 'half-true', 'mostly-true', 'false', 'true']",5,True
“Bob Casey and Kamala Harris want to BAN fracking.”,false,false,"['false', 'mostly-false', 'pants-fire', 'half-true', 'mostly-true', 'true']",6,True
Georgia ranks 49th for women serving in elected state and federal offices.,true,true,"['true', 'mostly-true']",2,True
The media called the 2016 election for Hillary Clinton.,false,false,"['false', 'mostly-false', 'true']",3,True
"At this point in 2012, ""Rick Perry was ahead at 29.9 percent, and we had seven more leads before it finally settled on Mitt Romney.""",mostly-true,true,"['true', 'mostly-true', 'half-true', 'false', 'mostly-false']",5,True
Jan. 6 defendants “are being held in prison without being charged.”,false,false,"['false', 'mostly-false', 'mostly-true', 'half-true', 'true', 'pants-fire']",6,True
Arizona ballots were shredded and burned in a chicken farm fire.,pants-fire,false,"['false', 'mostly-false', 'pants-fire', 'true', 'mostly-true', 'half-true']",6,True
"Says Democratic opponent Tammy Baldwin ""gave stimulus checks to illegals.""",false,false,"['false', 'mostly-false', 'pants-fire', 'half-true']",4,True
"“Judge Rules Over 200,000 Biden Votes Are Illegitimate In Wisconsin.”",false,false,"['false', 'pants-fire', 'mostly-false']",3,True
"Winning enough pledged delegates is ""not impossible.""",mostly-true,mostly-true,"['mostly-true', 'false', 'true', 'half-true', 'mostly-false', 'pants-fire']",6,True
California’s registered independent voters “will not be able to vote republican come 2020.”,false,false,"['false', 'mostly-false', 'half-true', 'pants-fire', 'mostly-true']",5,True
"California gubernatorial candidate Steve Poizner, a Republican, ""gave $10,000 to Al Gore's recount"" effort in 2000.",mostly-true,half-true,"['half-true', 'mostly-true', 'false', 'mostly-false', 'true', 'pants-fire']",6,True
Proof of citizenship isn't necessary before you register to vote in Florida.,mostly-false,false,"['false', 'true', 'mostly-false', 'mostly-true', 'half-true', 'pants-fire']",6,True
"""We know there are more Democrats in Georgia than Republicans. We know that for a fact.""",mostly-false,mostly-false,"['mostly-false', 'false', 'mostly-true', 'half-true', 'pants-fire', 'true']",6,True
"Says Rick Perry is ""the guy that tracked"" down Democratic legislators who fled Texas in 2003.",mostly-false,mostly-false,"['mostly-false', 'false', 'half-true', 'mostly-true']",4,True
Adam Laxalt is “anti-DACA” and “fought against the protections for DACA recipients when he was attorney general.”,half-true,true,"['true', 'mostly-true', 'half-true', 'mostly-false', 'false']",5,True
“The racial wealth gap is the smallest it’s been in 20 years.”,half-true,mostly-true,"['mostly-true', 'false', 'mostly-false', 'half-true', 'true', 'pants-fire']",6,True
“There were no guns whatsoever” at the Capitol riot on Jan. 6.,false,false,"['false', 'mostly-false', 'pants-fire']",3,True
Virginia’s educational level among whites is higher than Georgia’s.,true,true,"['true', 'mostly-true', 'half-true']",3,True
Says House candidate Jon Hoadley voted to defund the police,false,false,"['false', 'mostly-false', 'true', 'mostly-true', 'half-true', 'pants-fire']",6,True
Ballots are “mailed unconstitutionally” to every voter in Colorado.,false,false,"['false', 'mostly-false', 'mostly-true', 'true', 'half-true', 'pants-fire']",6,True
"""Social Security beneficiaries count on the post office to get their checks.”",half-true,mostly-false,"['mostly-false', 'false', 'half-true', 'mostly-true']",4,True
"""Breaking: four million Democrat votes just declared fraudulent.""",pants-fire,pants-fire,['pants-fire'],1,True
“Deadlines have passed in … Wisconsin” to replace President Joe Biden on the ballot.,false,false,"['false', 'mostly-false', 'half-true', 'mostly-true', 'true', 'pants-fire']",6,True
You can vote in-person absentee at your clerk’s office on Monday before Election Day.,false,false,"['false', 'mostly-false', 'half-true', 'mostly-true', 'pants-fire']",5,True
"Says recall organizers ""started their website last November"" and began work on their effort before he even took office.",false,false,"['false', 'mostly-false', 'pants-fire']",3,True
"Says 228 House Democrats voted ""to allow illegal aliens to have right to vote""",false,false,"['false', 'mostly-false', 'half-true', 'pants-fire', 'mostly-true']",5,True
"""In 2008 (Mandel) was re-elected to a second term, representing a district with a 2:1 Democrat to Republican voter ratio.""",mostly-true,mostly-true,"['mostly-true', 'true', 'half-true', 'mostly-false', 'false']",5,True
"Said Dianne Feinstein said ""there is no collusion"" between the Trump campaign and Russia.",false,false,"['false', 'mostly-false', 'half-true', 'mostly-true', 'pants-fire', 'true']",6,True
"Says Wisconsin GOP U.S. Senate candidate Eric Hovde ""brags about being in the 1%.""",mostly-true,half-true,"['half-true', 'mostly-false', 'false', 'mostly-true', 'true']",5,True
"Says Gov. Scott Walker has dropped Wisconsin ""to 45th in the nation in job growth prospects while campaigning for president out of state.""",mostly-false,mostly-false,"['mostly-false', 'mostly-true', 'half-true', 'false']",4,True
"McCain ""hired some of the biggest lobbyists in Washington to run his campaign.""",true,true,"['true', 'mostly-true']",2,True
"In Wisconsin, because a key provision of the Voting Rights Act was not in effect,  ""somewhere between 40,000 and 80,000 people were turned away from the polls (in 2016) because of the color of their skin"" and other factors.",pants-fire,pants-fire,"['pants-fire', 'false']",2,True
"""In Florida felonies can be things like buying weed, tampering with an odometer or disturbing a lobster trap. So basically spring break.""",mostly-true,true,"['true', 'mostly-true', 'half-true', 'mostly-false', 'false']",5,True
"Says Donald ""Trump got, you know, $1.8 billion worth of free media. I got, like, none.""",mostly-true,true,"['true', 'mostly-true', 'half-true', 'false', 'mostly-false', 'pants-fire']",6,True
"""The Libyan people have voted twice in free and fair elections for the kind of leadership they want.""",half-true,mostly-true,"['mostly-true', 'true', 'half-true', 'mostly-false', 'false']",5,True
"Says Marco Rubio said that ""felons should not have their voting rights restored"" but that ""convicted felons should be allowed to own guns after they have done their time.""",false,false,"['false', 'mostly-false', 'true', 'mostly-true', 'half-true', 'pants-fire']",6,True
Trump campaign rally gunman Thomas Matthew Crooks was “arrested more than once.”,false,false,['false'],1,True
"If Joe Biden steps down, Nancy Pelosi will become vice president.",false,false,"['false', 'mostly-false', 'half-true', 'pants-fire', 'mostly-true']",5,True
Elon Musk’s Starlink technology manipulated votes in the 2024 election to benefit Donald Trump.,pants-fire,false,"['false', 'mostly-false', 'pants-fire', 'true', 'half-true']",5,True
Says Georgia “has more day-of voting rights than Colorado.”,mostly-false,false,"['false', 'mostly-false', 'half-true', 'mostly-true', 'pants-fire', 'true']",6,True
"“9,871,525 is the number of registered voters in AZ according to FB. AZ population is 7,270,000.”",mostly-false,false,"['false', 'mostly-false', 'half-true']",3,True
"""Rick Scott got a majority of the Hispanic vote in Florida.""",mostly-false,mostly-false,"['mostly-false', 'false', 'half-true', 'mostly-true', 'pants-fire', 'true']",6,True
Minnesota Gov. Tim Walz “forced schools to stock tampons in boys’ bathrooms.”,mostly-false,false,"['false', 'mostly-false', 'pants-fire', 'half-true']",4,True
“Not one court has looked at the evidence and said that Biden legally won” the presidential election.,pants-fire,pants-fire,"['pants-fire', 'false']",2,True
"""You could lose your rights for life over something as simple as driving with a suspended license"" in Florida.",mostly-true,true,"['true', 'mostly-true', 'half-true', 'false', 'mostly-false']",5,True
Says U.S. Sen. Tammy Baldwin “has done absolutely nothing” about the fentanyl crisis.,false,mostly-false,"['mostly-false', 'false', 'half-true', 'mostly-true', 'pants-fire', 'true']",6,True
"""During three and a half years of campaigning,"" Lamar Smith ""has never once appeared at a moderated debate to defend his positions on the issues.""",true,false,"['false', 'true', 'mostly-true', 'mostly-false', 'half-true', 'pants-fire']",6,True
"""In an interview with the Chicago Tribune's Editorial Board, Comptroller Leslie Munger says that in order to balance a budget, the state would have to 'cut social services completely.'""",false,mostly-true,"['mostly-true', 'true', 'half-true', 'false', 'mostly-false', 'pants-fire']",6,True
"A precinct in the Allen West-Patrick Murphy recount has ""7 registered voters in Guatemalan community and the tally showed 900 voted!!!!!""",false,false,"['false', 'mostly-false', 'pants-fire', 'half-true', 'mostly-true', 'true']",6,True
“Hoadley called women ‘breeders.’... wanted to learn about crystal meth and wrote that his sexual partners were his victims. Hoadley even wrote about a four year-old wearing a thong.”,mostly-false,mostly-false,"['mostly-false', 'false', 'mostly-true', 'true', 'half-true', 'pants-fire']",6,True
"Despite opposition from national Club for Growth, Club for Growth Wisconsin ""has endorsed"" him for U.S. Senate.",pants-fire,pants-fire,"['pants-fire', 'false']",2,True
"""Any Floridian who has ever requested an absentee ballot henceforth gets one automatically.""",false,false,"['false', 'mostly-false', 'half-true', 'mostly-true', 'true']",5,True
“Biden’s DOJ was authorized to use DEADLY FORCE” in Mar-a-Lago raid. Biden was “locked and loaded” and “ready to take me out.”,pants-fire,false,"['false', 'pants-fire', 'mostly-false', 'half-true', 'mostly-true']",5,True
"""Iowa's Republican caucus stopped mattering years ago. It in no way determines the party nominee.""",half-true,mostly-true,"['mostly-true', 'true', 'half-true', 'mostly-false', 'false']",5,True
"""5.7 million -- that’s how many illegal immigrants might have voted"" in 2008.",false,false,"['false', 'pants-fire', 'mostly-false', 'half-true', 'mostly-true']",5,True
"""Wisconsin election officials to accept Mickey Mouse, Hitler signatures"" on recall petitions.",mostly-false,mostly-false,"['mostly-false', 'false', 'half-true', 'mostly-true']",4,True
"""We have my opponent Sam Olens to thank for [the Arizona immigration ruling] since he was on the team that got Clinton elected.""",pants-fire,false,"['false', 'half-true', 'mostly-false', 'mostly-true', 'true', 'pants-fire']",6,True
"""Right now the Tea Party polls higher than the Republicans and the Democrats.""",false,false,"['false', 'pants-fire']",2,True
Says a lack of transparency for small-dollar donations is the “same thing” as dark money,mostly-false,mostly-false,"['mostly-false', 'false', 'half-true', 'mostly-true', 'pants-fire', 'true']",6,True
"""Voter FRAUD exposed in Georgia. Over 2600 votes 'FOUND.'""",mostly-false,mostly-false,"['mostly-false', 'false', 'mostly-true', 'half-true']",4,True
"Between 27,000 and 200,000 Wisconsinites were ""turned away"" from the polls in 2016 due to lack of proper identification.",pants-fire,false,"['false', 'mostly-false', 'pants-fire', 'half-true', 'mostly-true']",5,True
"Says Joe Biden said, “Why am I doing this? Why? What is my real aim?”",false,false,"['false', 'mostly-false', 'half-true', 'pants-fire', 'mostly-true', 'true']",6,True
"""The entire Database of Maricopa County in Arizona has been DELETED!""",false,false,"['false', 'mostly-false', 'pants-fire']",3,True
"""There are less than two weeks until the deadline to register to vote in Wisconsin.""",mostly-false,mostly-true,"['mostly-true', 'true', 'false', 'half-true', 'mostly-false']",5,True
Suggests that “since mostly Democrats vote early” then that represents “made-up ballots or dead people voting.”,false,false,"['false', 'mostly-false', 'pants-fire']",3,True
"""Dallas County Texas (tells) election workers to (illegally) lie on registration & use a church address to register homeless people to vote!”",pants-fire,false,"['false', 'mostly-false', 'pants-fire', 'mostly-true', 'half-true', 'true']",6,True
"“There is no chain of custody” for ballots placed in Box No. 3 at Maricopa, Arizona, polling sites.",false,false,"['false', 'mostly-false', 'true', 'mostly-true', 'half-true', 'pants-fire']",6,True
Dwayne “The Rock” Johnson was booed in Las Vegas because he’s a Joe Biden supporter.,false,false,"['false', 'mostly-false', 'pants-fire', 'mostly-true']",4,True
"“Ella Emhoff, Kamala’s step-daughter, suffered a mental breakdown … due to the grief from Kamala’s humiliating loss, and was admitted to an in-patient mental health crisis center in NY.”",false,false,"['false', 'mostly-false', 'pants-fire']",3,True
"As of July 23, 2024, “Trump has announced he won’t debate Kamala Harris.”",false,false,"['false', 'true', 'mostly-false']",3,True
"""The 2008 election was the first election in which voters of color comprised over 25 percent of the electorate, and that number is going up.""",true,true,"['true', 'mostly-true', 'half-true', 'mostly-false']",4,True
"In 2012, the state ""put together a list of over 100,000 people that they thought were ineligible to vote. Came out there were less than 10.""",mostly-false,mostly-true,"['mostly-true', 'half-true', 'mostly-false', 'false', 'true', 'pants-fire']",6,True
"The Broward Republican Executive Committee ""had the liberal League of Women Voters Guide removed from the Broward Supervisor of Election's website.""",half-true,true,"['true', 'false', 'mostly-true', 'mostly-false', 'half-true', 'pants-fire']",6,True
"Democratic candidate Jeff Greene ""ran for Congress as a California Republican.""",true,true,"['true', 'mostly-true']",2,True
"""When we go to vote, they ask for driver's license and verify that you are a voter and a citizen in the state of Texas.""",half-true,half-true,"['half-true', 'mostly-true', 'mostly-false']",3,True
"“A STOLEN ELECTION: State totals minus illegal ballot trafficking numbers give President Trump decisive victories in AZ, GA, MI, PA, and WI.”",false,false,"['false', 'pants-fire', 'mostly-false', 'half-true']",4,True
Nevada database glitch showing voters cast ballots when they didn’t is evidence that voting by mail is “the largest source of potential voter fraud.”,false,false,"['false', 'mostly-false', 'pants-fire', 'half-true', 'mostly-true']",5,True
"On COVID-19, Donald Trump said that “maybe if you drank bleach you may be okay.”",mostly-false,false,"['false', 'mostly-false', 'pants-fire', 'true', 'half-true', 'mostly-true']",6,True
"There is ""substantial evidence of voter fraud.""",false,false,"['false', 'pants-fire', 'mostly-false', 'half-true']",4,True
"Says there were “600,000 plus unlawful votes in Philly and Pitt.”",pants-fire,false,"['false', 'mostly-false', 'pants-fire']",3,True
Only Democratic cities take “‘days’ to count their votes” while “the rest of the country manages to get it done on election night.”,mostly-false,false,"['false', 'mostly-false', 'pants-fire', 'half-true', 'mostly-true']",5,True
Says it was “unquestionably” not within his “legal authority” to postpone Illinois’ primary election by changing the date or shifting to vote-by-mail.,mostly-true,mostly-true,"['mostly-true', 'true', 'half-true', 'false', 'mostly-false']",5,True
Fewer Democrats were on the Georgia general election ballot in 2012 than in more than 100 years.,half-true,half-true,"['half-true', 'mostly-true', 'mostly-false']",3,True
"“15 days left to vote BUT if you are voting by mail, you need to vote TODAY. USPS says it needs a 14 day roundtrip to be counted on election day.”",half-true,false,"['false', 'mostly-false', 'half-true', 'mostly-true', 'pants-fire']",5,True
"""#Broward elections department has a history of violating the law.""",mostly-true,mostly-true,"['mostly-true', 'half-true', 'true', 'mostly-false', 'false']",5,True
Joe Biden resigned and “Trump is the new president.”,pants-fire,pants-fire,['pants-fire'],1,True
"Says Will Hurd ""cosponsored a bill that would militarize our border and allow 200 miles of new roads to be built in the Big Bend region -- cutting up our beloved park.""",half-true,mostly-true,"['mostly-true', 'mostly-false', 'half-true', 'true', 'false', 'pants-fire']",6,True
"Says people in Africa ""literally walk two and three hundred miles"" in order to vote.",pants-fire,pants-fire,"['pants-fire', 'false']",2,True
"“Statistics show that more people of color don't have cars than not. So how do (drive-thru voting centers) help those folks?""",false,false,"['false', 'mostly-false', 'pants-fire', 'half-true', 'mostly-true']",5,True
Glenn Youngkin is “the first sitting Governor in the modern era to have their party have less legislative seats than when they were elected.”,false,false,"['false', 'mostly-false', 'true', 'half-true', 'pants-fire', 'mostly-true']",6,True
A Paul Ryan-Scott Walker (or Scott Walker-Paul Ryan) ticket for the White House in 2016 would be unconstitutional because both men live in Wisconsin.,false,false,"['false', 'pants-fire', 'mostly-false', 'true']",4,True
"Scott Walker was elected governor on a promise not to take campaign contributions ""from the date of his inauguration until the signing of the state budget,"" but broke it by taking nearly $5.6 million.",false,false,"['false', 'true', 'mostly-false', 'mostly-true', 'half-true', 'pants-fire']",6,True
"""For the hour after the (Jan. 14) debate, 'Debra Medina' was the No. 1 search on Google and for the remainder of that night No. 3.""",false,false,"['false', 'mostly-false', 'true', 'mostly-true']",4,True
"Says the U.S. House’s COVID-19 relief bill, advanced by Democrats, “strips states of their right to administer elections.”",false,false,"['false', 'mostly-false', 'half-true', 'true', 'mostly-true']",5,True
"Says conservative website Judicial Watch published a story about “elite” units of the National Guard recounting official ballots that were printed with “an invisible, unbreakable code watermark and registered on a Quantum Blockchain System.”",pants-fire,pants-fire,"['pants-fire', 'false', 'mostly-false']",3,True
"""The most recent Associated Press poll has Nader-Gonzalez at 6 percent, without any national coverage, against McCain and Obama.""",mostly-true,mostly-true,"['mostly-true', 'half-true', 'mostly-false', 'false']",4,True
"""Mike Pence endorsed Kamala Harris.”",false,false,"['false', 'mostly-false']",2,True
President Joe Biden’s immigration policy was “a giant voter importation scam.”,pants-fire,false,"['false', 'pants-fire', 'mostly-false', 'half-true', 'mostly-true']",5,True
"Regarding Trump’s January 2021 telephone call with Georgia election officials, “nobody found anything wrong with that perfect call until a book promotion tour many months later.”",pants-fire,false,"['false', 'mostly-false', 'pants-fire', 'half-true']",4,True
Newt Gingrich has been a proponent of selecting a president by popular vote instead of the Electoral College.,true,true,"['true', 'mostly-true', 'half-true', 'mostly-false', 'false']",5,True
“More fraud in New Jersey’s election uncovered – voting machines would not allow citizens to vote for Republican governor candidate.”,mostly-false,false,"['false', 'mostly-false', 'half-true', 'mostly-true', 'true', 'pants-fire']",6,True
Pennsylvania drop boxes were “pre-loaded” with ballots.,half-true,false,"['false', 'mostly-false', 'half-true', 'mostly-true', 'true', 'pants-fire']",6,True
"""Candidate Slotkin had presented herself as a moderate and as someone who’d be independent-minded, but her time in office was making it increasingly clear that no, she was very partisan, voting 96% of the time with Speaker Pelosi.""",mostly-false,true,"['true', 'mostly-true', 'half-true', 'mostly-false', 'false']",5,True
"""Records suggest more than 100 batches of absentee ballots in Fulton County could be missing.""",false,false,"['false', 'mostly-false', 'mostly-true', 'half-true', 'pants-fire']",5,True
"The Republican National Convention ""is a Super Bowl times four.""",false,false,"['false', 'pants-fire']",2,True
Document shows “Stormy Daniels exonerated Trump herself!”,false,false,"['false', 'mostly-false', 'pants-fire', 'half-true']",4,True
Says former President Donald Trump did not lose the 2020 election.,pants-fire,false,"['false', 'mostly-false', 'pants-fire', 'half-true', 'true']",5,True
"Says Scott Walker ""cut back early voting and signed legislation that would make it harder for college students to vote.""",mostly-true,mostly-true,"['mostly-true', 'half-true', 'mostly-false']",3,True
A 1993 example of voter fraud in Philadelphia is “exactly what happened to us” in the 2020 election.,pants-fire,false,"['false', 'mostly-false', 'half-true', 'pants-fire', 'mostly-true', 'true']",6,True
"Fired Milwaukee election leader “printed 64,000 ballots in a back room at City Hall in Milwaukee and had random employees fill them out,” giving Joe Biden the lead.",false,false,"['false', 'mostly-false', 'pants-fire', 'half-true', 'mostly-true']",5,True
"""This guy didn't even support Ronald Reagan.""",true,true,"['true', 'mostly-true', 'false', 'half-true', 'mostly-false']",5,True
"California’s Proposition 63 would ""CRIMINALIZE the sharing of ammunition between friends who may be hunting or shooting together.""",mostly-false,false,"['false', 'mostly-false', 'half-true', 'mostly-true', 'true', 'pants-fire']",6,True
Kamala Harris voted in favor of passing a law in 2022 to tax tips.,false,false,"['false', 'mostly-false', 'half-true', 'mostly-true', 'pants-fire']",5,True
Says Florida Agriculture Commissioner Nikki Fried “spent millions of dollars to put her face on every gas pump across this state.”,mostly-false,false,"['false', 'mostly-false', 'mostly-true', 'half-true', 'true', 'pants-fire']",6,True
"Wendy Davis is ""fighting to bring ... Bloomberg-style gun control to Texas.""",half-true,mostly-false,"['mostly-false', 'mostly-true', 'half-true', 'false', 'true', 'pants-fire']",6,True
"Wisconsin has only one county, Dane, ""that's hand counting the votes"" in the 2016 presidential recount.",pants-fire,pants-fire,"['pants-fire', 'false']",2,True
"In the New York 9th District, ""there is a large number of people who went to the polls tonight who didn't support the president to begin with and don't support Democrats -- and it's nothing more than that.""",mostly-false,mostly-false,"['mostly-false', 'half-true', 'mostly-true', 'false', 'true', 'pants-fire']",6,True
"There was ""serious voter fraud"" in New Hampshire.",pants-fire,pants-fire,"['pants-fire', 'false']",2,True
"Says he got ""support all over Raleigh""",half-true,false,"['false', 'mostly-false', 'mostly-true', 'half-true', 'true', 'pants-fire']",6,True
"In Sauk City, Wisconsin, ""the ID office"" that provides identification for voting ""is only open on the fifth Wednesday of every month"" -- a total of four days in 2016.",mostly-true,mostly-true,"['mostly-true', 'half-true', 'mostly-false']",3,True
"Summer “protesters outside the White House were met with tear gas, rubber bullets, a full militarized response. While ... rioters were able to breach the Capitol.”",true,true,"['true', 'mostly-true', 'half-true', 'mostly-false', 'false']",5,True
"“Just last week, Ruben Gallego voted to let the millions of people who poured into our country illegally cast a ballot in this upcoming election.”",false,false,"['false', 'mostly-false', 'pants-fire', 'half-true', 'mostly-true']",5,True
Wagon arriving at Detroit counting center after deadline “may have been a ballot box.”,false,false,"['false', 'mostly-false', 'half-true', 'mostly-true', 'true', 'pants-fire']",6,True
"In New York, you need to show identification to buy whipped cream, but not to vote.",mostly-false,false,"['false', 'mostly-false', 'half-true', 'mostly-true', 'true', 'pants-fire']",6,True
"Election officials are “sending 80 million ballots all over the country. Eighty million ballots, non-requested. I call them ‘unsolicited ballots.’”",mostly-false,false,"['false', 'mostly-false', 'pants-fire', 'half-true']",4,True
"According to the Census Bureau, “5 million more people voted than were registered to vote” in the 2020 election.",pants-fire,false,"['false', 'mostly-false', 'pants-fire', 'mostly-true']",4,True
"""We got the highest vote count in the history of the Republican Party.""",mostly-true,mostly-true,"['mostly-true', 'half-true', 'mostly-false']",3,True
"“Every single county in America, every single county, Kamala Harris did worse than Joe Biden did.”",false,false,"['false', 'mostly-false', 'half-true', 'pants-fire', 'mostly-true']",5,True
Says someone tried to suppress votes by disguising trash cans as ballot boxes.,false,false,"['false', 'mostly-false', 'half-true', 'mostly-true', 'true']",5,True
"""The Pentagon reportedly failed to send absentee ballots to active military service members before the election.”",false,false,"['false', 'mostly-false', 'half-true', 'mostly-true', 'true', 'pants-fire']",6,True
"""Right now, in every major poll, national poll and statewide poll done in the last month, six weeks, we are defeating Trump, often by big numbers and always at a larger margin than Secretary Clinton is.""",mostly-true,mostly-true,"['mostly-true', 'true', 'half-true', 'mostly-false', 'false']",5,True
"Voter fraud provided ""a portion"" of the margin of victory of Democrat John Lehman over Republican Sen. Van Wanggaard in a state Senate recall election.",false,false,"['false', 'pants-fire', 'mostly-false']",3,True
"Superdelegates ""have never been a determining factor in who our nominee is since they've been in place since 1984.""",mostly-true,false,"['false', 'mostly-false', 'half-true', 'pants-fire', 'mostly-true', 'true']",6,True
“Joe Biden is no longer the President-elect according to RealClearPolitics.”,false,false,['false'],1,True
"Says that politicians who approved collective bargaining restrictions for public employees ""exploited a loophole exempting themselves from Senate Bill 5.""",mostly-false,mostly-false,"['mostly-false', 'half-true', 'false', 'mostly-true']",4,True
“Breaking: Trump names Boebert secretary of education”,false,false,"['false', 'pants-fire']",2,True
"Says Sen. Bob Casey, D-Pa., “is trying to change the outcome of the election by counting NON-CITIZEN votes.”",false,false,"['false', 'pants-fire', 'mostly-false', 'mostly-true', 'half-true']",5,True
"Kamala Harris said, “Today we celebrate the Olympics. Because Olympians are Olympic.”",pants-fire,pants-fire,"['pants-fire', 'false']",2,True
Split election results show the Arizona governor’s race was rigged.,pants-fire,pants-fire,"['pants-fire', 'false']",2,True
"""Mark Harris worked to stop Trump from being president.""",mostly-false,half-true,"['half-true', 'mostly-false', 'mostly-true', 'false', 'true', 'pants-fire']",6,True
"Says his elections proposal would allow ""a potential of 168 hours (of early voting), which I think is the most we’ve ever had.""",true,true,"['true', 'mostly-true', 'half-true', 'false', 'mostly-false']",5,True
"Says Clackamas County Measure 3-401 ""will hurt our county, cripple economic growth, and increase our taxes with excessive special elections.""",false,false,"['false', 'mostly-false', 'pants-fire']",3,True
"Says Rick Santorum ""voted to let convicted felons vote.""",half-true,mostly-true,"['mostly-true', 'half-true', 'true', 'mostly-false', 'false', 'pants-fire']",6,True
"In 20 years ""there will be enough Muslim voters in the U.S. to elect the president.""",false,false,"['false', 'mostly-false', 'pants-fire', 'half-true', 'mostly-true']",5,True
"""The person in charge of the Hillary investigation, Andrew McCabe, got $700,000 from (Hillary Clinton) for wife!""",mostly-false,false,"['false', 'pants-fire', 'mostly-false', 'half-true']",4,True
"""In her first appellate argument, Ms. Kagan told the court that the speech and press guarantees in the First Amendment would allow the federal government to ban the publication of pamphlets discussing political issues before an election.""",half-true,half-true,"['half-true', 'mostly-true', 'mostly-false', 'false', 'true']",5,True
Minnesota Gov. Tim Walz signed a bill “redefining ‘sexual orientation’ to include pedophiles.”,false,false,"['false', 'pants-fire', 'mostly-false']",3,True
"Kamala Harris ""proclaimed she would not accept the outcome of the election and has a team of lawyers ready to overturn them""",false,false,"['false', 'mostly-false']",2,True
"The Department of Homeland Security’s database of legal immigrants has ""never"" been ""bounced against a state’s voter rolls.""",mostly-false,false,"['false', 'mostly-false', 'pants-fire', 'mostly-true', 'half-true', 'true']",6,True
Adam Laxalt took “campaign cash” from drug companies “and used his office to block local attempts at holding one of the worst offenders accountable.”,mostly-false,mostly-false,"['mostly-false', 'mostly-true', 'half-true', 'false', 'true']",5,True
"""I earned more votes in the state of Wisconsin than Donald Trump did in New York.""",true,true,"['true', 'mostly-true', 'half-true', 'false']",4,True
"""Kansas has not elected somebody other than a Republican (to the U.S. Senate) since before 'The Wizard of Oz' hit the movie theaters.""",true,false,"['false', 'true', 'half-true', 'mostly-false', 'mostly-true', 'pants-fire']",6,True
"Says Rep. Maxine Waters, D-Calif., only needs about 40,000 to 50,000 votes to win election to Congress compared with the 120,000 votes King needs, because Waters has a higher immigrant population.",half-true,mostly-false,"['mostly-false', 'half-true', 'false', 'mostly-true', 'true', 'pants-fire']",6,True
"Says under U.S. Rep. Alexandria Ocasio-Cortez’s Green New Deal proposal, “Cows are out.”",false,false,"['false', 'mostly-false', 'pants-fire', 'half-true', 'true', 'mostly-true']",6,True
"On Nov. 7, 2023, Pennsylvania voting machines were “flipping votes,” which is evidence of “election fraud.”",false,false,"['false', 'mostly-false', 'pants-fire']",3,True
"Ohio Republicans made significant gains during [Chris McNulty’s] time at the ORP, including the extremely successful re-election of President Bush in Ohio.""",mostly-true,mostly-true,"['mostly-true', 'half-true', 'mostly-false', 'true']",4,True
"""Derrick Van Orden is one of the only members of Congress who participated in the deadly January 6th insurrection. He now serves in the building he tried to burn down.""",mostly-false,false,"['false', 'mostly-true', 'mostly-false', 'true', 'half-true', 'pants-fire']",6,True
People in Germany saw this electoral map that shows Trump beating Biden with 410 electoral votes before Dominion’s servers were seized.,pants-fire,false,"['false', 'pants-fire', 'mostly-false']",3,True
"""We need an ID"" to ""buy a beer.""",mostly-false,mostly-false,"['mostly-false', 'false', 'half-true', 'mostly-true']",4,True
Says his Texas election fraud investigations have resulted in 50 convictions.,half-true,false,"['false', 'mostly-false', 'mostly-true', 'half-true', 'true', 'pants-fire']",6,True
"Says Dean Heller ""has voted for a GOP bill that funded efforts to revive Yucca Mountain.""",mostly-false,true,"['true', 'mostly-true', 'half-true', 'false', 'mostly-false']",5,True
"Says that in Texas, Republican nominees ""get 40 percent of the Latino vote on average.""",mostly-true,mostly-true,"['mostly-true', 'true', 'half-true', 'mostly-false', 'false']",5,True
“Leftists” sent “Proud Boys” emails threatening Democratic voters.,false,false,"['false', 'mostly-false', 'half-true', 'pants-fire', 'mostly-true', 'true']",6,True
"Vice President Kamala Harris commented on President Joe Biden’s “mental fitness,” saying, “he’s not stable” and “we should all be concerned.”",pants-fire,pants-fire,"['pants-fire', 'false']",2,True
"""Tens of thousands of fraudulent Clinton votes found in Ohio warehouse.""",pants-fire,false,"['false', 'pants-fire', 'mostly-false']",3,True
Tim Walz “changed the Minnesota flag so it could resemble the Somalian flag.”,false,false,"['false', 'mostly-false', 'pants-fire', 'half-true']",4,True
“Ballots are not supposed to have fold lines or creases in the candidates name area” or it could invalidate your vote.,false,false,"['false', 'true', 'mostly-false']",3,True
"""[Hillary Clinton]'s not trusted -- virtually at all.""",mostly-false,mostly-false,"['mostly-false', 'false', 'mostly-true', 'half-true', 'true', 'pants-fire']",6,True
"""Ballot dumps"" in Pennsylvania, California, North Carolina, Alaska and Wisconsin show election officials are improperly “flipping"" down-ballot seats for Democrats.",pants-fire,false,"['false', 'mostly-false', 'pants-fire', 'half-true', 'mostly-true', 'true']",6,True
"""The candidates controlled by Madigan, all of them have said, ‘The answer to our problems is a massive income tax hike.’ """,mostly-false,true,"['true', 'mostly-true', 'false', 'half-true', 'mostly-false', 'pants-fire']",6,True
Ninety percent of the people in Arkansas still love Bill Clinton.,half-true,half-true,"['half-true', 'mostly-true', 'mostly-false']",3,True
"Social media posts claim the U.S. Postal Service “says you should give mail in ballots at least 14 days roundtrip. So, if you plan to vote by mail, election day isn’t November 3. It’s October 20th.”",half-true,half-true,"['half-true', 'mostly-false', 'mostly-true']",3,True
“India has nearly 1.4 billion citizens. Nearly 800 million of them live in extreme poverty — less than $1.90 per day. Yet EVERY singly (sic) Indian citizen is required to have a valid form of ID to vote in national elections.”,half-true,false,"['false', 'mostly-false', 'mostly-true', 'half-true', 'true', 'pants-fire']",6,True
"""A witness will testify against Hillary Clinton.""",false,false,"['false', 'mostly-false', 'half-true', 'mostly-true', 'pants-fire', 'true']",6,True
Proposed changes to the Electoral Count act show Pence had the power and “could have overturned the election!”,false,false,"['false', 'mostly-false', 'pants-fire', 'half-true', 'mostly-true']",5,True
"“California voters to be able to download ballots at home for recall election, sparking security concerns.”",mostly-false,false,"['false', 'mostly-false', 'mostly-true', 'half-true', 'true', 'pants-fire']",6,True
A quorum-breaking Texas Democrat said in 2007 that mail-in ballot fraud “is the greatest source of voter fraud in this state.”,true,true,"['true', 'false', 'mostly-true', 'mostly-false', 'half-true', 'pants-fire']",6,True
"""Many just call him 'Lyin' Ted.' ... His TV ad about John Kasich? Lie! Stations had to pull it off the air.""",false,false,"['false', 'mostly-false', 'pants-fire', 'true', 'half-true']",5,True
California law lets you “rob a store as long as it’s not more than $950” and “not get charged.” Kamala Harris “did that.”,false,false,"['false', 'mostly-false', 'pants-fire', 'half-true', 'mostly-true', 'true']",6,True
"Marco Rubio controlled funds that ""out of the $600,000 that were raised,  only $4,000 went to candidates to try to improve their chances to be  elected to office.""",half-true,half-true,"['half-true', 'mostly-true', 'mostly-false']",3,True
"“Milwaukee Elections Chief Lost Elections Flash Drive in Morning Hours of November 4th When Democrats Miraculously Found 120,000 Votes for Joe Biden.”",pants-fire,false,"['false', 'mostly-false', 'pants-fire', 'half-true', 'true']",5,True
"""Let’s say (Republicans) take away half of our delegates. They’re worth more than Iowa’s, New Hampshire’s and almost South Carolina’s combined.""",half-true,half-true,"['half-true', 'mostly-true', 'mostly-false', 'false', 'true']",5,True
"Fox News ""said the New Black Panther Party decided the election for Barack Obama.""",false,false,"['false', 'mostly-false']",2,True
"The primary election results show Democrats are strong in Kentucky  because the Democratic candidates ""both got more votes than Rand Paul  did.""",half-true,half-true,"['half-true', 'mostly-false', 'mostly-true', 'false']",4,True
"Says Donald Trump ""won more counties than any candidate on our side since Ronald Reagan.""",mostly-true,true,"['true', 'mostly-true', 'half-true', 'mostly-false', 'false', 'pants-fire']",6,True
"Kamala Harris’ X post said the Olympics’ opening ceremony “made France look great! America, this is what we need to strive towards!”",false,false,"['false', 'mostly-false', 'pants-fire', 'mostly-true', 'true']",5,True
"If Missouri Amendment 1 passes, the auditor's office ""could take one district, St. Louis here, and merge it with a district in southwest Missouri, a Republican district, and they don't even have to touch.""",mostly-false,false,"['false', 'mostly-false', 'half-true', 'mostly-true', 'pants-fire', 'true']",6,True
“No other country” is having a “second wave” of COVID-19 “because they are not trying to unseat a President in November.”,false,false,"['false', 'mostly-false', 'pants-fire', 'half-true', 'mostly-true']",5,True
"Says President Barack Obama ""has lost more members of the House and more members of the Senate than any president ever has lost"" in modern times.",mostly-true,mostly-true,"['mostly-true', 'true', 'half-true', 'false', 'mostly-false', 'pants-fire']",6,True
Vice President Kamala Harris’ mother “worked the MK Ultra program” and was “involved in secret mind-control experiments.”,pants-fire,pants-fire,"['pants-fire', 'false']",2,True
Craigslist ad shows “every single person” at Kamala Harris’ Arizona rally was paid.,false,false,"['false', 'mostly-false']",2,True
"""I'm the only front-line prosecutor in this race that's actually used the resources of the Wisconsin Crime Lab in the prosecution of cases.""",mostly-true,mostly-false,"['mostly-false', 'false', 'half-true', 'mostly-true', 'pants-fire']",5,True
"""I’m the only candidate for governor who’s rolled out any policies so far.""",false,false,"['false', 'mostly-false', 'mostly-true', 'half-true', 'true', 'pants-fire']",6,True
"""I released way more (tax) information than Bruce Rauner has.""",false,false,"['false', 'mostly-false', 'mostly-true', 'half-true', 'true', 'pants-fire']",6,True
"""The Republican who was just elected governor of the great state of Florida paid his campaign staffers, not with money, but with American Express gift cards.""",half-true,half-true,"['half-true', 'mostly-true', 'mostly-false', 'false']",4,True
"A proposed constitutional amendment ""will pave the way for making abortion illegal under North Carolina’s constitution.""",pants-fire,true,"['true', 'false', 'mostly-true', 'mostly-false', 'half-true', 'pants-fire']",6,True
"A member of the redistricting commission proposed in Issue 2 ""could accept a bribe from somebody"" and ""couldn’t be removed from this commission.""",false,false,"['false', 'pants-fire', 'mostly-false']",3,True
Says King Street Patriots held a fundraiser featuring an author who believes that registering the poor to vote is un-American.,true,true,"['true', 'mostly-true', 'half-true', 'mostly-false', 'false', 'pants-fire']",6,True
An Illinois couple who received five vote-by-mail applications can vote five times.,false,false,"['false', 'mostly-false', 'pants-fire', 'mostly-true', 'true', 'half-true']",6,True
"""The fact is voter fraud is rampant.""",pants-fire,false,"['false', 'mostly-false', 'pants-fire', 'half-true', 'mostly-true']",5,True
"""In every single country, she had a majority of the vote -- or more of those who'd already made up their minds.""",mostly-true,mostly-true,"['mostly-true', 'half-true', 'false', 'mostly-false', 'true']",5,True
"""Karrin Taylor Robson gave illegals tuition discounts and made us pay for it.""",half-true,mostly-false,"['mostly-false', 'half-true', 'mostly-true', 'false']",4,True
"""Before the Republican wave in 2010, Democrats had an advantage on the generic ballot in Congress. Even in 1994 with the Gingrich revolution ... Democrats had that advantage.""",true,true,"['true', 'mostly-true', 'half-true', 'mostly-false', 'false']",5,True
Says Republicans just won two congressional seats in North Carolina “that were not supposed to be won.”,mostly-false,false,"['false', 'mostly-false', 'mostly-true', 'half-true', 'true', 'pants-fire']",6,True
"Says the Democratic Party created a debate schedule ""to maximize the opportunity for voters to see our candidates.""",false,false,"['false', 'mostly-false', 'half-true', 'mostly-true', 'true', 'pants-fire']",6,True
Nikki Haley is ineligible to be president or vice president.,pants-fire,true,"['true', 'false', 'mostly-true', 'mostly-false', 'half-true']",5,False
"The media ""never show crowds.""",false,false,"['false', 'mostly-false', 'half-true', 'pants-fire', 'mostly-true', 'true']",6,True
"With voting machines, ""They say we're going to have the results in two weeks. With paper ballots, you have the results that night.""",false,false,"['false', 'mostly-false', 'pants-fire', 'half-true', 'mostly-true']",5,True
"""We didn't go out and take"" information from the Hillary Clinton campaign.",mostly-false,false,"['false', 'mostly-false', 'half-true', 'mostly-true', 'pants-fire', 'true']",6,True
"An effort to repeal voting-reform legislation would be ""the first time in Ohio history where a bill has been passed to stop a referendum.""",true,true,"['true', 'mostly-true', 'half-true', 'false']",4,True
"“Last night I was leading, often solidly, in many key States, in almost all instances Democrat run & controlled. Then, one by one, they started to magically disappear as surprise ballot dumps were counted.”",false,false,"['false', 'mostly-false', 'pants-fire', 'half-true', 'mostly-true']",5,True
"""This midterm (election), the president did better than the average president does in his first midterms.""",false,false,"['false', 'mostly-false', 'pants-fire', 'mostly-true', 'half-true']",5,True
A Georgia Bureau of Investigation agent was killed for investigating the election.,false,false,"['false', 'mostly-false', 'pants-fire']",3,True
"32,000 votes for David Perdue “disappeared” during the Georgia Senate runoff election.",mostly-false,mostly-false,"['mostly-false', 'false', 'half-true']",3,True
"Says Jeb Bush ""extended early voting"" after seeing ""long lines.""",mostly-false,false,"['false', 'mostly-true', 'true', 'mostly-false', 'half-true', 'pants-fire']",6,True
“They’re still counting the (2024 election) vote in some areas.”,false,false,"['false', 'mostly-false', 'pants-fire', 'mostly-true', 'half-true', 'true']",6,True
"Says Donald ""Trump decided to *not* work with Cambridge Analytica during the election.""",mostly-false,false,"['false', 'mostly-false', 'pants-fire', 'half-true', 'true', 'mostly-true']",6,True
"The Hispanic population in Gwinnett and Henry counties has increased by 153 percent and 339 percent, respectively, since 2000 while Republican presidential candidates are getting a smaller percentage of the vote in those counties.",mostly-true,mostly-true,"['mostly-true', 'true', 'half-true', 'mostly-false', 'false']",5,True
Says Nancy Pelosi has “suspicious ties” to a voting software company that was involved in glitches that favored Joe Biden.,mostly-false,mostly-false,"['mostly-false', 'false', 'half-true', 'mostly-true', 'pants-fire', 'true']",6,True
"Says Charlie Crist wants felons who ""commit a heinous crime"" such as ""intentional permanent disfigurement of a child, you walk out of jail, you immediately get to vote.""",mostly-false,false,"['false', 'mostly-false', 'mostly-true', 'half-true', 'true', 'pants-fire']",6,True
“Mandela Barnes came out in favor of abortion up until the moment of birth.”,mostly-false,false,"['false', 'mostly-false', 'half-true', 'pants-fire']",4,True
"Says Paul Manafort ""played a very limited role"" in the Trump presidential campaign.",false,false,"['false', 'mostly-false', 'half-true', 'mostly-true', 'true', 'pants-fire']",6,True
"“We will be over 290 electoral votes on Election Night ... no matter what they (Democrats) try to do, what kind of hijinks or lawsuits or whatever kind of nonsense they try to pull off.”",false,false,"['false', 'mostly-false', 'pants-fire', 'half-true', 'mostly-true', 'true']",6,True
"Says it probably costs more than $300,000 to run for a seat on the Pedernales Electric Cooperative board of directors.",pants-fire,pants-fire,['pants-fire'],1,True
"""There are 43 states that have now passed voter suppression laws.""",false,false,"['false', 'mostly-false', 'mostly-true', 'half-true', 'true']",5,True
"The election bill ""allows persons to correct an absentee ballot if they did not sign it and requires an extra two hours a day for early voting. Everything else in this bill is discretionary.""",half-true,mostly-true,"['mostly-true', 'true', 'half-true', 'false', 'mostly-false']",5,True
"""With those first principles, it allowed a fellow like me to get in his truck and go from one end of the state to the other; started 20 points down and wound up 20 points ahead on election night.""",true,true,"['true', 'mostly-true', 'half-true']",3,True
"On the day of the Dec. 6 runoff, “armed groups of Black Panthers” were “reportedly patrolling certain voting locations” in Georgia.",false,false,"['false', 'mostly-false', 'pants-fire', 'mostly-true', 'half-true', 'true']",6,True
"""Given the results of the primary, the vote of one New Hampshire superdelegate is equal to the votes of about 10,000 grassroots activists.""",mostly-true,false,"['false', 'mostly-false', 'half-true', 'true', 'mostly-true', 'pants-fire']",6,True
"Under the SAVE Act, “as long as you have a Real ID … it should be easy for you to register to vote.”",mostly-false,false,"['false', 'mostly-false', 'half-true', 'mostly-true', 'true', 'pants-fire']",6,True
"""Paul Ryan’s already spent millions to try and permanently derail Brad (Schneider)’s progressive, energized campaign.""",half-true,mostly-false,"['mostly-false', 'false', 'half-true', 'mostly-true', 'true', 'pants-fire']",6,True
Donald Trump “intends to cut” Medicare.,mostly-false,false,"['false', 'mostly-false', 'half-true', 'mostly-true', 'true', 'pants-fire']",6,True
A fake Nancy Pelosi said she won’t seek the speaker position again because the real Pelosi was arrested in 2021.,pants-fire,pants-fire,['pants-fire'],1,True
"Says signers of recall petitions against Wisconsin Gov. Scott Walker are at risk because of newly ""discovered"" provisions in state law.",mostly-false,mostly-false,"['mostly-false', 'false', 'half-true', 'mostly-true']",4,True
“The DC looting was staged” by antifa,pants-fire,pants-fire,"['pants-fire', 'false']",2,True
"Says Doug Jones ""is for full-term abortion.""",false,false,"['false', 'mostly-false', 'half-true', 'mostly-true', 'pants-fire', 'true']",6,True
"Says there are thousands of registered voters over 110 years old in North Carolina, including one who is 219 years old.",false,false,"['false', 'pants-fire', 'mostly-false']",3,True
"North Carolina is one of ""very few states"" that give the governor sole discretion to pick judges.",mostly-true,false,"['false', 'mostly-true', 'true', 'mostly-false', 'half-true', 'pants-fire']",6,True
"""[State Rep. Doug McKillip’s] donors deserve a refund.""",false,false,"['false', 'mostly-false', 'true', 'mostly-true', 'half-true', 'pants-fire']",6,True
"My support from young voters -- those 18 to 24 --  in November 2014 was ""largely unheard of for a Republican.""",half-true,half-true,"['half-true', 'mostly-true']",2,True
"Says Bernie Sanders ""wins California landslide, But ⅔ of his votes aren’t counted.""",pants-fire,false,"['false', 'mostly-false', 'pants-fire', 'half-true', 'mostly-true', 'true']",6,True
"""I did very well with young people in Ohio, Massachusetts, California.""",half-true,half-true,['half-true'],1,True
"""The Trump administration handed out taxpayer dollars to a foreign company. Hundreds of homes and farms were bulldozed, and over $500 million in taxpayer dollars were wasted preparing for Foxconn.""",half-true,mostly-false,"['mostly-false', 'mostly-true', 'half-true', 'false', 'true']",5,True
"""I'm not a politician.""",half-true,half-true,"['half-true', 'mostly-true', 'mostly-false']",3,True
"""Roy Moore’s accuser arrested and charged with falsification.""",pants-fire,pants-fire,['pants-fire'],1,True
"The Republican Party ""fought very hard in the '60s to get the civil rights bill passed, as well as the voting rights bill.""",true,true,"['true', 'mostly-true', 'half-true', 'false']",4,True
“Breaking: Florida Governor Ron DeSantis says Dominion voting systems will NOT operate in the state of Florida. ”,false,false,['false'],1,True
“Pennsylvania is under a court order to count their ballots on election day and not after!!”,pants-fire,false,"['false', 'mostly-false', 'pants-fire', 'half-true', 'mostly-true']",5,True
“1776 flag flying over White House!” in January 2021. “Revolution Signal.”,false,false,"['false', 'pants-fire']",2,True
"Says Jeb Bush and Marco Rubio ""had it set so that the winner takes everything, because they wanted to make sure that I didn't get anything"" in the Florida primary.",false,false,"['false', 'mostly-false', 'pants-fire', 'half-true', 'mostly-true', 'true']",6,True
"Says that after she declared her candidacy for Congress, ""the redistricting process was manipulated to allow incumbent politicians to guarantee their re-election.""",mostly-false,mostly-false,"['mostly-false', 'half-true', 'mostly-true', 'false']",4,True
"“In the 2020 election, President Trump voted from behind the desk in the White House in Florida.”",half-true,false,"['false', 'mostly-false', 'pants-fire', 'half-true', 'true', 'mostly-true']",6,True
"""More than once, I've actually had a conversation with the protesters on substance.""",true,true,"['true', 'mostly-true', 'half-true', 'mostly-false']",4,True
“I had zero emails that were classified.”,half-true,false,"['false', 'mostly-false', 'pants-fire', 'half-true', 'mostly-true']",5,True
"Challenger Tim Tuggey ""is a lobbyist who donated over $41,000 to Democrats who support abortion and same-sex marriage.""",mostly-false,mostly-false,"['mostly-false', 'mostly-true', 'false', 'half-true', 'pants-fire', 'true']",6,True
"""I would be the first Republican senator elected in New Jersey in 41 years.""",true,true,"['true', 'mostly-true', 'false', 'half-true', 'mostly-false']",5,True
Links jailed lobbyist Jack Abramoff to Rep. C.W. Bill Young.,pants-fire,pants-fire,"['pants-fire', 'false']",2,True
"""The fundraising numbers are in, and our grassroots support is unmatched!""",false,false,"['false', 'mostly-false', 'half-true', 'pants-fire', 'mostly-true']",5,True
"Voting for ""any Democrat"" gets you ""socialism ... undefended open borders ... immediate tax increases ... 100 percent government-run health care ...""",pants-fire,false,"['false', 'pants-fire', 'mostly-false', 'mostly-true', 'half-true']",5,True
"Says state's expected ""increase in federal political clout  is almost entirely due to  the growth of the African American and  Hispanic populations in Texas in  virtually every region of the state.""",mostly-true,mostly-true,"['mostly-true', 'half-true', 'mostly-false', 'true', 'false']",5,True
California S.B. 1174 eliminates the requirement for voter ID at polling places.,mostly-false,false,"['false', 'mostly-false', 'half-true', 'mostly-true', 'true', 'pants-fire']",6,True
“Fani Willis has just confessed to collusion with J6 committee.”,false,false,['false'],1,True
Kari Lake’s lawsuit “exposes Arizona used no signature verification.”,false,false,"['false', 'mostly-false', 'half-true', 'pants-fire', 'mostly-true']",5,True
“Maricopa County intentionally reduced the polling places.”,pants-fire,false,"['false', 'mostly-false', 'half-true', 'mostly-true']",4,False
"Says Donald Trump “voted twice” in the Nov. 3, 2020 election",pants-fire,pants-fire,"['pants-fire', 'false']",2,True
"""We’re the only advanced democracy in the world that makes it harder for people to vote.""",half-true,true,"['true', 'mostly-true', 'half-true', 'mostly-false', 'false']",5,True
"""Republicans are attempting to remove Barack Obama from Georgia’s Presidential Ballot in 2012.""",half-true,half-true,['half-true'],1,True
"Voter identification laws make it complicated and expensive to get an ID, essentially instituting a modern-day poll tax.",mostly-false,mostly-true,"['mostly-true', 'mostly-false', 'half-true', 'false', 'true', 'pants-fire']",6,True
"""About 57 percent of registered Democrats in the new (9th Congressional) district come from my old district.""",mostly-true,mostly-true,"['mostly-true', 'half-true', 'true', 'mostly-false', 'false']",5,True
"""Amendment 4 will reduce Florida’s economic output by $34 billion annually.""",mostly-false,false,"['false', 'mostly-false', 'pants-fire', 'mostly-true', 'half-true', 'true']",6,True
"""You can collude all you want with a foreign government in an election. There's no such statute"" (that makes collusion a crime).",false,false,"['false', 'mostly-false', 'half-true', 'mostly-true', 'true', 'pants-fire']",6,True
"Taylor Swift was photographed holding a “Trump won, Democrats cheated!” flag.",pants-fire,pants-fire,"['pants-fire', 'false']",2,True
Says left-wing activist John Sullivan “incited (the) insurgence of (the) US Capitol.”,mostly-false,false,"['false', 'mostly-false', 'half-true', 'mostly-true', 'true', 'pants-fire']",6,True
“They are trying to make it illegal to question the results of a bad election.”,false,false,"['false', 'mostly-false', 'pants-fire', 'mostly-true', 'half-true', 'true']",6,True
Ranked choice voting in Alaska is a “total rigged deal.”,pants-fire,false,"['false', 'pants-fire', 'mostly-false', 'half-true', 'mostly-true']",5,True
"“60% of Alaska voters voted for a Republican, but thanks to a convoluted process and ballot exhaustion — which disenfranchises voters — a Democrat ‘won.’""",mostly-false,false,"['false', 'mostly-false', 'mostly-true', 'half-true', 'pants-fire', 'true']",6,True
"""Since 2010, Republicans have won unaffiliated voters in every general election.""",mostly-true,true,"['true', 'mostly-true', 'half-true', 'false', 'mostly-false', 'pants-fire']",6,True
"Mike Rogers “left Michigan to trade on his D.C. connections, helping Chinese tech companies get access to the U.S.”",false,mostly-false,"['mostly-false', 'false', 'mostly-true', 'half-true', 'pants-fire', 'true']",6,True
Says he didn't tell viewers that the Obama campaign hid news about the motives behind the attack in Benghazi because Obama was running for re-election.,mostly-false,mostly-false,"['mostly-false', 'false', 'half-true', 'mostly-true', 'pants-fire', 'true']",6,True
"""I didn't campaign on a public option.""",mostly-false,mostly-false,"['mostly-false', 'false', 'mostly-true', 'half-true', 'pants-fire', 'true']",6,True
"""Technically, (Ted Cruz is) not even an American.""",pants-fire,false,"['false', 'mostly-false', 'pants-fire', 'true', 'mostly-true', 'half-true']",6,True
"""Ohio has one of the highest provisional ballot rates in the country, and many of them go uncounted each election.""",true,true,"['true', 'mostly-true']",2,True
"The NRA is ""one of the biggest lobbyists here in the capital. They spend a ton of money during elections. …  they spent more than a million dollars here in Wisconsin on the 2018 elections. Most of that was for Walker, or more specifically against Evers.""",half-true,half-true,"['half-true', 'mostly-true']",2,True
"Claims that Democratic candidate for governor Matt Flynn ""told one child predator to ‘wait and see,’ when he should have turned him in to authorities.""",half-true,half-true,"['half-true', 'mostly-false', 'mostly-true']",3,True
"Says U.S. Immigration and Customs Enforcement “will be at every polling station” on Nov. 3, 2020.",false,false,['false'],1,True
“Jan. 6 was NOT an insurrection…but Nov. 4 at 3 a.m. was!”,pants-fire,false,"['false', 'mostly-false', 'pants-fire', 'half-true']",4,True
Texas Attorney General Ken Paxton was “caught on tape saying he discarded 2.5 million mail-in ballots in Texas.”,false,false,"['false', 'mostly-false', 'pants-fire']",3,True
"""One in 13 Black Americans are deprived of the right to vote.""",half-true,mostly-true,"['mostly-true', 'true', 'half-true', 'mostly-false', 'false']",5,True
"“States run elections, not the federal government.”",mostly-false,mostly-false,"['mostly-false', 'half-true', 'false', 'mostly-true', 'pants-fire']",5,True
"""Exit polls indicate that Democrats get over 70 percent of LGBT votes in federal elections.""",true,true,"['true', 'mostly-true', 'half-true', 'false']",4,True
"A new Colorado law ""literally allows residents to print ballots from their home computers, then encourages them to turn ballots over to ‘collectors.’ """,false,false,"['false', 'mostly-false', 'half-true', 'mostly-true', 'pants-fire', 'true']",6,True
"“The recent statement by Chris Krebs on the security of the 2020 Election was highly inaccurate, in that there were massive improprieties and fraud.""",pants-fire,false,"['false', 'pants-fire', 'mostly-false', 'half-true']",4,True
"The Southern strategy is a ""myth"" that ""never happened.""",false,false,"['false', 'pants-fire', 'mostly-false', 'half-true', 'mostly-true']",5,True
I spent only $36.29 on my campaign for governor.,true,true,"['true', 'mostly-true', 'half-true', 'false', 'mostly-false']",5,True
"In Hawaii, ""they don't have a history of throwing incumbents out of office.""",true,true,"['true', 'mostly-true', 'false', 'half-true', 'mostly-false']",5,True
“President Trump and I lost an election in 2020 because of a rigged election.”,pants-fire,false,"['false', 'pants-fire', 'mostly-false', 'half-true']",4,True
Text message shows Turnout the Vote offering “$200 to vote for Kamala Harris.”,false,false,['false'],1,True
"In early voting in Miami-Dade County, ""there is a trickle of two or three people a day at a very high cost to keep those public libraries and polls open.""",false,false,"['false', 'mostly-false', 'pants-fire']",3,True
Joe Biden was called for Michigan even though Donald Trump won more votes.,false,false,"['false', 'mostly-false', 'true', 'mostly-true', 'half-true', 'pants-fire']",6,True
Arizona midterm election was unlawful because the lab used to certify voting machines was not accredited.,false,false,"['false', 'mostly-false', 'mostly-true', 'true', 'half-true', 'pants-fire']",6,True
"Says Jeb Bush ""significantly cut early voting prior to the 2008 presidential election.""",mostly-true,true,"['true', 'mostly-true', 'half-true', 'false', 'mostly-false']",5,True
Sen. Bob Casey “voted to sell American oil to China.”,false,false,"['false', 'mostly-false', 'half-true', 'mostly-true', 'true', 'pants-fire']",6,True
“The FBI tapped my phone” and those of other senators.,mostly-false,false,"['false', 'mostly-false', 'mostly-true', 'half-true', 'true', 'pants-fire']",6,True
"“MAGA Republicans like Kari Lake support Project 2025, which would raise the retirement age for 73% of Arizonans.”",mostly-false,false,"['false', 'mostly-false', 'half-true', 'mostly-true', 'pants-fire', 'true']",6,True
"""Over 240,000 'unverified' ballots have already been sent out in Pennsylvania, a total mess. The Democrats are playing games again.”",false,false,"['false', 'mostly-false', 'half-true', 'pants-fire', 'mostly-true']",5,True
"""This race will be the Democrats’ top target this November.""",false,false,"['false', 'pants-fire', 'mostly-false', 'true', 'mostly-true']",5,True
"""Black voter turnout in 2012 exceeded the rate of white voter turnout, even in the states with the strictest voter ID laws.""",true,true,"['true', 'mostly-true', 'half-true', 'false', 'mostly-false']",5,True
"""In a 2014 case involving a man convicted of abusing two underage girls, Judge Roy Moore disagreed and wrote the dissenting opinion.""",mostly-false,true,"['true', 'mostly-true', 'false', 'half-true', 'mostly-false', 'pants-fire']",6,True
"A bill passed by GOP legislators ""makes it harder to prosecute people and groups that violate campaign finance laws.""",true,mostly-true,"['mostly-true', 'mostly-false', 'half-true', 'false', 'true']",5,True
"With voting by mail, “you get thousands and thousands of people sitting in somebody's living room, signing ballots all over the place.”",false,false,"['false', 'pants-fire', 'mostly-false']",3,True
"California ""admitted"" there were ""a million"" illegal votes in the 2016 presidential election.",pants-fire,false,"['false', 'pants-fire', 'mostly-false']",3,True
"""When President Obama was elected, the market crashed … Trump was up 9%, President Obama was down 14.8% and President Bush was down almost 4%. There is an instant reaction on Wall Street.""",mostly-false,false,"['false', 'mostly-false', 'mostly-true', 'half-true', 'true', 'pants-fire']",6,True
"""They’re trying to rig the election again! Do not trust the Soros funded voting machines!!!”",false,false,"['false', 'mostly-false', 'pants-fire']",3,True
Bags arriving at the Maricopa County vote counting site are evidence of “Democrats with the help of the media and GOP establishment stealing another election.”,pants-fire,false,"['false', 'mostly-false', 'pants-fire']",3,True
Says “Joe Biden is absolutely on board with defunding the police.”,false,false,"['false', 'mostly-false', 'pants-fire']",3,True
Says Denzel Washington supports Donald Trump and speaks out against Barack Obama.,pants-fire,false,"['false', 'pants-fire', 'mostly-false']",3,True
"""More than 250 (voter registration) groups, ranging across the entire political spectrum, have filed with the state and are registering voters right now.""",half-true,mostly-true,"['mostly-true', 'half-true', 'mostly-false', 'false', 'true']",5,True
"“When it comes to how many votes (President) Joe Biden won, it was literally less than a few votes per ward.”",true,true,"['true', 'mostly-true', 'mostly-false', 'false', 'half-true']",5,True
"CBS News and “60 Minutes” “replaced” former Vice President Kamala Harris’ interview answers “with completely different, and far better, answers, taken from another part of the interview.”",false,false,"['false', 'mostly-false', 'pants-fire', 'half-true', 'true', 'mostly-true']",6,True
"""I was the first elected Republican in Williamson County history.""",half-true,true,"['true', 'mostly-true', 'half-true', 'false', 'mostly-false']",5,True
Travis Kelce endorsed Kamala Harris.,false,false,"['false', 'pants-fire']",2,True
"""The Republican Party   lost 1.1 million registered voters since 2008. The Democratic Party  lost  1.2 million registered voters… (while) voter registration in the   Libertarian Party rose 8 percent.""",half-true,half-true,['half-true'],1,True
"California’s rent control measure Proposition 10 would have ""No effect on homeowners""",half-true,false,"['false', 'mostly-false', 'half-true', 'mostly-true', 'pants-fire']",5,True
"Says the Texas House has ""a record number of new members joining our ranks.""",half-true,half-true,"['half-true', 'mostly-true']",2,True
"Nevada is ""still a state that is 80 percent white voters.""",false,false,"['false', 'mostly-false', 'half-true', 'mostly-true', 'pants-fire', 'true']",6,True
"""It happened under Obama, and it was lauded by the media as being genius. And now under the Trump campaign — it’s the Cambridge Analytica scandal.""",half-true,mostly-true,"['mostly-true', 'half-true', 'true', 'mostly-false', 'false']",5,True
"""In 32 other states and Washington D.C., they [voters] can avoid the wait by voting before Election Day.""",true,true,"['true', 'mostly-true', 'half-true', 'false', 'mostly-false']",5,True
"""Georgia has the most  restrictive ballot access laws in the country.""",true,true,"['true', 'mostly-true']",2,True
“The Montana Secretary of State left Kamala Harris off the ballot.”,half-true,false,"['false', 'mostly-false', 'half-true', 'true', 'mostly-true']",5,True
Says President Joe Biden “recently said that 48.8% of Wisconsin voters are threats to democracy.”,false,false,"['false', 'mostly-false', 'pants-fire', 'half-true', 'mostly-true']",5,True
"John McCain ""said publicly that Hillary Clinton would make a good president.""",true,true,"['true', 'mostly-true', 'false', 'half-true']",4,True
"“CNN will implement a 1-2 minute delay for tonight’s presidential debate instead of the standard 7-second delay, potentially allowing time to edit parts of the broadcast.”",false,false,['false'],1,True
"“Arizona was safe” when she moved to the state in 1994, but has become “unsafe.”",false,false,"['false', 'mostly-false', 'half-true', 'mostly-true', 'pants-fire']",5,True
Rob Portman won the fewest votes of all Ohio U. S. Senate victors since 2000.,mostly-true,mostly-true,"['mostly-true', 'half-true', 'mostly-false', 'true', 'false']",5,True
"An email from Hillary Clinton to Donna Brazile Oct.17th, 2016 stated: ""If that f-----’ bastard wins, we’re all going to hang from nooses! You better fix this s---!""",pants-fire,pants-fire,['pants-fire'],1,True
"""Team Trump has accused Ted Cruz of fraud"" in Iowa, Texas, Colorado, Oklahoma, Louisiana, Kansas, Maine, Utah and Wisconsin.""",half-true,mostly-false,"['mostly-false', 'mostly-true', 'false', 'half-true', 'true', 'pants-fire']",6,True
"Says Republican Dan Bishop was ""down by 17"" points in NC congressional race and then won ""by a lot.""",false,false,"['false', 'mostly-false', 'pants-fire', 'half-true', 'mostly-true']",5,True
"Under Wisconsin law, ""anyone who knows anything about a John Doe"" secret criminal investigation ""can't talk about it.""",half-true,half-true,['half-true'],1,True
“We already have won” the election.,pants-fire,false,"['false', 'pants-fire', 'mostly-false']",3,True
Police report shows “massive 2020 voter fraud uncovered in Michigan.”,false,false,"['false', 'mostly-false', 'pants-fire']",3,True
“Biden did not win legally.”,pants-fire,pants-fire,"['pants-fire', 'false']",2,True
"Says ""Eric Holder and his group came in and made"" the Wisconsin Supreme Court race ""highly partisan.""",mostly-false,mostly-false,"['mostly-false', 'mostly-true', 'half-true', 'false', 'true']",5,True
"Women are ""disproportionately impacted by voter ID laws — especially married women who change their names, or those whose IDs do not accurately reflect their gender.""",mostly-true,true,"['true', 'mostly-true', 'half-true']",3,True
"Says Rick Scott’s proposal for election reform ""only mandates 48 hours of early voting.""",mostly-true,half-true,"['half-true', 'mostly-true', 'mostly-false', 'false', 'true']",5,True
"""700 jobs (were) lost because Allen Boyd"" voted for the health care bill.",mostly-false,false,"['false', 'mostly-false', 'half-true', 'mostly-true', 'pants-fire', 'true']",6,True
"""Opponents of Section 5 (of the Voting Rights Act) complain of state expense, yet their only cost is the paper, postage and manpower required to send copies of legislation to the federal government for review.""",half-true,half-true,"['half-true', 'mostly-true']",2,True
"Vans filled with 50,000 ballots show up in Philadelphia during live MSNBC report.",false,false,"['false', 'mostly-false', 'pants-fire', 'half-true']",4,True
"""Over time there have been 160-some carve-outs to the filibuster.""",mostly-true,true,"['true', 'mostly-true', 'half-true']",3,True
"“We’ve had more Americans die of fentanyl than the Iraq, Afghanistan, and Vietnam wars, combined.”",true,true,"['true', 'mostly-true', 'half-true', 'mostly-false']",4,True
"Says that while his plan would narrow the time for early voting, ""it still will be one of the most aggressive early voting time frames in America.""",pants-fire,pants-fire,"['pants-fire', 'false']",2,True
"""Texas is one of the most gerrymandered states in the union.""",mostly-true,true,"['true', 'mostly-true', 'half-true']",3,True
"The voting bill known as H.R. 1 ""would force states to adopt universal mail-in ballots.”",false,false,"['false', 'mostly-false', 'half-true', 'mostly-true', 'true']",5,True
Says H.R. 1 “allows minors to vote.”,false,false,"['false', 'mostly-false', 'half-true', 'true', 'mostly-true', 'pants-fire']",6,True
A lawyer for former President Donald Trump released new proof of 2020 election fraud.,false,false,"['false', 'pants-fire', 'mostly-false']",3,True
"Says ""Obama paid FBI informant over $1 million to do it to Trump.""",false,false,"['false', 'pants-fire', 'mostly-false']",3,True
"Nevada Sen. Jacky Rosen said the Biden administration did a ""tremendous job"" on the U.S. military’s Afghanistan withdrawal.",mostly-false,mostly-true,"['mostly-true', 'true', 'half-true', 'mostly-false', 'false', 'pants-fire']",6,True
"Says Tony Thurmond was ""sued by the ACLU"" for leaving students in unsafe conditions.",false,mostly-false,"['mostly-false', 'half-true', 'false', 'mostly-true', 'true']",5,True
"Says state Supreme Court candidate Joe Donald twice ""supported"" incumbent Justice Rebecca Bradley.",mostly-true,mostly-true,"['mostly-true', 'half-true', 'mostly-false']",3,True
"If the voting bill H.R. 1 is passed, “absentee ballots would be mailed out to anyone without proof of the voter’s identity.”",false,false,"['false', 'mostly-false', 'half-true']",3,True
"Republican challenger Bill Flores ""has never once voted  in a general election in our district.""",true,true,"['true', 'mostly-true', 'false']",3,True
"""(John McCain) was even mentioned as a running mate with John Kerry.""",true,true,['true'],1,True
Clips of Nikki Haley speaking about Hillary Clinton show Haley supports Clinton and is “not who she says she is.”,false,mostly-false,"['mostly-false', 'false', 'pants-fire', 'half-true', 'mostly-true']",5,True
"Says that U.S. Rep. Allen West is ""a constituent of mine.""",true,true,"['true', 'mostly-true', 'false', 'half-true']",4,True
"""John Kerry was at 4 percent in the polls in December of 2003...and he ended up becoming the nominee of the party.""",half-true,false,"['false', 'half-true', 'mostly-false', 'mostly-true', 'true']",5,True
"After a “major water main break,” Georgia election workers counted “18,000 ballots, all for Biden” that they pulled from suitcases and with no election observers present.",pants-fire,false,"['false', 'pants-fire', 'mostly-false', 'half-true']",4,True
Philadelphia is “clouding the vote counting in a shroud of darkness.”,false,false,"['false', 'mostly-false', 'pants-fire', 'half-true', 'mostly-true']",5,True
“Minnesota was stolen from Scott Jensen.”,pants-fire,pants-fire,"['pants-fire', 'false']",2,True
"The Koch Brothers are ""spending more money than either the Democratic or Republican parties"" in the 2016 elections.",false,false,"['false', 'mostly-false', 'mostly-true', 'half-true', 'true', 'pants-fire']",6,True
"Claims that Obama said, ""For those who oppose our policies, you should just shut up and go away.""",false,false,"['false', 'mostly-false', 'half-true', 'true']",4,True
“I think they found a way to target Democratic districts and send millions of votes into a black hole. The numbers aren't adding up.”,pants-fire,false,"['false', 'mostly-false', 'half-true', 'mostly-true', 'pants-fire', 'true']",6,True
"""Senator Obama has, in fact, never had a serious Republican challenger.""",true,true,"['true', 'mostly-true', 'false']",3,True
“Biden agreed to a recount” in the 2024 presidential election.,false,false,['false'],1,True
"Of the approximately 6 million disenfranchised felons in the United States, ""one-quarter are Floridians.""",mostly-true,mostly-true,"['mostly-true', 'true', 'half-true', 'false', 'mostly-false', 'pants-fire']",6,True
"""Wow, Report Just Out! Google manipulated from 2.6 million to 16 million votes for Hillary Clinton in 2016 Election!""",false,false,"['false', 'pants-fire', 'mostly-false']",3,True
"""There have been 30 published polls in this election cycle and Harry Reid's been trailing in every single one.""",false,false,"['false', 'mostly-false', 'pants-fire', 'half-true', 'mostly-true']",5,True
Republican Senate candidate Dave McCormick “wants to outlaw abortions.”,mostly-false,false,"['false', 'mostly-false', 'mostly-true', 'half-true', 'pants-fire', 'true']",6,True
"JD Vance “literally wrote the foreword for the architect of the Project 2025 agenda.""",true,true,"['true', 'false', 'mostly-true', 'mostly-false', 'half-true', 'pants-fire']",6,True
"Brazil President Jair Bolsonaro will hold a press conference to “announce military audit of controversial election, may arrest criminal judges.”",false,false,"['false', 'mostly-false', 'pants-fire', 'half-true', 'mostly-true']",5,True
"In 2008, ""33.2 percent of those who voted early on the last Sunday before Election Day were African-American, while 23.6 percent were Hispanic.""",true,true,"['true', 'mostly-true', 'half-true', 'false', 'mostly-false']",5,True
Document shows Rebekah Jones “demonstrated” a violation of Florida’s Whistleblower Act.,false,false,"['false', 'mostly-false', 'true', 'mostly-true', 'half-true', 'pants-fire']",6,True
"“Shredded Pennsylvania Mail in ballot Applications were discovered in a trailer.
The applications were for @realDonaldTrump.”",false,false,"['false', 'mostly-false', 'mostly-true', 'half-true', 'pants-fire', 'true']",6,True
"Says that to drive the length of the newly drawn 15th District ""you’d find yourself on the road as long as it would take to drive from Columbus to Niagara Falls.""",mostly-true,mostly-true,"['mostly-true', 'half-true', 'mostly-false', 'true', 'false']",5,True
“I cooperated far more” than Joe Biden in the classified documents investigations.,pants-fire,false,"['false', 'mostly-false', 'pants-fire', 'half-true']",4,True
"“Donald Trump added more to the national debt than any other president, ever.”",half-true,mostly-true,"['mostly-true', 'half-true', 'true', 'mostly-false', 'false', 'pants-fire']",6,True
"""Underreported fact: President @realDonaldTrump raised more in small dollar donations than Obama in 2012 and than Clinton and Bernie combined!""",mostly-true,true,"['true', 'mostly-true', 'false', 'half-true', 'mostly-false', 'pants-fire']",6,True
"China has ""not acted so well with our elections. They’ve tampered with our elections quite a bit.""",false,false,"['false', 'mostly-false', 'half-true', 'mostly-true', 'pants-fire']",5,True
“That’s why they are allowing these people to come in — people that don’t speak our language — they are signing them up to vote.”,pants-fire,false,"['false', 'mostly-false', 'pants-fire', 'half-true', 'mostly-true']",5,True
"""In New York, when she ran for reelection, she carried 58 of our 62 counties. George Bush had won 40 counties in New York just two years earlier.""",true,true,"['true', 'mostly-true', 'half-true']",3,True
"Says Jason Carter has ""gotten David Axelrod to come down and be his campaign advisor.""",false,false,['false'],1,True
Mark Finchem “wants to strip Arizona’s citizens of their capacity to vote by mail.”,mostly-true,mostly-false,"['mostly-false', 'false', 'mostly-true', 'half-true', 'true', 'pants-fire']",6,True
Michael Jordan endorsed Donald Trump for president in the 2024 election.,false,false,['false'],1,True
“In 2020 we won (Wisconsin).”,pants-fire,false,"['false', 'pants-fire']",2,True
"Charlie Crist's ""personal approval numbers are plummeting.""",mostly-false,mostly-false,"['mostly-false', 'mostly-true', 'false', 'half-true', 'true', 'pants-fire']",6,True
"""The president's party always gets shellacked in midterms. It's only twice, 1934 and 2002, that the president's party actually gained in both the House and the Senate.""",mostly-true,mostly-true,"['mostly-true', 'half-true', 'mostly-false', 'true']",4,True
“Military brass band plays ‘Hit the Road Jack’ as Trump leaves office.”,false,false,"['false', 'mostly-false', 'pants-fire']",3,True
"It’s a sign of fraud that “in 244 counties across the United States, there are more registered voters than there are people legally eligible to vote.”",false,false,"['false', 'mostly-false', 'pants-fire', 'half-true', 'mostly-true']",5,True
"Says county parties representing more than half the state’s Republican voters approved resolutions ""demanding changes"" in Texas House leadership.",true,mostly-true,"['mostly-true', 'true', 'half-true', 'mostly-false', 'false', 'pants-fire']",6,True
"“Sen. Jacky Rosen voted to increase taxes on families making less than $75,000 a year.”",mostly-false,false,"['false', 'mostly-false', 'half-true', 'mostly-true', 'true', 'pants-fire']",6,True
"""In the last 6 years, there have been 420 elections for State Senator and State Representative. Only three incumbents have been defeated!""",true,true,"['true', 'mostly-true', 'false', 'half-true', 'mostly-false', 'pants-fire']",6,True
Says over 90 percent of Travis County’s eligible residents have registered to vote.,true,mostly-true,"['mostly-true', 'true', 'half-true', 'mostly-false', 'false']",5,True
“22 states will not be certifying the (2024) election.”,false,false,"['false', 'true', 'mostly-false']",3,True
"Says voter roll purge would mean ""more than 200,000 registered Wisconsin voters will be prohibited from voting.""",pants-fire,false,"['false', 'mostly-false', 'half-true', 'mostly-true', 'pants-fire', 'true']",6,True
"""Nearly 200,000 Florida voters may not be citizens.""",false,false,"['false', 'mostly-false', 'pants-fire', 'half-true', 'mostly-true']",5,True
The U.S. “could easily count every vote in every state on election night until a few years ago.”,mostly-false,false,"['false', 'mostly-false', 'half-true', 'mostly-true', 'pants-fire', 'true']",6,True
“Ballots in Arizona’s Maricopa County” from the 2020 presidential election “found shredded and in dumpster days before Senate audit to begin.”,false,false,"['false', 'mostly-false', 'pants-fire', 'half-true', 'mostly-true']",5,True
“Report: Biden administration busing ‘thousands’ of illegals to red states to get permanent status.”,false,false,"['false', 'mostly-false']",2,True
North Carolina’s new voting rules in response to Hurricane Helene amount to “cheating” or “stealing.”,pants-fire,false,"['false', 'mostly-false', 'pants-fire', 'half-true', 'mostly-true', 'true']",6,True
"""We will be the first party to elect a bald guy to governor.""",false,false,"['false', 'pants-fire', 'mostly-false', 'true', 'half-true', 'mostly-true']",6,True
“Fox News went from 97% reporting to 94% in Virginia. The fraud is so blatant it's not funny anymore.”,false,false,"['false', 'mostly-false', 'true', 'mostly-true', 'pants-fire', 'half-true']",6,True
"""Docs: Wisconsin Governor Scott Walker took $1 million from a pro-Putin Ukrainian businessman—last election cycle.""",mostly-false,mostly-false,"['mostly-false', 'half-true', 'mostly-true', 'false']",4,True
Says a picture of stacked mailboxes is proof of voter suppression in Wisconsin,false,false,"['false', 'mostly-false', 'half-true', 'pants-fire', 'mostly-true']",5,True
"""The average margin of victory in the House of Representatives was 37%"" for Democrats and Republicans in the 2016 election.",true,true,"['true', 'mostly-true', 'half-true', 'false', 'mostly-false']",5,True
A “ballot dump” around 4 a.m. in Milwaukee shows the Wisconsin Senate election was stolen from the Republican candidate.,pants-fire,false,"['false', 'mostly-false', 'pants-fire', 'half-true', 'mostly-true']",5,True
"“As a lawyer working in Korea, Nate McMurray helped send American jobs to Asia”",false,mostly-true,"['mostly-true', 'half-true', 'mostly-false', 'false', 'true', 'pants-fire']",6,True
A crime was committed when a New Jersey election worker allowed someone who said he was not a citizen to fill out a ballot.,false,false,"['false', 'half-true', 'mostly-false', 'mostly-true', 'true']",5,True
Wisconsin makes it more difficult for its citizens to vote than almost any state in the nation.,true,mostly-true,"['mostly-true', 'half-true', 'true', 'mostly-false', 'false']",5,True
"North Carolina is ""in the small minority of states that requires an absentee ballot to be signed by two witnesses or a notary public.""",true,true,"['true', 'mostly-true', 'half-true', 'false', 'mostly-false']",5,True
"Says Houston’s 18th  congressional district has been ""gentrified"" and is home to ""more Anglos  than African Americans.""",false,false,"['false', 'pants-fire', 'mostly-false', 'half-true', 'mostly-true']",5,True
Says that Secretary of State Jon Husted and former secretary Jennifer Brunner both have supported a provision in Senate Bill 47 that would limit the days organizers have to collect signatures for initiative and referendum petitions.,half-true,half-true,"['half-true', 'mostly-true', 'mostly-false']",3,True
Elissa Slotkin “signed a secret agreement with a CCP-linked Chinese battery company.”,false,false,"['false', 'mostly-false', 'half-true', 'mostly-true', 'pants-fire', 'true']",6,True
"Says Paul Ryan ""is still endorsing Trump.""",true,true,"['true', 'mostly-true']",2,True
"""Beyonce and Jay Z, I like them, I like them ... I get bigger crowds than they do. It's true. I get far bigger crowds.""",false,false,"['false', 'mostly-false', 'pants-fire']",3,True
"""In New Jersey, Gov. Christie vetoed legislation to extend early voting.""",mostly-true,true,"['true', 'mostly-true', 'half-true', 'mostly-false', 'false']",5,True
"Gov. Sarah Palin ""got precisely zero support for her call for Alaska's Democratic Senator Mark Begich to resign because Ted Stevens' corruption conviction was overturned.""",false,false,"['false', 'mostly-false', 'pants-fire', 'half-true']",4,True
"The ""error rates"" for the Fulton County elections department are ""well below the average.""",false,false,"['false', 'mostly-false', 'pants-fire', 'mostly-true']",4,True
Kamala Harris “supported abolishing ICE.”,false,false,"['false', 'mostly-false', 'pants-fire', 'true', 'mostly-true', 'half-true']",6,True
"Says Joe Biden and Democrats ""have not legitimately won"" the presidency.",pants-fire,pants-fire,"['pants-fire', 'false']",2,True
Kamala Harris paid The Shade Room to interview her “for perceived support amongst black voters.”,false,false,['false'],1,True
"""The turnout on May 14th was just 7 percent -- the lowest turnout in decades.""",mostly-true,mostly-true,"['mostly-true', 'mostly-false', 'half-true', 'false', 'true']",5,True
“Every pro-life Governor up for election in November won – by a large margin.”,mostly-true,mostly-false,"['mostly-false', 'half-true', 'mostly-true', 'false', 'true', 'pants-fire']",6,True
Says Texas proved in court that more than 200 dead people voted in the latest Texas election.,mostly-false,false,"['false', 'mostly-false', 'half-true', 'mostly-true', 'pants-fire', 'true']",6,True
"Officials in Fairfax, Va., gave 100,000 Trump votes to Biden.",mostly-false,false,"['false', 'mostly-false', 'half-true', 'mostly-true', 'true', 'pants-fire']",6,True
"""Attorney General Eric Holder is involved in the dismissal of the criminal charges"" against the New Black Panther Party for voter intimidation",false,false,"['false', 'mostly-false', 'pants-fire', 'true', 'mostly-true', 'half-true']",6,True
"“It’s not that there is no evidence the election was stolen, but that no court had the guts to HEAR the evidence. They dismissed the cases, NOT the evidence.”",false,false,"['false', 'mostly-false', 'half-true', 'mostly-true', 'true', 'pants-fire']",6,True
"""By the end of Governor Rick Perry's term, he will have drained Texas taxpayers ... of more than $360,000 to pay for the rental mansion he has been living in while the historic Governor's Mansion is repaired.""",true,true,"['true', 'mostly-true']",2,True
"""Fact: Hillary Clinton received 80% of the vote in Pittsburgh.""",mostly-true,false,"['false', 'mostly-false', 'half-true', 'mostly-true', 'true']",5,True
"Milwaukee's Marcus Performing Arts Center – where 'The Daily Show' had been scheduled – “was originally located in the ‘soft perimeter,’ they called it, security-wise” but “was shifted, understandably so, to the ‘hard perimeter.’”",false,false,"['false', 'mostly-false', 'half-true', 'mostly-true', 'pants-fire']",5,True
"""There are ‘sore loser’ laws that would bar Luther Strange from pursuing a seat"" because he already lost the Alabama Republican Senate runoff to Roy Moore.",false,false,"['false', 'mostly-false', 'mostly-true', 'half-true', 'true', 'pants-fire']",6,True
Gov. Tim Walz delivered paid family leave in Minnesota but “Republicans are blocking” a Biden-Harris proposal.,mostly-true,true,"['true', 'mostly-true', 'mostly-false', 'half-true', 'false']",5,True
"“America has 133 million registered voters,” but “159 million votes” were cast in the 2020 presidential election.",false,false,"['false', 'pants-fire', 'mostly-false']",3,True
"I received ""more votes from young people — black, white, Latino, Asian American and Native American — than Donald Trump and Hillary Clinton combined.""",mostly-true,mostly-true,"['mostly-true', 'half-true', 'true', 'mostly-false', 'false']",5,True
"Michelle Nunn ""spent most of her childhood"" in Perry, Ga.",mostly-false,false,"['false', 'mostly-false', 'half-true', 'mostly-true']",4,True
The Arizona gubernatorial race was a “fraudulent election.”,pants-fire,pants-fire,"['pants-fire', 'false']",2,True
A man who stormed the U.S. Capitol in a horned fur cap is an “Antifa thug.”,pants-fire,false,"['false', 'mostly-false', 'half-true', 'pants-fire', 'mostly-true', 'true']",6,True
"""WOW county swing suburban voters (in Wisconsin) don't vote for Donald Trump.”",true,true,"['true', 'mostly-true', 'half-true', 'mostly-false', 'false']",5,True
U.S. Sen. Sherrod Brown voted to “allow transgender biological men to compete in girls’ sports.”,false,false,"['false', 'mostly-false', 'half-true', 'mostly-true', 'pants-fire']",5,True
"GOP-backed ""racist disenfrachisement"" led to only five polling places being open in Milwaukee for April 7 election.",mostly-false,mostly-false,"['mostly-false', 'false', 'mostly-true', 'half-true']",4,True
“This week the military was moving big equipment into the major big cities preparing for the Maricopa audit results.”,false,false,"['false', 'mostly-false', 'pants-fire', 'half-true']",4,True
A pro-Kamala Harris website shows she supports a mandatory gun buyback program.,false,false,"['false', 'mostly-false', 'half-true', 'mostly-true', 'true', 'pants-fire']",6,True
Vice President Kamala Harris’ “60 Minutes” interview may be “a major Campaign Finance Violation.”,false,false,"['false', 'mostly-false', 'pants-fire', 'half-true', 'mostly-true']",5,True
"Same-day voter registration ""does not allow election officials to verify the validity and accuracy of voter information.""",false,false,"['false', 'mostly-false', 'true', 'mostly-true', 'half-true', 'pants-fire']",6,True
"Says Kate Cloonen ""needs that extra $68,000"" lawmaker salary on top of the ""$8.5 million in state contracts for her construction company.""",half-true,false,"['false', 'mostly-false', 'mostly-true', 'half-true', 'pants-fire', 'true']",6,True
"""The use of ballot drop boxes and ballot harvesting is illegal.”",mostly-false,false,"['false', 'mostly-false', 'half-true', 'pants-fire', 'mostly-true', 'true']",6,True
"Says the T.R.U.M.P. Act, which would force presidential candidates to release their tax returns to run in North Carolina, ""has a lot of support – by a majority of North Carolinians and members of both parties.""",mostly-true,mostly-true,"['mostly-true', 'true', 'half-true', 'mostly-false', 'false']",5,True
“No governor in Virginia has ever won when...he or she is the same party as the sitting president.”,false,false,"['false', 'half-true', 'mostly-false', 'mostly-true', 'true', 'pants-fire']",6,True
"""Public trust in our election system is at an all-time low.""",false,mostly-true,"['mostly-true', 'false', 'half-true', 'mostly-false', 'true', 'pants-fire']",6,True
"An audit of the 2020 election in Maricopa County, Ariz., “is confirming the rumors that real ballots have a special watermark.”",false,false,"['false', 'mostly-false', 'pants-fire', 'half-true']",4,True
"﻿﻿""Since Mayor Kennedy O’Brien took office Sayreville has issued 22,081 building permits! Now O’Brien is holding secret meetings with big developers.""",mostly-false,mostly-true,"['mostly-true', 'mostly-false', 'half-true', 'false', 'true', 'pants-fire']",6,True
Biden Executive Order 14019  “requires our taxpayer-funded federal agencies to violate the Hatch Act and engage in illegal vote harvesting.”,pants-fire,false,"['false', 'mostly-false', 'true', 'half-true', 'mostly-true', 'pants-fire']",6,True
"If a ballot has a small dot in the box for Vice President Kamala Harris, “any other box filled in, will be void.”",false,false,"['false', 'mostly-false', 'true', 'mostly-true', 'half-true', 'pants-fire']",6,True
"The voting bill known as H.R. 1 would mean “that millions of illegal immigrants are quickly registered to vote.""",false,false,"['false', 'mostly-false', 'half-true', 'mostly-true', 'true', 'pants-fire']",6,True
"Says that at a campaign rally President Barack Obama ""spent so much time screaming at a protester, and frankly it was a disgrace.""",pants-fire,false,"['false', 'mostly-false', 'pants-fire']",3,True
Says he “saved Kenosha” and the “governor wouldn’t move” on sending the National Guard.,pants-fire,false,"['false', 'pants-fire', 'mostly-false', 'half-true']",4,True
Mail-in voting requires no signature verification.,false,false,"['false', 'mostly-false', 'true', 'mostly-true', 'half-true']",5,True
"""Sen. Obama's campaign announced that he's choosing his  cabinet.""",false,false,['false'],1,True
"Stacey Abrams ""supported the MLB boycott.""",false,false,"['false', 'mostly-false', 'half-true', 'mostly-true', 'pants-fire', 'true']",6,True
Dominion Voting Systems employee Eric Coomer told an Antifa meeting he “made sure” Donald Trump wouldn’t win.,false,false,"['false', 'pants-fire', 'mostly-false', 'true', 'mostly-true', 'half-true']",6,True
"Donald Trump’s letter to Joe Biden said, “You know I won.”",false,false,"['false', 'pants-fire', 'mostly-false']",3,True
The Chicago Cubs owner is bankrolling Brad Schimel.,mostly-true,false,"['false', 'mostly-false', 'half-true', 'mostly-true', 'true', 'pants-fire']",6,True
"""It is senior citizens, not Hispanics, who are the fastest-growing demographic in this country.""",mostly-false,false,"['false', 'mostly-false', 'mostly-true', 'half-true', 'true', 'pants-fire']",6,True
"Says Wisconsin Gov. Scott Walker ""is denying Democrats the right to vote.""",pants-fire,pants-fire,['pants-fire'],1,True
King Charles III signed “a proclamation stating that Donald Trump won the 2020 presidential election and is the rightful president by law.”,pants-fire,false,"['false', 'pants-fire']",2,True
"""Rick Scott’s Administration spent over $100,000 of taxpayer money during their first voter purge attempt in 2012.""",mostly-false,mostly-true,"['mostly-true', 'true', 'false', 'half-true', 'mostly-false']",5,True
"""I never said Russia did not meddle in the election.""",pants-fire,false,"['false', 'mostly-false', 'mostly-true', 'half-true', 'true', 'pants-fire']",6,True
Pens provided by Maricopa County are part of a plot to rig the Arizona primary.,false,false,"['false', 'mostly-false', 'mostly-true', 'true', 'half-true', 'pants-fire']",6,True
"Gavin Newsom was ""the first to take on the National Rifle Association and win.""",false,false,"['false', 'mostly-false', 'half-true', 'mostly-true', 'pants-fire', 'true']",6,True
"Activities by foreign governments had ""absolutely no effect on the outcome of this election.""",mostly-false,false,"['false', 'mostly-false', 'pants-fire', 'half-true', 'mostly-true', 'true']",6,True
"Says that several times in the last 15 years, Austin City Council candidates have won seats after trailing by more than 4,000 votes in the election prompting the runoff.",half-true,half-true,"['half-true', 'mostly-false']",2,True
"Says Wisconsin Gov. Scott Walker is making voting more difficult by closing Department of Motor Vehicles offices where ""low-income voters"" live.",false,false,['false'],1,True
Says Robin Vos wore protective gear that “election workers he forced to work … do not have.”,mostly-false,mostly-false,"['mostly-false', 'false', 'half-true', 'mostly-true', 'true', 'pants-fire']",6,True
"“If you vote no on Prop 50 to stop the redistricting, it shows through the envelope,” making it easy for Democrats to cheat.",mostly-false,false,"['false', 'mostly-false', 'half-true', 'pants-fire', 'mostly-true']",5,True
"In Aberdeen, Miss., “Massive 78% of mail-in ballots proved fraudulent, judge orders election do-over.”",mostly-true,false,"['false', 'mostly-false', 'half-true', 'mostly-true', 'pants-fire', 'true']",6,True
"""Debate moderators made the false claim to Donald Trump that there is nowhere in the United States where abortion is legal up until birth.""",false,false,"['false', 'mostly-false', 'true', 'half-true', 'mostly-true']",5,True
"If African-Americans vote their percentage of the population in 2008, ""Mississippi is suddenly a Democratic state.""",false,false,"['false', 'mostly-false', 'half-true', 'mostly-true', 'pants-fire', 'true']",6,True
"While previous clemency boards granted restoration of civil rights to thousands of Floridians,  ""so far this year, under this clemency board, four (felons) have gotten their rights back.""",mostly-true,mostly-true,"['mostly-true', 'true', 'half-true', 'mostly-false', 'false']",5,True
President Joe Biden “bans TikTok for government employees but creates an account for his own campaign.”,mostly-true,mostly-false,"['mostly-false', 'mostly-true', 'half-true']",3,True
"Says ""EIGHT Iowa counties have more adults registered to vote than voting-aged adults living there.”",false,false,"['false', 'mostly-false', 'pants-fire', 'mostly-true', 'true', 'half-true']",6,True
"The list of voters that North Carolina Republicans ""tried to purge was two-thirds black and Democratic.""",half-true,mostly-false,"['mostly-false', 'mostly-true', 'half-true', 'false', 'true']",5,True
"""Jeff Greene can buy anything"" ...  he owns two mansions.",true,true,"['true', 'mostly-true', 'half-true', 'false']",4,True
"In South Philadelphia, people are “getting paid $700 a week to go to wherever Kamala’s campaign tells them to go to.”",false,false,['false'],1,True
Knopp says he upheld a campaign promise not to join the Public Employees Retirement System (PERS).,mostly-true,mostly-true,"['mostly-true', 'half-true', 'true', 'mostly-false']",4,True
"""8 years of the Clintons, major losses for Democrats across the nation.""",mostly-true,mostly-true,"['mostly-true', 'half-true', 'mostly-false']",3,True
"“Smartmatic and Dominion systems ... were built to do this very thing, for changing the results of elections.”",pants-fire,pants-fire,"['pants-fire', 'false']",2,True
"""Pennsylvania Federal Court grants legal authority to remove Trump after Russian Meddling.""",pants-fire,false,"['false', 'mostly-false', 'pants-fire', 'half-true', 'mostly-true']",5,True
"Scott Walker ""had a 2.3 GPA when he was asked to leave Marquette University for cheating.""",false,false,"['false', 'pants-fire', 'mostly-false']",3,True
Donald Trump won Pennsylvania in the 2020 presidential election.,false,false,['false'],1,True
Another great endorsement! Barrow Journal explains the difference between me and Jody Hice.,half-true,half-true,"['half-true', 'mostly-true', 'mostly-false', 'false']",4,True
"""This issue of busing voters in to New Hampshire is widely known by anyone who’s worked in New Hampshire politics. It’s very real, it’s very serious.""",pants-fire,pants-fire,"['pants-fire', 'false', 'mostly-false', 'mostly-true', 'half-true']",5,True
"Says Austin voters can approve seven bond propositions ""without raising taxes.""",half-true,false,"['false', 'mostly-false', 'mostly-true', 'half-true', 'true', 'pants-fire']",6,True
"Vice President Mike Pence on Jan. 6, 2021, could have approved the 2020 electoral votes on the condition that Congress pass an overhaul of election law.",false,false,"['false', 'pants-fire', 'mostly-false', 'half-true', 'mostly-true']",5,True
The Electronic Registration Information Center is “a system that’s funded by George Soros.”,false,false,"['false', 'mostly-false', 'pants-fire', 'half-true']",4,True
"Detroit’s Oct.15, 2024, absentee ballot return rate proves election fraud.",false,false,"['false', 'mostly-false', 'mostly-true', 'true', 'half-true', 'pants-fire']",6,True
“Arizona BANS Electronic Voting Machines.”,false,false,"['false', 'mostly-false', 'half-true', 'mostly-true', 'true', 'pants-fire']",6,True
"It’s legal to ""sign a recall petition (against Gov. Scott Walker) even if you have already signed another recall petition,"" but only one signature counts",true,true,"['true', 'mostly-true']",2,True
"“Did you see President Trump’s RECORD TURNOUT? Iowa - 32,389 Republicans.”",half-true,false,"['false', 'mostly-true', 'mostly-false', 'half-true', 'true', 'pants-fire']",6,True
"Says SJR 11 ""seeks to fix what is very quickly becoming a problem in Missouri — initiative petitions and referendums are being filed at record highs.""",mostly-true,true,"['true', 'mostly-true', 'half-true', 'false', 'mostly-false']",5,True
"Said they reached a  ""power-sharing agreement"" with Republican Lt. Gov. Casey Cagle",pants-fire,pants-fire,"['pants-fire', 'false']",2,True
"Broward County was one of three counties in the nation ""pivotal to an Obama victory"" in 2012.",mostly-false,mostly-false,"['mostly-false', 'false', 'half-true', 'mostly-true', 'true', 'pants-fire']",6,True
"“President Biden is the first candidate in history, the first president in history, that has used the federal agencies to censor political speech ... to censor his opponent.""",false,false,"['false', 'mostly-false', 'pants-fire', 'half-true', 'mostly-true', 'true']",6,True
No openly gay man has ever been elected to the Georgia Legislature.,true,false,"['false', 'true', 'mostly-false', 'mostly-true', 'half-true', 'pants-fire']",6,True
"Before ""our last three presidents, you have to go back to the 1800s, early 1800s to find three presidents in a row being consecutively re-elected.""",true,false,"['false', 'half-true', 'mostly-false', 'mostly-true', 'true', 'pants-fire']",6,True
Says Tommy Tuberville “is for privatizing Social Security and cutting Medicare.”,half-true,mostly-false,"['mostly-false', 'mostly-true', 'false', 'half-true', 'true', 'pants-fire']",6,True
Says Sen. Kelly Loeffler said on Parler that “Black people shouldn’t be allowed to vote.”,pants-fire,false,"['false', 'mostly-false', 'pants-fire', 'true', 'half-true']",5,True
"“118-year-old William Bradley voted via an absentee ballot in Wayne County, Michigan this year. William died in 1984. They’re trying to steal this election.”",false,false,"['false', 'mostly-false', 'pants-fire', 'half-true', 'true']",5,True
"""Could I just point out that ... I seem to get the first question all the time?""",true,true,"['true', 'mostly-true']",2,True
“The lady who leaked passwords for voting systems in Colorado is the same person who tried to remove Trump from the ballot.”,mostly-false,false,"['false', 'mostly-false', 'pants-fire', 'half-true', 'mostly-true']",5,True
"""Only a court can decide that somebody is incompetent to vote"" -- the state Election Commission ""cannot force facilities, private facilities, to allow special voting deputies"" inside.",mostly-true,true,"['true', 'mostly-true', 'half-true', 'mostly-false', 'false']",5,True
"""Our campaign staff was the first to unionize in the history of politics.""",mostly-true,mostly-true,"['mostly-true', 'half-true', 'mostly-false', 'true', 'false']",5,True
Kamala Harris wants people to stop saying “Merry Christmas.”,false,false,"['false', 'true', 'mostly-false', 'mostly-true', 'pants-fire', 'half-true']",6,True
Lindsey Graham endorsed Charlie Crist for U.S. Senate.,pants-fire,pants-fire,"['pants-fire', 'false', 'true', 'mostly-false']",4,True
"A judge has ordered a ""HAND RECOUNT by an INDEPENDENT COMMISSION in the state of Michigan, following hard evidence of voting fraud by Detroit City Election Commission.""",false,false,['false'],1,True
"""Before this law, any group could go out anywhere, register voters, sit on the voter registration forms for unlimited amount of time.""",mostly-false,mostly-true,"['mostly-true', 'half-true', 'mostly-false', 'false', 'true', 'pants-fire']",6,True
The Supreme Court will put Donald Trump back in office in October,pants-fire,false,"['false', 'pants-fire', 'mostly-false']",3,True
Says Joe Biden “abandoned Scranton.”,pants-fire,false,"['false', 'mostly-false', 'pants-fire', 'true', 'half-true', 'mostly-true']",6,True
"A North Carolina study proves that ""probably over a million people voted twice in (the 2012) election.""",false,false,"['false', 'mostly-false', 'pants-fire', 'half-true']",4,True
"Says U.S. Sen. Ron Johnson, R-Wisconsin, was elected in a ""very low turnout"" race.",half-true,half-true,"['half-true', 'mostly-true']",2,True
"Says Barack Obama ""referred to the carnage that took place in Benghazi as a conspiracy theory.""",pants-fire,pants-fire,"['pants-fire', 'false']",2,True
“Biden admits to voter fraud.”,false,false,"['false', 'mostly-false', 'half-true', 'pants-fire']",4,True
"H.R. 1 “mandates practices nationwide” that include “ballot harvesting, universal mail-in voting and same-day registration.”",half-true,mostly-false,"['mostly-false', 'mostly-true', 'false', 'half-true', 'true', 'pants-fire']",6,True
"States with voter ID laws have seen ""zero decrease"" in participation. ""Most have seen an increase.""",mostly-false,mostly-false,"['mostly-false', 'false', 'half-true', 'mostly-true']",4,True
“The boilermakers union has endorsed me because I sat down with them and went into great detail with leadership [about] exactly what I would do.”,false,false,"['false', 'mostly-false', 'half-true', 'mostly-true', 'true', 'pants-fire']",6,True
"""The @nytimes sent a letter to their subscribers apologizing for their BAD coverage of me.""",false,false,"['false', 'mostly-false', 'pants-fire', 'half-true', 'mostly-true']",5,True
"""The White House is won in the swing states, and I am winning the swing states.""",mostly-false,mostly-false,"['mostly-false', 'false', 'half-true', 'mostly-true']",4,True
Pennsylvania Senate candidate John Fetterman’s tattoo references ‘heroin use’ and the Crips,mostly-false,false,"['false', 'mostly-false', 'half-true', 'mostly-true', 'pants-fire', 'true']",6,True
"Says that in the 2020 presidential election in Maricopa County, Ariz., ""74,243 mail-in ballots were counted with 'no clear record of them being sent.'""",false,false,"['false', 'mostly-false', 'half-true', 'mostly-true', 'true', 'pants-fire']",6,True
"Wisconsin is “run by Democrats right now,” so they should address election social distancing concerns.",mostly-false,false,"['false', 'mostly-false', 'half-true', 'pants-fire', 'mostly-true']",5,True
“Military ready to act on audit results!” in Arizona,false,false,"['false', 'mostly-false', 'pants-fire']",3,True
"There was ""serious voter fraud"" in Virginia.",pants-fire,false,"['false', 'pants-fire', 'mostly-false', 'mostly-true', 'half-true']",5,True
"Says U.S. Sen. Ron Johnson, his prospective opponent, has received $1.2 million from the gun lobby.",half-true,mostly-false,"['mostly-false', 'false', 'half-true', 'mostly-true', 'true']",5,True
"""Ukraine blatantly interfered in our election.""",false,false,"['false', 'pants-fire', 'mostly-false', 'half-true', 'mostly-true']",5,True
"""The president and vice president can't be from the same state.""",false,false,"['false', 'true', 'mostly-false', 'pants-fire', 'half-true']",5,True
Church bells rang in Paris and fireworks were set off in London to celebrate Joe Biden’s presidential win.,false,false,"['false', 'mostly-false', 'pants-fire']",3,True
"""A day AFTER the election, Biden receives a dump of 143,379 votes at 3:42AM (in Wisconsin), when they learned he was losing badly. This is unbelievable!""",pants-fire,false,"['false', 'mostly-false', 'half-true', 'mostly-true', 'pants-fire', 'true']",6,True
"""I'm not taking any corporate PAC money.""",half-true,mostly-true,"['mostly-true', 'half-true', 'mostly-false', 'false', 'true']",5,True
"""Sunday was never used before as a voting day in Georgia.”",false,false,"['false', 'mostly-false', 'half-true', 'pants-fire', 'mostly-true', 'true']",6,True
"Wisconsin is ""one of the bluest"" states, but under Scott Walker its unemployment rate ""is around 3.5%.""",false,false,"['false', 'pants-fire']",2,True
"Arizona Secretary of State Katie Hobbs “sent 6,000 wrong ballots to Republicans.”",false,false,"['false', 'mostly-false', 'half-true', 'mostly-true', 'pants-fire', 'true']",6,True
"""In this judicial race, special  interest groups have demanded  money from me, in exchange for  endorsement and support.""",false,false,"['false', 'mostly-false', 'half-true', 'mostly-true', 'pants-fire']",5,True
"Gwinnett County, Georgia, sheriff's office said white supremacists “are planning to attack” Black people “from now until the Inauguration.”",pants-fire,pants-fire,"['pants-fire', 'false']",2,True
Rep. Elissa Slotkin’s vote for the 2022 Inflation Reduction Act was a vote to “cut Medicare benefits for seniors.”,false,mostly-false,"['mostly-false', 'false', 'half-true', 'true', 'mostly-true', 'pants-fire']",6,True
“Barack Obama signals That Democrats Intend to Cheat in the Virginia Governor’s Election.”,false,false,"['false', 'mostly-false', 'pants-fire']",3,True
“Lula's staff infiltrated and caused damage while the Brazilian Patriots cleaned up.”,pants-fire,false,"['false', 'mostly-false', 'pants-fire', 'half-true', 'mostly-true', 'true']",6,True
"Says Russ Feingold ""wanted to get money out of politics. Now he's profiting from that same dark money.""",half-true,half-true,"['half-true', 'mostly-false', 'mostly-true', 'false']",4,True
"The last three days of early voting ""happen to be the most populated days of voting that we have in early voting.""",mostly-true,mostly-true,"['mostly-true', 'true', 'half-true']",3,True
"Says 50 percent of millennials don’t associate with ""any political party.""",half-true,mostly-true,"['mostly-true', 'false', 'mostly-false', 'half-true', 'true', 'pants-fire']",6,True
"""'Wrong precinct' rules exacerbate our provisional ballot problems (and) HB 194 does nothing to solve the wrong-precinct problem.""",true,true,"['true', 'mostly-true', 'half-true', 'mostly-false', 'false']",5,True
Delayed election results are proof of fraud.,false,false,"['false', 'mostly-false', 'pants-fire', 'half-true']",4,True
“Joe Biden announced to the world tonight that they are going to cheat by dumping ballots.”,pants-fire,pants-fire,"['pants-fire', 'false']",2,True
"The U.S. Department of Homeland Security warned that the SAVE ""database is not a foolproof means of verifying (citizenship on) the voter rolls.""",true,true,"['true', 'mostly-true', 'half-true', 'false', 'mostly-false']",5,True
"""Republican Bob Donovan"" has ""run as a Republican time and again.""",half-true,half-true,['half-true'],1,True
"""Kay Bailey Hutchison was elected state treasurer,  succeeding Ann Richards. Democrats then abolished the position ...  Hutchison later became a U.S. senator.""",false,false,"['false', 'mostly-false', 'true']",3,True
"Nevada Democratic Party leaders ""hijacked the process on the floor"" of the state convention ""ignoring the regular procedure and ramming through what they wanted to do.""",false,mostly-true,"['mostly-true', 'true', 'half-true', 'mostly-false', 'false', 'pants-fire']",6,True
"""The McCain campaign is roughly in the position where Vice President Gore was running against President Bush one week before the election of 2000.""",false,false,"['false', 'mostly-false', 'pants-fire', 'true']",4,True
"""The number of new businesses started per year has dropped by 100,000 during this president’s term.""",half-true,mostly-false,"['mostly-false', 'false', 'mostly-true', 'half-true', 'true', 'pants-fire']",6,True
"""In this last election in November, ... 63 percent of the American people chose not to vote, ... 80 percent of young people, (and) 75 percent of low-income workers chose not to vote.""",half-true,mostly-true,"['mostly-true', 'half-true', 'mostly-false', 'true', 'false']",5,True
"""The Koch brothers alone gave twice as much money to Scott Walker as the total amount of money raised by Tom Barrett.""",false,false,"['false', 'true', 'mostly-false', 'mostly-true', 'half-true', 'pants-fire']",6,True
Says it’s illegal to hold an absentee-only election or mail ballots to every registered voter,true,false,"['false', 'mostly-false', 'true', 'mostly-true', 'half-true']",5,True
"Social media posts stated: “Remember Kamala telling Joe during the debate, ‘You will do whatever the Chinese tell you! They gave your son over a billion dollars.’”",pants-fire,false,"['false', 'pants-fire', 'mostly-false']",3,True
"""Last time Democrats removed a Republican from the ballot” was Abraham Lincoln in 1860.",false,false,"['false', 'mostly-false', 'half-true', 'true', 'mostly-true', 'pants-fire']",6,True
"If Joe Biden can’t serve his full term, Kamala Harris “cannot by constitutional law become president.”",false,false,"['false', 'mostly-false', 'pants-fire']",3,True
Says George Soros was arrested in Philadelphia for election interference.,pants-fire,false,"['false', 'pants-fire']",2,True
"""I have won more elections than any chairman since 1938.""",half-true,half-true,"['half-true', 'mostly-false']",2,True
"""Right now, I’m polling at about 8 percent"" against Barack Obama and Mitt Romney.",mostly-false,mostly-false,"['mostly-false', 'false', 'half-true', 'mostly-true']",4,True
"We’ve broken ""by millions"" the all-time record for votes in a GOP presidential primary election.",false,false,"['false', 'mostly-false', 'half-true', 'mostly-true', 'pants-fire', 'true']",6,True
"Virginia Democrats recently enforced voter ID rules that were ""considerably more stringent than those contained in the state law they denounce.""",half-true,mostly-true,"['mostly-true', 'false', 'mostly-false', 'half-true', 'true', 'pants-fire']",6,True
Nearly 90% of Travis County government races will be settled by the time of the Democratic primary.,mostly-true,mostly-true,"['mostly-true', 'true', 'half-true', 'false', 'mostly-false', 'pants-fire']",6,True
"The gender gap in his support is ""not unique to me"" and ""there’s not a huge gap from where Republicans have been in presidential, gubernatorial and US Senate elections"" in recent years.",mostly-true,mostly-true,"['mostly-true', 'half-true', 'true']",3,True
The Georgia House passed a bill that “makes it a misdemeanor to give food or water to voters waiting in line.”,true,true,"['true', 'mostly-true', 'false', 'half-true', 'mostly-false']",5,True
"Says 40 years ago, the U.S. placed Texas under Voting Rights Act for failing to print ballots in Spanish.",half-true,mostly-true,"['mostly-true', 'false', 'mostly-false', 'half-true', 'true', 'pants-fire']",6,True
"""During the last election, Democrats won over a million votes more than Republicans, but because of the way districts are designed, the Republicans got 33 more members of the House of Representatives than the Democrats did.""",mostly-true,mostly-true,"['mostly-true', 'true', 'half-true', 'mostly-false', 'false']",5,True
"As Florida secretary of state, Kurt Browning ""allowed 1,800 illegal voters to register in Florida.""",pants-fire,false,"['false', 'mostly-false', 'half-true', 'mostly-true', 'true', 'pants-fire']",6,True
“Two stamps needed for mail-in ballots.”,half-true,false,"['false', 'mostly-false', 'half-true', 'mostly-true', 'true', 'pants-fire']",6,True
"In Wisconsin, ""300,000 voters were turned away by the state’s strict voter ID law"" in the 2016 presidential election.",false,false,"['false', 'pants-fire', 'mostly-false']",3,True
"Rob Portman has taken more than $125,000 from ""Big Oil.""",mostly-true,mostly-true,"['mostly-true', 'half-true', 'mostly-false', 'true']",4,True
"""Typically you have three to four debates in a U.S. Senate race. (Sen. Tammy Baldwin, D-Wis. has) given me one debate, almost a month after early voting has started.""",mostly-true,mostly-true,"['mostly-true', 'half-true', 'mostly-false', 'true', 'false']",5,True
"Says ""Brenda Snipes in Broward County is a Republican.""",false,false,"['false', 'mostly-false', 'true', 'half-true']",4,True
"In Lancaster, Pa., “We caught them with 2,600 votes. We caught them cold, 2,600 votes. ... And every vote was written by the same person.""",false,false,"['false', 'pants-fire', 'mostly-false', 'half-true', 'mostly-true']",5,True
"California firefighters decided ""to speak out"" against President Trump because his tweet about the state’s wildfires ""contained so much misinformation.""",true,true,"['true', 'mostly-true', 'half-true', 'mostly-false', 'false']",5,True
"The Freedom to Vote Act ""automatically registers ineligible voters.""",false,false,"['false', 'mostly-false', 'half-true', 'mostly-true', 'pants-fire', 'true']",6,True
"Says Pete Buttigieg ran statewide in Indiana and ""lost by 20 points.""",true,false,"['false', 'mostly-false', 'mostly-true', 'true', 'half-true']",5,True
"“Arizona audit” shows 86,391 voters “don’t appear to exist.”",false,false,"['false', 'mostly-false', 'pants-fire', 'half-true', 'mostly-true']",5,True
"""Victory! Republicans by 2 to 1 vote to endorse Mark Neumann on first ballot at GOP convention.""",false,false,['false'],1,True
“Kamala Harris said she will shut down X if elected.”,false,false,"['false', 'mostly-false']",2,True
"Says he ""won the popular vote if you deduct the millions of people who voted illegally.""",pants-fire,false,"['false', 'pants-fire', 'mostly-false']",3,True
"Wisconsin’s Government Accountability Board ""ignored their duties and did not regularly audit"" voters to remove felons ""for a span of 16 elections.",half-true,half-true,"['half-true', 'mostly-false', 'mostly-true']",3,True
"""The big Wall Street banks, the big corporations"" give ""many times more"" political donations to Democrats than Republicans.",false,false,"['false', 'mostly-false', 'pants-fire', 'mostly-true']",4,True
U.S. tax dollars sent to help Ukraine were laundered back by cryptocurrency firm FTX to help Democrats in midterms.,false,false,"['false', 'mostly-false', 'pants-fire', 'mostly-true', 'half-true']",5,True
Project 2025 would defund K-12 schools.,half-true,mostly-false,"['mostly-false', 'mostly-true', 'half-true', 'false', 'true']",5,True
"Says NC absentee voters have ""no way"" to know if ballots are delivered",mostly-false,false,"['false', 'mostly-false', 'half-true', 'mostly-true', 'pants-fire', 'true']",6,True
"In New York City “local elections, illegal immigrants can vote.”",false,false,"['false', 'pants-fire', 'mostly-false']",3,True
"""You have to be a citizen to vote,"" but with same-day voter registration, ""you have places where people just walk in and vote.""",false,false,"['false', 'mostly-false', 'half-true', 'mostly-true', 'true', 'pants-fire']",6,True
Says Republican Sen. John McCain won more votes for president in Cuyahoga County in the 2008 general election than he did in seven states.,true,true,['true'],1,True
ABC News fired presidential debate moderators David Muir and Linsey Davis.,pants-fire,pants-fire,"['pants-fire', 'false']",2,True
"In Texas, a person can register a dead relative to vote and then cast a mail ballot in their name.",mostly-false,false,"['false', 'mostly-false', 'half-true', 'mostly-true', 'true']",5,True
"Usha Vance, wife of Republican vice presidential nominee JD Vance, posted on X that Vice President Kamala Harris was “absolutely a DEI hire.”",false,false,['false'],1,True
"Human error, such as skipping a community in the Wisconsin Supreme Court race, ""is common in (the vote-tabulation) process.",mostly-false,mostly-true,"['mostly-true', 'half-true', 'mostly-false', 'false', 'true']",5,True
"""We won (Wisconsin in 2016) not so late in the evening — a little bit early in the evening, actually, which is even better.""",false,false,"['false', 'mostly-false', 'half-true', 'mostly-true', 'pants-fire', 'true']",6,True
"Says Missouri needs a voter I.D. law because ""there’s over 16 people in the state of Missouri who have been convicted of some type of voter fraud.""",half-true,false,"['false', 'mostly-false', 'half-true', 'mostly-true', 'pants-fire', 'true']",6,True
Democrats “manufactured votes from low income voters to steal the battleground states.”,pants-fire,false,"['false', 'mostly-false', 'pants-fire']",3,True
"Celebrities including Bruce Springsteen, Robert De Niro, Robert Downey Jr., John Legend and Tom Hanks have announced they are leaving the U.S. following the 2024 election.",false,false,"['false', 'pants-fire', 'mostly-false']",3,True
"""Pelosi sinks to new low, tells Dems: if you have to lie to voters to win, do it.""",false,false,"['false', 'mostly-false', 'half-true', 'pants-fire', 'mostly-true', 'true']",6,True
Dominion Voting Systems “deleted 2.7 million Trump votes nationwide.”,pants-fire,false,"['false', 'pants-fire', 'mostly-false']",3,True
"The IRS ""also investigated liberal groups, groups that had progressive in their name. ... The IRS was basically looking at everybody.""",half-true,mostly-true,"['mostly-true', 'half-true', 'mostly-false', 'true', 'false', 'pants-fire']",6,True
"""70 percent of the people who voted"" on June 5, 2012, ""just didn’t feel comfortable with the recall of the governor,"" weakening any idea that Wisconsin is ""fully behind this Walker agenda.""",half-true,half-true,"['half-true', 'mostly-true']",2,True
Said Republicans made historic gains in state legislatures during last month’s election,true,true,"['true', 'mostly-true']",2,True
Quotes Joe Biden as saying “We need to teach our children the ISLAMIC FAITH in our schools!”,false,false,"['false', 'mostly-false', 'pants-fire', 'half-true']",4,True
The 2020 election was the only time in American history that an election took more than 24 hours to count.,false,false,"['false', 'mostly-false', 'pants-fire', 'true']",4,True
"""How many federal rulings have NOW found intentional discrimination by #Txlege since 2011? 6.""",true,true,"['true', 'mostly-true']",2,True
"""Dwayne 'The Rock' (Johnson) Has Officially Filed For The 2020 Presidential Campaign""",false,false,"['false', 'pants-fire', 'mostly-false']",3,True
"“In Arizona, we have flood the zone with fake ballots.”",pants-fire,false,"['false', 'pants-fire', 'mostly-false', 'half-true']",4,True
"""Any Republican that has led for two months and led every state has won the GOP nomination.""",half-true,false,"['false', 'mostly-true', 'half-true', 'mostly-false', 'true', 'pants-fire']",6,True
Says the election results are suspicious because opponent U.S. Sen. Baldwin won “nearly 90%” of absentee ballots in Milwaukee.,false,false,"['false', 'mostly-false', 'half-true', 'mostly-true']",4,True
"Says Hillary Clinton ""shows up in Broward County"" and had a private meeting with elections supervisor Brenda Snipes.",pants-fire,false,"['false', 'pants-fire', 'mostly-false', 'half-true', 'mostly-true']",5,True
Sen. Rick Scott does not support abortion exceptions.,false,false,"['false', 'mostly-false', 'mostly-true', 'true', 'half-true']",5,True
Says the NAACP's Ohio chapter has endorsed Issue 2.,mostly-false,mostly-false,"['mostly-false', 'false', 'half-true', 'mostly-true']",4,True
"Says Charlie Crist's campaign bashed Sen. Bill Nelson's ""big-government solutions.""",pants-fire,false,"['false', 'mostly-false', 'mostly-true', 'true', 'half-true']",5,False
“New York Mail-In voting is in a disastrous state of condition. Votes from many weeks ago are missing - a total mess. They have no idea what is going on. Rigged Election.”,mostly-false,mostly-false,"['mostly-false', 'false', 'half-true', 'pants-fire', 'mostly-true']",5,True
"Democratic Party candidates for the state Assembly ""actually received 200,000 more votes statewide"" than their Republican counterparts in the 2012 election",mostly-true,mostly-true,"['mostly-true', 'half-true', 'mostly-false', 'false', 'true']",5,True
Vice President Kamala Harris “is a communist. … She is really a Marxist.”,pants-fire,false,"['false', 'pants-fire', 'mostly-false']",3,True
"""21% of 140,000 ballots were found to be in error in GA.”",mostly-false,false,"['false', 'mostly-false', 'half-true', 'mostly-true', 'pants-fire', 'true']",6,True
“I certainly supported Barack Obama and Joe Biden. ... I was there both times for them.”,half-true,false,"['false', 'mostly-false', 'half-true', 'mostly-true', 'true', 'pants-fire']",6,True
Says shredded ballots were found in Dell boxes in Georgia,pants-fire,false,"['false', 'mostly-false', 'pants-fire']",3,True
“Jaime Harrison is being left off of South Carolina ballots”,false,false,"['false', 'mostly-false', 'half-true', 'mostly-true', 'true']",5,True
"Tim Sheehy “would let politicians like him ban abortion, with no exceptions for rape or to save a woman’s life, and criminalize women.”",mostly-false,mostly-false,"['mostly-false', 'mostly-true', 'half-true', 'false', 'true', 'pants-fire']",6,True
“Eighty-two percent of the country understands that (the 2020 election) was a rigged election.”,false,false,"['false', 'pants-fire', 'mostly-false', 'half-true']",4,True
"""H.B. 194, the Voter Suppression Bill, invalidates a vote where a voter properly marks the ballot in support of a particular candidate, but also writes in the name of that same candidate.""",mostly-true,mostly-true,"['mostly-true', 'half-true', 'mostly-false', 'true']",4,True
"Says he posted a ""win"" in the Republican Party of Wisconsin endorsement contest in the U.S. Senate primary.",mostly-true,mostly-true,"['mostly-true', 'half-true']",2,True
Thousands of military ballots were found in the trash in Wisconsin.,false,false,['false'],1,True
November election data shows a “stunning anomaly in the rejection rate of absentee ballots.”,false,false,"['false', 'mostly-true', 'mostly-false', 'half-true', 'true', 'pants-fire']",6,True
"“Your minor child can go to California without your knowledge or without your consent, and get hormone therapy, puberty blockers and a sex change operation.”",mostly-false,false,"['false', 'mostly-false', 'pants-fire', 'half-true', 'mostly-true', 'true']",6,True
"Says Gov. Rick Perry is ""by far and away the highest-paid state employee on an hourly basis.""",pants-fire,pants-fire,"['pants-fire', 'false', 'mostly-false', 'true']",4,True
"Says Joe Biden proposed “killing over 600,000 jobs supported by fracking.”",false,false,"['false', 'mostly-false', 'half-true', 'mostly-true', 'pants-fire', 'true']",6,True
Nikki Haley “raised taxes.”,mostly-false,false,"['false', 'mostly-false', 'mostly-true', 'half-true', 'true', 'pants-fire']",6,True
Says Joe Biden took a knee during the national anthem.,false,false,"['false', 'mostly-false', 'half-true', 'mostly-true', 'true', 'pants-fire']",6,True
"""As the election tracker FiveThirtyEight has reported, whoever wins Pennsylvania will be our next President.""",mostly-false,false,"['false', 'mostly-false', 'half-true', 'mostly-true', 'pants-fire', 'true']",6,True
"""Since 2000, when he entered politics, Jon Husted has been on the ballot six times for three different political offices.""",true,true,['true'],1,True
"New York state has ""no ID requirement"" to vote, and people could lie about their address and ""vote in multiple precincts.""",mostly-false,false,"['false', 'mostly-false', 'mostly-true', 'true', 'half-true', 'pants-fire']",6,True
"“Gina Haspel, CIA head is dead!”",pants-fire,pants-fire,['pants-fire'],1,True
Says Tony Evers is “a career politician.”,mostly-false,false,"['false', 'mostly-false', 'half-true', 'mostly-true', 'true', 'pants-fire']",6,True
"The last time Republican U.S. Senate candidates ""beat more than two (incumbents) was 1980.""",true,true,"['true', 'false', 'mostly-true', 'half-true', 'mostly-false']",5,True
"Republicans offered Wisconsin bar patrons ""free shots (of alcohol) to sign recall petitions against"" Democrats.",mostly-false,mostly-false,"['mostly-false', 'half-true', 'mostly-true', 'false', 'pants-fire']",5,True
A Melania Trump impostor accompanied former President Donald Trump to the polls Nov. 5.,false,false,"['false', 'true', 'mostly-false', 'mostly-true', 'half-true']",5,True
"Says the NC elections board “did not change state law.""",mostly-false,false,"['false', 'mostly-false', 'true', 'mostly-true', 'half-true', 'pants-fire']",6,True
The 2024 election results show that Joe Biden’s 80 million votes in 2020 were a “lie.”,pants-fire,false,"['false', 'pants-fire', 'mostly-false']",3,True
“Wisconsin is almost equally divided on partisan lines” and therefore new Legislative maps could be drawn to “represent that 50-50 split.”,mostly-false,mostly-false,"['mostly-false', 'half-true', 'false', 'mostly-true', 'true', 'pants-fire']",6,True
"Says Hillary Clinton's ""campaign hasn't been clear about when she wiped her server of her work emails.""",mostly-true,mostly-true,"['mostly-true', 'true', 'half-true', 'mostly-false', 'false']",5,True
"""Mostly Democrat states refused to hand over data"" that could show election fraud.",half-true,mostly-false,"['mostly-false', 'false', 'half-true', 'mostly-true', 'pants-fire']",5,True
“Bennie Thompson objected to the 2004 Presidential election.”,mostly-true,false,"['false', 'mostly-false', 'true', 'half-true', 'mostly-true', 'pants-fire']",6,True
The Republican Party has not won a presidential election without either a Bush or a Nixon on the ticket since 1928.,true,true,"['true', 'mostly-true', 'half-true']",3,True
