statement,true_verdict,predicted_verdict,prediction_set,set_size,is_covered
A provision of the Senate immigration bill would require you to have government permission to get a second job.,half-true,false,"['mostly-true', 'half-true', 'mostly-false', 'false']",4,True
"""Tim Kaine doesn’t want a border at all. He wants to get rid of Immigration and Customs Enforcement and basically the border patrol as well.""",pants-fire,false,"['mostly-false', 'false']",2,False
Craigslist ad was “recruiting people for LA ‘protests.’”,false,false,['false'],1,True
"GOP candidate for California governor Travis Allen ""on the floor vote … refused to join Republicans opposing driver licenses for illegal aliens.""",half-true,mostly-true,"['true', 'mostly-true', 'half-true', 'mostly-false', 'false']",5,True
"""Here are the facts: there is no massive wave of migrants pouring into California. Overall immigrant apprehensions on the border last year were as low as they’ve been in nearly 50 years (and 85 percent of the apprehensions occurred outside of California).""",true,true,"['true', 'mostly-true']",2,True
"""Nikki Haley refused to call illegals criminals"" and ""repeatedly pushed amnesty for illegals.""",false,mostly-false,"['mostly-false', 'false']",2,True
"""Unemployment has been on the rise throughout Wisconsin"" as Paul Ryan stepped up his advocacy of ""immigration increases.""",mostly-false,mostly-false,['mostly-false'],1,True
"""BREAKING: Trump family donates $1 billion to wall fund.""",pants-fire,pants-fire,['pants-fire'],1,True
"""The overall fact about illegal immigration is that it's not actually getting worse.""",true,true,['true'],1,True
"Bill McCollum ""served as a lobbyist whose clients enabled mortgages for illegal immigrants.""",false,false,['false'],1,True
"Says U.S. Senate candidate Cory Gardner ""blocked immigration reform"" and ""voted to deport our DREAMers.""",mostly-false,mostly-true,"['mostly-true', 'half-true', 'mostly-false', 'false']",4,True
"""In the last five years, 28,000 people have been killed along the U.S.-Mexico border.""",false,false,['false'],1,True
"Says if a Florida bill (HB 697) punishing sanctuary cities becomes law ""it will be the only law of its kind in the nation.""",mostly-true,true,"['true', 'mostly-true']",2,True
"Says Donald Trump ""asserted that immigrants would quote, ‘carve you up with a knife’.""",false,false,"['true', 'mostly-true', 'half-true', 'mostly-false', 'false']",5,True
"“In 1996, Congress specifically authorized the executive branch to conduct non-judicial deportations NOT SUBJECT TO DUE PROCESS.”",false,false,"['true', 'mostly-true', 'half-true', 'mostly-false', 'false']",5,True
"Says the diversity visa lottery program is ""a Chuck Schumer beauty.""",mostly-false,mostly-false,"['mostly-true', 'half-true', 'mostly-false', 'false']",4,True
"The immigration bill includes free ""Obamacars,"" motorcycles or scooters.",pants-fire,false,"['mostly-false', 'false']",2,False
"The number of illegal immigrants in the United States is ""30 million, it could be 34 million.""",pants-fire,false,"['false', 'pants-fire']",2,True
"""Per capita, more Floridians move to California than Californians moving to Florida.”",mostly-true,mostly-true,"['true', 'mostly-true']",2,True
"""Nobody applies to the United States for refugee status. They apply to the United Nations.""",false,false,"['mostly-false', 'false']",2,True
“Portland is burning to the ground.”,false,false,"['false', 'pants-fire']",2,True
"The new Arizona immigration law ""says that any police officer can stop anyone who appears to them to be reasonably suspicious of being an undocumented person.""",mostly-true,mostly-true,"['mostly-true', 'half-true']",2,True
"""Our veterans, in many cases, are being treated worse than illegal immigrants.""",false,false,"['half-true', 'mostly-false', 'false']",3,True
"""The weak illegal immigration policies of the Obama Admin. allowed bad MS 13 gangs to form in cities across U.S. We are removing them fast!""",false,mostly-false,"['mostly-false', 'false']",2,True
"Under the DREAM Act, after two years of higher education or military service ""you are eligible for citizenship. Once a citizen, this paves the way to bring the rest of (your) extended family to the United States.""",mostly-false,mostly-false,"['half-true', 'mostly-false', 'false']",3,True
“The Biden Administration is recklessly releasing hundreds of illegal immigrants who have COVID into Texas communities.”,mostly-false,false,"['mostly-false', 'false']",2,True
"Says children at Homestead migrant facility ""get 30 minutes over a month to talk to family members. If they were in a prison — a federal prison — they would get 300 minutes.""",half-true,false,"['mostly-true', 'half-true', 'mostly-false', 'false']",4,True
Says Democratic Senate candidate Mandela Barnes “supports abolishing ICE.”,mostly-false,false,"['mostly-false', 'false']",2,True
"When migrants arrived on Martha’s Vineyard, “They called out the National Guard and deported them within 24 hours.”",false,false,['false'],1,True
"Says Tony Evers wants to give in-state tuition and drivers licenses to ""illegal aliens.""",mostly-true,mostly-false,"['mostly-true', 'half-true', 'mostly-false']",3,True
"""The federal government has not engaged in (border security) at all.""",pants-fire,false,"['false', 'pants-fire']",2,True
Says state Senate candidate Aaron Bean voted to give health care subsidies to illegal immigrants.,false,false,"['mostly-false', 'false']",2,True
"""We’re at the point of reaching 2 million deportations ... this is a historic level, more than any other president of the United States.""",half-true,mostly-true,"['true', 'mostly-true', 'half-true', 'mostly-false']",4,True
"""If Rick Scott had his way he would encourage racially profiling immigrant communities here in Florida. He also opposed allowing Dreamers to remain in the U.S.""",mostly-false,mostly-false,"['half-true', 'mostly-false', 'false']",3,True
Proof of citizenship isn't necessary before you register to vote in Florida.,mostly-false,false,"['true', 'mostly-true', 'half-true', 'mostly-false', 'false']",5,True
Says diversity visa immigrants are not vetted.,false,false,"['half-true', 'mostly-false', 'false']",3,True
“The millions (of immigrants) that have been paroled can simply go to their local welfare office or the DMV and register to vote.”,false,false,"['mostly-false', 'false']",2,True
"Says Rick Perry ""supported a guest worker program to help people who would otherwise be illegal aliens.""",mostly-true,true,"['true', 'mostly-true']",2,True
"""The Z-visa that was offered in that Senate bill let everybody who's here illegally, other than criminals, stay here for the rest of their lives.""",false,false,"['mostly-false', 'false']",2,True
"Says Larry Taylor gave ""in-state tuition to illegal immigrants.""",pants-fire,false,"['mostly-true', 'half-true', 'mostly-false', 'false']",4,False
"Mitt Romney ""says the Arizona immigration law should be a model for the nation.""",false,mostly-true,"['true', 'mostly-true', 'half-true', 'mostly-false']",4,False
"Says Jeb Bush ""flip-flop-flip(ped) on immigration.""",true,mostly-false,"['true', 'mostly-true', 'half-true', 'mostly-false', 'false']",5,True
"""President Donald Trump signed DEPLOYMENT ORDERS for the 82nd Airborne Division of the United States Army, instructing them to deploy from Ft. Bragg, NC, to the U.S. southern border at Mexico.""",false,false,['false'],1,True
"Says ""nothing"" in Obama’s $3.7 billion request to address the child immigrant situation ""actually secures the border.""",mostly-false,false,"['half-true', 'mostly-false', 'false']",3,True
"""Many of the great scholars say that anchor babies are not covered"" by the 14th Amendment.",half-true,false,"['mostly-false', 'false']",2,False
"""Every president since Eisenhower has taken executive action to address immigration issues.""",mostly-true,true,"['true', 'mostly-true']",2,True
"Says Bobby Jindal’s parents ""used his birthright citizenship to become Americans, making him an anchor baby.""",pants-fire,false,"['mostly-false', 'false']",2,False
"""25 percent of federal inmates are noncitizens.""",mostly-true,mostly-true,"['true', 'mostly-true', 'half-true']",3,True
"Says that when President Obama visited El Paso, he ""pronounced that the border with Mexico and the United States was safer than it ever was in history.""",mostly-true,mostly-false,"['mostly-true', 'half-true', 'mostly-false', 'false']",4,True
"""This is the most generous country in the world when it comes to immigration. There are a million people a year who legally immigrate to the United States.""",mostly-true,mostly-true,"['true', 'mostly-true', 'half-true', 'mostly-false']",4,True
There are “22 million illegal aliens living in America and ... voting illegally.”,false,false,['false'],1,True
"The government gave $3,500 debit cards to immigrants while giving only $750 to Hurricane Helene victims.",false,false,['false'],1,True
"Says Joe Biden “shut down travel from 8 countries in response to the Omicron variant, but he refuses to require a #COVID19 test for illegal immigrants crossing our Southern border.”",half-true,mostly-false,"['mostly-true', 'half-true', 'mostly-false', 'false']",4,True
"""The vast majority of (Syrian) refugees are young, able-bodied men looking for work.""",false,false,"['mostly-false', 'false']",2,True
"""Under Mayor Cicilline, [Providence] was a sanctuary city.""",false,mostly-true,"['true', 'mostly-true', 'half-true', 'mostly-false', 'false']",5,True
"""NAFTA allows a lot of trucks from Mexico, for example, to leave there and ... drive straight through without even being inspected.""",mostly-false,false,"['mostly-true', 'half-true', 'mostly-false', 'false']",4,True
Says the nation is locked down and there’s “a wide open border.”,false,false,"['mostly-false', 'false']",2,True
"Migrants in New York City are receiving prepaid debit cards with up to $10,000 and no restrictions.",false,false,['false'],1,True
"""For what it would cost the (National) Guard to make just two arrests at the border, we could give a homeless veteran permanent housing for an entire year.""",mostly-true,mostly-true,"['true', 'mostly-true']",2,True
"""Up until two weeks ago, John McCain was a leading proponent of amnesty. Now with me challenging him, suddenly he has changed.""",pants-fire,pants-fire,['pants-fire'],1,True
"""Let’s talk about the facts and where we are today. There are still nearly 2,600 children who are separated from their parents"" due to the Trump administration’s zero-tolerance policy.",true,true,['true'],1,True
"""Crime is down in Arizona.""",true,true,['true'],1,True
"As California's Insurance Commissioner, ""Steve Poizner pledged to block immigrant children from ever getting MediCal health insurance.""",half-true,false,"['mostly-false', 'false']",2,False
"Leticia Van de Putte ""voted to give illegal immigrants in this country free health care--not emergency health care but total free health care.""",false,false,"['mostly-false', 'false']",2,True
“They are not getting the traditional five months training. … The training for the ICE agents now is 47 days.”,mostly-true,mostly-true,"['true', 'mostly-true', 'half-true']",3,True
"Tyson Foods announced it would hire 52,000 migrants.",false,false,['false'],1,True
"Says Roy Moore is ""on the wrong side of Trump’s border wall.""",mostly-false,mostly-false,"['mostly-true', 'half-true', 'mostly-false', 'false']",4,True
"""There are at least three sectors of the border, one in particular, that are just completely insecure.""",mostly-false,mostly-false,"['mostly-true', 'half-true', 'mostly-false', 'false']",4,True
“Biden has implemented a formal policy that illegal aliens who intrude into the United States are granted immunity from deportation.”,false,false,"['mostly-false', 'false']",2,True
"""Border agents discover body of 6-year-old girl: 'She was raped By 30 men'.""",false,false,['false'],1,True
"""We have that program where immigrants come here and they have to bring a million dollars in order to get a green card if they’re going to create jobs.""",mostly-false,mostly-false,"['mostly-false', 'false']",2,True
"""Currently, it takes up to 25 years to obtain U.S. citizenship legally"" but the Senate bill ""would allow immigrants who came to the United States illegally to obtain citizenship in just 13 years.""",half-true,half-true,['half-true'],1,True
"""Illegal aliens cost the state of Rhode Island $400 million a year.""",pants-fire,pants-fire,['pants-fire'],1,True
"In 2006, Arizona had four ballot issues that were ""very tough on illegal immigration... Forty-seven percent of the Hispanics in Arizona voted for them.""",mostly-false,mostly-false,"['mostly-false', 'false']",2,True
"H-1B guest workers are “being employed as dog trainers, massage therapists, cooks, and English teachers.”",mostly-false,mostly-false,"['half-true', 'mostly-false', 'false']",3,True
"""Nearly 180,000 illegal immigrants with criminal records, ordered deported from our country, are tonight roaming free to threaten peaceful citizens.""",mostly-true,mostly-true,"['true', 'mostly-true', 'half-true', 'mostly-false']",4,True
Says Gov. Andrew Cuomo and Democratic lawmakers are “granting free tuition to illegal immigrants while closing Excelsior Scholarship applications to citizen students.”,mostly-false,mostly-false,"['half-true', 'mostly-false']",2,True
"A ""horrible law"" requires that children be separated from their parents ""once they cross the Border into the U.S.""",false,false,"['mostly-false', 'false']",2,True
An illegal immigrant who gains admission at a public college takes class space away from students who are legal residents.,mostly-true,mostly-true,['mostly-true'],1,True
"""Nearly 65 percent -- almost two-thirds -- of all new permanent residents obtained that status by virtue of their family status.""",true,mostly-true,"['true', 'mostly-true']",2,True
"Phoenix is the kidnapping capital ""of the Western Hemisphere.""",false,false,['false'],1,True
"Said Adolf Hitler and Donald Trump have both described deportations as ""a military operation.""",mostly-false,mostly-false,"['mostly-true', 'half-true', 'mostly-false', 'false']",4,True
"""The U.S. Census believes that by 2030 the majority of Americans will use Spanish as their first language.""",pants-fire,false,"['mostly-false', 'false']",2,False
"“Pelosi’s new coronavirus bill allows illegals to receive billions in relief funds in past, current, and future payments.”",mostly-true,false,"['mostly-false', 'false']",2,False
"Says Newt Gingrich ""has said that we should make the 11 million illegal workers that are in this country legal.""",false,false,['false'],1,True
"Says three Ukrainians recently captured on a West Texas ranch are among ""individuals from countries that have strong terrorist ties being apprehended"" near the state’s border with Mexico.",half-true,mostly-true,"['true', 'mostly-true', 'half-true', 'mostly-false', 'false']",5,True
"""Congress quietly repealed the McCarran Warner Act of 1952 forbidding Muslims from holding office.""",false,false,['false'],1,True
"""My position hasn’t changed"" on using executive authority to address immigration issues.",false,mostly-false,"['mostly-true', 'half-true', 'mostly-false', 'false']",4,True
"""We've had examples like in Yuma County, where we've been able to stop 97 percent of the illegal (immigration) flow, and those programs, they abolish.""",mostly-false,false,"['mostly-false', 'false']",2,True
"""Only one out of five of the so-called ‘Syrian refugees’ who went into Europe were actually Syrian.""",mostly-false,mostly-false,"['mostly-false', 'false']",2,True
"Over a million people apprehended at the border this year, ""meaning probably another 2 or 3 million have come in illegally.""",half-true,mostly-true,"['mostly-true', 'half-true', 'mostly-false', 'false']",4,True
"""In the Senate, (Mike) DeWine voted with Hillary Clinton to let illegal immigrants receive Social Security. And in Ohio, DeWine allowed illegal immigrants to receive driver's licenses.""",mostly-false,false,"['mostly-false', 'false']",2,True
"ICE is in Uvalde, Texas, “so undocumented parents have to consider arrest deportation before they go check to see if their kids are alive.”",false,false,"['half-true', 'mostly-false', 'false']",3,True
"Says Rick Perry ""turned down our invitation to meet"" President Barack Obama in El Paso.",mostly-true,mostly-true,"['true', 'mostly-true']",2,True
"Chicago city officials ""have adopted an official policy of protecting criminal aliens who prey on their own residents.""",false,false,"['mostly-false', 'false', 'pants-fire']",3,True
"“Title 42 and other Trump-era holdovers are forcing migrants into dangerous, overcrowded conditions in Mexico.”",mostly-true,mostly-true,"['true', 'mostly-true']",2,True
"The children coming across the southern U.S. border ""were never examined after they got here and quarantined if they had a disease. They were just sent out across the country. Many of them had measles ... We now have an outbreak of it all because of our immigration policy.""",pants-fire,false,"['mostly-false', 'false']",2,False
"Immigrants ""can show up at any embassy or consulate abroad"" to make their asylum claims.",false,false,['false'],1,True
"Says President Barack Obama promised a ""pathway to citizenship"" to undocumented immigrants and ""didn't deliver jack squat on any of it.""",mostly-true,mostly-true,['mostly-true'],1,True
Sen. Mark Kelly voted “for benefits to illegals.”,false,false,"['mostly-false', 'false']",2,True
Says Paul Workman authored legislation providing amnesty for illegal immigrants.,half-true,false,"['true', 'mostly-true', 'half-true', 'mostly-false', 'false']",5,True
"""Since 2001, 63,000 of us were murdered by illegal aliens.""  ​",false,false,['false'],1,True
"""The major immigration issue was about Poles, and Bulgarians, and Romanians,"" and that they weren’t contributing economically. ""The unemployment rate among Poles in Britain is lower than the unemployment rate among Brits.""",true,true,"['true', 'mostly-true']",2,True
"John Cornyn ""voted twice in 2013 to back Obama’s amnesty plan.""",pants-fire,false,"['half-true', 'mostly-false', 'false']",3,False
"The DREAM Act the ""would give amnesty to over two million illegal aliens.""",false,false,['false'],1,True
"""Police officers in this state have that right,"" to check the immigration status of people they arrest.",true,true,['true'],1,True
Says Donald Trump said “good” during the final presidential debate in reference to families being separated at the border.,false,false,['false'],1,True
Says 11 soccer players on the U.S. Men’s National Team are immigrants.,false,false,['false'],1,True
"Says Beto O’Rourke is ""open to abolishing ICE.""",mostly-true,half-true,"['true', 'mostly-true', 'half-true', 'mostly-false', 'false']",5,True
"""Close to half of the folks in this country illegally entered legally (but) overstayed (their ) visas.""",mostly-true,mostly-true,['mostly-true'],1,True
"""There are more people living in this country who were not born here than at anytime in the history of the country.""",half-true,mostly-true,"['true', 'mostly-true', 'half-true', 'mostly-false', 'false']",5,True
This is the 911 call placed by the migrants trapped in the truck found in San Antonio.,false,false,['false'],1,True
"Canadian-born Ted Cruz ""has had a double passport.""",false,false,"['mostly-false', 'false']",2,True
"Says Jacky Rosen ""voted against stopping criminals from re-entering the United States.""",mostly-false,false,"['half-true', 'mostly-false', 'false']",3,True
"Says President Donald Trump implemented “a travel ban that just didn't work, 400,000 people got in from those countries that were subject to the restrictions.”",false,mostly-false,"['mostly-true', 'half-true', 'mostly-false', 'false']",4,True
"Georgia’s illegal immigration crackdown laws should be called the ""Brown Codes"" because of their similarity to the ""Black Codes"" governing blacks after the Civil War.",false,false,['false'],1,True
"“If people come into our country illegally, there’s a different standard” for due process.",false,false,"['mostly-false', 'false']",2,True
"""Taxpayer-funded benefits to illegals"" in California are ""a skyrocketing cost under Obamacare.""",false,false,['false'],1,True
"“Illegal aliens will receive $1,400 stimulus checks.”",mostly-false,false,['false'],1,False
"""In Florida, 70 percent of the people here illegally came on an airplane. They overstayed a visa.""",mostly-true,mostly-true,"['mostly-true', 'half-true', 'mostly-false', 'false']",4,True
"""Seventy-six percent of the American people support us passing the DREAM Act … with citizenship and legalization as part of it all. … More than 60 percent of Republicans support that.""",true,true,['true'],1,True
"""We could build 30 walls with the $150 billion Obama gave to Iran.""",false,false,"['mostly-false', 'false']",2,True
"""Undocumented immigrants commit less crimes than the native born.""",mostly-true,true,"['true', 'mostly-true']",2,True
"""Illinois is now letting illegal aliens become police officers.""",mostly-false,false,"['mostly-false', 'false']",2,True
"""The debate on securing our border can't be measured in partisan jabs. It has to be measured in the human toll caused by porous borders: 1/3 migrant women are sexually assaulted;  7/10 migrants are victims of violence; 20k migrant children were illegally smuggled last month.""",mostly-false,mostly-false,"['half-true', 'mostly-false', 'false']",3,True
"Says the 2015 vote on the American Security Against Foreign Enemies Act ""was not a vote to deny access to the U.S.""",half-true,false,"['mostly-true', 'half-true', 'mostly-false', 'false']",4,True
"""The Congressional Budget Office, a nonpartisan office, did an analysis and said that passing comprehensive immigration reform will reduce the federal deficit by $200 billion over the next decade.""",true,true,"['true', 'mostly-true']",2,True
“President Trump has banned welfare for illegal immigrants which will save $57.4 billion a year.”,false,false,"['mostly-false', 'false']",2,True
"“ICE will now become the country’s largest federal law enforcement agency, bigger than the FBI, bigger than the DEA.”",mostly-true,mostly-true,"['true', 'mostly-true', 'half-true', 'mostly-false']",4,True
"January 2022 fentanyl seizures show ""illicit drugs are flowing into the country at an alarming rate because of Biden’s open border.”",mostly-false,mostly-false,"['mostly-false', 'false']",2,True
"“In August 2023, illegal immigration outpaced American births.”",false,false,['false'],1,True
"""Sometime in the next decade, there will be more Latinos in the state of Texas than there are Anglos. That will happen sometime in the next five to eight to ten years.""",true,true,['true'],1,True
"Says Jeb Bush ""happens to be where a majority"" of Republican voters are on giving legal status to illegal immigrants.",mostly-true,mostly-true,"['true', 'mostly-true']",2,True
"Says immigrants wanted by ICE have victimized ""tens of thousands of children"" in North Carolina.",false,false,"['mostly-false', 'false']",2,True
"""Over half"" of science, technology, engineering and mathematics students ""receiving advanced degrees are not citizens of the United States of America.""",half-true,half-true,['half-true'],1,True
"""The Supreme Court ruled that border agents can enter anyone’s home within a 100-mile radius of the border without a warrant for any reason and federal courts cannot do anything about it.""",mostly-false,false,"['mostly-false', 'false']",2,True
"Democrats ""want virtual immunity for illegal aliens who have created horrible crimes and murder.""",false,mostly-false,"['mostly-false', 'false']",2,True
"""Undocumented immigrants pay $12 billion of taxes every single year.""",true,mostly-true,"['mostly-true', 'half-true', 'mostly-false', 'false']",4,False
"""Only 12% of legal immigrants are selected based on skill or based on merit. In countries like Canada, Australia and New Zealand, and others, that number is closer to 60, and even 70 and 75% in some cases.""",mostly-true,mostly-true,"['mostly-true', 'half-true', 'mostly-false']",3,True
"Arizona Democrats “needed a lawsuit to force them to remove 50,000 noncitizens from voter rolls.”",false,false,"['mostly-false', 'false']",2,True
"""I never said that"" Marco Rubio was Mark Zuckerberg’s personal senator.",pants-fire,false,['false'],1,False
"""When these [undocumented] students graduate from college, they're still illegal aliens. They cannot get a job.""",true,false,"['half-true', 'mostly-false', 'false']",3,False
“BREAKING – A large convoy of trucks just breached the U.S. border patrol checkpoint in Arizona.”,false,false,['false'],1,True
"Rep. Robert Pittenger ""stood against funding for the border wall.""",false,mostly-false,"['true', 'mostly-true', 'half-true', 'mostly-false', 'false']",5,True
"""The number of new illegal immigrant families who have crossed the border so far this year already exceeds the entire total from 2015.""",half-true,mostly-true,"['mostly-true', 'half-true', 'mostly-false', 'false']",4,True
President-elect Donald Trump’s “plan to end birthright citizenship would mean (four) of his children wouldn't be considered US citizens.”,false,false,"['mostly-true', 'half-true', 'mostly-false', 'false']",4,True
"“Congo, Africa, just released a lot of people, a lot of people from their prisons and jails and brought them into the United States of America.”",pants-fire,false,['false'],1,False
"""When NAFTA was passed, there was an acceleration of immigration from Mexico because people were
in search of jobs.""",half-true,half-true,"['half-true', 'mostly-false']",2,True
"Says that in 2001, Rick Perry spoke favorably of binational health insurance between Mexico and Texas.",half-true,true,"['true', 'mostly-true', 'half-true']",3,True
The ATF updated its background check policy to allow “illegal immigrants” to purchase firearms.,false,false,['false'],1,True
"""Phoenix, Arizona, I'm told, is now the No. 2 kidnapping capital in the world, right behind Mexico City.""",false,false,['false'],1,True
A document shows Minnesota shooting victim Renee Good had a record of child abuse.,false,false,['false'],1,True
"Says neither President Barack Obama nor Mexico President Felipe Calderon ""have been on the border to see what's happening to the citizens of Mexico, and for that matter the citizens of Texas.""",half-true,half-true,['half-true'],1,True
Nikki Haley “opposed Trump’s border wall” and “Trump’s travel ban.”,false,mostly-false,"['mostly-true', 'half-true', 'mostly-false', 'false']",4,True
"“Kamala Harris has promised amnesty for the 10 million illegals she allowed in as border czar, making them eligible for Social Security. Studies warn this will lead to cuts in your Social Security benefits.""",false,false,"['mostly-false', 'false', 'pants-fire']",3,True
"A Homeland Security study ""showed 120 murders took place that could have been prevented had communities been working with ICE and Homeland Security.""",false,false,"['mostly-false', 'false']",2,True
"Says Newt Gingrich ""supports amnesty for illegal immigrants.""",half-true,mostly-false,"['true', 'mostly-true', 'half-true', 'mostly-false', 'false']",5,True
"Says President Donald Trump ""put out a $297 million contract to a vendor to show him how to hire Border Patrol. So, the first payment they made was $14.8 million. You know how many Border Patrol they hired with $14.8 million? Two.""",mostly-true,mostly-true,"['true', 'mostly-true', 'half-true', 'mostly-false']",4,True
"""The Republican plan would cut federal law enforcement officers — 30,000 — including 11,000 FBI agents, 2,000 border agents, DEA agents, and so on.""",mostly-false,mostly-true,"['true', 'mostly-true', 'half-true']",3,False
"“Nearly 2 out of 3 Americans want to reduce legal immigration from 1 million per year down to 500,000 or less.”",half-true,mostly-true,"['mostly-true', 'half-true', 'mostly-false', 'false']",4,True
"Says Barack Obama ""has deported more people than any other president in this country's history.""",half-true,mostly-true,"['true', 'mostly-true', 'half-true', 'mostly-false']",4,True
"Says Rick Perry wrote a newspaper item saying he was ""open to amnesty"" for illegal immigrants in the United States.",half-true,true,"['true', 'mostly-true', 'half-true', 'mostly-false']",4,True
"""Under @BarackObama illegal immigration dropped to a 50-year low.""",mostly-false,false,"['mostly-true', 'half-true', 'mostly-false', 'false']",4,True
"""Roy Barnes proclaimed Mexican workers good for Georgia.""",half-true,half-true,['half-true'],1,True
"Gov. Kitzhaber oversaw creation of the Oregon driver card law ""behind closed doors without allowing any input from citizens who represent the public interest.""",mostly-false,mostly-false,"['mostly-true', 'half-true', 'mostly-false', 'false']",4,True
"""One-half of undocumented workers pay federal income taxes, which means they are paying more federal income taxes than Donald Trump pays.""",half-true,mostly-true,"['true', 'mostly-true', 'half-true']",3,True
"""Illegal border crossings are up 173% from 1 year ago and 28% since January when President Biden stopped the wall & deportations and started catch & release.""",half-true,mostly-true,"['mostly-true', 'half-true', 'mostly-false']",3,True
"Says U.S. Immigration and Customs Enforcement “will be at every polling station” on Nov. 3, 2020.",false,false,['false'],1,True
"""Nearly 60% of all occupants of HUD properties in U.S. are illegals.""",pants-fire,false,['false'],1,False
Says Maxine Waters said Trump supporters are “not welcome here” and “we must welcome everyone who crosses our borders.”,mostly-false,false,"['mostly-false', 'false']",2,True
"""When Chuck Schumer and Marco Rubio tried to push amnesty, it was Ted Cruz who stopped them.""",mostly-false,false,"['half-true', 'mostly-false', 'false']",3,True
Six million or 7 million people have “come illegally under Biden.”,mostly-false,false,"['mostly-false', 'false']",2,True
"Says ""Donald Trump proposes to deport 16 million people, 11 million who are here without documents, and both Donald Trump and Mike Pence want to get rid of birthright citizenship.""",half-true,mostly-false,"['mostly-true', 'half-true', 'mostly-false', 'false']",4,True
"""Rick Scott got a majority of the Hispanic vote in Florida.""",mostly-false,mostly-false,"['half-true', 'mostly-false', 'false']",3,True
"""We began seeing the increase in unaccompanied minors going back to last April 2020. This is not something that happened as a result of Joe Biden becoming president.”",half-true,half-true,"['mostly-true', 'half-true', 'mostly-false', 'false']",4,True
"Says Hillary Clinton once ""supported a border wall until she ran for president in 2016.""",half-true,false,"['mostly-true', 'half-true', 'mostly-false', 'false']",4,True
"Says Russian President Vladimir Putin got a standing ovation from the Duma after he gave a speech saying Muslims are ""taking over"" other countries but won't take over Russia.",pants-fire,pants-fire,['pants-fire'],1,True
"""We don’t have a (military) reserve force if something happens.""",false,false,"['true', 'mostly-true', 'half-true', 'mostly-false', 'false']",5,True
"Says Rick Perry ""provided in-state tuition... for illegal immigrants.""",true,true,['true'],1,True
"""In New York, your chances of getting murdered are 1 in 25,000. In Honduras, it’s 1 in 14.""",half-true,false,"['mostly-false', 'false']",2,False
"The DREAM Act ""was written by members of both parties. When it came up for a vote a year and a half ago, Republicans in Congress blocked it. The bill hadn’t changed. ... The only thing that had changed was politics.""",mostly-true,true,"['true', 'mostly-true']",2,True
Florida’s in-state college tuition waiver for immigrants in the country illegally costs the state $41 million.,mostly-false,false,"['mostly-true', 'half-true', 'mostly-false', 'false']",4,True
"""[If] you apply for a job, the chances are 1 in 7 that you are going to be denied that job unfairly if everybody is forced to use E-Verify.""",false,false,"['half-true', 'mostly-false', 'false']",3,True
"Because “17 million immigrants” were “let in” the U.S, “ foot and mouth disease is back. We got rid of that fifty years ago.”",false,false,['false'],1,True
"""Last year,"" Obama ""administration officials released into our neighborhoods more than 36,000 criminal immigrants who had nearly 88,000 convictions. The crimes included hundreds of convictions for murder, rape and kidnapping and thousands of drug-related crimes.""",half-true,mostly-true,"['true', 'mostly-true', 'half-true', 'mostly-false']",4,True
"""Crime in Germany is way up.""",false,false,"['mostly-false', 'false']",2,True
"Says he ""passed"" eight measures, including ones to prevent groping at airport security checks and to bar ""sanctuary"" cities in Texas.",half-true,false,"['mostly-false', 'false']",2,False
"""Californians are overwhelmingly against this concept of the illegal sanctuary state.""",false,false,"['mostly-false', 'false']",2,True
"When Honduran children came into this country, ""Secretary Clinton said send them back.""",mostly-true,false,"['mostly-false', 'false']",2,False
"The United States' southern border is ""basically open"" and is ""a super spreader event.”",false,false,"['mostly-false', 'false']",2,True
"""Some of the safest communities in the United States are along the border.""",mostly-true,true,"['true', 'mostly-true']",2,True
"Miami’s immigration courts have the “largest backlog of any court in this country with 10% of the overall immigration cases,” and “more than 90%” of people lose their asylum claims.",half-true,mostly-true,"['true', 'mostly-true', 'half-true', 'mostly-false']",4,True
President Joe Biden announced tax incentives for families willing to take in migrants in a new “Housing for Labor” initiative.,false,false,['false'],1,True
"The ""six largest cities in Ohio all have higher rates of violence and crime than every major city along the U.S.-Mexico border.""",mostly-true,mostly-true,"['true', 'mostly-true']",2,True
"Rescinding the Deferred Action for Childhood Arrivals program ""will harm our economy.""",true,true,"['true', 'mostly-true']",2,True
"Under David Dewhurst’s leadership, the Texas ""Senate passed an expansion of in-state tuition and free health care to illegal immigrants.""",false,false,"['half-true', 'mostly-false', 'false']",3,True
"Sen. Joe Manchin ""stands with Hillary Clinton and D.C. Dems on gun control, higher taxes, amnesty, and Planned Parenthood.""",half-true,mostly-false,"['mostly-true', 'half-true', 'mostly-false', 'false']",4,True
"“Both murderers in Texas were not only illegals, but gang members” and were “most likely tied to MS-13.”",false,false,"['mostly-false', 'false']",2,True
"Says President Barack Obama’s policy known as DACA ""contributed to a surge of minors at the southern border.""",mostly-false,false,"['mostly-false', 'false']",2,True
"As a senator, Barack Obama supported ""an amendment that basically gutted the legal temporary worker program.""",mostly-true,mostly-false,"['mostly-true', 'half-true', 'mostly-false']",3,True
"Immigrants are supposed to “apply for asylum in the country where they are, and then they try to come into the United States.”",false,false,"['half-true', 'mostly-false', 'false']",3,True
"""This is the only state in the country that bypassed the General Assembly to authorize [in-state tuition for undocumented immigrants].""",true,true,"['true', 'mostly-true', 'half-true', 'mostly-false', 'false']",5,True
"Says of MS-13 gang members, ""We are getting them out of our country by the thousands.""",mostly-false,mostly-false,"['mostly-true', 'half-true', 'mostly-false', 'false']",4,True
"""With the exception of slavery and the Chinese Exclusion Act, our laws have never barred persons from becoming citizens.""",mostly-true,mostly-true,"['mostly-true', 'half-true', 'mostly-false', 'false']",4,True
"""The most popular name is no longer John or Steven. It's Jose, Camilo and Maria.""",mostly-false,mostly-true,"['mostly-true', 'half-true', 'mostly-false']",3,True
"The Senate immigration bill ""unleashes a massive increase in overall immigration. … We're talking about a population increase under the Senate bill of over 70 million people in 20 years.""",false,false,"['half-true', 'mostly-false', 'false']",3,True
"""Seventy four percent of Californians are absolutely against sanctuary state"" policies.",false,false,"['mostly-false', 'false']",2,True
"Says he is ""cutting illegal immigration in half.""",false,false,"['mostly-false', 'false']",2,True
"The newly created state Immigration Enforcement Review Board ""can actually prosecute, and get them [violators] into jail, if we bring in the attorney general.""",false,false,['false'],1,True
"""NYC to give ILLEGALS $53 Million in Prepaid Credit Cards.""",mostly-false,false,"['mostly-false', 'false']",2,True
"Forty percent of illegal immigrants are ""people coming legally on visas and overstaying their visas.""",mostly-true,mostly-false,"['mostly-true', 'half-true', 'mostly-false', 'false']",4,True
"Numbers on illegal immigrants ""are down in terms of apprehensions, which indicates fewer illegal crossings, but also up in terms of actual enforcement actions.""",mostly-true,mostly-true,['mostly-true'],1,True
"""United Nations caught helping and coaching caravan illegal aliens!""",false,false,['false'],1,True
"""Simply being in this country without documentation is not a crime""",mostly-true,true,['true'],1,False
"Wealthy foreigners can obtain visas through a special program, but only a small number ""invest in true high-unemployment areas. Almost every other EB-5 project uses gerrymandering to qualify as distressed.""",mostly-true,mostly-true,"['true', 'mostly-true', 'half-true']",3,True
"Says President Dwight Eisenhower ""moved 1.5 million illegal immigrants out of this country.""",half-true,false,"['mostly-false', 'false']",2,False
"""If you look at the number of illegal immigrants coming into the country, it is net zero. It's been that way now for almost two years.""",true,true,"['true', 'mostly-true']",2,True
"""Crime is down in Venezuela by 67% because they're taking their gangs and their criminals and depositing them very nicely into the United States.”",false,pants-fire,"['false', 'pants-fire']",2,True
"“Less than 500 people a year killed by all rifles combined” and “4,000 a year killed by illegals.”",mostly-false,false,"['mostly-true', 'half-true', 'mostly-false', 'false']",4,True
"Sen. Harry Reid voted ""against declaring English our national language, twice.""",true,true,"['true', 'mostly-true']",2,True
"Says Rep. Kyrsten Sinema supported a bill that is ""essentially encouraging child trafficking.""",false,false,"['mostly-false', 'false']",2,True
"On immigration, ""the president said 22 times, 22 times, that he couldn't do what he eventually did.""",mostly-true,false,"['mostly-true', 'half-true', 'mostly-false', 'false']",4,True
"""It begins: California appoints first illegal alien to state office.""",half-true,false,"['mostly-false', 'false']",2,False
"""If you pass the so-called Dream Act, it will be the single biggest amnesty in the history of the United States, even bigger than the 1986 amnesty.""",mostly-false,mostly-false,"['mostly-true', 'half-true', 'mostly-false', 'false']",4,True
"Says Donald Trump's executive order ""doesn't address the over 2,000 children who are already separated from their parents, and it doesn't change the fact that we would be jailing children with their families.""",mostly-true,mostly-true,"['true', 'mostly-true']",2,True
"""We have over a million (legal immigrants) a year, more than at any time in the history of this country. We have the largest percentage of immigrants, almost tied now with the historical high as a percentage of immigrants living in this country.""",half-true,mostly-true,"['mostly-true', 'half-true', 'mostly-false', 'false']",4,True
"Romney said ""'No' to in-state tuition"" for illegal immigrants.",true,true,['true'],1,True
"“There was a bill to basically create a ban to make sure we never become a sanctuary state, that no locality passes those regulations, and (former Manchester Mayor Joyce Craig) opposed that bill.”",mostly-true,mostly-true,"['true', 'mostly-true', 'half-true']",3,True
"A Trump television ad shows Mexicans swarming over ""our southern border.""",pants-fire,false,"['mostly-false', 'false']",2,False
President Donald Trump signed an executive order for “a total border shutdown with no set reopening date” on July 1.,false,false,['false'],1,True
"Says 326,000 migrants were flown to Florida with taxpayer dollars under President Joe Biden’s secret migrant flight program.",false,false,['false'],1,True
"“Over 10 million people have come across the border with no vetting, no plan, and no path” during Biden’s presidency.",false,false,['false'],1,True
"Says ""2,267 caravan invaders have tuberculosis, HIV, chickenpox and other health issues""",mostly-false,false,"['mostly-false', 'false']",2,True
"""If you're from Guatemala and you are found illegally in Mexico, you are automatically jailed.""",false,false,['false'],1,True
"""Obama secretly gave citizenship to 2,500 Iranians as part of nuke deal.""",false,false,['false'],1,True
"""There's a survey done in Guatemala. A third of Guatemalans intend to migrate to the United States. That's about 5.8 million people.""",mostly-false,false,"['half-true', 'mostly-false', 'false']",3,True
"Transporting drugs ""is the price of admission"" for people crossing the border illegally.",pants-fire,pants-fire,['pants-fire'],1,True
"Says Andrew Gillum ""wants to abolish ICE and doesn't believe in doing any type of immigration enforcement.""",half-true,mostly-false,"['half-true', 'mostly-false', 'false']",3,True
"“More than 200,000 DACA recipients are essential infrastructure workers” including “41,700 DACA recipients in the healthcare industry”",mostly-true,mostly-true,"['true', 'mostly-true']",2,True
"""We have a legal immigration system in America that accepts 1 million people a year, legally. No other country in the world even comes close to that.""",mostly-true,mostly-true,"['true', 'mostly-true', 'half-true', 'mostly-false']",4,True
"""Most (immigrants) do show up in court.""",mostly-true,true,"['true', 'mostly-true']",2,True
“This is the era where people are given smartphones when they cross the border and enter our country.”,half-true,false,"['mostly-false', 'false']",2,False
"Says Ben Carson said ""illegal immigrants caught voting should be stripped of their citizenship.""",mostly-false,false,"['mostly-false', 'false']",2,True
"Says President Obama's new immigration plan ""is amnesty.""",mostly-false,mostly-false,"['mostly-true', 'half-true', 'mostly-false', 'false']",4,True
"""President Trump has announced a plan to prosecute the Biden administration for the 325,000 kids that went ‘missing’ into human trafficking & sex slavery during their open border policies.”",false,false,['false'],1,True
"“In sanctuary cities, local officials order police to release dangerous criminal aliens to prey upon the public instead of handing them over to ICE to be safely removed.”",mostly-false,mostly-false,"['mostly-false', 'false']",2,True
"In Arizona, ""there are only one and a half (Border Patrol) agents per every 10 square miles.""",false,false,"['mostly-false', 'false']",2,True
"""I had five of my citizens that were killed last week"" because of border security problems.",half-true,half-true,['half-true'],1,True
"A Muslim immigrant in Michigan can list his second, third or fourth wives as ""extended family"" and qualify for welfare.",mostly-false,false,"['mostly-false', 'false']",2,True
"""Nearly 20% of our residents"" are born abroad.",true,true,"['true', 'mostly-true']",2,True
"""More than 50 percent of immigrants from (El Salvador, Guatemala and Honduras) use at least one major welfare program once they get here.""",mostly-true,mostly-true,"['true', 'mostly-true', 'half-true', 'mostly-false']",4,True
"Says U.S. Rep. Dan Lipinski “voted against the DREAM Act, supports separating families and banning Muslims.”",mostly-false,mostly-true,"['true', 'mostly-true', 'half-true', 'mostly-false', 'false']",5,True
“The vast majority of individuals that we’re releasing out are not showing up for hearings.”,false,false,"['half-true', 'mostly-false', 'false']",3,True
"Says that in Illinois, ""fewer than 20% of those actually deported have been charged with any serious crime.""",mostly-true,mostly-true,"['true', 'mostly-true', 'half-true']",3,True
"""You have to be a citizen to vote,"" but with same-day voter registration, ""you have places where people just walk in and vote.""",false,false,"['mostly-true', 'half-true', 'mostly-false', 'false']",4,True
"""Nobody knows about it, nobody talks about it, but under Obama, millions of people have been moved out of this country, they've been deported.""",half-true,half-true,"['mostly-true', 'half-true', 'mostly-false', 'false']",4,True
"""Border Patrol agents were caught on film destroying supplies left to help migrants""",mostly-true,true,"['true', 'mostly-true']",2,True
"Says Barack Obama ""has the legal authority to let in really however many refugees he wants, from whatever country.""",half-true,half-true,['half-true'],1,True
"""The Obama-Biden Administration did not conduct workplace raids—in fact, it ended them.""",half-true,mostly-true,"['true', 'mostly-true', 'half-true']",3,True
The city of Pembroke Pines doesn't have a vote in a plan to build a detention center in Southwest Ranches.,mostly-false,false,"['true', 'mostly-true', 'half-true', 'mostly-false', 'false']",5,True
"""Barack Obama's plan gives a driver's license to any illegal who wants one.""",mostly-false,mostly-false,"['mostly-false', 'false']",2,True
Housing is expensive “because we flooded the country with 30 million illegal immigrants” and because of a housing shortage.,mostly-false,mostly-false,"['mostly-false', 'false']",2,True
"Says El Paso was named America’s ""Safest Large City"" a year after San Antonio, Houston and Dallas had the nation’s highest crime rates.",mostly-false,mostly-true,"['true', 'mostly-true', 'half-true']",3,False
"""Close to 30% of our federal prison population consists of  illegal immigrants.""",false,false,['false'],1,True
"Says GOP Congressional candidate Scott Jones ""wants to build a wall. He wants to round people up and deport folks.""",half-true,mostly-false,"['mostly-true', 'half-true', 'mostly-false', 'false']",4,True
“Biden’s let in 8 million people just in four years.”,mostly-false,false,"['mostly-false', 'false']",2,True
"Georgia has ""more illegal aliens than the state of Arizona.""",true,false,"['mostly-true', 'half-true', 'mostly-false', 'false', 'pants-fire']",5,False
"Under the SAVE Act, “as long as you have a Real ID … it should be easy for you to register to vote.”",mostly-false,false,"['mostly-false', 'false']",2,True
“We spent billions on a border wall and quit when it was 90% finished.”,mostly-false,false,"['half-true', 'mostly-false', 'false']",3,True
"""Right here (in West Virginia), they are building new houses … so that 321 Syrian Muslims can move down into this neighborhood in two months. … (A funeral home) is to be torn down in two months, and a mosque is going to built there.""",pants-fire,false,['false'],1,False
"When Haitians go to school in Springfield, Ohio, they “take the place of our children in school” and “each one will have a private interpreter.""",false,false,"['mostly-false', 'false']",2,True
"""Democrats oppose any effort to secure our border.""",false,false,"['mostly-false', 'false']",2,True
"""Bernie Sanders voted with Republicans to protect the Minutemen, a hate group that used military tactics against our community.""",half-true,mostly-false,"['mostly-true', 'half-true', 'mostly-false', 'false']",4,True
The Biden administration is “not even testing these people” being released by Border Patrol into the U.S.,mostly-false,mostly-false,"['mostly-false', 'false']",2,True
"""I'm calling into question the accuracy of the ruling. The district judge in Seattle said there was no indication of terrorism from these seven countries in our country.""",mostly-false,false,"['mostly-true', 'half-true', 'mostly-false', 'false']",4,True
"San Diego’s border barrier ""almost completely ended illegal crossings.""",half-true,half-true,['half-true'],1,True
"""Ronald Reagan did amnesty.""",true,true,['true'],1,True
"""There are more immigrants in our country right now than any other time.""",mostly-true,mostly-false,"['mostly-true', 'half-true', 'mostly-false', 'false']",4,True
"Says ""Nancy Pelosi came out in favor of MS-13.""",false,false,['false'],1,True
Evan Kilgore is one of the Border Patrol agents who shot Alex Pretti in Minneapolis.,pants-fire,false,"['false', 'pants-fire']",2,True
"Says South Carolina Gov. Nikki Haley ""is an immigrant.""",pants-fire,false,['false'],1,False
"""President-elect Trump's immigration policies are very similar to policies that are sitting right in the Senate and the House today to temporarily suspend immigration from countries that harbor terrorism, to temporarily suspend immigration from Syria until we get better vetting.""",mostly-true,mostly-true,"['mostly-true', 'half-true', 'mostly-false', 'false']",4,True
"“In the last 11 months, Customs and Border Patrol has averaged 200,000 apprehensions a month, and you know how many beds we have to detain people at the border? Thirty-eight thousand.""",mostly-true,mostly-true,"['true', 'mostly-true', 'half-true']",3,True
"The Obama administration ""manipulated deportation data to make it appear that the Border Patrol was deporting more illegal immigrants than the Bush administration.""",false,false,"['half-true', 'mostly-false', 'false']",3,True
"""Disease-ridden"" migrants from parts of Africa with Ebola are being ""dumped in San Antonio.""",false,false,['false'],1,True
"""Sixty-four percent of Americans support the Arizona immigration law.''",mostly-true,mostly-true,['mostly-true'],1,True
"Says Donald Trump promised to repeal Obamacare, build a wall, ban Muslims, and more.",mostly-true,true,"['true', 'mostly-true', 'half-true', 'mostly-false']",4,True
"""Just last May, the Department of Justice inspector general found that these (‘sanctuary city’) policies also violate federal law.""",mostly-false,false,"['mostly-true', 'half-true', 'mostly-false', 'false']",4,True
"""Fences have not worked. The Great Wall of China, the Berlin Wall. That's not good among peoples, especially friends like the United States and Mexico.""",half-true,half-true,['half-true'],1,True
"""You lie!"" (in response to President Obama saying health reform would not insure illegal immigrants.)",false,false,['false'],1,True
"""Republicans just voted in the House Judiciary Committee to allow Trump to DEPORT U.S. citizens to a foreign country.""",mostly-false,false,"['mostly-false', 'false']",2,True
"""There are fewer people crossing (the southwest) border than in the last 30 years.""",mostly-true,mostly-true,"['mostly-true', 'half-true', 'mostly-false', 'false']",4,True
"""President Obama used"" his DACA order ""to unilaterally confer U.S. citizenship.""",pants-fire,false,"['mostly-false', 'false']",2,False
"Mexican government officials ""hand out brochures showing individuals how they can avoid our Border Patrol, how they can get into our country.""",mostly-false,mostly-false,"['mostly-false', 'false']",2,True
"Says Texas has ""had over 600,000 crimes committed by illegals since 2011. Over 1,200 homicides.""",pants-fire,false,"['mostly-false', 'false']",2,False
"""One out of every 30 people in the Greater Boston area is an illegal alien.""",true,mostly-true,"['true', 'mostly-true']",2,True
"""The startup rate of Hispanic businesses is three times the national rate.""",half-true,mostly-true,"['mostly-true', 'half-true', 'mostly-false', 'false']",4,True
Mexico is providing professional charter buses for the migrant caravan.,half-true,mostly-true,"['mostly-true', 'half-true', 'mostly-false']",3,True
American citizens “pay $155 billion annually to make sure illegal immigrants are taken care of better than American citizens”,false,false,['false'],1,True
"Says Marco Rubio ""voted to deport"" young people known as Dreamers.",mostly-false,mostly-false,"['mostly-true', 'half-true', 'mostly-false', 'false']",4,True
"“Kids at the border: 2,600 highest number Trump, 12,000 currently under Biden.”",half-true,false,"['mostly-false', 'false']",2,False
"Leticia Van de Putte ""opposed putting National Guard troops on the border, would send millions to Central American governments instead and wrote the law giving in-state tuition to illegal immigrants.""",half-true,false,"['half-true', 'mostly-false', 'false']",3,True
"There have been ""at least four incidents where bullets from Mexico have crossed the border.""",true,true,['true'],1,True
"Says ""Mike Coffman is with Trump.""",mostly-false,false,"['mostly-true', 'half-true', 'mostly-false', 'false']",4,True
The majority of Supplemental Nutrition Assistance Program recipients are not U.S. citizens.,false,false,['false'],1,True
"""Every month, another 50,000 U.S.-born Hispanics turn 18 and become eligible to vote.""",mostly-true,mostly-true,['mostly-true'],1,True
BREAKING: Illegal Muslim From Iran Arrested For Starting California Wildfire,pants-fire,false,"['false', 'pants-fire']",2,True
"""David Simpson actually voted for driver's licenses for illegal immigrants.""",mostly-false,false,"['mostly-true', 'half-true', 'mostly-false', 'false']",4,True
"""Every single day in this country, 1,000 people are deported and the vast majority of those people that are deported aren't criminals.""",half-true,mostly-true,"['mostly-true', 'half-true', 'mostly-false']",3,True
"""A majority of the men and women on this stage have previously and publicly embraced amnesty. I am the only candidate on this stage who has never supported amnesty.""",mostly-true,mostly-false,"['mostly-true', 'half-true', 'mostly-false', 'false']",4,True
The southern U.S. border “is now open to anyone from anywhere in the world who wishes to enter our country.”,false,false,['false'],1,True
"Says Gov. Rick Perry failed ""to involve border sheriffs in developing plans to prevent violence in their communities.""",false,false,['false'],1,True
"In the U.S. asylum system, ""claims of 'fear to return' have skyrocketed, and the percentage of claims that are genuinely meritorious are down.""",half-true,mostly-false,"['mostly-true', 'half-true', 'mostly-false', 'false']",4,True
"""Agriculture has always required a significant workforce from abroad.""",mostly-false,half-true,"['mostly-true', 'half-true', 'mostly-false']",3,True
"""Right now we're focused on Minneapolis because that's where we have the highest concentration of people who have violated our immigration laws.""",false,false,"['mostly-false', 'false']",2,True
"""Phoenix, Arizona, is the No. 2 kidnapping capital of the world.""",false,false,['false'],1,True
"""Apprehension rates at the southern border have plummeted since the 1980s, and apprehensions of Mexicans specifically have reached their lowest point in nearly half a century.""",mostly-true,mostly-true,"['true', 'mostly-true']",2,True
"""Since the day of my election, we've already cut illegal immigration at the southern border by 61 percent.""",mostly-true,false,"['mostly-true', 'half-true', 'mostly-false', 'false']",4,True
"""@realDonaldTrump is coming to San Antonio, which is 60% Mexican-AMERICAN.""",mostly-true,mostly-false,"['mostly-true', 'half-true', 'mostly-false', 'false']",4,True
"Says Ron Johnson ""has essentially done nothing"" to fight heroin addiction and opioid abuse.",false,true,"['true', 'mostly-true', 'half-true', 'mostly-false', 'false']",5,True
"""The Democrats want to invite caravan after caravan of illegal aliens into our country. And they want to sign them up for free health care, free welfare, free education, and for the right to vote.""",false,false,"['mostly-false', 'false']",2,True
"Congressman Jeff Denham ""has agreed all illegal immigrants should be detained, arrested and deported.""",mostly-false,false,"['half-true', 'mostly-false', 'false']",3,True
Obama ad contends that John McCain endorses Rush Limbaugh's comments about immigration.,pants-fire,pants-fire,['pants-fire'],1,True
"""Jesus was an undocumented immigrant.""",false,false,"['mostly-true', 'half-true', 'mostly-false', 'false']",4,True
"A proposed immigration bill will ""bankrupt Georgia"" if passed.",false,false,['false'],1,True
"""The RI Board of Elections has heard official testimony from Providence residents who claim to have witnessed known illegal aliens voting in local elections.""",mostly-false,false,"['mostly-false', 'false']",2,True
"“Carnage"" is being caused ""by people who are coming across the border.""",false,mostly-false,"['half-true', 'mostly-false', 'false']",3,True
"""There's one (study) that came out of Pew in 2008 that showed 14 percent of people who voted were noncitizens.""",false,false,['false'],1,True
"""Liberals in County Hall want our community to be a sanctuary county""",pants-fire,false,"['mostly-false', 'false']",2,False
Harvard University “refuse(s) to tell us” who its international students are.,false,false,"['mostly-true', 'half-true', 'mostly-false', 'false']",4,True
"Says Phil Bredesen ""lured illegal immigrants to Tennessee.""",mostly-false,false,"['mostly-false', 'false']",2,True
"""The 2017/2018 budgets gave (President Donald) Trump billions for border upgrades. He’s spent ALMOST NONE of it. 6%.""",mostly-false,mostly-true,"['mostly-true', 'half-true', 'mostly-false', 'false']",4,True
"The United States is at ""historic record highs"" of individuals being apprehended on the border from countries with terrorist ties such as ""Pakistan or Afghanistan or Syria.""",pants-fire,false,"['mostly-false', 'false']",2,False
"""I don't describe your plan as amnesty in my ad. I don't call it amnesty.""",pants-fire,false,"['false', 'pants-fire']",2,True
"""BREAKING: Zillow CEO just said on CNBC Trump's deportation plan will help with housing affordability.”",false,false,['false'],1,True
"""Right now, one third of all illegal aliens are going to California.""",half-true,false,"['mostly-false', 'false']",2,False
"""We know dangerous criminals can slip through immigration at airports just like ours. Yet Joe Donnelly stood right here with the radical left against all efforts to secure our most vulnerable entry points.""",false,false,"['mostly-false', 'false']",2,True
"""Romneycare covers abortion, illegal immigrants and has a public option. Obamacare does not.""",mostly-false,mostly-false,['mostly-false'],1,True
President Joe Biden said he will “send F-15s” to “wage war against Texas.”,false,false,['false'],1,True
"Says Joe Biden “has effectively ordered a shutdown of ICE, halting virtually all deportations, everyone, murderers, everybody, no more.”",false,false,"['mostly-false', 'false']",2,True
"""The chances of being killed by a refugee committing a terrorist act is 1 in 3.6 billion.""",mostly-true,true,"['true', 'mostly-true']",2,True
"“Three busses just loaded up with illegal invaders at Detroit Metro"" airport.",pants-fire,false,"['false', 'pants-fire']",2,True
"""Washington Heidi supports sanctuary cities, where illegal immigrants can be released on our streets, like this criminal, who was let go and then sexually assaulted a child.""",mostly-false,mostly-false,"['mostly-false', 'false']",2,True
"“The same people that raided Israel are pouring into our once beautiful USA, through our TOTALLY OPEN SOUTHERN BORDER, at Record Numbers.”",pants-fire,false,"['false', 'pants-fire']",2,True
"""Kids in cages"" in border facilities are ""at 700% capacity.""",half-true,mostly-true,"['true', 'mostly-true', 'half-true', 'mostly-false']",4,True
"""Every single strawberry that is served to Members of Congress will have passed through the rough hands of an undocumented immigrant.""",half-true,mostly-false,"['mostly-true', 'half-true', 'mostly-false', 'false']",4,True
"""Hundreds of thousands of (illegal immigrants are) going to state and federal penitentiaries.""",mostly-false,false,"['mostly-false', 'false']",2,True
"""Before taking executive action on immigration, President Obama stated 22 times that he does not have the authority to change immigration laws on his own.""",mostly-true,true,"['true', 'mostly-true', 'half-true']",3,True
"""In the year 2013, the Obama administration released 104,000 criminal illegal aliens. They released 196 murderers – people with homicide convictions, who are here illegally.""",half-true,mostly-false,"['mostly-true', 'half-true', 'mostly-false', 'false']",4,True
"U.S. Sen. Lindsey Graham says South Carolina ""has a labor shortage and wants more immigration.""",mostly-false,half-true,"['mostly-true', 'half-true']",2,False
"Says ""Hillary (Clinton) wants to increase the number (of Syrian refugees) by 500 percent.""",mostly-true,mostly-false,"['mostly-true', 'half-true', 'mostly-false', 'false']",4,True
"Says that ""18 children died while in custody of Border Patrol"" during the Obama administration.",pants-fire,false,['false'],1,False
"""Comprehensive immigration reform, the bill we had back in 2013 ... brought the debt down $158 billion.""",half-true,mostly-true,"['mostly-true', 'half-true']",2,True
"Says handing over arrested undocumented youth to ICE ""was an unintended consequence"" of a 2008 San Francisco policy that she supported.",false,false,['false'],1,True
"""Illegal immigrants mow the grass around the (Texas) Capitol.""",false,false,"['half-true', 'mostly-false', 'false']",3,True
"“America now has a government that forbids border agents from using deadly force, but is training IRS agents to use SWAT-team tactics on law-abiding citizens.”",false,false,"['mostly-false', 'false']",2,True
"""One of the most troubling aspects of the Rubio-Schumer Gang of Eight bill was that it gave President Obama blanket authority to admit refugees, including Syrian refugees, without mandating any background checks whatsoever.""",false,false,"['mostly-true', 'half-true', 'mostly-false', 'false']",4,True
"Says Erv Nelson voted ""yes on the pro-amnesty SJR 21, a bill urging Congress to provide citizenship for those residing illegally in our country.""",mostly-true,mostly-true,"['true', 'mostly-true', 'half-true', 'mostly-false']",4,True
"""But for immigrants, we would have a contracting population...""",mostly-false,mostly-true,"['mostly-true', 'half-true', 'mostly-false', 'false']",4,True
"""Thousands of Americans have been killed by illegal immigrants.""",half-true,false,"['mostly-false', 'false']",2,False
"In New York City “local elections, illegal immigrants can vote.”",false,false,['false'],1,True
"Says Joe Biden is “now saying he inherited ‘a mess’ at the border. Fact: 9,000 illegals all of 2020. So far in 2021 108,000 entered U.S.”",false,false,['false'],1,True
"Says ICE and border patrol officers ""unanimously endorsed me for president.""",mostly-false,false,"['mostly-false', 'false']",2,True
"""Illegal immigration costs our country more than $113 billion a year.""",mostly-false,mostly-false,"['mostly-true', 'half-true', 'mostly-false', 'false']",4,True
"""(Mexican immigrants) are more law-abiding than U.S. citizens and that is a statistic.""",mostly-true,true,"['true', 'mostly-true']",2,True
"President Joe Biden appointed ""Kamala Harris to be his border czar to deal with illegal immigration … Harris was put in charge of stopping illegal immigration.""",mostly-false,false,"['half-true', 'mostly-false', 'false']",3,True
"Says Jeff Foxworthy wrote a list of examples explaining how ""you might live in a nation that was founded by geniuses but is run by idiots.""",false,false,['false'],1,True
"Ketanji Brown Jackson has ""a weak record — defund police, abolish ICE and now a completely open border policy.""",pants-fire,false,"['mostly-false', 'false']",2,False
"""American voters remain steadfast in their support for immigration reform with a path to citizenship, with more than 70 percent who want to see reform passed this year.""",half-true,half-true,"['mostly-true', 'half-true']",2,True
"""There’s actually a court order that prevents keeping the kids with the parents when you put the parents in jail.""",mostly-false,false,"['half-true', 'mostly-false', 'false']",3,True
"Says 642,000 crimes were committed against Texans by criminal immigrants in a recent seven-year period.",false,false,"['mostly-false', 'false']",2,True
"Florida taxpayers ""pay tens of millions of dollars a year to feed and house in our prison system criminal illegal aliens.""",mostly-false,mostly-false,"['half-true', 'mostly-false', 'false']",3,True
"Democratic lawmakers who voted in favor of short-term spending bills ""just voted to deport Dreamers.""",false,false,"['mostly-true', 'half-true', 'mostly-false', 'false']",4,True
"The immigration bill ""has a specific provision that says that Secretary Napolitano does not have to build any fence if she chooses not to.""",false,false,"['half-true', 'mostly-false', 'false']",3,True
"""We have right now, … in the state of California, 55 percent of all immigrants are on public assistance.""",half-true,false,"['mostly-false', 'false']",2,False
"Says Will Hurd ""cosponsored a bill that would militarize our border and allow 200 miles of new roads to be built in the Big Bend region -- cutting up our beloved park.""",half-true,mostly-true,"['true', 'mostly-true', 'half-true', 'mostly-false']",4,True
Says he lived in a colonia while working as a farm worker.,false,mostly-true,"['true', 'mostly-true', 'half-true']",3,False
“FEMA sent $59M LAST WEEK to luxury hotels in New York City to house illegal migrants… That money is meant for American disaster relief.”,false,false,"['mostly-false', 'false']",2,True
Says Obama broke his promise to offer a comprehensive immigration bill in his first year.,true,false,"['mostly-true', 'half-true', 'mostly-false', 'false']",4,False
"Says that had E-Verify been in place in Florida when 9/11 terrorists lived here, ""we might have saved the lives of 3,000 Americans.""",pants-fire,pants-fire,['pants-fire'],1,True
"Says an 11-year-old girl shot and killed two armed ""illegal aliens"" after they broke into her home in Montana.",pants-fire,pants-fire,['pants-fire'],1,True
"""We are watching, you know, millions of illegal immigrants cross our borders, and many of them voting in the past election that's what, just a couple weeks ago.""",pants-fire,pants-fire,['pants-fire'],1,True
"On key issues including taxes, health care, the Green New Deal, abortion, and guns, there is “no daylight between” Bernie Sanders and Joe Biden.",half-true,mostly-false,"['true', 'mostly-true', 'half-true', 'mostly-false', 'false']",5,True
"Senate immigration legislation is the ""Obama-Reid plan to give illegal immigrants amnesty.""",mostly-false,mostly-false,"['mostly-false', 'false']",2,True
"""Not a single Republican candidate, announced or potential, is clearly and consistently supporting a path to citizenship. Not one.""",mostly-false,mostly-true,"['true', 'mostly-true', 'half-true', 'mostly-false']",4,True
"Says Supreme Court Justice Sonia Sotomayor has an ""immigrant family background.""",mostly-false,false,"['true', 'mostly-true', 'half-true', 'mostly-false', 'false']",5,True
"""Our men and women of the Guard have been forced to contact food banks to feed themselves.""",false,mostly-true,"['mostly-true', 'half-true', 'mostly-false', 'false']",4,True
"Department of Homeland Security Secretary Alejandro Mayorkas' border policy is ""personally responsible"" for fentanyl crossing the border",false,mostly-false,"['mostly-false', 'false']",2,True
"Says Hillary Clinton is ""proposing to print instant work permits for millions of illegal immigrants to come in and take everybody's jobs, including low-income African-Americans.""",false,false,['false'],1,True
"Says Trump administration is ""raiding money"" from military service member pensions to pay for the border wall.",false,false,['false'],1,True
"Speaking of immigration cases, says, ""We have thousands of judges.""",false,false,['false'],1,True
"""8 Syrians caught at Texas border in Laredo.""",mostly-false,true,"['true', 'mostly-true', 'half-true', 'mostly-false', 'false']",5,True
"Uses a picture of a mansion to say that Rep. Nancy Pelosi lives surrounded by ""a high perimeter wall with gun toting security.""",pants-fire,pants-fire,['pants-fire'],1,True
"""Fall River, Massachusetts was not 'built by immigrants.' """,false,false,"['half-true', 'mostly-false', 'false']",3,True
"""Why was there no news coverage of this raid on the Arizona border? … Seizure was just five days ago. Right on the Arizona border!""",pants-fire,false,"['mostly-false', 'false']",2,False
"A new “community recognition” law allows people to apply for “permanent residency directly, quickly, and without leaving the country” if they have “resided continuously in the United States for at least seven years, regardless of their current immigration status.”",false,false,"['mostly-false', 'false']",2,True
"""When Phoenix dropped its sanctuary city policy in 2008, its murder rate fell 27 percent the following year.""",half-true,false,"['mostly-true', 'half-true', 'mostly-false', 'false']",4,True
"""Since 2013 alone, the Obama administration has allowed 300,000 criminal aliens to return back into United States communities. These are individuals encountered or identified by (Immigration and Customs Enforcement), but who were not detained or processed for deportation because it wouldn't have been politically correct.""",half-true,mostly-false,"['mostly-false', 'false']",2,False
"Says Sen. John McCain ""told dreamers that he’ll support the Dream Act, then he voted against it.""",half-true,mostly-true,"['true', 'mostly-true', 'half-true', 'mostly-false']",4,True
"President Barack Obama, Nancy Pelosi and Harry Reid support Rick Perry’s ""decision to give in-state tuition to illegal immigrants.""",mostly-false,false,"['mostly-false', 'false']",2,True
"Says the ""number-one source"" of illegal immigration ""is people legally coming to the United States on a tourist visa or a student visa and then disappearing into the population and never being heard from again.""",false,mostly-false,"['half-true', 'mostly-false', 'false']",3,True
"Ted Cruz ""helps run two national organizations that have been leading the push to give amnesty to illegal immigrants.""",pants-fire,false,"['mostly-true', 'half-true', 'mostly-false', 'false']",4,False
“Biden wants to give illegals ID cards so they can start collecting American benefits.”,false,false,"['mostly-false', 'false']",2,True
"Asked about asylum seekers in camps in Mexico, “This is the first time ever you've had to seek asylum in a third country.”",mostly-true,false,"['true', 'mostly-true', 'half-true', 'mostly-false', 'false']",5,True
"Under Joe Biden’s policy, immigrants in the country illegally “get welfare benefits. United States citizens don't get what they're looking to give illegal immigrants.”",false,false,"['mostly-false', 'false']",2,True
“Gas prices highest in a decade. Worst jobs report in 2 decades. Highest inflation in 3 decades. Highest increase in illegal immigration in 4 decades.”,mostly-false,mostly-false,"['mostly-true', 'half-true', 'mostly-false', 'false']",4,True
"President Obama’s uncle and aunt ""are illegal aliens ...  who've been allowed to stay in this country.""",half-true,false,"['half-true', 'mostly-false', 'false']",3,True
"Under the new Arizona immigration law, police can't stop someone to check their immigration status unless they think they see something illegal.",false,false,['false'],1,True
"Says the term ""illegal alien"" is ""a legal term, it’s in statute, it’s a federal term.""",half-true,false,"['half-true', 'mostly-false', 'false']",3,True
"""From the release of a child rapist from the Dominican Republican to that of an Italian drug smuggler, Philadelphians have already been put in direct danger by Mayor Kenney’s policy of blocking local law enforcement from participating with federal immigration authorities.""",mostly-false,mostly-false,"['mostly-true', 'half-true', 'mostly-false', 'false']",4,True
"Says Hillary Clinton and millennials have the same positions on climate change, abortion rights, immigration reform, gay rights and college affordability. ""Donald Trump doesn't.""",mostly-true,mostly-true,"['true', 'mostly-true', 'half-true', 'mostly-false']",4,True
"""Last year, out of the 500,000 (in) population growth we had in the state of Texas, about 250,000 of the 500,000 came to Texas... from the other 49 states.""",half-true,half-true,['half-true'],1,True
“ICE has released the tip hotline to turn in illegal immigrants. They paying $750 for each illegal immigrant.”,false,false,['false'],1,True
"Says that during the first 19 months of the Obama administration, the U.S. detained people from nations designated as state sponsors of terrorism on the southwestern border.",half-true,half-true,['half-true'],1,True
"Says of flood of non-Mexicans being apprehended at the border: ""These are people that are coming from states like Syria that have substantial connections back to terrorist regimes and terrorist operations.""",pants-fire,mostly-false,"['mostly-false', 'false']",2,False
"""The director of the FBI said that we cannot figure out who (Syrian refugees) are, what their intentions are, because we have no information on them, because we don’t have any contact with the Syrian government or any people on the ground to be able to determine that.""",half-true,false,"['mostly-true', 'half-true', 'mostly-false', 'false']",4,True
"Says President Barack Obama could ""basically"" legalize all immigrants here illegally ""by the sign of a pen.""",mostly-false,mostly-false,"['mostly-true', 'half-true', 'mostly-false', 'false']",4,True
"""President Barack Obama has deported more people in his first year in office than George W. Bush in his last year in office.""",mostly-true,mostly-true,['mostly-true'],1,True
"“There’s about 1,400 criminal illegal aliens that, right now, are in North Carolina and Charlotte’s jails that they refuse to turn over to ICE law enforcement.”",false,false,"['mostly-false', 'false']",2,True
"More than 3,000 homicides were committed by ""illegal aliens"" over the past six years.",pants-fire,false,"['mostly-false', 'false', 'pants-fire']",3,True
"""The reality is that we have roughly 15,000 undocumented immigrants living in the state...""",false,false,"['half-true', 'mostly-false', 'false']",3,True
Rep. Elissa Slotkin “voted recently to let illegals vote in U.S. elections.”,false,false,['false'],1,True
"Says Marco Rubio ""went on Univision, and in Spanish he promised that he would not on the first day in office rescind President Obama's illegal executive action.""",half-true,false,"['mostly-true', 'half-true', 'mostly-false', 'false']",4,True
"""There's been a 1,700 percent increase in asylum claims over the last 10 years.""",mostly-true,true,"['true', 'mostly-true']",2,True
"Says Dan Patrick has ""called immigration into Texas an invasion"" and ""said immigrants coming into Texas bring ‘third-world diseases.’""",true,true,"['true', 'mostly-true', 'half-true']",3,True
"""More than 100,000 DACA applicants have been arrested—Murder, Rape, DUI.""",mostly-false,mostly-false,"['mostly-false', 'false']",2,True
"“There have now been 16 straight months of OVER 150,000 illegal border crossings.”",mostly-true,true,"['true', 'mostly-true']",2,True
"Says six eradicated diseases such as whooping cough and the bubonic plague are making a comeback ""thanks to refugees and illegal immigrants.""",false,false,"['false', 'pants-fire']",2,True
"Some 8.1 million of the estimated 11 million to 12 million people ""in this country illegally are working.""",mostly-true,mostly-true,['mostly-true'],1,True
The Biden administration stole $1 billion “from FEMA to use it for illegal migrants. … And FEMA is now busted. They don’t have any money.”,pants-fire,false,"['mostly-false', 'false']",2,False
"Says Beto O’Rourke wants ""open borders and wants to take our guns.""",false,mostly-false,"['mostly-false', 'false']",2,True
"Says Michele Bachmann said, ""The Chinese built a Great Wall 5,000 years ago. You don't see any illegal Mexicans in China.""",pants-fire,false,['false'],1,False
"""Why do we have automatic citizenship upon birth? We're the only country in the world that has it.""",false,false,['false'],1,True
Says Sen. Lindsey Graham said a newly elected Donald Trump “will round up and deport LEGAL immigrants.”,false,false,['false'],1,True
A group of 32 armed Venezuelans took over an apartment building in Chicago.,false,false,['false'],1,True
"""With three months remaining in the Fiscal Year, (the border patrol) has already encountered more illegal immigrants along the Southwest border"" than in any previous fiscal year.",mostly-true,mostly-true,"['mostly-true', 'half-true', 'mostly-false', 'false']",4,True
"""In the first full month of my administration following the issuance of my executive orders, illegal immigration on our southern border fell by an unprecedented 40 percent.""",mostly-true,mostly-true,"['true', 'mostly-true', 'half-true', 'mostly-false']",4,True
"While in Congress, Nathan Deal was a leader when it came to protecting our borders.",mostly-true,mostly-true,['mostly-true'],1,True
"""According to Pew Research, 99 percent of the people in Afghanistan support oppressive Sharia law.""",mostly-true,mostly-true,"['true', 'mostly-true', 'half-true', 'mostly-false', 'false']",5,True
"Germany ""is crime-riddled right now"" because of migration to Europe.",mostly-false,false,"['mostly-false', 'false']",2,True
"""Building a wall"" on the U.S.-Mexico border ""will take literally years.""",true,mostly-true,"['true', 'mostly-true', 'half-true', 'mostly-false']",4,True
"“Home Depot signed a deal that pays them $250 million with DHS, allowing ICE agents to stake out their parking lots and arrest immigrants.”",false,false,['false'],1,True
"Says Pat McCrory ""shepherded in driver’s licenses for illegal aliens in the aftermath of the 9/11 terrorist attacks.""",mostly-false,false,"['mostly-false', 'false']",2,True
"""Just on the issue of immigration alone, it is next to impossible to find a policy difference between (Donald) Trump and Congressman (Joe) Heck.""",false,mostly-true,"['true', 'mostly-true', 'half-true', 'mostly-false']",4,False
"Actions by Joe Biden left ""10,000 to 15,000 American citizens abandoned to terrorists in Afghanistan.""",mostly-false,false,"['mostly-true', 'half-true', 'mostly-false', 'false']",4,True
"""Every time they’ve done those border patrols, they’ve taken out people who have trafficked drugs. That’s the federal government’s role. They’re doing their job.""",half-true,mostly-true,"['mostly-true', 'half-true', 'mostly-false', 'false']",4,True
"""More lives have been lost because of the war with the drug cartels in Juarez alone, just a few blocks from the United States of America, than have been lost in the war in Afghanistan.""",false,false,['false'],1,True
"Haitian immigrants are eating pets and wildlife in Springfield, Ohio.",false,false,['false'],1,True
"""Forty percent of the Fortune 500 were started either by immigrants or children of immigrants.""",half-true,mostly-true,"['mostly-true', 'half-true']",2,True
"Because of omicron, “the Biden administration has decided to leave the U.S. southern border completely open.”",false,false,['false'],1,True
"“For the first time in American history, if you're seeking asylum ... you can't do it from the United States. … You’ve got to seek asylum from abroad.”",mostly-false,false,"['mostly-false', 'false']",2,True
President Barack Obama supports immigration amnesty.,half-true,half-true,['half-true'],1,True
"Says Donald Trump ""brings in hundreds of foreign workers to replace Americans.""",half-true,mostly-false,"['mostly-true', 'half-true', 'mostly-false', 'false']",4,True
"""The state of California is begging us to build walls in certain areas. They don’t tell you that.""",pants-fire,false,"['mostly-false', 'false']",2,False
"Obama’s 2012 policy on younger immigrants ""created these children coming across"" the border.",mostly-false,mostly-false,"['half-true', 'mostly-false', 'false']",3,True
"Harry Reid has voted ""to give special tax breaks to illegal aliens.""",false,false,['false'],1,True
"Says Michelle Nunn is ""for amnesty.""",mostly-false,mostly-false,"['mostly-false', 'false']",2,True
"Under the Arizona immigration law, police are required to check immigration status if someone's ""lawn is overgrown"" or if a dog is ""barking too loudly.""",mostly-true,mostly-false,"['mostly-true', 'half-true', 'mostly-false']",3,True
"Says a 2007 immigration bill “was opposed by (the League of United Latin American Citizens), the largest Latino organization in America. The Southern Poverty Law Center called its guest-worker programs akin to slavery. … And you know who voted with me on that one, Joe? Barack Obama.”",half-true,mostly-true,"['mostly-true', 'half-true', 'mostly-false']",3,True
"""Immigrants are more fertile.""",mostly-true,mostly-true,"['true', 'mostly-true', 'half-true', 'mostly-false', 'false']",5,True
“The removal of birthright citizenship only applies to the children of those that are here ILLEGALLY.”,false,false,"['mostly-false', 'false']",2,True
Nine Americans died from a listeria outbreak after Boar’s Head brand meat prioritized hiring “refugees” in Virginia.,false,false,['false'],1,True
"""Bill Clinton passed a law in 1996 that separated children from adults illegally entering America.""",false,false,"['mostly-false', 'false']",2,True
"""During the first 3 months of FY2022 Customs& Border Protection recorded 518k encounters w illegal immigrants at S border That’s up 137% from same point in FY2021.""",mostly-true,true,"['true', 'mostly-true']",2,True
“Twice as many children are in Border Patrol custody under Biden than Trump peak in 2019.”,true,true,"['true', 'mostly-true']",2,True
“No state in the country verifies United States citizenship as a condition for voting in federal elections.”,mostly-false,false,"['true', 'mostly-true', 'half-true', 'mostly-false', 'false']",5,True
"Research shows that ""a vast majority of arriving immigrants today come here because they believe that government is the source of prosperity, and that's what they support.""",mostly-false,mostly-false,"['mostly-true', 'half-true', 'mostly-false', 'false']",4,True
"Four million more people live in Florida, but New York gets $20 billion more for Medicaid, because it covers illegal immigrants and adults without chronic illness.",mostly-false,false,"['half-true', 'mostly-false', 'false']",3,True
"""Parents and teachers are already worrying about what they call the ‘Trump Effect.’ They report that bullying and harassment are on the rise in our schools, especially targeting students of color, Muslims and immigrants.""",mostly-true,mostly-true,"['true', 'mostly-true']",2,True
"""ICE just endorsed me.""",mostly-false,false,"['mostly-false', 'false']",2,True
"""Texas medical professional: Migrants quarantined with UNKNOWN disease.""",false,false,"['mostly-false', 'false']",2,True
"Says Ted Cruz ""is a supporter of legalizing people that are in this country illegally"" and ""proposed giving them work permits.""",false,mostly-false,"['true', 'mostly-true', 'half-true', 'mostly-false', 'false']",5,True
"""By funding the authorization that’s already happened a decade ago (in the Secure Fence Act of 2006), we could start the process of meeting Mr. Trump’s campaign pledge to secure the border.""",true,true,"['true', 'mostly-true']",2,True
Says over 25 percent of the Texas budget funds services to non-U.S. citizens.,pants-fire,pants-fire,['pants-fire'],1,True
"Says Hillary Clinton ""has called for a radical 550 percent increase in Syrian  ... refugees . . .  despite the fact that there’s no way to screen these refugees in order to find out who they are or where they come from.""",half-true,mostly-false,"['mostly-true', 'half-true', 'mostly-false', 'false']",4,True
"Undocumented students who qualify for in-state Oregon tuition are ""actively working toward U.S. citizenship.""",mostly-false,mostly-false,"['mostly-false', 'false']",2,True
Martha's Vineyard declared itself as a sanctuary city until the buses arrived.,half-true,half-true,"['mostly-true', 'half-true', 'mostly-false', 'false']",4,True
"Says he ""fought Obama twice and won to stop illegal immigrants from voting.""",false,false,"['mostly-false', 'false']",2,True
"""Sen. Mark Begich cast the deciding vote in favor of President Obama’s authority to issue executive amnesty to illegal aliens.""",false,false,"['mostly-false', 'false']",2,True
"""So the number on DACA is 800,000, but every one person can bring in their entire extended family once they reach a certain status. So it's 3 or 4 million, right?""",false,mostly-false,"['half-true', 'mostly-false', 'false']",3,True
"""FEMA is out of money and doesn't have money to transfer to those people affected by the hurricane ... they used the money to assist illegal immigrants.""",false,false,"['mostly-false', 'false']",2,True
"""When you get a commercial pilot’s license, you learn to communicate in English no matter where you are in the world.""",mostly-true,mostly-true,['mostly-true'],1,True
“More fentanyl has crossed the border in the last two months under Biden than in 2019 under Trump.”,mostly-true,mostly-false,"['mostly-true', 'half-true', 'mostly-false', 'false']",4,True
"""There isn't a system"" for reuniting families separated under Trump’s zero tolerance border policy.",true,true,['true'],1,True
"""I voted to defund sanctuary cities.""",half-true,true,"['true', 'mostly-true', 'half-true', 'mostly-false']",4,True
"""Democrats let him (cop killer Luis Bracamontes) into our country,"" and ""Democrats let him stay.""",pants-fire,false,"['mostly-false', 'false']",2,False
"Says detained immigrant parents separated from their children at the border are being charged ""as much as $8 a minute to call their children.""",mostly-false,false,"['mostly-true', 'half-true', 'mostly-false', 'false']",4,True
"As Florida secretary of state, Kurt Browning ""allowed 1,800 illegal voters to register in Florida.""",pants-fire,false,"['mostly-false', 'false']",2,False
"Says Tallahassee mayor Andrew Gillum ""wants to make Florida not a sanctuary city but a sanctuary state.""",half-true,false,"['mostly-false', 'false']",2,False
"""Your Social Security will be destroyed by the people coming in. There's too many of them. It's not sustainable.""",false,false,"['mostly-false', 'false']",2,True
"""As you know, we apprehended over 144,000 people in a single month. That is a pace, which if it continues for 12 months, would put us on a pace for nearly 2 million apprehensions on the border.""",mostly-false,mostly-false,"['mostly-true', 'half-true', 'mostly-false', 'false']",4,True
"""California To Register Illegal Aliens To Vote – Automatically.""",pants-fire,false,"['mostly-false', 'false']",2,False
"Immigrants in the country illegally cost “Florida taxpayers $566 million for 54,000 hospital visits.”",mostly-false,mostly-false,"['mostly-false', 'false']",2,True
"Says Barack Obama ""acknowledged over 20 times"" that his administration’s Deferred Action for Parents of Americans ""immigration edict was a violation of law and the separation of powers.""",mostly-false,false,"['half-true', 'mostly-false', 'false']",3,True
"""No, I did not (have illegal immigrants working at his mansion).""",mostly-false,false,"['mostly-false', 'false']",2,True
McCain opposed the border fence.,false,false,['false'],1,True
"Says there are ""2,000 inadmissible migrants arriving every day""",half-true,mostly-true,"['true', 'mostly-true', 'half-true', 'mostly-false']",4,True
"Voting for ""any Democrat"" gets you ""socialism ... undefended open borders ... immediate tax increases ... 100 percent government-run health care ...""",pants-fire,false,"['mostly-false', 'false', 'pants-fire']",3,True
"""In Florida, illegal immigration costs taxpayers nearly $4 billion (a year). This amounts to $700 for every household in Florida.""",false,false,['false'],1,True
"Says President Obama has cracked down ""on employers who are attracting undocumented immigrants and hiring them more than any previous president.""",half-true,mostly-false,"['mostly-true', 'half-true', 'mostly-false', 'false']",4,True
"""Half of everyone that’s here illegally (in the U.S.) came here legally on a visa and have overstayed their visa.""",mostly-true,mostly-true,"['true', 'mostly-true', 'half-true']",3,True
"""Report: 3 million votes in presidential election cast by illegal aliens.""",false,false,"['false', 'pants-fire']",2,True
"""Every couple days we have a caravan size group of people apprehended trying to come into the country illegally, or coming to the ports of entry without documentation.""",half-true,half-true,['half-true'],1,True
"""Our university campuses by federal law do not check the immigration status of their students just as our public schools don’t.""",mostly-false,true,"['true', 'mostly-true', 'half-true', 'mostly-false', 'false']",5,True
"""TSA WILL ACCEPT DRIVERS PRIV CARDS FOR ID AT THE AIRPORT""",true,true,"['true', 'mostly-true', 'half-true', 'mostly-false']",4,True
"""We have my opponent Sam Olens to thank for [the Arizona immigration ruling] since he was on the team that got Clinton elected.""",pants-fire,false,"['mostly-true', 'half-true', 'mostly-false', 'false']",4,False
"In 2017, ICE ""arrested more than 127,000 illegal immigrants with criminal convictions or facing charges of breaking our nation's’ laws,"" and removed nearly 5,000 gang members.",true,true,['true'],1,True
"""We stopped traffic coming through -- 78 percent.""",false,false,['false'],1,True
"""Bill White ...offered sanctuary to illegal immigrants.""",false,false,['false'],1,True
"Says he ""won the popular vote if you deduct the millions of people who voted illegally.""",pants-fire,false,"['false', 'pants-fire']",2,True
"Says an illegal immigrant fraudulently claimed children who actually lived in Mexico on income tax forms to collect more than $29,000.",mostly-true,mostly-false,"['mostly-true', 'half-true', 'mostly-false']",3,True
"Treasury Department's inspector general found ""there's $4 billion a year in excess payments"" going to people that shouldn’t get them. ""These are mostly Mexicans.""",half-true,mostly-false,"['mostly-true', 'half-true', 'mostly-false', 'false']",4,True
"Says ""we have now more Border Patrol officers … than we’ve had at any time in our history.""",mostly-true,mostly-true,"['true', 'mostly-true', 'half-true']",3,True
"Under Hillary Clinton’s plan ""illegal immigrants convicted of committing crimes get to stay.""",half-true,false,"['mostly-false', 'false']",2,False
"""Spanish was the first European language spoken in this country.""",true,true,['true'],1,True
"Says Hillary Clinton ""wants to increase Syrian refugees to this country by 550 percent.""",true,true,"['true', 'mostly-true', 'half-true', 'mostly-false']",4,True
"Says a group ""estimates that the annual cost to Oregon taxpayers for government services to illegal aliens, after any income tax revenue from them, is $1 billion.""",mostly-false,mostly-false,"['mostly-false', 'false']",2,True
"Says ""72% of refugees admitted into U.S. (2/3 -2/11) during COURT BREAKDOWN are from 7 countries: SYRIA, IRAQ, SOMALIA, IRAN, SUDAN, LIBYA & YEMEN.""",mostly-true,mostly-true,"['true', 'mostly-true', 'half-true', 'mostly-false']",4,True
"Says President Donald Trump said asylum seekers ""aren't people. These are animals.""",false,false,"['true', 'mostly-true', 'half-true', 'mostly-false', 'false']",5,True
"Says Hillary Clinton ""wants to have open borders.""",mostly-false,false,"['mostly-false', 'false']",2,True
"""This is not a joke: the president wants to house illegal aliens on our nation’s military installations.""",mostly-true,false,"['true', 'mostly-true', 'half-true', 'mostly-false', 'false']",5,True
Minnesota Gov. Tim Walz signed “legislation giving free college … to illegal immigrants.”,mostly-true,mostly-false,"['half-true', 'mostly-false', 'false']",3,False
"""We could cut unemployment in half simply by reclaiming the jobs taken by illegal workers.""",false,false,['false'],1,True
"""We will have more people enter our country illegally than were born in this country in one year.""",pants-fire,false,"['mostly-false', 'false']",2,False
"Says Mexico doesn't have birthright citizenship, and Americans are the ""only ones"" to have it.",false,false,['false'],1,True
"Says his parents ""came to America following Fidel Castro's takeover"" of Cuba.",false,false,"['true', 'mostly-true', 'half-true', 'mostly-false', 'false']",5,True
"""Over the last six years, the state of Illinois spent about $320 million on illegal immigrants.""",true,true,"['true', 'mostly-true']",2,True
"""Illegal aliens are costing Georgia taxpayers over a billion dollars every year.""",half-true,half-true,['half-true'],1,True
"""Migrants DEMAND $50,000 each to go home, or else …""",mostly-true,mostly-false,"['mostly-true', 'half-true', 'mostly-false', 'false']",4,True
"""Gwinnett Medical Center is operating in the negative,"" in part, because of illegal immigrants.",half-true,half-true,['half-true'],1,True
"Since a new immigration program was implemented, the number of Venezuelans trying to enter the U.S. illegally decreased “from about 1,100 per day to less than 250 per day on average.”",mostly-true,mostly-true,"['true', 'mostly-true']",2,True
"""Hispanic entrepreneurs, those who have immigrated from Spanish-speaking countries, often start three times as many businesses as white males.""",mostly-true,mostly-true,"['true', 'mostly-true']",2,True
"""In February alone there were enough illegal immigrants who crossed the border to fill this (Kansas City Chiefs’ Arrowhead) stadium.""",mostly-true,mostly-true,"['mostly-true', 'half-true']",2,True
"""Apply Now and Win the Canada Diversity Immigration Visa Lottery (DV-2019) Program | Live and Work in Canada.""",pants-fire,pants-fire,['pants-fire'],1,True
Says Iowa Gov. Terry Branstad chartered a plane to remove 124 young illegal immigrants from his state and take them back to Honduras.,pants-fire,false,['false'],1,False
"The estimated price of President Trump’s border wall is the same as the cost of ""one and a half aircraft carriers.""",true,true,"['true', 'mostly-true', 'half-true']",3,True
"""The director of the FBI said that we cannot properly vet people coming from the Middle East.""",mostly-false,false,"['mostly-false', 'false']",2,True
"Says Apple CEO Steve Jobs told President Obama that the company moved factories to China because it needed 30,000 engineers.",true,true,['true'],1,True
“Every single Senate Democrat voted against hiring more border agents. They voted against deporting felons. And they voted against ending catch and release.”,mostly-false,false,"['mostly-false', 'false']",2,True
"Says a bill he vetoed to give driver licenses to certain immigrants known as Dreamers would have changed ""nothing.""",half-true,mostly-false,"['half-true', 'mostly-false', 'false']",3,True
"Under legislation that has cleared the Georgia House, some children who are ""legal refugees"" could obtain state scholarships to attend private schools.",true,true,['true'],1,True
"""Higher education is one of America's strongest export sectors. Over 1 million international students studied at American universities, (in the) 2018-19 school year. They contributed over $40 billion to the economy.”",true,true,['true'],1,True
"Says a ""liberal"" immigration reform group endorsed his GOP primary opponent, Dave Brat.",false,false,"['half-true', 'mostly-false', 'false']",3,True
"""50 percent of murders in Texas have been linked to illegal aliens.""",false,false,['false'],1,True
"""In 2010, the non-partisan Government Accountability Office found that only 6.5 percent of the U.S.-Mexico border was under full control of the Border Patrol.""",mostly-true,true,"['true', 'mostly-true', 'half-true']",3,True
“Most Americans favor keeping Title 42 in place.”,half-true,mostly-false,"['half-true', 'mostly-false', 'false']",3,True
"Immigrants ""have captured all of the nearly 9 million jobs created since 2000.""",mostly-false,false,"['mostly-false', 'false']",2,True
"Martha’s Vineyard ""used the military to deport every last illegal migrant from their island.”",false,false,['false'],1,True
"""Canada sets aside 36 percent of their visas for people with skills they think their country needs.  We set aside 6 percent.""",false,false,['false'],1,True
"The ""priorities"" of more than three-quarters of Americans are to increase the minimum wage, create a path to citizenship for illegal immigrants, and require background checks for gun buyers.",mostly-false,mostly-true,"['true', 'mostly-true', 'half-true']",3,False
"""Even in California now, they don’t want to be sanctuary cities anymore. They want out.""",mostly-false,mostly-false,"['half-true', 'mostly-false', 'false']",3,True
"The immigration proposal from the Gang of Eight ""is not amnesty.""",half-true,mostly-true,"['true', 'mostly-true', 'half-true', 'mostly-false', 'false']",5,True
"""Mayor Giuliani made New York City what's known as a 'sanctuary city,' where illegal aliens were allowed to come. And he instructed the leaders of the city not to enforce the law, not to enforce immigration law.""",half-true,half-true,['half-true'],1,True
"Because of the current immigration crisis, Republicans want to ""repeal"" a 2008 law that President George W. Bush signed and ""want to be on record as not wanting to protect children from ... sex trafficking.""",mostly-false,mostly-false,"['mostly-true', 'half-true', 'mostly-false', 'false']",4,True
"""Update: van full of illegals caught voting at multiple Alabama polling locations.""",pants-fire,pants-fire,['pants-fire'],1,True
"""Today, we have more boots on the ground near the Southwest border than at any time in our history.""",mostly-true,mostly-true,['mostly-true'],1,True
Says the Biden administration is choosing to send baby formula to the border as one of its “out-of-touch priorities.”,mostly-false,mostly-false,"['half-true', 'mostly-false', 'false']",3,True
"The number of illegal immigrants ""could be 3 million. It could be 30 million.""",pants-fire,false,"['mostly-false', 'false', 'pants-fire']",3,True
"Says Hillary Clinton’s immigration platform would ""create totally open borders.""",false,false,"['mostly-false', 'false']",2,True
Says Kay Bailey Hutchison voted for sanctuary cities.,false,false,['false'],1,True
"Says HHS Secretary Alex Azar called family separations at the border and detention of children in cages ""one of the great acts of American generosity and charity"" and ""is now in charge.""",mostly-false,mostly-false,"['mostly-true', 'half-true', 'mostly-false', 'false']",4,True
“We see an uncompleted wall that was duly appropriated dollars during the Trump days to build over 700 miles. Only 150 miles were constructed.”,false,false,"['mostly-true', 'half-true', 'mostly-false', 'false']",4,True
President Joe Biden’s immigration policy was “a giant voter importation scam.”,pants-fire,false,"['false', 'pants-fire']",2,True
"Says ""Hillary Clinton has pledged amnesty in her first 100 days, and her plan will provide Obamacare, Social Security, and Medicare for illegal immigrants, breaking the federal budget.""",mostly-false,mostly-false,"['mostly-false', 'false']",2,True
"""They found 60 votes in the Senate in 2006 and 2013"" for immigration legislation, and ""each time the House Republican majority refused to take it up.""",true,true,"['true', 'mostly-true']",2,True
“Joe Biden flew hundreds of thousands of illegals into Florida last year.”,false,false,"['mostly-false', 'false']",2,True
Says Travis County’s sheriff refuses to enforce 8 USC 1373.,false,false,"['mostly-true', 'half-true', 'mostly-false', 'false']",4,True
"""18 million illegal immigrants got their government checks this month"" while federal workers remain unpaid.",pants-fire,false,['false'],1,False
"""Recent reports state that the U.S. Customs and Border Protection has apprehended several members of known Islamist terrorist organizations crossing the southern border in recent years.""",mostly-true,mostly-true,"['true', 'mostly-true', 'half-true']",3,True
"""ISIS is running through a border made porous by Barack Obama’s policies.""",pants-fire,false,"['mostly-false', 'false']",2,False
"""17,000 individuals with criminal records were apprehended trying to cross the border"" in 2018.",half-true,mostly-true,['mostly-true'],1,False
"Says Mark Pocan’s proposal to eliminate the U.S. Immigration and Customs Enforcement (ICE) would ""eliminate border enforcement.""",pants-fire,pants-fire,['pants-fire'],1,True
"""Tom Leppert pledged to make Dallas a sanctuary city for illegal immigrants.""",mostly-false,false,"['half-true', 'mostly-false', 'false']",3,True
"""The spillover violence (from Mexico) in Texas is real and it is escalating.""",mostly-false,mostly-false,"['mostly-true', 'half-true', 'mostly-false']",3,True
"""The city that I was mayor of was 50 percent Latino, and I won with 90 percent of the vote...""",mostly-false,false,"['mostly-false', 'false']",2,True
"""In Washington, McCaskill joined the liberals for giving amnesty to 11 million illegal immigrants.""",mostly-false,mostly-false,"['half-true', 'mostly-false', 'false']",3,True
"Says President Donald Trump ""signs a visa-free travel policy"" for Ghana and Malawi.",pants-fire,false,['false'],1,False
"Every illegal immigrant ""can be eligible for up to $36,000 to $38,000 in earned income tax credits without paying a dime in.""",false,false,"['mostly-false', 'false']",2,True
"Says Donald Trump ""games the U.S. visa system so he can hire temporary foreign workers at low wages.""",mostly-true,mostly-true,"['true', 'mostly-true', 'half-true', 'mostly-false']",4,True
"Says his administration put more border patrol agents on the U.S.-Mexico border than at ""any time in history, and the flow of undocumented workers across the border is actually lower than it's been in 40 years.""",half-true,mostly-true,"['true', 'mostly-true', 'half-true']",3,True
"""Democrats announce they will abolish ICE if they win 2020 election.""",false,false,['false'],1,True
"Says ""92 percent of the people agree on DACA.""",half-true,false,"['mostly-false', 'false']",2,False
"""Sheriffs Call For Obama’s Lynching While Leader Meets With GOP Senators""",pants-fire,false,"['false', 'pants-fire']",2,True
Say a boy was 'caged' in a wire enclosure.,false,false,"['true', 'mostly-true', 'half-true', 'mostly-false', 'false']",5,True
"Says ""we"" have put more boots on the U.S.-Mexico border ""than at any time in our history, and illegal crossings are down by nearly 80 percent from their peak in 2000.""",half-true,mostly-true,"['mostly-true', 'half-true', 'mostly-false', 'false']",4,True
Ring is “alerting people about (Immigration and Customs Enforcement) raids.”,false,false,"['mostly-false', 'false']",2,True
“ICE arrests LA mayor for harboring fugitives through sanctuary city.”,pants-fire,pants-fire,['pants-fire'],1,True
"Proposed immigration legislation would give new immigrants ""a taxpayer-funded cellular phone.""",false,false,"['mostly-false', 'false']",2,True
“Coca-Cola CEO drops bombshell ultimatum to NFL — pull Bad Bunny from Super Bowl halftime or lose our $100 (million) sponsorship!”,pants-fire,pants-fire,['pants-fire'],1,True
"Says Donald Trump wants to deport ""our Dreamers.""",mostly-true,mostly-false,"['mostly-true', 'half-true', 'mostly-false', 'false']",4,True
Says he did not say Republicans would filibuster immigration reform.,false,false,"['true', 'mostly-true', 'half-true', 'mostly-false', 'false']",5,True
"“(Homeland Security Secretary Alejandro) Mayorkas said, ‘Hey you don’t have to detain aggravated felons,’ those are rapists, child predators, you know, murderers.”",mostly-false,false,"['mostly-true', 'half-true', 'mostly-false', 'false']",4,True
"Says President Donald Trump is ""talking about exterminating Latinos.""",pants-fire,false,['false'],1,False
"Says Hillary Clinton once ""wanted a wall"" on the Mexican border.",half-true,half-true,['half-true'],1,True
Georgia crackdown on illegal immigration costs state farmers $400 million last year.,mostly-false,mostly-false,['mostly-false'],1,True
"When New York Gov. Eliot Spitzer wanted to ""provide driver’s licenses to those who are undocumented. (Hillary Clinton) said don’t do it.""",mostly-true,true,"['true', 'mostly-true', 'half-true', 'mostly-false']",4,True
“One of (Joe Biden’s) first acts in office was sending an immigration bill to Congress to grant mass amnesty to illegal immigrants.”,half-true,mostly-false,"['mostly-true', 'half-true', 'mostly-false', 'false']",4,True
"""The actions I’m taking"" are ""the kinds of actions taken by every single Republican president and every single Democratic president for the past half-century.""",half-true,true,"['true', 'mostly-true']",2,False
"Says 228 House Democrats voted ""to allow illegal aliens to have right to vote""",false,false,"['mostly-false', 'false']",2,True
"Says ""we allow more people into America legally than all other countries on the planet combined.""",mostly-false,mostly-false,"['half-true', 'mostly-false']",2,True
"""The border security plan of Sens. McCain and Kyl called for 3,000 additional troops to keep us safe. President Obama says he'll send 524.""",half-true,half-true,['half-true'],1,True
"The Democrats' health care bills would provide ""free health care for illegal immigrants.""",false,false,['false'],1,True
“FEMA has been directed back to North Carolina with $2 billion in emergency funds: ‘We transferred it from the programs that fund welfare for illegals. They don’t be needing it.’”,false,false,['false'],1,True
"Says presidents George W. Bush and Barack Obama each tried to get immigration bills passed, but ""it did not work because the other party was unwilling to provide the president and his party a victory.""",mostly-false,mostly-false,"['half-true', 'mostly-false', 'false']",3,True
"A post comparing two construction workers — “Joe legal” and “Jose illegal” — says “Jose” pays no taxes yet gets free medical care, food stamps, welfare, and 'head of the class' priority for his children in applying for college.",false,false,"['false', 'pants-fire']",2,True
Coca-Cola “sells out its own workers to ICE.”,false,false,['false'],1,True
"""The fact is it's not amnesty.""",true,true,['true'],1,True
"It is estimated that Arizona ""has lost more than $100 million in hospitality industry revenues since passage of the Arizona immigration laws.""",half-true,half-true,['half-true'],1,True
"Says Marco Rubio ""opposes immigration reform. Worse, Rubio supports Donald Trump. His plan would deport 800,000 children, destroying families.""",half-true,mostly-false,"['mostly-true', 'half-true', 'mostly-false', 'false']",4,True
"""Many of the people in DACA, no longer very young, are far from ‘angels.’ Some are very tough, hardened criminals.""",false,false,"['mostly-true', 'half-true', 'mostly-false', 'false']",4,True
"If it is enacted, the Senate immigration bill is ""going to make the Border Patrol bigger than the FBI -- you could put one agent every 250 feet.""",true,true,"['true', 'mostly-true']",2,True
The Biden administration is deporting Cubans “because Cubans by and large are conservatives.”,false,false,"['mostly-false', 'false']",2,True
"Says President Barack Obama ""ordered our military to enlist illegal aliens.""",mostly-false,false,"['mostly-false', 'false']",2,True
"""We are younger than our competitors, and this is entirely because of immigration.""",mostly-true,true,"['true', 'mostly-true']",2,True
"""The American people will not support doing anything about people that are in this country illegally until the law is enforced first.""",mostly-false,false,"['mostly-true', 'half-true', 'mostly-false', 'false']",4,True
"""The president … by executive order"" could grant voting rights to illegal immigrants who are newly legalized under pending legislation.",pants-fire,false,['false'],1,False
"""Rather than work to secure the border, (Marco Rubio) supported Obama’s amnesty plan for illegal immigrants.""",mostly-false,mostly-true,"['true', 'mostly-true', 'half-true', 'mostly-false']",4,True
"Says President Trump ""has ended up attracting larger numbers of people coming to the United States presenting themselves for asylum status at our border than we’ve ever seen.""",half-true,mostly-true,"['true', 'mostly-true', 'half-true']",3,True
"""Many of the countries in question (in Trump’s travel ban) don't even have a U.S. embassy there to help us vet.""",true,true,"['true', 'mostly-true', 'half-true']",3,True
Says the cartels are so bad in a Mexican border state that the U.S. government issued a ‘Do Not Travel’ warning -- the same warning it issued for Syria.,true,true,"['true', 'mostly-true']",2,True
"""Starting January 1, 2020, California will tax legal citizens if they don’t have health insurance. Why? The state needs to come up with $98,000,000 to pay for free health insurance for illegal aliens.""",half-true,false,"['mostly-false', 'false']",2,False
"""Over the last several years, 40 percent (of) the jobs created in Texas were created for illegal aliens.""",half-true,mostly-false,"['mostly-true', 'half-true', 'mostly-false', 'false']",4,True
“Ron DeSantis voted against the wall.”,mostly-false,mostly-false,"['mostly-true', 'half-true', 'mostly-false', 'false']",4,True
"Mike Huckabee ""supported taxpayer-funded scholarships for illegal aliens.""",mostly-true,mostly-false,"['mostly-true', 'half-true', 'mostly-false']",3,True
"Says ""tens of thousands of children"" were rushed across the southwest border ""because they fear the wall.""",mostly-false,mostly-false,"['half-true', 'mostly-false', 'false']",3,True
"Obamacare ""will provide insurance to all non-U.S. residents, even if they are here illegally.""",pants-fire,false,['false'],1,False
"""National Guard storms Mexico border, makes game-changing impact in just 30 days""",mostly-true,mostly-true,"['mostly-true', 'half-true', 'mostly-false', 'false']",4,True
"""We have more illegal immigrants here"" than we did five years ago.",false,false,['false'],1,True
"Says that ""along the southern border of the U.S.,"" the government apprehends ""seven individuals a day who are either known or suspected terrorists.""",pants-fire,mostly-true,"['true', 'mostly-true', 'half-true']",3,False
"""At the request of Democrats, it will be a steel barrier rather than a concrete wall.""",false,false,"['mostly-false', 'false']",2,True
"The Immigration and Nationality Act “stripped Article III courts, that's the judicial branch, of jurisdiction over immigration cases.”",false,false,"['mostly-false', 'false']",2,True
"""Over half of the foreign-born population in Rhode Island is white.""",half-true,half-true,['half-true'],1,True
"""The Mexican government ... they send the bad ones over.""",pants-fire,false,"['mostly-false', 'false']",2,False
"Many gang members have taken advantage of ""glaring loopholes and our laws to enter the country as illegal, unaccompanied, alien minors.""",half-true,mostly-false,"['mostly-false', 'false']",2,False
"In the 2014 elections, ""the American people overwhelmingly said we don't want Obamacare … and we don't want amnesty.""",false,false,"['mostly-false', 'false']",2,True
"In Texas, ""we've had three ISIS-related incidents already.""",half-true,false,"['mostly-true', 'half-true', 'mostly-false', 'false']",4,True
"""The Senate voted this week to allow illegal aliens access to Social Security benefits.""",pants-fire,pants-fire,['pants-fire'],1,True
"Public schools, colleges and state-funded day care centers ""will be made into sanctuaries by Bruce Rauner signing SB 31.""",false,false,"['half-true', 'mostly-false', 'false']",3,True
President Joe Biden is paying rent for immigrants illegally in the country.,false,false,['false'],1,True
"A ""catch and release"" immigration policy ""is a Democrat rule, Sherrod Brown, this is a Democrat rule.""",false,false,"['mostly-false', 'false']",2,True
"Because of violence spreading from Mexico, ""you’ve got bullets hitting the city hall in El Paso. You’ve got bombs exploding in El Paso.""",half-true,half-true,['half-true'],1,True
"“Kamala Harris wants to give $25,000 to illegal aliens to buy American homes.”",false,false,"['mostly-false', 'false']",2,True
Says states that passed anti-illegal-immigrant legislation also had few Hispanic legislators.,true,true,['true'],1,True
"Says Eric Cantor ""was the co-author of the House GOP principles on immigration reform. Both the 'New York Times' and the 'Washington Post' said that that captured the essence of what was in the Senate immigration bill.""",half-true,mostly-false,"['mostly-true', 'half-true', 'mostly-false', 'false']",4,True
"Says Hillary Clinton ""wanted the wall.""",half-true,half-true,['half-true'],1,True
"“BREAKING: Illegal Aliens in San Diego, California, tried to hijack 2 school buses filled with children.”",false,false,"['mostly-false', 'false']",2,True
"Says Russ Feingold ""voted to raise taxes on Social Security benefits for seniors, he even tried to give Social Security benefits to illegal immigrants.""",mostly-false,mostly-false,['mostly-false'],1,True
"Of Sen. Jeff Sessions, ""you've objected to immigrants volunteering to serve in our armed forces, saying, 'In terms of who's going to be most likely to be a spy, somebody from Cullman, Ala., or somebody from Kenya?'""",mostly-true,mostly-true,"['true', 'mostly-true', 'half-true', 'mostly-false', 'false']",5,True
"""Tear gas was used on average once a month during the Obama administration for very similar circumstances.""",mostly-true,mostly-true,"['true', 'mostly-true', 'half-true']",3,True
"ICE has been illegally releasing immigrants “in Huntersville #NC13 at big box retail locations. Feds aren’t notifying anyone, just making secret drops at 3am.”",false,false,['false'],1,True
"""If you were a Muslim, you could come in, if you were a Christian, it was impossible.""",false,false,['false'],1,True
"Says Ted Cruz ""wanted to let in more Syrian refugees and give amnesty to illegal immigrants.""",half-true,half-true,['half-true'],1,True
"""I spend a lot of time in Iowa, and believe it or not, in Ottumwa, Iowa, this is the heartland, the newspaper, the regular newspaper for Ottumwa, Iowa, is (a) bilingual newspaper.""",false,false,['false'],1,True
"""There's never been a direct Supreme Court case on people who were here illegally, whether or not their kids are citizens.""",mostly-true,false,"['true', 'mostly-true', 'half-true', 'mostly-false', 'false']",5,True
"“Human trafficking and drugs” at the Mexico border have “doubled, tripled and quadrupled” since Joe Biden became president.",false,false,"['mostly-false', 'false']",2,True
"""91 percent of Latinos support the DREAM Act, which allows undocumented youth to attend college,"" but Marco Rubio opposes it.",true,mostly-true,"['true', 'mostly-true', 'half-true', 'mostly-false']",4,True
"“Biden’s plan will immediately let in 25,000 asylum-seekers who’d been waiting in Mexico as their cases were judged.”",mostly-false,false,"['mostly-false', 'false']",2,True
"""We are accepting more legal immigrants than we ever have in the history (of the United States.)""",mostly-false,mostly-true,"['mostly-true', 'half-true', 'mostly-false', 'false']",4,True
"""An overwhelming majority of Americans support passage of the DREAM Act, which would provide a path to citizenship for undocumented youth willing to work for a college degree or serve in our armed forces.""",half-true,mostly-true,"['true', 'mostly-true', 'half-true']",3,True
"""Senate report admits Clinton ‘gifted’ children to human traffickers""",false,false,['false'],1,True
"""Civil war erupts in Sweden as irate Swedes burn nine Muslim refugee centers to the ground""",false,false,"['mostly-false', 'false']",2,True
"""Already this calendar year, since January 1, we have had more than 20,000 people come across the border, apprehended, unauthorized.""",true,mostly-true,"['true', 'mostly-true', 'half-true']",3,True
"Says Donald Trump, in his campaign announcement speech, ""also said, ‘And many of them (Mexicans) are good people. You keep leaving that out of your quote.""",half-true,mostly-false,"['half-true', 'mostly-false', 'false']",3,True
"""Illegal crossings at our southern border have been cut by over 40 percent.""",false,false,['false'],1,True
"Says ""566,000 crimes"" were ""made in Texas by criminal aliens in the last 6 years.""",pants-fire,false,"['mostly-true', 'half-true', 'mostly-false', 'false']",4,False
"Says Dan McCready ""believes in open borders and sanctuary cities.""",mostly-false,mostly-false,"['mostly-false', 'false']",2,True
"Says 194 people were killed in mass shootings in 2018 while undocumented immigrants killed 83,211 people.",false,false,['false'],1,True
"Texas found that 95,000 noncitizens were registered to vote.",false,false,['false'],1,True
"""My policy is similar to what President Obama did in 2011 when he banned visas for refugees from Iraq for six months.""",mostly-false,mostly-false,"['half-true', 'mostly-false', 'false']",3,True
"""There are actually only 30 countries that practice birthright citizenship.""",true,false,"['mostly-true', 'half-true', 'mostly-false', 'false']",4,False
"Supported in-state tuition in Arkansas for illegal immigrants ""if you'd sat in our schools from the time you're 5 or 6 years old and you had become an A-plus student,"" among other things.",mostly-false,mostly-false,['mostly-false'],1,True
"""The border is down 78 percent. Under past administrations, the border didn’t go down -- it went up.""",false,false,"['mostly-false', 'false']",2,True
“No American citizens have been arrested or detained” during the Trump administration’s immigration crackdowns.,pants-fire,false,"['mostly-false', 'false']",2,False
"""Fact: Over 90,000 kids were detained under Obama. And no one cared.""",mostly-false,mostly-true,"['true', 'mostly-true', 'half-true', 'mostly-false']",4,True
Kamala Harris “supports taxpayer-funded sex changes for prisoners and illegal aliens.”,mostly-true,false,"['mostly-false', 'false']",2,False
"""In Springfield (Ohio), they're eating the dogs, the people that came in, they're eating the cats. They're eating, they're eating the pets of the people that live there.”",pants-fire,false,"['false', 'pants-fire']",2,True
"“Joe Biden grants voting rights to 500,000 invaders.”",false,false,['false'],1,True
"""There are billboards in Central America in the Northern Triangle countries advertising how to grab a kid to get into the United States illegally.""",false,false,['false'],1,True
"""In 20 years there will be enough Muslim voters in the U.S. to elect the president by themselves.""",pants-fire,pants-fire,['pants-fire'],1,True
"Says that in 2015, ""illegal"" immigrants accounted for 75 percent of federal drug possession convictions and 5 percent to 30 percent of convictions for murder and kidnapping plus two other crimes.",true,mostly-true,"['mostly-true', 'half-true', 'mostly-false', 'false']",4,False
Says Barack Obama didn't keep his promise to have an immigration bill in his first year.,true,true,"['true', 'mostly-true', 'half-true', 'mostly-false', 'false']",5,True
"Georgia legislation on immigration is a ""copycat"" of an Arizona immigration bill.",half-true,mostly-true,"['true', 'mostly-true', 'half-true']",3,True
"On immigration reform, Marco Rubio ""all along has been saying, 'We have to have border security first' "" and then ""he gets on Spanish TV, he ends up saying, 'No, no. That will never get in the way.' """,mostly-false,mostly-true,"['true', 'mostly-true', 'half-true', 'mostly-false']",4,True
