statement,true_verdict,predicted_verdict,prediction_set,set_size,is_covered
"“There was no violence on the Senate side, in terms of the chamber.”",mostly-false,false,"['mostly-false', 'false', 'pants-fire']",3,True
"A recent spending bill had at least ""$1.6 billion in there ... for schools to give them an opportunity to secure them.""",mostly-false,false,"['mostly-false', 'false', 'pants-fire']",3,True
"Federal law for Obamacare navigators ""does not bar — or even require screening for — convicted felons, including individuals convicted of identity theft or fraud.""",half-true,false,"['true', 'half-true', 'mostly-false', 'false', 'pants-fire']",5,True
"""Of all the people in federal prison for possession of illegal substances, 77 percent of them are not citizens of the United States.""",half-true,false,"['mostly-false', 'false', 'pants-fire']",3,False
"""When I was U.S. Attorney we wound up putting 10 percent of the state Legislature in jail during my seven years.""",false,false,"['mostly-false', 'false']",2,True
"""97% of murders occur with handguns.""",mostly-false,false,"['mostly-false', 'false']",2,True
Hacker Hamza Bendelladj was executed.,false,false,['false'],1,True
"Says Debbie Wasserman Schultz ""going to mental hospital after what she did overnight desperate to escape arrest.""",pants-fire,false,"['false', 'pants-fire']",2,True
"""How many people have with a concealed carry permit have committed a crime in Virginia? ...The answer is zero.""",false,false,"['false', 'pants-fire']",2,True
"Austin mayoral candidate Steve Adler has ""never been active in anything that has to do with City Hall.""",pants-fire,false,"['half-true', 'mostly-false', 'false', 'pants-fire']",4,True
"""Nearly one in five women in America has been a victim of rape or attempted rape.""",mostly-true,true,"['true', 'false']",2,False
"Federal agents directly incited people on Jan. 6, 2021, and ""intentionally entrapped"" American citizens.",false,false,"['mostly-false', 'false', 'pants-fire']",3,True
The Club Q shooting was a “false flag.”,pants-fire,false,['false'],1,False
"""If you are in Las Vegas and you get a knock on your door from NV Power, 2020 Census or CVD-19 testers, do not open your door. They are robbing people at gunpoint.""",false,false,"['mostly-false', 'false', 'pants-fire']",3,True
“The subway burning victim's name was Amelia Carter.”,false,false,"['false', 'pants-fire']",2,True
"Ed Perlmutter voted for ""Viagra for rapists"" paid for with tax dollars.",pants-fire,false,"['false', 'pants-fire']",2,True
"""You can absolutely get a gun if you have several felonies as long as you buy it on the Internet or at a gun show.""",half-true,false,"['mostly-false', 'false', 'pants-fire']",3,False
"In some cases, a sex offender ""who appears on the New York State Sex Offender Registry"" would be able to drive for Uber or Lyft when ride-hailing is allowed upstate in July",true,false,"['mostly-true', 'half-true', 'mostly-false', 'false', 'pants-fire']",5,False
"""No other city in America did what (New York) did. We reduced murders by 50%, reduced police shootings to historic lows, reduced the number of people incarcerated by nearly 40%.""",mostly-true,false,"['true', 'mostly-true', 'half-true', 'mostly-false', 'false', 'pants-fire']",6,True
"Says Donald Trump got “exposed for raping a 13-year-old"" in retaliation for law enforcement officers “killing black people.”",false,false,"['mostly-false', 'false', 'pants-fire']",3,True
"""There's no evidence that white supremacists were responsible for what happened on Jan. 6. That's a lie.”",false,false,"['false', 'pants-fire']",2,True
"""Every day on average 500 people die from gun violence.""",false,false,"['mostly-false', 'false']",2,True
"""Only Duterte’s Philippines and Trump’s United States of America have money bail.""",mostly-true,false,"['mostly-true', 'half-true', 'mostly-false', 'false']",4,True
"""Puerto Rico mayor facing fraud charges over $3M in federal disaster relief""",false,false,"['mostly-false', 'false']",2,True
Says his Texas election fraud investigations have resulted in 50 convictions.,half-true,false,"['true', 'mostly-true', 'half-true', 'mostly-false', 'false']",5,True
"Many gang members have taken advantage of ""glaring loopholes and our laws to enter the country as illegal, unaccompanied, alien minors.""",half-true,false,"['half-true', 'mostly-false', 'false', 'pants-fire']",4,True
“One in six local election officials have received threats of violence” and threats against judges have doubled over four years and threats against members of Congress have increased by 10 times over five years.,mostly-true,true,"['true', 'mostly-true', 'half-true', 'mostly-false', 'false']",5,True
"""Not a single banker, a CEO from Wall Street, anyone from corporate America — nobody, (there was) not one arrest of any of these people who brought down the economy in 2008.""",mostly-true,false,"['half-true', 'mostly-false', 'false', 'pants-fire']",4,False
“Kill a White on Sight” appears on Black Lives Matter/Antifa flyers.,false,false,"['false', 'pants-fire']",2,True
"Says Virginia, Florida and Georgia are the three states that are the principal source for gun trafficking.",mostly-true,mostly-true,"['true', 'mostly-true', 'half-true', 'mostly-false', 'false']",5,True
"The U.S. House Select Committee that investigated the Jan. 6, 2021, attack on the U.S. Capitol “deleted and destroyed all of the information that they collected over two years.”",false,false,"['mostly-false', 'false', 'pants-fire']",3,True
"""Team Trump has accused Ted Cruz of fraud"" in Iowa, Texas, Colorado, Oklahoma, Louisiana, Kansas, Maine, Utah and Wisconsin.""",half-true,false,"['true', 'mostly-true', 'half-true', 'mostly-false', 'false', 'pants-fire']",6,True
"Says Charlie Crist wants felons who ""commit a heinous crime"" such as ""intentional permanent disfigurement of a child, you walk out of jail, you immediately get to vote.""",mostly-false,false,"['half-true', 'mostly-false', 'false', 'pants-fire']",4,True
"The Las Vegas shooting was the ""273rd mass shooting"" in the United States so far in 2017.",half-true,false,"['half-true', 'mostly-false', 'false']",3,True
Crime rises in communities with casinos.,half-true,false,"['mostly-true', 'half-true', 'mostly-false', 'false']",4,True
"""David Cicilline was the state representative who opposed tough mandatory sentences for those convicted of domestic violence  and child abuse.""",true,false,['false'],1,False
"""As of 2014, illegal aliens made up roughly 3.5 percent of our population, and committed over 10 percent of all murders.""",mostly-false,false,"['mostly-false', 'false', 'pants-fire']",3,True
"Since 1965, California has built ""six (college) campuses but 23 prisons.""",false,false,"['mostly-true', 'half-true', 'mostly-false', 'false', 'pants-fire']",5,True
"“This year, there have been 13,000 deaths by gun violence. The vast majority, 95% of them, are in inner cities, where you have some of the strictest gun control laws in the country.”",mostly-false,false,"['half-true', 'mostly-false', 'false', 'pants-fire']",4,True
"""My Treasury team eliminated a 900-case backlog in the Crime Victim Compensation Program.""",true,true,"['true', 'mostly-true', 'half-true', 'mostly-false', 'false']",5,True
"""In Chicago, they've had thousands of shootings, thousands since Jan. 1. Thousands of shootings.""",true,false,"['mostly-false', 'false', 'pants-fire']",3,False
"""Joe Biden wrote the Violence Against Women Act ... the rate of domestic violence went down dramatically.""",mostly-true,mostly-true,"['true', 'mostly-true', 'half-true', 'mostly-false', 'false']",5,True
"Palin ""fired Wasilla's Police Chief because he 'intimidated' her.""",mostly-true,mostly-true,"['mostly-true', 'half-true', 'mostly-false', 'false']",4,True
"From 2014 to 2015, Austin’s ""murder rate is up a whopping 83 percent.""",mostly-false,false,"['half-true', 'mostly-false', 'false', 'pants-fire']",4,True
"In America, ""more people die from"" prescription narcotic painkillers ""than from heroin and cocaine combined.""",half-true,false,"['mostly-true', 'half-true', 'mostly-false', 'false', 'pants-fire']",5,True
"Says Donald Trump ""thinks stop-and-frisk is fine.""",true,true,"['true', 'false']",2,True
"Says Measure 11 is ""one of the most significant reasons"" for decrease in violent crime.",mostly-true,false,"['mostly-true', 'half-true', 'mostly-false', 'false', 'pants-fire']",5,True
"""In 2015, homicides increased by 17 percent in America’s 50 largest cities. That’s the largest increase in 25 years.""",mostly-true,false,"['true', 'mostly-true', 'half-true', 'mostly-false', 'false', 'pants-fire']",6,True
"“Watching the TV footage of those who entered the Capitol. … If you didn't know the TV footage was from Jan. 6, you would actually think it was a normal tourist visit.”",pants-fire,false,"['false', 'pants-fire']",2,True
"Says Hillary Clinton campaign chairman John Podesta’s email password was ""password.""",false,false,"['mostly-false', 'false', 'pants-fire']",3,True
"A serial killer is targeting women in Hot Springs, Ark.",false,false,['false'],1,True
Minnesota incarcerates “about a third of what Wisconsin does.”,true,true,"['true', 'false']",2,True
"“Arizona was safe” when she moved to the state in 1994, but has become “unsafe.”",false,false,"['half-true', 'mostly-false', 'false', 'pants-fire']",4,True
The officers who beat Tyre Nichols targeted him because he was “allegedly dating” one of their wives.,false,false,"['false', 'pants-fire']",2,True
"""New Jersey police chief says black people ‘have no value’ and should all be executed.""",mostly-true,false,"['mostly-false', 'false']",2,False
"""Since 2013 alone, the Obama administration has allowed 300,000 criminal aliens to return back into United States communities. These are individuals encountered or identified by (Immigration and Customs Enforcement), but who were not detained or processed for deportation because it wouldn't have been politically correct.""",half-true,false,"['half-true', 'mostly-false', 'false', 'pants-fire']",4,True
"Says ""Monica Lewinsky Found Dead"" in a burglary.",pants-fire,false,['false'],1,False
"An undocumented immigrant ""was arrested on suspicion of arson in (the) Wine Country fires that have killed at least 40 residents.""",false,false,"['false', 'pants-fire']",2,True
“Car thefts (are) increasing in 8 of the 10 most populous (Wisconsin) counties.”,mostly-true,false,"['half-true', 'mostly-false', 'false', 'pants-fire']",4,False
"""Midtown crime is up by 30 percent the last quarter.""",mostly-false,false,"['half-true', 'mostly-false', 'false']",3,True
"""There are currently delays of up to six months in the processing of DNA evidence at the state run crime lab.""",half-true,half-true,"['true', 'mostly-true', 'half-true', 'false']",4,True
"In Ferguson, Mo., ""you've got three black officers and 50 white officers with a town that is 67 percent African-American.""",mostly-true,true,"['true', 'false']",2,False
"""A Trump fan was just charged with trying to murder Maxine Waters on same day Trump threatened her.""",false,false,"['false', 'pants-fire']",2,True
"""Most of these mass shootings take place in (areas) where you're not allowed to have a concealed weapons permit.""",half-true,false,"['half-true', 'mostly-false', 'false', 'pants-fire']",4,True
Says El Chapo testified in court that he paid off Nancy Pelosi to keep the U.S.-Mexico border open for drug cartels.,pants-fire,false,"['mostly-false', 'false', 'pants-fire']",3,True
"""We lose an average of 90 Americans every day because of guns.""",mostly-true,false,"['true', 'mostly-true', 'half-true', 'mostly-false', 'false']",5,True
“As many as 75% of school shootings resulted from a gun that was not secured.”,mostly-false,false,"['true', 'mostly-true', 'half-true', 'mostly-false', 'false', 'pants-fire']",6,True
"""In Florida felonies can be things like buying weed, tampering with an odometer or disturbing a lobster trap. So basically spring break.""",mostly-true,true,"['true', 'false']",2,False
"Says the ""bones of children"" were found on Jeffrey Epstein’s island.",false,false,"['false', 'pants-fire']",2,True
A political map circulated by Sarah Palin’s PAC incited Rep. Gabby Giffords’ shooting,false,false,"['mostly-false', 'false', 'pants-fire']",3,True
Says a young Texas rapper charged with capital crimes faces the death penalty but the alleged Santa Fe High School shooter faces prison and then parole after 40 years.,false,false,"['true', 'mostly-false', 'false', 'pants-fire']",4,True
"Says ""Catherine Cortez Masto indicted (Brian Krolicki), who was an innocent man, in order to save Harry Reid's political career""",half-true,false,"['half-true', 'mostly-false', 'false', 'pants-fire']",4,True
"""Three of the 11 most violent cities in the U.S. are in Missouri — St. Louis, Kansas City, and Springfield.""",half-true,false,"['true', 'mostly-true', 'half-true', 'mostly-false', 'false', 'pants-fire']",6,True
"""A [bank] surveillance camera capturing a criminal’s face and other identifiable traits would certainly discourage robbery attempts and serve as a deterrent to robbers.""",false,false,"['mostly-false', 'false', 'pants-fire']",3,True
"""Because of (the 1994 crime bill), we had a 25-year low in crime, a 33-year low in the murder rate, and listen to this, because of that and the background check law, a 46-year low in the deaths of people of gun violence.""",mostly-false,mostly-false,"['true', 'mostly-true', 'half-true', 'mostly-false', 'false', 'pants-fire']",6,True
“There is a serial killer in Cincinnati.” Seven bodies were found “chopped up.”,false,false,"['false', 'pants-fire']",2,True
"Says Michael Screnock ""let a child predator walk without time and let a rapist who preyed on an underage girl go free after only an eight-month sentence.""",mostly-true,false,"['mostly-true', 'half-true', 'mostly-false', 'false', 'pants-fire']",5,True
“Kamala Harris Tried to Put Pro-Lifers in Jail Who Exposed Planned Parenthood Selling Baby Parts”,false,false,"['mostly-false', 'false', 'pants-fire']",3,True
"“Joe Biden was involved in a plot to kidnap JFK Jr. according to the just declassified FBI files, and also made several threats.""",pants-fire,false,"['false', 'pants-fire']",2,True
"Rhode Island is ""at the top of the country for alcohol-related fatalities.""",mostly-true,mostly-true,"['mostly-true', 'half-true', 'mostly-false', 'false']",4,True
"Says Richard Cordray’s ""plan would allow drug dealers to remain on our streets.""",false,false,"['mostly-false', 'false', 'pants-fire']",3,True
"Says that ""perpetrators of domestic violence accounted for 54% of mass shootings between 2009 and 2016, according to the advocacy group Everytown for Gun Safety.""",false,false,"['true', 'mostly-true', 'half-true', 'mostly-false', 'false', 'pants-fire']",6,True
"""Here in Philadelphia murder has been steady — I mean — just terribly increasing.""",false,false,"['half-true', 'mostly-false', 'false', 'pants-fire']",4,True
"""When we passed (the stand your ground law), we said it portends horrific events when people's lives were put into these situations.""",true,true,"['true', 'false']",2,True
"""Wendy Davis’ legal work is currently under FBI investigation.""",mostly-false,false,"['mostly-false', 'false', 'pants-fire']",3,True
"""Nearly all of the top 50 prescribers of oxycodone in the United States are in Florida.""",true,true,"['true', 'false']",2,True
California law lets you “rob a store as long as it’s not more than $950” and “not get charged.” Kamala Harris “did that.”,false,false,"['mostly-false', 'false', 'pants-fire']",3,True
"When there is “a noose on a college dorm of a Black student” or a racial slur “on a dormitory building, the odds are overwhelming that a Black student actually did that.""",false,false,"['false', 'pants-fire']",2,True
"""Over 12,000 school kids were arrested in Florida. It makes Florida the nation's leader in that area.""",half-true,false,"['true', 'mostly-true', 'half-true', 'mostly-false', 'false', 'pants-fire']",6,True
Police dispatch audio from Paul Pelosi’s attack was recorded in a Moscow studio.,pants-fire,false,"['false', 'pants-fire']",2,True
"""The crime decline in the United States would be fairly small if it wasn't for the crime decline in New York City.""",false,false,"['mostly-false', 'false', 'pants-fire']",3,True
"“Jan. 6 is being used as a pretext to strip millions of Americans, disfavored Americans, of their core constitutional rights.”",pants-fire,false,"['mostly-false', 'false', 'pants-fire']",3,True
"Data on violent crime shows Wisconsin ""has become less safe than it was when Scott Walker took office.""",mostly-false,false,"['half-true', 'mostly-false', 'false', 'pants-fire']",4,True
"""At the end of 2016, there were 23 percent fewer federal prosecutions than in 2011, so (prosecutors) looked at this scourge (opioid deaths) and they let it go by.""",half-true,false,"['half-true', 'mostly-false', 'false']",3,True
"""Toledo … is fourth in the nation behind much bigger cities — Miami, Las Vegas, Portland — in number of human trafficking arrests and rescues.""",mostly-false,false,"['half-true', 'mostly-false', 'false', 'pants-fire']",4,True
Says Kamala Harris said looters are just feeding their hungry kids.,false,false,"['false', 'pants-fire']",2,True
"""We have cut crime across every single zone in the city of Atlanta by between 10 percent and 16 percent, depending on the zone.""",half-true,false,"['mostly-true', 'half-true', 'mostly-false', 'false']",4,True
"""Texas has a higher incarceration rate than Russia or Iran.""",mostly-true,false,"['true', 'half-true', 'mostly-false', 'false', 'pants-fire']",5,False
"""Transgender individuals in the U.S. have a 1-in-12 chance of being murdered.""",pants-fire,false,"['mostly-false', 'false', 'pants-fire']",3,True
"Says according to the FBI, more people are killed each year with hammers and clubs than rifles.",true,false,"['half-true', 'mostly-false', 'false', 'pants-fire']",4,False
"""Studies have shown Latinos are more than 40 percent less likely to call 911 when they have been a victim of a crime.""",mostly-true,false,"['true', 'mostly-true', 'half-true', 'mostly-false', 'false']",5,True
"Says a study indicates up to $8.5 billion in lost GDP and up to 185,000 lost jobs if Texas lawmakers approve a measure limiting transgender bathroom choices.",mostly-false,false,"['true', 'mostly-true', 'half-true', 'mostly-false', 'false', 'pants-fire']",6,True
"""Even members of the NRA, when they were polled recently, were under the impression that everyone has a criminal background check.""",mostly-true,false,"['half-true', 'mostly-false', 'false', 'pants-fire']",4,False
"Joe Biden “is letting millions of people from jails, from prisons, from insane asylums, from mental institutions, drug dealers pour in.”",pants-fire,false,"['mostly-false', 'false', 'pants-fire']",3,True
"""Parents that go to school board meetings"" and question the curriculum are being ""flagged by the Department of Justice and the FBI for attending a meeting.""",false,false,"['mostly-false', 'false', 'pants-fire']",3,True
"At ""least a quarter of those apprehended"" at the border ""have criminal records.""",false,false,"['mostly-true', 'half-true', 'mostly-false', 'false', 'pants-fire']",5,True
"“Just last week, Ruben Gallego voted to let the millions of people who poured into our country illegally cast a ballot in this upcoming election.”",false,false,"['mostly-false', 'false', 'pants-fire']",3,True
"An X post that said, “I did it” was “the last thing O.J. Simpson tweeted before he passed.”",false,false,"['false', 'pants-fire']",2,True
"""African Americans are twice as likely to be arrested and almost four times as likely to experience the use of force during encounters with the police.""",mostly-true,false,"['true', 'mostly-true', 'half-true', 'mostly-false', 'false']",5,True
"Texas spends ""more per day to house an inmate than we do on a student.""",true,false,"['true', 'mostly-true', 'half-true', 'mostly-false', 'false', 'pants-fire']",6,True
"""Florida man on drugs kills imaginary friend and turns himself in.”",pants-fire,false,"['false', 'pants-fire']",2,True
"In Washington, D.C., “We always have a murder a week.”",false,false,"['half-true', 'mostly-false', 'false', 'pants-fire']",4,True
A document shows Minnesota shooting victim Renee Good had a record of child abuse.,false,false,"['false', 'pants-fire']",2,True
"In Milwaukee, ""murder is up an astonishing 57 percent.""",mostly-false,false,"['half-true', 'mostly-false', 'false', 'pants-fire']",4,True
"""Since the passage of (the Violence Against Women Act), annual rates of domestic violence have dropped by 63 percent.""",half-true,false,"['true', 'mostly-true', 'half-true', 'mostly-false', 'false', 'pants-fire']",6,True
"“California Democrats have proposed Bill 553, which makes it ILLEGAL to confront or fight back against looters, burglars and shoplifters.”",false,false,"['mostly-false', 'false', 'pants-fire']",3,True
"Says Paul Soglin took Madison backward -- ""businesses have left and murders have gone up.""",mostly-false,false,"['half-true', 'mostly-false', 'false', 'pants-fire']",4,True
"At the Pelosi house, “the glass it seems was broken from the inside to the out, so it wasn’t a break-in, it was a breakout.”",pants-fire,false,"['false', 'pants-fire']",2,True
"""People who die from a home invasion make up a sad but minuscule .04% of all gun murders in the U.S. And over a third of them are killed by their own gun that the criminal has either stolen or wrestled from them.""",mostly-false,false,"['half-true', 'mostly-false', 'false', 'pants-fire']",4,True
“My opponent wants to abolish” law enforcement.,false,false,"['half-true', 'mostly-false', 'false', 'pants-fire']",4,True
Says crime statistics show blacks kill 81 percent of white homicide victims.,pants-fire,false,"['false', 'pants-fire']",2,True
"David Dewhurst is ""the first lieutenant governor in history to have a personal security detail.""",mostly-true,false,"['true', 'mostly-false', 'false', 'pants-fire']",4,False
"""There are more guns in this country than there are people.""",half-true,false,"['mostly-true', 'half-true', 'mostly-false', 'false']",4,True
"""Sixty percent of the auto thefts that we have in (St. Petersburg) are caused by people leaving their keys in the car.""",true,false,"['true', 'mostly-false', 'false']",3,True
“We have seen over the last 10 years ... under Republican governors a rise in the murder rate in Arizona of 20%.”,mostly-false,false,"['half-true', 'mostly-false', 'false', 'pants-fire']",4,True
"""Every 28 hours"" an unarmed black person is shot by a cop.",false,false,"['mostly-false', 'false', 'pants-fire']",3,True
"Says the United States has the highest incarceration rate in the world with 2.3 million inmates, and the majority of Americans are imprisoned because they sold small amounts of drugs.",half-true,half-true,"['mostly-true', 'half-true', 'mostly-false', 'false']",4,True
"Says Jacob Blake, shot by police in Kenosha, had a warrant for sexual assault and prior convictions for gun use",half-true,false,"['half-true', 'mostly-false', 'false']",3,True
"""There are approximately 18,000 (police) departments in the United States.""",mostly-true,true,"['true', 'half-true', 'mostly-false', 'false']",4,False
"More ""than 80 percent of sex trafficking victims in America are U.S. citizens.""",half-true,false,"['true', 'half-true', 'mostly-false', 'false']",4,True
"""Over the last two years, the number of murders in America and America’s major cities has dropped, unlike here (Chicago), by more than 10%.""",pants-fire,false,"['mostly-false', 'false', 'pants-fire']",3,True
Says a Senate resolution would restore $140 in monthly general assistance payments and prevent people from committing crime.,pants-fire,false,"['half-true', 'mostly-false', 'false', 'pants-fire']",4,True
"Only five states, including Georgia, do not have a hate crimes law.",true,false,"['true', 'half-true', 'mostly-false', 'false', 'pants-fire']",5,True
Says 88 Texas constables have died in the line of duty.,true,false,"['true', 'mostly-true', 'half-true', 'mostly-false', 'false', 'pants-fire']",6,True
"Says under his plan to end cash bail ""the Waukesha perpetrator wouldn’t have been released """,mostly-true,false,"['true', 'mostly-true', 'half-true', 'mostly-false', 'false', 'pants-fire']",6,True
"""As a result of National Rifle Association and other private-sector (safety-education) programs, fatal firearms accidents are at the lowest level in 100 years.""",half-true,false,"['true', 'mostly-true', 'half-true', 'mostly-false', 'false', 'pants-fire']",6,True
"""Ohioans want an end to pay-to-play politics.""",false,false,"['half-true', 'mostly-false', 'false', 'pants-fire']",4,True
"In Cranston, it costs $5,000 to $6,000 to send out community notifications on just one Level 3 sex offender.",false,false,"['mostly-false', 'false', 'pants-fire']",3,True
Says Merrick Garland is investigating Donald Trump’s “tax evasion case.”,false,false,"['false', 'pants-fire']",2,True
"""There are more African American men in prison, jail, on probation or parole than were enslaved in 1850.""",true,false,"['true', 'false']",2,True
"By clicking on a link from a fake USPS text message, “you are sending your precise location to sex traffickers in your local area” so they can kidnap you.",false,false,"['mostly-false', 'false']",2,True
"Rhode Island is ""almost dead last"" among Northeastern states in the length of time first-degree murderers must spend in prison before they’re eligible for parole.",true,false,"['true', 'mostly-true', 'half-true', 'mostly-false', 'false', 'pants-fire']",6,True
"Says ""the most dangerous time for children"" is from ""3 to 6 p.m., during which time juvenile crime rates triple""",half-true,half-true,"['mostly-true', 'half-true', 'mostly-false', 'false']",4,True
White House Press Secretary Karine Jean-Pierre was involved in a covered-up DUI accident,pants-fire,false,"['false', 'pants-fire']",2,True
"The shooting at an elementary school in Uvalde County, Texas, was a false flag.",pants-fire,false,"['false', 'pants-fire']",2,True
"""Biden is adding more IRS agents to investigate your taxes than we have detectives investigating every crime in the country.”",false,false,"['mostly-false', 'false', 'pants-fire']",3,True
"""Political violence, it's just a statistical fact that it's a bigger problem on the left.”",mostly-false,false,"['half-true', 'mostly-false', 'false', 'pants-fire']",4,True
"""In the 513 days between Trayvon dying, and today’s verdict, 11,106 African-Americans have been murdered by other African-Americans.""",mostly-false,false,"['mostly-false', 'false', 'pants-fire']",3,True
"Since the federal Violence Against Women Act was adopted in 1994, ""cases of domestic violence have fallen by 67 percent.""",mostly-true,mostly-true,"['true', 'mostly-true', 'half-true', 'mostly-false', 'false']",5,True
"""The proportion of Rhode Islanders entering substance abuse treatment primarily due to marijuana use has reached its highest point in 20 years.""",false,false,"['half-true', 'mostly-false', 'false', 'pants-fire']",4,True
"""A black person is four times as likely as a white person to be incarcerated for the exact same crime.""",mostly-false,false,"['half-true', 'mostly-false', 'false', 'pants-fire']",4,True
"In Milwaukee, ""The (homicide) rate has nearly doubled in the past two years.""",true,false,"['true', 'mostly-true', 'half-true', 'mostly-false', 'false', 'pants-fire']",6,True
"Says under Mayor Cory Booker, Newark has seen ""violent crime up five years in a row, murder up five years in a row.""",half-true,false,"['half-true', 'mostly-false', 'false']",3,True
Idaho shooting suspect Wess Roley faced criminal charges and had a no-contact order from his family.,false,false,"['false', 'pants-fire']",2,True
"""The murder rate in our country is the highest it’s been in 47 years.""",false,false,"['mostly-false', 'false', 'pants-fire']",3,True
"""Beginning on Jan. 1, prostitution by minors will be legal in California.""",pants-fire,false,"['mostly-false', 'false', 'pants-fire']",3,True
"""Black people kill more black people every six months than the KKK did in 86 years.""",half-true,false,"['mostly-false', 'false', 'pants-fire']",3,False
"New York state is outpacing the rest of the country, because shootings in New York are down 10%, and across the country the drop is only 2%.",half-true,true,"['true', 'mostly-true', 'half-true', 'mostly-false', 'false']",5,True
"Phoenix is the kidnapping capital ""of the Western Hemisphere.""",false,false,"['false', 'pants-fire']",2,True
"""We are at a 40-year low in our crime rate in our state.""",true,true,['true'],1,True
"Says that, as a Supreme Court justice, Greg Abbott found that a company whose vacuum cleaners were sold door to door ""had no responsibility"" in the hiring of a salesman who raped a customer.",mostly-true,false,"['half-true', 'mostly-false', 'false', 'pants-fire']",4,False
Georgia has the country’s second highest number of fraudulent tax refund claims.,half-true,half-true,"['true', 'mostly-true', 'half-true', 'mostly-false', 'false']",5,True
The crime rate in some Atlanta neighborhoods has dropped by 35 to 51 percent.,false,false,"['mostly-false', 'false']",2,True
"Says Gerald Daugherty advocated lowering the penalty for crimes like strangulation in domestic violence cases because ""they just ‘throw more people into the’"" jail ""‘system.""",mostly-false,false,"['true', 'mostly-true', 'half-true', 'mostly-false', 'false', 'pants-fire']",6,True
"Transporting drugs ""is the price of admission"" for people crossing the border illegally.",pants-fire,false,"['mostly-false', 'false', 'pants-fire']",3,True
"Because of voter fraud, Republican candidates ""need to do a point or two better"" to win statewide elections in Wisconsin.",false,false,"['mostly-false', 'false', 'pants-fire']",3,True
"""The vast, overwhelming majority of [crimes that occur with a firearm] are committed by people who don’t legally possess that firearm in the first place.""",mostly-true,false,"['mostly-false', 'false', 'pants-fire']",3,False
The Atlanta shooting suspect wrote an anti-China post on Facebook prior to the shootings.,false,false,"['false', 'pants-fire']",2,True
"In Wisconsin, ""we have a bill that would allow hidden, deadly weapons -- every single person to carry one -- no training, no background check, even around schools.""",mostly-true,false,"['mostly-true', 'half-true', 'mostly-false', 'false', 'pants-fire']",5,True
"""Last year,"" Obama ""administration officials released into our neighborhoods more than 36,000 criminal immigrants who had nearly 88,000 convictions. The crimes included hundreds of convictions for murder, rape and kidnapping and thousands of drug-related crimes.""",half-true,false,"['true', 'mostly-true', 'half-true', 'mostly-false', 'false', 'pants-fire']",6,True
"Statistics show ""you are about nine times more likely to be assaulted by a taxi driver"" in Austin than a driver for a ride-hailing service.",pants-fire,false,"['mostly-false', 'false', 'pants-fire']",3,True
"Dozens of artists, including Justin Timberlake, Jay Z and Rihanna, are canceling Florida shows like Stevie Wonder in protest of  ""stand your ground.""",false,false,"['mostly-false', 'false', 'pants-fire']",3,True
"""Austin is the safest big city in Texas.""",half-true,true,"['true', 'mostly-true', 'mostly-false', 'false']",4,False
"""Last year, we prosecuted a record number of firearms offenses.""",mostly-true,false,"['true', 'mostly-true', 'half-true', 'mostly-false', 'false']",5,True
"In Chicago, which has the toughest gun laws in the United States, probably you could say by far, they have more gun violence than any other city.",mostly-false,false,"['mostly-false', 'false', 'pants-fire']",3,True
"Says since Australia passed tough gun laws, ""homicides by firearm have declined almost 60 percent.""",mostly-true,true,"['true', 'false']",2,False
"""In my first year in office, Aurora homicides went down by 40%.""",mostly-false,false,"['true', 'mostly-true', 'half-true', 'mostly-false', 'false', 'pants-fire']",6,True
"""An elderly British politician has been savagely beaten to a bloody pulp by a gang of anti-Trump protestors because he ‘welcomed’ the U.S. president to the United Kingdom.""",mostly-false,false,"['mostly-false', 'false', 'pants-fire']",3,True
"""The number of killings of citizens by police is at a two-decade high.""",half-true,false,"['mostly-false', 'false', 'pants-fire']",3,False
"“VA Democrats authorized for early release over 4,000 inmates, 60% of which are incarcerated for violent offenses.”",mostly-true,false,"['true', 'mostly-true', 'half-true', 'mostly-false', 'false', 'pants-fire']",6,True
"Says Rick Scott has ""teamed up with a felon convicted of running a Ponzi scheme to smear Charlie Crist.""",false,false,"['half-true', 'mostly-false', 'false', 'pants-fire']",4,True
"Violent crime in Manhattan is ""now at a record level.""",false,false,['false'],1,True
"Only 15 percent of drug users are African-American, yet 74 percent of all drug offenders sentenced to prison are black",half-true,half-true,"['mostly-true', 'half-true', 'mostly-false', 'false']",4,True
"""John McCain was pardoned for treason""",pants-fire,false,"['false', 'pants-fire']",2,True
“Kenosha car dealer kills himself after insurance won’t cover … damages caused by the riots.”,pants-fire,false,"['false', 'pants-fire']",2,True
“More cops are killed responding to domestic violence calls than anything else.”,false,false,"['mostly-false', 'false', 'pants-fire']",3,True
"""Deidre DeJear refused to stand for police.""",half-true,false,"['mostly-false', 'false', 'pants-fire']",3,False
"""We have 33,000 people a year who die from guns.""",mostly-true,false,"['mostly-true', 'half-true', 'mostly-false', 'false']",4,True
"""In the year 2013, the Obama administration released 104,000 criminal illegal aliens. They released 196 murderers – people with homicide convictions, who are here illegally.""",half-true,false,"['true', 'half-true', 'mostly-false', 'false', 'pants-fire']",5,True
"""When we held recent economic dialogues with China, we agreed on over 100 different things  —  including wildlife trafficking and volcano research. None of these 100-plus points of agreement addressed cybersecurity.""",mostly-false,false,"['half-true', 'mostly-false', 'false', 'pants-fire']",4,True
"""There's no statistical evidence that"" a waiting period for handgun purchases ""reduces violence whatsoever.""",mostly-true,false,"['mostly-true', 'half-true', 'mostly-false', 'false', 'pants-fire']",5,True
Under New York’s Clean Slate Act “violent crimes … will now be automatically sealed after a set time - like they never happened.”,mostly-false,false,"['mostly-true', 'half-true', 'mostly-false', 'false']",4,True
"""Rhode Island’s teen binge drinking rate is double the national average.""",false,false,"['mostly-false', 'false', 'pants-fire']",3,True
Says he led the fight to add 200 new police officers to make the City of Milwaukee safer.,half-true,false,"['true', 'mostly-true', 'half-true', 'mostly-false', 'false', 'pants-fire']",6,True
"""Jasper County in Texas raised property taxes by 7 percent in order to pay for one death penalty case.""",true,false,"['mostly-false', 'false', 'pants-fire']",3,False
"Says El Paso was named America’s ""Safest Large City"" a year after San Antonio, Houston and Dallas had the nation’s highest crime rates.",mostly-false,false,"['true', 'mostly-true', 'half-true', 'mostly-false', 'false', 'pants-fire']",6,True
"A Texas police department bought an ad telling drug dealers, ""We can take your competition off the streets for FREE.""",true,false,"['true', 'mostly-false', 'false']",3,True
"""Across the board, violent crime in jurisdictions that recognize the Right to Carry is lower than in areas that prevent it.""",false,false,"['mostly-false', 'false', 'pants-fire']",3,True
"""Las Vegas shooting witnesses report multiple gunmen dressed as security guards.""",pants-fire,false,"['half-true', 'mostly-false', 'false', 'pants-fire']",4,True
"""Fifty-six percent decline in overall crime. A 73 percent decline in motor-vehicle theft. A 67 percent decline in robbery. A 66 percent decline in murder. This is way beyond what happened in the nation during this period of time.",true,mostly-false,"['mostly-true', 'half-true', 'mostly-false', 'false', 'pants-fire']",5,False
A bar graph compares homicides for various racial groups,mostly-false,false,"['mostly-false', 'false', 'pants-fire']",3,True
"Research found that ""over the course of the existence of the Brady Bill ban, the use of assault weapons in crimes decreased by two thirds.""",half-true,half-true,"['true', 'mostly-true', 'half-true', 'false']",4,True
"I ""kicked crooked cops and government officials off the public pension rolls.""",false,false,"['mostly-false', 'false', 'pants-fire']",3,True
"Milwaukee police use deadly force at a rate that is ""among the lowest"" in the country.",half-true,half-true,"['mostly-true', 'half-true', 'mostly-false', 'false']",4,True
"A ""study showed as many as one in four people have had a package stolen from their residence.""",true,false,"['true', 'mostly-true', 'half-true', 'mostly-false', 'false', 'pants-fire']",6,True
"Says when Bernie Sanders was in college, Sanders said ""something very similar"" to what conservative Wisconsin Supreme Court Justice Rebecca Bradley had written as a college student in the 1990s -- that ""women have a legitimate role in date rape.""",half-true,half-true,"['mostly-true', 'half-true', 'false']",3,True
"""Violent crime in Puerto Rico is on the rise as nearly one-third of the island remains without power.""",half-true,half-true,"['true', 'mostly-true', 'half-true', 'mostly-false', 'false', 'pants-fire']",6,True
"""In Mobile, it’s something like, 1,700 families generate 80 percent of the crime. We know who those families are.""",half-true,false,"['half-true', 'mostly-false', 'false', 'pants-fire']",4,True
"The ""stand your ground"" law caused the shooting death of Trayvon Martin.",false,false,"['mostly-false', 'false', 'pants-fire']",3,True
"Says Gov. Rick Perry has been ""begging"" for the federal government to send the Coast Guard to patrol two lakes on the U.S.-Mexico border.",false,false,"['half-true', 'mostly-false', 'false', 'pants-fire']",4,True
Cheri Beasley “vacated” a man’s death sentence and “threw out” the indictment in a child assault case.,half-true,false,"['half-true', 'mostly-false', 'false', 'pants-fire']",4,True
“More than 20 police officers are dead now because of the riots.”,false,false,['false'],1,True
"""Hollywood is #1 in Broward homicides in 2013. Thanks Chief Fernandez!""",half-true,false,"['mostly-false', 'false', 'pants-fire']",3,False
"""In 2004, George W. Bush lifted the ban on those (AR-15 type) rifles, and since then, the number of massacres has increased 183%. During the ban, there were 12 incidents. Since he lifted the ban, there were 34 incidents.""",half-true,false,"['half-true', 'mostly-false', 'false', 'pants-fire']",4,True
Aaron Salter Jr. was killed by a mass shooter because he was working on creating a water-powered car engine.,false,false,"['mostly-false', 'false', 'pants-fire']",3,True
"In Texas, ""sexting is a felony sex offense for teenagers — that can mean up to 10 years in prison.""",half-true,false,"['half-true', 'mostly-false', 'false']",3,True
Says Texas Department of Public Safety numbers show that 1.6 percent of crime is committed by unauthorized immigrants.,half-true,false,"['true', 'mostly-true', 'half-true', 'mostly-false', 'false', 'pants-fire']",6,True
"Preliminary murder rates in Philadelphia ""will put the murder rate at the highest of this decade in the city.""",mostly-false,false,"['mostly-false', 'false']",2,True
"Says ""if you are shot in the city of Newark, you have over an 80 percent chance that you've been arrested before an average of 10 times.""",mostly-true,false,"['true', 'half-true', 'mostly-false', 'false']",4,False
"Austin was the ""site of the first mass shooting in the country.""",false,false,"['mostly-false', 'false', 'pants-fire']",3,True
"""Defendants charged with producing, directing or promoting an obscene sexual performance by a child will be arraigned & set free.""",mostly-true,false,"['mostly-false', 'false', 'pants-fire']",3,False
"Since parole abolition, Virginia's ""crime rate has fallen to third lowest in the country, our recidivism rate is down 20 percent and that’s the second lowest in the country.""",mostly-true,false,"['true', 'mostly-true', 'half-true', 'mostly-false', 'false', 'pants-fire']",6,True
"""Florida is now the No. 1 state in the country for automobile accident fraud.""",mostly-true,mostly-true,"['true', 'mostly-true', 'half-true', 'mostly-false', 'false']",5,True
"There have been ""at least four incidents where bullets from Mexico have crossed the border.""",true,true,['true'],1,True
"Says Hillary Clinton ""wants to have open borders.""",mostly-false,false,"['mostly-false', 'false', 'pants-fire']",3,True
"Says Texas has ""had over 600,000 crimes committed by illegals since 2011. Over 1,200 homicides.""",pants-fire,false,"['mostly-false', 'false', 'pants-fire']",3,True
"The “Franklin scandal” broke in 1989 “when hundreds of children were apparently flown around the US to be abused by high ranking ‘Establishment’ members.""",false,false,"['false', 'pants-fire']",2,True
"Says ""Catherine Cortez Masto failed Nevada rape victims. While attorney general, thousands of rape kits were never sent for DNA analysis.""",half-true,false,"['half-true', 'mostly-false', 'false', 'pants-fire']",4,True
"""In 2012, 123 African-Americans were shot dead by police. ... Same year, 326 whites were killed by police.""",mostly-false,false,"['half-true', 'mostly-false', 'false', 'pants-fire']",4,True
"Decriminalizing marijuana ""will save the state anywhere from $4 (million) to $11 million dollars.""",false,false,"['true', 'mostly-true', 'half-true', 'mostly-false', 'false', 'pants-fire']",6,True
"""Florida sheriffs unequivocally support"" the ""stand your ground"" law.",mostly-false,false,"['true', 'mostly-true', 'half-true', 'mostly-false', 'false', 'pants-fire']",6,True
"Under the Hate Crimes bill, ""any pastor, preacher, priest, rabbi or imam who gives a sermon out of their moral traditions about sexual practices could be found guilty of a federal crime.""",false,false,"['true', 'half-true', 'mostly-false', 'false', 'pants-fire']",5,True
"Says Gov. Scott Walker made ""draconian cuts"" to public safety budgets that put police officers at ""greater risk of harm.""",false,false,"['mostly-true', 'half-true', 'mostly-false', 'false', 'pants-fire']",5,True
"""Florida's new fingerprint identification system is improving our rate of solving cold cases by 300 percent.""",mostly-false,false,"['half-true', 'mostly-false', 'false', 'pants-fire']",4,True
"Department of Education officials investigating Virginia Tech shootings ""have not once gotten into the car and driven down to Blacksburg to talk to the police chief or the university president or to anyone else.""",true,false,"['true', 'mostly-false', 'false', 'pants-fire']",4,True
"""Greg Abbott and his surrogates have referred to women who have been the victims of rape or incest as though somehow what they are confronting is a minor issue.""",pants-fire,false,"['true', 'mostly-true', 'half-true', 'mostly-false', 'false', 'pants-fire']",6,True
"Raphael Warnock ""called police thugs, then cut their funding.""",mostly-false,false,"['mostly-false', 'false']",2,True
"""In 2016, counties hosting a Trump rally saw a 226% spike in hate crimes.""",half-true,false,"['half-true', 'mostly-false', 'false', 'pants-fire']",4,True
"""The fact is voter fraud is rampant.""",pants-fire,false,"['mostly-false', 'false', 'pants-fire']",3,True
"""To call what happened on January 6 an armed insurrection, I just think is not accurate.""",pants-fire,false,"['false', 'pants-fire']",2,True
"There are ""approximately 20,000 annual gun purchases in Rhode Island.""",true,false,"['true', 'mostly-true', 'half-true', 'mostly-false', 'false', 'pants-fire']",6,True
"""The U.S. gun homicide rate is 20 times the combined rate of other western nations.""",mostly-true,false,"['true', 'half-true', 'mostly-false', 'false']",4,False
"Congress includes 36 people accused of spousal abuse, 84 arrested for drunk driving in the past year, 71 with terrible credit and more.",pants-fire,false,"['false', 'pants-fire']",2,True
"El Paso is the ""safest city in the state of Texas, safest city in the United States.""",half-true,false,"['half-true', 'mostly-false', 'false', 'pants-fire']",4,True
"“So far, out of 175 arrested in Kenosha, 102 were not from Kenosha. Rioting has become its own industry.”",mostly-false,false,"['mostly-false', 'false', 'pants-fire']",3,True
"Says ""160,000 kids stay home every day because they are afraid to go to school because of bullying.""",mostly-false,false,"['half-true', 'mostly-false', 'false', 'pants-fire']",4,True
"Says Travis County Sheriff Sally Hernandez ""declared that she would not detain known criminals accused of violent crimes.""",pants-fire,false,"['true', 'mostly-true', 'half-true', 'mostly-false', 'false', 'pants-fire']",6,True
"""We’ve had a dramatic drop in violent crime since this law (‘stand your ground’) has been in effect.""",half-true,false,"['true', 'mostly-true', 'half-true', 'mostly-false', 'false', 'pants-fire']",6,True
Says America’s most violent cities are that way because of their Democratic politics,mostly-false,false,"['mostly-false', 'false', 'pants-fire']",3,True
"""Florida leads the nation in elected officials charged with crimes.""",half-true,half-true,"['mostly-true', 'half-true', 'false']",3,True
“There is a place in the U.S. where murder is legal.”,false,false,"['mostly-false', 'false']",2,True
"""In the states that allow open carry, violent crime was 23 percent lower.""",half-true,false,"['mostly-false', 'false', 'pants-fire']",3,False
"""Police discover meth lab in back room of Alabama Walmart.""",pants-fire,false,"['false', 'pants-fire']",2,True
“I cooperated far more” than Joe Biden in the classified documents investigations.,pants-fire,false,"['mostly-false', 'false', 'pants-fire']",3,True
“Epstein List” shows 166 people connected to convicted sex offender Jeffrey Epstein.,false,false,"['true', 'mostly-false', 'false', 'pants-fire']",4,True
Suspect in July 28 New York City shooting “was shouting Free Palestine and wearing a Keffiyeh.”,false,false,"['false', 'pants-fire']",2,True
"""There are over 2,000 crimes recorded per 100,000 population in the U.K.,"" compared to ""466 violent crimes per 100,000"" in the United States.",false,false,"['mostly-false', 'false', 'pants-fire']",3,True
"Says Cathy Jordan was ""arrested"" and dragged out of her home by ""a SWAT team of hooligans"" for using medical marijuana.",mostly-false,false,"['half-true', 'mostly-false', 'false', 'pants-fire']",4,True
"Action by the Milwaukee County Board will ""provide the County Executive with the same level of security as the Governor and the Mayor of Milwaukee while saving taxpayers $300,000.""",pants-fire,false,"['false', 'pants-fire']",2,True
"Under the House Republican health plan, sexual assault is a pre-existing condition.",mostly-false,false,"['mostly-false', 'false']",2,True
"Substack article shows manifesto of Luigi Mangione, the suspect in health care executive's killing.",false,false,"['mostly-false', 'false', 'pants-fire']",3,True
"""Janice Hahn hired hard-core gang members with taxpayer money to be 'gang-intervention specialists.' She even helped them get out of jail, so they could rape and kill again.""",false,false,"['half-true', 'mostly-false', 'false', 'pants-fire']",4,True
"""At a minimum, 40 percent of those who view child pornography end up molesting children as a result.""",mostly-false,false,"['half-true', 'mostly-false', 'false']",3,True
"Netflix show “Adolescence” is based on Southport, England, knife attacker but the show “race swapped the actual killer from a black man/migrant to a white boy.”",false,false,"['mostly-false', 'false', 'pants-fire']",3,True
"""In the mid 1990s, in our state, (Florida was) No. 1 in violent crime in America. ... The only concern I had was for the citizens of Florida, who were subjected to a violent crime every three minutes and 45 seconds.""",true,true,"['true', 'false']",2,True
"If masks prevent coronavirus, governors would have given them to prison inmates instead of releasing them.",false,false,"['mostly-false', 'false', 'pants-fire']",3,True
"Travis County residents ""trusted me to take on Tom DeLay — and we won.""",mostly-false,false,"['true', 'mostly-true', 'half-true', 'mostly-false', 'false', 'pants-fire']",6,True
"""Reporters have uncovered another Scott company accused of criminal acts. But Scott won't come clean.""",false,false,"['half-true', 'mostly-false', 'false', 'pants-fire']",4,True
"Says Marco Rubio said that ""felons should not have their voting rights restored"" but that ""convicted felons should be allowed to own guns after they have done their time.""",false,false,"['mostly-false', 'false', 'pants-fire']",3,True
"""Investigators: Anthony Bourdain was killed by Clinton operatives.""",pants-fire,false,"['false', 'pants-fire']",2,True
"""We’ve already started (the border wall). We started it in San Diego.""",mostly-false,false,"['half-true', 'mostly-false', 'false', 'pants-fire']",4,True
"""In New Hampshire, 93 percent of Democrats, 79 percent of Republicans, 82 percent of gun owners and 60 percent of NRA households support background checks.""",mostly-true,true,"['true', 'mostly-true', 'half-true', 'mostly-false', 'false']",5,True
"Under Mayor Tom Barrett, the number of Milwaukee police officers ""has not increased.""",true,false,"['true', 'mostly-false', 'false']",3,True
"Says Rick Santorum ""voted to let convicted felons vote.""",half-true,false,"['true', 'half-true', 'mostly-false', 'false', 'pants-fire']",5,True
"Says that each year, about 25,000 American women become pregnant through rape or incest.",half-true,false,"['true', 'mostly-true', 'half-true', 'mostly-false', 'false', 'pants-fire']",6,True
Says federal law enforcement officers cut off questioning of the Christmas Day underwear bomber by giving him a Miranda warning after 30 minutes of questioning.,half-true,half-true,"['true', 'mostly-true', 'half-true', 'mostly-false', 'false']",5,True
"Says he will pursue change in federal law to protect employees from ""extortion from a union"" because ""the Supreme Court has ruled that federal prohibitions outlawing extortion usually do not apply to unions.""",mostly-false,false,"['half-true', 'mostly-false', 'false', 'pants-fire']",4,True
"""Here are the stats: Per population, we kill each other with guns at a rate 297x more than Japan, 49x more than France, 33x more than Israel.""",mostly-true,true,['true'],1,False
"""Only a few months ago the FBI arrested three Broward County Commissioners for accepting millions of dollars in trade for illegal favors.""",false,false,"['mostly-false', 'false', 'pants-fire']",3,True
"Gov. Charlie Crist ""sought for and got approved the automatic restoration of felon rights for nonviolent offenders for the first time in Florida history.""",false,false,"['true', 'mostly-true', 'half-true', 'mostly-false', 'false', 'pants-fire']",6,True
"""Missouri, in general, has more crime, percentage-wise, than the rest of the country. So, we are seeing overall crime throughout the country is going down but not here in Missouri.""",half-true,false,"['half-true', 'mostly-false', 'false']",3,True
"Says Milwaukee County Sheriff David Clarke has ""deputies collecting overtime while sitting passively in chairs watching courthouse security personnel work.""",mostly-true,false,"['mostly-true', 'half-true', 'mostly-false', 'false']",4,True
"Children who witness domestic violence are ""twice as likely to commit it themselves.""",mostly-true,false,"['mostly-true', 'half-true', 'mostly-false', 'false', 'pants-fire']",5,True
"""Smallville star confesses she sold children to Rothschilds and Clintons.""",pants-fire,false,"['false', 'pants-fire']",2,True
"As part of the Obama administration's criminal justice reforms, “38,000 prisoners were released from federal prison.”",mostly-false,false,"['half-true', 'mostly-false', 'false', 'pants-fire']",4,True
"Says Rand Paul thinks drug-dealing, theft, burglary and prostitution should be decriminalized.",false,false,"['mostly-false', 'false', 'pants-fire']",3,True
"Says Debbie Mucarsel-Powell's family received $700,000 from the firm of ""violent warlord Ihor Kolomoisky,"" who is compared to Fidel Castro and Nicolás Maduro.",half-true,false,"['half-true', 'mostly-false', 'false', 'pants-fire']",4,True
"""The violent crime rate has risen, and the homicide rate has risen by more than 20 percent in just two years, really after 30 years of decline in violent crime.""",mostly-true,false,"['mostly-true', 'half-true', 'mostly-false', 'false', 'pants-fire']",5,True
"“If I didn’t INSIST on having the National Guard activate and go into Kenosha, Wisconsin, there would be no Kenosha right now.”",pants-fire,false,"['mostly-false', 'false', 'pants-fire']",3,True
"""According to the FBI, Mexican drug cartels are working with 100,000 street gang members in Chicago alone.""",half-true,false,"['half-true', 'mostly-false', 'false', 'pants-fire']",4,True
Police made ‘no arrests’ of protesters who blocked Durham Freeway,false,false,"['half-true', 'mostly-false', 'false', 'pants-fire']",4,True
"Wisconsin's Lincoln Hills youth prison has a ""66 percent recidivism rate,"" while ""states like Missouri, that have more of a regional model -- 8 percent.""",mostly-false,false,"['mostly-true', 'half-true', 'mostly-false', 'false', 'pants-fire']",5,True
"""The spillover violence (from Mexico) in Texas is real and it is escalating.""",mostly-false,mostly-false,"['true', 'mostly-true', 'half-true', 'mostly-false', 'false', 'pants-fire']",6,True
"California has seen a ""56 percent decline in the gun murder rate"" since the 1990s.",mostly-true,false,"['half-true', 'mostly-false', 'false', 'pants-fire']",4,False
"""A sitting sheriff cannot be charged except by a warrant issued by a Superior Court judge.""",half-true,false,"['true', 'mostly-true', 'half-true', 'mostly-false', 'false']",5,True
"""Maxine Waters Is Getting Criminally Charged!""",false,false,"['false', 'pants-fire']",2,True
Venezuelan leader Nicolás Maduro “was releasing people from his prisons and sending them to our southern border under the Biden administration.”,false,false,"['mostly-false', 'false', 'pants-fire']",3,True
"""Here are the facts: there is no massive wave of migrants pouring into California. Overall immigrant apprehensions on the border last year were as low as they’ve been in nearly 50 years (and 85 percent of the apprehensions occurred outside of California).""",true,true,['true'],1,True
"Says ""in our gun laws we’re allowing domestic abusers to sidestep this ban on getting a gun. The loophole allows a convicted abuser to walk into a gun show and walk out with a gun, no questions asked.""",true,false,"['true', 'half-true', 'mostly-false', 'false']",4,True
"Says ""some Planned Parenthood chapters have been selling the body parts of aborted fetuses for profit.""",false,false,"['mostly-false', 'false', 'pants-fire']",3,True
"Says three Ukrainians recently captured on a West Texas ranch are among ""individuals from countries that have strong terrorist ties being apprehended"" near the state’s border with Mexico.",half-true,false,"['true', 'mostly-true', 'half-true', 'mostly-false', 'false', 'pants-fire']",6,True
"Says El Paso is the ""safest city of our size in the nation.""",half-true,true,"['true', 'mostly-true', 'half-true', 'mostly-false', 'false']",5,True
"Last year, ""244 suspected terrorists walked into gun shops and attempted to purchase a firearm; 223 were able to get the firearm.""",mostly-true,false,"['half-true', 'mostly-false', 'false', 'pants-fire']",4,False
They were “never my comments” that a woman can’t get pregnant from rape.,half-true,false,"['mostly-false', 'false', 'pants-fire']",3,False
"""In the city of Milwaukee, we’ve still got a mayor and a police chief who are furloughing police officers at a time when we have violence all across the city.""",mostly-true,mostly-true,"['true', 'mostly-true', 'half-true', 'mostly-false', 'false']",5,True
"""Foster children are disproportionately victims of identity theft.""",false,false,"['half-true', 'mostly-false', 'false', 'pants-fire']",4,True
Says Gov. Tony Evers is “a big proponent of this defund the police movement.”,false,false,"['mostly-false', 'false']",2,True
"""We've got 40 years of study now that show that, with a good preschool start, you're less likely to be on public dole, you're less likely to be in prison.""",mostly-true,true,"['true', 'mostly-true', 'half-true']",3,True
"""No one on my staff has ever been charged with a crime.""",false,false,"['mostly-false', 'false', 'pants-fire']",3,True
"""DUI arrests dropped significantly in Tampa once Uber began operating here.""",half-true,false,"['mostly-true', 'half-true', 'mostly-false', 'false', 'pants-fire']",5,True
"""More lives have been lost because of the war with the drug cartels in Juarez alone, just a few blocks from the United States of America, than have been lost in the war in Afghanistan.""",false,false,"['mostly-false', 'false', 'pants-fire']",3,True
"There are ""more gun deaths by far"" in the United States than any other country in the world.",false,false,"['mostly-false', 'false', 'pants-fire']",3,True
"Before 2020, “crime had been falling, every year, year after year, in the city of Buffalo.”",mostly-true,true,['true'],1,False
"""We have killed lots of innocent people in the state of Texas.""",false,false,"['half-true', 'mostly-false', 'false', 'pants-fire']",4,True
"Says Rep. Jon Runyan ""voted to redefine rape.""",false,false,"['mostly-false', 'false']",2,True
"In 2016, Dallas, Texas, has fewer ""police officer-related shootings than any large city in America.""",half-true,false,"['true', 'mostly-true', 'half-true', 'mostly-false', 'false', 'pants-fire']",6,True
"Says ""93 percent of blacks in America are killed by other blacks.""",mostly-true,false,"['half-true', 'mostly-false', 'false']",3,False
"""The American murder rate is 50 times that of any other developed nation.""",false,false,"['mostly-false', 'false', 'pants-fire']",3,True
"""In New York, your chances of getting murdered are 1 in 25,000. In Honduras, it’s 1 in 14.""",half-true,false,"['half-true', 'mostly-false', 'false', 'pants-fire']",4,True
The storming of the Capitol was staged.,false,false,"['false', 'pants-fire']",2,True
"Boston Marathon bombing suspect Tamerlan Tsarnaev is buried ""not far"" from President Kennedy’s grave.",pants-fire,false,"['mostly-false', 'false', 'pants-fire']",3,True
"After attacking Emma Gonzalez, U.S. Rep. Steve King is ""facing arrest.""",false,false,"['mostly-false', 'false', 'pants-fire']",3,True
"Germany ""is crime-riddled right now"" because of migration to Europe.",mostly-false,false,"['mostly-false', 'false', 'pants-fire']",3,True
"More women were killed by their husbands or boyfriends since Sept. 11 than ""all the Americans who were killed by 9/11 or in Afghanistan and Iraq.""",true,true,"['true', 'false']",2,True
"Says ""we brought crime rate down by 30 percent"" when he was mayor of Dallas.",mostly-true,true,"['true', 'mostly-true', 'half-true', 'mostly-false', 'false', 'pants-fire']",6,True
"A record number of immigrants not from Mexico are ""being apprehended at the border.""",true,false,"['true', 'half-true', 'mostly-false', 'false']",4,True
"African-Americans don't use drugs at a higher level than whites but ""wind up going to prison six times more.""",mostly-true,half-true,"['true', 'mostly-true', 'half-true', 'mostly-false', 'false']",5,True
"In Florida, “any woman who has an abortion after six weeks — and any doctor who gives her care — will be guilty of a felony.”",half-true,false,"['mostly-false', 'false', 'pants-fire']",3,False
"""Violent crime is up since the last year of Sharpe James’ administration. This year it’s higher. … The unemployment rate is almost 15 percent. The high school dropout rate is over 50 percent.""",half-true,false,"['mostly-true', 'half-true', 'mostly-false', 'false', 'pants-fire']",5,True
"Says Donald Trump and Ron Johnson ""oppose a woman's right to choose and Johnson voted against the Violence Against Women Act.""",mostly-true,mostly-true,"['true', 'mostly-true', 'half-true', 'mostly-false', 'false', 'pants-fire']",6,True
"""More people are driving under the influence of drugs than are driving under the influence of alcohol. A recent roadside survey showed that 16 percent of the people tested, tested positive for illicit or licit drugs. That's significantly higher than alcohol.""",half-true,half-true,"['true', 'mostly-true', 'half-true', 'mostly-false', 'false']",5,True
"""I had to lay off 48 people last year,"" which has exacerbated the lack of law enforcement officers in the county that respond quickly to crime calls.",mostly-false,false,"['half-true', 'mostly-false', 'false', 'pants-fire']",4,True
Says Madison and Milwaukee County both carry sanctuary status for illegal immigrants and  released undocumented immigrants who have committed multiple crimes including sexual assault of a child,half-true,false,"['half-true', 'mostly-false', 'false', 'pants-fire']",4,True
"""Ivanka Trump charged with major crime.”",false,false,"['false', 'pants-fire']",2,True
“QAnon violence! There is none.”,false,false,"['false', 'pants-fire']",2,True
"Says special counsel Robert Mueller ""has brought in Democrat campaign donors at a very high level"" on his team of lawyers.",half-true,false,"['half-true', 'mostly-false', 'false', 'pants-fire']",4,True
"In the immediate wake of a fire and vandalism at the Madison headquarters of an anti-abortion group, Democrats had not condemned “activists who are engaging in this repugnant illegal activity.”",mostly-false,false,"['half-true', 'mostly-false', 'false', 'pants-fire']",4,True
"""If you go strictly by the numbers, crime is down across the board. Last year we had a 10 percent decrease in the most serious crimes.""",true,true,['true'],1,True
"""The number of inmates since 2000 on death row dying of natural causes has now surpassed the number of inmates executed.""",true,true,"['true', 'false']",2,True
"""What has happened since 2005? We’ve seen violent crime continuously go down"" due to Florida's ""stand your ground"" law.",mostly-false,false,"['mostly-false', 'false', 'pants-fire']",3,True
"""Violent crime is now going down for the first time in a long while.""",mostly-false,false,"['half-true', 'mostly-false', 'false', 'pants-fire']",4,True
"Providence has ""the lowest crime rate in three decades.""",true,false,"['true', 'mostly-true', 'half-true', 'mostly-false', 'false']",5,True
"Louie Gohmert of Texas ""blamed the mass shooting at a movie theater in Colorado on ‘the ongoing attacks on Judeo-Christian beliefs.'""",mostly-false,false,"['true', 'false', 'pants-fire']",3,False
"""It costs $10,000 a year to keep a child in school; it costs $30,000 a year to keep someone in prison.""",true,true,"['true', 'false']",2,True
"""Hillary in hiding as police discover dead body hidden in Huma Abedin’s dumpster.""",false,false,"['false', 'pants-fire']",2,True
"Regarding sexual assault against women, ""It’s actually safer not to be in college than it is to be in college.""",mostly-false,false,"['mostly-false', 'false', 'pants-fire']",3,True
"""One in five"" women in the military ""are receiving unwanted sexual contact,"" as are ""3.3 percent of men.""",mostly-true,true,"['true', 'mostly-true', 'half-true', 'mostly-false', 'false']",5,True
"“You know how many convicted felons Scott Walker let out during his eight years early on parole? Zero. Tony Evers is approaching 1,000 of these that he’s let out early.""",pants-fire,false,"['mostly-false', 'false', 'pants-fire']",3,True
Voting-rights legislation proposed by Democrats in Congress called H.R. 1 “would force states to restore the voting rights of convicted felons—including violent felons convicted of murder or rape.”,half-true,false,"['half-true', 'mostly-false', 'false', 'pants-fire']",4,True
"""We lock up close to 2.4 million people in this country. We're locking up more people than China and Russia.""",mostly-true,false,"['true', 'mostly-true', 'half-true', 'mostly-false', 'false']",5,True
"Nevada is No. 1 in unemployment, violent crime, car theft, divorce, robberies and foreclosures.",mostly-true,false,"['half-true', 'mostly-false', 'false', 'pants-fire']",4,False
A slain Chicago police officer left behind a two-month-old baby.,false,false,"['false', 'pants-fire']",2,True
"Says Greg Abbott ""converted over $1 million in federal grant money intended for use to prosecute online sexual predators and other cyber crimes and instead used it to harass and prosecute senior citizens who were assisting other senior citizens in applying for mail-in ballots.""",false,false,"['true', 'mostly-true', 'half-true', 'mostly-false', 'false', 'pants-fire']",6,True
“Violent crime rates increased in all but two Wisconsin cities between 2008 and 2017.”,pants-fire,false,"['mostly-false', 'false', 'pants-fire']",3,True
"""Gangs have increased by 40 percent since this president was elected.""",half-true,false,"['half-true', 'mostly-false', 'false', 'pants-fire']",4,True
"A bill backed by Sean Duffy and other House Republicans ""could actually require the Internal Revenue Service to conduct audits of rape victims"" who get an abortion.",false,false,"['mostly-false', 'false', 'pants-fire']",3,True
"""I'm well aware that medical marijuana is a recognized, medical, viable treatment for this sort of [pancreas] pain condition.""",false,false,"['mostly-false', 'false', 'pants-fire']",3,True
"Says a study shows that children who live with a biological parent and the parent's boyfriend or girlfriend ""have a 20 times greater chance of being sexually abused.""",true,true,"['true', 'false']",2,True
"Says Ken Paxton ""shut down the world’s largest human trafficking marketplace.""",mostly-false,false,"['mostly-true', 'half-true', 'mostly-false', 'false', 'pants-fire']",5,True
The bomb threat near the U.S. Capitol on Aug. 19 was a false flag.,pants-fire,false,['false'],1,False
"""When the mayor of Providence's brother wrote over 100 grand in bad checks to the city, Joe Fernandez didn't have the guts to prosecute him. He let him off the hook.""",pants-fire,false,"['half-true', 'mostly-false', 'false', 'pants-fire']",4,True
"""By the time I finish this speech, two Americans will be slain, six women will be raped, 27 of us will be robbed, and 50 more will be beaten.""",mostly-true,false,"['half-true', 'mostly-false', 'false', 'pants-fire']",4,False
"""Black people are eight times more likely to be arrested than white people"" in Madison.",half-true,false,"['mostly-true', 'half-true', 'mostly-false', 'false', 'pants-fire']",5,True
"""The FBI has become America's secret police …  like the old KGB.""",pants-fire,false,"['mostly-false', 'false', 'pants-fire']",3,True
"Says Peter Kilmartin voted ""in favor of expanding the 'good behavior' statute to sex offenders.""",false,false,"['half-true', 'mostly-false', 'false', 'pants-fire']",4,True
"Female students at UVA ""have a 20 percent chance of being sexually assaulted.""",mostly-false,false,"['mostly-false', 'false', 'pants-fire']",3,True
"""I brought down crime more than anyone in this country -- maybe in the history of this country -- while I was mayor of New York City."" -",mostly-false,false,"['mostly-false', 'false', 'pants-fire']",3,True
"""The homicide rate in Baltimore is significantly higher than El Salvador, Honduras, Guatemala. ...  I believe it’s higher than Afghanistan.""",half-true,false,"['true', 'mostly-false', 'false']",3,False
"“If you look at some of these places that (reduced police funding), they’ve already seen crime go up.""",mostly-false,false,"['half-true', 'mostly-false', 'false', 'pants-fire']",4,True
"Says Dan Sullivan approved a ""light sentence"" for a sex offender who got out of prison and is now charged with a gruesome murder and sexual assault.",pants-fire,false,"['half-true', 'mostly-false', 'false', 'pants-fire']",4,True
"""So many of these shooters turn out to be communist Democrats.""",pants-fire,false,"['mostly-false', 'false', 'pants-fire']",3,True
"Enacting the Right-to-Carry Act would amount to ""expanding the rights of sex offenders, terrorists, child predators, and abusers to carry concealed weapons across state lines.’’",half-true,false,"['half-true', 'mostly-false', 'false', 'pants-fire']",4,True
"Says House Republicans ""tried to change the definition of rape.""",mostly-false,mostly-false,"['true', 'mostly-true', 'half-true', 'mostly-false', 'false', 'pants-fire']",6,True
"Sex traffickers are using a zip-tie contraption on the door handles of vehicles “to trick females into looking down and digging for something in their purse to cut with ... Once they’re distracted, boom! They are quickly forced into another vehicle, never to be seen again by their people.”",false,false,"['false', 'pants-fire']",2,True
"At the start of the COVID-19 pandemic, Judge Ketanji Brown Jackson advocated that “each and every criminal defendant in D.C. Corrections custody should be released.”",mostly-false,false,"['half-true', 'mostly-false', 'false', 'pants-fire']",4,True
"""We have an increase in murder within our cities, the biggest in 45 years.""",mostly-true,true,['true'],1,False
"""There have not been any public safety issues"" in cities that allow transgender people to use the bathroom of the gender they identify as.",mostly-true,false,"['true', 'mostly-true', 'half-true', 'mostly-false', 'false', 'pants-fire']",6,True
"Chris Koster ""opposed protecting the women of Missouri"" because he ""was one of only four senators to vote against"" a bill ending the practice of making rape victims pay for their own rape kits.",half-true,false,"['true', 'mostly-true', 'half-true', 'mostly-false', 'false', 'pants-fire']",6,True
"Summer “protesters outside the White House were met with tear gas, rubber bullets, a full militarized response. While ... rioters were able to breach the Capitol.”",true,false,"['true', 'half-true', 'mostly-false', 'false', 'pants-fire']",5,True
"Says handing over arrested undocumented youth to ICE ""was an unintended consequence"" of a 2008 San Francisco policy that she supported.",false,false,"['mostly-false', 'false', 'pants-fire']",3,True
"Says Paul Manafort’s alleged crimes were ""years ago, before Paul Manafort was part of the Trump campaign.""",mostly-false,false,"['mostly-false', 'false', 'pants-fire']",3,True
The city of Pembroke Pines doesn't have a vote in a plan to build a detention center in Southwest Ranches.,mostly-false,true,"['true', 'mostly-true', 'half-true', 'mostly-false', 'false', 'pants-fire']",6,True
"""PEDOPHILIA is now LEGAL in CALIFORNIA. Now a 21 year old can have sex with an 11 year old, and not be listed on the sex registry as a sex offender.""",pants-fire,false,"['true', 'false', 'pants-fire']",3,True
"California Gov. Gavin Newsom “just let 76,000 inmates out of jail.""",false,false,"['mostly-false', 'false', 'pants-fire']",3,True
"""There have been at least 100 shootings each year [Angel Taveras] has been mayor"" of Providence.",mostly-true,false,"['mostly-false', 'false']",2,False
"Says he ""voted for even stronger protections (in the Violence Against Women Act) than Obama's agenda will allow.""",mostly-false,false,"['mostly-true', 'half-true', 'mostly-false', 'false', 'pants-fire']",5,True
Says murder is the chief cause of death for pregnant women.,mostly-false,false,"['half-true', 'mostly-false', 'false']",3,True
"In 2009, the FBI ""referred more than 71,000"" cases of people failing background checks when trying to buy a gun to another federal agency, ""but U.S. attorneys ultimately prosecuted only 77 of them.""",half-true,half-true,"['true', 'mostly-true', 'half-true', 'false']",4,True
"""US representatives promise implement of UN gun-control plans""",mostly-false,false,"['false', 'pants-fire']",2,False
“These mass shootings happen so much that Ted Cruz really got a template ready to tweet whenever they occur.”,false,false,"['mostly-false', 'false', 'pants-fire']",3,True
"Says Mark Kirk ""called for the mass arrest of 18,000 African Americans"" and ""was apparently fine with Trump’s #StillTooRacist call for mass deportation.""",false,false,"['half-true', 'mostly-false', 'false', 'pants-fire']",4,True
"As a mayor, ""John Fetterman chased down an innocent, unarmed Black man,"" wielded a shotgun and ""falsely accused the man, triggering a confrontation with police.""",mostly-true,false,"['half-true', 'mostly-false', 'false', 'pants-fire']",4,False
"""Since the Sandy Hook tragedy, more than seven children PER DAY have died from gun violence.""",mostly-true,false,"['true', 'mostly-true', 'half-true', 'mostly-false', 'false', 'pants-fire']",6,True
“Florida man charged with a hate crime” for defacing pride crosswalk.,mostly-false,false,"['mostly-false', 'false']",2,True
"""Satanic leader confesses to sacrificing 675 children 'gifted' to him by doctors.""",half-true,false,"['mostly-false', 'false', 'pants-fire']",3,False
"""Under the federal Controlled Substance Act, marijuana is listed in the same Schedule I as heroin,"" even though ""marijuana is not a killer drug like heroin.""",mostly-true,false,"['true', 'mostly-true', 'half-true', 'mostly-false', 'false', 'pants-fire']",6,True
"""We didn’t go out asking people"" to join the ""stand your ground"" task force.",false,false,"['half-true', 'mostly-false', 'false', 'pants-fire']",4,True
"""50 percent of murders in Texas have been linked to illegal aliens.""",false,false,"['false', 'pants-fire']",2,True
"Says a gun bill before the Senate would make it a federal felony to ""leave town for more than seven days, and leave someone else at home with your firearms.""",half-true,false,"['half-true', 'mostly-false', 'false', 'pants-fire']",4,True
"""While Richard Cordray was Attorney General, 12,000 rape kits like Allyssa's were left untested. Cordray's failure left serial rapists free to strike again. Then Mike DeWine became Attorney General. He tested all 12,000 rape kits. Now hundreds of rapists are behind bars.""",half-true,false,"['mostly-true', 'half-true', 'mostly-false', 'false', 'pants-fire']",5,True
"""In 2017, we had more marijuana possession arrests in our country than all other violent crimes combined.""",true,false,"['true', 'half-true', 'mostly-false', 'false']",4,True
"""In the eight years that I was mayor, (there was a) nearly 50 percent drop in violent crime, gang crime — crime went down because we grew our police department, we focused on constitutional community policing, we did some of the most innovative prevention, intervention, job re-entry programs in the nation.""",mostly-true,true,"['true', 'mostly-true', 'half-true']",3,True
Says Oregon ranks 30th in the nation with regard to its incarceration rate.,true,false,"['true', 'half-true', 'mostly-false', 'false']",4,True
"""Crime has been getting worse since Jerry Brown was elected governor.""",mostly-false,false,"['mostly-true', 'half-true', 'mostly-false', 'false', 'pants-fire']",5,True
"Says he's arrested more criminals, ""including thousands of child predators and sex offenders,"" than any previous Texas attorney general.",mostly-true,mostly-true,"['true', 'mostly-true', 'half-true', 'mostly-false', 'false']",5,True
"In some states, African-Americans are three times more likely to be sentenced to death than whites for the same crime.",half-true,false,"['true', 'mostly-true', 'half-true', 'mostly-false', 'false', 'pants-fire']",6,True
“Violent crime is near a record 50-year low.”,true,true,['true'],1,True
"Premeditation, in murder cases like the Oscar Pistorius case, ""can be formed in the twinkling of an eye.""",mostly-false,false,"['half-true', 'mostly-false', 'false', 'pants-fire']",4,True
"""President Obama became the first president since Carter to leave the White House with a smaller federal prison population than when he took office.""",true,true,"['true', 'false']",2,True
"There were ""50 percent more murders"" in Orlando and Orange County, Fla., last year ""than in all of Sweden.""",mostly-true,false,"['half-true', 'mostly-false', 'false', 'pants-fire']",4,False
"""The law says ... when a police officer stops you, do whatever he says and then deal with it later.""",false,false,"['half-true', 'mostly-false', 'false', 'pants-fire']",4,True
"""This incident of supposed feces depicting a swastika on the wall of a bathrooms in one of the halls ... has been supported by zero fact.""",pants-fire,false,"['half-true', 'mostly-false', 'false', 'pants-fire']",4,True
"""Brock Turner’s early release will be a regular occurrence if Prop. 57 passes.""",mostly-false,false,"['half-true', 'mostly-false', 'false', 'pants-fire']",4,True
"""It costs us about $33,000 a year (on average nationally) to lock somebody up. In California it costs about $75,000 a year.""",true,true,['true'],1,True
"Says Beto O’Rourke ""has a criminal record that includes DWI and burglary arrests.""",true,false,"['true', 'mostly-false', 'false']",3,True
"There were ""63 murders this weekend"" in Chicago and Mayor Rahm Emanuel’s legacy is ""more murders in his city than ever before.""",pants-fire,false,"['mostly-false', 'false', 'pants-fire']",3,True
People who stole U.S. Postal Service uniforms are posing as postal workers and robbing people at gunpoint.,false,false,"['mostly-false', 'false', 'pants-fire']",3,True
"“In Chicago, Covid-19 actually LOWERED the death rate.”",false,false,"['mostly-false', 'false', 'pants-fire']",3,True
"Laurie Monnes Anderson ""voted to let violent criminals out of jail early.""",mostly-true,false,"['half-true', 'mostly-false', 'false', 'pants-fire']",4,False
"""Only half of the murders in the city of St. Louis get solved.""",true,false,"['true', 'half-true', 'mostly-false', 'false']",4,True
"""I am every year the No.1 pick of all of the law enforcement agencies within Texas.""",false,false,"['mostly-false', 'false', 'pants-fire']",3,True
"""The FBI is involved in an investigation about people in the Rio Grande Valley who are using cocaine to buy votes.""",mostly-true,false,"['true', 'half-true', 'mostly-false', 'false']",4,False
“Violent crime was up under Donald Trump.”,half-true,false,"['mostly-true', 'half-true', 'mostly-false', 'false']",4,True
"""The average rate of fraud"" in the Earned Income Tax Credit, Medicare, Medicaid and food stamps programs ""is 20 to 25 percent.""",pants-fire,false,"['mostly-false', 'false', 'pants-fire']",3,True
"""Some of the safest communities in the United States are along the border.""",mostly-true,mostly-true,"['true', 'mostly-true', 'half-true', 'mostly-false', 'false']",5,True
“Jan. 6 now does look like it was an inside job.”,pants-fire,false,"['mostly-false', 'false', 'pants-fire']",3,True
“I take responsibility for putting people in jail” in Minnesota fraud scandal.,false,false,"['half-true', 'mostly-false', 'false', 'pants-fire']",4,True
"Secure Communities ""has a proven track record of enhancing public safety by focusing on violent offenders and those that pose a threat to our communities and our national security.""",half-true,half-true,"['mostly-true', 'half-true', 'mostly-false', 'false']",4,True
"President Donald Trump ""announced that he would reinstate a national day of remembrance for fallen officers that the traitor before him had done away with.""",pants-fire,false,"['false', 'pants-fire']",2,True
"""It is shocking to me that Police Commissioner Richard Ross and Mayor Jim Kenney allowed this illegal occupation to go on for hours without taking any action to enforce the law…""",false,false,"['mostly-false', 'false', 'pants-fire']",3,True
“The Biden administration is engaging in human trafficking because they are enabling this to happen” at the southern border.,false,false,"['mostly-false', 'false', 'pants-fire']",3,True
"""Mass shootings went up 200 percent in the decade after the assault weapons ban expired.""",mostly-false,false,"['half-true', 'mostly-false', 'false', 'pants-fire']",4,True
"Harry Reid ""voted to use taxpayer dollars to pay for Viagra for convicted child molesters and sex offenders.""",mostly-false,false,"['mostly-false', 'false', 'pants-fire']",3,True
"Says Scott Walker cut funding to local governments in Wisconsin, contributing to the ""second-largest increase in violent crime"" in the Midwest.",half-true,false,"['mostly-true', 'half-true', 'mostly-false', 'false', 'pants-fire']",5,True
"""The UK has an unarmed police force and a firearm fatality rate that is 40 times lower per capita than in the U.S.""",mostly-true,false,"['true', 'mostly-true', 'half-true', 'mostly-false', 'false', 'pants-fire']",6,True
The Jeffrey Epstein plea agreement “was a sweetheart plea deal that was made under the Obama administration.”,false,false,"['mostly-false', 'false', 'pants-fire']",3,True
“Leftist justice reform” is the reason that the NYC subway shooting suspect wasn’t in jail at the time of the attack.,false,false,"['half-true', 'mostly-false', 'false', 'pants-fire']",4,True
"Says former President Barack Obama ""pardoned a traitor who gave U.S. enemies state secrets, he also pardoned a terrorist who killed Americans.""",mostly-false,false,"['mostly-false', 'false', 'pants-fire']",3,True
"""There was almost a 70 percent reduction in police-related shootings under my tenure because of training, supervision and policy decisions.""",half-true,false,"['true', 'mostly-true', 'half-true', 'mostly-false', 'false', 'pants-fire']",6,True
"During his tenure as mayor, he ""saw Houston’s crime rates drop to the lowest levels in more than 25 years.""",true,true,['true'],1,True
"Says 85 percent of Milwaukee shootings involve ""people with extensive criminal records shooting other people with extensive criminal records.""",half-true,half-true,"['mostly-true', 'half-true', 'mostly-false', 'false', 'pants-fire']",5,True
"If protesters blocking the road “start banging on your windows, threatening you and trying to get in your vehicle,” it is legal to “hit the gas and plow through them.”",false,false,"['mostly-false', 'false']",2,True
"""Local authorities in 43 states refused to honor more than 16,000 detainer requests from ICE from October 2013 to December 2015. Only in Alaska, Delaware, Hawaii, Maine, Montana, Vermont and Wyoming did local officials honor all requests, and detainers are relatively rare in those states.""",mostly-true,true,"['true', 'mostly-true', 'half-true', 'mostly-false', 'false', 'pants-fire']",6,True
"Obama ""supports hate-crimes expansion ... potentially putting churches at risk if they preach the truth about homosexuality.""",false,false,"['mostly-false', 'false', 'pants-fire']",3,True
"""Many firearms experts determined the Las Vegas shooter’s use of a bump stock actually prevented more casualties and (injuries) due to its inconsistency, inaccuracy, and lack of control.""",false,false,"['half-true', 'mostly-false', 'false', 'pants-fire']",4,True
"A new Missouri bill “would put teachers on the sex offense registry if they ‘contribute to social transition’” of transgender students, including by using gender-affirming pronouns.",mostly-true,false,"['true', 'mostly-false', 'false', 'pants-fire']",4,False
"Says PolitiFact ""validated and independently documented"" its ""criminal history"" claims about Adan Ballesteros.",mostly-false,false,"['half-true', 'mostly-false', 'false', 'pants-fire']",4,True
"“Homicides are intraracial. When you look at white-on-white crime, it's 84%. Right? Homicides. White people kill white people.”",true,true,"['true', 'mostly-true', 'half-true', 'mostly-false', 'false']",5,True
The No. 1 cause of death for African-American males 15-34 is murder.,true,true,"['true', 'false']",2,True
"Says that under a new program jail ""time for non-violent, mentally ill offenders has been reduced by 50 percent.""",true,true,"['true', 'mostly-true', 'false']",3,True
"“When we discovered, I discovered, that we were doing many, many, too many stop and frisks, we cut 95% of it out.”",half-true,false,"['half-true', 'mostly-false', 'false', 'pants-fire']",4,True
"Says Tony Evers ""wants to cut Wisconsin's prison population in half, a dangerous plan that today would mean releasing thousands of violent criminals back into our communities.""",half-true,false,"['mostly-true', 'half-true', 'mostly-false', 'false', 'pants-fire']",5,True
"""The average age a child is trafficked into the commercial sex trade industry is between 11 and 14 years old.""",half-true,false,"['true', 'mostly-true', 'half-true', 'mostly-false', 'false', 'pants-fire']",6,True
“Finnish Court rules sex with children is permitted.”,false,false,['false'],1,True
"""Firearms homicides are down about 40 percent"" since Texas passed concealed-gun permit law.",mostly-true,false,"['mostly-true', 'half-true', 'mostly-false', 'false', 'pants-fire']",5,True
"Antonio Villaraigosa's ""recklessness (as mayor of Los Angeles)  ... left no funding to test 7,000 rape kits, putting public safety at risk.""",false,false,"['true', 'mostly-true', 'half-true', 'mostly-false', 'false', 'pants-fire']",6,True
"For every $1 spent on afterschool programs, ""we can save over $5, almost $6, in crime costs down the line.""",half-true,false,"['half-true', 'mostly-false', 'false']",3,True
"""Only in the Third World do you see this habitual use of prosecutions of former leaders.”",false,false,"['mostly-false', 'false', 'pants-fire']",3,True
"Online voter registration is a ""more secure"" way of doing voter registration.",mostly-true,true,"['true', 'mostly-true', 'half-true', 'false']",4,True
"""Super Bowl Sunday has the highest rate of domestic violence.""",pants-fire,false,"['false', 'pants-fire']",2,True
“The school shooter in Madison Wisconsin Christian School shooting has been identified as a female identifying as a male.”,false,false,"['false', 'pants-fire']",2,True
The rate of U.S. female homicide victims outnumbers 24 other developed countries by more than 2½ to 1.,half-true,false,"['half-true', 'mostly-false', 'false', 'pants-fire']",4,True
"An Army report stated Allen West ""performed illegal acts, merited court martial, faced 11 years in prison.'""",half-true,false,"['half-true', 'mostly-false', 'false', 'pants-fire']",4,True
“Only one person died on that day” during the Jan. 6 U.S. Capitol riot.,false,false,"['false', 'pants-fire']",2,True
“A $7.20 an hour McDonalds employee … now gets a cool 1/2 million dollar reward” for helping police find the suspected UnitedHealthcare CEO shooter.,false,false,"['mostly-false', 'false', 'pants-fire']",3,True
"""Burka clad woman runs over baby, gets away with crime for one stunning reason ...""",false,false,"['mostly-false', 'false', 'pants-fire']",3,True
“Cuomo ended cash bail ... and now the crime rate has gone through the roof.”,false,false,"['half-true', 'mostly-false', 'false', 'pants-fire']",4,True
"The stories from women saying he groped or forced himself on them ""largely have been debunked.""",false,false,"['mostly-false', 'false', 'pants-fire']",3,True
"""Since the passage of Proposition 47 by voters in 2014 and the signing of AB 109 in 2011, violent crime has been on the rise in California, up 12 percent in 2015 statewide according to the FBI.""",half-true,false,"['mostly-true', 'half-true', 'mostly-false', 'false', 'pants-fire']",5,True
"""Rhode Island has a [inmate] recidivism rate of over 60 percent.""",mostly-true,false,"['half-true', 'mostly-false', 'false']",3,False
"""Virginia Democrats Push Legislation to Make Criticism of Government Officials a Criminal Offense.""",pants-fire,false,"['mostly-false', 'false']",2,False
"""In Houston, Texas, there are more brothels than there are Starbucks.""",mostly-true,false,"['mostly-false', 'false', 'pants-fire']",3,False
"Says ""About 7 in 10 of Oregon’s inmates are in prison for violent crimes and serious sex offenses.""",true,true,"['true', 'false']",2,True
"Says Hillary Clinton ""wants sanctuary cities.""",mostly-true,false,"['half-true', 'mostly-false', 'false', 'pants-fire']",4,False
"""You're more likely to be the victim of a violent crime in Milwaukee than in 96 percent of the country.""",half-true,false,"['mostly-true', 'half-true', 'mostly-false', 'false', 'pants-fire']",5,True
"Milwaukee County Sheriff David A. Clarke Jr. advised citizens to ""point that barrel center mass and pull the trigger"" because ""911 is not our best option.""",true,false,"['true', 'mostly-false', 'false', 'pants-fire']",4,True
"""Over 22,000 unique Internet Protocol addresses -- in Wisconsin alone -- have downloaded child pornography.""",mostly-true,false,"['half-true', 'mostly-false', 'false', 'pants-fire']",4,False
"""California won’t let law enforcement officers like you and your people transfer prisoners to ICE custody or even to communicate with ICE that you’re about to release them from your custody — people that ICE is looking for.""",mostly-false,false,"['half-true', 'mostly-false', 'false', 'pants-fire']",4,True
The Brooklyn subway attack was a false flag.,pants-fire,false,['false'],1,False
The suspect in the Minnesota lawmakers’ shootings was driven by “Marxist” ideology.,pants-fire,false,"['mostly-false', 'false', 'pants-fire']",3,True
"Democrats ""booed families of children murdered by MS13.""",pants-fire,false,"['false', 'pants-fire']",2,True
"""Semi-automatic weapons, whether pistol or rifle, were designed for use by the military on the battlefield.""",false,false,"['mostly-false', 'false']",2,True
"On Jan. 6, 2021, 274 FBI agents were “probably acting as agitators and insurrectionists, but certainly not as ‘law enforcement officials.’”",pants-fire,false,"['half-true', 'mostly-false', 'false', 'pants-fire']",4,True
"""Earlier this year, [John DePetro] was accused of sexually assaulting a female co-worker.""",pants-fire,false,"['mostly-false', 'false']",2,False
"Says the Central Park Five ""admitted their guilt.""",mostly-false,false,"['mostly-false', 'false', 'pants-fire']",3,True
"""Barack Obama has consistently voted against tougher penalties for criminals.""",false,false,"['mostly-false', 'false', 'pants-fire']",3,True
"""In Atlanta, since 1994 when the ‘Seven Deadly Sins’ (mandatory minimum sentences) took effect, the violent crime rate has dropped 62 percent.""",mostly-true,true,"['true', 'mostly-true', 'false']",3,True
"""Ken Buck's (District Attorney's) office? His spending skyrocketed by 40 percent.""",mostly-true,mostly-true,"['mostly-true', 'half-true', 'mostly-false', 'false']",4,True
"Says ""Bob Casey voted in favor of deadly sanctuary cities that released thousands upon thousands of illegal alien criminals and vicious gang members to prey on Pennsylvania streets, to prey all over this country.""",false,false,"['mostly-false', 'false', 'pants-fire']",3,True
"Says the proposed Texas Privacy Act ""is very different from"" North Carolina’s law ""in that theirs covers a whole list of things that the Texas Privacy Act does not.""",half-true,mostly-false,"['true', 'mostly-true', 'half-true', 'mostly-false', 'false', 'pants-fire']",6,True
"""There have been no hearings"" on a criminal justice bill being considered in the Senate.",mostly-false,false,"['half-true', 'mostly-false', 'false', 'pants-fire']",4,True
"""The two worst counties for (Medicaid) fraud in the country -- not state -- are Dade and Broward county.""",mostly-true,false,"['true', 'mostly-true', 'half-true', 'mostly-false', 'false', 'pants-fire']",6,True
"Says Ted Cruz ""never denied"" his father was photographed with Lee Harvey Oswald.",pants-fire,false,"['mostly-false', 'false', 'pants-fire']",3,True
"""Last year, (Bill McCollum) spent more than $2.2 million dollars to produce and air campaign-style TV ads where you were featured in almost every frame.""",mostly-true,mostly-true,"['true', 'mostly-true']",2,True
"Milwaukee has seen ""an uptick in violence"" since 2010, and ""the only period of calm we get is when winter sets in.""",mostly-true,false,"['mostly-true', 'half-true', 'mostly-false', 'false', 'pants-fire']",5,True
"In 2016, there were 5,570 people in Wisconsin ""who committed crimes on probation and they were not revoked.""",half-true,false,"['mostly-true', 'half-true', 'mostly-false', 'false']",4,True
"In Wisconsin, ""deaths from domestic violence are at the highest in 10 years.""",true,true,"['true', 'false']",2,True
"Says that in Illinois, ""fewer than 20% of those actually deported have been charged with any serious crime.""",mostly-true,true,"['true', 'mostly-true', 'half-true', 'mostly-false', 'false']",5,True
Vice President Kamala Harris “even wants to legalize fentanyl.”,false,false,"['mostly-false', 'false', 'pants-fire']",3,True
"""The same unhinged leftists cheering last week's shooting are all backing Jon Ossoff.""",pants-fire,false,"['false', 'pants-fire']",2,True
"China sends “fentanyl into America killing 80,000 Americans a year.”",half-true,false,"['half-true', 'mostly-false', 'false', 'pants-fire']",4,True
"""Ten percent of violent deaths in the U.S. each year are due to strangulation.""",mostly-false,false,"['mostly-false', 'false']",2,True
"""Crime in Atlanta is down 18 percent since 2009.""",true,true,['true'],1,True
"""The Obama administration has used the Espionage Act to go after whistleblowers who leaked to journalists ... more than all previous administrations combined.""",true,true,"['true', 'mostly-true', 'half-true', 'mostly-false', 'false', 'pants-fire']",6,True
“Violent crime in South Bend doubled during Mayor Pete’s tenure.”,mostly-false,false,"['mostly-false', 'false', 'pants-fire']",3,True
"In Lancaster, Pa., “We caught them with 2,600 votes. We caught them cold, 2,600 votes. ... And every vote was written by the same person.""",false,false,"['mostly-false', 'false', 'pants-fire']",3,True
"""Every day, 34 Americans are murdered with guns.""",mostly-true,mostly-true,"['mostly-true', 'half-true', 'mostly-false', 'false']",4,True
Says “Property crime rising in Austin. This is the kind of thing that happens when cities defund and deemphasize police. Residents are left to fend for themselves.”,mostly-false,false,"['half-true', 'mostly-false', 'false', 'pants-fire']",4,True
"Democrats ""want virtual immunity for illegal aliens who have created horrible crimes and murder.""",false,false,"['mostly-false', 'false']",2,True
"""Roughly 25% of RI has a criminal record""",pants-fire,false,"['false', 'pants-fire']",2,True
"Right now, if Rhode Island police come across a young person with a gun, ""they really don't legally have the right to take it away from them.""",half-true,false,"['mostly-false', 'false', 'pants-fire']",3,False
"Says Andrew Gillum is running ""from the FBI.""",false,false,"['mostly-false', 'false', 'pants-fire']",3,True
A 0.05 standard for drunken driving means having a glass of wine at dinner could make a person drunk.,mostly-true,mostly-true,"['true', 'mostly-true', 'half-true', 'mostly-false', 'false']",5,True
"A flight from Atlanta to Houston was canceled due to a ""terrorist dry run.""",pants-fire,false,"['false', 'pants-fire']",2,True
"From 2000 to 2008, we averaged ""about five mass shootings a year. We're now averaging 15. So that's a three-fold increase.""",mostly-false,false,"['mostly-true', 'half-true', 'mostly-false', 'false', 'pants-fire']",5,True
"In the U.S., “you’re not allowed to own a machine gun.”",mostly-false,false,"['false', 'pants-fire']",2,False
"In the U.S., ""African-Americans continue to be arrested at nearly three and one half times the rate of whites"" on marijuana charges.",true,true,['true'],1,True
Caitlyn Jenner “literally killed someone 6 years ago in the streets and was released by a District Attorney.”,mostly-false,false,"['mostly-false', 'false', 'pants-fire']",3,True
"Says Chicago ""had the lowest murder rates in a generation"" during his time as police superintendent.",mostly-false,false,"['half-true', 'mostly-false', 'false', 'pants-fire']",4,True
"""Just last year, alone, 710 police officers"" were assaulted in New York state.",mostly-true,false,"['half-true', 'mostly-false', 'false', 'pants-fire']",4,False
"Say Matt Wand cut Troutdale police, created a slush fund for himself.",pants-fire,false,"['false', 'pants-fire']",2,True
Says Josh Mandel’s campaign is under FBI investigation,false,false,"['false', 'pants-fire']",2,True
"Chicago city officials ""have adopted an official policy of protecting criminal aliens who prey on their own residents.""",false,false,"['half-true', 'mostly-false', 'false', 'pants-fire']",4,True
"Says Milwaukee County district attorney candidate Verona Swanigan ""has worked as a prosecutor.""",false,false,"['mostly-false', 'false', 'pants-fire']",3,True
"Says the Obama administration plans to reduce the number of beds devoted to holding individuals violating immigration laws and to ""release hundreds of dangerous criminals into our communities.""",mostly-false,false,"['true', 'mostly-true', 'half-true', 'mostly-false', 'false', 'pants-fire']",6,True
"""Joe Biden brought Republicans and Democrats together to pass the 1994 crime bill, putting 100,000 cops on the streets and starting an eight-year drop in crime across the country.""",half-true,false,"['half-true', 'mostly-false', 'false', 'pants-fire']",4,True
"Says Democrat Hank Gilbert ""has a criminal conviction for theft, has multiple years of unpaid taxes, has multiple tax liens and fines, unsafe driving convictions (and) has recently been accused of taking a bribe and is on record lying to the press this year about his criminal record.""",half-true,false,"['mostly-true', 'half-true', 'mostly-false', 'false', 'pants-fire']",5,True
"""We have seized more currency, more drugs, more outbound arms in the past year than any year in our country’s history.""",half-true,half-true,"['mostly-true', 'half-true', 'mostly-false', 'false']",4,True
"Says John Cox ""parroted, parroted Trump — almost verbatim — on the children’s separation issues at the border.""",mostly-false,false,"['half-true', 'mostly-false', 'false', 'pants-fire']",4,True
"""We live in the most incarcerated country in the world.""",mostly-true,true,"['true', 'mostly-false', 'false']",3,False
"Says President Barack Obama ""appointed Eric Holder as attorney general. Eric Holder said he viewed his mission as brainwashing the American people against guns.""",half-true,false,"['mostly-false', 'false']",2,False
"""25% of human trafficking victims are located in Texas.""",pants-fire,false,"['true', 'mostly-true', 'half-true', 'mostly-false', 'false', 'pants-fire']",6,True
"The death penalty ""is a deterrent that does affect and impact people.""",mostly-false,false,"['mostly-false', 'false']",2,True
"""82-year-old who killed a Muslim in self-defense gets the death penalty.""",pants-fire,false,"['false', 'pants-fire']",2,True
"""A third of the budget for the city of Ferguson (Missouri) was being reaped by civil fines.""",mostly-false,false,"['mostly-false', 'false']",2,True
"""We are almost halfway to our goal of 1,000 rapes prosecuted!""",true,true,"['true', 'false']",2,True
"""Animal abuse is often an indicative trait of future acts of violence against humans.""",true,true,"['true', 'false']",2,True
"""Over the past twenty years, the number of homicides committed with a firearm in the United States has decreased by nearly 40 percent. The number of other crimes involving the use of a firearm has also plummeted, declining by nearly 70 percent.""",true,true,['true'],1,True
"Says ""one in four women and one in seven men have been victims of domestic violence in their lifetime.""",true,true,['true'],1,True
"San Diego’s border barrier ""almost completely ended illegal crossings.""",half-true,false,"['mostly-true', 'half-true', 'mostly-false', 'false']",4,True
"""The number of SWAT raids have gone up by 1,400 percent since the 1980s.""",mostly-true,true,"['true', 'false']",2,False
"“Antifa now banging on residents’ doors in Seattle, demanding food & supplies. If they don’t get it, the house gets vandalized.”",false,false,"['false', 'pants-fire']",2,True
"""When we look at the number of murders in the United States (in) 2009, we had 9,500 people murdered. When we look around the world, we see ... large countries, the U.K., Germany, Japan had 200 or less killed in a year.""",mostly-true,mostly-true,"['true', 'mostly-true', 'half-true', 'mostly-false', 'false']",5,True
"The man who killed a motorist who fatally struck a 2-year-old was ""back on the street"" because he had received a 13-year sentence for bank robbery but only ""served two years.""",mostly-false,false,"['half-true', 'mostly-false', 'false']",3,True
"Says “Lucy McBath voted to release criminals from prison. Murderers, rapists.”",false,false,"['half-true', 'mostly-false', 'false', 'pants-fire']",4,True
"""In the last six years of Cianci’s administration violent crime was down in the United States. It was down in the region. It was down in Rhode Island. But it was up in Providence.""",mostly-true,false,"['half-true', 'mostly-false', 'false', 'pants-fire']",4,False
Sullivan County “has the highest opioid death rate in all of New York state” yet “it’s the only county in the Hudson Valley not included in the federal High-Intensity Drug Trafficking Area” program.,mostly-true,false,"['true', 'mostly-true', 'half-true', 'mostly-false', 'false', 'pants-fire']",6,True
"Says the Texas Board of Nursing has a backlog of ""3,000 complaints against nurses, many of them sexual assaults, malfeasance.""",mostly-true,false,"['true', 'mostly-true', 'half-true', 'mostly-false', 'false']",5,True
Ethnic Russians face “genocide perpetrated by the Kyiv regime.”,false,false,"['mostly-false', 'false', 'pants-fire']",3,True
"""The job [of correctional officer] lowers your life expectancy . . . Metropolitan did a study in, I believe it was 1998, and the life expectancy was 58.""",false,false,"['mostly-false', 'false', 'pants-fire']",3,True
