statement,true_verdict,predicted_verdict,prediction_set,set_size,is_covered
"""SIX of the most prominent activists during the Ferguson riots have all been found burned to death in their cars. There are no coincidences here.""",mostly-false,false,"['false', 'pants-fire', 'mostly-false', 'half-true']",4,True
"""Foster children are disproportionately victims of identity theft.""",false,false,"['false', 'mostly-false', 'half-true', 'mostly-true', 'true', 'pants-fire']",6,True
"Since Florida passed the ""stand your ground"" law in 2005, deaths due to self-defense have jumped over 250 percent.",half-true,false,"['false', 'mostly-true', 'mostly-false', 'half-true', 'true', 'pants-fire']",6,True
"Texas spends ""more per day to house an inmate than we do on a student.""",true,mostly-true,"['mostly-true', 'true', 'half-true', 'mostly-false', 'false']",5,True
"In the U.S., “you’re not allowed to own a machine gun.”",mostly-false,false,"['false', 'mostly-false', 'mostly-true', 'half-true', 'true', 'pants-fire']",6,True
"Austin’s Stop Abuse for Everyone has seen in its offices ""sexual assault survivors that report being attacked by their ridesharing drivers, at a rate of one per month.""",half-true,false,"['false', 'mostly-false', 'half-true', 'mostly-true', 'true', 'pants-fire']",6,True
"I ""kicked crooked cops and government officials off the public pension rolls.""",false,false,"['false', 'pants-fire']",2,True
"""Eric Schneiderman helped NXIVM sell child sex slaves to the Clintons""",pants-fire,pants-fire,"['pants-fire', 'false']",2,True
"""We've got 40 years of study now that show that, with a good preschool start, you're less likely to be on public dole, you're less likely to be in prison.""",mostly-true,true,"['true', 'mostly-true', 'half-true', 'mostly-false']",4,True
"Says he ""voted for even stronger protections (in the Violence Against Women Act) than Obama's agenda will allow.""",mostly-false,mostly-false,"['mostly-false', 'half-true', 'false', 'mostly-true', 'true']",5,True
“These mass shootings happen so much that Ted Cruz really got a template ready to tweet whenever they occur.”,false,false,"['false', 'mostly-false', 'mostly-true', 'true', 'pants-fire', 'half-true']",6,True
"""Over the last two years, the number of murders in America and America’s major cities has dropped, unlike here (Chicago), by more than 10%.""",pants-fire,false,"['false', 'mostly-false', 'mostly-true', 'half-true', 'pants-fire']",5,True
"Says she ""created the first felony deferred prosecution program for nonviolent first-offenders"" in Texas.",mostly-false,mostly-true,"['mostly-true', 'true', 'half-true', 'mostly-false', 'false']",5,True
The storming of the Capitol was staged.,false,false,"['false', 'mostly-false', 'true', 'pants-fire', 'mostly-true', 'half-true']",6,True
"""We have seized more currency, more drugs, more outbound arms in the past year than any year in our country’s history.""",half-true,half-true,"['half-true', 'mostly-true', 'mostly-false']",3,True
"Says Georgia’s 5th congressional district, represented by John Lewis, is ""in horrible shape and falling apart (not to mention crime infested).""",mostly-false,mostly-false,"['mostly-false', 'false', 'pants-fire', 'half-true', 'mostly-true']",5,True
"During his tenure as mayor, he ""saw Houston’s crime rates drop to the lowest levels in more than 25 years.""",true,true,"['true', 'mostly-true']",2,True
"""The average age a child is trafficked into the commercial sex trade industry is between 11 and 14 years old.""",half-true,mostly-true,"['mostly-true', 'half-true', 'true', 'false', 'mostly-false', 'pants-fire']",6,True
"Says Texas has ""11 different felonies you can commit with an oyster.""",mostly-true,true,"['true', 'mostly-true', 'half-true', 'false', 'mostly-false', 'pants-fire']",6,True
“The entire city (of Portland) is ablaze all the time.”,false,false,"['false', 'pants-fire', 'mostly-false']",3,True
"“As California attorney general, (Kamala Harris) redefined child sex trafficking, assault with a deadly weapon, and rape of an unconscious person as a totally nonviolent crime.”",false,false,"['false', 'pants-fire', 'mostly-false']",3,True
"""The attorney general requires that rape victims pay for the rape kit.""",pants-fire,pants-fire,"['pants-fire', 'false']",2,True
"“When you compare us to the European Union, we're something like 23 times more likely” to have homicides and handgun killings.",mostly-true,true,"['true', 'mostly-true', 'half-true', 'false', 'mostly-false']",5,True
"Preliminary murder rates in Philadelphia ""will put the murder rate at the highest of this decade in the city.""",mostly-false,mostly-false,"['mostly-false', 'false', 'half-true', 'mostly-true', 'true']",5,True
"""In our nation’s capital, killings have risen by 50 percent.""",mostly-false,false,"['false', 'mostly-false', 'half-true', 'pants-fire', 'mostly-true']",5,True
"""There have been more than 270 mass shootings in the United States in the last year alone. That’s where four or more are killed.""",false,mostly-true,"['mostly-true', 'mostly-false', 'half-true', 'false', 'true']",5,True
"""We are almost halfway to our goal of 1,000 rapes prosecuted!""",true,true,"['true', 'mostly-true', 'false', 'half-true']",4,True
"A University of Texas ""student pulled out a concealed handgun"" on a knife-wielding suspect ""and made him back down.""",pants-fire,false,"['false', 'mostly-false', 'half-true', 'mostly-true', 'true', 'pants-fire']",6,True
"A proposed bill in the Florida Legislature ""would authorize the public hoarding of cats by feral cat activists.""",half-true,false,"['false', 'mostly-false', 'pants-fire', 'half-true', 'true', 'mostly-true']",6,True
"""So many of these shooters turn out to be communist Democrats.""",pants-fire,false,"['false', 'pants-fire', 'mostly-false', 'half-true', 'mostly-true']",5,True
"""Republicans want to restore #gunrights to felons""",mostly-true,false,"['false', 'mostly-false', 'mostly-true', 'half-true', 'true', 'pants-fire']",6,True
"""We fixed a loophole in the (gun) background record check system so that we could make our commonwealth safer.""",true,mostly-true,"['mostly-true', 'true', 'half-true', 'mostly-false', 'false']",5,True
"Tipster in UnitedHealthcare CEO killing is ineligible for reward money ""because she called 911 instead of the tip line.""",false,false,"['false', 'mostly-false', 'mostly-true', 'true', 'half-true']",5,True
"""African-Americans are more likely to be arrested by police and sentenced to longer prison terms for doing the same thing that whites do.""",true,true,"['true', 'mostly-true', 'half-true', 'mostly-false']",4,True
"Says under his plan to end cash bail ""the Waukesha perpetrator wouldn’t have been released """,mostly-true,mostly-false,"['mostly-false', 'mostly-true', 'half-true', 'true', 'false', 'pants-fire']",6,True
"When there is “a noose on a college dorm of a Black student” or a racial slur “on a dormitory building, the odds are overwhelming that a Black student actually did that.""",false,false,"['false', 'pants-fire', 'mostly-false']",3,True
Say North Carolina Gov. Roy Cooper was arrested for driving while intoxicated in Stanly County.,false,false,"['false', 'mostly-false']",2,True
"Providence has ""the lowest crime rate in three decades.""",true,true,"['true', 'mostly-true', 'half-true', 'false']",4,True
"Says ""Florida is a model"" for successful pretrial release programs.",half-true,mostly-true,"['mostly-true', 'half-true', 'mostly-false', 'true', 'false']",5,True
I've shut down pill mills.,mostly-false,false,"['false', 'mostly-true', 'half-true', 'mostly-false', 'true', 'pants-fire']",6,True
"""Our crime rate continues to plummet.""",mostly-true,mostly-true,"['mostly-true', 'half-true', 'mostly-false', 'true', 'false']",5,True
Says crime is ‘rising’ in Manchester and has gone up 19 percent under Mayor Ted Gatsas.,half-true,mostly-true,"['mostly-true', 'mostly-false', 'false', 'half-true', 'true']",5,True
"In America, ""more people die from"" prescription narcotic painkillers ""than from heroin and cocaine combined.""",half-true,half-true,"['half-true', 'mostly-true']",2,True
"Says Hillary Clinton campaign chairman John Podesta’s email password was ""password.""",false,false,['false'],1,True
Atlanta has issued an increasing number of citations - and collected an increasing amount of revenue - since Mayor Kasim Reed took office in 2010.,mostly-true,mostly-true,"['mostly-true', 'true', 'half-true', 'mostly-false', 'false']",5,True
"A reporter who covered the Buffalo supermarket shooting was a ""crisis actor.""",pants-fire,pants-fire,"['pants-fire', 'false']",2,True
"Gov. Scott Walker is helping pay for the criminal defense of a man accused of ""boy rape.""",pants-fire,pants-fire,"['pants-fire', 'false']",2,True
"Under the House Republican health plan, sexual assault is a pre-existing condition.",mostly-false,false,"['false', 'mostly-false', 'half-true', 'pants-fire', 'mostly-true', 'true']",6,True
"""Violent crime is now going down for the first time in a long while.""",mostly-false,mostly-false,"['mostly-false', 'false', 'half-true', 'mostly-true', 'pants-fire', 'true']",6,True
Brown University student Mustapha Karbouch was a suspect in school shooting.,false,false,"['false', 'mostly-false', 'pants-fire', 'true', 'mostly-true', 'half-true']",6,True
"""Worldwide credit card transactions, the credit card fraud rate is 0.04 percent, compared to almost 8 percent, 9 percent, 10 percent of Medicare fraud.""",mostly-true,mostly-true,"['mostly-true', 'half-true', 'false', 'true', 'mostly-false', 'pants-fire']",6,True
"Says ""the No. 2 cause of death in the U.S. (for) women under 50 is being killed by their spouse or domestic partner.""",false,false,"['false', 'true', 'mostly-false', 'pants-fire']",4,True
The Atlanta shooting suspect wrote an anti-China post on Facebook prior to the shootings.,false,false,"['false', 'mostly-false', 'mostly-true', 'true', 'half-true', 'pants-fire']",6,True
"""You have to have congressional authority"" to close Guantanamo Bay prison.",mostly-true,true,"['true', 'mostly-true', 'half-true', 'mostly-false', 'false']",5,True
"The ""House-passed budget proposal could cut funding for programs that help keep local neighborhoods safe, slash more than $1.7 million in anti-terror funds for Ohio.""",true,true,"['true', 'mostly-true', 'half-true']",3,True
"""An elderly British politician has been savagely beaten to a bloody pulp by a gang of anti-Trump protestors because he ‘welcomed’ the U.S. president to the United Kingdom.""",mostly-false,false,"['false', 'mostly-false', 'pants-fire', 'half-true', 'mostly-true']",5,True
"Says Rand Paul thinks drug-dealing, theft, burglary and prostitution should be decriminalized.",false,false,"['false', 'true', 'mostly-false', 'pants-fire', 'mostly-true', 'half-true']",6,True
Says he took down the mob in Northeast Ohio,mostly-false,true,"['true', 'mostly-true', 'false', 'half-true']",4,False
"""Seventy four percent of Californians are absolutely against sanctuary state"" policies.",false,false,"['false', 'mostly-false', 'half-true', 'pants-fire', 'mostly-true']",5,True
"""Biden is adding more IRS agents to investigate your taxes than we have detectives investigating every crime in the country.”",false,false,"['false', 'mostly-false', 'half-true', 'mostly-true', 'pants-fire']",5,True
"Under New York Mayor Bill de Blasio, homicides are up by 20 percent, and subway delays have soared 45 percent.",mostly-false,mostly-false,"['mostly-false', 'mostly-true', 'false', 'half-true', 'true', 'pants-fire']",6,True
"""FBI crime statistics have found that labeled ‘sanctuary’ cities experience lower rates of all crime types, including homicides.""",half-true,mostly-true,"['mostly-true', 'true', 'half-true', 'mostly-false', 'false']",5,True
"""When I was vice president, violent crime fell 15% in this country. ... The murder rate now is up 26% across the nation this year under Donald Trump.""",half-true,mostly-true,"['mostly-true', 'half-true', 'mostly-false', 'true', 'false']",5,True
“The Biden administration is engaging in human trafficking because they are enabling this to happen” at the southern border.,false,false,"['false', 'pants-fire', 'mostly-false']",3,True
"“Joe Biden was involved in a plot to kidnap JFK Jr. according to the just declassified FBI files, and also made several threats.""",pants-fire,pants-fire,"['pants-fire', 'false']",2,True
"A serial killer is targeting women in Hot Springs, Ark.",false,false,"['false', 'mostly-false', 'half-true', 'mostly-true']",4,True
"""Mass shootings went up 200 percent in the decade after the assault weapons ban expired.""",mostly-false,mostly-false,"['mostly-false', 'false', 'mostly-true', 'half-true', 'true', 'pants-fire']",6,True
There have been 317 criminal indictments under three recent Republican presidents and only three indictments under three recent Democratic presidents.,half-true,false,"['false', 'mostly-false', 'mostly-true', 'half-true', 'true', 'pants-fire']",6,True
"Says when Bernie Sanders was in college, Sanders said ""something very similar"" to what conservative Wisconsin Supreme Court Justice Rebecca Bradley had written as a college student in the 1990s -- that ""women have a legitimate role in date rape.""",half-true,half-true,"['half-true', 'mostly-false', 'mostly-true', 'false']",4,True
"""The profit [from automated traffic enforcement cameras] is going to the private corporations, not to the city or state.""",false,true,"['true', 'mostly-true', 'half-true', 'mostly-false', 'false']",5,True
"""$53 million a week is coming across the border in drugs.""",mostly-true,mostly-true,"['mostly-true', 'half-true', 'mostly-false', 'true', 'false']",5,True
Says Merrick Garland is investigating Donald Trump’s “tax evasion case.”,false,false,"['false', 'mostly-false', 'pants-fire']",3,True
"""Over 22,000 unique Internet Protocol addresses -- in Wisconsin alone -- have downloaded child pornography.""",mostly-true,mostly-true,"['mostly-true', 'true', 'half-true']",3,True
"Proposed gun control legislation ""will outlaw practically every firearm, make you pay $100 per firearm, put you into a police database"" and make it ""nearly impossible"" to get a permit to carry a concealed weapon.",mostly-false,pants-fire,"['pants-fire', 'false', 'mostly-false', 'mostly-true']",4,True
"No one “with a concealed carry permit ever committed a mass shooting.""",false,false,"['false', 'mostly-false', 'pants-fire']",3,True
"""Smallville star confesses she sold children to Rothschilds and Clintons.""",pants-fire,false,"['false', 'pants-fire']",2,True
“The school shooter in Madison Wisconsin Christian School shooting has been identified as a female identifying as a male.”,false,false,"['false', 'pants-fire']",2,True
"Says ""we brought crime rate down by 30 percent"" when he was mayor of Dallas.",mostly-true,mostly-true,"['mostly-true', 'half-true', 'mostly-false', 'false', 'true']",5,True
"""Black people kill more black people every six months than the KKK did in 86 years.""",half-true,false,"['false', 'mostly-false', 'pants-fire', 'half-true', 'mostly-true']",5,True
"""More lives have been lost because of the war with the drug cartels in Juarez alone, just a few blocks from the United States of America, than have been lost in the war in Afghanistan.""",false,false,"['false', 'mostly-false', 'true', 'pants-fire', 'mostly-true']",5,True
“A dangerous Hispanic couple” is “on the run after killing 3 female police officers.”,false,false,"['false', 'mostly-false', 'pants-fire']",3,True
"“The Manhattan DA is actually proposing to downgrade armed robbery to a misdemeanor, and to stop prosecuting resisting arrest.”",half-true,false,"['false', 'mostly-false', 'mostly-true', 'half-true', 'true', 'pants-fire']",6,True
"Says President Donald Trump ""cut funding from the Justice Department to investigate these domestic terrorist groups, these white supremacist groups.""",mostly-false,false,"['false', 'mostly-false', 'half-true', 'mostly-true', 'true', 'pants-fire']",6,True
Says Rick Perry's proposal on driver licenses and high school dropouts has been state law since 1989.,half-true,half-true,"['half-true', 'mostly-true', 'mostly-false', 'false', 'true', 'pants-fire']",6,True
"Says the proposed Texas Privacy Act ""is very different from"" North Carolina’s law ""in that theirs covers a whole list of things that the Texas Privacy Act does not.""",half-true,mostly-true,"['mostly-true', 'half-true', 'mostly-false', 'false', 'true', 'pants-fire']",6,True
"California Gov. Gavin Newsom “just let 76,000 inmates out of jail.""",false,false,"['false', 'mostly-false', 'half-true', 'mostly-true', 'true']",5,True
"""Here are the facts: there is no massive wave of migrants pouring into California. Overall immigrant apprehensions on the border last year were as low as they’ve been in nearly 50 years (and 85 percent of the apprehensions occurred outside of California).""",true,true,"['true', 'mostly-true', 'half-true', 'mostly-false', 'false']",5,True
"If protesters blocking the road “start banging on your windows, threatening you and trying to get in your vehicle,” it is legal to “hit the gas and plow through them.”",false,false,"['false', 'mostly-false', 'pants-fire', 'half-true', 'mostly-true']",5,True
"Says that under a new program jail ""time for non-violent, mentally ill offenders has been reduced by 50 percent.""",true,true,"['true', 'mostly-true', 'false']",3,True
People are participating in “National Rape Day’” on April 24.,false,false,['false'],1,True
"Says Milwaukee County Executive Chris Abele ""eliminated"" sheriff’s office funding for providing security for presidential and presidential campaign visits.",half-true,half-true,['half-true'],1,True
"Says Gov. Rick Perry has been ""begging"" for the federal government to send the Coast Guard to patrol two lakes on the U.S.-Mexico border.",false,false,"['false', 'mostly-false', 'pants-fire']",3,True
"Says ""Monica Lewinsky Found Dead"" in a burglary.",pants-fire,false,"['false', 'pants-fire']",2,True
"""You can absolutely get a gun if you have several felonies as long as you buy it on the Internet or at a gun show.""",half-true,false,"['false', 'mostly-false', 'pants-fire', 'half-true', 'mostly-true', 'true']",6,True
“A $7.20 an hour McDonalds employee … now gets a cool 1/2 million dollar reward” for helping police find the suspected UnitedHealthcare CEO shooter.,false,false,"['false', 'mostly-false', 'pants-fire', 'half-true', 'mostly-true']",5,True
"""Last year, we prosecuted a record number of firearms offenses.""",mostly-true,false,"['false', 'mostly-false', 'mostly-true', 'half-true', 'true', 'pants-fire']",6,True
"""Last year, South Carolina spent $21,756 per prison inmate and $11,552 per student.""",mostly-true,true,"['true', 'mostly-true', 'half-true', 'mostly-false']",4,True
“Car thefts (are) increasing in 8 of the 10 most populous (Wisconsin) counties.”,mostly-true,mostly-true,"['mostly-true', 'half-true', 'mostly-false', 'false', 'true']",5,True
"""Even members of the NRA, when they were polled recently, were under the impression that everyone has a criminal background check.""",mostly-true,mostly-true,"['mostly-true', 'true', 'half-true', 'mostly-false', 'false']",5,True
Scores of politicians and others are on a “list” of sex cases from newly unsealed Ghislaine Maxwell court documents.,false,false,"['false', 'mostly-false', 'true', 'mostly-true', 'half-true', 'pants-fire']",6,True
"""When we passed the assault weapons ban, mass shootings went down. When the law expired, mass shootings tripled.""",mostly-true,true,"['true', 'mostly-true', 'half-true', 'mostly-false', 'false']",5,True
"""A black person is four times as likely as a white person to be incarcerated for the exact same crime.""",mostly-false,false,"['false', 'mostly-false', 'half-true', 'mostly-true', 'pants-fire']",5,True
"In Cranston, it costs $5,000 to $6,000 to send out community notifications on just one Level 3 sex offender.",false,false,"['false', 'mostly-false', 'half-true', 'mostly-true']",4,True
"Says drug dealers have ""overdosed on purpose"" to avoid prosecution.",false,false,"['false', 'mostly-false', 'half-true', 'mostly-true', 'pants-fire', 'true']",6,True
"""David Cicilline was the state representative who opposed tough mandatory sentences for those convicted of domestic violence  and child abuse.""",true,true,"['true', 'mostly-true', 'half-true', 'false', 'mostly-false']",5,True
“One in six local election officials have received threats of violence” and threats against judges have doubled over four years and threats against members of Congress have increased by 10 times over five years.,mostly-true,true,"['true', 'mostly-true', 'half-true']",3,True
"Donald Trump staged the shooting at his rally in Butler, Pennsylvania.",pants-fire,false,"['false', 'mostly-false', 'pants-fire', 'true', 'mostly-true']",5,True
"""We have at least 200,000 to 300,000 hate crimes in a given year.""",mostly-true,mostly-true,"['mostly-true', 'true', 'half-true', 'false', 'mostly-false', 'pants-fire']",6,True
"Recently released Jan. 6 footage shows ""these cops using massive amounts of force against unarmed Trump supporters, including women.""",false,false,"['false', 'mostly-false', 'pants-fire', 'half-true', 'mostly-true', 'true']",6,True
"Says 642,000 crimes were committed against Texans by criminal immigrants in a recent seven-year period.",false,false,"['false', 'mostly-false', 'pants-fire', 'half-true', 'mostly-true', 'true']",6,True
"""Our larger domestic threat is from racial supremacist groups.""",false,mostly-true,"['mostly-true', 'mostly-false', 'half-true', 'false', 'true', 'pants-fire']",6,True
"Says a study shows that children who live with a biological parent and the parent's boyfriend or girlfriend ""have a 20 times greater chance of being sexually abused.""",true,true,['true'],1,True
"“If you look at some of these places that (reduced police funding), they’ve already seen crime go up.""",mostly-false,mostly-false,"['mostly-false', 'mostly-true', 'false', 'half-true', 'true', 'pants-fire']",6,True
"Georgia has more than 700 law enforcement agencies, and fewer than 20 percent of them are state-certified.",mostly-true,mostly-true,"['mostly-true', 'true', 'half-true', 'false', 'mostly-false']",5,True
"Says Hillary Clinton ""wants to have open borders.""",mostly-false,false,"['false', 'mostly-false', 'half-true', 'pants-fire', 'mostly-true', 'true']",6,True
"A bill backed by Sean Duffy and other House Republicans ""could actually require the Internal Revenue Service to conduct audits of rape victims"" who get an abortion.",false,false,['false'],1,True
"""Of all the people in federal prison for possession of illegal substances, 77 percent of them are not citizens of the United States.""",half-true,false,"['false', 'mostly-false', 'pants-fire', 'mostly-true', 'half-true', 'true']",6,True
"""When we held recent economic dialogues with China, we agreed on over 100 different things  —  including wildlife trafficking and volcano research. None of these 100-plus points of agreement addressed cybersecurity.""",mostly-false,mostly-false,"['mostly-false', 'mostly-true', 'half-true', 'false', 'true']",5,True
"""Beto O’Rourke wants to confiscate guns because he can’t buy one himself due to his criminal record.""",false,false,"['false', 'mostly-false', 'half-true', 'pants-fire', 'true', 'mostly-true']",6,True
"""The United States has the highest incarceration rate in the world.""",mostly-true,mostly-true,"['mostly-true', 'true', 'half-true', 'mostly-false', 'false']",5,True
"""Deidre DeJear refused to stand for police.""",half-true,false,"['false', 'mostly-false', 'mostly-true', 'half-true', 'true', 'pants-fire']",6,True
"Says of MS-13 gang members, ""We are getting them out of our country by the thousands.""",mostly-false,mostly-false,"['mostly-false', 'mostly-true', 'false', 'half-true', 'true']",5,True
Says a highway was closed in El Paso because of bullets flying across the border.,true,true,"['true', 'mostly-true']",2,True
"""Last year, (Bill McCollum) spent more than $2.2 million dollars to produce and air campaign-style TV ads where you were featured in almost every frame.""",mostly-true,mostly-true,"['mostly-true', 'half-true', 'true']",3,True
Felony crimes in the city of Atlanta are the lowest they have been since 1969.,true,true,"['true', 'mostly-true']",2,True
"Says PolitiFact ""validated and independently documented"" its ""criminal history"" claims about Adan Ballesteros.",mostly-false,false,"['false', 'mostly-false', 'half-true', 'mostly-true', 'true', 'pants-fire']",6,True
Say a boy was 'caged' in a wire enclosure.,false,false,"['false', 'true', 'mostly-true', 'half-true', 'mostly-false', 'pants-fire']",6,True
"""Maxine Waters Is Getting Criminally Charged!""",false,false,['false'],1,True
"""Texas has a higher incarceration rate than Russia or Iran.""",mostly-true,true,"['true', 'mostly-true', 'half-true', 'mostly-false', 'false']",5,True
"""Local authorities in 43 states refused to honor more than 16,000 detainer requests from ICE from October 2013 to December 2015. Only in Alaska, Delaware, Hawaii, Maine, Montana, Vermont and Wyoming did local officials honor all requests, and detainers are relatively rare in those states.""",mostly-true,mostly-true,"['mostly-true', 'true', 'half-true', 'mostly-false', 'false']",5,True
"Says Travis County Sheriff Greg Hamilton has accepted $42,000 from strip-club interests and $10,000 from local alcohol distributors.",mostly-true,true,"['true', 'mostly-true', 'half-true', 'mostly-false', 'false']",5,True
"""Crime is down in Arizona.""",true,true,"['true', 'mostly-true']",2,True
"Says that unless the recipient called back about ""your tax filings,"" you ""will be taken into custody by the local cops as there are more serious allegations pressed on your name.""",pants-fire,false,"['false', 'pants-fire', 'mostly-false']",3,True
"Kilmartin has helped pass laws to ""create a witness protection program.""",mostly-true,mostly-true,"['mostly-true', 'half-true', 'mostly-false']",3,True
“My opponent wants to abolish” law enforcement.,false,false,"['false', 'mostly-false', 'half-true', 'mostly-true', 'true', 'pants-fire']",6,True
"Only 15 percent of drug users are African-American, yet 74 percent of all drug offenders sentenced to prison are black",half-true,half-true,"['half-true', 'mostly-true']",2,True
"""A number of Democrats running for governor want to cut the prison population by 50%"" and ""that would require the release of thousands of violent felons.""",half-true,half-true,"['half-true', 'mostly-true', 'mostly-false']",3,True
A political map circulated by Sarah Palin’s PAC incited Rep. Gabby Giffords’ shooting,false,false,"['false', 'mostly-false', 'true', 'mostly-true', 'half-true', 'pants-fire']",6,True
"Says the ""South African Government is now seizing land from white farmers"" and alleges a ""large scale killing of farmers"" in the country.",mostly-false,false,"['false', 'mostly-false', 'pants-fire', 'half-true', 'mostly-true']",5,True
"Says Tallahassee ""is experiencing a five-year low in our crime rate.""",mostly-true,mostly-true,"['mostly-true', 'half-true', 'mostly-false', 'true', 'false']",5,True
"""Undocumented immigrants commit less crimes than the native born.""",mostly-true,true,"['true', 'mostly-true', 'half-true', 'mostly-false', 'false']",5,True
"Says President Barack Obama ""appointed Eric Holder as attorney general. Eric Holder said he viewed his mission as brainwashing the American people against guns.""",half-true,mostly-true,"['mostly-true', 'half-true', 'mostly-false', 'false', 'true']",5,True
"Protest vandalism in Richmond “all started two weeks ago when Mayor Stoney’s police gassed - tear gassed - a peaceful crowd of protesters, moms and children, at 7:30 p.m. sharp.”",false,false,"['false', 'mostly-false', 'half-true', 'mostly-true', 'true']",5,True
"""Since the passage of (the Violence Against Women Act), annual rates of domestic violence have dropped by 63 percent.""",half-true,mostly-true,"['mostly-true', 'half-true', 'mostly-false', 'false', 'true']",5,True
"""Two years ago Providence alone spent $50,000 a year notifying the school department"" about residents in the state's sex offender registry.",half-true,false,"['false', 'mostly-true', 'true', 'half-true', 'mostly-false', 'pants-fire']",6,True
"Sharron Angle supported ""a Scientology plan to give massages to prisoners.""",half-true,half-true,"['half-true', 'mostly-true', 'mostly-false']",3,True
"The Biden administration “halted deportations for all illegal aliens — murderers, rapists, terrorists, MS-13 gang members are not being deported.""",false,false,"['false', 'mostly-false', 'half-true', 'mostly-true']",4,True
"In some states, African-Americans are three times more likely to be sentenced to death than whites for the same crime.",half-true,true,"['true', 'mostly-true', 'half-true', 'mostly-false', 'false']",5,True
"""No one on my staff has ever been charged with a crime.""",false,false,['false'],1,True
“Milwaukee is one of the sex trafficking capitals in our country.”,mostly-true,mostly-true,"['mostly-true', 'mostly-false', 'half-true', 'false', 'true']",5,True
"""I’ve been involved in prosecuting a terrorist member of ISIS.""",false,false,"['false', 'mostly-false', 'mostly-true', 'half-true', 'true', 'pants-fire']",6,True
The city of San Francisco posted street signs warning that “stolen goods must remain under $950.”,false,false,['false'],1,True
"“In Virginia, Black people are eight times (8X) more likely than white people to die of gun homicide.”",true,true,"['true', 'mostly-true', 'half-true', 'mostly-false', 'false']",5,True
"In Wisconsin, ""deaths from domestic violence are at the highest in 10 years.""",true,true,"['true', 'mostly-true']",2,True
Assaults on Wisconsin law enforcement officers are up 224 percent statewide since 2005,mostly-true,mostly-true,"['mostly-true', 'half-true', 'mostly-false']",3,True
"Says Raphael Warnock ""ran over his wife"" and was ""arrested for obstructing an investigation into child abuse.""",mostly-false,false,"['false', 'mostly-false', 'pants-fire', 'half-true', 'mostly-true', 'true']",6,True
"“My opponent, Cindy Axne, has actively sought to defund the police.”",false,false,"['false', 'mostly-false', 'mostly-true', 'half-true', 'true', 'pants-fire']",6,True
"Regarding sexual assault against women, ""It’s actually safer not to be in college than it is to be in college.""",mostly-false,false,"['false', 'mostly-false', 'mostly-true', 'half-true', 'true', 'pants-fire']",6,True
"""More than one person, on average, a day is murdered in Philadelphia.""",half-true,half-true,['half-true'],1,True
"Statistics show ""you are about nine times more likely to be assaulted by a taxi driver"" in Austin than a driver for a ride-hailing service.",pants-fire,false,"['false', 'mostly-false', 'half-true', 'mostly-true', 'pants-fire']",5,True
"""I've been here almost every day.""",mostly-false,false,"['false', 'mostly-false', 'mostly-true', 'half-true', 'true', 'pants-fire']",6,True
"""The last administration oversaw the largest increase in murders ever recorded.""",half-true,mostly-true,"['mostly-true', 'false', 'true', 'mostly-false', 'half-true', 'pants-fire']",6,True
"""In 2017, illegal aliens murdered 1,800 Americans.""",false,false,"['false', 'pants-fire']",2,True
"""A third of the budget for the city of Ferguson (Missouri) was being reaped by civil fines.""",mostly-false,false,"['false', 'mostly-false', 'half-true', 'mostly-true', 'pants-fire']",5,True
"Says ""overwhelming majorities of Americans"" support gun legislation ""like background checks.""",mostly-true,true,"['true', 'mostly-true', 'half-true']",3,True
Says Nancy Pelosi was arrested after ripping a copy of the State of the Union speech.,pants-fire,pants-fire,['pants-fire'],1,True
"Says NBC News reported that Hillary Clinton ""covered up elite pedophile ring at state department.""",false,false,"['false', 'mostly-false', 'pants-fire']",3,True
"At the Pelosi house, “the glass it seems was broken from the inside to the out, so it wasn’t a break-in, it was a breakout.”",pants-fire,false,"['false', 'pants-fire', 'mostly-false', 'half-true']",4,True
"Says Jacob Blake, shot by police in Kenosha, had a warrant for sexual assault and prior convictions for gun use",half-true,mostly-false,"['mostly-false', 'false', 'mostly-true', 'half-true', 'true']",5,True
"""Since 1978, California has spent $5 billion to put 13 people to death.""",mostly-false,false,"['false', 'mostly-true', 'mostly-false', 'half-true', 'true', 'pants-fire']",6,True
“Gun violence is the number one killer of children and teens — it has overtaken cars.”,mostly-true,true,"['true', 'mostly-true', 'half-true', 'mostly-false', 'false']",5,True
"Says Ted Cruz ""never denied"" his father was photographed with Lee Harvey Oswald.",pants-fire,false,"['false', 'mostly-false', 'half-true', 'mostly-true', 'pants-fire', 'true']",6,True
"Says Michael Screnock ""let a child predator walk without time and let a rapist who preyed on an underage girl go free after only an eight-month sentence.""",mostly-true,mostly-true,"['mostly-true', 'half-true', 'mostly-false', 'true']",4,True
"By clicking on a link from a fake USPS text message, “you are sending your precise location to sex traffickers in your local area” so they can kidnap you.",false,false,"['false', 'mostly-false']",2,True
"""Violent crime in Puerto Rico is on the rise as nearly one-third of the island remains without power.""",half-true,mostly-true,"['mostly-true', 'true', 'half-true', 'mostly-false', 'false']",5,True
BREAKING: Illegal Muslim From Iran Arrested For Starting California Wildfire,pants-fire,false,"['false', 'pants-fire', 'mostly-false']",3,True
Three white former police officers were sentenced to less prison time — combined — for killing three Black people than a Black man was for selling marijuana.,half-true,mostly-true,"['mostly-true', 'mostly-false', 'false', 'true', 'half-true', 'pants-fire']",6,True
"Say that according to the Los Angeles Times, “95% of warrants for murder in Los Angeles are for illegal aliens,” more than two-thirds of all births in Los Angeles County “are to illegal alien Mexicans” on Medicaid, “nearly 60% of all occupants of HUD properties are illegal,” and Nancy Pelosi “wants to put a windfall tax” on retirement fund profits.",pants-fire,false,"['false', 'pants-fire', 'mostly-false']",3,True
"""Phoenix is already one of the kidnapping capitals of the world.""",false,false,"['false', 'mostly-false', 'pants-fire', 'half-true', 'mostly-true', 'true']",6,True
"About ""3 percent of murders and crimes are committed with guns from people who actually (legally) purchase those guns.""",half-true,mostly-true,"['mostly-true', 'half-true', 'mostly-false', 'true', 'false']",5,True
"""They eliminated the funding for community policing.""",false,false,"['false', 'mostly-false', 'mostly-true', 'half-true', 'true']",5,True
"""Do this research … watch how much crime picks up if you take away [football].""",false,false,"['false', 'pants-fire', 'mostly-false', 'mostly-true', 'half-true']",5,True
"Under the Hate Crimes bill, ""any pastor, preacher, priest, rabbi or imam who gives a sermon out of their moral traditions about sexual practices could be found guilty of a federal crime.""",false,false,"['false', 'pants-fire', 'mostly-false', 'true', 'mostly-true', 'half-true']",6,True
“New California bill charges parents with child abuse for refusing to ‘affirm’ their kid’s gender identity.”,false,false,"['false', 'mostly-false', 'true', 'mostly-true', 'half-true', 'pants-fire']",6,True
"""Savings that I achieved"" helped fund cameras on the border. ""As a result, more than 21,500 arrests have been made and 46 tons of narcotics confiscated.""",half-true,mostly-true,"['mostly-true', 'half-true', 'mostly-false', 'true', 'false']",5,True
"The Las Vegas shooting was the ""273rd mass shooting"" in the United States so far in 2017.",half-true,half-true,"['half-true', 'mostly-true']",2,True
"""In 2013,"" Dan Patrick voted ""against funding to test the backlog of rape kits, allowing rapists to walk free.""",pants-fire,false,"['false', 'mostly-false', 'mostly-true', 'half-true', 'true', 'pants-fire']",6,True
Says Donald Trump “proposes cutting a half a billion dollars of local police support.”,mostly-true,mostly-true,"['mostly-true', 'true', 'half-true', 'mostly-false', 'false']",5,True
"African-Americans don't use drugs at a higher level than whites but ""wind up going to prison six times more.""",mostly-true,mostly-true,"['mostly-true', 'true', 'half-true', 'mostly-false', 'false']",5,True
"A legal settlement that reined in Chicago police ""resulted in approximately 236 additional victims killed and over 1,100 additional shootings in 2016 alone.""",mostly-false,false,"['false', 'mostly-false', 'mostly-true', 'half-true', 'pants-fire', 'true']",6,True
"""I am every year the No.1 pick of all of the law enforcement agencies within Texas.""",false,false,"['false', 'mostly-true', 'mostly-false', 'half-true', 'pants-fire', 'true']",6,True
"""We built a new prison every 10 days between 1990 and 2005 to keep up with our mass incarceration explosion of nonviolent offenders.""",mostly-true,mostly-true,"['mostly-true', 'true', 'half-true', 'mostly-false', 'false']",5,True
The Club Q shooting was a “false flag.”,pants-fire,false,"['false', 'mostly-false', 'pants-fire']",3,True
Pennsylvania Senate candidate John Fetterman’s tattoo references ‘heroin use’ and the Crips,mostly-false,false,"['false', 'mostly-false', 'half-true', 'mostly-true', 'pants-fire', 'true']",6,True
"""48-Hour waiting periods limit crimes of passion and keep our communities safe.”",half-true,mostly-true,"['mostly-true', 'half-true', 'mostly-false', 'true', 'false']",5,True
"""There are approximately 18,000 (police) departments in the United States.""",mostly-true,true,"['true', 'mostly-true', 'half-true', 'mostly-false']",4,True
"Says that in Illinois, ""fewer than 20% of those actually deported have been charged with any serious crime.""",mostly-true,mostly-true,"['mostly-true', 'true', 'half-true', 'mostly-false', 'false']",5,True
"David Dewhurst is ""the first lieutenant governor in history to have a personal security detail.""",mostly-true,true,"['true', 'mostly-true', 'false', 'half-true', 'mostly-false', 'pants-fire']",6,True
A bar graph compares homicides for various racial groups,mostly-false,false,"['false', 'mostly-false', 'mostly-true', 'half-true', 'pants-fire', 'true']",6,True
"Harry Reid ""voted to use taxpayer dollars to pay for Viagra for convicted child molesters and sex offenders.""",mostly-false,mostly-false,"['mostly-false', 'false', 'mostly-true', 'half-true', 'pants-fire']",5,True
"Says that each year, about 25,000 American women become pregnant through rape or incest.",half-true,mostly-true,"['mostly-true', 'true', 'half-true', 'mostly-false', 'false']",5,True
"In Texas, ""sexting is a felony sex offense for teenagers — that can mean up to 10 years in prison.""",half-true,half-true,"['half-true', 'mostly-true', 'mostly-false']",3,True
"""Recent news reports indicate DWI crashes in Austin dropped 23 percent since ridesharing entered the market.""",mostly-true,mostly-true,"['mostly-true', 'true', 'half-true', 'mostly-false', 'false', 'pants-fire']",6,True
The Obama administration shut down the Amber Alert program because of the government shutdown.,false,false,"['false', 'mostly-false', 'true', 'half-true', 'mostly-true', 'pants-fire']",6,True
"""We lose an average of 90 Americans every day because of guns.""",mostly-true,mostly-true,"['mostly-true', 'true', 'half-true', 'mostly-false', 'false']",5,True
"""The homicide rate in Baltimore is significantly higher than El Salvador, Honduras, Guatemala. ...  I believe it’s higher than Afghanistan.""",half-true,true,"['true', 'mostly-true', 'half-true', 'mostly-false', 'false', 'pants-fire']",6,True
"""Once again, a police officer has been killed with an illegal gun from Georgia – a state that last year did the NRA’s bidding and weakened its already lax gun laws.""",mostly-false,mostly-false,"['mostly-false', 'mostly-true', 'false', 'half-true']",4,True
"People on pot ""shoot each other ... stab each other ... strangle each other, drive under the influence, kill families.""",mostly-false,false,"['false', 'mostly-false', 'mostly-true', 'half-true', 'pants-fire', 'true']",6,True
"""There are currently delays of up to six months in the processing of DNA evidence at the state run crime lab.""",half-true,half-true,['half-true'],1,True
"Says the Obama administration plans to reduce the number of beds devoted to holding individuals violating immigration laws and to ""release hundreds of dangerous criminals into our communities.""",mostly-false,false,"['false', 'mostly-false', 'mostly-true', 'half-true', 'true']",5,True
"""Rhode Island has a [inmate] recidivism rate of over 60 percent.""",mostly-true,mostly-true,"['mostly-true', 'true', 'false', 'half-true', 'mostly-false']",5,True
"""Homicides against blacks have tripled"" since Florida’s ""stand your ground"" law has been in existence.",false,false,"['false', 'mostly-false', 'half-true', 'mostly-true', 'pants-fire', 'true']",6,True
ATM users in distress can enter their PIN backwards to secretly call the police.,false,false,"['false', 'mostly-false', 'true', 'pants-fire', 'half-true']",5,True
"""In the 1990s, the Biden Crime Bill added 100,000 cops to America's streets. As a result, murder and violent crime rates went down eight years in a row.""",false,mostly-false,"['mostly-false', 'half-true', 'false', 'mostly-true', 'pants-fire']",5,True
"""The law says ... when a police officer stops you, do whatever he says and then deal with it later.""",false,false,"['false', 'mostly-false', 'pants-fire', 'half-true', 'mostly-true', 'true']",6,True
"Says Debbie Mucarsel-Powell's family received $700,000 from the firm of ""violent warlord Ihor Kolomoisky,"" who is compared to Fidel Castro and Nicolás Maduro.",half-true,true,"['true', 'mostly-true', 'mostly-false', 'false', 'half-true']",5,True
"""We live in the most incarcerated country in the world.""",mostly-true,mostly-true,"['mostly-true', 'true', 'half-true', 'mostly-false', 'false']",5,True
"“You know how many convicted felons Scott Walker let out during his eight years early on parole? Zero. Tony Evers is approaching 1,000 of these that he’s let out early.""",pants-fire,false,"['false', 'pants-fire', 'mostly-false', 'half-true']",4,True
"Because of voter fraud, Republican candidates ""need to do a point or two better"" to win statewide elections in Wisconsin.",false,false,"['false', 'pants-fire', 'mostly-false']",3,True
Georgia ranks No. 9 in the rate of women murdered by men.,true,true,"['true', 'mostly-true', 'half-true']",3,True
"Netflix show “Adolescence” is based on Southport, England, knife attacker but the show “race swapped the actual killer from a black man/migrant to a white boy.”",false,false,"['false', 'mostly-false', 'pants-fire', 'half-true', 'mostly-true']",5,True
"""Drone technology now allows an individual to be recorded in their homes by drones as small as birds and immediately uploaded to the internet.""",true,true,['true'],1,True
"""From the release of a child rapist from the Dominican Republican to that of an Italian drug smuggler, Philadelphians have already been put in direct danger by Mayor Kenney’s policy of blocking local law enforcement from participating with federal immigration authorities.""",mostly-false,mostly-false,"['mostly-false', 'false', 'half-true', 'mostly-true', 'true', 'pants-fire']",6,True
"Says that like Todd Akin, all Texas Republicans in U.S. House cosponsored a bill ""that attempts to distinguish between ‘forcible rape’ and other sexual assaults.""",half-true,false,"['false', 'mostly-false', 'mostly-true', 'half-true', 'true', 'pants-fire']",6,True
"Almost 400 arrests in the city last year for panhandling-related offenses involved just 78 suspects, an indication that the same people are panhandling over and over.",mostly-true,mostly-true,"['mostly-true', 'half-true']",2,True
"""Three of the 11 most violent cities in the U.S. are in Missouri — St. Louis, Kansas City, and Springfield.""",half-true,mostly-true,"['mostly-true', 'true', 'half-true', 'mostly-false', 'false', 'pants-fire']",6,True
"""James Comey Memos just out and show clearly that there was NO COLLUSION and NO OBSTRUCTION""",pants-fire,false,"['false', 'pants-fire', 'mostly-false', 'half-true']",4,True
"""Just last year, alone, 710 police officers"" were assaulted in New York state.",mostly-true,false,"['false', 'mostly-false', 'mostly-true', 'half-true', 'true', 'pants-fire']",6,True
"""Americans are 25x more likely to be shot & killed than others in developed countries.""",mostly-true,mostly-true,"['mostly-true', 'half-true', 'true']",3,True
"""New York is the safest big city in the nation, and our crime reductions have been steeper than any other big city’s.""",mostly-true,mostly-true,"['mostly-true', 'true', 'half-true', 'mostly-false', 'false', 'pants-fire']",6,True
Hacker Hamza Bendelladj was executed.,false,false,['false'],1,True
Vice President Kamala Harris “even wants to legalize fentanyl.”,false,false,"['false', 'pants-fire', 'mostly-false', 'true', 'mostly-true']",5,True
"""Illegal immigration and the crime rate are as low as they’ve been in decades.""",mostly-true,mostly-true,"['mostly-true', 'true', 'half-true', 'mostly-false', 'false']",5,True
"""There have been three people tried and convicted by the last administration in military courts. Two are walking the street right now.""",true,true,['true'],1,True
"""There was no panhandling when I left office.""",false,false,['false'],1,True
"There have been ""at least four incidents where bullets from Mexico have crossed the border.""",true,true,"['true', 'mostly-true']",2,True
“Kamala Harris Tried to Put Pro-Lifers in Jail Who Exposed Planned Parenthood Selling Baby Parts”,false,false,"['false', 'mostly-false', 'pants-fire', 'half-true', 'mostly-true']",5,True
"""Hundreds of illegal immigrants subject to detainers were released in the last week since the new sanctuary policy was adopted by the Travis County Sheriff's Office.""",false,false,"['false', 'mostly-false', 'mostly-true', 'half-true', 'true']",5,True
"""There is a big correlation between third grade reading level and whether you go to college or whether you go to prison. And in Florida right now only 56 percent of kids are coming out of third grade at third grade reading level.""",mostly-true,mostly-true,"['mostly-true', 'true', 'half-true', 'mostly-false', 'false']",5,True
"Says Milwaukee County Sheriff David Clarke has ""deputies collecting overtime while sitting passively in chairs watching courthouse security personnel work.""",mostly-true,mostly-true,"['mostly-true', 'half-true', 'mostly-false', 'true']",4,True
"Says the ""bones of children"" were found on Jeffrey Epstein’s island.",false,false,['false'],1,True
"""There have not been any public safety issues"" in cities that allow transgender people to use the bathroom of the gender they identify as.",mostly-true,true,"['true', 'mostly-true', 'false', 'mostly-false', 'half-true', 'pants-fire']",6,True
"""In the eight years that I was mayor, (there was a) nearly 50 percent drop in violent crime, gang crime — crime went down because we grew our police department, we focused on constitutional community policing, we did some of the most innovative prevention, intervention, job re-entry programs in the nation.""",mostly-true,mostly-true,"['mostly-true', 'true', 'half-true', 'mostly-false']",4,True
“There is a place in the U.S. where murder is legal.”,false,false,"['false', 'mostly-false', 'true', 'pants-fire', 'half-true', 'mostly-true']",6,True
"""We have an increase in murder within our cities, the biggest in 45 years.""",mostly-true,true,"['true', 'mostly-true', 'half-true', 'mostly-false']",4,True
"Last year, ""we saw the first reduction in the federal prison population in 32 years.""",true,true,"['true', 'mostly-true', 'half-true', 'mostly-false', 'false']",5,True
"""Since 2013 alone, the Obama administration has allowed 300,000 criminal aliens to return back into United States communities. These are individuals encountered or identified by (Immigration and Customs Enforcement), but who were not detained or processed for deportation because it wouldn't have been politically correct.""",half-true,mostly-false,"['mostly-false', 'false', 'half-true', 'mostly-true', 'pants-fire']",5,True
"""The U.S. gun homicide rate is 20 times the combined rate of other western nations.""",mostly-true,mostly-false,"['mostly-false', 'mostly-true', 'false', 'half-true', 'true', 'pants-fire']",6,True
"""Since the Sandy Hook tragedy, more than seven children PER DAY have died from gun violence.""",mostly-true,true,"['true', 'mostly-true', 'half-true', 'false', 'mostly-false']",5,True
"Says Beto O’Rourke described police as ""modern-day Jim Crow.""",mostly-false,true,"['true', 'mostly-true', 'mostly-false', 'half-true', 'false', 'pants-fire']",6,True
"Since parole abolition, Virginia's ""crime rate has fallen to third lowest in the country, our recidivism rate is down 20 percent and that’s the second lowest in the country.""",mostly-true,mostly-false,"['mostly-false', 'false', 'mostly-true', 'half-true', 'true', 'pants-fire']",6,True
"Rhode Island is ""almost dead last"" among Northeastern states in the length of time first-degree murderers must spend in prison before they’re eligible for parole.",true,mostly-true,"['mostly-true', 'half-true', 'mostly-false', 'true', 'false']",5,True
"My ""border security efforts have led to a 60 percent  decrease in border crime.""",pants-fire,pants-fire,['pants-fire'],1,True
"News interview proves that the Buffalo, New York supermarket shooting was staged.",pants-fire,pants-fire,"['pants-fire', 'false']",2,True
"""Every day on average 500 people die from gun violence.""",false,false,"['false', 'mostly-true', 'mostly-false', 'half-true', 'true', 'pants-fire']",6,True
"Says Charlie Crist signed ""the nation’s harshest marijuana laws.""",mostly-false,false,"['false', 'mostly-false', 'half-true', 'mostly-true', 'true', 'pants-fire']",6,True
"As part of legislative fights over abortion rights, ""Mike Coffman co-sponsored a bill to redefine rape.""",mostly-true,mostly-false,"['mostly-false', 'false', 'half-true', 'true', 'mostly-true']",5,True
"""We have less crime in the (Rio Grande) Valley than we do in other major Texas cities.""",half-true,mostly-true,"['mostly-true', 'true', 'half-true', 'mostly-false', 'false']",5,True
"""Some of the safest communities in the United States are along the border.""",mostly-true,true,"['true', 'mostly-true', 'half-true']",3,True
"""Over the past twenty years, the number of homicides committed with a firearm in the United States has decreased by nearly 40 percent. The number of other crimes involving the use of a firearm has also plummeted, declining by nearly 70 percent.""",true,true,"['true', 'mostly-true']",2,True
"California has ""the largest death row in the Western Hemisphere, the largest death row in the United States of America — two times the size of the next largest state: Florida.""",true,true,"['true', 'mostly-true', 'half-true', 'mostly-false']",4,True
Says he led the fight to add 200 new police officers to make the City of Milwaukee safer.,half-true,mostly-false,"['mostly-false', 'false', 'half-true', 'mostly-true', 'true']",5,True
"""The entire state of Florida led the nation last year with the most prison inmates committing tax fraud.""",true,true,"['true', 'mostly-true']",2,True
"""You can be an NFL player with murder charges and not be suspended.""",half-true,false,"['false', 'mostly-false', 'pants-fire', 'half-true', 'mostly-true']",5,True
"Travis County residents ""trusted me to take on Tom DeLay — and we won.""",mostly-false,false,"['false', 'mostly-false', 'half-true', 'mostly-true', 'true', 'pants-fire']",6,True
"""As of 2014, illegal aliens made up roughly 3.5 percent of our population, and committed over 10 percent of all murders.""",mostly-false,false,"['false', 'mostly-false', 'mostly-true', 'half-true', 'pants-fire', 'true']",6,True
"A Scott Rothstein victim says that he was ""swindled"" by Charlie Crist.",pants-fire,false,"['false', 'mostly-false', 'mostly-true', 'half-true', 'true', 'pants-fire']",6,True
"""If you're a terrorist you can't fly,"" but ""an assault weapon you can buy.""",mostly-true,mostly-true,"['mostly-true', 'mostly-false', 'half-true']",3,True
"Says Gerald Daugherty advocated lowering the penalty for crimes like strangulation in domestic violence cases because ""they just ‘throw more people into the’"" jail ""‘system.""",mostly-false,true,"['true', 'mostly-true', 'false', 'half-true', 'mostly-false']",5,True
"""African Americans are twice as likely to be arrested and almost four times as likely to experience the use of force during encounters with the police.""",mostly-true,mostly-true,"['mostly-true', 'true', 'half-true', 'mostly-false', 'false']",5,True
Says Travis County’s sheriff refuses to enforce 8 USC 1373.,false,false,"['false', 'mostly-false', 'true', 'mostly-true', 'half-true', 'pants-fire']",6,True
"""Under ‘Trumpcare,’"" domestic violence and sexual assault ""could be considered pre-existing conditions.""",mostly-false,mostly-false,"['mostly-false', 'false', 'mostly-true', 'half-true']",4,True
"""Under the federal Controlled Substance Act, marijuana is listed in the same Schedule I as heroin,"" even though ""marijuana is not a killer drug like heroin.""",mostly-true,mostly-true,"['mostly-true', 'half-true']",2,True
"At ""least a quarter of those apprehended"" at the border ""have criminal records.""",false,false,"['false', 'mostly-false', 'half-true', 'mostly-true', 'true', 'pants-fire']",6,True
"""Once a woman enters into the sex trade, her average life expectancy is seven years.""",false,false,"['false', 'pants-fire', 'mostly-false', 'true', 'half-true']",5,True
"""Animal abuse is often an indicative trait of future acts of violence against humans.""",true,true,"['true', 'mostly-true']",2,True
"""We're pretty much at the 50 percent mark"" on deportations of MS-13 gang members.",false,false,"['false', 'mostly-false', 'half-true', 'mostly-true', 'pants-fire', 'true']",6,True
"Says he was ""not part of transferring"" any priests accused of sexual abuse.",half-true,half-true,"['half-true', 'mostly-false', 'mostly-true', 'false']",4,True
"Says Charlie Crist wants felons who ""commit a heinous crime"" such as ""intentional permanent disfigurement of a child, you walk out of jail, you immediately get to vote.""",mostly-false,false,"['false', 'mostly-false', 'mostly-true', 'half-true', 'true', 'pants-fire']",6,True
"District attorneys ""have advertised that they will charge a criminal alien with a lesser offense than presumably they would charge a United States citizen, so they won’t be deported.""",half-true,mostly-false,"['mostly-false', 'mostly-true', 'half-true', 'false', 'true', 'pants-fire']",6,True
"Says imposters in hazmat suits are going door to door in Stockton, Calif., saying they are checking residents for fever or COVID-19, but they “will enter your home and physically attempt robbery.”",false,false,"['false', 'mostly-false', 'mostly-true', 'half-true', 'true', 'pants-fire']",6,True
"Says the Central Ohio Human Trafficking Task Force ""is the first task force of its kind in Central Ohio""",mostly-true,mostly-true,"['mostly-true', 'half-true', 'true', 'mostly-false', 'false']",5,True
"The wife of the Ferguson, Mo., police chief said African-Americans in Ferguson ""are feral and violent.""",pants-fire,false,"['false', 'pants-fire', 'mostly-false', 'mostly-true', 'half-true']",5,True
"As part of the Obama administration's criminal justice reforms, “38,000 prisoners were released from federal prison.”",mostly-false,false,"['false', 'mostly-false', 'mostly-true', 'half-true', 'true']",5,True
"""My Treasury team eliminated a 900-case backlog in the Crime Victim Compensation Program.""",true,true,"['true', 'mostly-true', 'half-true', 'mostly-false', 'false']",5,True
"""There are more guns in this country than there are people.""",half-true,half-true,"['half-true', 'mostly-true', 'mostly-false', 'false']",4,True
"""Pier 39 terrorist was an anti-Trump antifa supporter.""",half-true,false,"['false', 'mostly-false', 'pants-fire', 'half-true', 'mostly-true']",5,True
"The war on drugs led to ""a 500 percent increase in incarceration in our country, disproportionately affecting poor and disproportionately affecting minorities.""",mostly-true,true,"['true', 'mostly-true', 'half-true', 'mostly-false']",4,True
"""Husbands rarely beat up their wives. Single women get beaten up more.""",half-true,half-true,"['half-true', 'mostly-false', 'mostly-true']",3,True
Clicking on this link in a text message lets sex traffickers track you.,false,false,"['false', 'mostly-false', 'true', 'mostly-true']",4,True
"If Milwaukee approves reducing its maximum forfeiture for marijuana possession to $50, the city would have ""23 different bicycle violations that have a higher forfeiture.""",half-true,half-true,"['half-true', 'mostly-true']",2,True
"Says since Australia passed tough gun laws, ""homicides by firearm have declined almost 60 percent.""",mostly-true,mostly-true,"['mostly-true', 'true', 'half-true', 'mostly-false', 'false']",5,True
"Says Mark Kirk ""called for the mass arrest of 18,000 African Americans"" and ""was apparently fine with Trump’s #StillTooRacist call for mass deportation.""",false,mostly-false,"['mostly-false', 'false', 'mostly-true', 'half-true', 'true', 'pants-fire']",6,True
"Says that in 2015, ""illegal"" immigrants accounted for 75 percent of federal drug possession convictions and 5 percent to 30 percent of convictions for murder and kidnapping plus two other crimes.",true,mostly-true,"['mostly-true', 'false', 'mostly-false', 'half-true', 'true', 'pants-fire']",6,True
"""In Rhode Island, 28 percent of adults released from state prisons are re-incarcerated within a year.""",true,mostly-true,"['mostly-true', 'true', 'half-true', 'mostly-false', 'false']",5,True
"""In the states that allow open carry, violent crime was 23 percent lower.""",half-true,false,"['false', 'mostly-false', 'mostly-true', 'half-true', 'true', 'pants-fire']",6,True
Florida Agriculture Commissioner Nikki Fried “suspended gun rights — no due process — just because she says these people were merely ‘involved’ in January 6.”,mostly-false,mostly-false,"['mostly-false', 'false', 'mostly-true', 'half-true', 'true', 'pants-fire']",6,True
"""A man using bath salts reported that raccoons had set fire inside his home and stolen his cell phone.""",true,true,"['true', 'mostly-true']",2,True
"Under a GOP bill on cash bail, ""a large quantity of people who are accused of crimes, including anyone who even witnesses certain crimes, could now be detained and subject to bail.""",half-true,half-true,"['half-true', 'mostly-false', 'mostly-true', 'false', 'true', 'pants-fire']",6,True
"""In New England, Rhode Island has the second highest number of police officers being assaulted.""",mostly-false,false,"['false', 'mostly-false', 'mostly-true', 'half-true', 'true', 'pants-fire']",6,True
“DEA agent Mark Ibrahim was forced from his job and later indicted simply because he was near the Capitol protest on Jan. 6.”,false,false,"['false', 'mostly-false', 'pants-fire', 'half-true']",4,True
"In states that have private-sale background checks for handguns ""49 percent fewer women are shot and killed.""",half-true,mostly-true,"['mostly-true', 'half-true', 'mostly-false', 'false', 'true']",5,True
"""In 2017, we had more marijuana possession arrests in our country than all other violent crimes combined.""",true,true,"['true', 'mostly-true']",2,True
"Democrats ""booed families of children murdered by MS13.""",pants-fire,pants-fire,"['pants-fire', 'false']",2,True
"Says he's arrested more criminals, ""including thousands of child predators and sex offenders,"" than any previous Texas attorney general.",mostly-true,mostly-true,"['mostly-true', 'half-true']",2,True
"The Justice Department has been “calling parents that are concerned about what their kids are being taught, they are labeling them terrorists.”",false,mostly-false,"['mostly-false', 'false', 'mostly-true', 'half-true', 'pants-fire', 'true']",6,True
"""In 2020, more journalists were killed in Mexico than in any other country in the world.""",true,true,"['true', 'mostly-true', 'half-true', 'false', 'mostly-false']",5,True
"""Human trafficking is the third-biggest criminal enterprise in the world.""",mostly-true,mostly-true,"['mostly-true', 'true', 'half-true', 'mostly-false', 'false']",5,True
"""It is shocking to me that Police Commissioner Richard Ross and Mayor Jim Kenney allowed this illegal occupation to go on for hours without taking any action to enforce the law…""",false,mostly-false,"['mostly-false', 'false', 'half-true', 'mostly-true', 'true']",5,True
"""Ken Buck's (District Attorney's) office? His spending skyrocketed by 40 percent.""",mostly-true,mostly-true,"['mostly-true', 'half-true', 'mostly-false']",3,True
"In 2016, Dallas, Texas, has fewer ""police officer-related shootings than any large city in America.""",half-true,mostly-true,"['mostly-true', 'true', 'half-true', 'mostly-false', 'false']",5,True
"Says special counsel Robert Mueller ""has brought in Democrat campaign donors at a very high level"" on his team of lawyers.",half-true,half-true,"['half-true', 'mostly-true']",2,True
"""Florida is enjoying its lowest crime rate in 39 years.""",mostly-true,mostly-true,"['mostly-true', 'half-true', 'mostly-false', 'true']",4,True
“The 9/11 Memorial in NYC was just defaced with graffiti.”,false,false,['false'],1,True
"""Las Vegas shooting witnesses report multiple gunmen dressed as security guards.""",pants-fire,false,"['false', 'mostly-false', 'half-true', 'mostly-true', 'pants-fire']",5,True
"""One third of all federal prisoners today are illegal immigrants.""",mostly-false,false,"['false', 'mostly-false', 'pants-fire', 'half-true', 'mostly-true', 'true']",6,True
"Says Jacky Rosen ""voted against stopping criminals from re-entering the United States.""",mostly-false,false,"['false', 'mostly-false', 'half-true', 'mostly-true', 'true', 'pants-fire']",6,True
"Says North Carolina Rep. Renee Ellmers was the only Republican to vote against ""an amendment to prioritize the deportation of sexual criminals who are illegal immigrants.""",half-true,false,"['false', 'mostly-false', 'mostly-true', 'half-true', 'true']",5,True
"Says a 9-year-old girl was recently raped in Austin, Texas, by a guy previously ""caught four times and released.""",half-true,false,"['false', 'mostly-false', 'half-true', 'mostly-true', 'true', 'pants-fire']",6,True
"“Homicides are intraracial. When you look at white-on-white crime, it's 84%. Right? Homicides. White people kill white people.”",true,true,"['true', 'mostly-true', 'half-true']",3,True
“Jan. 6 now does look like it was an inside job.”,pants-fire,false,"['false', 'pants-fire', 'mostly-false', 'half-true']",4,True
"There were 2,761 auto thefts in 2006 under Rick Baker and 1,095 auto thefts in 2016.",mostly-true,mostly-true,"['mostly-true', 'true', 'half-true', 'mostly-false', 'false']",5,True
"""The proportion of Rhode Islanders entering substance abuse treatment primarily due to marijuana use has reached its highest point in 20 years.""",false,false,"['false', 'mostly-false', 'half-true', 'mostly-true', 'true', 'pants-fire']",6,True
"""Most of these mass shootings take place in (areas) where you're not allowed to have a concealed weapons permit.""",half-true,mostly-false,"['mostly-false', 'mostly-true', 'false', 'half-true', 'true', 'pants-fire']",6,True
"""‘The largest bust in U.S. history’ 412 Muslims arrested from Michigan!""",false,false,"['false', 'mostly-false', 'pants-fire', 'mostly-true', 'half-true']",5,True
"Says the Texas Board of Nursing has a backlog of ""3,000 complaints against nurses, many of them sexual assaults, malfeasance.""",mostly-true,mostly-true,"['mostly-true', 'true', 'half-true', 'mostly-false']",4,True
"Female students at UVA ""have a 20 percent chance of being sexually assaulted.""",mostly-false,false,"['false', 'mostly-false', 'half-true', 'mostly-true', 'pants-fire', 'true']",6,True
"Sakineh Mohammadi Ashtiani ""was never sentenced to stoning.""",false,false,"['false', 'true', 'mostly-false']",3,True
"Says the United States has the highest incarceration rate in the world with 2.3 million inmates, and the majority of Americans are imprisoned because they sold small amounts of drugs.",half-true,half-true,"['half-true', 'mostly-true']",2,True
Says America’s most violent cities are that way because of their Democratic politics,mostly-false,false,"['false', 'mostly-false', 'pants-fire', 'half-true', 'mostly-true']",5,True
"""Of the top five cities for staged automobile accidents, three are in Florida. … We rank No. 1 in the country in staged auto accidents.""",mostly-true,mostly-true,"['mostly-true', 'half-true', 'mostly-false']",3,True
"""There’s actually a court order that prevents keeping the kids with the parents when you put the parents in jail.""",mostly-false,false,"['false', 'mostly-false', 'half-true', 'mostly-true', 'true', 'pants-fire']",6,True
“There’s been a 43% increase in violent crimes since I left office.”,mostly-false,false,"['false', 'mostly-false', 'mostly-true', 'half-true', 'pants-fire', 'true']",6,True
"""One out of every 5 people that the federal government charges with murder is an illegal alien.""",false,false,"['false', 'mostly-false', 'pants-fire', 'half-true', 'mostly-true']",5,True
"""I have seen crime increase in every major metropolitan area (in California) … Crime is on the rise in every major market.""",mostly-false,false,"['false', 'mostly-false', 'half-true', 'mostly-true', 'pants-fire', 'true']",6,True
"""Attorney General Eric Holder is involved in the dismissal of the criminal charges"" against the New Black Panther Party for voter intimidation",false,false,"['false', 'mostly-false', 'pants-fire', 'true', 'mostly-true', 'half-true']",6,True
"""Hundreds of thousands of (illegal immigrants are) going to state and federal penitentiaries.""",mostly-false,false,"['false', 'mostly-false', 'pants-fire', 'half-true', 'mostly-true', 'true']",6,True
"Studies show ""the 2016 shooting and murder rate in Chicago cost us about $9.6 BILLION DOLLARS"" and ""the entire City budget for 2018 is $8.6 billion dollars. This math does not work, it is financially killing our city.""",false,false,"['false', 'mostly-false', 'pants-fire', 'half-true', 'mostly-true']",5,True
"""Here’s the simple and undeniable fact: The overwhelming majority of violent criminals are Democrats.""",mostly-false,mostly-false,"['mostly-false', 'false', 'half-true', 'pants-fire', 'mostly-true']",5,True
"Russia’s interference in the 2016 election amounted to ""a couple of Facebook ads.""",pants-fire,false,"['false', 'mostly-false', 'pants-fire', 'half-true', 'mostly-true']",5,True
"Decriminalizing marijuana ""will save the state anywhere from $4 (million) to $11 million dollars.""",false,false,"['false', 'mostly-false', 'mostly-true', 'half-true', 'pants-fire', 'true']",6,True
"""Only a few months ago the FBI arrested three Broward County Commissioners for accepting millions of dollars in trade for illegal favors.""",false,false,"['false', 'pants-fire', 'mostly-false']",3,True
"Before April 22, ""we have restored the rights of more than 18,000 individuals, which is more than the past seven governors combined in their four-year terms.""",true,false,"['false', 'mostly-true', 'true', 'mostly-false', 'half-true', 'pants-fire']",6,True
"Says Hillary Clinton ""is the one that labeled African-American youth as ‘superpredators.’""",mostly-true,false,"['false', 'mostly-false', 'half-true', 'mostly-true', 'true', 'pants-fire']",6,True
"Shinzo Abe was assassinated because he “didn’t mandate vaccines, sent 1.6 million doses back and gave citizens ivermectin.”",false,false,"['false', 'mostly-false', 'pants-fire']",3,True
"Austin was the ""site of the first mass shooting in the country.""",false,false,"['false', 'true', 'mostly-false', 'half-true', 'mostly-true']",5,True
"Says Donald Trump got “exposed for raping a 13-year-old"" in retaliation for law enforcement officers “killing black people.”",false,false,"['false', 'mostly-false', 'pants-fire']",3,True
Says left-wing activist John Sullivan “incited (the) insurgence of (the) US Capitol.”,mostly-false,false,"['false', 'mostly-false', 'half-true', 'mostly-true', 'true', 'pants-fire']",6,True
"Says ""566,000 crimes"" were ""made in Texas by criminal aliens in the last 6 years.""",pants-fire,false,"['false', 'mostly-false', 'mostly-true', 'half-true', 'pants-fire', 'true']",6,True
"""The truth is David Cicilline voted for tougher laws against child abusers, domestic abusers and abusers of the elderly.""",true,true,"['true', 'mostly-true', 'half-true', 'mostly-false']",4,True
Says murder is the chief cause of death for pregnant women.,mostly-false,mostly-false,"['mostly-false', 'false', 'mostly-true', 'half-true']",4,True
"In Parkland, Fla. ""the mass murderer was immersed in Islamic and leftwing hate.""",pants-fire,pants-fire,"['pants-fire', 'false']",2,True
"""Phoenix, Arizona, I'm told, is now the No. 2 kidnapping capital in the world, right behind Mexico City.""",false,false,"['false', 'pants-fire', 'mostly-false', 'true']",4,True
“Congress files charges against Nancy Pelosi.”,pants-fire,pants-fire,['pants-fire'],1,True
"""Under Abbott, Texas leads the nation in rape offenses while the rate of arrests for rape has fallen by nearly half.""",mostly-true,mostly-true,"['mostly-true', 'true', 'half-true', 'mostly-false', 'false']",5,True
"""58,000 non-citizens voted in Texas, with 95,000 non-citizens registered to vote.""",false,false,"['false', 'mostly-false', 'pants-fire', 'half-true', 'mostly-true']",5,True
"""It’s possible that non-citizen voters were responsible for Obama’s 2008 victory in North Carolina.""",pants-fire,false,"['false', 'mostly-false', 'pants-fire', 'half-true']",4,True
"""In Atlanta, since 1994 when the ‘Seven Deadly Sins’ (mandatory minimum sentences) took effect, the violent crime rate has dropped 62 percent.""",mostly-true,mostly-true,"['mostly-true', 'half-true', 'true']",3,True
Suzanne Bonamici was the only no vote on a 2009 bill cracking down on drunk drivers.,true,true,"['true', 'mostly-true', 'half-true', 'false']",4,True
Cook County’s criminal courts “have been shut down for 15 months.”,false,false,"['false', 'mostly-false', 'mostly-true', 'true', 'half-true', 'pants-fire']",6,True
"“Police budgets are at their highest they've ever been, there hasn’t actually been any defunding the police.”",mostly-false,false,"['false', 'mostly-false', 'mostly-true', 'half-true', 'true', 'pants-fire']",6,True
"""While Richard Cordray was Attorney General, 12,000 rape kits like Allyssa's were left untested. Cordray's failure left serial rapists free to strike again. Then Mike DeWine became Attorney General. He tested all 12,000 rape kits. Now hundreds of rapists are behind bars.""",half-true,mostly-true,"['mostly-true', 'half-true', 'mostly-false', 'false', 'true', 'pants-fire']",6,True
"""Obama did in fact unconstitutionally spy on Trump throughout the presidential election.""",false,false,"['false', 'mostly-false', 'pants-fire', 'true', 'mostly-true']",5,True
"""Studies have shown Latinos are more than 40 percent less likely to call 911 when they have been a victim of a crime.""",mostly-true,mostly-true,"['mostly-true', 'true', 'half-true', 'mostly-false', 'false']",5,True
The southern U.S. border “is now open to anyone from anywhere in the world who wishes to enter our country.”,false,false,"['false', 'mostly-false', 'pants-fire']",3,True
"President Donald Trump ""announced that he would reinstate a national day of remembrance for fallen officers that the traitor before him had done away with.""",pants-fire,false,"['false', 'pants-fire', 'mostly-false', 'true', 'half-true', 'mostly-true']",6,True
"Democrats ""want virtual immunity for illegal aliens who have created horrible crimes and murder.""",false,mostly-false,"['mostly-false', 'false', 'pants-fire', 'half-true', 'mostly-true']",5,True
"""Under President (George W.) Bush, prosecution of gun crimes was 30 percent higher than it is under President Obama.""",mostly-false,false,"['false', 'mostly-false', 'pants-fire', 'half-true', 'mostly-true', 'true']",6,True
Says gas pumps in different parts of Texas are missing state inspection stickers and/or their inspections are out of date--and that's cheating consumers.,half-true,half-true,['half-true'],1,True
"Speaking about Hillary Clinton: “I didn’t say, ‘Lock her up.’ ”",pants-fire,false,"['false', 'pants-fire', 'mostly-false']",3,True
"Says ""Catherine Cortez Masto failed Nevada rape victims. While attorney general, thousands of rape kits were never sent for DNA analysis.""",half-true,mostly-false,"['mostly-false', 'false', 'half-true', 'mostly-true', 'pants-fire', 'true']",6,True
"""The number of SWAT raids have gone up by 1,400 percent since the 1980s.""",mostly-true,mostly-true,"['mostly-true', 'half-true', 'mostly-false', 'false', 'true']",5,True
"""The violent crime rate has risen, and the homicide rate has risen by more than 20 percent in just two years, really after 30 years of decline in violent crime.""",mostly-true,mostly-true,"['mostly-true', 'half-true', 'true', 'mostly-false', 'false']",5,True
"Says El Paso is the ""safest city of our size in the nation.""",half-true,mostly-true,"['mostly-true', 'true', 'half-true', 'mostly-false', 'false']",5,True
"""Over the last 40 years, this country’s prison population has grown by 500 percent.""",mostly-true,mostly-true,"['mostly-true', 'true', 'false', 'half-true', 'mostly-false', 'pants-fire']",6,True
"Milwaukee has ""the highest incarceration rate among African-American men in the country.""",half-true,half-true,"['half-true', 'mostly-true']",2,True
"The mass shooting in Buffalo, New York was a “false flag event.”",pants-fire,false,"['false', 'mostly-false', 'pants-fire', 'true']",4,True
"Says Ken Paxton ""shut down the world’s largest human trafficking marketplace.""",mostly-false,false,"['false', 'mostly-false', 'half-true', 'pants-fire', 'mostly-true']",5,True
Says “Property crime rising in Austin. This is the kind of thing that happens when cities defund and deemphasize police. Residents are left to fend for themselves.”,mostly-false,mostly-false,"['mostly-false', 'false', 'mostly-true', 'half-true', 'pants-fire']",5,True
"""I brought down crime more than anyone in this country -- maybe in the history of this country -- while I was mayor of New York City."" -",mostly-false,mostly-false,"['mostly-false', 'false']",2,True
"""To call what happened on January 6 an armed insurrection, I just think is not accurate.""",pants-fire,false,"['false', 'mostly-false', 'pants-fire']",3,True
The president's own FBI director said that the greatest domestic terrorist threat is white supremacists.,true,true,"['true', 'mostly-true']",2,True
"""Already this calendar year, since January 1, we have had more than 20,000 people come across the border, apprehended, unauthorized.""",true,mostly-true,"['mostly-true', 'true', 'false', 'half-true', 'mostly-false']",5,True
"""Florida leads the nation in elected officials charged with crimes.""",half-true,half-true,"['half-true', 'mostly-false', 'mostly-true']",3,True
"""There’s 21 congressmen and senators that have been convicted of felonies that still get their retirement, even in jail. They don’t have to wait until they’re 65.""",mostly-true,mostly-true,"['mostly-true', 'true', 'half-true', 'mostly-false', 'false', 'pants-fire']",6,True
“We have seen over the last 10 years ... under Republican governors a rise in the murder rate in Arizona of 20%.”,mostly-false,mostly-false,"['mostly-false', 'mostly-true', 'false', 'half-true', 'true']",5,True
"Children who witness domestic violence are ""twice as likely to commit it themselves.""",mostly-true,mostly-true,"['mostly-true', 'half-true', 'true', 'mostly-false', 'false']",5,True
"On Sept. 5, 1993, ""Vince Foster went to Fort Marcy Park and shot himself 3 times in the back of the head to avoid testifying against Hillary Clinton.""",false,false,"['false', 'pants-fire', 'mostly-false']",3,True
"Says ""some [states] with the largest reductions in crime have also lowered their prison population.""",true,true,"['true', 'mostly-true']",2,True
"""The city (of St. Louis) is no stranger to violence. There were 5,762 violent crimes in 2015 alone, including 188 homicides. The highest rate per capita in the country, according to FBI crime statistics.""",mostly-true,mostly-true,"['mostly-true', 'true', 'half-true', 'mostly-false', 'false']",5,True
"""There are places in America that are among the most dangerous in the world. You go to places like Oakland. Or Ferguson. The crime numbers are worse. Seriously.""",false,mostly-false,"['mostly-false', 'false', 'mostly-true', 'half-true', 'true', 'pants-fire']",6,True
"""In the year 2013, the Obama administration released 104,000 criminal illegal aliens. They released 196 murderers – people with homicide convictions, who are here illegally.""",half-true,mostly-false,"['mostly-false', 'false', 'mostly-true', 'half-true', 'true', 'pants-fire']",6,True
Suspect in July 28 New York City shooting “was shouting Free Palestine and wearing a Keffiyeh.”,false,false,"['false', 'mostly-false']",2,True
"The stories from women saying he groped or forced himself on them ""largely have been debunked.""",false,false,"['false', 'mostly-false', 'pants-fire', 'half-true', 'mostly-true']",5,True
"""Not a single banker, a CEO from Wall Street, anyone from corporate America — nobody, (there was) not one arrest of any of these people who brought down the economy in 2008.""",mostly-true,false,"['false', 'mostly-false', 'true', 'mostly-true', 'half-true', 'pants-fire']",6,True
"""The two worst counties for (Medicaid) fraud in the country -- not state -- are Dade and Broward county.""",mostly-true,mostly-true,"['mostly-true', 'true', 'half-true', 'mostly-false']",4,True
"""PEDOPHILIA is now LEGAL in CALIFORNIA. Now a 21 year old can have sex with an 11 year old, and not be listed on the sex registry as a sex offender.""",pants-fire,pants-fire,"['pants-fire', 'false']",2,True
“Florida man charged with a hate crime” for defacing pride crosswalk.,mostly-false,mostly-false,"['mostly-false', 'half-true', 'mostly-true']",3,True
"Greg Abbott ""has campaigned with a sexual predator who has bragged about having sex with underage girls.""",half-true,true,"['true', 'false', 'mostly-true', 'mostly-false', 'half-true', 'pants-fire']",6,True
President Trump greenlighted Congress to ramp up Clinton investigation.,pants-fire,false,"['false', 'mostly-false', 'pants-fire']",3,True
"“So far, out of 175 arrested in Kenosha, 102 were not from Kenosha. Rioting has become its own industry.”",mostly-false,mostly-true,"['mostly-true', 'mostly-false', 'false', 'half-true', 'true']",5,True
The FBI admitted that Venezuela emptied its prisons and sent the inmates to the U.S.,false,false,['false'],1,True
"Says John Cox ""parroted, parroted Trump — almost verbatim — on the children’s separation issues at the border.""",mostly-false,mostly-false,"['mostly-false', 'false', 'mostly-true', 'half-true', 'true', 'pants-fire']",6,True
"In Milwaukee, ""The (homicide) rate has nearly doubled in the past two years.""",true,mostly-true,"['mostly-true', 'true', 'half-true', 'mostly-false', 'false']",5,True
Says crime statistics show blacks kill 81 percent of white homicide victims.,pants-fire,pants-fire,"['pants-fire', 'false']",2,True
"Says that ""perpetrators of domestic violence accounted for 54% of mass shootings between 2009 and 2016, according to the advocacy group Everytown for Gun Safety.""",false,mostly-true,"['mostly-true', 'half-true', 'false', 'mostly-false', 'true', 'pants-fire']",6,True
“These ‘peaceful’ protesters burned these horses to death.”,false,false,"['false', 'mostly-false', 'half-true', 'pants-fire', 'mostly-true']",5,True
"""I had to lay off 48 people last year,"" which has exacerbated the lack of law enforcement officers in the county that respond quickly to crime calls.",mostly-false,mostly-false,"['mostly-false', 'half-true', 'mostly-true', 'false']",4,True
"""Crime in Atlanta is down 18 percent since 2009.""",true,true,"['true', 'mostly-true']",2,True
"Says Richard Cordray’s ""plan would allow drug dealers to remain on our streets.""",false,mostly-false,"['mostly-false', 'false', 'half-true', 'mostly-true', 'pants-fire', 'true']",6,True
"""John McCain was pardoned for treason""",pants-fire,false,"['false', 'mostly-false', 'pants-fire', 'true']",4,True
"""The truth of the matter is that during my administration, the FBI's crime statistics show that violent crime was reduced in Massachusetts by 7 percent.""",true,true,"['true', 'mostly-true']",2,True
"In Ferguson, Mo., ""you've got three black officers and 50 white officers with a town that is 67 percent African-American.""",mostly-true,true,"['true', 'mostly-true', 'half-true']",3,True
"In New York City, ""murders are up.""",mostly-false,false,"['false', 'mostly-false', 'half-true', 'pants-fire', 'mostly-true', 'true']",6,True
"""We have killed lots of innocent people in the state of Texas.""",false,false,"['false', 'pants-fire', 'mostly-false']",3,True
"""Super Bowl Sunday has the highest rate of domestic violence.""",pants-fire,false,"['false', 'mostly-false', 'half-true', 'mostly-true', 'true']",5,False
"Says Scott Walker cut funding to local governments in Wisconsin, contributing to the ""second-largest increase in violent crime"" in the Midwest.",half-true,half-true,"['half-true', 'mostly-true']",2,True
The murder rate in Atlanta is on the rise this year.,true,mostly-true,"['mostly-true', 'true', 'half-true', 'mostly-false', 'false']",5,True
"“Joe Biden wants to eliminate a regulation that requires school districts to report allegations of teacher on student rape, alleged rape, and sexual assault.”",false,false,"['false', 'mostly-false', 'pants-fire', 'half-true']",4,True
"""The average rate of fraud"" in the Earned Income Tax Credit, Medicare, Medicaid and food stamps programs ""is 20 to 25 percent.""",pants-fire,pants-fire,['pants-fire'],1,True
"Rhode Island's graduated driving license ""has saved hundreds of lives.""",false,mostly-true,"['mostly-true', 'false', 'half-true', 'true', 'mostly-false']",5,True
"""In the last six years of Cianci’s administration violent crime was down in the United States. It was down in the region. It was down in Rhode Island. But it was up in Providence.""",mostly-true,mostly-true,"['mostly-true', 'true', 'half-true', 'mostly-false', 'false']",5,True
"“When we discovered, I discovered, that we were doing many, many, too many stop and frisks, we cut 95% of it out.”",half-true,mostly-true,"['mostly-true', 'mostly-false', 'half-true', 'false', 'true']",5,True
"“When I became mayor of the City of Richmond in 2004, the crime rate was at its highest. When I left in 2008, it was at its lowest.”",half-true,mostly-true,"['mostly-true', 'half-true', 'mostly-false', 'true', 'false']",5,True
"""Semi-automatic weapons, whether pistol or rifle, were designed for use by the military on the battlefield.""",false,false,"['false', 'half-true', 'mostly-false', 'mostly-true', 'true', 'pants-fire']",6,True
"""When the law stopped Tony Evers from revoking a teacher's license for viewing pornography, Tony worked with lawmakers from both parties to change the law so offenders could be kicked out of the classroom.""",half-true,half-true,"['half-true', 'mostly-true']",2,True
"""In Catherine Cortez Masto's last term as attorney general, Nevada murder went up 11 percent, robbery went up 28 percent, rape 51 percent. When Cortez Masto left office, Nevada ranked as America's third most dangerous state.""",mostly-false,mostly-false,"['mostly-false', 'false', 'half-true', 'mostly-true', 'pants-fire', 'true']",6,True
“Epstein List” shows 166 people connected to convicted sex offender Jeffrey Epstein.,false,false,"['false', 'mostly-false', 'true', 'mostly-true', 'half-true', 'pants-fire']",6,True
"Even though Chicago has ""the most stringent gun laws on the books,"" it still ""has the highest murder rate"" in the country.",half-true,half-true,"['half-true', 'mostly-true']",2,True
Crime statistics “no longer include data from 30% of the country including the biggest and most violent cities.”,false,false,"['false', 'mostly-false', 'half-true', 'mostly-true', 'pants-fire', 'true']",6,True
"The 1994 crime bill ""did not generate mass incarceration.""",half-true,mostly-true,"['mostly-true', 'true', 'half-true', 'mostly-false', 'false']",5,True
"""Defendants charged with producing, directing or promoting an obscene sexual performance by a child will be arraigned & set free.""",mostly-true,false,"['false', 'mostly-false', 'true', 'mostly-true', 'half-true', 'pants-fire']",6,True
"""82-year-old who killed a Muslim in self-defense gets the death penalty.""",pants-fire,pants-fire,"['pants-fire', 'false']",2,True
"Says Donald Trump's claim that ""there was insufficient evidence and therefore, in our country, a person is innocent"" directly contradicts Special Counsel Robert Mueller’s statement.",mostly-true,mostly-true,"['mostly-true', 'half-true', 'mostly-false', 'false', 'true']",5,True
"""Violent crime is up since the last year of Sharpe James’ administration. This year it’s higher. … The unemployment rate is almost 15 percent. The high school dropout rate is over 50 percent.""",half-true,mostly-true,"['mostly-true', 'mostly-false', 'half-true', 'false', 'true', 'pants-fire']",6,True
Cheri Beasley was “encouraging (riots) all across our state and all across our country in 2020.”,false,false,"['false', 'mostly-false', 'pants-fire', 'half-true', 'mostly-true', 'true']",6,True
"In the immediate wake of a fire and vandalism at the Madison headquarters of an anti-abortion group, Democrats had not condemned “activists who are engaging in this repugnant illegal activity.”",mostly-false,mostly-false,"['mostly-false', 'false', 'half-true', 'mostly-true', 'true', 'pants-fire']",6,True
"Human traffickers are putting toxin-laced tissues on gas pumps and door handles, then waiting for potential victims to pass out.",false,false,"['false', 'mostly-false', 'pants-fire', 'half-true', 'mostly-true']",5,True
"Federal law for Obamacare navigators ""does not bar — or even require screening for — convicted felons, including individuals convicted of identity theft or fraud.""",half-true,true,"['true', 'false', 'mostly-true', 'mostly-false', 'half-true']",5,True
"""Only half of the murders in the city of St. Louis get solved.""",true,true,"['true', 'mostly-true', 'half-true', 'mostly-false', 'false']",5,True
"It ""is Hillary Clinton's agenda"" to ""release the violent criminals from jail. She wants them all released.""",pants-fire,false,"['false', 'pants-fire', 'mostly-false']",3,True
"The United States has ""more of our people in prison than Russia, China, and North Korea combined.""",mostly-false,mostly-true,"['mostly-true', 'true', 'mostly-false', 'half-true', 'false']",5,True
"""There are over 2,000 crimes recorded per 100,000 population in the U.K.,"" compared to ""466 violent crimes per 100,000"" in the United States.",false,false,"['false', 'mostly-false', 'half-true', 'mostly-true', 'pants-fire', 'true']",6,True
"""In 1972, we had a 179,000 human beings in jail in this country. Today, it's 2.3-million, and 70 percent of them are black, African-American.""",pants-fire,pants-fire,"['pants-fire', 'false', 'mostly-false']",3,True
"""Over 12,000 school kids were arrested in Florida. It makes Florida the nation's leader in that area.""",half-true,true,"['true', 'mostly-true', 'half-true', 'false', 'mostly-false', 'pants-fire']",6,True
"""Murder went up"" when Romney was governor. ""Robbery went up. Violent crimes went up.""",half-true,half-true,['half-true'],1,True
A book on Amazon titled “The Shooting of Charlie Kirk” with a Sept. 9 publication date is evidence the event was staged.,false,false,"['false', 'mostly-false', 'mostly-true', 'true', 'half-true']",5,True
"The ""boyfriend loophole"" means that ""if you commit a serious crime of domestic abuse against your wife, you can't get a gun, but if you do it against your girlfriend, you can.""",half-true,mostly-false,"['mostly-false', 'half-true', 'mostly-true', 'false', 'true']",5,True
"“If I didn’t INSIST on having the National Guard activate and go into Kenosha, Wisconsin, there would be no Kenosha right now.”",pants-fire,false,"['false', 'mostly-false', 'pants-fire', 'half-true']",4,True
"""In 2010, 48,000 felons and fugitives lied and illegally tried to purchase guns. They [The Obama administration] prosecuted only 44 of them.""",mostly-true,mostly-true,"['mostly-true', 'half-true', 'true', 'mostly-false', 'false']",5,True
"""The state of California is begging us to build walls in certain areas. They don’t tell you that.""",pants-fire,false,"['false', 'mostly-false', 'pants-fire', 'half-true', 'mostly-true']",5,True
"""If there is a firearm available, it is 17 times more likely to be used either for suicide or for assaulting a friend, relative, an acquaintance than it is to be used in fending off an intruder.""",half-true,half-true,"['half-true', 'mostly-true']",2,True
"Says ""93 percent of blacks in America are killed by other blacks.""",mostly-true,false,"['false', 'mostly-false', 'mostly-true', 'true', 'half-true', 'pants-fire']",6,True
"""No one was taken into custody"" for feeding the homeless.",mostly-true,false,"['false', 'true', 'mostly-false', 'mostly-true', 'half-true', 'pants-fire']",6,True
"""Illegal aliens cost the state of Rhode Island $400 million a year.""",pants-fire,pants-fire,"['pants-fire', 'false']",2,True
"""Crime is escalating to a level we haven’t seen in decades as a direct result of Democrats’ defund the police movement and Biden-Harris open-border policies.""",false,false,"['false', 'mostly-false', 'pants-fire']",3,True
"Violent crime in Manhattan is ""now at a record level.""",false,false,"['false', 'mostly-false', 'pants-fire', 'true', 'mostly-true']",5,True
"""The White House fully cooperated with the Special Counsel’s investigation.""",false,false,"['false', 'mostly-false', 'pants-fire', 'half-true', 'mostly-true']",5,True
“Violent crime is near a record 50-year low.”,true,true,"['true', 'mostly-true']",2,True
"In Wisconsin, a ""second arrest for carrying pot is a felony,"" but a second or subsequent arrest ""for carrying a gun illegally is a misdemeanor.""",mostly-true,mostly-true,"['mostly-true', 'half-true', 'mostly-false', 'true']",4,True
"Gov. Charlie Crist ""sought for and got approved the automatic restoration of felon rights for nonviolent offenders for the first time in Florida history.""",false,mostly-true,"['mostly-true', 'true', 'half-true', 'false', 'mostly-false', 'pants-fire']",6,True
"In a recent year, the Milwaukee Police Department ""collected more guns per capita off the streets than in New York.”",true,true,"['true', 'mostly-true', 'half-true', 'mostly-false', 'false']",5,True
"By the end of 2015, more than 1,300 people will have died on Georgia roads. One of out evey four fatalities resulted from drunken driving.",mostly-true,mostly-true,"['mostly-true', 'true', 'half-true', 'mostly-false', 'false']",5,True
"“Black Lives Matter of Atlanta Charged with Wire Fraud, Money Laundering and Allegedly Using almost 500k in Donations For Personal Use.”",false,false,"['false', 'mostly-false', 'pants-fire', 'true', 'mostly-true', 'half-true']",6,True
"San Diego’s border barrier ""almost completely ended illegal crossings.""",half-true,half-true,"['half-true', 'mostly-false']",2,True
"Says Donald Trump ""thinks stop-and-frisk is fine.""",true,true,"['true', 'mostly-true']",2,True
"“Coroner saying George Floyd died of drug overdose, not police brutality.”",false,false,"['false', 'mostly-false']",2,True
"Says Austin is the ""safest big city in Texas with an unemployment rate under 3% that has been named the best place to live in the entire United States two years running.""",mostly-true,mostly-true,"['mostly-true', 'true', 'half-true', 'mostly-false', 'false']",5,True
"""Crime is rising.""",pants-fire,false,"['false', 'mostly-false', 'mostly-true', 'half-true', 'true']",5,False
“A proposal in Syracuse would pay gang members $100-$200 per week to stay out of trouble.”,mostly-true,true,"['true', 'mostly-true', 'half-true', 'mostly-false', 'false']",5,True
"""We lock up close to 2.4 million people in this country. We're locking up more people than China and Russia.""",mostly-true,true,"['true', 'mostly-true', 'half-true', 'mostly-false']",4,True
"“Watching the TV footage of those who entered the Capitol. … If you didn't know the TV footage was from Jan. 6, you would actually think it was a normal tourist visit.”",pants-fire,false,"['false', 'mostly-false', 'pants-fire', 'half-true', 'mostly-true', 'true']",6,True
"""Antifa"" is to blame for storming the U.S. Capitol.",pants-fire,pants-fire,['pants-fire'],1,True
"An undocumented immigrant ""was arrested on suspicion of arson in (the) Wine Country fires that have killed at least 40 residents.""",false,false,"['false', 'true', 'mostly-false', 'pants-fire', 'mostly-true', 'half-true']",6,True
"Says under Mayor Cory Booker, Newark has seen ""violent crime up five years in a row, murder up five years in a row.""",half-true,mostly-false,"['mostly-false', 'false', 'mostly-true', 'half-true', 'true']",5,True
"""Most of your serial killers, most of your people who commit domestic violence, they start off by abusing animals.""",false,mostly-false,"['mostly-false', 'false', 'half-true', 'mostly-true', 'pants-fire', 'true']",6,True
"""Reporters have uncovered another Scott company accused of criminal acts. But Scott won't come clean.""",false,false,"['false', 'mostly-false', 'half-true', 'mostly-true', 'pants-fire', 'true']",6,True
"""Muslims in America have been subjected to more insults, attacks and hate crimes in the last two or three years than ever before, specifically more than after 9-11.""",mostly-true,mostly-true,"['mostly-true', 'true', 'half-true', 'mostly-false', 'false']",5,True
"Joe Biden “is letting millions of people from jails, from prisons, from insane asylums, from mental institutions, drug dealers pour in.”",pants-fire,false,"['false', 'pants-fire', 'mostly-false', 'half-true']",4,True
"Says Peter Kilmartin voted ""in favor of expanding the 'good behavior' statute to sex offenders.""",false,false,"['false', 'pants-fire']",2,True
"""Gangs have increased by 40 percent since this president was elected.""",half-true,mostly-false,"['mostly-false', 'mostly-true', 'half-true', 'false', 'true', 'pants-fire']",6,True
"""Eighty-three law enforcement officers have died in the line of duty this year. Twenty-four of them were shot and killed in cold blood.""",true,true,"['true', 'mostly-true']",2,True
"""Black people are eight times more likely to be arrested than white people"" in Madison.",half-true,half-true,"['half-true', 'mostly-true']",2,True
"In Lancaster, Pa., “We caught them with 2,600 votes. We caught them cold, 2,600 votes. ... And every vote was written by the same person.""",false,false,"['false', 'pants-fire', 'mostly-false', 'half-true']",4,True
Seattle authorities are investigating a string of serial killings.,false,false,"['false', 'mostly-false', 'mostly-true', 'pants-fire', 'true']",5,True
"Says handing over arrested undocumented youth to ICE ""was an unintended consequence"" of a 2008 San Francisco policy that she supported.",false,false,['false'],1,True
"""In 1992, the Democratic Party had in their platform provisions that said that illegal aliens were coming in this country, committing felonies, sent back and then they were right back across the border to do the same thing.""",mostly-true,true,"['true', 'mostly-true', 'half-true', 'mostly-false', 'false']",5,True
"""In Florida felonies can be things like buying weed, tampering with an odometer or disturbing a lobster trap. So basically spring break.""",mostly-true,true,"['true', 'mostly-true', 'half-true', 'mostly-false', 'false']",5,True
Says Milwaukee County buses are no less safe now than a year or two ago.,mostly-false,mostly-false,"['mostly-false', 'half-true', 'false', 'mostly-true']",4,True
They were “never my comments” that a woman can’t get pregnant from rape.,half-true,false,"['false', 'mostly-false', 'half-true', 'mostly-true', 'true', 'pants-fire']",6,True
"""Every 28 hours"" an unarmed black person is shot by a cop.",false,mostly-false,"['mostly-false', 'false', 'half-true', 'mostly-true', 'pants-fire']",5,True
Says drug cartels are using social media to offer rebates so more children from Central America get smuggled to the United States.,mostly-false,mostly-false,"['mostly-false', 'false', 'mostly-true', 'half-true', 'pants-fire', 'true']",6,True
"Says the 2014-15 state budget ""cut border security and funding to fight criminal gangs.""",mostly-false,mostly-false,"['mostly-false', 'false', 'mostly-true', 'half-true', 'true', 'pants-fire']",6,True
"""Joe Biden brought Republicans and Democrats together to pass the 1994 crime bill, putting 100,000 cops on the streets and starting an eight-year drop in crime across the country.""",half-true,mostly-true,"['mostly-true', 'half-true', 'mostly-false', 'false', 'true']",5,True
"Says Andrew Gillum has presided over ""the highest crime in Florida four years running.""",mostly-true,false,"['false', 'mostly-false', 'mostly-true', 'half-true', 'true', 'pants-fire']",6,True
"Romney refused to pardon ""a decorated soldier"" returning from Iraq who had been charged with a crime involving a BB gun when he was 13.",true,true,"['true', 'mostly-true', 'half-true', 'false', 'mostly-false']",5,True
"When Atlanta Police Chief George Turner was interim head of the department, overall crime fell 14 percent and violent crime dropped 22.7 percent.",mostly-false,mostly-true,"['mostly-true', 'mostly-false', 'false', 'half-true', 'pants-fire', 'true']",6,True
"""While many urban areas across the country saw a sharp increase in crime over the last year, the Philadelphia Police Department successfully lowered part one crimes.""",mostly-true,mostly-true,"['mostly-true', 'true', 'half-true', 'mostly-false']",4,True
"The federal Hate Crimes Prevention Act bill would create ""special protection for pedophiles.""",pants-fire,pants-fire,['pants-fire'],1,True
"Six convictions are connected to an allegation by prosecutors ""that Gov. Scott Walker is at the center of a criminal scheme.""",false,false,['false'],1,True
"Says Beto O’Rourke ""voted to shield MS-13 gang members from deportation.""",mostly-false,false,"['false', 'mostly-false', 'half-true', 'mostly-true', 'true', 'pants-fire']",6,True
"""The president has been very clear. All forms of abuse, all forms of battery against women are deplorable and disgusting. ... He’s said that multiple times in the past.""",false,mostly-true,"['mostly-true', 'half-true', 'mostly-false', 'false', 'true', 'pants-fire']",6,True
"""Because of (the 1994 crime bill), we had a 25-year low in crime, a 33-year low in the murder rate, and listen to this, because of that and the background check law, a 46-year low in the deaths of people of gun violence.""",mostly-false,mostly-false,"['mostly-false', 'half-true', 'mostly-true', 'false', 'true', 'pants-fire']",6,True
"Says 85 percent of Milwaukee shootings involve ""people with extensive criminal records shooting other people with extensive criminal records.""",half-true,half-true,"['half-true', 'mostly-true']",2,True
"Judging by a recent vote, Rep. Debbie Wasserman Schultz ""thinks it's okay for medical marijuana patients to go to federal prison.""",mostly-false,false,"['false', 'mostly-false', 'half-true', 'mostly-true', 'true', 'pants-fire']",6,True
"""Inner-city crime is reaching record levels.""",pants-fire,false,"['false', 'mostly-false', 'pants-fire', 'half-true', 'mostly-true']",5,True
"Says Ted Cruz ""was just bribed by the Kochs to introduce a bill that would give them and their allies America’s national forests, parks, and other public lands and open them for mining, drilling, fracking and logging.""",pants-fire,false,"['false', 'mostly-false', 'half-true', 'mostly-true', 'true', 'pants-fire']",6,True
The city of Pembroke Pines doesn't have a vote in a plan to build a detention center in Southwest Ranches.,mostly-false,false,"['false', 'true', 'half-true', 'mostly-false', 'mostly-true']",5,True
"""There was almost a 70 percent reduction in police-related shootings under my tenure because of training, supervision and policy decisions.""",half-true,mostly-true,"['mostly-true', 'half-true', 'mostly-false', 'false', 'true']",5,True
"""In the mid 1990s, in our state, (Florida was) No. 1 in violent crime in America. ... The only concern I had was for the citizens of Florida, who were subjected to a violent crime every three minutes and 45 seconds.""",true,mostly-true,"['mostly-true', 'true', 'half-true', 'mostly-false', 'false']",5,True
"""The LGBT community is more often the victims of hate crimes than any other recognized group.""",true,true,"['true', 'mostly-true', 'half-true']",3,True
"""Transgender individuals in the U.S. have a 1-in-12 chance of being murdered.""",pants-fire,false,"['false', 'true', 'mostly-false', 'mostly-true', 'pants-fire', 'half-true']",6,True
"Data on violent crime shows Wisconsin ""has become less safe than it was when Scott Walker took office.""",mostly-false,mostly-false,"['mostly-false', 'half-true', 'mostly-true', 'false']",4,True
"Police defunding is to blame for “skyrocketing murder rates” in Philadelphia, Minneapolis, Portland, New York City, Chicago, Los Angeles and Washington, D.C.",mostly-false,mostly-false,"['mostly-false', 'false', 'half-true', 'mostly-true', 'pants-fire']",5,True
"""50% of the DUIs on Interstate 35 are from illegals. Ninety percent of the 50% have absolutely no identification.""",pants-fire,false,"['false', 'mostly-false', 'pants-fire', 'mostly-true', 'half-true']",5,True
"Says Wisconsin Attorney General J.B. Van Hollen ""knew about (the Ken Kratz sexting) case for nearly a year and did nothing about it.""",false,false,"['false', 'true', 'mostly-true', 'mostly-false', 'half-true']",5,True
"Austin mayoral candidate Steve Adler has ""never been active in anything that has to do with City Hall.""",pants-fire,mostly-false,"['mostly-false', 'false', 'half-true', 'mostly-true', 'true', 'pants-fire']",6,True
"""No other city in America did what (New York) did. We reduced murders by 50%, reduced police shootings to historic lows, reduced the number of people incarcerated by nearly 40%.""",mostly-true,mostly-true,"['mostly-true', 'mostly-false', 'half-true', 'false', 'true', 'pants-fire']",6,True
"""Burka clad woman runs over baby, gets away with crime for one stunning reason ...""",false,false,"['false', 'pants-fire', 'mostly-false']",3,True
White House Press Secretary Karine Jean-Pierre was involved in a covered-up DUI accident,pants-fire,pants-fire,"['pants-fire', 'false']",2,True
Says a young Texas rapper charged with capital crimes faces the death penalty but the alleged Santa Fe High School shooter faces prison and then parole after 40 years.,false,false,"['false', 'mostly-false', 'half-true', 'mostly-true', 'true', 'pants-fire']",6,True
"""If you are in Las Vegas and you get a knock on your door from NV Power, 2020 Census or CVD-19 testers, do not open your door. They are robbing people at gunpoint.""",false,false,"['false', 'mostly-false', 'pants-fire', 'half-true']",4,True
"Says ""Nancy Pelosi came out in favor of MS-13.""",false,false,"['false', 'mostly-false', 'pants-fire']",3,True
"""Here's a man who brags about how he made the city safe. It was the Biden crime bill that became the Clinton crime bill that allowed him to do that.""",mostly-false,mostly-false,"['mostly-false', 'false', 'mostly-true', 'half-true', 'pants-fire', 'true']",6,True
"""Studies have shown that voter fraud is non-existent in Texas.""",false,mostly-false,"['mostly-false', 'false', 'mostly-true', 'half-true', 'true', 'pants-fire']",6,True
"Says Jordan Davis, son of Georgia Congresswoman Lucy McBath, was killed in ""a drug deal gone bad.""",pants-fire,false,"['false', 'mostly-false', 'half-true', 'true']",4,False
"""Four percent of American citizens are black males, but they are 35 percent of murder victims.""",mostly-true,mostly-true,"['mostly-true', 'half-true', 'mostly-false', 'false']",4,True
"""Well over 90 percent of felony cases, all over the nation, are committed by defendants who grew up in father-absent households.""",mostly-false,false,"['false', 'mostly-false', 'mostly-true', 'half-true', 'true', 'pants-fire']",6,True
“Kill a White on Sight” appears on Black Lives Matter/Antifa flyers.,false,false,"['false', 'mostly-false']",2,True
"""What has happened since 2005? We’ve seen violent crime continuously go down"" due to Florida's ""stand your ground"" law.",mostly-false,mostly-false,"['mostly-false', 'false', 'half-true', 'mostly-true', 'pants-fire', 'true']",6,True
"In Washington, D.C., “We always have a murder a week.”",false,false,"['false', 'mostly-false', 'pants-fire', 'half-true', 'mostly-true', 'true']",6,True
"In Florida, “any woman who has an abortion after six weeks — and any doctor who gives her care — will be guilty of a felony.”",half-true,false,"['false', 'mostly-false', 'mostly-true', 'true', 'half-true', 'pants-fire']",6,True
"""The conviction rate is almost exactly the same"" for whites and blacks who commit murder.",false,false,"['false', 'mostly-false', 'pants-fire', 'half-true', 'mostly-true']",5,True
"Milwaukee has seen ""an uptick in violence"" since 2010, and ""the only period of calm we get is when winter sets in.""",mostly-true,mostly-true,"['mostly-true', 'half-true', 'true']",3,True
"""There are hit squads being trained all over this country” to violently oppose a second term for President Donald Trump.",false,false,"['false', 'pants-fire', 'mostly-false', 'half-true']",4,True
"Says three Ukrainians recently captured on a West Texas ranch are among ""individuals from countries that have strong terrorist ties being apprehended"" near the state’s border with Mexico.",half-true,mostly-true,"['mostly-true', 'true', 'half-true', 'mostly-false', 'false']",5,True
“Cal Cunningham has been silent on this on defunding the police; I assume his silence is consent.”,false,false,"['false', 'mostly-false', 'mostly-true', 'half-true', 'true', 'pants-fire']",6,True
"""Police discover meth lab in back room of Alabama Walmart.""",pants-fire,pants-fire,['pants-fire'],1,True
"There are ""more gun deaths by far"" in the United States than any other country in the world.",false,false,['false'],1,True
"On Jan. 6, 2021, 274 FBI agents were “probably acting as agitators and insurrectionists, but certainly not as ‘law enforcement officials.’”",pants-fire,false,"['false', 'mostly-false', 'pants-fire', 'half-true', 'mostly-true']",5,True
"""At the end of 2016, there were 23 percent fewer federal prosecutions than in 2011, so (prosecutors) looked at this scourge (opioid deaths) and they let it go by.""",half-true,mostly-false,"['mostly-false', 'mostly-true', 'half-true', 'false', 'true']",5,True
"Chris Koster ""opposed protecting the women of Missouri"" because he ""was one of only four senators to vote against"" a bill ending the practice of making rape victims pay for their own rape kits.",half-true,true,"['true', 'mostly-true', 'mostly-false', 'false', 'half-true', 'pants-fire']",6,True
"Ed Perlmutter voted for ""Viagra for rapists"" paid for with tax dollars.",pants-fire,pants-fire,['pants-fire'],1,True
“BLM rioters just burned down a black church in a black community with a BLM sign out front.”,false,false,['false'],1,True
"""Milwaukee has the second-highest"" number of children recovered from sex trafficking.",false,false,"['false', 'mostly-false', 'pants-fire']",3,True
"""90% of Americans want national background checks that close loopholes.""",true,mostly-true,"['mostly-true', 'true', 'half-true', 'mostly-false', 'false']",5,True
"Says that, as a Supreme Court justice, Greg Abbott found that a company whose vacuum cleaners were sold door to door ""had no responsibility"" in the hiring of a salesman who raped a customer.",mostly-true,false,"['false', 'mostly-true', 'mostly-false', 'true', 'half-true', 'pants-fire']",6,True
"“In 2021, 65 people in Milwaukee have lost their lives due to reckless driving accidents, and more than 9,000 cars have been stolen, double the amount in 2020.”",half-true,mostly-true,"['mostly-true', 'half-true', 'true', 'false', 'mostly-false']",5,True
"Leticia Van de Putte ""voted to stop schools from removing teachers convicted of a felony.""",mostly-false,false,"['false', 'mostly-false', 'half-true', 'mostly-true', 'true', 'pants-fire']",6,True
“California store owner prices all items at $951 so thieves can be prosecuted.”,false,false,['false'],1,True
