statement,true_verdict,predicted_verdict,prediction_set,set_size,is_covered
"Because of omicron, “the Biden administration has decided to leave the U.S. southern border completely open.”",false,false,['false'],1,True
"Says former President Barack Obama ""took similar action against Cuban refugees"" as President Donald Trump did in his executive order.",false,false,"['mostly-false', 'false']",2,True
"Says Donald Trump ""asserted that immigrants would quote, ‘carve you up with a knife’.""",false,false,"['true', 'mostly-true', 'half-true', 'mostly-false', 'false']",5,True
Increased encounters at the southwest border in April 2022 compared to April 2020 are attributable to changes in border policy.,mostly-false,false,"['half-true', 'mostly-false', 'false']",3,True
"Between 2000 and 2010, the illegal immigrant population of Texas increased by 60 percent, while California and Florida had ""no increase.""",half-true,mostly-true,"['true', 'mostly-true', 'half-true', 'mostly-false']",4,True
"""We've had examples like in Yuma County, where we've been able to stop 97 percent of the illegal (immigration) flow, and those programs, they abolish.""",mostly-false,false,"['mostly-false', 'false']",2,True
"""We’ve already started (the border wall). We started it in San Diego.""",mostly-false,false,"['half-true', 'mostly-false', 'false']",3,True
The Biden-Harris administration “brought over” 10 million migrants who got 9 million jobs.,false,false,['false'],1,True
"The federal government is ""making the decision, whether we like it or not, to send 425 refugees to our state"" from Syria.",half-true,false,"['mostly-true', 'half-true', 'mostly-false', 'false']",4,True
Says Iowa Gov. Terry Branstad chartered a plane to remove 124 young illegal immigrants from his state and take them back to Honduras.,pants-fire,false,['false'],1,False
“Australia Closing Borders in a few hours for 6-months”,half-true,false,"['mostly-false', 'false']",2,False
“One of (Joe Biden’s) first acts in office was sending an immigration bill to Congress to grant mass amnesty to illegal immigrants.”,half-true,mostly-false,"['true', 'mostly-true', 'half-true', 'mostly-false', 'false']",5,True
"""Texas medical professional: Migrants quarantined with UNKNOWN disease.""",false,false,"['mostly-false', 'false']",2,True
"“Illegal” Haitians in Springfield, Ohio, are “reportedly killing and eating pets.”",pants-fire,false,"['false', 'pants-fire']",2,True
"Recent immigration raids ""are not business as usual. The raids are being done indiscriminately. They’re not focused simply on criminal aliens.""",half-true,mostly-true,"['true', 'mostly-true', 'half-true', 'mostly-false']",4,True
"""When Chuck Schumer and Marco Rubio tried to push amnesty, it was Ted Cruz who stopped them.""",mostly-false,false,"['mostly-true', 'half-true', 'mostly-false', 'false']",4,True
"Says Mike Coffman said two different things: ""stop the deportations"" in a Spanish-language debate and ""you're going to be deported"" in an English-language TV interview.",mostly-false,true,"['true', 'mostly-true', 'half-true', 'mostly-false', 'false']",5,True
"Wealthy foreigners can obtain visas through a special program, but only a small number ""invest in true high-unemployment areas. Almost every other EB-5 project uses gerrymandering to qualify as distressed.""",mostly-true,mostly-true,"['true', 'mostly-true', 'half-true']",3,True
"Says children are coming into the U.S. in ""staggering numbers"" because  President Barack Obama ""has been promising amnesty.""",false,false,"['mostly-false', 'false', 'pants-fire']",3,True
"Says Trump administration is ""raiding money"" from military service member pensions to pay for the border wall.",false,false,['false'],1,True
"Says the Potomac River ""has gotten dirtier and dirtier and dirtier and dirtier. I go down there and that litter is left almost exclusively by immigrants.""",pants-fire,false,"['mostly-false', 'false']",2,False
"""(Mexican immigrants) are more law-abiding than U.S. citizens and that is a statistic.""",mostly-true,true,"['true', 'mostly-true']",2,True
"“Kamala Harris wants to give $25,000 to illegal aliens to buy American homes.”",false,false,"['mostly-false', 'false']",2,True
"""Evidence surfaces of Vatican funding caravans targeting America with cash.""",false,false,['false'],1,True
"""Our courts find that 80 percent of those who do file for asylum aren’t qualified for it, do not merit that relief.""",false,false,"['mostly-true', 'half-true', 'mostly-false', 'false']",4,True
"Says a group ""estimates that the annual cost to Oregon taxpayers for government services to illegal aliens, after any income tax revenue from them, is $1 billion.""",mostly-false,mostly-false,"['mostly-false', 'false']",2,True
Says Joe Biden has driven the current coronavirus surge because he “imported more virus from around the world by having a wide open southern border.”,false,false,"['mostly-false', 'false', 'pants-fire']",3,True
"""American voters remain steadfast in their support for immigration reform with a path to citizenship, with more than 70 percent who want to see reform passed this year.""",half-true,half-true,"['mostly-true', 'half-true']",2,True
"Says Marco Rubio ""is the one for an open border.""",pants-fire,false,"['true', 'mostly-true', 'half-true', 'mostly-false', 'false']",5,False
"""The overall fact about illegal immigration is that it's not actually getting worse.""",true,true,"['true', 'mostly-true']",2,True
"""Since 2013 alone, the Obama administration has allowed 300,000 criminal aliens to return back into United States communities. These are individuals encountered or identified by (Immigration and Customs Enforcement), but who were not detained or processed for deportation because it wouldn't have been politically correct.""",half-true,mostly-false,"['half-true', 'mostly-false', 'false']",3,True
"Tyson Foods announced it would hire 52,000 migrants.",false,false,['false'],1,True
"Says Roy Moore is ""on the wrong side of Trump’s border wall.""",mostly-false,mostly-false,"['mostly-true', 'half-true', 'mostly-false', 'false']",4,True
"""Almost half a million people are still eligible (for DACA), particularly in the Asian-American and Pacific Islander community.""",true,mostly-true,"['true', 'mostly-true']",2,True
"Says 326,000 migrants were flown to Florida with taxpayer dollars under President Joe Biden’s secret migrant flight program.",false,false,['false'],1,True
"If it is enacted, the Senate immigration bill is ""going to make the Border Patrol bigger than the FBI -- you could put one agent every 250 feet.""",true,true,"['true', 'mostly-true']",2,True
"For immigrants with visa overstays, ""we make no effort to hold them accountable to that or uphold the law.""",half-true,mostly-true,"['true', 'mostly-true', 'half-true', 'mostly-false', 'false']",5,True
"Says Jon Ossoff wants to ""allow illegal immigration.""",mostly-false,false,"['mostly-false', 'false']",2,True
"Says John Cox ""parroted, parroted Trump — almost verbatim — on the children’s separation issues at the border.""",mostly-false,mostly-false,"['mostly-true', 'half-true', 'mostly-false', 'false']",4,True
"Under the new Arizona immigration law, police can't stop someone to check their immigration status unless they think they see something illegal.",false,false,['false'],1,True
"""We’re at the point of reaching 2 million deportations ... this is a historic level, more than any other president of the United States.""",half-true,mostly-true,"['true', 'mostly-true', 'half-true', 'mostly-false', 'false']",5,True
"""Did you know US population growth is at its lowest since the Great Depression?""",true,false,"['true', 'mostly-true', 'half-true', 'mostly-false', 'false']",5,True
"The immigration visa lottery ""randomly hands out green cards without any regard for skill, merit, or the safety of American people.""",false,mostly-false,"['mostly-false', 'false']",2,True
"Says that in 2015, ""illegal"" immigrants accounted for 75 percent of federal drug possession convictions and 5 percent to 30 percent of convictions for murder and kidnapping plus two other crimes.",true,mostly-true,"['true', 'mostly-true', 'half-true', 'mostly-false', 'false']",5,True
"The Ninth Circuit has an overturned record ""close to 80%.""",half-true,mostly-true,"['true', 'mostly-true', 'half-true', 'mostly-false', 'false']",5,True
"""The federal government has not engaged in (border security) at all.""",pants-fire,false,"['false', 'pants-fire']",2,True
"""Californians are overwhelmingly against this concept of the illegal sanctuary state.""",false,false,"['mostly-false', 'false']",2,True
"Says the Obama administration plans to reduce the number of beds devoted to holding individuals violating immigration laws and to ""release hundreds of dangerous criminals into our communities.""",mostly-false,false,"['mostly-true', 'half-true', 'mostly-false', 'false']",4,True
"""Democrats let him (cop killer Luis Bracamontes) into our country,"" and ""Democrats let him stay.""",pants-fire,false,"['mostly-false', 'false']",2,False
"""Tim Kaine doesn’t want a border at all. He wants to get rid of Immigration and Customs Enforcement and basically the border patrol as well.""",pants-fire,false,"['mostly-false', 'false']",2,False
"A Trump television ad shows Mexicans swarming over ""our southern border.""",pants-fire,false,"['mostly-false', 'false', 'pants-fire']",3,True
"""NYC to give ILLEGALS $53 Million in Prepaid Credit Cards.""",mostly-false,false,"['mostly-false', 'false']",2,True
"Charlie Crist ""attacks me for positions he held, like, six months ago, (when) he was running in the Republican primary.""",mostly-false,mostly-true,"['true', 'mostly-true', 'half-true', 'mostly-false', 'false']",5,True
"Says Rick Perry wrote a newspaper item saying he was ""open to amnesty"" for illegal immigrants in the United States.",half-true,true,"['true', 'mostly-true', 'half-true', 'mostly-false', 'false']",5,True
"“Our government, wrongly, is saying if you’re born in this country you’re automatically an American citizen.”",false,false,"['mostly-false', 'false']",2,True
Evan Kilgore is one of the Border Patrol agents who shot Alex Pretti in Minneapolis.,pants-fire,false,"['false', 'pants-fire']",2,True
"""Agriculture has always required a significant workforce from abroad.""",mostly-false,half-true,"['mostly-true', 'half-true', 'mostly-false', 'false']",4,True
"Huckabee supported ""a tuition break to the children of illegals that are here illegally when citizens are having to pay a higher rate.""",half-true,half-true,"['half-true', 'mostly-false']",2,True
"“Title 42 and other Trump-era holdovers are forcing migrants into dangerous, overcrowded conditions in Mexico.”",mostly-true,mostly-true,"['true', 'mostly-true']",2,True
"Every illegal immigrant ""can be eligible for up to $36,000 to $38,000 in earned income tax credits without paying a dime in.""",false,false,"['mostly-false', 'false']",2,True
"""Chicago now has City ID Cards which allow illegal immigrants to vote in local, state & federal elections.""",false,false,['false'],1,True
"""Sanctuary cities such as Philadelphia refuse to cooperate with the federal government in locating suspected terrorists who are in their custody and are in the country illegally.""",half-true,mostly-false,"['mostly-true', 'half-true', 'mostly-false', 'false']",4,True
"""There isn't a system"" for reuniting families separated under Trump’s zero tolerance border policy.",true,true,['true'],1,True
"""Nobody knows about it, nobody talks about it, but under Obama, millions of people have been moved out of this country, they've been deported.""",half-true,half-true,"['true', 'mostly-true', 'half-true', 'mostly-false', 'false']",5,True
"Says Phil Bredesen ""lured illegal immigrants to Tennessee.""",mostly-false,false,"['mostly-false', 'false']",2,True
"""Rhode Island is one of only six states"" to use E-Verify.",false,false,['false'],1,True
"""President (Ronald) Reagan did a similar thing. George H.W. Bush did a similar order"" as former President Barack Obama’s Deferred Action for Childhood Arrivals, or DACA.",mostly-true,mostly-true,"['true', 'mostly-true', 'half-true']",3,True
"""Biden changes his mind and now wants to resume building Trump’s wall.""",false,false,"['mostly-false', 'false']",2,True
"Forty percent of illegal immigrants are ""people coming legally on visas and overstaying their visas.""",mostly-true,mostly-false,"['mostly-true', 'half-true', 'mostly-false', 'false']",4,True
"In Texas, ""we've had three ISIS-related incidents already.""",half-true,false,"['true', 'mostly-true', 'half-true', 'mostly-false', 'false']",5,True
"Says Ted Cruz ""is a supporter of legalizing people that are in this country illegally"" and ""proposed giving them work permits.""",false,mostly-false,"['true', 'mostly-true', 'half-true', 'mostly-false', 'false']",5,True
"""We saw the increases (of unaccompanied minors at the southern U.S. border) dating back almost a year.""",mostly-true,true,"['true', 'mostly-true']",2,True
"Says President Barack Obama ""himself has granted waivers allowing into the United States refugees who provided material support to terrorists.""",mostly-false,false,"['mostly-false', 'false']",2,True
"""When I became president, President Obama had a separation policy. I didn’t have it. He had it.""",false,false,"['mostly-false', 'false']",2,True
The U.S. Census included a citizenship question “for over 150 years” before the Obama administration.,false,false,"['mostly-true', 'half-true', 'mostly-false', 'false']",4,True
"Says of immigrant family separations at the border, ""we had the exact same policy as the Obama administration.""",false,false,"['mostly-false', 'false']",2,True
"""We know from ... the federal data, that they only stop or apprehend one out of four illegal people crossing our border.""",mostly-false,false,"['mostly-true', 'half-true', 'mostly-false', 'false']",4,True
A document shows Minnesota shooting victim Renee Good had a record of child abuse.,false,false,['false'],1,True
"Says Ronald Reagan said immigrants ""brought with them courage and the values of family, work, and freedom. Let us pledge to each other that we can make America great again.""",mostly-true,half-true,"['true', 'mostly-true', 'half-true', 'mostly-false', 'false']",5,True
"Says Donald Trump ""said illegal immigration has been a problem in America for 'thousands of years.' """,false,false,['false'],1,True
Six million or 7 million people have “come illegally under Biden.”,mostly-false,false,"['mostly-false', 'false']",2,True
"""We are younger than our competitors, and this is entirely because of immigration.""",mostly-true,true,"['true', 'mostly-true']",2,True
"Says President Donald Trump's travel ban could ban Somalis ""from getting relief (from famine) through coming to the United States.""",mostly-false,half-true,"['mostly-true', 'half-true', 'mostly-false', 'false']",4,True
"""It is true that we know that ISIS is present in Ciudad Juarez (Mexico)""",mostly-false,false,"['true', 'mostly-true', 'half-true', 'mostly-false', 'false']",5,True
"Says Pat McCrory ""shepherded in driver’s licenses for illegal aliens in the aftermath of the 9/11 terrorist attacks.""",mostly-false,false,"['mostly-false', 'false']",2,True
BREAKING: Trump Just Ended Welfare For One HUGE Group For 5 Years!,false,false,['false'],1,True
"Says President Barack Obama could ""basically"" legalize all immigrants here illegally ""by the sign of a pen.""",mostly-false,mostly-false,"['mostly-true', 'half-true', 'mostly-false', 'false']",4,True
"""The platform of the Republican Party says deport everybody and to hell with it.""",false,false,"['mostly-false', 'false']",2,True
"""The major immigration issue was about Poles, and Bulgarians, and Romanians,"" and that they weren’t contributing economically. ""The unemployment rate among Poles in Britain is lower than the unemployment rate among Brits.""",true,true,"['true', 'mostly-true']",2,True
"""From the release of a child rapist from the Dominican Republican to that of an Italian drug smuggler, Philadelphians have already been put in direct danger by Mayor Kenney’s policy of blocking local law enforcement from participating with federal immigration authorities.""",mostly-false,mostly-false,"['mostly-true', 'half-true', 'mostly-false', 'false']",4,True
"""Illegal immigration costs state taxpayers over $3 billion every year.""",false,false,['false'],1,True
"Says the Trump administration’s new policy for legal immigrants on welfare ""has been around for a while. This is not a new thing that the president is trying to implement here, that the United States has been this way.""",half-true,half-true,['half-true'],1,True
"""Recent reports state that the U.S. Customs and Border Protection has apprehended several members of known Islamist terrorist organizations crossing the southern border in recent years.""",mostly-true,mostly-true,"['true', 'mostly-true', 'half-true']",3,True
"Speaking of immigration cases, says, ""We have thousands of judges.""",false,false,"['mostly-false', 'false']",2,True
"""Illegal immigration and the crime rate are as low as they’ve been in decades.""",mostly-true,mostly-true,"['true', 'mostly-true', 'half-true', 'mostly-false']",4,True
"""Fact: Over 90,000 kids were detained under Obama. And no one cared.""",mostly-false,mostly-true,"['true', 'mostly-true', 'half-true', 'mostly-false', 'false']",5,True
Says the Biden administration is canceling immigration detainers and “requiring our law enforcement leaders to release” serious criminal offenders.,half-true,mostly-false,"['mostly-true', 'half-true', 'mostly-false', 'false']",4,True
"The House health care bill provides for ""free abortion services, and probably forced participation in abortions by members of the medical profession.""",false,false,['false'],1,True
"""We will have more people enter our country illegally than were born in this country in one year.""",pants-fire,false,"['mostly-false', 'false', 'pants-fire']",3,True
Harvard University “refuse(s) to tell us” who its international students are.,false,false,"['mostly-true', 'mostly-false', 'false']",3,True
The 14th Amendment “has never been challenged at SCOTUS.”,false,false,['false'],1,True
"Says an illegal immigrant fraudulently claimed children who actually lived in Mexico on income tax forms to collect more than $29,000.",mostly-true,mostly-false,"['mostly-true', 'half-true', 'mostly-false', 'false']",4,True
"Says Karen Handel voted with Donald Trump, ""gutting health care for millions, supporting horrific child separation policies"" and for ""abortion bans.""",half-true,mostly-false,"['half-true', 'mostly-false']",2,True
"In 2017, ICE ""arrested more than 127,000 illegal immigrants with criminal convictions or facing charges of breaking our nation's’ laws,"" and removed nearly 5,000 gang members.",true,true,['true'],1,True
Says Kay Bailey Hutchison voted for sanctuary cities.,false,false,['false'],1,True
"A federal system that verifies employees are authorized to work in the U.S. is inaccurate ""anywhere from 50 percent all the way up to in excess of 80"" percent of the time.",half-true,half-true,['half-true'],1,True
"Says immigrants wanted by ICE have victimized ""tens of thousands of children"" in North Carolina.",false,false,"['mostly-false', 'false']",2,True
"“Since May of last year, we have removed or returned more individuals than in any year since 2015.”",mostly-true,true,"['true', 'mostly-true', 'half-true']",3,True
"""91 percent of Latinos support the DREAM Act, which allows undocumented youth to attend college,"" but Marco Rubio opposes it.",true,mostly-true,"['true', 'mostly-true', 'half-true', 'mostly-false', 'false']",5,True
"Says President Obama's new immigration plan ""is amnesty.""",mostly-false,mostly-false,"['mostly-true', 'half-true', 'mostly-false', 'false']",4,True
"""Immigrants are more fertile.""",mostly-true,mostly-true,"['true', 'mostly-true', 'half-true', 'mostly-false', 'false']",5,True
"English ""is our national language...if it becomes official, that means in a place like New York City you can't print ballots in any other language.""",false,false,"['mostly-false', 'false']",2,True
"A post comparing two construction workers — “Joe legal” and “Jose illegal” — says “Jose” pays no taxes yet gets free medical care, food stamps, welfare, and 'head of the class' priority for his children in applying for college.",false,false,"['mostly-false', 'false', 'pants-fire']",3,True
"""Every president since Eisenhower has taken executive action to address immigration issues.""",mostly-true,true,"['true', 'mostly-true']",2,True
"A federal judge said President Barack Obama’s executive action on immigration is ""unconstitutional.""",mostly-true,false,"['mostly-true', 'half-true', 'mostly-false', 'false']",4,True
"Says that during the first 19 months of the Obama administration, the U.S. detained people from nations designated as state sponsors of terrorism on the southwestern border.",half-true,half-true,['half-true'],1,True
"""Over half"" of science, technology, engineering and mathematics students ""receiving advanced degrees are not citizens of the United States of America.""",half-true,half-true,['half-true'],1,True
"Says Mark Pocan’s proposal to eliminate the U.S. Immigration and Customs Enforcement (ICE) would ""eliminate border enforcement.""",pants-fire,pants-fire,['pants-fire'],1,True
"ICE has been illegally releasing immigrants “in Huntersville #NC13 at big box retail locations. Feds aren’t notifying anyone, just making secret drops at 3am.”",false,false,"['mostly-false', 'false']",2,True
"""Hundreds of illegal immigrants subject to detainers were released in the last week since the new sanctuary policy was adopted by the Travis County Sheriff's Office.""",false,false,"['mostly-true', 'half-true', 'mostly-false', 'false']",4,True
"About 40 percent of U.S. illegal immigrants ""came in on an airplane, with a legal visa, and just overstayed their visa and have never gone home.""",mostly-true,mostly-true,"['true', 'mostly-true', 'half-true']",3,True
"Says Hillary Clinton is ""proposing to print instant work permits for millions of illegal immigrants to come in and take everybody's jobs, including low-income African-Americans.""",false,false,['false'],1,True
Says Madison and Milwaukee County both carry sanctuary status for illegal immigrants and  released undocumented immigrants who have committed multiple crimes including sexual assault of a child,half-true,half-true,"['half-true', 'mostly-false']",2,True
"""The border city of El Paso, Texas, used to have extremely high rates of violent crime — one of the highest in the country, and considered one of our nation's most dangerous cities. Now, immediately upon its building, with a powerful barrier in place, El Paso is one of the safest cities in our country.""",false,false,"['mostly-false', 'false']",2,True
Says Donald Trump said “good” during the final presidential debate in reference to families being separated at the border.,false,false,['false'],1,True
The ATF updated its background check policy to allow “illegal immigrants” to purchase firearms.,false,false,['false'],1,True
"Illegal immigration on the U.S.-Mexico border is ""the lowest in 17 years.""",true,true,"['true', 'mostly-true']",2,True
"Says ""Nancy Pelosi came out in favor of MS-13.""",false,false,['false'],1,True
"""Ronald Reagan’s signature on the 1986 amnesty act"" gave Barack Obama about 15 million additional Hispanic votes in 2012.",false,false,"['mostly-false', 'false']",2,True
"""The Obama-Biden Administration did not conduct workplace raids—in fact, it ended them.""",half-true,mostly-true,"['true', 'mostly-true', 'half-true', 'mostly-false']",4,True
"""Roy Barnes proclaimed Mexican workers good for Georgia.""",half-true,half-true,['half-true'],1,True
"""President Obama has the most border patrols and border security deployed at the border of any previous president.""",mostly-true,false,"['mostly-false', 'false']",2,False
"""Hundreds of thousands of (illegal immigrants are) going to state and federal penitentiaries.""",mostly-false,false,"['mostly-false', 'false']",2,True
"""Local authorities in 43 states refused to honor more than 16,000 detainer requests from ICE from October 2013 to December 2015. Only in Alaska, Delaware, Hawaii, Maine, Montana, Vermont and Wyoming did local officials honor all requests, and detainers are relatively rare in those states.""",mostly-true,mostly-true,"['true', 'mostly-true', 'half-true']",3,True
"The estimated price of President Trump’s border wall is the same as the cost of ""one and a half aircraft carriers.""",true,true,"['true', 'mostly-true', 'half-true']",3,True
"The DREAM Act the ""would give amnesty to over two million illegal aliens.""",false,false,['false'],1,True
"""They voted for (a border wall) in 2006. Then-Senator Obama voted for it. Sen. Schumer voted for it. Sen. Clinton voted for it.""",half-true,true,"['true', 'mostly-true', 'half-true', 'mostly-false', 'false']",5,True
"Rescinding the Deferred Action for Childhood Arrivals program ""will harm our economy.""",true,true,"['true', 'mostly-true']",2,True
"""We spend $18 billion a year on making sure that the federal government has immigrant enforcement agents. That's more than DEA and the ATF and the FBI and all the other enforcement (agencies) combined.""",half-true,mostly-true,"['true', 'mostly-true']",2,False
"The new Arizona immigration law ""says that any police officer can stop anyone who appears to them to be reasonably suspicious of being an undocumented person.""",mostly-true,mostly-true,"['mostly-true', 'half-true']",2,True
"Says border ""crossings remain at historically low levels.""",mostly-true,mostly-true,"['mostly-true', 'half-true']",2,True
"“Joe Biden’s open border” means that there are “more Democrat voters pouring into this country.""",false,false,"['mostly-false', 'false', 'pants-fire']",3,True
"Says FBI Director Christopher Wray told Congress “that with the border wide open and a war in Israel, Hamas can just walk right in.”",false,false,"['true', 'mostly-true', 'half-true', 'mostly-false', 'false']",5,True
"Says Tallahassee mayor Andrew Gillum ""wants to make Florida not a sanctuary city but a sanctuary state.""",half-true,false,"['mostly-false', 'false']",2,False
"Under legislation that has cleared the Georgia House, some children who are ""legal refugees"" could obtain state scholarships to attend private schools.",true,true,['true'],1,True
"""The State of Texas does not even use the E-Verify system to determine if someone is legally in our country when they apply for a job.""",true,true,['true'],1,True
"""I had five of my citizens that were killed last week"" because of border security problems.",half-true,half-true,['half-true'],1,True
"Says Russian President Vladimir Putin got a standing ovation from the Duma after he gave a speech saying Muslims are ""taking over"" other countries but won't take over Russia.",pants-fire,pants-fire,['pants-fire'],1,True
"""In 1992, the Democratic Party had in their platform provisions that said that illegal aliens were coming in this country, committing felonies, sent back and then they were right back across the border to do the same thing.""",mostly-true,true,"['true', 'mostly-true', 'half-true', 'mostly-false', 'false']",5,True
The majority of Supplemental Nutrition Assistance Program recipients are not U.S. citizens.,false,false,['false'],1,True
"""The spillover violence (from Mexico) in Texas is real and it is escalating.""",mostly-false,mostly-false,"['mostly-true', 'half-true', 'mostly-false', 'false']",4,True
"""There have even been Republican congressmen who have said, ‘If you give us more money we don't know where we would even put additional Border Patrol agents.’ """,mostly-false,false,"['half-true', 'mostly-false', 'false']",3,True
"""You’ve got almost twice as many cops in New York City as you do on our entire border. That’s nuts.""",half-true,half-true,['half-true'],1,True
"The voting bill known as H.R. 1 would mean “that millions of illegal immigrants are quickly registered to vote.""",false,false,"['mostly-false', 'false']",2,True
"Says President Trump ""has ended up attracting larger numbers of people coming to the United States presenting themselves for asylum status at our border than we’ve ever seen.""",half-true,mostly-true,"['true', 'mostly-true', 'half-true']",3,True
"When ICE releases illegal immigrants, ""a lot of those people are not from Honduras and Mexico. They’re from Iraq and Somalia and Russia.""",mostly-false,false,"['mostly-false', 'false']",2,True
"""In February alone there were enough illegal immigrants who crossed the border to fill this (Kansas City Chiefs’ Arrowhead) stadium.""",mostly-true,mostly-true,"['mostly-true', 'mostly-false']",2,True
"Says 194 people were killed in mass shootings in 2018 while undocumented immigrants killed 83,211 people.",false,false,"['mostly-false', 'false']",2,True
"“In 1996, Congress specifically authorized the executive branch to conduct non-judicial deportations NOT SUBJECT TO DUE PROCESS.”",false,false,"['true', 'mostly-true', 'half-true', 'mostly-false', 'false']",5,True
"Under President Ronald Reagan, illegal immigrants ""were not pouring in like"" they are now.",false,false,"['true', 'mostly-true', 'half-true', 'mostly-false', 'false']",5,True
"The diversity visa lottery is ""plagued by fraud.""",mostly-true,mostly-true,"['true', 'mostly-true', 'half-true', 'mostly-false']",4,True
The Biden administration is “not even testing these people” being released by Border Patrol into the U.S.,mostly-false,mostly-false,"['mostly-false', 'false']",2,True
The U.S. State Department has started a special immigrants visa “evacuation operation.”,false,false,['false'],1,True
"""We’ve had about 3,000 murders"" in connection with lax border security.",pants-fire,false,"['mostly-false', 'false', 'pants-fire']",3,True
"The Obama administration ""manipulated deportation data to make it appear that the Border Patrol was deporting more illegal immigrants than the Bush administration.""",false,false,"['half-true', 'mostly-false', 'false']",3,True
"""Why do we have automatic citizenship upon birth? We're the only country in the world that has it.""",false,false,['false'],1,True
"U.S. Reps. Eric Cantor and Luis Gutierrez were ""touring the country last year … joined at the hip, working together in a bipartisan fashion indeed for the goal of immigration reform.""",pants-fire,false,"['mostly-false', 'false']",2,False
Minnesota Gov. Tim Walz signed “legislation giving free college … to illegal immigrants.”,mostly-true,mostly-false,"['mostly-true', 'mostly-false', 'false']",3,True
"Illegal immigration ""wasn’t a subject that was on anybody’s mind until I brought it up at my announcement.""",false,false,"['mostly-false', 'false']",2,True
“Democrats want open borders so they can bring in and amnesty tens of millions of illegal aliens — that’s their electoral strategy.”,false,false,"['mostly-false', 'false']",2,True
"""The enumeration clause speaks to the count of every individual, and not just Americans, not just citizens.""",true,true,"['true', 'mostly-true']",2,True
Mexico is providing professional charter buses for the migrant caravan.,half-true,mostly-true,"['mostly-true', 'half-true', 'mostly-false']",3,True
"""The border security plan of Sens. McCain and Kyl called for 3,000 additional troops to keep us safe. President Obama says he'll send 524.""",half-true,half-true,['half-true'],1,True
"""Every time we go to court,"" against the Trump administration, ""for the most part, we win.""",mostly-true,mostly-true,"['true', 'mostly-true']",2,True
"""In Florida alone, more than $3.5 billion a year is spent on health care and criminal justice for illegal immigrants.""",false,false,['false'],1,True
"""I don't think I've ever hired an illegal in my life.""",mostly-false,false,"['mostly-false', 'false']",2,True
"""Crime is down in Arizona.""",true,true,['true'],1,True
The border wall and the ‘Remain in Mexico’ policy “reduced illegal immigration by 90%.”,false,false,"['mostly-false', 'false']",2,True
"""The Z-visa that was offered in that Senate bill let everybody who's here illegally, other than criminals, stay here for the rest of their lives.""",false,false,"['mostly-false', 'false']",2,True
President Donald Trump signed an executive order for “a total border shutdown with no set reopening date” on July 1.,false,false,['false'],1,True
"Says 95 percent of people caught crossing the U.S.-Mexico border said in a survey ""we are coming because we’ve been promised amnesty.""",half-true,false,"['mostly-true', 'half-true', 'mostly-false', 'false']",4,True
"Says ""we allow more people into America legally than all other countries on the planet combined.""",mostly-false,mostly-false,"['half-true', 'mostly-false']",2,True
"""We could build 30 walls with the $150 billion Obama gave to Iran.""",false,false,"['mostly-false', 'false']",2,True
"In Miami-Dade County, ""we spend at our school system over $20 million every year"" educating recent immigrants.",mostly-true,mostly-true,"['true', 'mostly-true', 'half-true']",3,True
"""Illegal aliens are costing Georgia taxpayers over a billion dollars every year.""",half-true,half-true,['half-true'],1,True
"""More than 1,000 people ... move to Texas every day.""",mostly-true,mostly-true,['mostly-true'],1,True
"Newt Gingrich’s immigration plan offers ""a new doorway to amnesty.""",mostly-true,mostly-false,"['true', 'mostly-true', 'half-true', 'mostly-false', 'false']",5,True
"Says ""I disagreed"" with President Obama’s Secure Communities deportation program",half-true,mostly-true,"['true', 'mostly-true', 'half-true']",3,True
"""The annual cost of free tax credits alone paid to illegal immigrants quadrupled to $4.2 billion in 2011.""",half-true,mostly-true,"['true', 'mostly-true', 'half-true', 'mostly-false', 'false']",5,True
Says the Biden administration is choosing to send baby formula to the border as one of its “out-of-touch priorities.”,mostly-false,mostly-false,"['mostly-true', 'half-true', 'mostly-false', 'false']",4,True
"""Loopholes in current law prevent ‘Unaccompanied Alien Children’ (UACs) that arrive in the country illegally from being removed.""",mostly-false,false,"['mostly-true', 'half-true', 'mostly-false', 'false']",4,True
"Late changes to the Arizona immigration law ""lay to rest questions over the possibility of racial profiling.""",mostly-false,mostly-false,"['mostly-true', 'mostly-false', 'false']",3,True
"""Undocumented immigrants paid more taxes last year than Amazon, GM, IBM & Netflix combined.""",mostly-true,true,"['true', 'mostly-true', 'half-true', 'mostly-false', 'false']",5,True
"Ketanji Brown Jackson has ""a weak record — defund police, abolish ICE and now a completely open border policy.""",pants-fire,false,"['mostly-false', 'false']",2,False
"""Rick Scott's company is partners with Playboy in a social networking website that has community pages specifically geared towards gay dating.""",mostly-false,mostly-false,"['mostly-true', 'half-true', 'mostly-false', 'false']",4,True
"“(Homeland Security Secretary Alejandro) Mayorkas said, ‘Hey you don’t have to detain aggravated felons,’ those are rapists, child predators, you know, murderers.”",mostly-false,false,"['true', 'mostly-true', 'half-true', 'mostly-false', 'false']",5,True
"The migrant caravan from Tapachula, Mexico “is the population of Minneapolis.”",pants-fire,false,['false'],1,False
"""In 2006, Charlie Crist opposed in-state tuition for illegal immigrants.""",true,true,"['true', 'mostly-true', 'half-true', 'mostly-false', 'false']",5,True
"Georgia legislation on immigration is a ""copycat"" of an Arizona immigration bill.",half-true,mostly-true,"['true', 'mostly-true', 'half-true']",3,True
"""There's been a 1,700 percent increase in asylum claims over the last 10 years.""",mostly-true,true,"['true', 'mostly-true']",2,True
"Says U.S. Rep. Ron DeSantis ""voted in favor of food stamps for illegal immigrants.""",pants-fire,false,"['mostly-false', 'false']",2,False
"In California, ""they're rioting now"" over sanctuary cities.",pants-fire,false,['false'],1,False
"I am ""the only candidate for lieutenant governor to oppose in-state tuition for illegal immigrants.""",false,false,"['half-true', 'mostly-false', 'false']",3,True
"""Within just a few years, immigration as a share of national population is set to break all historical records.""",mostly-true,true,"['true', 'mostly-true']",2,True
"Says President Donald Trump said asylum seekers ""aren't people. These are animals.""",false,false,"['true', 'mostly-true', 'mostly-false', 'false']",4,True
Democrats don’t deport undocumented migrants “because every illegal is a highly likely vote at some point.”,false,false,"['mostly-false', 'false', 'pants-fire']",3,True
"At Guantánamo Bay, “we'll have the capacity to continue to do there what we've always done. We've always had a presence of illegal immigrants there that have been detained.”",half-true,mostly-false,"['true', 'mostly-true', 'half-true', 'mostly-false', 'false']",5,True
"""The majority of the people that are coming to Arizona and trespassing are now becoming drug mules.""",false,false,['false'],1,True
“FEMA sent $59M LAST WEEK to luxury hotels in New York City to house illegal migrants… That money is meant for American disaster relief.”,false,false,"['mostly-false', 'false']",2,True
"Because of the current immigration crisis, Republicans want to ""repeal"" a 2008 law that President George W. Bush signed and ""want to be on record as not wanting to protect children from ... sex trafficking.""",mostly-false,mostly-false,"['true', 'mostly-true', 'half-true', 'mostly-false', 'false']",5,True
"""This is not a joke: the president wants to house illegal aliens on our nation’s military installations.""",mostly-true,false,"['true', 'mostly-true', 'half-true', 'mostly-false', 'false']",5,True
"""Over half of the foreign-born population in Rhode Island is white.""",half-true,half-true,['half-true'],1,True
"The Biden-Harris administration ""wants to hand out $450,000 to illegal immigrants.""",false,false,"['mostly-false', 'false', 'pants-fire']",3,True
"""Incredibly, some Tallahassee politicians want to make Florida a sanctuary state.""",half-true,mostly-false,"['mostly-true', 'half-true', 'mostly-false', 'false']",4,True
Venezuelan leader Nicolás Maduro “was releasing people from his prisons and sending them to our southern border under the Biden administration.”,false,false,"['mostly-false', 'false']",2,True
"""Every poll you see, the overwhelming majority of people want [E-Verify].""",true,mostly-true,"['true', 'mostly-true', 'half-true']",3,True
"“In August 2023, illegal immigration outpaced American births.”",false,false,['false'],1,True
"""Only 12% of legal immigrants are selected based on skill or based on merit. In countries like Canada, Australia and New Zealand, and others, that number is closer to 60, and even 70 and 75% in some cases.""",mostly-true,mostly-true,"['true', 'mostly-true', 'half-true', 'mostly-false']",4,True
"""One of the most troubling aspects of the Rubio-Schumer Gang of Eight bill was that it gave President Obama blanket authority to admit refugees, including Syrian refugees, without mandating any background checks whatsoever.""",false,false,"['mostly-true', 'half-true', 'mostly-false', 'false']",4,True
"The immigration bill ""has a specific provision that says that Secretary Napolitano does not have to build any fence if she chooses not to.""",false,false,"['mostly-true', 'half-true', 'mostly-false', 'false']",4,True
"With U.S. Customs and Border Protection’s CBP One app, it “takes less than 5 minutes and zero documentation to get approved as an illegal immigrant and be flown to the United States with air tickets paid for by the American taxpayer.”",false,false,"['mostly-false', 'false', 'pants-fire']",3,True
Workers who pick produce in Georgia’s fields can make $12 to $18 an hour.,half-true,half-true,['half-true'],1,True
"""Migrants DEMAND $50,000 each to go home, or else …""",mostly-true,mostly-false,"['true', 'mostly-true', 'half-true', 'mostly-false', 'false']",5,True
"""Current immigration policy imposes as much as $300 billion annually in net fiscal costs on U.S. taxpayers.""",half-true,false,"['true', 'mostly-true', 'half-true', 'mostly-false', 'false']",5,True
"In 2006, Bernie Sanders ""voted in the House with hard-line Republicans for indefinite detention for undocumented immigrants, and then he sided with those Republicans to stand with vigilantes known as Minutemen who were taking up outposts along the border to hunt down immigrants.""",mostly-true,mostly-true,"['true', 'mostly-true', 'half-true', 'mostly-false']",4,True
"""They found 60 votes in the Senate in 2006 and 2013"" for immigration legislation, and ""each time the House Republican majority refused to take it up.""",true,true,"['true', 'mostly-true']",2,True
"When Haitians go to school in Springfield, Ohio, they “take the place of our children in school” and “each one will have a private interpreter.""",false,false,"['mostly-false', 'false']",2,True
“FEMA has been directed back to North Carolina with $2 billion in emergency funds: ‘We transferred it from the programs that fund welfare for illegals. They don’t be needing it.’”,false,false,['false'],1,True
"Georgia’s illegal-immigration legislation ""simply follows existing federal law.""",half-true,false,"['mostly-true', 'mostly-false', 'false']",3,False
"Miami’s immigration courts have the “largest backlog of any court in this country with 10% of the overall immigration cases,” and “more than 90%” of people lose their asylum claims.",half-true,mostly-true,"['true', 'mostly-true', 'half-true', 'mostly-false', 'false']",5,True
"Romney failed to take action against ""sanctuary cities"" in Massachusetts.",mostly-true,mostly-true,"['mostly-true', 'half-true', 'mostly-false']",3,True
"""The most popular name is no longer John or Steven. It's Jose, Camilo and Maria.""",mostly-false,mostly-true,"['mostly-true', 'half-true', 'mostly-false']",3,True
"Said Adolf Hitler and Donald Trump have both described deportations as ""a military operation.""",mostly-false,mostly-false,"['true', 'half-true', 'mostly-false', 'false']",4,True
"""Bill Clinton passed a law in 1996 that separated children from adults illegally entering America.""",false,false,"['mostly-false', 'false']",2,True
Democrats “introduced a bill that would ban detaining gay illegal immigrants.”,mostly-false,false,"['mostly-false', 'false']",2,True
"""Canada sets aside 36 percent of their visas for people with skills they think their country needs.  We set aside 6 percent.""",false,false,['false'],1,True
"Says of the diversity visa lottery program, ""they give us their worst people, they put them in a bin,"" and ""the worst of the worst"" are selected.",pants-fire,false,"['mostly-false', 'false']",2,False
"The ""six largest cities in Ohio all have higher rates of violence and crime than every major city along the U.S.-Mexico border.""",mostly-true,mostly-true,['mostly-true'],1,True
"""The chances of being killed by a refugee committing a terrorist act is 1 in 3.6 billion.""",mostly-true,true,"['true', 'mostly-true']",2,True
"""Illegal immigration costs our country more than $113 billion a year.""",mostly-false,mostly-false,"['mostly-true', 'half-true', 'mostly-false', 'false']",4,True
"""When these [undocumented] students graduate from college, they're still illegal aliens. They cannot get a job.""",true,false,"['mostly-true', 'half-true', 'mostly-false', 'false']",4,False
"Because of violence spreading from Mexico, ""you’ve got bullets hitting the city hall in El Paso. You’ve got bombs exploding in El Paso.""",half-true,half-true,['half-true'],1,True
"Citing his efforts to secure the border, Obama said, ""Overall, the number of people trying to cross our border illegally is the lowest it has been since the 1970s.""",half-true,true,"['true', 'mostly-true', 'half-true', 'mostly-false']",4,True
"Says Jacky Rosen ""voted against stopping criminals from re-entering the United States.""",mostly-false,false,"['mostly-true', 'half-true', 'mostly-false', 'false']",4,True
"Says his administration put more border patrol agents on the U.S.-Mexico border than at ""any time in history, and the flow of undocumented workers across the border is actually lower than it's been in 40 years.""",half-true,mostly-true,"['true', 'mostly-true', 'half-true']",3,True
"Says U.S. Rep. Kyrsten Sinema ""voted to cut ICE.""",half-true,mostly-false,"['mostly-true', 'half-true', 'mostly-false']",3,True
"""The Congressional Budget Office, a nonpartisan office, did an analysis and said that passing comprehensive immigration reform will reduce the federal deficit by $200 billion over the next decade.""",true,true,"['true', 'mostly-true']",2,True
"""President Obama in November of last year wiped away (a program) that allows for shared fingerprinting for those who are behind bars so you know who is here legally and illegally.""",half-true,false,"['mostly-true', 'half-true', 'mostly-false', 'false']",4,True
"$3 million per day in ""your tax dollars"" are being spent to guard ""unused border wall materials.""",half-true,true,"['true', 'mostly-true', 'half-true']",3,True
"""We've had Muslims in America since George Washington.""",true,true,"['true', 'mostly-true']",2,True
"""Illegal border crossings are up 173% from 1 year ago and 28% since January when President Biden stopped the wall & deportations and started catch & release.""",half-true,mostly-true,"['true', 'mostly-true', 'half-true', 'mostly-false']",4,True
"""The RI Board of Elections has heard official testimony from Providence residents who claim to have witnessed known illegal aliens voting in local elections.""",mostly-false,false,"['mostly-false', 'false']",2,True
"GOP candidate for California governor Travis Allen ""on the floor vote … refused to join Republicans opposing driver licenses for illegal aliens.""",half-true,mostly-true,"['true', 'mostly-true', 'half-true', 'mostly-false', 'false']",5,True
The Biden administration stole $1 billion “from FEMA to use it for illegal migrants. … And FEMA is now busted. They don’t have any money.”,pants-fire,false,"['mostly-false', 'false', 'pants-fire']",3,True
"Says a 2007 immigration bill “was opposed by (the League of United Latin American Citizens), the largest Latino organization in America. The Southern Poverty Law Center called its guest-worker programs akin to slavery. … And you know who voted with me on that one, Joe? Barack Obama.”",half-true,mostly-true,"['mostly-true', 'half-true', 'mostly-false']",3,True
"""Illegal aliens cost the state of Rhode Island $400 million a year.""",pants-fire,pants-fire,['pants-fire'],1,True
"In 2006, Arizona had four ballot issues that were ""very tough on illegal immigration... Forty-seven percent of the Hispanics in Arizona voted for them.""",mostly-false,mostly-false,"['mostly-false', 'false']",2,True
"""What the Arizona law does is make a state crime out of something that already is... a federal crime.""",mostly-true,mostly-true,['mostly-true'],1,True
"Says ""Bob Casey voted in favor of deadly sanctuary cities that released thousands upon thousands of illegal alien criminals and vicious gang members to prey on Pennsylvania streets, to prey all over this country.""",false,false,"['mostly-false', 'false', 'pants-fire']",3,True
"Says the ""number-one source"" of illegal immigration ""is people legally coming to the United States on a tourist visa or a student visa and then disappearing into the population and never being heard from again.""",false,mostly-false,"['mostly-true', 'half-true', 'mostly-false', 'false']",4,True
"The DREAM Act ""was written by members of both parties. When it came up for a vote a year and a half ago, Republicans in Congress blocked it. The bill hadn’t changed. ... The only thing that had changed was politics.""",mostly-true,true,"['true', 'mostly-true']",2,True
"Says President Donald Trump is ""talking about exterminating Latinos.""",pants-fire,false,['false'],1,False
"President Joe Biden appointed ""Kamala Harris to be his border czar to deal with illegal immigration … Harris was put in charge of stopping illegal immigration.""",mostly-false,false,"['true', 'half-true', 'mostly-false', 'false']",4,True
Undocumented immigrants get Medicare for free.,false,false,['false'],1,True
"Says Joe Donnelly ""voted to grant amnesty to millions of illegal immigrants, including criminals, drunk drivers, domestic violence, and worse.""",mostly-false,mostly-false,"['mostly-true', 'half-true', 'mostly-false', 'false']",4,True
"Harry Reid has voted ""to give special tax breaks to illegal aliens.""",false,false,['false'],1,True
The Biden administration is deporting Cubans “because Cubans by and large are conservatives.”,false,false,"['mostly-false', 'false']",2,True
Protesters against the federal immigration crackdown in Minnesota are conducting “fake protests done by agitators and professional insurrectionists. …They're professional troublemakers.”,false,false,"['mostly-false', 'false', 'pants-fire']",3,True
"""If you were a Muslim, you could come in, if you were a Christian, it was impossible.""",false,false,['false'],1,True
"Says Donald Trump hired illegal workers ""from Poland and he had to pay a million dollars or so in a judgment.""",half-true,true,"['true', 'mostly-true', 'half-true']",3,True
"Says Hillary Clinton ""wants to increase Syrian refugees to this country by 550 percent.""",true,true,"['true', 'mostly-true', 'half-true', 'mostly-false', 'false']",5,True
"""If Rick Scott had his way he would encourage racially profiling immigrant communities here in Florida. He also opposed allowing Dreamers to remain in the U.S.""",mostly-false,mostly-false,"['mostly-true', 'mostly-false', 'false']",3,True
"“Carnage"" is being caused ""by people who are coming across the border.""",false,mostly-false,"['half-true', 'mostly-false', 'false']",3,True
“Promises kept: negative net migration (in the U.S.) for the first time in 50 years!”,mostly-false,false,"['mostly-false', 'false']",2,True
"Says Hillary Clinton wants illegal immigrants ""collecting Social Security benefits.""",mostly-false,mostly-false,"['mostly-false', 'false']",2,True
The Obama administration increased the deportation of illegal immigrants convicted of crimes by 70 percent.,true,true,['true'],1,True
"""President Obama used"" his DACA order ""to unilaterally confer U.S. citizenship.""",pants-fire,false,"['mostly-false', 'false']",2,False
"“America now has a government that forbids border agents from using deadly force, but is training IRS agents to use SWAT-team tactics on law-abiding citizens.”",false,false,"['mostly-false', 'false']",2,True
"""Ending (Temporary Protected Status) and deporting legal workers would cost the United States ~$164 billion in GDP over a decade.""",half-true,mostly-true,"['true', 'mostly-true']",2,False
Richard von Coudenhove-Kalergi planned “the ethnocide of the peoples of Europe” through “the encouragement of mass non-white immigration.”,false,false,['false'],1,True
"""At the request of Democrats, it will be a steel barrier rather than a concrete wall.""",false,false,"['mostly-false', 'false']",2,True
The southern U.S. border “is now open to anyone from anywhere in the world who wishes to enter our country.”,false,false,['false'],1,True
"Says Beto O’Rourke wants ""open borders and wants to take our guns.""",false,mostly-false,"['mostly-false', 'false']",2,True
"""Interior deportations under Obama were down 40 percent and at a nine-year low.""",mostly-true,mostly-true,"['true', 'mostly-true', 'half-true', 'mostly-false', 'false']",5,True
"The public health order Title 42 is ""the last tool Border Patrol has to stop the overwhelming flood of illegal immigrants pouring into our country.”",false,false,"['mostly-false', 'false']",2,True
“Biden has implemented a formal policy that illegal aliens who intrude into the United States are granted immunity from deportation.”,false,false,"['mostly-false', 'false']",2,True
“BREAKING – A large convoy of trucks just breached the U.S. border patrol checkpoint in Arizona.”,false,false,['false'],1,True
"""Every time they’ve done those border patrols, they’ve taken out people who have trafficked drugs. That’s the federal government’s role. They’re doing their job.""",half-true,mostly-true,"['mostly-true', 'half-true', 'mostly-false', 'false']",4,True
"Says Mitt Romney ""called the Arizona law a model for the nation.""",false,false,"['true', 'mostly-true', 'half-true', 'mostly-false', 'false']",5,True
"Says Syrian refugees are not being vetted, and ""the FBI is not even being told where they are.""",mostly-false,false,"['mostly-false', 'false']",2,True
"Says Rick Perry ""turned down our invitation to meet"" President Barack Obama in El Paso.",mostly-true,mostly-true,"['true', 'mostly-true']",2,True
"""Rep. Paul Gosar asks Capitol Police to arrest illegal immigrants attending State of the Union.""",true,true,['true'],1,True
"""Today, we have more boots on the ground near the Southwest border than at any time in our history.""",mostly-true,mostly-true,['mostly-true'],1,True
"Says Jeff Foxworthy wrote a list of examples explaining how ""you might live in a nation that was founded by geniuses but is run by idiots.""",false,false,['false'],1,True
"Says his parents ""came to America following Fidel Castro's takeover"" of Cuba.",false,false,"['true', 'mostly-true', 'half-true', 'mostly-false', 'false']",5,True
"“BREAKING: Illegal Aliens in San Diego, California, tried to hijack 2 school buses filled with children.”",false,false,"['mostly-false', 'false']",2,True
"""Over $13 million worth of crops have ROTTED in California, all because no one is willing to work jobs vacated by migrants.""",half-true,mostly-false,"['mostly-false', 'false']",2,False
"""United Nations caught helping and coaching caravan illegal aliens!""",false,false,['false'],1,True
"Says a ""recent analysis"" showed that 91 percent of Deferred Action for Childhood Arrivals (DACA) recipients are employed, in school or serving in the military.",mostly-true,mostly-true,"['true', 'mostly-true', 'half-true']",3,True
"Says ""220,000 New Yorkers would have immediately benefitted had President Obama’s executive action been affirmed. So almost a quarter million of our fellow New Yorkers who are hurting right now whose rights and opportunities were taken away by the Supreme Court.""",mostly-false,mostly-true,"['true', 'mostly-true', 'half-true', 'mostly-false']",4,True
"""We are dealing with an administration that, quite frankly, has shown a reluctance to enforce the immigration law.""",half-true,mostly-true,"['true', 'mostly-true', 'half-true']",3,True
"Says ""109 people out of hundreds of thousands of travelers"" were affected by the immigration executive order.",false,false,"['mostly-false', 'false']",2,True
“The Biden Administration is buying Kamala Harris’ book with our taxpayer dollars.”,false,false,['false'],1,True
"""Nate McMurray wants to reward illegals with amnesty.""",mostly-false,mostly-false,"['mostly-false', 'false']",2,True
"""When Donald Trump spoke in Phoenix, he looked the audience in the eye and he said ‘no, we're building a wall and we're deporting everybody.’ He said, quote, ‘they will all be gone. They will all be gone.’ This is one of the ones where you can go to the tape on it and see what Donald Trump has said.""",half-true,false,"['half-true', 'mostly-false', 'false']",3,True
"""Most (immigrants) do show up in court.""",mostly-true,true,"['true', 'mostly-true']",2,True
"Says he has seen Border Patrol signs near the Mexico border in English, Spanish and Chinese.",true,true,"['true', 'mostly-true', 'half-true']",3,True
"Says the 2015 vote on the American Security Against Foreign Enemies Act ""was not a vote to deny access to the U.S.""",half-true,false,"['mostly-true', 'half-true', 'mostly-false', 'false']",4,True
"Phoenix is the kidnapping capital ""of the Western Hemisphere.""",false,false,['false'],1,True
A provision of the Senate immigration bill would require you to have government permission to get a second job.,half-true,false,"['mostly-true', 'half-true', 'mostly-false', 'false']",4,True
"January 2022 fentanyl seizures show ""illicit drugs are flowing into the country at an alarming rate because of Biden’s open border.”",mostly-false,mostly-false,"['mostly-false', 'false']",2,True
"“Three busses just loaded up with illegal invaders at Detroit Metro"" airport.",pants-fire,false,"['false', 'pants-fire']",2,True
"""$53 million a week is coming across the border in drugs.""",mostly-true,mostly-true,['mostly-true'],1,True
"Says Marco Rubio ""was for immigration reform and a pathway to citizenship before he was against it.""",mostly-false,mostly-true,"['true', 'mostly-true', 'half-true', 'mostly-false']",4,True
“Biden’s let in 8 million people just in four years.”,mostly-false,false,"['mostly-false', 'false']",2,True
Says Texas Department of Public Safety numbers show that 1.6 percent of crime is committed by unauthorized immigrants.,half-true,false,"['mostly-true', 'half-true', 'mostly-false', 'false']",4,True
"U.S. Rep. Jim Langevin  didn't want a border fence to block illegal immigration ""because he is  afraid that someone will get hurt trying to go around the fence.""",pants-fire,pants-fire,"['false', 'pants-fire']",2,True
"""Jesus was an undocumented immigrant.""",false,false,"['true', 'mostly-true', 'half-true', 'mostly-false', 'false']",5,True
President Joe Biden’s immigration policy was “a giant voter importation scam.”,pants-fire,false,"['mostly-false', 'false', 'pants-fire']",3,True
"""The weak illegal immigration policies of the Obama Admin. allowed bad MS 13 gangs to form in cities across U.S. We are removing them fast!""",false,mostly-false,"['mostly-false', 'false']",2,True
"""Barack Obama's plan gives a driver's license to any illegal who wants one.""",mostly-false,mostly-false,"['mostly-false', 'false']",2,True
"Amid the ""crisis at our southern border,"" there are ""reports of illegal migrants carrying deadly diseases such as … Ebola virus.""",pants-fire,false,"['false', 'pants-fire']",2,True
"""I built that border fence in San Diego...and it reduced the smuggling of people and drugs...by 90 percent.""",mostly-true,mostly-true,"['true', 'mostly-true', 'half-true']",3,True
"""We took a deal to the president just last February, less than a year ago -- $25 billion over 10 years in border security done the right way - and the president blew up the deal.""",mostly-true,true,"['true', 'mostly-true', 'half-true']",3,True
"""There's never been a direct Supreme Court case on people who were here illegally, whether or not their kids are citizens.""",mostly-true,false,"['true', 'mostly-true', 'half-true', 'mostly-false', 'false']",5,True
"""Forty percent of the undocumented workers in this country"" entered the U.S. legally and ""overstayed their visa.""",mostly-true,mostly-true,['mostly-true'],1,True
"Says of MS-13 gang members, ""We are getting them out of our country by the thousands.""",mostly-false,mostly-false,"['mostly-true', 'half-true', 'mostly-false', 'false']",4,True
"The number of illegal immigrants in the United States is ""30 million, it could be 34 million.""",pants-fire,false,"['mostly-false', 'false', 'pants-fire']",3,True
"""We admit about 100,000 permanent immigrants from the Middle East every year.""",mostly-true,mostly-false,"['mostly-true', 'half-true', 'mostly-false', 'false']",4,True
"""This is the only state in the country that bypassed the General Assembly to authorize [in-state tuition for undocumented immigrants].""",true,true,"['true', 'mostly-true', 'half-true', 'mostly-false', 'false']",5,True
"""Congress quietly repealed the McCarran Warner Act of 1952 forbidding Muslims from holding office.""",false,false,"['mostly-false', 'false']",2,True
"""BREAKING: Trump family donates $1 billion to wall fund.""",pants-fire,pants-fire,['pants-fire'],1,True
"""How do Jeb Bush and Donald Trump differ on immigration? Spoiler alert: They don't.""",mostly-false,mostly-false,"['mostly-false', 'false']",2,True
"In the U.S. asylum system, ""claims of 'fear to return' have skyrocketed, and the percentage of claims that are genuinely meritorious are down.""",half-true,mostly-false,"['mostly-true', 'half-true', 'mostly-false', 'false']",4,True
"The newly created state Immigration Enforcement Review Board ""can actually prosecute, and get them [violators] into jail, if we bring in the attorney general.""",false,false,['false'],1,True
"""They were going to build the wall a while ago, not so long ago, like in '06. And they couldn't get environmental impact statements.""",mostly-false,mostly-true,"['true', 'mostly-true', 'half-true', 'mostly-false', 'false']",5,True
Says Paul Workman authored legislation providing amnesty for illegal immigrants.,half-true,false,"['true', 'mostly-true', 'half-true', 'mostly-false', 'false']",5,True
Housing is expensive “because we flooded the country with 30 million illegal immigrants” and because of a housing shortage.,mostly-false,mostly-false,"['mostly-false', 'false']",2,True
"""Rick Scott got a majority of the Hispanic vote in Florida.""",mostly-false,mostly-false,"['mostly-true', 'half-true', 'mostly-false', 'false']",4,True
"""Last year,"" Obama ""administration officials released into our neighborhoods more than 36,000 criminal immigrants who had nearly 88,000 convictions. The crimes included hundreds of convictions for murder, rape and kidnapping and thousands of drug-related crimes.""",half-true,mostly-true,"['true', 'mostly-true', 'half-true', 'mostly-false', 'false']",5,True
"Rep. Robert Pittenger ""stood against funding for the border wall.""",false,mostly-false,"['true', 'mostly-true', 'half-true', 'mostly-false', 'false']",5,True
Ring is “alerting people about (Immigration and Customs Enforcement) raids.”,false,false,"['mostly-false', 'false']",2,True
"40 percent of illegal immigrants ""had a visa and then became illegal,"" mostly because ""they changed jobs.""",half-true,half-true,['half-true'],1,True
"""Right now, one third of all illegal aliens are going to California.""",half-true,false,"['mostly-false', 'false', 'pants-fire']",3,False
"The 2013 immigration bill ""expanded President Obama’s ability to bring Syrian refugees to this country without mandating any meaningful background checks.""",false,false,"['mostly-false', 'false']",2,True
"The Senate’s border bill “accepts 5,000 illegal immigrants a day.”",false,false,"['mostly-false', 'false']",2,True
"""The Mexican government forces many bad people into our country.""",pants-fire,false,"['mostly-false', 'false']",2,False
The government is arming “illegal immigrants.”,false,false,['false'],1,True
"""All non-US citizens, illegal or not, will be provided with free health care services.""",pants-fire,pants-fire,['pants-fire'],1,True
"Leticia Van de Putte ""opposed putting National Guard troops on the border, would send millions to Central American governments instead and wrote the law giving in-state tuition to illegal immigrants.""",half-true,false,"['mostly-true', 'half-true', 'mostly-false', 'false']",4,True
"""Close to 30% of our federal prison population consists of  illegal immigrants.""",false,false,['false'],1,True
"""Many of the countries in question (in Trump’s travel ban) don't even have a U.S. embassy there to help us vet.""",true,true,"['true', 'mostly-true', 'half-true']",3,True
"Says President Obama has cracked down ""on employers who are attracting undocumented immigrants and hiring them more than any previous president.""",half-true,mostly-false,"['mostly-true', 'half-true', 'mostly-false', 'false']",4,True
Says the Department of Homeland Security didn't request any hours of aerial surveillance for the U.S.-Mexico border from the Department of Defense for 2017.,mostly-false,false,"['true', 'mostly-true', 'mostly-false', 'false']",4,True
"Says ""56 percent of (the U.S.-Mexico) border is not under our control.""",half-true,mostly-true,"['mostly-true', 'half-true', 'mostly-false', 'false']",4,True
"“More than 200,000 DACA recipients are essential infrastructure workers” including “41,700 DACA recipients in the healthcare industry”",mostly-true,mostly-true,"['true', 'mostly-true']",2,True
"""When NAFTA was passed, there was an acceleration of immigration from Mexico because people were
in search of jobs.""",half-true,half-true,"['mostly-true', 'half-true', 'mostly-false']",3,True
"There have been ""at least four incidents where bullets from Mexico have crossed the border.""",true,true,['true'],1,True
"""Phoenix, Ariz., is the No. 2 kidnapping capital of the world.""",pants-fire,pants-fire,['pants-fire'],1,True
"Treasury Department's inspector general found ""there's $4 billion a year in excess payments"" going to people that shouldn’t get them. ""These are mostly Mexicans.""",half-true,mostly-false,"['mostly-true', 'half-true', 'mostly-false', 'false']",4,True
"When New York Gov. Eliot Spitzer wanted to ""provide driver’s licenses to those who are undocumented. (Hillary Clinton) said don’t do it.""",mostly-true,true,"['true', 'mostly-true', 'half-true', 'mostly-false', 'false']",5,True
"Says President Donald Trump has been ""taking money Congress authorized to protect people facing disaster in order to indefinitely detain asylum seekers.""",half-true,mostly-false,"['mostly-true', 'half-true', 'mostly-false', 'false']",4,True
"""Gwinnett Medical Center is operating in the negative,"" in part, because of illegal immigrants.",half-true,half-true,['half-true'],1,True
“Biden wants to give illegals ID cards so they can start collecting American benefits.”,false,false,"['mostly-false', 'false']",2,True
"Says President Barack Obama’s policy known as DACA ""contributed to a surge of minors at the southern border.""",mostly-false,false,"['mostly-false', 'false']",2,True
"""We have that program where immigrants come here and they have to bring a million dollars in order to get a green card if they’re going to create jobs.""",mostly-false,mostly-false,"['mostly-true', 'mostly-false', 'false']",3,True
"Says ""Donald Trump proposes to deport 16 million people, 11 million who are here without documents, and both Donald Trump and Mike Pence want to get rid of birthright citizenship.""",half-true,mostly-false,"['mostly-true', 'half-true', 'mostly-false', 'false']",4,True
“Immigrants make up a majority of essential workers in places like New York City.”,mostly-true,true,"['true', 'mostly-true']",2,True
"Between 2008 and 2014, ""criminal aliens accounted for 38 percent of all murder convictions in the five states of California, Texas, Arizona, Florida and New York.""",false,false,"['mostly-false', 'false']",2,True
"Says there’s ""never (been) so many apprehensions ever in our history.""",false,false,['false'],1,True
"“Here in Nevada, the DMV registers everybody (to vote) and so that means illegals. They don’t check.”",false,false,['false'],1,True
"""The majority of the Hispanic population and the growth (of the population) is U.S.-born.""",true,true,"['true', 'mostly-true']",2,True
"""If it weren’t for me … (illegal immigration) wouldn’t even be a big subject.""",false,false,"['mostly-false', 'false']",2,True
"Says Section 1325 of U.S. immigration law was ""put into place in 1929, by a segregationist.""",mostly-true,true,"['true', 'mostly-true', 'half-true', 'mostly-false', 'false']",5,True
"“300,000 illegal immigrants were able to use a simple app to get a free flight to our country.”",false,false,"['mostly-false', 'false']",2,True
"""The debate on securing our border can't be measured in partisan jabs. It has to be measured in the human toll caused by porous borders: 1/3 migrant women are sexually assaulted;  7/10 migrants are victims of violence; 20k migrant children were illegally smuggled last month.""",mostly-false,mostly-false,"['half-true', 'mostly-false', 'false']",3,True
"""Right now we're focused on Minneapolis because that's where we have the highest concentration of people who have violated our immigration laws.""",false,false,"['mostly-false', 'false']",2,True
"""Rather than work to secure the border, (Marco Rubio) supported Obama’s amnesty plan for illegal immigrants.""",mostly-false,mostly-true,"['true', 'mostly-true', 'half-true', 'mostly-false', 'false']",5,True
"Says Sen. Chuck Schumer in 2014 ""helped put together and signed a $25 billion deal to fund a border wall"" and now opposes Trump's $5 billion request for a border wall ""just because he's a Republican."" ​",false,false,"['mostly-true', 'half-true', 'mostly-false', 'false']",4,True
"""Smart! 'Kuwait issues its own Trump-esque visa ban for five Muslim-majority countries.' """,mostly-false,false,"['mostly-false', 'false', 'pants-fire']",3,True
"""We've got a 1,000 National Guard troop request that's been in front of this president for over a year and no response.""",half-true,half-true,"['mostly-true', 'half-true']",2,True
"""@realDonaldTrump is coming to San Antonio, which is 60% Mexican-AMERICAN.""",mostly-true,mostly-false,"['mostly-true', 'half-true', 'mostly-false', 'false']",4,True
"""The president said he’s going to bring in 250,000 (Syrian and Iraqi) refugees into this country.""",pants-fire,false,"['true', 'mostly-true', 'half-true', 'mostly-false', 'false', 'pants-fire']",6,True
"""There are more immigrants in our country right now than any other time.""",mostly-true,mostly-false,"['mostly-true', 'half-true', 'mostly-false', 'false']",4,True
"""Last year, out of the 500,000 (in) population growth we had in the state of Texas, about 250,000 of the 500,000 came to Texas... from the other 49 states.""",half-true,half-true,['half-true'],1,True
"""'Caravan' Migrant Army Paint Swastika on American Flag, Burn It in the Street.""",false,false,"['mostly-false', 'false']",2,True
"Two federal government buses “stopped in front of a Mexican restaurant in the very small town of Green Cove Springs Florida… The passengers were illegal immigrants, straight from the southern border.”",false,false,"['mostly-false', 'false']",2,True
"""We have a legal immigration system in America that accepts 1 million people a year, legally. No other country in the world even comes close to that.""",mostly-true,mostly-true,"['true', 'mostly-true', 'half-true', 'mostly-false', 'false']",5,True
"""Over 81 percent of the babies that are born at LBJ Hospital right here in Houston are born of women who are not here legally.""",false,false,['false'],1,True
"""Undocumented immigrants pay $12 billion of taxes every single year.""",true,mostly-true,"['true', 'mostly-true', 'half-true', 'mostly-false', 'false']",5,True
"""We have seized more currency, more drugs, more outbound arms in the past year than any year in our country’s history.""",half-true,half-true,['half-true'],1,True
"Says there are ""probably 2 million, it could be even 3 million"" criminal immigrants in the country illegally.",half-true,mostly-false,"['mostly-true', 'half-true', 'mostly-false', 'false']",4,True
"""In Springfield (Ohio), they're eating the dogs, the people that came in, they're eating the cats. They're eating, they're eating the pets of the people that live there.”",pants-fire,false,"['false', 'pants-fire']",2,True
“Gas prices highest in a decade. Worst jobs report in 2 decades. Highest inflation in 3 decades. Highest increase in illegal immigration in 4 decades.”,mostly-false,mostly-false,"['mostly-true', 'mostly-false', 'false']",3,True
"South Carolina has a labor shortage, specifically in the meatpacking industry.",mostly-true,mostly-true,['mostly-true'],1,True
"Says Republican U.S. Senate candidate Ted Cruz ""opposes the DREAM Act, which is supported by 85% of Latinos.""",true,true,"['true', 'mostly-true', 'half-true']",3,True
"""The various people who have, in fact, committed terrorist acts in this country, from 9/11 on, none of them came from any of the seven countries that are the subject of the president's executive order.""",half-true,true,"['true', 'mostly-true', 'half-true', 'false']",4,True
"College students ""who are NOT U.S. Citizens and who get the PELL Grant"" plan to return to their home countries after getting free gas cards and child care.",pants-fire,false,"['mostly-false', 'false', 'pants-fire']",3,True
"President Barack Obama ""wants to take in 250,000 (people) from Syria.""",pants-fire,false,"['mostly-false', 'false', 'pants-fire']",3,True
"""22 times Barack Obama said he did not have the authority to implement this type of"" anti-deportation ""measure. And then the day after he signed this into law, he said, quote, ‘I just changed the law.’""",mostly-true,half-true,"['mostly-true', 'half-true', 'mostly-false', 'false']",4,True
“We have encountered the largest surge of migrants (at the southern border) in the last 20 years.”,mostly-false,mostly-true,"['mostly-true', 'half-true', 'mostly-false', 'false']",4,True
"""Even in California now, they don’t want to be sanctuary cities anymore. They want out.""",mostly-false,mostly-false,"['mostly-true', 'half-true', 'mostly-false', 'false']",4,True
"""The American people will not support doing anything about people that are in this country illegally until the law is enforced first.""",mostly-false,false,"['mostly-true', 'half-true', 'mostly-false', 'false']",4,True
Says Democratic Senate candidate Mandela Barnes “supports abolishing ICE.”,mostly-false,false,"['mostly-false', 'false']",2,True
"Says that in Illinois, ""fewer than 20% of those actually deported have been charged with any serious crime.""",mostly-true,mostly-true,"['true', 'mostly-true', 'half-true']",3,True
"Under the DREAM Act, after two years of higher education or military service ""you are eligible for citizenship. Once a citizen, this paves the way to bring the rest of (your) extended family to the United States.""",mostly-false,mostly-false,"['mostly-true', 'mostly-false', 'false']",3,True
"""Kids in cages"" in border facilities are ""at 700% capacity.""",half-true,mostly-true,"['true', 'mostly-true', 'half-true', 'mostly-false', 'false']",5,True
"Refugee ""vetting was very haphazard,"" under the Obama Administration. ""In many cases, we simply accepted the word of applicants.""",mostly-false,mostly-true,"['true', 'mostly-true', 'half-true', 'mostly-false', 'false']",5,True
"Says neither President Barack Obama nor Mexico President Felipe Calderon ""have been on the border to see what's happening to the citizens of Mexico, and for that matter the citizens of Texas.""",half-true,half-true,['half-true'],1,True
"Says ""Canada has one-tenth of our population—yet it issues far more high-skilled visas (more than 150,000) yearly than we do (65,000).""",half-true,mostly-false,"['mostly-true', 'half-true', 'mostly-false', 'false']",4,True
"Since a new immigration program was implemented, the number of Venezuelans trying to enter the U.S. illegally decreased “from about 1,100 per day to less than 250 per day on average.”",mostly-true,mostly-true,"['true', 'mostly-true']",2,True
Says the nation is locked down and there’s “a wide open border.”,false,false,"['mostly-false', 'false']",2,True
"Uses a picture of a mansion to say that Rep. Nancy Pelosi lives surrounded by ""a high perimeter wall with gun toting security.""",pants-fire,pants-fire,['pants-fire'],1,True
"Says ""92 percent of the people agree on DACA.""",half-true,false,"['mostly-false', 'false']",2,False
"The Obama administration estimates the number of children at the border is ""going to increase to 150,000 to 200,000 next year.""",half-true,mostly-true,"['true', 'mostly-true', 'half-true', 'mostly-false', 'false']",5,True
"Says Ron DeSantis ""voted in an agricultural bill to give food stamps to illegal immigrants.""",pants-fire,false,"['mostly-true', 'half-true', 'mostly-false', 'false']",4,False
"Over a million people apprehended at the border this year, ""meaning probably another 2 or 3 million have come in illegally.""",half-true,mostly-true,"['true', 'mostly-true', 'half-true', 'mostly-false', 'false']",5,True
"""The Senate immigration bill is … filled with things like rewards for au pair agencies, Alaskan seafood processors and Vegas casinos.""",true,true,"['true', 'mostly-true']",2,True
"""The president … by executive order"" could grant voting rights to illegal immigrants who are newly legalized under pending legislation.",pants-fire,false,"['mostly-false', 'false']",2,False
"President Joe Biden’s day one approach to immigration included ""blanket amnesty and halting border wall construction.""",half-true,false,"['mostly-false', 'false']",2,False
"""FBI crime statistics have found that labeled ‘sanctuary’ cities experience lower rates of all crime types, including homicides.""",half-true,mostly-true,"['true', 'mostly-true', 'half-true']",3,True
"""5.7 million -- that’s how many illegal immigrants might have voted"" in 2008.",false,false,"['mostly-false', 'false', 'pants-fire']",3,True
"""Under @BarackObama illegal immigration dropped to a 50-year low.""",mostly-false,false,"['mostly-true', 'half-true', 'mostly-false', 'false']",4,True
"Mexican government officials ""hand out brochures showing individuals how they can avoid our Border Patrol, how they can get into our country.""",mostly-false,mostly-false,"['mostly-true', 'mostly-false', 'false']",3,True
"Says Joe Biden “shut down travel from 8 countries in response to the Omicron variant, but he refuses to require a #COVID19 test for illegal immigrants crossing our Southern border.”",half-true,mostly-false,"['mostly-true', 'half-true', 'mostly-false', 'false']",4,True
"President Obama’s uncle and aunt ""are illegal aliens ...  who've been allowed to stay in this country.""",half-true,false,"['half-true', 'mostly-false', 'false']",3,True
"Donald Trump says ""all Mexicans are rapists.""",false,false,"['mostly-false', 'false']",2,True
"""Hispanic entrepreneurs, those who have immigrated from Spanish-speaking countries, often start three times as many businesses as white males.""",mostly-true,mostly-true,"['true', 'mostly-true', 'half-true']",3,True
"""About three-quarters of (Syrian refugees) are women and children. A full third of them are kids under 12 years old.""",true,true,"['true', 'mostly-true']",2,True
“Biden and Democrats have dismantled border security.”,false,false,"['mostly-false', 'false']",2,True
"""By funding the authorization that’s already happened a decade ago (in the Secure Fence Act of 2006), we could start the process of meeting Mr. Trump’s campaign pledge to secure the border.""",true,true,"['true', 'mostly-true']",2,True
"Says Sen. John McCain ""told dreamers that he’ll support the Dream Act, then he voted against it.""",half-true,mostly-true,"['true', 'mostly-true', 'half-true', 'mostly-false', 'false']",5,True
"Mike Huckabee ""supported taxpayer-funded scholarships for illegal aliens.""",mostly-true,mostly-false,"['mostly-true', 'half-true', 'mostly-false']",3,True
"Of shelters for immigrant children: ""You know what? There's not a lock on the door. Any child is free to leave at anytime, but they don't. You know why? Because they are well taken care of.""",half-true,mostly-false,"['half-true', 'mostly-false', 'false']",3,True
Suggests that an immigrant charged with sexually assaulting a child entered the U.S. illegally during the Biden administration.,false,false,"['mostly-false', 'false']",2,True
An illegal immigrant who gains admission at a public college takes class space away from students who are legal residents.,mostly-true,mostly-true,['mostly-true'],1,True
"“Over 10 million people have come across the border with no vetting, no plan, and no path” during Biden’s presidency.",false,false,['false'],1,True
"""Immigrants are responsible for 96 percent of our small biz growth since 2000.""",false,mostly-false,"['mostly-true', 'half-true', 'mostly-false', 'false']",4,True
"Says he is ""cutting illegal immigration in half.""",false,false,"['mostly-false', 'false']",2,True
"“ICE will now become the country’s largest federal law enforcement agency, bigger than the FBI, bigger than the DEA.”",mostly-true,mostly-true,"['true', 'mostly-true', 'half-true', 'mostly-false']",4,True
"Children are crossing the border because President Barack Obama said ""if you come, you’re going to be able to stay, because we’re not going to enforce the law.""",mostly-false,false,"['false', 'pants-fire']",2,False
"""With three months remaining in the Fiscal Year, (the border patrol) has already encountered more illegal immigrants along the Southwest border"" than in any previous fiscal year.",mostly-true,mostly-true,"['true', 'mostly-true', 'half-true', 'mostly-false', 'false']",5,True
Says Mary Landrieu voted to fund benefits for illegal immigrants ahead of veterans.,pants-fire,false,"['mostly-false', 'false']",2,False
"""Tim Walz signed into law driver's licenses for illegal immigrants in Minnesota.""",true,true,"['true', 'mostly-true', 'false']",3,True
"“In sanctuary cities, local officials order police to release dangerous criminal aliens to prey upon the public instead of handing them over to ICE to be safely removed.”",mostly-false,mostly-false,"['mostly-false', 'false']",2,True
"""All the Democrats on the entire stage — every Democratic candidate said they want to give free health care to illegals.""",mostly-false,false,"['mostly-false', 'false']",2,True
Says states that passed anti-illegal-immigrant legislation also had few Hispanic legislators.,true,true,['true'],1,True
Coca-Cola “sells out its own workers to ICE.”,false,false,['false'],1,True
"Says Adam Putnam ""endorsed the Schumer-Obama Gang of Eight immigration amnesty.""",mostly-true,mostly-false,"['true', 'mostly-true', 'half-true', 'mostly-false', 'false']",5,True
"Marco Rubio says ""Solo Ingles"" (English only).",false,pants-fire,"['false', 'pants-fire']",2,True
"""Study after study have shown that sanctuary cities do not lead to an increase in crime because of the presence of people that are undocumented.""",half-true,mostly-true,"['true', 'mostly-true', 'half-true', 'mostly-false']",4,True
"""Nearly 60% of all occupants of HUD properties in U.S. are illegals.""",pants-fire,false,"['mostly-false', 'false']",2,False
"""Forty percent of the Fortune 500 were started either by immigrants or children of immigrants.""",half-true,mostly-true,"['mostly-true', 'half-true']",2,True
"""A majority of the candidates on this stage have supported amnesty ... I have never supported amnesty.""",mostly-true,false,"['true', 'mostly-true', 'half-true', 'mostly-false', 'false']",5,True
"""If you pass the so-called Dream Act, it will be the single biggest amnesty in the history of the United States, even bigger than the 1986 amnesty.""",mostly-false,mostly-false,"['mostly-true', 'half-true', 'mostly-false', 'false']",4,True
"""Congress only funded half the wall"" between Mexico and the United States.",mostly-true,mostly-true,"['mostly-true', 'half-true']",2,True
"Martha’s Vineyard ""used the military to deport every last illegal migrant from their island.”",false,false,['false'],1,True
"""Go back to 2005 until now, we have quadrupled the number of Border Patrol agents.""",false,false,"['mostly-true', 'half-true', 'mostly-false', 'false']",4,True
Rep. Ruben Gallego’s “first act in Congress was to propose legislation to BAN the use of the term ‘illegal alien.’”,false,false,"['mostly-false', 'false']",2,True
Says caravans of people are coming to cross the Mexico-U.S. border.,half-true,mostly-false,"['true', 'mostly-true', 'half-true', 'mostly-false', 'false']",5,True
"Kamala Harris ""let in the 13,099 convicted murderers and opposes all efforts to find them and to remove them.""",false,false,"['mostly-false', 'false', 'pants-fire']",3,True
"""17,000 individuals with criminal records were apprehended trying to cross the border"" in 2018.",half-true,mostly-true,"['true', 'mostly-true']",2,False
"""We are accepting more legal immigrants than we ever have in the history (of the United States.)""",mostly-false,mostly-true,"['mostly-true', 'half-true', 'mostly-false', 'false']",4,True
Says only four Texas legislators voted against a law giving in-state tuition rates to certain illegal immigrants.,true,half-true,"['true', 'mostly-true', 'half-true', 'mostly-false', 'false']",5,True
"""The vast majority of (Syrian) refugees are young, able-bodied men looking for work.""",false,false,"['mostly-false', 'false']",2,True
"There was ""an estimated $5.3 million of economic loss just for a few hours of shutting down the border. You’re talking about millions and millions of dollars — billions of dollars — of economic consequence, if we continue with this rhetoric around shutting down the border without considering what that means.""",mostly-true,mostly-true,"['true', 'mostly-true']",2,True
"As Florida secretary of state, Kurt Browning ""allowed 1,800 illegal voters to register in Florida.""",pants-fire,false,"['mostly-false', 'false']",2,False
"""Unlawful presence (in the United States) is not a crime.""",mostly-true,true,"['true', 'mostly-true']",2,True
"Undocumented drivers ""have protections that US citizens don’t receive under Green light bill.""",false,mostly-true,"['true', 'mostly-true', 'half-true', 'mostly-false', 'false']",5,True
President Joe Biden said he will “send F-15s” to “wage war against Texas.”,false,false,['false'],1,True
"""Illegal crossings at our southern border have been cut by over 40 percent.""",false,false,['false'],1,True
"""There's a survey done in Guatemala. A third of Guatemalans intend to migrate to the United States. That's about 5.8 million people.""",mostly-false,false,"['mostly-true', 'half-true', 'mostly-false', 'false']",4,True
"“The same people that raided Israel are pouring into our once beautiful USA, through our TOTALLY OPEN SOUTHERN BORDER, at Record Numbers.”",pants-fire,false,"['false', 'pants-fire']",2,True
"In Arizona, ""there are only one and a half (Border Patrol) agents per every 10 square miles.""",false,false,"['half-true', 'mostly-false', 'false']",3,True
"U.S. Sen. Jon Tester “voted to give taxpayer-funded health care to illegal immigrants.""",false,mostly-false,"['mostly-false', 'false']",2,True
"Says that ""along the southern border of the U.S.,"" the government apprehends ""seven individuals a day who are either known or suspected terrorists.""",pants-fire,mostly-true,"['true', 'mostly-true', 'half-true']",3,False
"“Illegal immigrants now have the right to vote in New York.""",false,false,['false'],1,True
"Says ""Hillary Clinton's plan would bring in 620,000 refugees in her first term, alone, with no effective way to screen or vet them. Her plan would cost $400 billion in terms of lifetime welfare and entitlement costs.""",false,mostly-false,"['mostly-false', 'false']",2,True
"""The Senate voted this week to allow illegal aliens access to Social Security benefits.""",pants-fire,pants-fire,['pants-fire'],1,True
"Undocumented students who qualify for in-state Oregon tuition are ""actively working toward U.S. citizenship.""",mostly-false,mostly-false,"['mostly-false', 'false']",2,True
Immigration and Customs Enforcement agents raided Los Angeles' Gratts Learning Academy during a June graduation ceremony.,false,false,['false'],1,True
"Says David Dewhurst ""explicitly advocated"" a guest worker program for all illegal immigrants.",mostly-true,false,"['true', 'mostly-true', 'half-true', 'mostly-false', 'false']",5,True
"Even among ""second and third generation"" Muslims in the United States, ""there's no real assimilation.""",false,false,"['true', 'mostly-true', 'half-true', 'mostly-false', 'false']",5,True
Says state Senate candidate Aaron Bean voted to give health care subsidies to illegal immigrants.,false,false,"['mostly-false', 'false']",2,True
"""My policy is similar to what President Obama did in 2011 when he banned visas for refugees from Iraq for six months.""",mostly-false,mostly-false,"['half-true', 'mostly-false', 'false']",3,True
"""One out of every 30 people in the Greater Boston area is an illegal alien.""",true,mostly-true,"['true', 'mostly-true']",2,True
"""ISIS camp a few miles from Texas, Mexican authorities confirm.""",false,false,"['mostly-true', 'mostly-false', 'false']",3,True
"On key issues including taxes, health care, the Green New Deal, abortion, and guns, there is “no daylight between” Bernie Sanders and Joe Biden.",half-true,mostly-false,"['true', 'mostly-true', 'half-true', 'mostly-false', 'false']",5,True
"Says Jeb Bush ""flip-flop-flip(ped) on immigration.""",true,mostly-false,"['true', 'mostly-true', 'half-true', 'mostly-false', 'false']",5,True
"Under Joe Biden’s policy, immigrants in the country illegally “get welfare benefits. United States citizens don't get what they're looking to give illegal immigrants.”",false,false,"['mostly-false', 'false']",2,True
"Harry Reid has voted ""to give illegals Social Security benefits even for the time they were here illegally.""",mostly-false,mostly-false,"['mostly-false', 'false']",2,True
"""Just last May, the Department of Justice inspector general found that these (‘sanctuary city’) policies also violate federal law.""",mostly-false,false,"['mostly-true', 'half-true', 'mostly-false', 'false']",4,True
"""Democrats are nowhere to be found on DACA.""",false,mostly-false,"['mostly-false', 'false']",2,True
"Supported in-state tuition in Arkansas for illegal immigrants ""if you'd sat in our schools from the time you're 5 or 6 years old and you had become an A-plus student,"" among other things.",mostly-false,mostly-false,"['mostly-false', 'false']",2,True
"""She is the only candidate who has stood by our community and immigration reform from the beginning.""",mostly-false,mostly-true,"['true', 'mostly-true', 'half-true', 'mostly-false', 'false']",5,True
"Says Hillary Clinton ""wants to have open borders.""",mostly-false,false,"['mostly-false', 'false']",2,True
"Says ""Hillary (Clinton) wants to increase the number (of Syrian refugees) by 500 percent.""",mostly-true,mostly-false,"['true', 'mostly-true', 'half-true', 'mostly-false', 'false']",5,True
"“Pelosi’s new coronavirus bill allows illegals to receive billions in relief funds in past, current, and future payments.”",mostly-true,false,"['mostly-false', 'false']",2,False
"Says President Barack Obama ""ordered our military to enlist illegal aliens.""",mostly-false,false,"['mostly-false', 'false', 'pants-fire']",3,True
"Speaking about border apprehensions, said “We have some of the best numbers we've ever had. Southern border, the best numbers we've ever had.”",half-true,false,"['mostly-true', 'mostly-false', 'false']",3,False
"“This month alone, more than 16,000 non-citizens have been removed from the voter rolls in 3 states.”",half-true,mostly-true,"['true', 'mostly-true', 'half-true', 'mostly-false', 'false']",5,True
Says Travis County’s sheriff refuses to enforce 8 USC 1373.,false,false,"['true', 'mostly-true', 'half-true', 'mostly-false', 'false']",5,True
"""In 2017, illegal aliens murdered 1,800 Americans.""",false,false,['false'],1,True
"“Just for the record, the Biden Administration IS separating children and parents.”",false,false,"['mostly-false', 'false']",2,True
"Says the United States is the only nation that affords citizenship to anyone born here, ""whether you are here legally or illegally.""",false,false,['false'],1,True
Says Sen. Lindsey Graham said a newly elected Donald Trump “will round up and deport LEGAL immigrants.”,false,false,['false'],1,True
“Elon Musk says Italians should stay in Italy and the Japanese in Japan.”,false,false,['false'],1,True
"""Our law enforcement agencies have found bodies in the desert, either buried or just lying out there, that have been beheaded.""",pants-fire,pants-fire,['pants-fire'],1,True
“No state in the country verifies United States citizenship as a condition for voting in federal elections.”,mostly-false,false,"['true', 'mostly-true', 'half-true', 'mostly-false', 'false']",5,True
Says Martha McSally “voted to take away money from Fort Huachuca to pay for the border wall.”,half-true,mostly-false,"['mostly-true', 'half-true', 'mostly-false', 'false']",4,True
"""Update: van full of illegals caught voting at multiple Alabama polling locations.""",pants-fire,pants-fire,['pants-fire'],1,True
"Romney said ""'No' to in-state tuition"" for illegal immigrants.",true,true,['true'],1,True
"""Two million more Latinos are in poverty today than when President Obama took his oath of office less than eight years ago.""",half-true,mostly-false,"['mostly-true', 'half-true', 'mostly-false', 'false']",4,True
"""More than 43 percent of all food stamps are given to illegals.""",pants-fire,pants-fire,['pants-fire'],1,True
"""Parents and teachers are already worrying about what they call the ‘Trump Effect.’ They report that bullying and harassment are on the rise in our schools, especially targeting students of color, Muslims and immigrants.""",mostly-true,mostly-true,"['true', 'mostly-true']",2,True
"Sen. Kamala Harris is ""supporting the animals of MS-13.""",pants-fire,false,"['mostly-false', 'false']",2,False
Says Barack Obama didn't keep his promise to have an immigration bill in his first year.,true,true,"['true', 'false']",2,True
"John Cornyn ""voted twice in 2013 to back Obama’s amnesty plan.""",pants-fire,false,"['half-true', 'mostly-false', 'false']",3,False
"“There’s about 1,400 criminal illegal aliens that, right now, are in North Carolina and Charlotte’s jails that they refuse to turn over to ICE law enforcement.”",false,false,"['mostly-false', 'false']",2,True
"Wisconsin politicians get daily expense payments ""even if they don’t spend a dime on meals, or lodging or travel,"" and ""no receipts are required for them to get paid.""",mostly-true,mostly-true,"['mostly-true', 'half-true']",2,True
"""Of all the illegals in America, more than half come through Arizona.""",mostly-false,mostly-false,"['mostly-false', 'false']",2,True
"""It is more difficult to obtain a Costco membership than it is to get a NYC Municipal ID""",pants-fire,mostly-true,"['true', 'mostly-true', 'half-true', 'mostly-false', 'false']",5,False
"Says the term ""illegal alien"" is ""a legal term, it’s in statute, it’s a federal term.""",half-true,false,"['half-true', 'mostly-false', 'false']",3,True
"DACA was ""a mere memo from the Department of Homeland security under Barack Obama, which violated the laws.""",half-true,false,"['mostly-true', 'half-true', 'mostly-false', 'false']",4,True
"Says the Arizona immigration law ""expressly bans racial profiling.""",half-true,half-true,"['mostly-true', 'half-true', 'mostly-false']",3,True
"Says he has ""yet to get a response"" from Barack Obama to his August 2010 letter making border security requests.",pants-fire,true,"['true', 'mostly-true', 'half-true', 'mostly-false', 'false']",5,False
"“Biden’s plan will immediately let in 25,000 asylum-seekers who’d been waiting in Mexico as their cases were judged.”",mostly-false,false,"['mostly-false', 'false']",2,True
"President Obama said ""22 times"" he could not authorize immigration reform by executive order.",mostly-true,false,"['true', 'mostly-true', 'half-true', 'mostly-false', 'false']",5,True
"Says North Carolina Rep. Renee Ellmers was the only Republican to vote against ""an amendment to prioritize the deportation of sexual criminals who are illegal immigrants.""",half-true,false,"['true', 'mostly-true', 'half-true', 'mostly-false', 'false']",5,True
"""One third of all federal prisoners today are illegal immigrants.""",mostly-false,false,"['mostly-false', 'false']",2,True
"Says that as president, Barack Obama has not gone to the Texas-Mexico border",false,false,['false'],1,True
“BREAKING: Rep. Maxine Waters calls for the United States to grant citizenship to every undocumented protester in Los Angeles” 2025 protests.,false,false,['false'],1,True
“JUST IN: A MASSIVE CARAVAN of illegal aliens is forcing their way into the US!”,false,false,['false'],1,True
"“In the last several months, the Biden administration has released over 7,000 illegal aliens who were COVID positive just in one Texas city.” Biden's border policies are ""endangering not just the people of Texas, but people all across the country.""",false,mostly-true,"['true', 'mostly-true', 'half-true', 'mostly-false', 'false']",5,True
"""Donald Trump’s been completely consistent"" about his plan for nonviolent undocumented immigrants.",false,false,"['mostly-false', 'false']",2,True
"Says Beto O’Rourke is ""open to abolishing ICE.""",mostly-true,half-true,"['true', 'mostly-true', 'half-true', 'mostly-false', 'false']",5,True
"As governor, Tim Kaine ""oversaw a huge increase in illegal immigration, a tremendous increase.""",false,false,"['mostly-false', 'false']",2,True
"Says Barack Obama, Chuck Schumer and Hillary Clinton ""all voted for"" a border wall as senators.",half-true,false,"['half-true', 'mostly-false', 'false']",3,True
"“There have now been 16 straight months of OVER 150,000 illegal border crossings.”",mostly-true,true,"['true', 'mostly-true']",2,True
"""As you know, we apprehended over 144,000 people in a single month. That is a pace, which if it continues for 12 months, would put us on a pace for nearly 2 million apprehensions on the border.""",mostly-false,mostly-false,"['mostly-true', 'half-true', 'mostly-false', 'false']",4,True
"San Diego’s border barrier ""almost completely ended illegal crossings.""",half-true,half-true,['half-true'],1,True
"Says ""there’s 400,000"" anchor babies born in the United States a year, which are ""individuals coming to our country and having their children so their children can be U.S. citizens.""",mostly-false,mostly-false,"['half-true', 'mostly-false', 'false']",3,True
"""More than 50 percent of immigrants from (El Salvador, Guatemala and Honduras) use at least one major welfare program once they get here.""",mostly-true,mostly-true,"['true', 'mostly-true', 'half-true', 'mostly-false']",4,True
“Joe Biden flew hundreds of thousands of illegals into Florida last year.”,false,false,"['mostly-false', 'false']",2,True
"""In the Senate, (Mike) DeWine voted with Hillary Clinton to let illegal immigrants receive Social Security. And in Ohio, DeWine allowed illegal immigrants to receive driver's licenses.""",mostly-false,false,"['half-true', 'mostly-false', 'false']",3,True
"Joe Biden “is letting millions of people from jails, from prisons, from insane asylums, from mental institutions, drug dealers pour in.”",pants-fire,false,"['mostly-false', 'false', 'pants-fire']",3,True
"""No one mentions that illegals are free to leave detention centers anytime to go back to Mexico. They aren't our prisoners.""",mostly-false,false,"['mostly-false', 'false']",2,True
President-elect Donald Trump’s “plan to end birthright citizenship would mean (four) of his children wouldn't be considered US citizens.”,false,false,"['true', 'mostly-true', 'mostly-false', 'false']",4,True
"""Senate report admits Clinton ‘gifted’ children to human traffickers""",false,false,['false'],1,True
"Says Marco Rubio ""went on Univision, and in Spanish he promised that he would not on the first day in office rescind President Obama's illegal executive action.""",half-true,false,"['true', 'mostly-true', 'half-true', 'mostly-false', 'false']",5,True
"""Fences have not worked. The Great Wall of China, the Berlin Wall. That's not good among peoples, especially friends like the United States and Mexico.""",half-true,half-true,['half-true'],1,True
"""Apprehension rates at the southern border have plummeted since the 1980s, and apprehensions of Mexicans specifically have reached their lowest point in nearly half a century.""",mostly-true,mostly-true,"['true', 'mostly-true']",2,True
"""In Congress, (Cresent Hardy) voted to defund DACA.""",half-true,mostly-true,"['true', 'mostly-true', 'half-true', 'mostly-false', 'false']",5,True
"Sen. Harry Reid voted ""against declaring English our national language, twice.""",true,true,"['true', 'mostly-true']",2,True
Martha's Vineyard declared itself as a sanctuary city until the buses arrived.,half-true,half-true,"['mostly-true', 'half-true', 'mostly-false', 'false']",4,True
"""Not a single Republican candidate, announced or potential, is clearly and consistently supporting a path to citizenship. Not one.""",mostly-false,mostly-true,"['true', 'mostly-true', 'half-true', 'mostly-false', 'false']",5,True
"""In 2014, Mexico alone received over $24 billion in remittances sent from the U.S., while other South and Central American countries received over 15 percent of their (gross domestic product) in the form of remittances.""",half-true,mostly-true,"['true', 'mostly-true', 'half-true', 'false']",4,True
"""Building a wall"" on the U.S.-Mexico border ""will take literally years.""",true,mostly-true,"['true', 'mostly-true', 'half-true', 'mostly-false', 'false']",5,True
"Says Ron Johnson ""has essentially done nothing"" to fight heroin addiction and opioid abuse.",false,true,"['true', 'mostly-true', 'mostly-false', 'false']",4,True
"Migrants at the U.S. border are ""able to pay cell phone bills"" after a ""two-month excursion across four separate countries.""",mostly-false,false,"['mostly-false', 'false']",2,True
“The tow truck drivers in Los Angeles are quickly towing ICE vehicles improperly parked!”,pants-fire,pants-fire,['pants-fire'],1,True
"""In 2010, the non-partisan Government Accountability Office found that only 6.5 percent of the U.S.-Mexico border was under full control of the Border Patrol.""",mostly-true,true,"['true', 'mostly-true', 'half-true']",3,True
“Federal law requires people to speak English to be naturalized as American citizens.”,mostly-true,false,"['true', 'mostly-true', 'half-true', 'mostly-false', 'false']",5,True
The U.S. Supreme Court decided in 1982 that non-citizen children must get free K-12 education.,true,false,"['true', 'mostly-true', 'half-true', 'mostly-false', 'false']",5,True
"""When you get a commercial pilot’s license, you learn to communicate in English no matter where you are in the world.""",mostly-true,mostly-true,['mostly-true'],1,True
"Immigrants ""can show up at any embassy or consulate abroad"" to make their asylum claims.",false,false,"['mostly-false', 'false']",2,True
"""The right to vote in this country has never been intrinsically tied to citizenship.""",mostly-true,true,"['true', 'mostly-true', 'half-true', 'false']",4,True
"""Just last year, over 5,000 refugees came to New York state, and 94 percent settled outside of New York City.""",true,mostly-true,"['true', 'mostly-true', 'half-true']",3,True
There are 86 languages spoken at Miami Dade College.,true,true,['true'],1,True
A bill from U.S. Rep. Ted Yoho attempts to restrict the administration's ability to conduct national security and criminal background checks on undocumented immigrants.,half-true,true,"['true', 'mostly-true', 'half-true', 'mostly-false', 'false']",5,True
Says President Joe Biden sparked a migrant caravan from Honduras and questioned the loyalty of U.S. troops at the inauguration.,mostly-false,false,"['mostly-false', 'false']",2,True
"""Mexico is paying for the Wall through the new USMCA Trade Deal.""",false,false,['false'],1,True
"""So the number on DACA is 800,000, but every one person can bring in their entire extended family once they reach a certain status. So it's 3 or 4 million, right?""",false,mostly-false,"['mostly-true', 'half-true', 'mostly-false', 'false']",4,True
"Says Travis County Sheriff Sally Hernandez ""declared that she would not detain known criminals accused of violent crimes.""",pants-fire,false,"['true', 'mostly-false', 'false']",3,False
"“There was a bill to basically create a ban to make sure we never become a sanctuary state, that no locality passes those regulations, and (former Manchester Mayor Joyce Craig) opposed that bill.”",mostly-true,mostly-true,"['true', 'mostly-true', 'half-true']",3,True
"""Why was there no news coverage of this raid on the Arizona border? … Seizure was just five days ago. Right on the Arizona border!""",pants-fire,false,"['mostly-false', 'false']",2,False
"""I deployed the Texas National Guard"" to the Texas-Mexico border. ""And the policy worked; apprehensions at the border declined 74 percent.""",mostly-false,false,"['mostly-true', 'half-true', 'mostly-false', 'false']",4,True
"While in Congress, Nathan Deal was a leader when it came to protecting our borders.",mostly-true,mostly-true,['mostly-true'],1,True
"""Every single Democrat in the U.S. Senate has signed up for the open borders, and it's a bill, it's called the ‘open borders bill.’""",false,false,"['mostly-false', 'false', 'pants-fire']",3,True
"""Crime is down in Venezuela by 67% because they're taking their gangs and their criminals and depositing them very nicely into the United States.”",false,pants-fire,"['false', 'pants-fire']",2,True
Says drug cartels are using social media to offer rebates so more children from Central America get smuggled to the United States.,mostly-false,mostly-false,"['mostly-true', 'half-true', 'mostly-false', 'false']",4,True
"""Prayer rugs have recently been found on the Texas side of the border in the brush.""",pants-fire,false,"['mostly-false', 'false']",2,False
"In 2011, Carlos López-Cantera ""staunchly supported"" a Florida bill modeled after Arizona’s immigration law",mostly-false,mostly-true,"['true', 'mostly-true', 'half-true', 'mostly-false', 'false']",5,True
"The immigration proposal from the Gang of Eight ""is not amnesty.""",half-true,mostly-true,"['true', 'mostly-true', 'half-true', 'mostly-false', 'false']",5,True
"""California To Register Illegal Aliens To Vote – Automatically.""",pants-fire,false,"['mostly-false', 'false']",2,False
"Germany ""is crime-riddled right now"" because of migration to Europe.",mostly-false,false,"['mostly-false', 'false']",2,True
"""Alexander Hamilton was an immigration hawk.""",half-true,mostly-false,"['half-true', 'mostly-false', 'false']",3,True
"Because “17 million immigrants” were “let in” the U.S, “ foot and mouth disease is back. We got rid of that fifty years ago.”",false,false,['false'],1,True
"""We proudly handed the Biden administration the most secure border in history. All they had to do was keep this smooth-running system on autopilot.”",mostly-false,false,"['mostly-false', 'false', 'pants-fire']",3,True
"Says that the George W. Bush administration in 2005 revived a long-standing law when it ""decided to charge those that crossed the border with criminal violations, rather than civil ones.""",mostly-true,mostly-true,"['mostly-true', 'half-true']",2,True
"""Immigrants start businesses at a faster rate; they seem to grow those businesses more successfully.""",mostly-true,mostly-true,"['true', 'mostly-true']",2,True
"""Now in half the homes in California, people speak a language other than English in their own homes.""",mostly-false,mostly-true,"['mostly-true', 'half-true', 'mostly-false']",3,True
Says he was the only statewide elected official to speak in favor of a federal guest worker plan at the 2012 Republican Party of Texas convention.,true,true,"['true', 'mostly-true']",2,True
"“Less than three months ago, Kamala Harris and her administration blocked 300,000 unvetted Haitian migrants from being deported out of our country.""",mostly-false,false,"['mostly-false', 'false']",2,True
"""Washington Heidi supports sanctuary cities, where illegal immigrants can be released on our streets, like this criminal, who was let go and then sexually assaulted a child.""",mostly-false,mostly-false,"['mostly-false', 'false']",2,True
"Says if a Florida bill (HB 697) punishing sanctuary cities becomes law ""it will be the only law of its kind in the nation.""",mostly-true,true,"['true', 'mostly-true']",2,True
"Sen. Barbara Boxer ""voted against immigration reform to permit (Hispanic immigrants) people to come here legally to work.""",false,false,['false'],1,True
“More fentanyl has crossed the border in the last two months under Biden than in 2019 under Trump.”,mostly-true,mostly-false,"['mostly-true', 'half-true', 'mostly-false', 'false']",4,True
"""It is senior citizens, not Hispanics, who are the fastest-growing demographic in this country.""",mostly-false,false,"['true', 'mostly-true', 'half-true', 'mostly-false', 'false']",5,True
"Under the SAVE Act, “as long as you have a Real ID … it should be easy for you to register to vote.”",mostly-false,false,"['mostly-false', 'false']",2,True
"Says the United States loses ""250 Billion Dollars a year on illegal immigration, not including the terrible drug flow. Top Border Security, including a Wall, is $25 Billion. Pays for itself in two months.""",false,false,"['mostly-false', 'false', 'pants-fire']",3,True
"""89,000 children were separated from their parents under Obama"" and ""only 1,900 children have been separated under Trump.""",false,false,"['mostly-false', 'false']",2,True
"""The mayor said … 'if you happen to be in this country in an undocumented status . . . then we welcome you here.  We want you here.  We'll protect you here.' """,true,true,['true'],1,True
"Says Beto O’Rourke and Sen. Kirsten Gillibrand ""have both said they would tear down the wall if elected president.""",half-true,mostly-false,"['half-true', 'mostly-false', 'false']",3,True
"Says Joe Biden ""voted to expand deportations and indefinite detention for immigrants multiple times.""",half-true,mostly-true,"['true', 'mostly-true', 'half-true', 'mostly-false', 'false']",5,True
"It is estimated that Arizona ""has lost more than $100 million in hospitality industry revenues since passage of the Arizona immigration laws.""",half-true,half-true,['half-true'],1,True
"""Just on the issue of immigration alone, it is next to impossible to find a policy difference between (Donald) Trump and Congressman (Joe) Heck.""",false,mostly-true,"['true', 'mostly-true', 'half-true', 'mostly-false', 'false']",5,True
"Some 8.1 million of the estimated 11 million to 12 million people ""in this country illegally are working.""",mostly-true,mostly-true,"['mostly-true', 'half-true']",2,True
"The 2016 federal omnibus spending bill ""funds illegal immigrants coming in and through your border, right through Phoenix.""",pants-fire,false,"['mostly-false', 'false']",2,False
"""Border Patrol agents were caught on film destroying supplies left to help migrants""",mostly-true,true,"['true', 'mostly-true', 'half-true']",3,True
"""Romneycare covers abortion, illegal immigrants and has a public option. Obamacare does not.""",mostly-false,mostly-false,['mostly-false'],1,True
"Says a bill co-sponsored by Sen. Claire McCaskill ""would give a free pass to any illegal immigrant who brings a child to the border.""",false,false,"['mostly-false', 'false']",2,True
"""I’ve always supported protections for our DREAMers.""",false,false,"['half-true', 'mostly-false', 'false']",3,True
"""Nearly 180,000 illegal immigrants with criminal records, ordered deported from our country, are tonight roaming free to threaten peaceful citizens.""",mostly-true,mostly-true,"['true', 'mostly-true', 'half-true', 'mostly-false', 'false']",5,True
"""Democrats announce they will abolish ICE if they win 2020 election.""",false,false,['false'],1,True
Says Congress set aside $50 billion for the Secure Fence Act in 2006,false,false,['false'],1,True
"Donald Trump “deported less, believe it or not, than Barack Obama even did.""",true,mostly-true,"['true', 'mostly-true', 'half-true', 'mostly-false', 'false']",5,True
"""Law enforcement in the state of Arizona supports"" the state's new immigration law.",half-true,half-true,['half-true'],1,True
"""On the question on the DREAM Act, no -- no to granting lower tuition to illegals.""",false,false,"['mostly-false', 'false']",2,True
"Says Andrew Gillum ""wants to abolish ICE and doesn't believe in doing any type of immigration enforcement.""",half-true,mostly-false,"['mostly-true', 'half-true', 'mostly-false', 'false']",4,True
“California has six extra” congressional representatives “because illegals are counted” in the census.,mostly-false,false,"['mostly-false', 'false']",2,True
"Under current U.S. immigration policy, ""literally one person with a green card"" can, in the extreme, bring in more than 270 of his relatives.",false,false,['false'],1,True
Florida’s in-state college tuition waiver for immigrants in the country illegally costs the state $41 million.,mostly-false,false,"['mostly-true', 'half-true', 'mostly-false', 'false']",4,True
“You had the last two administrations deport twice as many people as we deported — twice as many.”,half-true,mostly-true,"['true', 'mostly-true', 'half-true']",3,True
"U.S. Sen. Sherrod Brown voted to “give illegals taxpayer funded stimulus checks, health care, even Social Security.""",false,false,"['mostly-false', 'false', 'pants-fire']",3,True
"""October 2013, Obama shut down the government for 16 days to force Obamacare.""",half-true,false,"['true', 'mostly-true', 'half-true', 'mostly-false', 'false']",5,True
"""Every single strawberry that is served to Members of Congress will have passed through the rough hands of an undocumented immigrant.""",half-true,mostly-false,"['true', 'mostly-true', 'half-true', 'mostly-false', 'false']",5,True
"Says presidential candidate Sen. Kirsten Gillibrand said, ""Social Security must (be) expanded to illegal immigration, it’s their right.""",false,false,"['mostly-false', 'false']",2,True
"""I never said that"" Marco Rubio was Mark Zuckerberg’s personal senator.",pants-fire,false,"['mostly-false', 'false']",2,False
"""Tear gas was used on average once a month during the Obama administration for very similar circumstances.""",mostly-true,mostly-true,"['true', 'mostly-true', 'half-true']",3,True
"The United States is at ""historic record highs"" of individuals being apprehended on the border from countries with terrorist ties such as ""Pakistan or Afghanistan or Syria.""",pants-fire,false,"['mostly-false', 'false']",2,False
"""In Mexico, they don't have birth certificates... they don’t have registration cards for voters. They have one national ID.""",false,false,['false'],1,True
Sen. Mark Kelly voted “for benefits to illegals.”,false,false,"['mostly-false', 'false']",2,True
"""There are at least three sectors of the border, one in particular, that are just completely insecure.""",mostly-false,mostly-false,"['mostly-true', 'half-true', 'mostly-false', 'false']",4,True
"""We’re the only nation in the world that does not use the military to secure our border.""",pants-fire,false,"['true', 'mostly-true', 'half-true', 'mostly-false', 'false']",5,False
"""President-elect Trump's immigration policies are very similar to policies that are sitting right in the Senate and the House today to temporarily suspend immigration from countries that harbor terrorism, to temporarily suspend immigration from Syria until we get better vetting.""",mostly-true,mostly-true,"['true', 'mostly-true', 'half-true', 'mostly-false', 'false']",5,True
"Says ICE and border patrol officers ""unanimously endorsed me for president.""",mostly-false,false,"['mostly-false', 'false']",2,True
"""American families work hard to earn $4,250 a month. Obama is spending $18,972 a month on each illegal immigrant child.""",mostly-false,false,"['mostly-false', 'false', 'pants-fire']",3,True
"Says U.S. Rep. Dan Lipinski “voted against the DREAM Act, supports separating families and banning Muslims.”",mostly-false,mostly-true,"['true', 'mostly-true', 'half-true', 'mostly-false', 'false']",5,True
"""Under Mayor Cicilline, [Providence] was a sanctuary city.""",false,mostly-true,"['true', 'mostly-true', 'half-true', 'mostly-false', 'false']",5,True
"Says there are ""2,000 inadmissible migrants arriving every day""",half-true,mostly-true,"['true', 'mostly-true', 'half-true', 'mostly-false', 'false']",5,True
"""This administration and this Congress have been systematically cutting funding to border security since the Democrats took control.""",false,false,['false'],1,True
"Says the Democratic presidential candidates ""support giving illegal immigrants free health care at our expense.""",mostly-false,mostly-false,"['mostly-false', 'false']",2,True
"Says Mexico doesn't have birthright citizenship, and Americans are the ""only ones"" to have it.",false,false,"['mostly-false', 'false']",2,True
"The Kerr County, Texas, sheriff “said he would apply for a green card for the Mexican rescue team that saved his family.”",false,false,['false'],1,True
"""Joe Biden's wide open southern border"" is to blame for fentanyl deaths in the U.S.",false,false,"['mostly-false', 'false']",2,True
McCain opposed the border fence.,false,false,['false'],1,True
"The government gave $3,500 debit cards to immigrants while giving only $750 to Hurricane Helene victims.",false,false,['false'],1,True
"""We're experiencing a net outflow of illegal, undocumented workers from America back to Mexico.""",true,true,['true'],1,True
"""Bill White ...offered sanctuary to illegal immigrants.""",false,false,['false'],1,True
"Says the Security Against Foreign Enemies Act of 2015 would not ""pause"" the resettlement of Syrian refugees in the United States.",half-true,true,"['true', 'mostly-true', 'half-true', 'false']",4,True
Joe Biden intentionally “let it fall apart” in Afghanistan because he “wants a couple hundred thousand more Ilhan Omars to come into America to change the body politic permanently.”,pants-fire,false,"['false', 'pants-fire']",2,True
"""Nearly 200,000 Florida voters may not be citizens.""",false,false,"['mostly-false', 'false']",2,True
"The United States does ""not have a system through which growers and dairies can bring a workforce legally into the U.S.""",mostly-false,false,"['mostly-true', 'half-true', 'mostly-false', 'false']",4,True
"In 2008, Maggie Hassan voted against legislation to ""prevent sanctuary cities in New Hampshire.""",mostly-true,true,"['true', 'mostly-true', 'half-true', 'mostly-false', 'false']",5,True
"""If you're from Guatemala and you are found illegally in Mexico, you are automatically jailed.""",false,false,['false'],1,True
"""In the last 15 years, we've witnessed a dramatic expansion in the jailing of immigrants, from about 70,000 people detained annually to about 400,000.""",true,true,['true'],1,True
"Sanctuary jurisdictions ""violate the laws of our nation.""",mostly-false,false,"['mostly-true', 'half-true', 'mostly-false', 'false']",4,True
"""When I became governor, we banned sanctuary cities and we also did E-Verify.""",mostly-true,mostly-true,"['true', 'mostly-true', 'half-true', 'mostly-false', 'false']",5,True
"Thirty percent of U.S. medical residents are international medical graduates, and 10,000 of 43,000 residency spots are filled by H-1B visa holders.",half-true,mostly-true,"['mostly-true', 'half-true', 'mostly-false', 'false']",4,True
Rep. Elissa Slotkin “voted recently to let illegals vote in U.S. elections.”,false,false,['false'],1,True
“Fewer people came in under President Biden than came under Donald Trump.”,false,false,"['mostly-false', 'false']",2,True
"On immigration, ""the president said 22 times, 22 times, that he couldn't do what he eventually did.""",mostly-true,false,"['true', 'mostly-true', 'half-true', 'mostly-false', 'false']",5,True
"U.S. Rep. Ilhan Omar is ""facing 40 years in prison and deportation after seven new crimes uncovered.""",false,false,['false'],1,True
Says the Obama administration catches and releases nonviolent illegal immigrants.,half-true,mostly-false,"['mostly-true', 'half-true', 'mostly-false', 'false']",4,True
"""Donald Trump says he'd deport 16 million people.""",half-true,mostly-false,"['mostly-false', 'false']",2,False
"Says Hillary Clinton once ""supported a border wall until she ran for president in 2016.""",half-true,false,"['mostly-true', 'half-true', 'mostly-false', 'false']",4,True
Georgia crackdown on illegal immigration costs state farmers $400 million last year.,mostly-false,mostly-false,['mostly-false'],1,True
The Biden administration seeks to end voter ID requirements to allow immigrants in the country illegally to vote.,false,false,"['mostly-false', 'false']",2,True
"Says Hillary Clinton ""wants to let people just pour in. You could have 650 million people pour in and we do nothing about it. Think of it. That’s what could happen. You triple the size of our country in one week.""",pants-fire,pants-fire,"['false', 'pants-fire']",2,True
"At ""least a quarter of those apprehended"" at the border ""have criminal records.""",false,false,"['mostly-true', 'half-true', 'mostly-false', 'false']",4,True
"""Gov. Romney was very clear, he would veto the DREAM Act.""",true,mostly-true,"['true', 'mostly-true', 'half-true', 'mostly-false', 'false']",5,True
"The children coming across the southern U.S. border ""were never examined after they got here and quarantined if they had a disease. They were just sent out across the country. Many of them had measles ... We now have an outbreak of it all because of our immigration policy.""",pants-fire,false,"['mostly-false', 'false']",2,False
Nine Americans died from a listeria outbreak after Boar’s Head brand meat prioritized hiring “refugees” in Virginia.,false,false,['false'],1,True
"As California's Insurance Commissioner, ""Steve Poizner pledged to block immigrant children from ever getting MediCal health insurance.""",half-true,false,"['half-true', 'mostly-false', 'false']",3,True
"Says GOP Congressional candidate Scott Jones ""wants to build a wall. He wants to round people up and deport folks.""",half-true,mostly-false,"['mostly-true', 'half-true', 'mostly-false', 'false']",4,True
"Says most illegal immigrants draw ""welfare benefits, they’re sending their kids to school, they’re using the public services.""",half-true,mostly-false,"['mostly-true', 'half-true', 'mostly-false', 'false']",4,True
“Ron DeSantis voted against the wall.”,mostly-false,mostly-false,"['mostly-true', 'half-true', 'mostly-false', 'false']",4,True
"""I spend a lot of time in Iowa, and believe it or not, in Ottumwa, Iowa, this is the heartland, the newspaper, the regular newspaper for Ottumwa, Iowa, is (a) bilingual newspaper.""",false,false,['false'],1,True
"""There's one (study) that came out of Pew in 2008 that showed 14 percent of people who voted were noncitizens.""",false,false,"['mostly-false', 'false']",2,True
"The Biden administration “halted deportations for all illegal aliens — murderers, rapists, terrorists, MS-13 gang members are not being deported.""",false,false,"['mostly-false', 'false']",2,True
"""In Congress, (Patrick) Morrisey wrote the health care law giving free health care to illegals.""",mostly-false,mostly-false,"['mostly-false', 'false']",2,True
President Joe Biden is paying rent for immigrants illegally in the country.,false,false,['false'],1,True
