statement,true_verdict,predicted_verdict,prediction_set,set_size,is_covered
"""Over 60 percent of the provisional ballots cast in [the 2012] election were disqualified because those folks were not duly registered as voters.""",half-true,false,"['mostly-false', 'false']",2,False
Says President Joe Biden said that Democrats should not vote in the New Hampshire primary.,pants-fire,false,"['false', 'pants-fire']",2,True
"“Maricopa County announced that on Election Day over 540,000 voters visited one of the 223” vote centers, but final official results data claimed that “only 248,070 people voted.”",false,false,"['half-true', 'mostly-false', 'false', 'pants-fire']",4,True
"Russia’s interference in the 2016 election amounted to ""a couple of Facebook ads.""",pants-fire,false,"['false', 'pants-fire']",2,True
Wisconsin law says all recall petition signers must sign in the presence of another person.,false,false,['false'],1,True
"Says J.D. Vance said, “People who voted for Trump voted for him for racist reasons.”",false,false,"['half-true', 'mostly-false', 'false', 'pants-fire']",4,True
"In the Georgia House district that hosted a special election on June 20, ""Trump won by 20+ points.""",false,false,"['mostly-false', 'false']",2,True
"""Nothing in the Constitution explicitly guarantees our right to vote.""",true,false,"['true', 'mostly-false', 'false']",3,True
Mike Rogers supported “laws that could eliminate IVF and birth control.”,half-true,false,"['half-true', 'mostly-false', 'false', 'pants-fire']",4,True
"Says Rep. Steve Stockman ""basically wants gun-filled zones in schools.""",true,false,"['half-true', 'mostly-false', 'false', 'pants-fire']",4,False
"""Breaking: woman says she was offered big money by Washington Post to accuse Roy Moore of misconduct.""",pants-fire,false,"['false', 'pants-fire']",2,True
"""Let me say that I don't think (Bernie Sanders has) had a single negative ad ever run against him.""",false,false,"['half-true', 'mostly-false', 'false', 'pants-fire']",4,True
"“So this is just a way they’re trying to steal the election, and everybody knows that. Because the only way they’re going to win is by a rigged election.”",pants-fire,false,"['mostly-false', 'false', 'pants-fire']",3,True
"Joe Biden “is letting millions of people from jails, from prisons, from insane asylums, from mental institutions, drug dealers pour in.”",pants-fire,false,"['mostly-false', 'false', 'pants-fire']",3,True
Police report shows “massive 2020 voter fraud uncovered in Michigan.”,false,false,"['mostly-false', 'false', 'pants-fire']",3,True
“80% of the people” want the option of vote by mail,half-true,mostly-true,"['true', 'mostly-true', 'half-true', 'mostly-false', 'false']",5,True
"Voters in Maricopa County, Ariz., were forced to vote using Sharpie pens that aren’t read by voting machines.",false,false,"['mostly-false', 'false', 'pants-fire']",3,True
U.S. tax dollars sent to help Ukraine were laundered back by cryptocurrency firm FTX to help Democrats in midterms.,false,false,"['mostly-false', 'false', 'pants-fire']",3,True
Says Republican Sen. John McCain won more votes for president in Cuyahoga County in the 2008 general election than he did in seven states.,true,true,"['true', 'false']",2,True
"Google and Apple maps won’t give directions to Washington, D.C. because “they don’t want you going to a certain big rally.”",mostly-false,false,"['mostly-false', 'false']",2,True
"""Ballot dumps"" in Pennsylvania, California, North Carolina, Alaska and Wisconsin show election officials are improperly “flipping"" down-ballot seats for Democrats.",pants-fire,false,"['mostly-false', 'false', 'pants-fire']",3,True
20 million Democratic votes “disappeared” in 2024.,pants-fire,false,"['false', 'pants-fire']",2,True
"""In the history of Republican primaries, I’ve gotten the most votes in the history of the Republican party.""",false,false,"['mostly-false', 'false', 'pants-fire']",3,True
"If Missouri Amendment 1 passes, the auditor's office ""could take one district, St. Louis here, and merge it with a district in southwest Missouri, a Republican district, and they don't even have to touch.""",mostly-false,false,"['mostly-true', 'half-true', 'mostly-false', 'false', 'pants-fire']",5,True
"""In Texas, there are 668 Democratic Hispanic elected officials to the 60 in the Republican Party.""",mostly-true,false,"['true', 'mostly-true', 'half-true', 'mostly-false', 'false', 'pants-fire']",6,True
"Says Marshall Tuck ""is backed by Donald Trump’s education advisor"" pictured as Betsy DeVos.",false,false,"['mostly-false', 'false', 'pants-fire']",3,True
"""The State Election Board has issued nearly $275,000 in fines to violators of absentee ballot laws.""",true,true,['true'],1,True
"Virginia Democrats recently enforced voter ID rules that were ""considerably more stringent than those contained in the state law they denounce.""",half-true,false,"['mostly-true', 'half-true', 'mostly-false', 'false', 'pants-fire']",5,True
“The millions (of immigrants) that have been paroled can simply go to their local welfare office or the DMV and register to vote.”,false,false,"['mostly-false', 'false', 'pants-fire']",3,True
"“America has 133 million registered voters,” but “159 million votes” were cast in the 2020 presidential election.",false,false,"['false', 'pants-fire']",2,True
The Republican tax and spending bill will let President Donald Trump “delay or cancel elections — legally.”,false,false,"['false', 'pants-fire']",2,True
"""The Russian state has never interfered ... into internal American affairs including election process.""",pants-fire,false,"['false', 'pants-fire']",2,True
"""One in 13 Black Americans are deprived of the right to vote.""",half-true,false,"['mostly-true', 'half-true', 'mostly-false', 'false']",4,True
"Discussing gender-affirming surgical care for minors, said that Sweden “shut it down.”",half-true,false,"['mostly-false', 'false', 'pants-fire']",3,False
"""We are coming up on our 40th anniversary of electing a Republican to the United States Senate. 1972 was the last time New Jersey sent a Republican to the United States Senate.""",true,false,"['mostly-false', 'false']",2,False
"""The McCain campaign is roughly in the position where Vice President Gore was running against President Bush one week before the election of 2000.""",false,false,"['false', 'pants-fire']",2,True
"""Democrats have forced a special election""",false,false,"['half-true', 'mostly-false', 'false', 'pants-fire']",4,True
"If Texas says, “‘We don’t want to be part of America anymore’ … that’s their decision to make.”",false,false,"['mostly-false', 'false', 'pants-fire']",3,True
Vice President Kamala Harris “is a communist. … She is really a Marxist.”,pants-fire,false,"['mostly-false', 'false', 'pants-fire']",3,True
“22 states will not be certifying the (2024) election.”,false,false,"['false', 'pants-fire']",2,True
Former President Jimmy Carter said “don’t ever use” mail in ballots because “they can be so easily corrupted.”,false,false,"['mostly-false', 'false', 'pants-fire']",3,True
"“When asked about court-packing, Biden's staff immediately escorts the camera out.”",false,false,"['mostly-false', 'false', 'pants-fire']",3,True
"""Democrats have now become the party of the [Atlanta] metro area and of blacks.""",mostly-true,false,"['mostly-true', 'half-true', 'mostly-false', 'false']",4,True
Says Tony Evers is “a career politician.”,mostly-false,false,"['half-true', 'mostly-false', 'false', 'pants-fire']",4,True
"North Carolina has ""the strictest anti-gerrymandering standards in the entire country.""",false,false,"['half-true', 'mostly-false', 'false', 'pants-fire']",4,True
"""Limberbutt McCubbins (a five-year-old cat) is a candidate"" in the 2016 presidential election.",half-true,false,"['mostly-false', 'false', 'pants-fire']",3,False
“The state of Washington has already sent out their ballots” for the 2024 presidential election.,false,false,"['mostly-false', 'false']",2,True
"Says Chuck Schumer said ""it’s racist to only allow citizens to vote.""",false,false,"['false', 'pants-fire']",2,True
"""The Republican who was just elected governor of the great state of Florida paid his campaign staffers, not with money, but with American Express gift cards.""",half-true,false,"['true', 'mostly-true', 'half-true', 'mostly-false', 'false', 'pants-fire']",6,True
"“40,000+ votes for Libertarian candidate Jo Jorgensen magically become votes for Joe Biden.”",false,false,"['mostly-false', 'false', 'pants-fire']",3,True
"California Gov. Gavin Newsom “just let 76,000 inmates out of jail.""",false,false,"['mostly-false', 'false']",2,True
"Says Donald Trump has ""given more money to Democratic candidates than Republican candidates.""",mostly-false,false,"['half-true', 'mostly-false', 'false', 'pants-fire']",4,True
"Kamala Harris ""proclaimed she would not accept the outcome of the election and has a team of lawyers ready to overturn them""",false,false,"['mostly-false', 'false', 'pants-fire']",3,True
"If Joe Biden can’t serve his full term, Kamala Harris “cannot by constitutional law become president.”",false,false,['false'],1,True
"""Daniel Webster said he's out. Now he says he's in.""",true,true,"['true', 'false']",2,True
“This is the third time we’ve won but this is the biggest win” in Iowa caucus.,false,false,['false'],1,True
"""Sherrod Brown and his special interest allies in Washington are plotting to spend over $13 million"" to defeat Josh Mandel.",half-true,half-true,"['mostly-true', 'half-true', 'mostly-false', 'false']",4,True
"Says he posted a ""win"" in the Republican Party of Wisconsin endorsement contest in the U.S. Senate primary.",mostly-true,mostly-true,"['true', 'mostly-true', 'half-true']",3,True
"Says ""we’re losing one voter every 13 minutes.""",mostly-true,mostly-true,"['true', 'mostly-true', 'half-true', 'mostly-false', 'false']",5,True
Says left-wing activist John Sullivan “incited (the) insurgence of (the) US Capitol.”,mostly-false,false,"['mostly-false', 'false', 'pants-fire']",3,True
"The election bill ""allows persons to correct an absentee ballot if they did not sign it and requires an extra two hours a day for early voting. Everything else in this bill is discretionary.""",half-true,half-true,"['true', 'mostly-true', 'half-true', 'mostly-false', 'false', 'pants-fire']",6,True
A spy plane was circling the building of the Arizona election audit.,pants-fire,false,"['false', 'pants-fire']",2,True
"“About 400,000 manufacturing jobs in the state of Michigan will go away with EV mandates.”",false,false,"['mostly-false', 'false', 'pants-fire']",3,True
"""You've got a medical report on me that meets the same standard as Mitt Romney and Barack Obama.""",mostly-true,mostly-true,"['true', 'mostly-true', 'half-true', 'mostly-false', 'false', 'pants-fire']",6,True
"California Republican gubernatorial hopeful Meg Whitman ""contributed to, and campaigned, for"" Democratic Sen. Barbara Boxer.",mostly-true,mostly-true,"['mostly-true', 'half-true', 'mostly-false', 'false']",4,True
“Paper ballots and hand counting never breaks down.”,false,false,"['mostly-false', 'false', 'pants-fire']",3,True
"""Right now, I’m polling at about 8 percent"" against Barack Obama and Mitt Romney.",mostly-false,false,"['mostly-true', 'half-true', 'mostly-false', 'false']",4,True
"""I was the first elected Republican in Williamson County history.""",half-true,false,"['mostly-false', 'false']",2,False
David Perdue did not support the 2014 farm bill that U.S. Sens. Isakson and Chambliss did.,mostly-true,false,"['true', 'mostly-true', 'half-true', 'mostly-false', 'false']",5,True
Valid IDs are not required for voting.,mostly-false,false,"['mostly-false', 'false']",2,True
"Vice President Kamala Harris responded, “Next question please,” when asked about the economy during an Aug. 29 CNN interview.",pants-fire,false,"['true', 'false', 'pants-fire']",3,True
"""In many places, like California, the same person votes many times. You probably heard about that. They always like to say 'oh that's a conspiracy theory.' Not a conspiracy theory, folks. Millions and millions of people.""",pants-fire,false,"['mostly-false', 'false', 'pants-fire']",3,True
"Says Russ Feingold ""wanted to get money out of politics. Now he's profiting from that same dark money.""",half-true,false,"['half-true', 'mostly-false', 'false', 'pants-fire']",4,True
"Missouri ""had the largest amount of millennial Democrats running than any other state in the country.""",true,false,"['mostly-true', 'half-true', 'mostly-false', 'false', 'pants-fire']",5,False
"Says Leah Vukmir said: ""I’m not endorsing Donald Trump.""",false,false,"['mostly-false', 'false', 'pants-fire']",3,True
The U.S. military seized servers in Germany tied to Dominion Election Systems.,pants-fire,false,"['false', 'pants-fire']",2,True
"With voting machines, ""They say we're going to have the results in two weeks. With paper ballots, you have the results that night.""",false,false,"['mostly-false', 'false', 'pants-fire']",3,True
"Says Milwaukee County Executive Chris Abele ""eliminated"" sheriff’s office funding for providing security for presidential and presidential campaign visits.",half-true,false,"['true', 'mostly-true', 'half-true', 'mostly-false', 'false']",5,True
Says a ballot can be emailed to Wisconsin voters even a day before the election.,false,false,"['mostly-false', 'false', 'pants-fire']",3,True
"""There are no rules governing"" the 2016 Republican convention, ""the rules have not been set.""",mostly-true,mostly-true,"['true', 'mostly-true', 'half-true', 'mostly-false', 'false']",5,True
"Republicans offered Wisconsin bar patrons ""free shots (of alcohol) to sign recall petitions against"" Democrats.",mostly-false,false,"['half-true', 'mostly-false', 'false', 'pants-fire']",4,True
"St. Pete Beach's local version of Amendment 4 resulted in ""seemingly endless lawsuits (that) decimated the city's legal budget and forced the city to raise the property tax rate.""",half-true,half-true,"['mostly-true', 'half-true', 'mostly-false', 'false']",4,True
"The probability of Biden winning in Wisconsin, Georgia, Michigan and Pennsylvania “given President Trump’s early lead ... is less than one in a quadrillion” in each state.",pants-fire,false,"['mostly-false', 'false', 'pants-fire']",3,True
Arizona midterm election was unlawful because the lab used to certify voting machines was not accredited.,false,false,"['mostly-false', 'false', 'pants-fire']",3,True
“That’s why they are allowing these people to come in — people that don’t speak our language — they are signing them up to vote.”,pants-fire,false,"['mostly-false', 'false', 'pants-fire']",3,True
"""The latest with the Durham report is that the Clinton campaign … actually spied on the president of the United States.”",false,false,"['mostly-false', 'false', 'pants-fire']",3,True
"In 2008, ""only 54 percent of Latinos in Texas were registered to vote and only 35 percent actually turned out.""",mostly-true,false,"['true', 'mostly-true', 'half-true', 'mostly-false', 'false', 'pants-fire']",6,True
"CBS News and “60 Minutes” “replaced” former Vice President Kamala Harris’ interview answers “with completely different, and far better, answers, taken from another part of the interview.”",false,false,"['mostly-false', 'false', 'pants-fire']",3,True
"“The cheat has begun” because “Michigan, Georgia and Pennsylvania have officially announced that they will not have election results available on election night.”",false,false,"['false', 'pants-fire']",2,True
"Says ""Donald Trump was doing a rally in the state of Florida"" the day Trump's son and others met with a Russian lawyer in New York.",false,false,"['mostly-false', 'false', 'pants-fire']",3,True
"Says he won the second debate with Hillary Clinton ""in a landslide"" in ""every poll.""",pants-fire,false,"['false', 'pants-fire']",2,True
U.S. Sen. Sherrod Brown “supported allowing puberty blockers and sex-change surgeries for minor children.”,mostly-false,false,"['half-true', 'mostly-false', 'false', 'pants-fire']",4,True
“It has just come out that Democrats in Washington and the Democrat Governor’s Office of North Carolina (Roy Cooper) were blocking people and money from coming into North Carolina.”,pants-fire,false,"['mostly-false', 'false', 'pants-fire']",3,True
"""Every time we put a ballot issue on, it costs a million dollars.""",half-true,false,"['half-true', 'mostly-false', 'false']",3,True
"Says Houston’s 18th  congressional district has been ""gentrified"" and is home to ""more Anglos  than African Americans.""",false,false,"['mostly-false', 'false', 'pants-fire']",3,True
"U.S. Sen. Sherrod Brown voted to “give illegals taxpayer funded stimulus checks, health care, even Social Security.""",false,false,"['mostly-false', 'false', 'pants-fire']",3,True
"“[Steve] Bullock’s health care plan will force rural hospitals to close. Medicare as we know it will change, replaced by a government-run program with fewer doctors and longer wait times.”",false,false,"['half-true', 'mostly-false', 'false', 'pants-fire']",4,True
"""We have a tax code that allows groups to use their political operations within the tax code, under the guise of a charity, to use undisclosed millions of dollars to do political campaigns.""",mostly-true,false,"['true', 'mostly-true', 'half-true', 'mostly-false', 'false', 'pants-fire']",6,True
"“A STOLEN ELECTION: State totals minus illegal ballot trafficking numbers give President Trump decisive victories in AZ, GA, MI, PA, and WI.”",false,false,"['false', 'pants-fire']",2,True
"“In Arizona, we have flood the zone with fake ballots.”",pants-fire,false,"['mostly-false', 'false', 'pants-fire']",3,True
"Says under Wisconsin law, he cannot remove his name from the ballot for re-election to Congress.",true,true,['true'],1,True
"Steve Poizner ""increased his department's budget nearly 14 percent.""",false,false,"['false', 'pants-fire']",2,True
Democrats “are trying to ban voter ID.”,mostly-false,false,"['mostly-false', 'false', 'pants-fire']",3,True
"State Rep. Elena Parent ""supported Governor Nathan Deal’s plan to slash the HOPE scholarship.""",false,false,"['mostly-false', 'false', 'pants-fire']",3,True
Says President Barack Obama's parents were communists.,false,false,"['false', 'pants-fire']",2,True
"Says U.S. Sen. Tammy Baldwin ""believes taxpayer dollars should be used for abortion.""",half-true,false,"['mostly-false', 'false', 'pants-fire']",3,False
"""We have my opponent Sam Olens to thank for [the Arizona immigration ruling] since he was on the team that got Clinton elected.""",pants-fire,false,"['half-true', 'mostly-false', 'false', 'pants-fire']",4,True
"""Jeff Greene can buy anything"" ...  he owns two mansions.",true,true,"['true', 'false']",2,True
The Commission on Presidential Debates wrote a letter after the 2016 presidential debates apologizing to Donald Trump.,false,false,"['mostly-false', 'false', 'pants-fire']",3,True
"""We’re the only advanced democracy in the world that makes it harder for people to vote.""",half-true,false,"['true', 'half-true', 'mostly-false', 'false', 'pants-fire']",5,True
"""The higher the education level, the more likely they are to vote Democratic.""",mostly-true,true,"['true', 'mostly-true', 'half-true', 'mostly-false', 'false']",5,True
Says Tommy Tuberville “is for privatizing Social Security and cutting Medicare.”,half-true,false,"['mostly-true', 'half-true', 'mostly-false', 'false', 'pants-fire']",5,True
"Says Doug Jones ""is for full-term abortion.""",false,false,"['half-true', 'mostly-false', 'false', 'pants-fire']",4,True
"""You could lose your rights for life over something as simple as driving with a suspended license"" in Florida.",mostly-true,false,"['true', 'mostly-true', 'half-true', 'mostly-false', 'false', 'pants-fire']",6,True
"“As a lawyer working in Korea, Nate McMurray helped send American jobs to Asia”",false,false,"['half-true', 'mostly-false', 'false', 'pants-fire']",4,True
"“Kamala cast the tiebreaking vote to hire 87,000 new IRS agents to go after your tip income.”",false,false,"['half-true', 'mostly-false', 'false', 'pants-fire']",4,True
Republican Senate candidate Sam Brown “wants to cut Medicaid and Social Security.”,half-true,false,"['mostly-false', 'false', 'pants-fire']",3,False
Says Joe Biden said “dozens of police were killed” during the Jan. 6 attack on the U.S. Capitol but “exactly zero people” died that day.,pants-fire,false,['false'],1,False
“They want to make our Army tanks all electric.”,false,false,"['mostly-false', 'false']",2,True
"“Finally, a judge has ruled Dominion voting machines were designed to create fraud.”",false,false,['false'],1,True
Says he can be on the ballot for Congress while serving time in jail.,mostly-true,true,"['true', 'mostly-false', 'false']",3,False
"Sherrod Brown’s approval rating ""has plummeted to 38 percent among Ohio voters"" in a poll by a Democratic pollster.",mostly-true,false,"['true', 'mostly-true', 'half-true', 'mostly-false', 'false', 'pants-fire']",6,True
"“Every single county in America, every single county, Kamala Harris did worse than Joe Biden did.”",false,false,"['mostly-false', 'false', 'pants-fire']",3,True
"""Our race was the closest U.S. Senate race in Ohio in 36 years -- when Howard Metzenbaum defeated Robert Taft in 1976.""",true,true,"['true', 'false']",2,True
"Rep. Alexandria Ocasio-Cortez “faces 5 Years in Jail For FEC Crimes.""",false,false,"['false', 'pants-fire']",2,True
"As of July 23, 2024, “Trump has announced he won’t debate Kamala Harris.”",false,false,"['true', 'false', 'pants-fire']",3,True
“Fox News went from 97% reporting to 94% in Virginia. The fraud is so blatant it's not funny anymore.”,false,false,"['false', 'pants-fire']",2,True
"Gov. Terry McAuliffe ""has made several statements that he would love to be in a Cabinet secretary position with the Clinton administration.""",false,false,"['half-true', 'mostly-false', 'false', 'pants-fire']",4,True
"""Over 1,000 people were denied a ballot on Election Day"" in the 2016 North Carolina primaries.",half-true,false,"['true', 'mostly-true', 'half-true', 'mostly-false', 'false', 'pants-fire']",6,True
Second lady Usha Vance “will have her citizenship revoked if (President Donald) Trump signs his executive order banning birthright citizenship.”,false,false,"['mostly-false', 'false']",2,True
"""When Josh Mandel claims to have accepted three debates with Sen. Sherrod Brown, he is lying. He has accepted ZERO proposed debates.""",pants-fire,false,"['true', 'mostly-true', 'false', 'pants-fire']",4,True
"A poll worker in Erie County, Pa., threw out over 100 ballots for Donald Trump.",false,false,"['false', 'pants-fire']",2,True
Joe Biden told West Point graduates that “he is not planning to accept the results of the 2024 election” and he wants them to “stand back and stand by” to ensure Donald J. Trump doesn’t win.,false,false,"['false', 'pants-fire']",2,True
Project 2025 would defund K-12 schools.,half-true,false,"['half-true', 'mostly-false', 'false', 'pants-fire']",4,True
"""In order to be a poll worker on the conservative side, you have to register through the Republican Party of Wisconsin.""",mostly-true,false,"['mostly-false', 'false', 'pants-fire']",3,False
The 2020 election “was stolen from Donald J. Trump.”,pants-fire,false,['false'],1,False
"“As soon as I endorsed (Supreme Court Justice Daniel Kelly), the Wisconsin Democrats said, let’s move the election to two months later.”",pants-fire,false,"['mostly-false', 'false', 'pants-fire']",3,True
"Between 27,000 and 200,000 Wisconsinites were ""turned away"" from the polls in 2016 due to lack of proper identification.",pants-fire,false,"['mostly-false', 'false', 'pants-fire']",3,True
Gov. Tim Walz insulted Ann Coulter’s romantic history after she called his son “weird.”,false,false,['false'],1,True
"Taylor Swift was photographed holding a “Trump won, Democrats cheated!” flag at the Grammy Awards.",pants-fire,false,"['false', 'pants-fire']",2,True
"""Since 2000, when he entered politics, Jon Husted has been on the ballot six times for three different political offices.""",true,true,['true'],1,True
"""The turnout on May 14th was just 7 percent -- the lowest turnout in decades.""",mostly-true,mostly-false,"['mostly-true', 'half-true', 'mostly-false', 'false']",4,True
"In the 2018 Florida governor's race ""votes were being stolen by the corrupt election process in Broward. … I sent in the FBI and the U.S. Attorneys, and the ballot theft immediately ended. … I stopped his Election from being stolen.""",pants-fire,false,"['mostly-false', 'false', 'pants-fire']",3,True
"The U.S. Justice Department has ""taken on more than 100 voting rights cases since 2009.""",half-true,true,"['true', 'mostly-true', 'half-true', 'mostly-false', 'false']",5,True
Douglass Mackey was convicted “because he made a meme in the 2016 election.”,mostly-false,false,"['mostly-false', 'false', 'pants-fire']",3,True
"We’ve broken ""by millions"" the all-time record for votes in a GOP presidential primary election.",false,false,"['mostly-false', 'false', 'pants-fire']",3,True
"""Nate McMurray wants to reward illegals with amnesty.""",mostly-false,false,"['mostly-false', 'false', 'pants-fire']",3,True
''I have received more contributions than any other candidate in the race – Republican or Democrat.'',false,false,"['mostly-false', 'false']",2,True
"Says Austin voters can approve seven bond propositions ""without raising taxes.""",half-true,false,"['true', 'mostly-true', 'half-true', 'mostly-false', 'false', 'pants-fire']",6,True
Florida’s Amendment 3 is “the monopoly amendment.”,false,false,"['half-true', 'mostly-false', 'false', 'pants-fire']",4,True
"In 20 years ""there will be enough Muslim voters in the U.S. to elect the president.""",false,false,['false'],1,True
"""Ted Cruz is mathematically out of winning the race.""",mostly-true,false,"['mostly-false', 'false']",2,False
"Republicans in Nevada found “at least 3,062 instances of voter fraud. ... Thousands of individuals have been identified who appear to have violated the law by casting ballots after they moved from NV.""",false,false,"['mostly-false', 'false', 'pants-fire']",3,True
“North Carolina has the longest voting period in the country … and we have the most ways of voting.”,half-true,false,"['true', 'mostly-true', 'half-true', 'mostly-false', 'false', 'pants-fire']",6,True
"St. Pete Beach's experiences are a ""fair example"" of what could happen if Amendment 4 passes.",half-true,false,"['half-true', 'mostly-false', 'false', 'pants-fire']",4,True
Kamala Harris wants people to stop saying “Merry Christmas.”,false,false,"['mostly-false', 'false']",2,True
A “dead man on the ballot” is evidence the Democrats cheated in the election.,false,false,"['mostly-false', 'false', 'pants-fire']",3,True
"""The White House fully cooperated with the Special Counsel’s investigation.""",false,false,"['mostly-false', 'false']",2,True
"""I'm the only candidate in the Democratic primary, or actually on either side, who Wall Street financiers and hedge fund managers are actually running ads against.""",pants-fire,false,"['mostly-false', 'false']",2,False
"""Red Alert: Major Signs of Voter Fraud Uncovered In Ohio.""",mostly-false,false,"['mostly-false', 'false', 'pants-fire']",3,True
Rhode Island voters are moving away from the Democratic party to  non-affiliation,false,false,"['mostly-false', 'false', 'pants-fire']",3,True
"Says Donald Trump is ""the first person running for president, Republican or Democrat, who refused to say that he would respect the results of this election.""",mostly-true,false,"['true', 'mostly-false', 'false', 'pants-fire']",4,False
"Says Democrats ""blocked the Iowa poll"" and ""blocked the Iowa caucus.""",false,false,"['half-true', 'mostly-false', 'false', 'pants-fire']",4,True
Suggests that “since mostly Democrats vote early” then that represents “made-up ballots or dead people voting.”,false,false,"['mostly-false', 'false']",2,True
“We are now the only country in the world that uses mail-in voting.”,false,false,"['false', 'pants-fire']",2,True
"Says people who signed recall petitions against Wisconsin state Sen. Jim Holperin received ""harassing phone calls from out-of-state telemarketers claiming to represent the Democratic Party and insinuating foul play by petition circulators.""",true,true,"['true', 'false']",2,True
"Democrats have also used alternate slates of electors ""repeatedly in all kinds of different states.""",false,false,"['mostly-false', 'false', 'pants-fire']",3,True
"Donald Trump’s letter to Joe Biden said, “You know I won.”",false,false,"['false', 'pants-fire']",2,True
"""There are ‘sore loser’ laws that would bar Luther Strange from pursuing a seat"" because he already lost the Alabama Republican Senate runoff to Roy Moore.",false,false,"['true', 'mostly-true', 'half-true', 'mostly-false', 'false', 'pants-fire']",6,True
"Of Gaza, “I’ve been there.”",false,false,"['false', 'pants-fire']",2,True
"Brian Kemp ""dismissed concerns about voter fraud in the 2020 election"" and ""widespread illegal ballot harvesting continued, electing two Democrat senators.""",false,false,"['mostly-false', 'false', 'pants-fire']",3,True
Says Republican leaders “are working hard to cover up election corruption in Wisconsin.”,pants-fire,false,"['mostly-false', 'false']",2,False
“NOT A JOKE: Ilhan Omar Tells Residents ‘You Don’t Have to be Registered to Vote’ in Minnesota.”,false,false,['false'],1,True
"Says Ohio's Issue 2 will create a redistricting commission that will ""have a blank check to spend our money.""",false,false,"['half-true', 'mostly-false', 'false']",3,True
"Fulton County District Attorney Fani Willis “campaigned and raised money on, ‘I will get Trump.’”",false,false,"['mostly-false', 'false', 'pants-fire']",3,True
“Congress has one job here: to count electoral votes that have in fact been cast by any state.”,true,true,"['true', 'false']",2,True
"California ""admitted"" there were ""a million"" illegal votes in the 2016 presidential election.",pants-fire,false,"['false', 'pants-fire']",2,True
"“9,871,525 is the number of registered voters in AZ according to FB. AZ population is 7,270,000.”",mostly-false,false,"['mostly-false', 'false']",2,True
Kash Patel posted on X that “the FBI is gay.”,false,false,"['false', 'pants-fire']",2,True
"""Arizona officials caught changing ballots, have been arrested.”",false,false,"['mostly-false', 'false', 'pants-fire']",3,True
Says Bill White is refusing to debate.,pants-fire,false,"['false', 'pants-fire']",2,True
“CNN is now saying that Trump will win!”,false,false,"['false', 'pants-fire']",2,True
“Voting machines found in bus in Arizona.”,false,false,['false'],1,True
"“Illegal immigrants now have the right to vote in New York.""",false,false,['false'],1,True
“Kamala Harris said she will shut down X if elected.”,false,false,['false'],1,True
"“Ella Emhoff, Kamala’s step-daughter, suffered a mental breakdown … due to the grief from Kamala’s humiliating loss, and was admitted to an in-patient mental health crisis center in NY.”",false,false,"['false', 'pants-fire']",2,True
"The U.S. Department of Homeland Security warned that the SAVE ""database is not a foolproof means of verifying (citizenship on) the voter rolls.""",true,false,"['true', 'half-true', 'mostly-false', 'false', 'pants-fire']",5,True
Donald Trump lost the popular vote by 2%.,false,false,['false'],1,True
“Beyonce got paid $10 MILLION for her speech” at a Kamala Harris rally.,false,false,"['false', 'pants-fire']",2,True
"In Lancaster, Pa., “We caught them with 2,600 votes. We caught them cold, 2,600 votes. ... And every vote was written by the same person.""",false,false,"['mostly-false', 'false', 'pants-fire']",3,True
Polls show Bernie Sanders would do better than Hillary Clinton in a head-to-head battle against Donald Trump.,mostly-true,false,"['true', 'mostly-true', 'half-true', 'mostly-false', 'false', 'pants-fire']",6,True
Kamala Harris paid The Shade Room to interview her “for perceived support amongst black voters.”,false,false,"['false', 'pants-fire']",2,True
"""With those first principles, it allowed a fellow like me to get in his truck and go from one end of the state to the other; started 20 points down and wound up 20 points ahead on election night.""",true,true,['true'],1,True
"Says Madison Mayor Paul Soglin's stated intent when proposing that city contractors disclose private political donations was to ""discourage contributions to organizations with which he disagrees.""",true,true,"['true', 'mostly-true', 'half-true', 'mostly-false', 'false']",5,True
The 2020 election was the only time in American history that an election took more than 24 hours to count.,false,false,"['false', 'pants-fire']",2,True
"Says that when he first ran for office in the late 1980s, ""there were still folks who didn't have phone service. Soon I'd helped ensure that everyone in North Florida could access a dial tone.""",mostly-true,mostly-true,"['true', 'mostly-true', 'half-true']",3,True
"“Inauguration Cancelled, Trump Remains in Office.”",pants-fire,false,"['false', 'pants-fire']",2,True
“The United States Postal Service recently changed the delivery method of absentee mail-in ballots” to hide “the evidence of absentee mail-in ballot fraud.”,false,false,"['mostly-false', 'false', 'pants-fire']",3,True
"Voting machines in Shelby County, Tennessee, are swapping votes from Kamala Harris to Donald Trump.",pants-fire,false,"['mostly-false', 'false']",2,False
"“Illegal” Haitians in Springfield, Ohio, are “reportedly killing and eating pets.”",pants-fire,false,"['false', 'pants-fire']",2,True
"""Apple and Amazon already operate in many states that require levels of voter ID.""",true,true,"['true', 'false']",2,True
"An effort to repeal voting-reform legislation would be ""the first time in Ohio history where a bill has been passed to stop a referendum.""",true,true,"['true', 'mostly-true', 'mostly-false', 'false']",4,True
"""The president and vice president can't be from the same state.""",false,false,"['true', 'half-true', 'mostly-false', 'false', 'pants-fire']",5,True
"“Statistics show that more people of color don't have cars than not. So how do (drive-thru voting centers) help those folks?""",false,false,"['mostly-false', 'false', 'pants-fire']",3,True
"""This issue of busing voters in to New Hampshire is widely known by anyone who’s worked in New Hampshire politics. It’s very real, it’s very serious.""",pants-fire,false,"['mostly-false', 'false', 'pants-fire']",3,True
"“Joe Biden’s margin of the less than 21,000 votes in Wisconsin was the tightest of any state in 2020.”",false,false,"['mostly-false', 'false']",2,True
“California is registering non-citizens to vote and has refused to cooperate with the Federal Election Integrity Program.”,false,false,"['false', 'pants-fire']",2,True
Suggests that an immigrant charged with sexually assaulting a child entered the U.S. illegally during the Biden administration.,false,false,"['mostly-false', 'false', 'pants-fire']",3,True
"""Antifa"" is to blame for storming the U.S. Capitol.",pants-fire,false,"['false', 'pants-fire']",2,True
Says there are “indications of grossly improper conduct from election officials right here in my district.”,false,false,"['half-true', 'mostly-false', 'false', 'pants-fire']",4,True
"Says Leah Vukmir ""claimed the open records law didn't apply to her, got sued, lost and cost taxpayers $15,000 in legal fees.""",true,true,"['true', 'false']",2,True
"Brazil President Jair Bolsonaro will hold a press conference to “announce military audit of controversial election, may arrest criminal judges.”",false,false,"['mostly-false', 'false', 'pants-fire']",3,True
"Says Pete Buttigieg ran statewide in Indiana and ""lost by 20 points.""",true,false,"['mostly-false', 'false']",2,False
Says Joe Biden took a knee during the national anthem.,false,false,"['mostly-false', 'false', 'pants-fire']",3,True
"Before ""our last three presidents, you have to go back to the 1800s, early 1800s to find three presidents in a row being consecutively re-elected.""",true,false,"['mostly-false', 'false', 'pants-fire']",3,False
"Says that in the 2020 presidential election in Maricopa County, Ariz., ""74,243 mail-in ballots were counted with 'no clear record of them being sent.'""",false,false,"['mostly-false', 'false', 'pants-fire']",3,True
"Four government agencies donated nearly $900,000 of taxpayer money to Kamala Harris’ presidential campaign.",false,false,"['false', 'pants-fire']",2,True
Vice Presidential nominee Tim Walz “says that if Democrats win they’ll make (U.S. Rep. Alexandria Ocasio-Cortez) speaker of the house.”,false,false,"['mostly-false', 'false', 'pants-fire']",3,True
"""There have been 30 published polls in this election cycle and Harry Reid's been trailing in every single one.""",false,false,"['mostly-false', 'false', 'pants-fire']",3,True
A Social Security Administration database shows “how many people each of the 43 states are registering to vote who DO NOT HAVE IDs.”,false,false,"['false', 'pants-fire']",2,True
"""Derrick Van Orden is one of the only members of Congress who participated in the deadly January 6th insurrection. He now serves in the building he tried to burn down.""",mostly-false,false,"['mostly-false', 'false', 'pants-fire']",3,True
"The ""Democratic Party is getting smaller and smaller and smaller.""",mostly-false,false,"['mostly-false', 'false', 'pants-fire']",3,True
"Rob Portman has taken more than $125,000 from ""Big Oil.""",mostly-true,false,"['true', 'mostly-true', 'half-true', 'mostly-false', 'false']",5,True
“USPS failed to deliver 27% of mail-in ballots in South Florida”,pants-fire,false,"['half-true', 'mostly-false', 'false', 'pants-fire']",4,True
"Voter identification laws make it complicated and expensive to get an ID, essentially instituting a modern-day poll tax.",mostly-false,mostly-false,"['mostly-true', 'half-true', 'mostly-false', 'false', 'pants-fire']",5,True
"Under the Trump administration's trade deal, “China's only fulfilled one-third of the promises of agricultural products that they were supposed to buy from our farmers.”",half-true,false,"['mostly-true', 'half-true', 'mostly-false', 'false', 'pants-fire']",5,True
"Says county parties representing more than half the state’s Republican voters approved resolutions ""demanding changes"" in Texas House leadership.",true,true,"['true', 'mostly-true', 'half-true', 'mostly-false', 'false', 'pants-fire']",6,True
"Ohio Republicans made significant gains during [Chris McNulty’s] time at the ORP, including the extremely successful re-election of President Bush in Ohio.""",mostly-true,mostly-true,"['true', 'mostly-true', 'half-true', 'mostly-false', 'false']",5,True
"""This election actually was not unusually close.""",true,true,"['true', 'false']",2,True
“Michigan just refused to certify the election results!”,false,false,"['mostly-false', 'false']",2,True
“System 'Glitch' ... In Wisconsin - Reversal of Swapped Votes Removes Lead from Joe Biden.”,pants-fire,false,"['mostly-false', 'false', 'pants-fire']",3,True
"""Gov. Rick Scott signed into law a bill that gives Florida's public officials an easy way to avoid disclosing their personal finances.""",half-true,false,"['half-true', 'mostly-false', 'false', 'pants-fire']",4,True
"Connecticut ballot initiative on early voting would ""remove the requirement of a certified seal from certain ballots.""",false,false,"['mostly-false', 'false']",2,True
“The Rock has lost 48 million followers on his IG and YouTube after coming out for Biden.”,false,false,"['mostly-false', 'false', 'pants-fire']",3,True
“Breaking: Florida Governor Ron DeSantis says Dominion voting systems will NOT operate in the state of Florida. ”,false,false,['false'],1,True
Georgia has elected more African-American leaders than any other state in the country.,mostly-false,false,"['mostly-false', 'false']",2,True
"Says Sherrod Brown in 1978 ""voted for stricter removal standards (for voter registration) and then enforced them as Secretary of State.""",half-true,mostly-false,"['mostly-true', 'half-true', 'mostly-false', 'false', 'pants-fire']",5,True
The 2020 election results in Pennsylvania “show a statistically impossible pattern” and votes were manufactured for Joe Biden.,false,false,"['false', 'pants-fire']",2,True
"""You can collude all you want with a foreign government in an election. There's no such statute"" (that makes collusion a crime).",false,false,"['mostly-false', 'false', 'pants-fire']",3,True
"""More than 9,000 Rhode Island voters used the Moderate Party master lever mechanism and they didn't have a single Moderate on their ballot.""",mostly-true,false,"['half-true', 'mostly-false', 'false', 'pants-fire']",4,False
“Boom! Georgia 1st to decertify election.”,pants-fire,false,['false'],1,False
"""Beyonce and Jay Z, I like them, I like them ... I get bigger crowds than they do. It's true. I get far bigger crowds.""",false,false,"['mostly-false', 'false', 'pants-fire']",3,True
Says Ted Cruz distributed the ad showing a nude Melania Trump on a rug.,false,false,"['mostly-false', 'false', 'pants-fire']",3,True
"""In one county alone in Ohio, President Obama received 106,258 votes. But there were only 98,213 eligible voters.""",pants-fire,false,"['false', 'pants-fire']",2,True
"""Twenty-six men named William have been elected to statewide office and only seven women have had the honor.""",mostly-true,false,"['half-true', 'mostly-false', 'false', 'pants-fire']",4,False
“Dave McCormick is fully against abortion.”,mostly-false,false,"['half-true', 'mostly-false', 'false', 'pants-fire']",4,True
"Says ""nearly half"" of House Republicans have supported a nonpartisan redistricting bill.",half-true,false,"['mostly-true', 'half-true', 'mostly-false', 'false', 'pants-fire']",5,True
"""If Buehler were elected, our vote-by-mail system would be at risk.""",pants-fire,false,"['mostly-true', 'half-true', 'mostly-false', 'false', 'pants-fire']",5,True
"""The RI Board of Elections has heard official testimony from Providence residents who claim to have witnessed known illegal aliens voting in local elections.""",mostly-false,false,"['mostly-false', 'false', 'pants-fire']",3,True
"States with voter ID laws have seen ""zero decrease"" in participation. ""Most have seen an increase.""",mostly-false,false,"['half-true', 'mostly-false', 'false', 'pants-fire']",4,True
"""Last week Joe Biden flashed the ‘white power’ sign. President Trump condemned white supremacists yesterday. Why hasn't Joe Biden?”",pants-fire,false,"['false', 'pants-fire']",2,True
"""Underreported fact: President @realDonaldTrump raised more in small dollar donations than Obama in 2012 and than Clinton and Bernie combined!""",mostly-true,false,"['true', 'mostly-true', 'half-true', 'mostly-false', 'false', 'pants-fire']",6,True
Vice President Kamala Harris’ “60 Minutes” interview may be “a major Campaign Finance Violation.”,false,false,"['mostly-false', 'false', 'pants-fire']",3,True
Mark Finchem “wants to strip Arizona’s citizens of their capacity to vote by mail.”,mostly-true,false,"['mostly-false', 'false', 'pants-fire']",3,False
"""Issue 2 makes it illegal for us to negotiate for enough firefighters to do the job.""",mostly-true,mostly-true,"['mostly-true', 'half-true', 'mostly-false', 'false']",4,True
"My support from young voters -- those 18 to 24 --  in November 2014 was ""largely unheard of for a Republican.""",half-true,half-true,"['mostly-true', 'half-true', 'mostly-false', 'false', 'pants-fire']",5,True
“No governor in Virginia has ever won when...he or she is the same party as the sitting president.”,false,false,"['mostly-false', 'false', 'pants-fire']",3,True
"Democrats have ""lost more than 900 state legislators"" since Barack Obama has been president.",true,true,"['true', 'false']",2,True
"The last three days of early voting ""happen to be the most populated days of voting that we have in early voting.""",mostly-true,mostly-true,"['true', 'mostly-true', 'half-true', 'mostly-false', 'false']",5,True
"""Joe Biden forced the U.S. Attorney for the Eastern District of North Carolina to resign after 24 people were charged with election fraud and the Mainstream Media never even batted an eyelash.""",mostly-false,false,"['mostly-false', 'false', 'pants-fire']",3,True
"“At least 450,000 ballots in the key states ... miraculously only have a mark for Joe Biden on them, and no other candidate.""",false,false,"['false', 'pants-fire']",2,True
"""We got the highest vote count in the history of the Republican Party.""",mostly-true,mostly-true,['mostly-true'],1,True
Democrats paid Beyoncé $11 million for an endorsement.,false,false,"['false', 'pants-fire']",2,True
HR 1 “automatically registers every welfare recipient to vote.”,mostly-false,false,"['mostly-false', 'false', 'pants-fire']",3,True
"Four members of the Rhode Island General Assembly ""went to vote in 2010 and were told they had already voted.""",false,false,"['mostly-false', 'false', 'pants-fire']",3,True
"“We waited 24 hours and got a measly 62k votes"" in Maricopa County",false,false,"['mostly-false', 'false', 'pants-fire']",3,True
Kamala Harris voted in favor of passing a law in 2022 to tax tips.,false,false,"['half-true', 'mostly-false', 'false', 'pants-fire']",4,True
"Says ""Eric Holder and his group came in and made"" the Wisconsin Supreme Court race ""highly partisan.""",mostly-false,false,"['mostly-true', 'half-true', 'mostly-false', 'false', 'pants-fire']",5,True
"""War for the soul of the TxDems: 57% of  Dem incumbents for Tx House LOST their primary.""",mostly-false,false,"['mostly-false', 'false', 'pants-fire']",3,True
"""I’m the first Democrat to ever lead Scott Walker in an election year.""",false,false,"['half-true', 'mostly-false', 'false', 'pants-fire']",4,True
Michelle Nunn ranks agriculture issues as the 18th most important items facing Georgia.,mostly-false,false,"['mostly-true', 'half-true', 'mostly-false', 'false']",4,True
"If an election worker writes anything on your ballot before you put it in the voting machine, “your ballot could be disqualified.”",false,false,"['mostly-false', 'false', 'pants-fire']",3,True
"""My husband didn't wrap up the nomination until June.""",mostly-false,false,"['mostly-true', 'half-true', 'mostly-false', 'false']",4,True
"Bryan County, Ga., has ""corrupted voter rolls.""",false,false,"['half-true', 'mostly-false', 'false', 'pants-fire']",4,True
“This week the military was moving big equipment into the major big cities preparing for the Maricopa audit results.”,false,false,"['false', 'pants-fire']",2,True
Wisconsin elections administrator Meagan Wolfe “refuses to clean up our voter rolls”,pants-fire,false,"['false', 'pants-fire']",2,True
"""They just happened to find 50,000 ballots (in the Georgia U.S. Senate runoff elections) late last night.""",pants-fire,false,"['false', 'pants-fire']",2,True
Says he was endorsed by the Valley News newspaper.,false,false,"['mostly-false', 'false']",2,True
Says there were over 600 reports of Texas votes for Donald Trump in the state’s 2016 Republican primary virtually all getting tallied for Marco Rubio.,pants-fire,false,"['half-true', 'mostly-false', 'false', 'pants-fire']",4,True
“A federal judge just ordered Wisconsin must have all ballots counted by 8 p.m. on the day of the election.”,pants-fire,false,"['false', 'pants-fire']",2,True
"""The Republican Party   lost 1.1 million registered voters since 2008. The Democratic Party  lost  1.2 million registered voters… (while) voter registration in the   Libertarian Party rose 8 percent.""",half-true,half-true,"['true', 'mostly-true', 'half-true', 'mostly-false', 'false']",5,True
"Says 40 years ago, the U.S. placed Texas under Voting Rights Act for failing to print ballots in Spanish.",half-true,false,"['true', 'mostly-true', 'half-true', 'mostly-false', 'false', 'pants-fire']",6,True
"Says under U.S. Rep. Alexandria Ocasio-Cortez’s Green New Deal proposal, “Cows are out.”",false,false,"['mostly-false', 'false']",2,True
"The Hispanic population in Gwinnett and Henry counties has increased by 153 percent and 339 percent, respectively, since 2000 while Republican presidential candidates are getting a smaller percentage of the vote in those counties.",mostly-true,mostly-true,"['true', 'mostly-true', 'half-true', 'mostly-false', 'false']",5,True
"""We had a three-hour debate, no discussion about the national debt, very little about the economy.""",mostly-true,false,"['true', 'mostly-true', 'half-true', 'mostly-false', 'false', 'pants-fire']",6,True
"""Amendment 4 will reduce Florida’s economic output by $34 billion annually.""",mostly-false,false,"['half-true', 'mostly-false', 'false', 'pants-fire']",4,True
"""Breaking: four million Democrat votes just declared fraudulent.""",pants-fire,false,"['false', 'pants-fire']",2,True
"Says President Donald Trump as a candidate mentioned WikiLeaks ""over 160 times in speeches"" in the last month of the campaign.",mostly-true,true,"['true', 'mostly-true', 'half-true', 'false']",4,True
‘No Sharpies on ballots’ permitted for in-person voting in Illinois.,false,true,"['true', 'false']",2,True
“Deadlines have passed in … Wisconsin” to replace President Joe Biden on the ballot.,false,false,"['mostly-false', 'false', 'pants-fire']",3,True
"""Brad Schimel said that he wanted to be part of Donald Trump's support network.""",mostly-true,false,"['true', 'half-true', 'mostly-false', 'false', 'pants-fire']",5,False
Says a lack of transparency for small-dollar donations is the “same thing” as dark money,mostly-false,false,"['mostly-true', 'half-true', 'mostly-false', 'false', 'pants-fire']",5,True
"Says President Barack Obama “spied on my campaign, and got caught!”",false,false,"['mostly-false', 'false', 'pants-fire']",3,True
“Biden’s DOJ was authorized to use DEADLY FORCE” in Mar-a-Lago raid. Biden was “locked and loaded” and “ready to take me out.”,pants-fire,false,"['mostly-false', 'false', 'pants-fire']",3,True
Says over 90 percent of Travis County’s eligible residents have registered to vote.,true,true,"['true', 'false']",2,True
Arizona House bill to “decertify” 2020 results “could effectively recall the Biden electors.”,pants-fire,false,"['mostly-false', 'false', 'pants-fire']",3,True
"The new 21st State Senate district was ""created in secret for Van Wanggaard. It was drawn within half a block of his house.""",true,true,['true'],1,True
"“Milwaukee Elections Chief Lost Elections Flash Drive in Morning Hours of November 4th When Democrats Miraculously Found 120,000 Votes for Joe Biden.”",pants-fire,false,"['mostly-false', 'false', 'pants-fire']",3,True
"""None of the polls being conducted right now have us on the top line. None of them. It's always Trump and Clinton and then second question, third question. ... If we were included in the top line, as Johnson/Trump/Clinton, we'd be at 20 percent.""",false,false,"['half-true', 'mostly-false', 'false', 'pants-fire']",4,True
Screenshots of documents show a former student of Democratic vice presidential candidate Tim Walz has lodged sexual abuse allegations against him.,pants-fire,false,"['false', 'pants-fire']",2,True
"The Senate seat won in a special election by a Democrat had been ""held for more than thirty years by Republicans.""",false,false,"['mostly-false', 'false']",2,True
“CBS (News) is reporting cheating in the election.”,false,false,['false'],1,True
"“Millions of Hubbell and Bloomberg dollars wasn’t enough to overcome the Iowa House Republican avalanche of success.""",half-true,false,"['half-true', 'mostly-false', 'false', 'pants-fire']",4,True
"The 2020 election could not have been fair because “Los Angeles County agreed, during litigation, that there were 1.2 million ineligible voters after the election.”",false,false,"['mostly-false', 'false', 'pants-fire']",3,True
"""The last six polls, including this week's Time magazine, show that I beat John McCain by six or seven points.""",mostly-true,mostly-true,"['mostly-true', 'half-true', 'mostly-false', 'false']",4,True
"Says Newt Gingrich said ""Spanish is the language of the ghetto.""",mostly-true,false,"['mostly-false', 'false', 'pants-fire']",3,False
"Twenty four states have voter ID or comparable restrictions; before Barack Obama was elected, it was two.",half-true,false,"['true', 'mostly-true', 'half-true', 'mostly-false', 'false', 'pants-fire']",6,True
"Eric Hovde “wants to repeal the Affordable Care Act, and kick millions off their health insurance.”",true,false,"['mostly-false', 'false', 'pants-fire']",3,False
A quorum-breaking Texas Democrat said in 2007 that mail-in ballot fraud “is the greatest source of voter fraud in this state.”,true,false,"['half-true', 'mostly-false', 'false', 'pants-fire']",4,False
"Wisconsin has only one county, Dane, ""that's hand counting the votes"" in the 2016 presidential recount.",pants-fire,false,"['mostly-false', 'false', 'pants-fire']",3,True
"""In 2016, when Hillary Clinton appeared to have a firm lead in the polls — oh, just before the election, it was President Obama who laughed off any notion that American elections could possibly be tampered with.""",mostly-false,false,"['mostly-false', 'false', 'pants-fire']",3,True
"""@realDonaldTrump is coming to San Antonio, which is 60% Mexican-AMERICAN.""",mostly-true,false,"['true', 'mostly-true', 'half-true', 'mostly-false', 'false', 'pants-fire']",6,True
"Says ""a Republican hasn't won [an election] for a presidency in New Jersey since 1988.""",true,false,"['true', 'mostly-false', 'false']",3,True
Says “some people in the Great State of North Carolina have been sent TWO BALLOTS. RIGGED ELECTION in waiting!”,mostly-false,false,"['half-true', 'mostly-false', 'false']",3,True
"""Let’s say (Republicans) take away half of our delegates. They’re worth more than Iowa’s, New Hampshire’s and almost South Carolina’s combined.""",half-true,half-true,"['mostly-true', 'half-true', 'mostly-false', 'false']",4,True
"""The majority support (raising) the minimum wage.""",true,true,"['true', 'mostly-true']",2,True
Minnesota Gov. Tim Walz signed a bill “redefining ‘sexual orientation’ to include pedophiles.”,false,false,"['false', 'pants-fire']",2,True
“Mandela Barnes came out in favor of abortion up until the moment of birth.”,mostly-false,false,"['mostly-false', 'false']",2,True
“Dead people also voted.”,pants-fire,false,"['mostly-false', 'false', 'pants-fire']",3,True
"Texas A&M University - Commerce ""offers counseling, safe spaces for students who are afraid of President-elect Trump.""",half-true,false,"['true', 'half-true', 'mostly-false', 'false', 'pants-fire']",5,True
U.S. Rep. Matt “Cartwright proposes to defund the Wilkes-Barre police.”,false,false,"['mostly-false', 'false']",2,True
"Mike Rogers “left Michigan to trade on his D.C. connections, helping Chinese tech companies get access to the U.S.”",false,false,"['mostly-true', 'half-true', 'mostly-false', 'false', 'pants-fire']",5,True
"""[Hillary Clinton]'s not trusted -- virtually at all.""",mostly-false,false,"['half-true', 'mostly-false', 'false', 'pants-fire']",4,True
"Same-day voter registration ""does not allow election officials to verify the validity and accuracy of voter information.""",false,false,"['mostly-false', 'false', 'pants-fire']",3,True
“Wisconsin 2020 election investigation finds more illegal votes were cast than Biden's margin of victory.”,false,false,"['false', 'pants-fire']",2,True
"""Eleven states complete their [legislative] sessions within three calendar months, and another five only meet biennially.""",mostly-true,true,"['true', 'mostly-true', 'half-true', 'mostly-false', 'false']",5,True
"“The weapons that Ukraine used in the early days of this war to fend off the Russian invasion are the weapons that Donald Trump sent, that Barack Obama and Joe Biden had refused to send.”",half-true,false,"['true', 'half-true', 'mostly-false', 'false', 'pants-fire']",5,True
Says Mandela Barnes “supported a 20% increase in the gas tax.”,half-true,false,"['half-true', 'mostly-false', 'false', 'pants-fire']",4,True
"""In a 2014 case involving a man convicted of abusing two underage girls, Judge Roy Moore disagreed and wrote the dissenting opinion.""",mostly-false,false,"['true', 'mostly-true', 'half-true', 'mostly-false', 'false', 'pants-fire']",6,True
Arizona U.S. Senate candidate Kari Lake “was against” the child tax credit expansion “when the bill was on the floor.”,mostly-false,false,"['half-true', 'mostly-false', 'false', 'pants-fire']",4,True
"Says Tony Thurmond was ""Reprimanded by the Obama Administration for failing to address widespread sexual harassment and assault in district schools.""",false,false,"['mostly-false', 'false']",2,True
"Says no one from the Bush family attended the 2012 Republican National Convention and ""there was no President Bush"" at the 2008 convention.",false,false,"['mostly-false', 'false', 'pants-fire']",3,True
"Says Joe Biden said, “Why am I doing this? Why? What is my real aim?”",false,false,"['mostly-false', 'false', 'pants-fire']",3,True
"Obamacare includes a ""$700 billion cut from Medicare for seniors.""",half-true,false,"['mostly-true', 'half-true', 'mostly-false', 'false']",4,True
"""I'm not a politician.""",half-true,false,"['mostly-true', 'half-true', 'mostly-false', 'false']",4,True
There are “22 million illegal aliens living in America and ... voting illegally.”,false,false,"['false', 'pants-fire']",2,True
"Vans filled with 50,000 ballots show up in Philadelphia during live MSNBC report.",false,false,"['mostly-false', 'false', 'pants-fire']",3,True
"""In 2020, more people voted in America than ever in the history of America, in the middle of a once-in-a-century pandemic.""",mostly-true,false,"['half-true', 'mostly-false', 'false', 'pants-fire']",4,False
"Arizona Secretary of State Katie Hobbs “sent 6,000 wrong ballots to Republicans.”",false,false,"['mostly-false', 'false']",2,True
Wagon arriving at Detroit counting center after deadline “may have been a ballot box.”,false,false,"['mostly-false', 'false', 'pants-fire']",3,True
Map proves the Pennsylvania Senate election was rigged.,pants-fire,false,"['false', 'pants-fire']",2,True
"""Every month, another 50,000 U.S.-born Hispanics turn 18 and become eligible to vote.""",mostly-true,true,"['true', 'mostly-true', 'half-true', 'mostly-false', 'false']",5,True
"""The use of ballot drop boxes and ballot harvesting is illegal.”",mostly-false,false,"['mostly-false', 'false', 'pants-fire']",3,True
"Says that after she declared her candidacy for Congress, ""the redistricting process was manipulated to allow incumbent politicians to guarantee their re-election.""",mostly-false,mostly-false,"['mostly-true', 'half-true', 'mostly-false', 'false']",4,True
"In Massachusetts, ""anybody can go vote for anybody so long as they have their information. … They're not even checking IDs at the polling stations.""",mostly-false,false,"['mostly-false', 'false']",2,True
“Republican state senators” who started an audit of 2020 election results in Maricopa County are “exposing this fraud.”,false,false,"['mostly-false', 'false', 'pants-fire']",3,True
McDonald’s “said they have no record whatsoever of Kamala Harris ever working at any of their locations.”,false,false,"['false', 'pants-fire']",2,True
"""The son-in-law of the president met with Russian officials at the Trump Tower after having them come in the back door.""",mostly-true,false,"['true', 'mostly-true', 'half-true', 'mostly-false', 'false', 'pants-fire']",6,True
"“Trump's convictions have all been overturned and he is getting his $500,000,000.00 back!”",false,false,"['false', 'pants-fire']",2,True
Ruben Gallego wants to “cut your Social Security.”,false,false,"['mostly-false', 'false']",2,True
“Trump margin of ‘defeat’ in 4 states occurred in 4 data dumps between 1:34-6:31 AM. Statistical anomaly? Fraud?”,pants-fire,false,"['half-true', 'mostly-false', 'false', 'pants-fire']",4,True
"""It’s going to be harder to vote in Virginia than it is now to buy a gun...""",half-true,false,"['mostly-false', 'false', 'pants-fire']",3,False
"Says she debated her opponent ""multiple times.""",half-true,false,"['true', 'mostly-true', 'half-true', 'mostly-false', 'false', 'pants-fire']",6,True
"""In 32 other states and Washington D.C., they [voters] can avoid the wait by voting before Election Day.""",true,true,"['true', 'mostly-true', 'false']",3,True
"Says an election clerk in Green Bay refused to allow early voting on the UW-Green Bay campus because she ""was afraid it would help Democrats,"" showing ""outrageous partisan bias.""",half-true,half-true,"['mostly-true', 'half-true', 'mostly-false', 'false']",4,True
"A Republican bill that would change John Doe criminal investigations is ""creating exceptions in the law for politicians.""",mostly-true,mostly-true,"['mostly-true', 'half-true', 'mostly-false', 'false']",4,True
"“The Wisconsin voter roll has over 120,000 active voters who have been registered to vote for over 100 years.”",false,false,"['mostly-false', 'false', 'pants-fire']",3,True
"""If Russia, or some other entity, was hacking, why did the White House wait so long to act? Why did they only complain after Hillary lost?""",pants-fire,false,"['mostly-false', 'false']",2,False
"As a sitting Supreme Court justice, Daniel Kelly recused himself from a case, then “he pocketed $20,000 in contributions” from the plaintiff and family members and “unrecused himself so he could judge the case.”",half-true,false,"['mostly-true', 'half-true', 'mostly-false', 'false', 'pants-fire']",5,True
Michael Jordan endorsed Donald Trump for president in the 2024 election.,false,false,"['false', 'pants-fire']",2,True
"""In the last 6 years, there have been 420 elections for State Senator and State Representative. Only three incumbents have been defeated!""",true,true,['true'],1,True
“Texas Republicans just voted to give a Republican appointee the power to single-handedly CANCEL election results in the state’s largest Democratic county.”,mostly-true,false,"['true', 'mostly-true', 'half-true', 'mostly-false', 'false', 'pants-fire']",6,True
Sen. JD Vance admitted he has a ‘rent-a-dog’ from the Trump campaign to make him “seem like a dog person.”,false,false,['false'],1,True
"U.S. Rep. Bill Young ""has accepted $737,000 from lobbyists and recipients of his earmarks.""",half-true,false,"['half-true', 'mostly-false', 'false', 'pants-fire']",4,True
"""Triggering leftists, Trump's reelection campaign is selling plastic straws.""",true,true,['true'],1,True
“Taylor Swift has moved to Canada after leaving the U.S. following the big red wave.”,false,false,"['mostly-false', 'false', 'pants-fire']",3,True
"Despite opposition from national Club for Growth, Club for Growth Wisconsin ""has endorsed"" him for U.S. Senate.",pants-fire,false,"['false', 'pants-fire']",2,True
"Republican challenger Bill Flores ""has never once voted  in a general election in our district.""",true,false,"['true', 'mostly-false', 'false', 'pants-fire']",4,True
"""Over 20 percent of the electorate is Hispanic"" in Florida.",half-true,false,"['half-true', 'mostly-false', 'false']",3,True
"""Third party votes only siphon from (Democrats).”",false,false,"['mostly-false', 'false', 'pants-fire']",3,True
"""President Trump is still supported by almost 85 percent of the Republican Party in the state of Ohio, and that's from recent polling, and still has a 58 percent approval rating in Ohio.""",mostly-true,false,"['mostly-true', 'half-true', 'mostly-false', 'false', 'pants-fire']",5,True
"Says Scott Walker ""cut back early voting and signed legislation that would make it harder for college students to vote.""",mostly-true,mostly-true,"['true', 'mostly-true', 'half-true', 'mostly-false', 'false']",5,True
"Gov. Rick Scott ""tried to kick 180,000 people off the voter rolls.""",false,false,"['mostly-true', 'half-true', 'mostly-false', 'false', 'pants-fire']",5,True
"Says Michelle Obama ""said she was never proud of her country til they elected her husband POTUS.""",false,false,"['mostly-false', 'false', 'pants-fire']",3,True
"Says that several times in the last 15 years, Austin City Council candidates have won seats after trailing by more than 4,000 votes in the election prompting the runoff.",half-true,half-true,"['mostly-true', 'half-true', 'mostly-false', 'false']",4,True
"""If you look at most of the polls, this is a margin-of-error race on Fourth of July between Mitt Romney and the president.""",true,mostly-true,"['true', 'mostly-true', 'half-true', 'mostly-false', 'false']",5,True
"""In Florida felonies can be things like buying weed, tampering with an odometer or disturbing a lobster trap. So basically spring break.""",mostly-true,true,"['true', 'false']",2,False
Says more Austinites voted in the city’s 1973 election featuring a mayor’s race than in the city’s most recent mayoral election.,true,false,"['mostly-false', 'false', 'pants-fire']",3,False
“Sam Brown publicly supported forcing massive cuts to Social Security and Medicare and was caught on tape saying he admires the plan to phase out Social Security and Medicare in five years.”,mostly-false,false,"['half-true', 'mostly-false', 'false', 'pants-fire']",4,True
An election worker in Georgia threw away a ballot.,false,false,"['mostly-false', 'false']",2,True
"""I’ve been through four campaigns and have not done any negative campaigning.""",mostly-true,mostly-true,"['true', 'mostly-true', 'half-true', 'false']",4,True
"Says President Barack Obama ""has lost more members of the House and more members of the Senate than any president ever has lost"" in modern times.",mostly-true,false,"['true', 'mostly-true', 'half-true', 'mostly-false', 'false', 'pants-fire']",6,True
The Biden-Harris administration “brought over” 10 million migrants who got 9 million jobs.,false,false,"['false', 'pants-fire']",2,True
"""Ohio has one of the highest provisional ballot rates in the country, and many of them go uncounted each election.""",true,true,['true'],1,True
"Both the Democratic and Republican candidates for president in 2016 are ""quite unpopular.""",true,true,"['true', 'false']",2,True
Georgia Gov. Brian Kemp “allowed 7.5 million ballots to be sent to every registered voter.”,false,false,"['false', 'pants-fire']",2,True
“The New York City ballot form is a scam” because “mayoral candidates appear twice.”,false,false,"['mostly-false', 'false', 'pants-fire']",3,True
"“In Project 2025, you’re going to have to register with a new federal agency when you get pregnant.”",false,false,['false'],1,True
“GA election official Gabriel Sterling says audits will take place after election day because it’s ‘nerve-racking’ to count ballots in front of poll watchers.”,false,false,"['false', 'pants-fire']",2,True
"""The NSA and FBI tell Congress that Russia did not influence electoral process.""",false,false,"['mostly-false', 'false', 'pants-fire']",3,True
"""We didn't go out and take"" information from the Hillary Clinton campaign.",mostly-false,false,"['half-true', 'mostly-false', 'false', 'pants-fire']",4,True
"Says she has bipartisan support, including ""53 sheriffs throughout the state, Democrats and Republicans.""",true,true,"['true', 'mostly-true']",2,True
Americans aren’t required to show IDs to vote.,mostly-false,false,"['half-true', 'mostly-false', 'false', 'pants-fire']",4,True
"""Barack Obama said he would debate 'anywhere, anytime' but has rejected joint town hall meetings.""",half-true,half-true,"['mostly-true', 'half-true', 'mostly-false', 'false']",4,True
"""The number of people who just got their voting rights restored in Florida is greater than the populations of Wyoming, Vermont, Alaska, North Dakota, South Dakota, Delaware, Rhode Island, Montana, Maine and New Hampshire.""",mostly-true,false,"['true', 'mostly-true', 'half-true', 'mostly-false', 'false', 'pants-fire']",6,True
"""Eight out of the nine states with competitive Senate races, Hispanics make up less than 10 percent of the electorate.""",true,false,"['true', 'mostly-true', 'half-true', 'mostly-false', 'false', 'pants-fire']",6,True
"Voter ID ""is supported, if you look at any poll, by 70 to 80% of the public.""",true,true,"['true', 'mostly-true', 'half-true', 'mostly-false', 'false']",5,True
"Under Wisconsin law, ""anyone who knows anything about a John Doe"" secret criminal investigation ""can't talk about it.""",half-true,half-true,"['mostly-true', 'half-true', 'mostly-false', 'false']",4,True
"""Report: 3 million votes in presidential election cast by illegal aliens.""",false,false,"['false', 'pants-fire']",2,True
"“MAGA Republicans like Kari Lake support Project 2025, which would raise the retirement age for 73% of Arizonans.”",mostly-false,false,"['mostly-false', 'false', 'pants-fire']",3,True
“Biden did not win legally.”,pants-fire,false,['false'],1,False
"""We came out of the White House not only dead broke, but in debt.""",mostly-false,false,"['half-true', 'mostly-false', 'false', 'pants-fire']",4,True
"""Dallas County Texas (tells) election workers to (illegally) lie on registration & use a church address to register homeless people to vote!”",pants-fire,false,"['mostly-false', 'false']",2,False
Says he’s not a politician.,mostly-false,false,"['mostly-true', 'half-true', 'mostly-false', 'false', 'pants-fire']",5,True
Nearly 90% of Travis County government races will be settled by the time of the Democratic primary.,mostly-true,false,"['true', 'mostly-true', 'half-true', 'mostly-false', 'false', 'pants-fire']",6,True
Wisconsin makes it more difficult for its citizens to vote than almost any state in the nation.,true,false,"['true', 'mostly-false', 'false']",3,True
"Voting for ""any Democrat"" gets you ""socialism ... undefended open borders ... immediate tax increases ... 100 percent government-run health care ...""",pants-fire,false,"['mostly-false', 'false', 'pants-fire']",3,True
"""There was even a time when (Donald Trump) didn't get an Emmy for his TV program three years in a row and he started tweeting that the Emmys were rigged.""",half-true,false,"['true', 'mostly-true', 'half-true', 'mostly-false', 'false', 'pants-fire']",6,True
"Jennifer Carroll is the ""first African-American Republican woman to be part of a statewide ticket in Florida.""",true,true,['true'],1,True
"""In New Jersey, Gov. Christie vetoed legislation to extend early voting.""",mostly-true,false,"['mostly-false', 'false']",2,False
U.S. Senate candidate Mike Rogers “believes he should make that decision” about whether to end pregnancies.,mostly-false,false,"['mostly-true', 'half-true', 'mostly-false', 'false', 'pants-fire']",5,True
"""One of George Soros' companies has provided some of the (voting) machines"" for some states.",pants-fire,false,"['false', 'pants-fire']",2,True
Delayed election results are proof of fraud.,false,false,"['mostly-false', 'false']",2,True
"Says over 1,000 mail in ballots were found in a dumpster in California.",false,false,"['false', 'pants-fire']",2,True
"“Smartmatic and Dominion systems ... were built to do this very thing, for changing the results of elections.”",pants-fire,false,"['false', 'pants-fire']",2,True
“We’re putting our great coal miners back to work.”,mostly-false,false,"['mostly-false', 'false', 'pants-fire']",3,True
“Nancy Pelosi stated today that if the Democrats get the House the first thing they’re going to do is impeach Donald Trump before he gets elected.”,false,false,"['false', 'pants-fire']",2,True
“They are trying to make it illegal to question the results of a bad election.”,false,false,"['mostly-false', 'false', 'pants-fire']",3,True
"""If the impeachment reaches the house and passes to the senate and isn’t passed the first term is nullified and Trump can run two more terms.""",pants-fire,false,"['mostly-false', 'false', 'pants-fire']",3,True
"Says a poll shows that ""without a name attached, Democrats are just one point behind"" Gov. John Kasich.",true,true,"['true', 'mostly-true']",2,True
"By advocating new requirements for voters to show ID cards at the polls, Republicans ""want to literally drag us all the way back to Jim Crow laws.""",false,false,"['half-true', 'mostly-false', 'false', 'pants-fire']",4,True
Trump campaign rally gunman Thomas Matthew Crooks was “arrested more than once.”,false,false,"['mostly-false', 'false', 'pants-fire']",3,True
"The last time Republican U.S. Senate candidates ""beat more than two (incumbents) was 1980.""",true,false,"['true', 'mostly-false', 'false']",3,True
"Of the approximately 6 million disenfranchised felons in the United States, ""one-quarter are Floridians.""",mostly-true,false,"['true', 'mostly-true', 'half-true', 'mostly-false', 'false', 'pants-fire']",6,True
"To pay for extending the Trump tax cuts, Dave McCormick has “made clear he’ll slash your Medicare and Social Security, and cut Medicaid for nursing home care.”",false,false,"['half-true', 'mostly-false', 'false', 'pants-fire']",4,True
“Coca-Cola cuts ties with Taylor Swift over (Kamala) Harris endorsement.”,false,false,"['false', 'pants-fire']",2,True
"Gwinnett County, Georgia, sheriff's office said white supremacists “are planning to attack” Black people “from now until the Inauguration.”",pants-fire,false,"['false', 'pants-fire']",2,True
"In Wisconsin, because a key provision of the Voting Rights Act was not in effect,  ""somewhere between 40,000 and 80,000 people were turned away from the polls (in 2016) because of the color of their skin"" and other factors.",pants-fire,false,"['false', 'pants-fire']",2,True
Virginia’s educational level among whites is higher than Georgia’s.,true,true,"['true', 'mostly-true', 'half-true', 'false']",4,True
"""For the hour after the (Jan. 14) debate, 'Debra Medina' was the No. 1 search on Google and for the remainder of that night No. 3.""",false,false,"['half-true', 'mostly-false', 'false', 'pants-fire']",4,True
"Says Austin Mayor Steve Adler’s transportation plans linked to Proposition 1 on the ballot remove ""27+ miles of traffic lanes around the city,"" replacing ""them with lanes dedicated to usage by bicycles"" and buses.",mostly-false,false,"['true', 'mostly-true', 'half-true', 'mostly-false', 'false', 'pants-fire']",6,True
President-elect Donald Trump “has been to Epstein’s island”,false,false,"['mostly-false', 'false', 'pants-fire']",3,True
"""Since 2015, Scott Walker has not done a public event where you don't have to pay admission or be on an approved list.""",half-true,half-true,"['mostly-true', 'half-true', 'mostly-false', 'false', 'pants-fire']",5,True
"""Governor Christie also remains the only Governor since World War II, among both Democrats and Republicans, who failed to have his party win control of at least one legislative body over the course of his term.""",false,false,"['half-true', 'mostly-false', 'false', 'pants-fire']",4,True
"“Anything that you lose on the tariff from the perspective of the consumer, you gain in higher wages, so you're ultimately much better off.”",false,false,"['mostly-false', 'false', 'pants-fire']",3,True
"""Since 2000, only 10 cases of in-person voter fraud have been proven nationally.""",mostly-true,true,"['true', 'mostly-true', 'half-true', 'mostly-false', 'false']",5,True
"In California, there were “10 million mail ballots unaccounted for” in the November midterm election.",false,false,"['mostly-false', 'false', 'pants-fire']",3,True
“President Joe Biden admits to faking the election.”,false,false,"['false', 'pants-fire']",2,True
"House Democrats ""have a two-to-one advantage money-wise"" against House Republicans.",mostly-true,true,"['true', 'mostly-true', 'half-true', 'false']",4,True
"In Arizona, early voting would allow Kari Lake’s opponents to see how many votes they “need to fake to catch up and surpass.”",pants-fire,false,"['mostly-false', 'false', 'pants-fire']",3,True
"""Pennsylvania Federal Court grants legal authority to remove Trump after Russian Meddling.""",pants-fire,false,"['false', 'pants-fire']",2,True
"""This election marks the largest Senate gains for a president's party in a first midterm election since at least President Kennedy's in 1962.""",half-true,false,"['mostly-true', 'half-true', 'mostly-false', 'false']",4,True
"Public employees receive ""something like 25 percent of the paychecks that are issued in Rhode Island.""",false,false,"['mostly-false', 'false', 'pants-fire']",3,True
"As of Dec. 12, 2023, Geert Wilders was the “new prime minister of the Netherlands.”",false,false,"['false', 'pants-fire']",2,True
"“Trump won 18-to-24-year-olds in Wisconsin.""",half-true,false,"['mostly-false', 'false', 'pants-fire']",3,False
“Antifa gearing up for false flag violence disguised as Trump-supporters.”,false,false,"['false', 'pants-fire']",2,True
"""Mitt Romney is the first Massachusetts politician to run for president and not win the New Hampshire primary in a generation.""",mostly-true,false,"['half-true', 'mostly-false', 'false', 'pants-fire']",4,False
"John Raese's wife ""is registered to vote in Florida so she can't even vote for him.""",true,false,['false'],1,False
Kamala Harris’ “plan to tax unrecognized Capital Gains mean(s) if your house goes up in value you will have to pay that Tax Even if you don’t sell your House!”,mostly-false,false,"['half-true', 'mostly-false', 'false', 'pants-fire']",4,True
"""Twitter, Google and Facebook are burying the FBI criminal investigation of Clinton. Very dishonest media!""",false,false,"['half-true', 'mostly-false', 'false', 'pants-fire']",4,True
"""Ronald Reagan’s signature on the 1986 amnesty act"" gave Barack Obama about 15 million additional Hispanic votes in 2012.",false,false,"['mostly-false', 'false', 'pants-fire']",3,True
"Says Michigan congressional candidate Elissa Slotkin ""just parachuted into the district to run for Congress"" and ""admitted that she doesn’t know our area.""",half-true,false,"['mostly-true', 'half-true', 'mostly-false', 'false', 'pants-fire']",5,True
"“Swing State Hit With 2020 Voting Lawsuit - Accused Of Registering Over 1,500 Deceased People In Pennsylvania.”",mostly-false,false,"['half-true', 'mostly-false', 'false']",3,True
"""Mitt Romney received exactly zero votes in at least 12 Cuyahoga County precincts.""",true,false,"['true', 'mostly-false', 'false']",3,True
"Nevada is ""still a state that is 80 percent white voters.""",false,false,"['mostly-false', 'false', 'pants-fire']",3,True
Donald Trump won Pennsylvania in the 2020 presidential election.,false,false,"['false', 'pants-fire']",2,True
“Every election year has a disease” ... SARS in 2004; avian flu in 2008; swine flu in 2010; MERS in 2012; Ebola in 2014 and 2018; Zika in 2016 and the coronavirus in 2020.,false,false,"['mostly-false', 'false', 'pants-fire']",3,True
"""700 jobs (were) lost because Allen Boyd"" voted for the health care bill.",mostly-false,false,"['mostly-false', 'false', 'pants-fire']",3,True
"“Wisconsin has historically … and I think largely continues to be, a blue state.”",mostly-false,false,"['half-true', 'mostly-false', 'false', 'pants-fire']",4,True
"""Attorney General Eric Holder’s own Justice Department precleared the voting changes in the 2011 law"" about early voting in Florida.",half-true,false,"['half-true', 'mostly-false', 'false', 'pants-fire']",4,True
"Says no elections protest was filed, McCready conceded and ""every"" county board certified its results from the Mark Harris, Dan McCready race.",mostly-true,false,"['mostly-false', 'false', 'pants-fire']",3,False
Newt Gingrich has been a proponent of selecting a president by popular vote instead of the Electoral College.,true,true,"['true', 'false']",2,True
"Vice President Kamala Harris commented on President Joe Biden’s “mental fitness,” saying, “he’s not stable” and “we should all be concerned.”",pants-fire,false,"['false', 'pants-fire']",2,True
"""We are within the margin of error.""",half-true,false,"['mostly-true', 'half-true', 'mostly-false', 'false', 'pants-fire']",5,True
"Says Charlie Crist rode on a jet that ""belongs to a serial polluter with a history of environmental violations fined nearly $2 million for polluting water.""",true,false,"['half-true', 'mostly-false', 'false', 'pants-fire']",4,False
“Myanmar used Dominion Voting Systems.”,false,false,['false'],1,True
“The MOB in PA was HIRED by the Biden team to create fake ballots by the thousands!!”,pants-fire,false,"['false', 'pants-fire']",2,True
"""Ron Johnson has voted against funding for law enforcement and recently opposed a plan to recruit and train new officers """,false,false,"['half-true', 'mostly-false', 'false', 'pants-fire']",4,True
"Says U.S. Sen. Ron Johnson, R-Wisconsin, was elected in a ""very low turnout"" race.",half-true,half-true,"['mostly-true', 'half-true', 'mostly-false', 'false']",4,True
"“Last night I was leading, often solidly, in many key States, in almost all instances Democrat run & controlled. Then, one by one, they started to magically disappear as surprise ballot dumps were counted.”",false,false,"['mostly-false', 'false', 'pants-fire']",3,True
Donald Trump posted on Truth Social that Kamala Harris used to be a man named Kamal Aroush.,false,false,"['false', 'pants-fire']",2,True
"""Could I just point out that ... I seem to get the first question all the time?""",true,true,['true'],1,True
"""There are legitimate and widespread anomalies, and widespread questions about the conduct of (the Wisconsin Supreme Court) election, most visibly in Waukesha County, but also in counties around the state.""",mostly-false,mostly-false,"['true', 'mostly-true', 'half-true', 'mostly-false', 'false']",5,True
"Says gubernatorial candidate Clay Pell ""hasn't spent a dime on advertising.""",pants-fire,false,"['mostly-false', 'false', 'pants-fire']",3,True
Michael Moore is supporting Trump in the 2024 election.,false,false,"['false', 'pants-fire']",2,True
"Says Paul Manafort’s alleged crimes were ""years ago, before Paul Manafort was part of the Trump campaign.""",mostly-false,false,"['mostly-false', 'false', 'pants-fire']",3,True
"Says people in Africa ""literally walk two and three hundred miles"" in order to vote.",pants-fire,false,"['false', 'pants-fire']",2,True
"In the lame-duck session, ""no power was taken away from the governor. Power was not taken away from the attorney general.""",pants-fire,false,"['mostly-false', 'false', 'pants-fire']",3,True
"“When Tim Walz was asked by his country to go to Iraq, do you know what he did? He dropped out of the Army and allowed his unit to go without him.”",mostly-false,false,"['mostly-false', 'false', 'pants-fire']",3,True
"“The recent statement by Chris Krebs on the security of the 2020 Election was highly inaccurate, in that there were massive improprieties and fraud.""",pants-fire,false,"['mostly-false', 'false', 'pants-fire']",3,True
"""There's one (study) that came out of Pew in 2008 that showed 14 percent of people who voted were noncitizens.""",false,false,"['mostly-false', 'false', 'pants-fire']",3,True
Says “Democratic Mayors in some of Wisconsin's largest cities closed voting locations in April to cause chaos.”,false,false,"['half-true', 'mostly-false', 'false', 'pants-fire']",4,True
"“In 12 states, children born alive after a failed abortion have no legal protection, and in three more states children born alive after an abortion had legal rights that governors — like Tim Walz — repealed.”",false,false,"['half-true', 'mostly-false', 'false', 'pants-fire']",4,True
"""After my first year as governor, I was one of the most unpopular governors, maybe the most unpopular governor in the country. ... It changed.""",true,mostly-false,"['mostly-true', 'half-true', 'mostly-false', 'false', 'pants-fire']",5,False
"""Michael Untermeyer has been a Democrat for more than 40 years.""",half-true,false,"['mostly-true', 'half-true', 'mostly-false', 'false', 'pants-fire']",5,True
"If elected, “I will be the youngest vice president in American history.”",false,false,['false'],1,True
"""I would be the first Republican senator elected in New Jersey in 41 years.""",true,true,"['true', 'false']",2,True
"Says attorney general candidate Jon Richards ""went so far to say he would only enforce the laws with which he personally agreed.""",false,false,"['true', 'mostly-false', 'false', 'pants-fire']",4,True
“Antifa is the culprit” in the Capitol riot.,pants-fire,false,"['mostly-false', 'false', 'pants-fire']",3,True
"""Taxpayer-funded benefits to illegals"" in California are ""a skyrocketing cost under Obamacare.""",false,false,"['mostly-false', 'false']",2,True
The “‘Inflation Reduction Act’ increased inflation and drove prices sky high!”,false,false,"['mostly-false', 'false', 'pants-fire']",3,True
"California firefighters decided ""to speak out"" against President Trump because his tweet about the state’s wildfires ""contained so much misinformation.""",true,false,"['true', 'mostly-true', 'half-true', 'mostly-false', 'false', 'pants-fire']",6,True
“CCTV captures the moment a Trump voter in (Wisconsin) is assaulted by two Kamala Harris thugs at a voting station.”,pants-fire,false,"['false', 'pants-fire']",2,True
"""Sen. Obama's campaign announced that he's choosing his  cabinet.""",false,false,"['false', 'pants-fire']",2,True
“Arizona BANS Electronic Voting Machines.”,false,false,"['half-true', 'mostly-false', 'false', 'pants-fire']",4,True
"New York state has ""no ID requirement"" to vote, and people could lie about their address and ""vote in multiple precincts.""",mostly-false,false,"['mostly-false', 'false']",2,True
“Ballots in Ohio are showing Trump’s name misspelled!”,false,false,"['false', 'pants-fire']",2,True
Ted Cruz is in negotiations to be Donald Trump’s running mate.,false,false,"['mostly-false', 'false', 'pants-fire']",3,True
“Virginia Democrat operatives” and Terry McAuliffe campaign staffers posed as white supremacists and stood by Republican Glenn Youngkin’s bus.,false,false,"['mostly-false', 'false']",2,True
"""Sunday was never used before as a voting day in Georgia.”",false,false,"['mostly-false', 'false', 'pants-fire']",3,True
"“If you make less than $100,000, Trump is about to raise your taxes. Currently, you’re taxed at 10% and then 12%. He would raise that to a flat rate of 15%.”",false,false,"['mostly-false', 'false', 'pants-fire']",3,True
"Says he ""won the popular vote if you deduct the millions of people who voted illegally.""",pants-fire,false,"['mostly-false', 'false', 'pants-fire']",3,True
"Gov. Sarah Palin ""got precisely zero support for her call for Alaska's Democratic Senator Mark Begich to resign because Ted Stevens' corruption conviction was overturned.""",false,false,"['mostly-false', 'false', 'pants-fire']",3,True
Says U.S. Rep. Ron Kind has “spent more $ in 100+ days than was spent fighting WWII,false,false,"['mostly-false', 'false']",2,True
Pennsylvania Senate candidate John Fetterman’s tattoo references ‘heroin use’ and the Crips,mostly-false,false,"['mostly-false', 'false', 'pants-fire']",3,True
No openly gay man has ever been elected to the Georgia Legislature.,true,false,"['mostly-false', 'false', 'pants-fire']",3,False
"32,000 votes for David Perdue “disappeared” during the Georgia Senate runoff election.",mostly-false,false,"['half-true', 'mostly-false', 'false']",3,True
"CNN coverage has evidence of the “single most egregious, real-time example of electronic vote fraud.”",pants-fire,false,"['mostly-false', 'false', 'pants-fire']",3,True
"Says Sen. Mitch McConnell's delay in seating Alabama Sen.-elect Doug Jones ""is a flagrant violation of Senate policy, which requires Jones assume office the instant one of them wins the election.""",false,false,"['mostly-false', 'false', 'pants-fire']",3,True
"Wisconsin is “run by Democrats right now,” so they should address election social distancing concerns.",mostly-false,false,"['mostly-false', 'false']",2,True
"Says if elected, he would be the first Mayor who lives east of 82nd.",true,true,['true'],1,True
ABC News fired presidential debate moderators David Muir and Linsey Davis.,pants-fire,false,"['false', 'pants-fire']",2,True
"“Polling center tells some Republicans they ‘already voted’"" in the California recall election.",half-true,false,"['mostly-false', 'false', 'pants-fire']",3,False
"""If Trump tries to lie in a TV ad, most networks will refuse to air it. But Facebook just cashes Trump’s checks.""",mostly-false,false,"['half-true', 'mostly-false', 'false', 'pants-fire']",4,True
Says Joe Biden stays in his basement.,false,false,"['mostly-false', 'false', 'pants-fire']",3,True
Biden Executive Order 14019  “requires our taxpayer-funded federal agencies to violate the Hatch Act and engage in illegal vote harvesting.”,pants-fire,false,"['mostly-false', 'false']",2,False
Bags arriving at the Maricopa County vote counting site are evidence of “Democrats with the help of the media and GOP establishment stealing another election.”,pants-fire,false,"['mostly-false', 'false', 'pants-fire']",3,True
"""New York consistently ranks as one of the worst voting turnout states in the nation.""",true,false,"['true', 'mostly-false', 'false']",3,True
"In Iowa, “since we have put a number of the voting laws into place over the last several years — voter ID is one of those — we've actually seen voter participation increase, even in off-election years.”",true,mostly-true,"['true', 'mostly-true', 'half-true', 'mostly-false', 'false', 'pants-fire']",6,True
"Says rival Jill Karofsky wants ""to disarm law abiding citizens.""",mostly-false,false,"['mostly-false', 'false', 'pants-fire']",3,True
“Report: Biden administration busing ‘thousands’ of illegals to red states to get permanent status.”,false,false,"['mostly-false', 'false', 'pants-fire']",3,True
"John Kasich says he won, despite ""12 visits by a president, somewhere between $45 (million) and $50 million (spent against him,) 500 paid volunteers in here calling me every name in the book, former presidents, first ladies and God-knows-who-else.""",half-true,half-true,"['mostly-true', 'half-true', 'mostly-false', 'false']",4,True
"The DeWine campaign is ""receiving money from so many more people. (Cordray's) money is coming almost exclusively from the party, labor unions, and special counsel that he has given business to.""",half-true,half-true,"['mostly-true', 'half-true', 'mostly-false', 'false']",4,True
"In Fordyce, Arkansas, voting machines changed votes from Republican to Democrat.",pants-fire,false,"['false', 'pants-fire']",2,True
"""Rick Scott’s Administration spent over $100,000 of taxpayer money during their first voter purge attempt in 2012.""",mostly-false,false,"['mostly-true', 'half-true', 'mostly-false', 'false', 'pants-fire']",5,True
"JD Vance “literally wrote the foreword for the architect of the Project 2025 agenda.""",true,false,"['true', 'half-true', 'mostly-false', 'false', 'pants-fire']",5,True
"“In Texas, because of the laws they passed, a 95-year-old World War II veteran is being denied the right to vote by mail because he can't produce a registration number he got back in the 1950s.”",half-true,false,"['mostly-true', 'half-true', 'mostly-false', 'false', 'pants-fire']",5,True
"Under federal law, former President Donald Trump’s “felony convictions mean he can no longer possess guns.”",true,true,"['true', 'false']",2,True
"""Mitt Romney did not run his campaign on the basis of arguing his experience in the business world was a reason to vote for him.""",pants-fire,false,"['false', 'pants-fire']",2,True
"""The right to vote in this country has never been intrinsically tied to citizenship.""",mostly-true,false,"['true', 'half-true', 'mostly-false', 'false']",4,False
"If a ballot has a small dot in the box for Vice President Kamala Harris, “any other box filled in, will be void.”",false,false,"['mostly-false', 'false']",2,True
“Under (the Biden) administration we have witnessed the fastest growth of Black-owned small businesses in more than 30 years.”,true,true,['true'],1,True
"Vice President Mike Pence on Jan. 6, 2021, could have approved the 2020 electoral votes on the condition that Congress pass an overhaul of election law.",false,false,"['mostly-false', 'false', 'pants-fire']",3,True
"""About 57 percent of registered Democrats in the new (9th Congressional) district come from my old district.""",mostly-true,mostly-true,"['mostly-true', 'half-true', 'mostly-false', 'false']",4,True
"Donald Trump “deported less, believe it or not, than Barack Obama even did.""",true,false,"['mostly-false', 'false', 'pants-fire']",3,False
"The audit of the 2020 presidential election in Maricopa County, Ariz., “cost the taxpayers $6 million.”",mostly-false,false,"['mostly-false', 'false', 'pants-fire']",3,True
"“You know how many convicted felons Scott Walker let out during his eight years early on parole? Zero. Tony Evers is approaching 1,000 of these that he’s let out early.""",pants-fire,false,"['mostly-false', 'false', 'pants-fire']",3,True
"“Gasoline prices are now $5, $6, $7 and even $8 a gallon.”",mostly-false,false,"['false', 'pants-fire']",2,False
"""In Chesterfield (Va.), the Southside precinct is infamous for having over 100% of the vote count…”",pants-fire,false,"['mostly-false', 'false', 'pants-fire']",3,True
"""In New Hampshire, I spent $3 million. Jeb Bush spent $44 million. He came in five, and I came in number one.""",mostly-true,false,"['true', 'mostly-true', 'half-true', 'mostly-false', 'false']",5,True
"""Mark Harris worked to stop Trump from being president.""",mostly-false,false,"['half-true', 'mostly-false', 'false', 'pants-fire']",4,True
"Broward County was one of three counties in the nation ""pivotal to an Obama victory"" in 2012.",mostly-false,false,"['half-true', 'mostly-false', 'false', 'pants-fire']",4,True
Georgia didn’t update its voter rolls prior to the 2020 presidential election; “this means we (you!) won the presidential election in Georgia.”,pants-fire,false,"['mostly-false', 'false', 'pants-fire']",3,True
"""Right now, in every major poll, national poll and statewide poll done in the last month, six weeks, we are defeating Trump, often by big numbers and always at a larger margin than Secretary Clinton is.""",mostly-true,true,"['true', 'mostly-true', 'half-true', 'mostly-false', 'false']",5,True
"A Texas law requires every high school to have a voter registrar ""and part of their responsibility is to make sure that when children become 18 and become eligible to vote, that they vote.""",half-true,false,"['true', 'mostly-true', 'half-true', 'mostly-false', 'false', 'pants-fire']",6,True
Says President Joe Biden “recently said that 48.8% of Wisconsin voters are threats to democracy.”,false,false,"['mostly-false', 'false']",2,True
"Cher ""is moving to Canada because of President Trump.""",false,false,"['mostly-false', 'false', 'pants-fire']",3,True
California law lets you “rob a store as long as it’s not more than $950” and “not get charged.” Kamala Harris “did that.”,false,false,"['mostly-false', 'false', 'pants-fire']",3,True
"Says Charlie Crist's campaign bashed Sen. Bill Nelson's ""big-government solutions.""",pants-fire,false,"['half-true', 'mostly-false', 'false', 'pants-fire']",4,True
"“Hollywood actor Kurt Russell just said: ‘It is now proven, beyond a shadow of a doubt that Kamala Harris and Joe Biden CHEATED in the 2020 election with mail-in ballots.’”",false,false,"['false', 'pants-fire']",2,True
The Arizona gubernatorial race was a “fraudulent election.”,pants-fire,false,"['false', 'pants-fire']",2,True
A Georgia Bureau of Investigation agent was killed for investigating the election.,false,false,"['false', 'pants-fire']",2,True
"Says Sen. Bob Casey, D-Pa., “is trying to change the outcome of the election by counting NON-CITIZEN votes.”",false,false,"['mostly-false', 'false', 'pants-fire']",3,True
"""Karrin Taylor Robson gave illegals tuition discounts and made us pay for it.""",half-true,false,"['half-true', 'mostly-false', 'false', 'pants-fire']",4,True
"Says that while his plan would narrow the time for early voting, ""it still will be one of the most aggressive early voting time frames in America.""",pants-fire,false,"['mostly-false', 'false', 'pants-fire']",3,True
"""I won the South Carolina primary in 2004, and I was way behind in the polls at this stage in 2004.""",half-true,mostly-true,"['mostly-true', 'half-true', 'mostly-false', 'false']",4,True
"""I was banned from talking about"" Bill Ayers during the 2008 presidential campaign.",pants-fire,false,"['true', 'half-true', 'mostly-false', 'false', 'pants-fire']",5,True
"""Mickey Mouse was registered to vote (in Florida).""",false,false,"['mostly-false', 'false', 'pants-fire']",3,True
"“6 states will cast their (electoral) votes for Trump AND for Biden,” which will lead to a second Trump term.",false,false,"['false', 'pants-fire']",2,True
"""In 2022, illegal immigrants will have MORE FREEDOMS and easier access to healthcare and ballot boxes than most Americans... Just think about that.""",pants-fire,false,"['mostly-false', 'false', 'pants-fire']",3,True
Republican election challengers were unfairly barred from observing absentee ballot processing and counting in Detroit.,false,false,"['mostly-false', 'false']",2,True
"This Congress ""adjourned earliest of any time in congressional history before an election.""",false,false,"['mostly-false', 'false', 'pants-fire']",3,True
"On the day of the Dec. 6 runoff, “armed groups of Black Panthers” were “reportedly patrolling certain voting locations” in Georgia.",false,false,"['mostly-false', 'false', 'pants-fire']",3,True
"""Roy Moore’s accuser arrested and charged with falsification.""",pants-fire,false,"['false', 'pants-fire']",2,True
"Says signers of recall petitions against Wisconsin Gov. Scott Walker are at risk because of newly ""discovered"" provisions in state law.",mostly-false,false,"['half-true', 'mostly-false', 'false']",3,True
Says “we will know which candidate you voted for.”,pants-fire,false,"['mostly-false', 'false', 'pants-fire']",3,True
"An ongoing audit of the 2020 presidential election in Arizona “showed Trump ahead by 250,000” votes, and “nearly 950,000 ballots are declared illegal, nearly all for Biden.”",pants-fire,false,"['false', 'pants-fire']",2,True
Says Republicans just won two congressional seats in North Carolina “that were not supposed to be won.”,mostly-false,false,"['half-true', 'mostly-false', 'false', 'pants-fire']",4,True
The storming of the Capitol was staged.,false,false,"['false', 'pants-fire']",2,True
"Denies that he said the Obama campaign ""played the race card.""",pants-fire,false,"['false', 'pants-fire']",2,True
"“In Montana, we cherish our public lands. But Tim Sheehy called to transfer them off, so the ultra-rich can buy them up.”",false,mostly-false,"['true', 'mostly-true', 'half-true', 'mostly-false', 'false', 'pants-fire']",6,True
"Says Barack Obama is the ""first president to appoint 45 czars to replace elected officials in his office.""",false,false,"['mostly-false', 'false', 'pants-fire']",3,True
"The IRS ""also investigated liberal groups, groups that had progressive in their name. ... The IRS was basically looking at everybody.""",half-true,false,"['mostly-true', 'half-true', 'mostly-false', 'false']",4,True
“Breaking: Trump names Boebert secretary of education”,false,false,"['false', 'pants-fire']",2,True
“I certainly supported Barack Obama and Joe Biden. ... I was there both times for them.”,half-true,false,"['mostly-true', 'half-true', 'mostly-false', 'false']",4,True
"Says the U.S. election system is ""rigged.""",pants-fire,false,"['mostly-false', 'false', 'pants-fire']",3,True
"“In Nevada, the GOP is succeeding in throwing out the votes of thousands of young people.”",mostly-false,false,"['half-true', 'mostly-false', 'false']",3,True
Adam Laxalt took “campaign cash” from drug companies “and used his office to block local attempts at holding one of the worst offenders accountable.”,mostly-false,mostly-false,"['mostly-true', 'half-true', 'mostly-false', 'false', 'pants-fire']",5,True
"“2,038 suicides have been reported (Nov. 6) following Donald Trump’s election win.”",false,false,"['false', 'pants-fire']",2,True
"“Liz Cheney cries like kids after loses in ‘primary’ against Trump’s pick,” two days before the primary election.",pants-fire,false,"['mostly-false', 'false', 'pants-fire']",3,True
Joe Biden resigned and “Trump is the new president.”,pants-fire,false,"['false', 'pants-fire']",2,True
"""By registration fewer than 20 percent of Florida voters are Independents.""",true,true,"['true', 'false']",2,True
"""There’s a hacking conference that’s held every year in Las Vegas, where I think a 14- or 15-year old-girl from Florida hacked into a replica of Florida’s election system in less than 15 minutes.""",mostly-false,false,"['mostly-true', 'half-true', 'mostly-false', 'false', 'pants-fire']",5,True
"“When you look at Wisconsin, in their largest city they normally have roughly 500 polling places. They just had their election a week ago, and they had five. That is ludicrous.”",half-true,false,"['mostly-false', 'false', 'pants-fire']",3,False
“Phony” ballots “were printed without my name on it.”,mostly-false,false,"['half-true', 'mostly-false', 'false', 'pants-fire']",4,True
Says Joe Biden stuck a gun in an elderly woman’s mouth at a Wisconsin rally,pants-fire,false,"['false', 'pants-fire']",2,True
"Under the SAVE Act, “as long as you have a Real ID … it should be easy for you to register to vote.”",mostly-false,false,"['half-true', 'mostly-false', 'false', 'pants-fire']",4,True
November election data shows a “stunning anomaly in the rejection rate of absentee ballots.”,false,false,"['true', 'mostly-true', 'half-true', 'mostly-false', 'false', 'pants-fire']",6,True
"""If you're in Texas, you have got to drive 120 miles to get an ID.""",half-true,false,"['half-true', 'mostly-false', 'false', 'pants-fire']",4,True
"“The revelation of massive & widespread fraud & deception” in the 2020 election “allows for the termination of all rules, regulations, and articles, even those found in the Constitution.”",pants-fire,false,"['false', 'pants-fire']",2,True
"""If you want to vote in"" Texas, ""you can use a concealed-weapon permit as a valid form of identification, but a valid student ID isn’t good enough.""",true,false,"['true', 'half-true', 'mostly-false', 'false']",4,True
"The Freedom to Vote Act ""automatically registers ineligible voters.""",false,false,"['mostly-false', 'false', 'pants-fire']",3,True
"Says that to drive the length of the newly drawn 15th District ""you’d find yourself on the road as long as it would take to drive from Columbus to Niagara Falls.""",mostly-true,false,"['true', 'mostly-true', 'half-true', 'mostly-false', 'false', 'pants-fire']",6,True
"""It takes quite a while on Election Day to load those ballots, which is why we have the 1 a.m. or 3 a.m. ballot dumping in Milwaukee.""",true,mostly-true,"['mostly-true', 'half-true', 'mostly-false', 'false']",4,False
"""There are hit squads being trained all over this country” to violently oppose a second term for President Donald Trump.",false,false,"['mostly-false', 'false', 'pants-fire']",3,True
"“ICE officials have been ordered NOT to wear their uniforms or badges when they vote today"" so as not to intimidate noncitizens.",mostly-false,false,"['half-true', 'mostly-false', 'false']",3,True
"""An analysis showed that Bernie Sanders would have won the Democratic nomination if it were not for the Super Delegates.""",false,false,"['mostly-false', 'false', 'pants-fire']",3,True
Kari Lake’s lawsuit “exposes Arizona used no signature verification.”,false,false,"['mostly-false', 'false', 'pants-fire']",3,True
"""Ten retired nuns were barred from voting in the 2008 Indiana Democratic primary.""",half-true,half-true,"['mostly-true', 'half-true', 'mostly-false', 'false']",4,True
"The Republican Party has ""21 percent party ID and shrinking.""",mostly-true,mostly-true,"['mostly-true', 'half-true', 'mostly-false', 'false']",4,True
“Minnesota was stolen from Scott Jensen.”,pants-fire,false,"['false', 'pants-fire']",2,True
"“States run elections, not the federal government.”",mostly-false,false,"['mostly-false', 'false']",2,True
"""Since 1904, the Ohio victor has won the presidency 25 out of 27 times """,true,true,['true'],1,True
"""Debate moderators made the false claim to Donald Trump that there is nowhere in the United States where abortion is legal up until birth.""",false,false,['false'],1,True
Wake County is the only large county in North Carolina that elects its commissioners at-large countywide.,mostly-true,false,"['true', 'half-true', 'mostly-false', 'false']",4,False
Says 18 states and the District of Columbia have voted Democratic in six consecutive presidential elections.,true,true,"['true', 'false']",2,True
Poll watchers in Philadelphia prevented from entering polling places.,half-true,false,"['mostly-true', 'half-true', 'mostly-false', 'false']",4,True
"The NRA is ""one of the biggest lobbyists here in the capital. They spend a ton of money during elections. …  they spent more than a million dollars here in Wisconsin on the 2018 elections. Most of that was for Walker, or more specifically against Evers.""",half-true,mostly-true,"['true', 'mostly-true', 'half-true', 'mostly-false', 'false']",5,True
"After a 2022 law, “the vast majority of colleges in New York State do not have on-campus poll sites.”",mostly-true,false,"['mostly-false', 'false', 'pants-fire']",3,False
“MSNBC announced Trump won 2020 election.”,pants-fire,false,"['false', 'pants-fire']",2,True
Says Kamala Harris “advocated for restoring voting rights for the Boston bomber.”,mostly-false,false,"['half-true', 'mostly-false', 'false']",3,True
"Georgia Secretary of State Brad Raffensperger used ""$50 million of Zuckerberg money"" in 2020 to ""tip the scales.""",false,false,"['mostly-false', 'false', 'pants-fire']",3,True
"""Collusion is not a crime.""",mostly-false,false,"['half-true', 'mostly-false', 'false', 'pants-fire']",4,True
"""We heard from the Department of Homeland Security ... that this was probably the most secure election that’s ever been run in the United States.”",true,false,"['mostly-false', 'false', 'pants-fire']",3,False
"Kamala Harris “returned” a $5,000 donation Donald Trump made to her campaign in 2011.",false,false,"['mostly-false', 'false', 'pants-fire']",3,True
Says Mike Pence “said he won’t debate Kamala Harris.”,false,false,"['true', 'false']",2,True
"""Nazi imagery [was used] by the Block for Governor campaign to describe supporters of Allan Fung for Governor.""",false,false,"['half-true', 'mostly-false', 'false', 'pants-fire']",4,True
Elissa Slotkin “gave your hard-earned tax money to illegal immigrants.”,false,false,"['mostly-false', 'false', 'pants-fire']",3,True
"Says Holly Turner ""failed to vote in five straight Republican primaries.""",true,true,"['true', 'false']",2,True
"""Tens of thousands of fraudulent Clinton votes found in Ohio warehouse.""",pants-fire,false,"['mostly-false', 'false', 'pants-fire']",3,True
"Rhode Island’s voter identification law was pushed by ""a black Democrat in the House, a black Democrat in the Senate. That's a fact.""",true,true,"['true', 'false']",2,True
"Says Kansas U.S. House candidate Paul Davis was caught with a stripper during a drug raid and later voted to ""allow strip clubs to open near homes, churches, schools and daycare facilities.""",half-true,false,"['mostly-false', 'false', 'pants-fire']",3,False
"""Thanks to you, in under one week we have the largest GOP (Facebook) page in the Governor's race!""",true,true,['true'],1,True
"""The person that shot Ashli Babbitt — boom — right through the head — just boom — there was no reason for that.""",false,false,"['mostly-false', 'false', 'pants-fire']",3,True
"""The United States is about 100th in voter turnout among the industrialized nations, and Texas is near the bottom in terms of voter registration and voter turnout.""",mostly-true,true,"['true', 'mostly-true', 'half-true', 'mostly-false', 'false', 'pants-fire']",6,True
"A member of the redistricting commission proposed in Issue 2 ""could accept a bribe from somebody"" and ""couldn’t be removed from this commission.""",false,false,"['half-true', 'mostly-false', 'false', 'pants-fire']",4,True
"""I won the majority of the Republican vote in both New Hampshire and South Carolina.""",false,false,['false'],1,True
Kasim Reed has kept every promise he made as a candidate.,mostly-true,mostly-true,"['true', 'mostly-true', 'half-true', 'mostly-false', 'false']",5,True
"""'Wrong precinct' rules exacerbate our provisional ballot problems (and) HB 194 does nothing to solve the wrong-precinct problem.""",true,false,"['true', 'mostly-true', 'half-true', 'mostly-false', 'false']",5,True
"The ""Department of Homeland Security and the State Department coordinated with a group called the ‘Election Integrity Partnership’ to censor Joe Biden’s opponents.”",false,false,"['half-true', 'mostly-false', 'false', 'pants-fire']",4,True
"""I am a candidate. I have not withdrawn.""",true,true,"['true', 'false']",2,True
H.R. 1 “would allow the Boston bomber to have a right to vote.”,false,false,['false'],1,True
"If Joe Biden steps down, Nancy Pelosi will become vice president.",false,false,"['false', 'pants-fire']",2,True
"""Our campaign staff was the first to unionize in the history of politics.""",mostly-true,false,"['true', 'mostly-true', 'half-true', 'mostly-false', 'false', 'pants-fire']",6,True
“Wisconsin found 112k votes at 3am.”,false,false,"['mostly-false', 'false']",2,True
"“Donald Trump added more to the national debt than any other president, ever.”",half-true,false,"['true', 'mostly-false', 'false']",3,False
"""You know what Truman said, ‘You want a friend in Washington, buy a dog.’ """,false,false,"['false', 'pants-fire']",2,True
Kamala Harris has adopted the Nazi-rooted phrase “Strength Through Joy” as her campaign slogan.,false,false,"['false', 'pants-fire']",2,True
"Fifty percent of the votes to Joe Biden in Michigan’s presidential primary election were mail-in, unverified, no signature, no ID.",false,false,"['false', 'pants-fire']",2,True
"""The majority of my contributions have been from private individuals"" giving $125 on average, ""not from PACs, not from groups.""",mostly-true,mostly-true,"['true', 'mostly-true', 'half-true', 'mostly-false', 'false']",5,True
California S.B. 1174 eliminates the requirement for voter ID at polling places.,mostly-false,false,"['mostly-false', 'false', 'pants-fire']",3,True
"After President Donald Trump took office, the U.S. government approved a 2025 $1,000 stimulus program for all Americans.",false,false,"['false', 'pants-fire']",2,True
Joe Biden’s tweet is proof that a helicopter crash that killed six Nigerian billionaires was planned by Biden.,pants-fire,false,"['false', 'pants-fire']",2,True
Document shows “Stormy Daniels exonerated Trump herself!”,false,false,"['mostly-false', 'false', 'pants-fire']",3,True
Says the NAACP's Ohio chapter has endorsed Issue 2.,mostly-false,false,"['mostly-false', 'false']",2,True
"“40,000 rejected vote by mail ballots in DeKalb County need to be cured by Friday or they will be tossed.”",false,false,"['false', 'pants-fire']",2,True
"After Fahrenheit 9/11 came out, ""Bush's approval rating never was better, it only got worse.""",mostly-false,false,"['mostly-false', 'false']",2,True
"Says Wisconsin Gov. Scott Walker is making voting more difficult by closing Department of Motor Vehicles offices where ""low-income voters"" live.",false,false,"['false', 'pants-fire']",2,True
Says Texas proved in court that more than 200 dead people voted in the latest Texas election.,mostly-false,false,"['true', 'half-true', 'mostly-false', 'false', 'pants-fire']",5,True
"Detroit has “2,503 dead people registered” including “one voter born in 1823.”",false,false,"['mostly-false', 'false', 'pants-fire']",3,True
"Says Ohio Rep. Marcy Kaptur ""actually lives"" in ""a fancy condo in the Washington, D.C.  suburbs.""",false,false,"['mostly-false', 'false', 'pants-fire']",3,True
"""70 percent of the people who voted"" on June 5, 2012, ""just didn’t feel comfortable with the recall of the governor,"" weakening any idea that Wisconsin is ""fully behind this Walker agenda.""",half-true,half-true,"['mostly-true', 'half-true', 'mostly-false', 'false']",4,True
"“By federal law, if you sign someone up for Medicaid, you also give them the right to vote. … This is political patronage at the expense of Medicaid.”",false,false,"['mostly-false', 'false', 'pants-fire']",3,True
"In New York City “local elections, illegal immigrants can vote.”",false,false,['false'],1,True
"""‘Simple math’ shows Biden claims 13 million more votes than there were eligible voters who voted in 2020 election.”",pants-fire,false,"['false', 'pants-fire']",2,True
"“If you were forced to use a Sharpie” to fill out your ballot, “that is voter fraud.”",false,false,"['mostly-false', 'false', 'pants-fire']",3,True
"As Florida secretary of state, Kurt Browning ""allowed 1,800 illegal voters to register in Florida.""",pants-fire,false,"['mostly-false', 'false', 'pants-fire']",3,True
Nevada ballots “don’t even have to be postmarked to be counted” after the election.,false,false,"['mostly-false', 'false', 'pants-fire']",3,True
Early vote counts after the polls closed in Georgia’s U.S. Senate runoff are evidence of election fraud.,pants-fire,false,"['false', 'pants-fire']",2,True
“PHIL MURPHY ONLY ALLOWING IN PERSON VOTING ON Election Day AT PRUDENTIAL CENTER IN NEWARK NJ - Calling it a #SuperPollingStation”,mostly-false,false,"['mostly-true', 'half-true', 'mostly-false', 'false', 'pants-fire']",5,True
“Twitter is completely stifling FREE SPEECH” by adding a fact-check label to Trump’s tweet.,pants-fire,false,"['half-true', 'mostly-false', 'false', 'pants-fire']",4,True
"Says Hillary Clinton's ""campaign hasn't been clear about when she wiped her server of her work emails.""",mostly-true,mostly-false,"['mostly-true', 'half-true', 'mostly-false', 'false', 'pants-fire']",5,True
"According to the Census Bureau, “5 million more people voted than were registered to vote” in the 2020 election.",pants-fire,false,['false'],1,False
"""Seniors will see $500 billion in Medicare cuts to fund Obamacare.""",mostly-false,false,"['mostly-false', 'false']",2,True
Says Osama bin Laden endorsed Joe Biden,false,false,"['false', 'pants-fire']",2,True
"Says he has ""been able to attract independents and Democrats to win"" elections in Pennsylvania.",half-true,true,"['true', 'mostly-true', 'half-true', 'mostly-false', 'false', 'pants-fire']",6,True
“Prices are up because these corporations are scheming to drive them up.”,mostly-false,mostly-false,"['mostly-true', 'half-true', 'mostly-false', 'false', 'pants-fire']",5,True
"One of the ""main functions"" of the Department of Homeland Security’s SAVE database is ""checking voter registration citizenship status.""",false,false,"['true', 'mostly-true', 'half-true', 'mostly-false', 'false', 'pants-fire']",6,True
"Claims that Democratic candidate for governor Matt Flynn ""told one child predator to ‘wait and see,’ when he should have turned him in to authorities.""",half-true,false,"['mostly-true', 'half-true', 'mostly-false', 'false', 'pants-fire']",5,True
"“Schaumburg, Illinois not recording votes, just putting votes ‘in a box.’”",false,false,"['mostly-false', 'false', 'pants-fire']",3,True
"Says the NC elections board “did not change state law.""",mostly-false,false,"['half-true', 'mostly-false', 'false', 'pants-fire']",4,True
"Says ""EIGHT Iowa counties have more adults registered to vote than voting-aged adults living there.”",false,false,"['false', 'pants-fire']",2,True
"Says ""Obama paid FBI informant over $1 million to do it to Trump.""",false,false,"['false', 'pants-fire']",2,True
Says the April 22 jump in COVID-19 cases was related to the election.,false,false,"['mostly-false', 'false', 'pants-fire']",3,True
"In rural Virginia, ""Sen. Warner ran 8-10 points ahead of a traditional Democrat -- ahead of Senator Kaine, ahead of Governor McAuliffe.""",false,false,"['true', 'mostly-true', 'half-true', 'mostly-false', 'false', 'pants-fire']",6,True
Elon Musk’s Starlink technology manipulated votes in the 2024 election to benefit Donald Trump.,pants-fire,false,"['mostly-false', 'false', 'pants-fire']",3,True
"Challenger Tim Tuggey ""is a lobbyist who donated over $41,000 to Democrats who support abortion and same-sex marriage.""",mostly-false,false,"['half-true', 'mostly-false', 'false']",3,True
The Lincoln Project is “using A.I. (Artificial Intelligence)” in its “television commercials.”,false,false,"['mostly-false', 'false', 'pants-fire']",3,True
Wisconsin elections administrator Meagan Wolfe “permitted the ‘Zuckerbucks’ influence money.”,pants-fire,false,"['false', 'pants-fire']",2,True
"Says Donald Trump's presidential victory was ""an electoral landslide.""",false,false,"['mostly-false', 'false', 'pants-fire']",3,True
The 2021 Georgia Senate runoff and the 2020 presidential election “were stolen.”,pants-fire,false,"['false', 'pants-fire']",2,True
"Says under his plan to end cash bail ""the Waukesha perpetrator wouldn’t have been released """,mostly-true,false,"['half-true', 'mostly-false', 'false', 'pants-fire']",4,False
"In 1928 ""school boards sent home letters with children saying that if Al Smith is elected president, you will not be allowed to have or read a Bible.""",half-true,false,"['half-true', 'mostly-false', 'false', 'pants-fire']",4,True
Dominion and Smartmatic “have closed up shop” and executives are “on the run.”,false,false,['false'],1,True
"""Victory! Republicans by 2 to 1 vote to endorse Mark Neumann on first ballot at GOP convention.""",false,false,"['mostly-false', 'false']",2,True
Says it shows a “DNC Group” teaching “ILLEGAL VOTING in Arizona.”,false,false,"['mostly-false', 'false', 'pants-fire']",3,True
"Ballot harvesting “altered the outcome” of a city council election in Yuma County, Arizona.",false,false,"['mostly-false', 'false', 'pants-fire']",3,True
The Georgia Secretary of State's Office and the Georgia State Elections Board investigate and penalize hundreds of people guilty of election fraud.,true,true,"['true', 'mostly-true', 'half-true']",3,True
"""Putin Interference Could Give Courts Legal Right to Make Hillary President.""",false,false,"['mostly-false', 'false', 'pants-fire']",3,True
Georgia ranks 49th for women serving in elected state and federal offices.,true,true,['true'],1,True
Michigan U.S. Senate candidate Mike Rogers “wants to cut Medicare and Social Security.”,false,false,"['half-true', 'mostly-false', 'false', 'pants-fire']",4,True
"""More Tennesseans have hunting and fishing licenses than vote.""",false,false,"['mostly-false', 'false']",2,True
"Says the man who rushed the stage at him in Dayton, Ohio, ""had chatter about ISIS, or with ISIS"" in his social media posts.",false,false,"['mostly-false', 'false', 'pants-fire']",3,True
“Republican leadership has not been clear about whether they support Rep. Ramthun’s illegal and undemocratic resolution” on the 2020 election.,false,false,"['true', 'mostly-true', 'half-true', 'mostly-false', 'false', 'pants-fire']",6,True
"Noncitizens in Washington, D.C., “can vote in federal elections.”",false,false,"['mostly-false', 'false', 'pants-fire']",3,True
"""CNN reports DemDebate had 2.3 million viewers. Trump rally had 6.7 million last night!""",false,false,"['mostly-false', 'false', 'pants-fire']",3,True
Kamala Harris’ statements about Trump invoking Adolf Hitler were based on a “debunked hoax from The Atlantic.”,false,false,"['false', 'pants-fire']",2,True
"Wendy Davis is ""fighting to bring ... Bloomberg-style gun control to Texas.""",half-true,false,"['true', 'mostly-true', 'half-true', 'mostly-false', 'false', 'pants-fire']",6,True
"""There’s a section in the Constitution called the Emoluments Clause that says no one, nor their spouses, can take money from foreigners. (Hillary Clinton) has to be guilty of 70 or 100 counts just on that one charge.""",mostly-false,false,"['mostly-false', 'false']",2,True
"“Just last week, Ruben Gallego voted to let the millions of people who poured into our country illegally cast a ballot in this upcoming election.”",false,false,"['mostly-false', 'false', 'pants-fire']",3,True
"Says Donald Trump “voted twice” in the Nov. 3, 2020 election",pants-fire,false,"['false', 'pants-fire']",2,True
"“Two years ago, Bob Casey promised us his vote will reduce inflation. ... Casey’s vote for reckless spending” made inflation worse.",mostly-false,false,"['mostly-false', 'false', 'pants-fire']",3,True
“Two stamps needed for mail-in ballots.”,half-true,false,"['half-true', 'mostly-false', 'false']",3,True
"Says Republican Dan Bishop was ""down by 17"" points in NC congressional race and then won ""by a lot.""",false,false,"['half-true', 'mostly-false', 'false', 'pants-fire']",4,True
"""The most recent Associated Press poll has Nader-Gonzalez at 6 percent, without any national coverage, against McCain and Obama.""",mostly-true,mostly-true,"['mostly-true', 'half-true', 'mostly-false', 'false']",4,True
"Charlie Crist's ""personal approval numbers are plummeting.""",mostly-false,false,"['true', 'mostly-true', 'half-true', 'mostly-false', 'false', 'pants-fire']",6,True
"Election results in Clark County, Nevada, and Arizona are not yet known because those places “want more time to cheat.”",pants-fire,false,"['mostly-false', 'false', 'pants-fire']",3,True
"In Glynn County, Georgia, it was 'voter fraud' when poll workers found no record of a person who already voted.",false,false,"['false', 'pants-fire']",2,True
"""Records suggest more than 100 batches of absentee ballots in Fulton County could be missing.""",false,false,"['mostly-false', 'false', 'pants-fire']",3,True
"""In Florida, when Jeb Bush was governor, state authorities conducted a deeply flawed purge of voters before the presidential election in 2000"" and ""in 2004 a plan to purge even more voters was headed off.""",mostly-true,false,"['true', 'mostly-true', 'half-true', 'mostly-false', 'false', 'pants-fire']",6,True
“Republicans recently passed a bill to eliminate early voting on Sunday” in Georgia,mostly-false,false,"['half-true', 'mostly-false', 'false', 'pants-fire']",4,True
"""California is home to the largest death row population in the Western Hemisphere.""",true,false,"['true', 'mostly-false', 'false', 'pants-fire']",4,True
“Military ready to act on audit results!” in Arizona,false,false,"['false', 'pants-fire']",2,True
Forty percent of union members voted Republican in 2008.,mostly-true,mostly-true,"['true', 'mostly-true', 'half-true', 'mostly-false', 'false']",5,True
"There is ""substantial evidence of voter fraud.""",false,false,"['mostly-false', 'false', 'pants-fire']",3,True
Proposed changes to the Electoral Count act show Pence had the power and “could have overturned the election!”,false,false,"['mostly-false', 'false', 'pants-fire']",3,True
"""Docs: Wisconsin Governor Scott Walker took $1 million from a pro-Putin Ukrainian businessman—last election cycle.""",mostly-false,false,"['mostly-true', 'half-true', 'mostly-false', 'false', 'pants-fire']",5,True
"Says the Clinton Foundation ""accepted millions and millions of dollars from governments like Algeria, Saudi Arabia, Oman and the United Arab Emirates,"" which violated ""a ban on all contributions to the Foundation from foreign nations.""",mostly-false,false,"['half-true', 'mostly-false', 'false']",3,True
"A North Carolina study proves that ""probably over a million people voted twice in (the 2012) election.""",false,false,"['mostly-false', 'false', 'pants-fire']",3,True
"Says Mahlon Mitchell ""received a massive raise on the backs of hard-working firefighters and turned the union into his own personal political slush fund.""",half-true,false,"['mostly-true', 'half-true', 'mostly-false', 'false', 'pants-fire']",5,True
"There was ""serious voter fraud"" in California.",pants-fire,false,"['mostly-false', 'false', 'pants-fire']",3,True
"Says Deputy Comptroller Aycha Sawa ""blocked an audit"" of the Milwaukee lead program for three years that ""put our children in danger"" and spurred a criminal investigation.",pants-fire,false,"['mostly-false', 'false', 'pants-fire']",3,True
"Says state's expected ""increase in federal political clout  is almost entirely due to  the growth of the African American and  Hispanic populations in Texas in  virtually every region of the state.""",mostly-true,mostly-true,"['true', 'mostly-true', 'half-true', 'false']",4,True
"""Dwayne 'The Rock' (Johnson) Has Officially Filed For The 2020 Presidential Campaign""",false,false,"['false', 'pants-fire']",2,True
"Rep. Ruben Gallego is “controlled by the cartels. His own father was a Colombian drug trafficker, and so he’s got links to the cartel.”",pants-fire,false,['false'],1,False
"“It’s not that there is no evidence the election was stolen, but that no court had the guts to HEAR the evidence. They dismissed the cases, NOT the evidence.”",false,false,"['half-true', 'mostly-false', 'false', 'pants-fire']",4,True
“We have cut the flow of fentanyl by half.”,false,false,"['mostly-false', 'false', 'pants-fire']",3,True
Says House candidate Jon Hoadley voted to defund the police,false,false,"['mostly-false', 'false']",2,True
"Democrat ""Russ Feingold announced his Wisconsin Senate run today from…California.""",pants-fire,false,"['true', 'mostly-false', 'false', 'pants-fire']",4,True
"""Rick Scott got a majority of the Hispanic vote in Florida.""",mostly-false,false,"['half-true', 'mostly-false', 'false', 'pants-fire']",4,True
"Robert F. Kennedy Jr. called voter ID “racist,” calls NRA a “terrorist organization” and supports affirmative action.",half-true,false,"['true', 'mostly-true', 'half-true', 'mostly-false', 'false', 'pants-fire']",6,True
The Democratic National Convention was “nearly empty” during its first day.,false,false,"['mostly-false', 'false', 'pants-fire']",3,True
The U.S. “could easily count every vote in every state on election night until a few years ago.”,mostly-false,false,"['mostly-false', 'false', 'pants-fire']",3,True
"""The Electoral College is much more advantageous for Democrats.""",false,false,"['half-true', 'mostly-false', 'false', 'pants-fire']",4,True
"While previous clemency boards granted restoration of civil rights to thousands of Floridians,  ""so far this year, under this clemency board, four (felons) have gotten their rights back.""",mostly-true,false,"['true', 'mostly-true', 'half-true', 'mostly-false', 'false', 'pants-fire']",6,True
"Greg Abbott ""heads up a party whose platform calls for the repeal of the Voting Rights Act.""",mostly-true,false,"['mostly-false', 'false', 'pants-fire']",3,False
"""After filing a lawsuit in Rhode Island, we reached an agreement with state agencies that resulted in more voters being registered in the first full month after our lawsuit than in the entire previous two-year reporting period.""",true,true,"['true', 'mostly-true', 'half-true', 'mostly-false', 'false', 'pants-fire']",6,True
An “anti-Black Lives Matter” flag replaced the American flag behind President Trump during a Waukesha campaign rally.,mostly-true,false,"['mostly-false', 'false', 'pants-fire']",3,False
Split election results show the Arizona governor’s race was rigged.,pants-fire,false,"['false', 'pants-fire']",2,True
"Says U.S. Immigration and Customs Enforcement “will be at every polling station” on Nov. 3, 2020.",false,false,['false'],1,True
Says Texas voters are being asked to act this November on a proposed constitutional amendment affecting property taxes.,pants-fire,false,"['false', 'pants-fire']",2,True
"I am ""the first Latina to run for governor of Texas.""",false,true,"['true', 'false']",2,True
"""Atheists are prohibited from holding office in 8 states.”",half-true,false,"['mostly-true', 'half-true', 'mostly-false', 'false']",4,True
"""When we go to vote, they ask for driver's license and verify that you are a voter and a citizen in the state of Texas.""",half-true,half-true,"['mostly-true', 'half-true', 'mostly-false', 'false']",4,True
"""When Trump won, we had the lowest voter turnout in 20 years.""",false,false,"['half-true', 'mostly-false', 'false']",3,True
Sen. Raphael Warnock “voted for welfare for politicians plan. Up to $25 million of government money for Warnock’s own political campaign.”,false,false,"['half-true', 'mostly-false', 'false', 'pants-fire']",4,True
"Wisconsin is ""one of the bluest"" states, but under Scott Walker its unemployment rate ""is around 3.5%.""",false,false,"['mostly-false', 'false', 'pants-fire']",3,True
"""The State Department asked all secretaries of state to send their emails over."" Hillary Clinton's ""the only one who’s done it.""",mostly-false,false,"['true', 'mostly-true', 'half-true', 'mostly-false', 'false', 'pants-fire']",6,True
"“So the Pennsylvania Supreme Court just ruled, in effect, that the 2020 presidential election was rigged.”",pants-fire,false,"['false', 'pants-fire']",2,True
“Biden says he doesn’t need voters to get elected.”,false,false,"['mostly-false', 'false']",2,True
Says she condemned violence at a campaign stop in Arizona in March.,true,true,['true'],1,True
“Two thirds of eligible voters don’t vote.”,false,false,"['mostly-false', 'false', 'pants-fire']",3,True
Another great endorsement! Barrow Journal explains the difference between me and Jody Hice.,half-true,half-true,"['mostly-true', 'half-true', 'mostly-false', 'false']",4,True
"Says Rebecca Dallet is a ""hypocrite"" because she ""took money from attorneys with over 100 cases before her.""",mostly-false,false,"['half-true', 'mostly-false', 'false']",3,True
"""Texas is one of the most gerrymandered states in the union.""",mostly-true,true,"['true', 'mostly-true', 'half-true', 'false']",4,True
“Jurisdictions representing about 80% of WI residents have passed referendums or resolutions in favor of fair maps.”,true,false,"['true', 'mostly-true', 'half-true', 'mostly-false', 'false', 'pants-fire']",6,True
“Joe Biden announced to the world tonight that they are going to cheat by dumping ballots.”,pants-fire,false,"['false', 'pants-fire']",2,True
The Nashville bombing was an attempt to stop an AT&T audit into Dominion software and cover up election corruption.,pants-fire,false,"['false', 'pants-fire']",2,True
"""Law firm @POTUS used to show he has no ties to Russia was named Russia Law Firm of the Year for their extensive ties to Russia. Unreal.""",mostly-true,false,"['half-true', 'mostly-false', 'false', 'pants-fire']",4,False
"Alison Alter ""has exploited a campaign finance loophole to obtain over $64,000 in public dollars to fund her campaign.""",half-true,false,"['half-true', 'mostly-false', 'false', 'pants-fire']",4,True
"""The person in charge of the Hillary investigation, Andrew McCabe, got $700,000 from (Hillary Clinton) for wife!""",mostly-false,false,"['mostly-false', 'false', 'pants-fire']",3,True
My 2018 election was the first time Speaker Robin Vos has lost a Republican-held seat,true,false,"['mostly-false', 'false', 'pants-fire']",3,False
"""The entire Database of Maricopa County in Arizona has been DELETED!""",false,false,"['false', 'pants-fire']",2,True
"Says Wisconsin ""hadn’t been won by a Republican since Dwight D. Eisenhower, in 1952. And I won Wisconsin. …  Ronald Reagan, remember, Wisconsin was the state that Ronald Reagan did not win.""",pants-fire,false,"['false', 'pants-fire']",2,True
“Many elections in Bexar are being called with 0% of precincts reporting! I smell MAJOR FRAUD!”,false,false,['false'],1,True
"""Legally, it doesn't make any difference"" which state district you live in when running for Congress.",true,true,['true'],1,True
If you know someone's name and date of birth you can change their votes on Oregon’s voting website.,pants-fire,false,"['false', 'pants-fire']",2,True
“Jacky Rosen voted to allow biological men to compete in women’s sports.”,false,false,"['mostly-false', 'false', 'pants-fire']",3,True
"""Facts have come to light that indicate that a pivotal, close election was likely changed through voter fraud on November 8, 2016: New Hampshire’s U.S. Senate Seat, and perhaps also New Hampshire’s four Electoral College votes in the presidential election.""",false,false,"['mostly-false', 'false', 'pants-fire']",3,True
"Says that politicians who approved collective bargaining restrictions for public employees ""exploited a loophole exempting themselves from Senate Bill 5.""",mostly-false,false,"['half-true', 'mostly-false', 'false']",3,True
Says Gerald Daugherty is endorsed by the Austin American-Statesman.,false,false,"['mostly-false', 'false', 'pants-fire']",3,True
"""It's factually correct to say"" that Jennifer Brunner inherited at least 18 lawsuits when she came into the office that were a result of Ken Blackwell’s ""mismanagement of the 2004 election.""",false,false,"['half-true', 'mostly-false', 'false', 'pants-fire']",4,True
"Says Democratic opponent is ""too Republican to stand up for us.""",mostly-false,false,"['half-true', 'mostly-false', 'false', 'pants-fire']",4,True
"“If I mail in my ballot on Sunday and show up to the polling station on Tuesday, they won’t know if I’ve already voted or not. That, my friends, is a serious concern for all of us.”",false,false,"['mostly-false', 'false', 'pants-fire']",3,True
"“If you just count all the deaths in the red states, we are number two in the world in deaths, just behind Brazil.”",mostly-true,mostly-true,"['true', 'mostly-true', 'half-true', 'mostly-false', 'false']",5,True
“Democrats want open borders so they can bring in and amnesty tens of millions of illegal aliens — that’s their electoral strategy.”,false,false,"['half-true', 'mostly-false', 'false', 'pants-fire']",4,True
"""One year ago, (Republicans) would not fill seats vacated for people who went to the administration because of the cost of those elections. Now, they’re talking about changing the rules to add additional elections that will cost millions of dollars of taxpayer expense.""",mostly-true,mostly-true,"['true', 'mostly-true', 'half-true', 'mostly-false', 'false', 'pants-fire']",6,True
"""UPDATE: ‘Thousands’ voted for Doug Jones in Alabama town with population of 2,256""",pants-fire,false,"['false', 'pants-fire']",2,True
"Because the Federal Reserve recently cut interest rates to near 0%, “the Fed will be of little consequence now. They’ve already used what leverage they have.”",false,false,"['half-true', 'mostly-false', 'false', 'pants-fire']",4,True
"""There's been no conclusive or specific report to say"" Russia was trying to muddy the election.",false,false,"['mostly-false', 'false']",2,True
"""In actuality, there is no evidence Joe Biden won” the 2020 election, citing a report’s allegations from five battleground states.",pants-fire,false,"['mostly-false', 'false', 'pants-fire']",3,True
Vice President Kamala Harris “was born in Canada.”,pants-fire,false,['false'],1,False
"""Dead people always vote Democrat.""",false,false,"['mostly-false', 'false', 'pants-fire']",3,True
"""The Koch brothers alone gave twice as much money to Scott Walker as the total amount of money raised by Tom Barrett.""",false,false,"['half-true', 'mostly-false', 'false', 'pants-fire']",4,True
"""Seven Milwaukee wards report more 2020 presidential votes than registered voters.”",pants-fire,false,"['false', 'pants-fire']",2,True
"""We win when voter turnout is high, we lose when it is low.""",mostly-false,false,"['mostly-true', 'half-true', 'mostly-false', 'false', 'pants-fire']",5,True
“In 2020 we won (Wisconsin).”,pants-fire,false,"['false', 'pants-fire']",2,True
"Says the Texas House has ""a record number of new members joining our ranks.""",half-true,half-true,"['mostly-true', 'half-true', 'false']",3,True
"A zero-tolerance policy during the Trump administration ""led to less family separation than under Kamala Harris' border policies.”",false,false,"['mostly-false', 'false', 'pants-fire']",3,True
"""Absent from the news — Dominion lost their lawsuits against Rudy Giuliani and Sidney Powell.""",false,false,"['false', 'pants-fire']",2,True
"In 2008, ""33.2 percent of those who voted early on the last Sunday before Election Day were African-American, while 23.6 percent were Hispanic.""",true,true,"['true', 'mostly-true', 'half-true', 'mostly-false', 'false']",5,True
"California gubernatorial candidate Steve Poizner, a Republican, ""gave $10,000 to Al Gore's recount"" effort in 2000.",mostly-true,false,"['mostly-true', 'half-true', 'mostly-false', 'false', 'pants-fire']",5,True
"Human error, such as skipping a community in the Wisconsin Supreme Court race, ""is common in (the vote-tabulation) process.",mostly-false,mostly-false,"['mostly-true', 'half-true', 'mostly-false', 'false', 'pants-fire']",5,True
"“Washington, D.C., allows noncitizens to vote in (municipal elections)"" so a Russian citizen, after living in Washington for 30 days can ""vote for mayor in Washington, D.C. And they don’t even need to show their ID to do it.”",mostly-true,false,"['half-true', 'mostly-false', 'false', 'pants-fire']",4,False
“Every single Senate Democrat voted against hiring more border agents. They voted against deporting felons. And they voted against ending catch and release.”,mostly-false,false,"['half-true', 'mostly-false', 'false', 'pants-fire']",4,True
"On June 7, 2011, Kamala Harris was involved in a San Francisco hit-and-run crash that injured a woman named Alicia Brown.",pants-fire,false,"['mostly-false', 'false', 'pants-fire']",3,True
Democrats “used COVID to cheat” in the 2020 election.,pants-fire,false,"['false', 'pants-fire']",2,True
Proof of citizenship isn't necessary before you register to vote in Florida.,mostly-false,false,"['mostly-false', 'false', 'pants-fire']",3,True
"Says 93,000 blacks didn’t vote in Milwaukee (in 2016)",mostly-true,false,"['mostly-false', 'false']",2,False
"“In Nevada, they want to have a thing where you don’t have to have any verification of the signature” on ballots.",false,false,"['mostly-false', 'false', 'pants-fire']",3,True
"Says Bernie Sanders ""wins California landslide, But ⅔ of his votes aren’t counted.""",pants-fire,false,"['mostly-false', 'false', 'pants-fire']",3,True
A $2 million grant for Georgia’s DeKalb County amounts to a “private takeover of election offices.”,false,false,"['half-true', 'mostly-false', 'false', 'pants-fire']",4,True
"Says Rick Santorum ""voted to let convicted felons vote.""",half-true,false,"['half-true', 'mostly-false', 'false', 'pants-fire']",4,True
Says it’s illegal to hold an absentee-only election or mail ballots to every registered voter,true,false,"['half-true', 'mostly-false', 'false', 'pants-fire']",4,False
"Says Jeb Bush ""significantly cut early voting prior to the 2008 presidential election.""",mostly-true,false,"['half-true', 'mostly-false', 'false']",3,False
"Says Joe Biden's plan for net-zero emissions ""would instantly shut down all fracking and all mining immediately in Pennsylvania.""",false,false,"['half-true', 'mostly-false', 'false']",3,True
Philadelphia is “clouding the vote counting in a shroud of darkness.”,false,false,"['mostly-false', 'false', 'pants-fire']",3,True
Says approximately 70 percent of jobs created in the United States in November 2007-2008 were in Texas.,false,false,"['false', 'pants-fire']",2,True
"“Elective abortions up to and including the moment of birth. Healthy, 9-month-year-old baby killed at the moment of birth. That’s what Jon Tester and the Democrats have voted for.”",false,false,"['mostly-false', 'false', 'pants-fire']",3,True
"""Most Texans aren't millionaires.""",true,false,"['true', 'mostly-true', 'half-true', 'mostly-false', 'false']",5,True
"""Unfortunately during COVID, the clerks in Madison and Milwaukee told their constituents that they were actually indefinitely confined and did not have to come and vote, which was incorrect.""",mostly-true,false,"['half-true', 'mostly-false', 'false', 'pants-fire']",4,False
The Georgia House passed a bill that “makes it a misdemeanor to give food or water to voters waiting in line.”,true,false,"['true', 'mostly-false', 'false']",3,True
President Joe Biden’s immigration policy was “a giant voter importation scam.”,pants-fire,false,"['mostly-false', 'false', 'pants-fire']",3,True
"""The governor won this state with 49 percent. We had some of the closest races in the House in history. So you’re not dealing with this 70-30, like they want to make it.""",mostly-true,mostly-true,"['true', 'mostly-true', 'half-true', 'mostly-false']",4,True
"California has seen a ""56 percent decline in the gun murder rate"" since the 1990s.",mostly-true,false,"['half-true', 'mostly-false', 'false', 'pants-fire']",4,False
"Says Obama said black people have the ""worst jobs, the worst housing"" and face rampant police brutality, ""but when so-called black committeemen came around election time we’d all line up and vote the straight Democratic ticket, sell our souls for a Christmas turkey.""",pants-fire,false,"['mostly-false', 'false', 'pants-fire']",3,True
"A clip of Joe Biden shows him reading a response to an interview question from a teleprompter, saying “I lost that line.”",pants-fire,false,"['true', 'mostly-false', 'false', 'pants-fire']",4,True
"""The Inspector General’s report now makes clear that the FBI launched an intrusive investigation of a U.S. presidential campaign on the thinnest of suspicions.""",mostly-false,false,"['half-true', 'mostly-false', 'false', 'pants-fire']",4,True
NFL’s Philadelphia Eagles endorsed Kamala Harris for president.,false,false,"['false', 'pants-fire']",2,True
Says Denzel Washington supports Donald Trump and speaks out against Barack Obama.,pants-fire,false,"['false', 'pants-fire']",2,True
Nikki Haley “raised taxes.”,mostly-false,false,"['half-true', 'mostly-false', 'false', 'pants-fire']",4,True
"The FBI targeted a woman and searched her home because she “protested local school board, elections.”",mostly-false,false,"['mostly-false', 'false', 'pants-fire']",3,True
"""Out of 67 counties (in Florida), I won 66, which is unprecedented. It's never happened before.""",pants-fire,false,"['mostly-false', 'false']",2,False
“The legislature has long maintained that the law never allowed these illegal drop boxes.”,mostly-false,false,"['half-true', 'mostly-false', 'false', 'pants-fire']",4,True
“Ballots are not supposed to have fold lines or creases in the candidates name area” or it could invalidate your vote.,false,false,['false'],1,True
"“Biden failed to condemn far-left violent groups like Antifa, instead faulting only the brave men and women of law enforcement.”",false,false,"['half-true', 'mostly-false', 'false']",3,True
"Says Rep. Maxine Waters, D-Calif., only needs about 40,000 to 50,000 votes to win election to Congress compared with the 120,000 votes King needs, because Waters has a higher immigrant population.",half-true,false,"['half-true', 'mostly-false', 'false', 'pants-fire']",4,True
"“In the 2020 election, President Trump voted from behind the desk in the White House in Florida.”",half-true,false,"['half-true', 'mostly-false', 'false', 'pants-fire']",4,True
"Texas ""had the highest level of turnout than ever before in the primary.""",half-true,false,"['half-true', 'mostly-false', 'false', 'pants-fire']",4,True
"Says he got ""support all over Raleigh""",half-true,false,"['mostly-true', 'half-true', 'mostly-false', 'false', 'pants-fire']",5,True
Vice President Kamala Harris has been “going so far as to call me Adolf Hitler.”,false,false,"['mostly-false', 'false', 'pants-fire']",3,True
"Says ""Kurt Russell supports Trump"" by wearing a Trump T-shirt.",pants-fire,false,"['mostly-false', 'false', 'pants-fire']",3,True
"""Pelosi sinks to new low, tells Dems: if you have to lie to voters to win, do it.""",false,false,"['mostly-false', 'false', 'pants-fire']",3,True
"""Send your postcards to 5 key states to decertify fraud” in the 2020 election.",pants-fire,false,"['false', 'pants-fire']",2,True
“The mainstream media pretended there was a deadly surge in COVID cases thanks to Wisconsinites voting.”,pants-fire,false,"['mostly-false', 'false', 'pants-fire']",3,True
"Says Hillary Clinton spent 30 days in the hospital in 2012 and appeared ""wearing glasses that are only for people who have traumatic brain injury.""",false,false,"['mostly-false', 'false']",2,True
“Netflix stock tumbles almost 40%” after the company donated to Kamala Harris’ campaign.,false,false,"['false', 'pants-fire']",2,True
Student ID cards are a “source of fraud” at the polls.,false,false,"['mostly-false', 'false', 'pants-fire']",3,True
"“In certain swing states, there were more votes than people who voted, and in big numbers.”",pants-fire,false,"['false', 'pants-fire']",2,True
"""Studies have shown that voter fraud is non-existent in Texas.""",false,false,"['mostly-false', 'false', 'pants-fire']",3,True
"Says Congresswoman Loretta Sanchez ""has passed one bill in her 20 years in Congress, and that was to rename a post office.""",half-true,false,"['true', 'false']",2,False
Says he was the first local official to endorse Barack Obama,mostly-false,false,"['half-true', 'mostly-false', 'false', 'pants-fire']",4,True
"Says SJR 11 ""seeks to fix what is very quickly becoming a problem in Missouri — initiative petitions and referendums are being filed at record highs.""",mostly-true,true,"['true', 'false']",2,False
"""We haven't yet taken out a negative ad.""",pants-fire,false,"['false', 'pants-fire']",2,True
Dominion Voting Systems “deleted 2.7 million Trump votes nationwide.”,pants-fire,false,"['false', 'pants-fire']",2,True
"""In three days last week, (Gov. Rick) Perry  flew to five cities at taxpayers’ expense, holding press conferences,  delivering $2,325,000 in checks.""",pants-fire,false,"['mostly-false', 'false', 'pants-fire']",3,True
"""We have 17 intelligence agencies, civilian and military, who have all concluded that these espionage attacks, these cyberattacks, come from the highest levels of the Kremlin, and they are designed to influence our election.""",true,false,"['true', 'mostly-true', 'half-true', 'mostly-false', 'false', 'pants-fire']",6,True
"""A witness will testify against Hillary Clinton.""",false,false,"['mostly-false', 'false', 'pants-fire']",3,True
"""I have voted every year in Wisconsin.""",false,false,['false'],1,True
If Donald Trump “didn’t win Michigan why does the actual government site say he did?”,false,false,"['mostly-false', 'false', 'pants-fire']",3,True
"Says that in the 1985 election former Gov. Tom Kean had ""the largest winning margin for a gubernatorial candidate in Jersey history.""",true,true,"['true', 'false']",2,True
"“Congo, Africa, just released a lot of people, a lot of people from their prisons and jails and brought them into the United States of America.”",pants-fire,false,"['mostly-false', 'false', 'pants-fire']",3,True
"Dollar Tree, Walgreens, Macy’s, Foot Locker, Gap, Burger King, Regal Cinemas and Kroger have had mass store closures during Joe Biden’s presidency.",half-true,false,"['mostly-true', 'half-true', 'mostly-false', 'false', 'pants-fire']",5,True
"""It's an absolute fact"" that China and North Korea ""have consistently over many, many years"" meddled in U.S. elections.",false,false,"['mostly-false', 'false', 'pants-fire']",3,True
"""Scott Walker raises nearly 70 percent of his money from out of state""",mostly-false,false,"['mostly-true', 'half-true', 'mostly-false', 'false', 'pants-fire']",5,True
“One in six local election officials have received threats of violence” and threats against judges have doubled over four years and threats against members of Congress have increased by 10 times over five years.,mostly-true,true,"['true', 'mostly-true', 'half-true', 'mostly-false', 'false']",5,True
Says Joe Biden has “written a letter of apology” for calling Trump’s travel restrictions from China “xenophobic.”,false,false,"['mostly-false', 'false', 'pants-fire']",3,True
"""Any Floridian who has ever requested an absentee ballot henceforth gets one automatically.""",false,false,"['mostly-false', 'false']",2,True
Vice President Kamala Harris was fired from McDonald’s for stealing.,pants-fire,false,"['false', 'pants-fire']",2,True
"""By the end of Governor Rick Perry's term, he will have drained Texas taxpayers ... of more than $360,000 to pay for the rental mansion he has been living in while the historic Governor's Mansion is repaired.""",true,true,"['true', 'false']",2,True
Clips of Nikki Haley speaking about Hillary Clinton show Haley supports Clinton and is “not who she says she is.”,false,false,"['mostly-false', 'false', 'pants-fire']",3,True
"“Nevada AG admits to changing signature verifications manually for over 200,000 votes.”",false,false,"['false', 'pants-fire']",2,True
"Scott Maddox is a ""lobbyist.""",true,false,"['true', 'false']",2,True
"“In a majority of states, new voters are able to obtain a rifle quicker than they’re able to cast their first ballot.”",mostly-true,false,"['mostly-false', 'false', 'pants-fire']",3,False
"""Second Roy Moore Accuser Works For Michelle Obama Right NOW""",pants-fire,false,"['false', 'pants-fire']",2,True
"Says Supreme Court rival Michael Screnock ""is running with the Koch brothers support.""",half-true,half-true,"['mostly-true', 'half-true', 'mostly-false', 'false']",4,True
"Wisconsin’s Government Accountability Board ""ignored their duties and did not regularly audit"" voters to remove felons ""for a span of 16 elections.",half-true,half-true,"['mostly-true', 'half-true', 'mostly-false', 'false']",4,True
“They removed your ability to go buy firearms the day of election.”,false,false,"['half-true', 'mostly-false', 'false', 'pants-fire']",4,True
"“There is no campaigning going on, none whatsoever.”",false,false,"['false', 'pants-fire']",2,True
"""Three hundred sixty thousand Pennsylvanians fought on the side of the Union to defeat the flag, that Confederate flag, including more Black soldiers coming from Pennsylvania than any other state in the nation.""",mostly-true,true,"['true', 'mostly-true', 'half-true', 'mostly-false', 'false']",5,True
"Says the Democratic Party created a debate schedule ""to maximize the opportunity for voters to see our candidates.""",false,false,"['half-true', 'mostly-false', 'false', 'pants-fire']",4,True
"California’s rent control measure Proposition 10 would have ""No effect on homeowners""",half-true,false,"['half-true', 'mostly-false', 'false', 'pants-fire']",4,True
"""The average margin of victory in the House of Representatives was 37%"" for Democrats and Republicans in the 2016 election.",true,false,"['true', 'mostly-true', 'half-true', 'mostly-false', 'false']",5,True
"""Snitker has been virtually ignored by the major media.""",true,false,"['true', 'false', 'pants-fire']",3,True
"“39% of Americans … 31% of independents ... 17% of Democrats believe the election was rigged.""",mostly-false,false,"['mostly-false', 'false']",2,True
"﻿﻿""Since Mayor Kennedy O’Brien took office Sayreville has issued 22,081 building permits! Now O’Brien is holding secret meetings with big developers.""",mostly-false,false,"['half-true', 'mostly-false', 'false', 'pants-fire']",4,True
"If a 12-year-old girl became pregnant because of rape or incest, ""Tim Michels would force her to deliver the baby.""",mostly-true,false,"['half-true', 'mostly-false', 'false', 'pants-fire']",4,False
A Georgia law has not “criminalized giving people bottles of water.” It pertains to political organizations.,mostly-false,false,"['half-true', 'mostly-false', 'false', 'pants-fire']",4,True
Kanye West’s access to Wisconsin’s ballot was “denied by liberals.”,mostly-false,false,"['mostly-false', 'false', 'pants-fire']",3,True
Graph shows Gretchen Whitmer stole the Michigan gubernatorial election.,pants-fire,false,"['false', 'pants-fire']",2,True
"""Tonight in Ohio, more people came out to vote for Barack Obama in an unopposed race than voted for (Mitt) Romney and (Rick) Santorum combined.""",false,false,"['mostly-false', 'false', 'pants-fire']",3,True
"""Ukraine blatantly interfered in our election.""",false,false,"['mostly-false', 'false', 'pants-fire']",3,True
"“Joe Biden’s open border” means that there are “more Democrat voters pouring into this country.""",false,false,"['false', 'pants-fire']",2,True
"Hillary Clinton ""starts off with 47 percent of the country against her.""",true,true,"['true', 'mostly-true', 'half-true', 'mostly-false', 'false']",5,True
"Says the Club for Growth tries to defeat Republicans, and that its president called Nancy Pelosi ""the person I respect the most in Washington.""",mostly-false,false,"['true', 'mostly-true', 'half-true', 'mostly-false', 'false', 'pants-fire']",6,True
"""In New York, when she ran for reelection, she carried 58 of our 62 counties. George Bush had won 40 counties in New York just two years earlier.""",true,true,['true'],1,True
“I think they found a way to target Democratic districts and send millions of votes into a black hole. The numbers aren't adding up.”,pants-fire,false,"['mostly-false', 'false', 'pants-fire']",3,True
"""Attorney General Eric Holder is involved in the dismissal of the criminal charges"" against the New Black Panther Party for voter intimidation",false,false,"['true', 'half-true', 'mostly-false', 'false', 'pants-fire']",5,True
Kamala Harris “supports mandatory gun confiscation.”,mostly-false,false,"['mostly-false', 'false']",2,True
"“ABC lost $27M in ad revenue after advertisers pulled ads from the network after the way they hosted the debate"" on Sept. 10.",pants-fire,false,"['false', 'pants-fire']",2,True
Joe Biden was called for Michigan even though Donald Trump won more votes.,false,false,"['mostly-false', 'false', 'pants-fire']",3,True
"Says Mitt Romney ""was one of the first national Republican leaders to endorse"" Marco Rubio.",half-true,true,"['true', 'mostly-true', 'half-true', 'mostly-false', 'false']",5,True
"McCain ""hired some of the biggest lobbyists in Washington to run his campaign.""",true,false,"['true', 'mostly-false', 'false']",3,True
The Trump administration put secret watermarks on official ballots to trick cheating Democrats.,pants-fire,false,"['false', 'pants-fire']",2,True
"John McCain ""said publicly that Hillary Clinton would make a good president.""",true,true,['true'],1,True
"“Biden’s Air Force One is not the same as Trump’s Air Force One,” which indicates Biden is not the real president.",pants-fire,false,"['mostly-false', 'false']",2,False
Donald Trump “intends to cut” Medicare.,mostly-false,false,"['half-true', 'mostly-false', 'false', 'pants-fire']",4,True
The Chicago Cubs owner is bankrolling Brad Schimel.,mostly-true,false,"['half-true', 'mostly-false', 'false', 'pants-fire']",4,False
"In Iowa, ""they have allowed a little over 300 people to re-vote.""",pants-fire,false,"['false', 'pants-fire']",2,True
“The FBI tapped my phone” and those of other senators.,mostly-false,false,"['mostly-false', 'false', 'pants-fire']",3,True
“1776 flag flying over White House!” in January 2021. “Revolution Signal.”,false,false,"['false', 'pants-fire']",2,True
"In 2018, when he ran for senator, ""young voter turnout in early voting was up 500%. We won more votes than any Democrat has in the history of the state of Texas.""",true,true,"['true', 'mostly-true', 'half-true', 'false']",4,True
Says “Joe Biden is absolutely on board with defunding the police.”,false,false,"['mostly-false', 'false', 'pants-fire']",3,True
"H.R. 1 “mandates practices nationwide” that include “ballot harvesting, universal mail-in voting and same-day registration.”",half-true,false,"['half-true', 'mostly-false', 'false', 'pants-fire']",4,True
"GOP-backed ""racist disenfrachisement"" led to only five polling places being open in Milwaukee for April 7 election.",mostly-false,mostly-false,"['half-true', 'mostly-false', 'false']",3,True
"""We are watching, you know, millions of illegal immigrants cross our borders, and many of them voting in the past election that's what, just a couple weeks ago.""",pants-fire,false,"['false', 'pants-fire']",2,True
"Says Donald Trump ""won more counties than any candidate on our side since Ronald Reagan.""",mostly-true,true,"['true', 'false']",2,False
"“In Wisconsin, there are approximately 70,000 absentee ballots that do not have matching ballot applications as required by law.”",pants-fire,false,"['mostly-false', 'false', 'pants-fire']",3,True
Only Democratic cities take “‘days’ to count their votes” while “the rest of the country manages to get it done on election night.”,mostly-false,false,"['half-true', 'mostly-false', 'false', 'pants-fire']",4,True
"“CNN will implement a 1-2 minute delay for tonight’s presidential debate instead of the standard 7-second delay, potentially allowing time to edit parts of the broadcast.”",false,false,"['false', 'pants-fire']",2,True
"Says Donald ""Trump decided to *not* work with Cambridge Analytica during the election.""",mostly-false,false,"['mostly-false', 'false', 'pants-fire']",3,True
“Ballots in Arizona’s Maricopa County” from the 2020 presidential election “found shredded and in dumpster days before Senate audit to begin.”,false,false,"['mostly-false', 'false', 'pants-fire']",3,True
“At John Lewis funeral Obama told a room full of people that rooms full of people is too dangerous so we must mail in vote.”,false,false,"['mostly-false', 'false', 'pants-fire']",3,True
"""Taylor Swift unexpectedly lost a $125 million brand contract after a massive advertising campaign” endorsing Vice President Kamala Harris.",false,false,"['false', 'pants-fire']",2,True
"""Over time there have been 160-some carve-outs to the filibuster.""",mostly-true,mostly-true,"['true', 'mostly-true', 'half-true', 'mostly-false', 'false', 'pants-fire']",6,True
“Biden wants to immediately stop all aid to Israel.”,false,false,"['mostly-false', 'false', 'pants-fire']",3,True
"He's been endorsed by ""every major newspaper here in the state of Texas.""",true,true,['true'],1,True
"""Collusion is not illegal.""",mostly-false,false,"['mostly-false', 'false', 'pants-fire']",3,True
"""At least three or four of the pieces that are in"" in the Republican lame-duck legislation, Scott Walker ""has vetoed previously.""",mostly-true,mostly-true,"['true', 'mostly-true', 'half-true', 'mostly-false', 'false', 'pants-fire']",6,True
"""Many just call him 'Lyin' Ted.' ... His TV ad about John Kasich? Lie! Stations had to pull it off the air.""",false,false,"['mostly-false', 'false', 'pants-fire']",3,True
"“There is no chain of custody” for ballots placed in Box No. 3 at Maricopa, Arizona, polling sites.",false,false,"['mostly-false', 'false']",2,True
"“Did you see President Trump’s RECORD TURNOUT? Iowa - 32,389 Republicans.”",half-true,true,"['true', 'mostly-true', 'half-true', 'mostly-false', 'false']",5,True
A fake Nancy Pelosi said she won’t seek the speaker position again because the real Pelosi was arrested in 2021.,pants-fire,false,"['false', 'pants-fire']",2,True
President-elect Donald Trump posted on X that he is “purchasing TikTok.”,false,false,"['false', 'pants-fire']",2,True
Says North Carolina Gov. Roy Cooper “has seen his approval rating plummet”,mostly-false,false,"['mostly-true', 'half-true', 'mostly-false', 'false', 'pants-fire']",5,True
"""It is senior citizens, not Hispanics, who are the fastest-growing demographic in this country.""",mostly-false,false,"['mostly-false', 'false', 'pants-fire']",3,True
“People don’t pretend to be someone else to go in and vote. You just don’t see that kind of fraud.”,mostly-true,true,"['true', 'mostly-true', 'mostly-false', 'false']",4,True
The voting rights bill “would register millions of illegal aliens to vote. It is intended to do that.”,pants-fire,false,"['mostly-false', 'false', 'pants-fire']",3,True
"Democratic Party candidates for the state Assembly ""actually received 200,000 more votes statewide"" than their Republican counterparts in the 2012 election",mostly-true,mostly-true,"['true', 'mostly-true', 'half-true', 'mostly-false', 'false']",5,True
"“All the billionaires in America, their net worth combined … has increased by $800 billion” during the pandemic.",mostly-true,false,"['true', 'mostly-true', 'half-true', 'mostly-false', 'false']",5,True
“Hoadley called women ‘breeders.’... wanted to learn about crystal meth and wrote that his sexual partners were his victims. Hoadley even wrote about a four year-old wearing a thong.”,mostly-false,false,"['mostly-false', 'false', 'pants-fire']",3,True
"""Over 240,000 'unverified' ballots have already been sent out in Pennsylvania, a total mess. The Democrats are playing games again.”",false,false,"['mostly-false', 'false', 'pants-fire']",3,True
"""I don't think anybody is questioning the legitimacy of the presidential election.""",pants-fire,false,"['mostly-false', 'false', 'pants-fire']",3,True
Texas Attorney General Ken Paxton was “caught on tape saying he discarded 2.5 million mail-in ballots in Texas.”,false,false,"['false', 'pants-fire']",2,True
"“Judge Rules Over 200,000 Biden Votes Are Illegitimate In Wisconsin.”",false,false,"['mostly-false', 'false', 'pants-fire']",3,True
“Georgia and Kansas Capitol buildings have been stormed by protesters.”,false,false,"['mostly-false', 'false', 'pants-fire']",3,True
The problem with mail ballots in Lancaster County is a sign of “voter fraud.”,false,false,"['mostly-false', 'false']",2,True
"Georgia Gov. Brian Kemp was calling President Joe Biden after Hurricane Helene but ""hasn't been able to get him.”",false,false,"['false', 'pants-fire']",2,True
"""The FBI is involved in an investigation about people in the Rio Grande Valley who are using cocaine to buy votes.""",mostly-true,false,"['true', 'half-true', 'mostly-false', 'false']",4,False
"Social media posts claim the U.S. Postal Service “says you should give mail in ballots at least 14 days roundtrip. So, if you plan to vote by mail, election day isn’t November 3. It’s October 20th.”",half-true,false,"['true', 'mostly-true', 'half-true', 'mostly-false', 'false']",5,True
A Detroit TV station aired the election results a week early.,half-true,false,"['mostly-false', 'false', 'pants-fire']",3,False
The Electronic Registration Information Center is “a system that’s funded by George Soros.”,false,false,"['mostly-false', 'false']",2,True
Poll watchers in Philadelphia “were thrown out.”,false,false,"['mostly-false', 'false', 'pants-fire']",3,True
"""55 percent of the people who cast a provisional ballot (in Florida) in the last presidential election -- their vote did not count.""",mostly-true,false,"['mostly-true', 'half-true', 'mostly-false', 'false']",4,True
"Counting ballots for weeks after Election Day “is totally inappropriate, and I don't believe that's by our laws.""",pants-fire,false,"['mostly-false', 'false', 'pants-fire']",3,True
"""The Koch network (is) spending more money (in a Senate race) in Ohio than anywhere else in the country.""",true,false,"['true', 'mostly-true', 'half-true', 'mostly-false', 'false', 'pants-fire']",6,True
"""I am going to be on the ballot in all 50 states. There is no other third-party candidate that’s going to come close to achieving that.""",mostly-true,false,"['half-true', 'mostly-false', 'false', 'pants-fire']",4,False
"""In every single country, she had a majority of the vote -- or more of those who'd already made up their minds.""",mostly-true,false,"['mostly-true', 'half-true', 'mostly-false', 'false']",4,True
Democrats don’t deport undocumented migrants “because every illegal is a highly likely vote at some point.”,false,false,"['mostly-false', 'false', 'pants-fire']",3,True
"A new Colorado law ""literally allows residents to print ballots from their home computers, then encourages them to turn ballots over to ‘collectors.’ """,false,false,"['mostly-true', 'half-true', 'mostly-false', 'false']",4,True
"Says the ""last non-partisan commission to improve the voting experience in America concluded that #VoterID was necessary.""",true,false,"['true', 'mostly-true', 'half-true', 'mostly-false', 'false', 'pants-fire']",6,True
"""I have tremendous support from women.""",false,false,"['mostly-false', 'false']",2,True
"""Ohio is not meeting its obligation to update voter registrations when voters change their address with the BMV.""",true,true,['true'],1,True
The United States was not one of 16 countries where David Perdue said in his Pillowtex deposition that he created jobs.,mostly-false,false,"['half-true', 'mostly-false', 'false', 'pants-fire']",4,True
"Says state Supreme Court candidate Joe Donald twice ""supported"" incumbent Justice Rebecca Bradley.",mostly-true,mostly-true,"['mostly-true', 'half-true', 'mostly-false', 'false']",4,True
Republican Senate candidate Dave McCormick “wants to outlaw abortions.”,mostly-false,false,"['mostly-true', 'half-true', 'mostly-false', 'false', 'pants-fire']",5,True
"""California sends 440,000 ballots to ineligible voters.""",false,false,"['mostly-false', 'false', 'pants-fire']",3,True
"Nevada Sen. Jacky Rosen said the Biden administration did a ""tremendous job"" on the U.S. military’s Afghanistan withdrawal.",mostly-false,false,"['half-true', 'mostly-false', 'false', 'pants-fire']",4,True
“Fairfax County is not requiring the last four digits of Social Security Numbers on absentee ballots in this election.”,mostly-false,false,"['mostly-false', 'false', 'pants-fire']",3,True
“Bob Casey and Kamala Harris want to BAN fracking.”,false,false,"['mostly-false', 'false', 'pants-fire']",3,True
"Sen. Bob Casey ""has voted in lockstep with his liberal party to defund the police.""",false,false,"['half-true', 'mostly-false', 'false']",3,True
"A bill passed by GOP legislators ""makes it harder to prosecute people and groups that violate campaign finance laws.""",true,false,"['mostly-true', 'half-true', 'mostly-false', 'false', 'pants-fire']",5,False
"Says in regard to providing ""more tax cuts for the rich,"" Bill Pascrell said, ""Republicans had great ideas. I liked some of their ideas.""",pants-fire,false,"['mostly-false', 'false']",2,False
“Fani Willis has just confessed to collusion with J6 committee.”,false,false,"['false', 'pants-fire']",2,True
"Voter turnout for some groups in the 2008 presidential general election in Georgia ""was far greater than it should have been demographically.""",mostly-true,false,"['mostly-true', 'half-true', 'mostly-false', 'false', 'pants-fire']",5,True
"The Republican Party ""fought very hard in the '60s to get the civil rights bill passed, as well as the voting rights bill.""",true,true,['true'],1,True
California’s registered independent voters “will not be able to vote republican come 2020.”,false,false,"['mostly-false', 'false']",2,True
"""The president won the youth vote 3 to 1, but his numbers have dropped 20, 30 percent among the youth.""",mostly-true,false,"['half-true', 'mostly-false', 'false']",3,False
"In Texas, a person can register a dead relative to vote and then cast a mail ballot in their name.",mostly-false,false,"['mostly-false', 'false', 'pants-fire']",3,True
“The Post Office advises never send cash in the mail. It’s not secure. Vote by mail?”,mostly-false,false,"['true', 'mostly-true', 'half-true', 'mostly-false', 'false']",5,True
"""Millions of dollars are spent by Planned Parenthood to elect Democrats to the House of Representatives and the Senate.""",mostly-true,mostly-true,"['true', 'mostly-true', 'half-true', 'mostly-false', 'false']",5,True
"“60% of Alaska voters voted for a Republican, but thanks to a convoluted process and ballot exhaustion — which disenfranchises voters — a Democrat ‘won.’""",mostly-false,false,"['half-true', 'mostly-false', 'false', 'pants-fire']",4,True
"Says ""Stacey Abrams wants to give illegal aliens the right to vote.""",mostly-false,false,"['mostly-false', 'false', 'pants-fire']",3,True
Sen. Rick Scott does not support abortion exceptions.,false,false,"['true', 'mostly-true', 'half-true', 'mostly-false', 'false']",5,True
"Says Charlie Crist wants felons who ""commit a heinous crime"" such as ""intentional permanent disfigurement of a child, you walk out of jail, you immediately get to vote.""",mostly-false,false,"['half-true', 'mostly-false', 'false', 'pants-fire']",4,True
"Says U.S. Sen. Ron Johnson, his prospective opponent, has received $1.2 million from the gun lobby.",half-true,false,"['mostly-true', 'half-true', 'mostly-false', 'false']",4,True
"""Ohio’s electricity rates are 10 percent below the national average.""",mostly-true,mostly-true,"['mostly-true', 'half-true', 'mostly-false', 'false']",4,True
Adam Laxalt is “anti-DACA” and “fought against the protections for DACA recipients when he was attorney general.”,half-true,false,"['half-true', 'mostly-false', 'false']",3,True
"Says Hillary Clinton ""shows up in Broward County"" and had a private meeting with elections supervisor Brenda Snipes.",pants-fire,false,"['mostly-false', 'false', 'pants-fire']",3,True
"""We need an ID"" to ""buy a beer.""",mostly-false,false,"['mostly-false', 'false']",2,True
"""This is the first time in Texas history -- and only the fourth time in United States history -- that two women are running for the top spots.""",half-true,false,"['half-true', 'mostly-false', 'false', 'pants-fire']",4,True
"Says in the 2016 presidential election, ""I won that one by 42 points -- 42 points -- West Virginia.""",true,true,"['true', 'false']",2,True
"On COVID-19, Donald Trump said that “maybe if you drank bleach you may be okay.”",mostly-false,false,"['half-true', 'mostly-false', 'false']",3,True
“More fraud in New Jersey’s election uncovered – voting machines would not allow citizens to vote for Republican governor candidate.”,mostly-false,false,"['mostly-false', 'false', 'pants-fire']",3,True
"In 2020, Trump “did much better” in the Wisconsin election than 2016, and “after the wrongdoing was found, people said, ‘Well, he actually did win.’”",pants-fire,false,"['false', 'pants-fire']",2,True
"Says 50 percent of millennials don’t associate with ""any political party.""",half-true,false,"['true', 'mostly-true', 'half-true', 'mostly-false', 'false', 'pants-fire']",6,True
"Regarding Trump’s January 2021 telephone call with Georgia election officials, “nobody found anything wrong with that perfect call until a book promotion tour many months later.”",pants-fire,false,"['mostly-false', 'false', 'pants-fire']",3,True
"""We actually made history in 2010. We came the closest in 24 years to defeating Frank Pallone.""",false,false,"['mostly-true', 'half-true', 'mostly-false', 'false']",4,True
"On Nov. 7, 2023, Pennsylvania voting machines were “flipping votes,” which is evidence of “election fraud.”",false,false,"['mostly-false', 'false', 'pants-fire']",3,True
"""Wisconsin is one of the few states in the country that do not currently require a photographic identification"" to vote.",false,false,['false'],1,True
"Says that voter identification laws ""keep poor people from voting, minorities from voting, the elderly from voting, students from voting.""",half-true,false,"['true', 'mostly-true', 'half-true', 'mostly-false', 'false', 'pants-fire']",6,True
"""Ron DeSantis still hasn't condemned the Jan. 6 insurrection.""",false,false,"['true', 'mostly-true', 'half-true', 'mostly-false', 'false']",5,True
Rep. Tim Ryan “wanted to decriminalize fentanyl.”,pants-fire,false,"['mostly-false', 'false', 'pants-fire']",3,True
Project 2025 would “cut” the Federal Emergency Management Agency and “kill federal-backed flood insurance.”,true,false,"['half-true', 'mostly-false', 'false', 'pants-fire']",4,False
“No candidate has ever won both Florida and Ohio and lost.”,pants-fire,false,['false'],1,False
"Says Ohio Gov. John Kasich is ""very unpopular.""",false,false,"['true', 'mostly-true', 'half-true', 'mostly-false', 'false', 'pants-fire']",6,True
The media called the 2016 election for Hillary Clinton.,false,false,"['mostly-false', 'false']",2,True
"Tim Sheehy “would let politicians like him ban abortion, with no exceptions for rape or to save a woman’s life, and criminalize women.”",mostly-false,false,"['mostly-true', 'half-true', 'mostly-false', 'false', 'pants-fire']",5,True
"States ""haven't even begun to spend the (election security) money they have now.""",mostly-false,false,"['true', 'mostly-true', 'half-true', 'mostly-false', 'false', 'pants-fire']",6,True
Thousands of military ballots were found in the trash in Wisconsin.,false,false,"['false', 'pants-fire']",2,True
"""I didn't campaign on a public option.""",mostly-false,false,"['mostly-false', 'false']",2,True
