statement,true_verdict,predicted_verdict,prediction_set,set_size,is_covered
"“Cocaine, porn, evidence of child trafficking found in (Gov. Gretchen) Whitmer’s car.”",pants-fire,false,"['false', 'pants-fire']",2,True
"""Animal abuse is often an indicative trait of future acts of violence against humans.""",true,half-true,"['true', 'mostly-true', 'half-true', 'mostly-false', 'false', 'pants-fire']",6,True
"""One out of every 5 people that the federal government charges with murder is an illegal alien.""",false,false,"['mostly-false', 'false', 'pants-fire']",3,True
"Says ""Florida is a model"" for successful pretrial release programs.",half-true,mostly-false,"['true', 'mostly-true', 'half-true', 'mostly-false', 'false', 'pants-fire']",6,True
"In America, ""more people die from"" prescription narcotic painkillers ""than from heroin and cocaine combined.""",half-true,false,"['true', 'mostly-true', 'half-true', 'mostly-false', 'false', 'pants-fire']",6,True
"The Justice Department has been “calling parents that are concerned about what their kids are being taught, they are labeling them terrorists.”",false,false,"['mostly-false', 'false', 'pants-fire']",3,True
The city of Atlanta ranks 25th among U.S. cities with the highest crime rates.,half-true,false,"['true', 'mostly-true', 'half-true', 'mostly-false', 'false', 'pants-fire']",6,True
"A new Missouri bill “would put teachers on the sex offense registry if they ‘contribute to social transition’” of transgender students, including by using gender-affirming pronouns.",mostly-true,false,"['half-true', 'mostly-false', 'false', 'pants-fire']",4,False
"Sen. Kamala Harris is ""supporting the animals of MS-13.""",pants-fire,false,"['false', 'pants-fire']",2,True
"Says Mark Pocan’s proposal to eliminate the U.S. Immigration and Customs Enforcement (ICE) would ""eliminate border enforcement.""",pants-fire,false,"['half-true', 'mostly-false', 'false', 'pants-fire']",4,True
"""Eric Schneiderman helped NXIVM sell child sex slaves to the Clintons""",pants-fire,false,"['false', 'pants-fire']",2,True
"""No other city in America did what (New York) did. We reduced murders by 50%, reduced police shootings to historic lows, reduced the number of people incarcerated by nearly 40%.""",mostly-true,half-true,"['true', 'mostly-true', 'half-true', 'mostly-false', 'false', 'pants-fire']",6,True
"Says ""the No. 2 cause of death in the U.S. (for) women under 50 is being killed by their spouse or domestic partner.""",false,false,"['mostly-true', 'half-true', 'mostly-false', 'false', 'pants-fire']",5,True
"""Under ‘Trumpcare,’"" domestic violence and sexual assault ""could be considered pre-existing conditions.""",mostly-false,false,"['mostly-false', 'false', 'pants-fire']",3,True
"Before April 22, ""we have restored the rights of more than 18,000 individuals, which is more than the past seven governors combined in their four-year terms.""",true,false,"['true', 'mostly-true', 'half-true', 'mostly-false', 'false', 'pants-fire']",6,True
"Says ""if you are shot in the city of Newark, you have over an 80 percent chance that you've been arrested before an average of 10 times.""",mostly-true,false,"['true', 'mostly-true', 'half-true', 'mostly-false', 'false', 'pants-fire']",6,True
"Since the federal Violence Against Women Act was adopted in 1994, ""cases of domestic violence have fallen by 67 percent.""",mostly-true,false,"['half-true', 'mostly-false', 'false', 'pants-fire']",4,False
"A proposed bill in the Florida Legislature ""would authorize the public hoarding of cats by feral cat activists.""",half-true,false,"['mostly-false', 'false', 'pants-fire']",3,False
"""One third of all federal prisoners today are illegal immigrants.""",mostly-false,false,"['mostly-false', 'false', 'pants-fire']",3,True
"""Over the last two years, the number of murders in America and America’s major cities has dropped, unlike here (Chicago), by more than 10%.""",pants-fire,false,"['mostly-true', 'half-true', 'mostly-false', 'false', 'pants-fire']",5,True
"More ""than 80 percent of sex trafficking victims in America are U.S. citizens.""",half-true,false,"['half-true', 'mostly-false', 'false', 'pants-fire']",4,True
"""The number of inmates since 2000 on death row dying of natural causes has now surpassed the number of inmates executed.""",true,false,"['true', 'mostly-true', 'half-true', 'mostly-false', 'false', 'pants-fire']",6,True
"Data on violent crime shows Wisconsin ""has become less safe than it was when Scott Walker took office.""",mostly-false,false,"['true', 'mostly-true', 'half-true', 'mostly-false', 'false', 'pants-fire']",6,True
Hacker Hamza Bendelladj was executed.,false,false,"['mostly-false', 'false', 'pants-fire']",3,True
"Says Dan Patrick has ""called immigration into Texas an invasion"" and ""said immigrants coming into Texas bring ‘third-world diseases.’""",true,false,"['true', 'mostly-true', 'half-true', 'mostly-false', 'false', 'pants-fire']",6,True
“DEA agent Mark Ibrahim was forced from his job and later indicted simply because he was near the Capitol protest on Jan. 6.”,false,false,"['mostly-true', 'half-true', 'mostly-false', 'false', 'pants-fire']",5,True
"“California Democrats have proposed Bill 553, which makes it ILLEGAL to confront or fight back against looters, burglars and shoplifters.”",false,false,"['mostly-false', 'false', 'pants-fire']",3,True
"The wife of the Ferguson, Mo., police chief said African-Americans in Ferguson ""are feral and violent.""",pants-fire,false,"['mostly-false', 'false', 'pants-fire']",3,True
"""Homicides against blacks have tripled"" since Florida’s ""stand your ground"" law has been in existence.",false,false,"['mostly-false', 'false', 'pants-fire']",3,True
Says Milwaukee County buses are no less safe now than a year or two ago.,mostly-false,mostly-false,"['true', 'mostly-true', 'half-true', 'mostly-false', 'false', 'pants-fire']",6,True
"""No one on my staff has ever been charged with a crime.""",false,false,"['true', 'mostly-true', 'half-true', 'mostly-false', 'false', 'pants-fire']",6,True
"""Puerto Rico mayor facing fraud charges over $3M in federal disaster relief""",false,false,"['true', 'mostly-true', 'half-true', 'mostly-false', 'false', 'pants-fire']",6,True
“My opponent wants to abolish” law enforcement.,false,false,"['mostly-true', 'half-true', 'mostly-false', 'false', 'pants-fire']",5,True
"""The majority of Georgians incarcerated in local jails have never been convicted of crime. They are simply too poor to pay their bail.""",half-true,false,"['true', 'mostly-true', 'half-true', 'mostly-false', 'false', 'pants-fire']",6,True
"""Biden is adding more IRS agents to investigate your taxes than we have detectives investigating every crime in the country.”",false,false,"['half-true', 'mostly-false', 'false', 'pants-fire']",4,True
"""Washington has incentivized the militarization of local police precincts.""",true,false,"['mostly-true', 'half-true', 'mostly-false', 'false', 'pants-fire']",5,False
"The Super Bowl has ""one of the highest levels of human sex trafficking activity of any event in the country.""",mostly-false,false,"['half-true', 'mostly-false', 'false', 'pants-fire']",4,True
The president's own FBI director said that the greatest domestic terrorist threat is white supremacists.,true,true,"['true', 'mostly-true', 'half-true', 'mostly-false', 'false', 'pants-fire']",6,True
“Kill a White on Sight” appears on Black Lives Matter/Antifa flyers.,false,false,"['false', 'pants-fire']",2,True
"""Republicans want to restore #gunrights to felons""",mostly-true,false,"['true', 'mostly-true', 'half-true', 'mostly-false', 'false', 'pants-fire']",6,True
"Says Paul Soglin took Madison backward -- ""businesses have left and murders have gone up.""",mostly-false,false,"['mostly-true', 'half-true', 'mostly-false', 'false', 'pants-fire']",5,True
“Florida man charged with a hate crime” for defacing pride crosswalk.,mostly-false,false,"['true', 'mostly-true', 'half-true', 'mostly-false', 'false', 'pants-fire']",6,True
"""Crime in Atlanta is down 18 percent since 2009.""",true,true,"['true', 'mostly-true', 'half-true', 'mostly-false', 'false', 'pants-fire']",6,True
"Says Texas has ""11 different felonies you can commit with an oyster.""",mostly-true,false,"['true', 'mostly-true', 'half-true', 'mostly-false', 'false', 'pants-fire']",6,True
"""Fifty-six percent decline in overall crime. A 73 percent decline in motor-vehicle theft. A 67 percent decline in robbery. A 66 percent decline in murder. This is way beyond what happened in the nation during this period of time.",true,false,"['true', 'mostly-true', 'half-true', 'mostly-false', 'false', 'pants-fire']",6,True
"""Black people are eight times more likely to be arrested than white people"" in Madison.",half-true,false,"['mostly-true', 'half-true', 'mostly-false', 'false', 'pants-fire']",5,True
A person is on film “burning 80 Trump ballots.”,false,false,"['mostly-false', 'false', 'pants-fire']",3,True
"Laurie Monnes Anderson ""voted to let violent criminals out of jail early.""",mostly-true,false,"['half-true', 'mostly-false', 'false', 'pants-fire']",4,False
The city of San Francisco posted street signs warning that “stolen goods must remain under $950.”,false,false,"['mostly-false', 'false', 'pants-fire']",3,True
"""Greg Abbott and his surrogates have referred to women who have been the victims of rape or incest as though somehow what they are confronting is a minor issue.""",pants-fire,false,"['true', 'mostly-true', 'half-true', 'mostly-false', 'false', 'pants-fire']",6,True
"""Seventy four percent of Californians are absolutely against sanctuary state"" policies.",false,false,"['mostly-false', 'false', 'pants-fire']",3,True
"""We’ve already started (the border wall). We started it in San Diego.""",mostly-false,half-true,"['true', 'mostly-true', 'half-true', 'mostly-false', 'false', 'pants-fire']",6,True
"In Wisconsin, ""deaths from domestic violence are at the highest in 10 years.""",true,false,"['true', 'mostly-true', 'half-true', 'mostly-false', 'false', 'pants-fire']",6,True
"""In 2017, illegal aliens murdered 1,800 Americans.""",false,false,"['false', 'pants-fire']",2,True
"""Here's a man who brags about how he made the city safe. It was the Biden crime bill that became the Clinton crime bill that allowed him to do that.""",mostly-false,false,"['true', 'mostly-true', 'half-true', 'mostly-false', 'false', 'pants-fire']",6,True
"Since Florida passed the ""stand your ground"" law in 2005, deaths due to self-defense have jumped over 250 percent.",half-true,false,"['half-true', 'mostly-false', 'false', 'pants-fire']",4,True
"""In light of the leak of my financial disclosure info which is a felony I will be contacting @FBI and the @TheJusticeDept""",false,false,"['true', 'mostly-true', 'half-true', 'mostly-false', 'false', 'pants-fire']",6,True
"""While Romney was a director of the Damon Corporation, the company was defrauding Medicare of millions.""",mostly-true,false,"['half-true', 'mostly-false', 'false', 'pants-fire']",4,False
"Says El Paso was named America’s ""Safest Large City"" a year after San Antonio, Houston and Dallas had the nation’s highest crime rates.",mostly-false,false,"['true', 'mostly-true', 'half-true', 'mostly-false', 'false', 'pants-fire']",6,True
"""I've been here almost every day.""",mostly-false,true,"['true', 'mostly-true', 'half-true', 'mostly-false', 'false']",5,True
"The U.S. House Select Committee that investigated the Jan. 6, 2021, attack on the U.S. Capitol “deleted and destroyed all of the information that they collected over two years.”",false,false,"['mostly-false', 'false', 'pants-fire']",3,True
Says drug cartels are using social media to offer rebates so more children from Central America get smuggled to the United States.,mostly-false,false,"['half-true', 'mostly-false', 'false', 'pants-fire']",4,True
"""Most of these mass shootings take place in (areas) where you're not allowed to have a concealed weapons permit.""",half-true,false,"['half-true', 'mostly-false', 'false', 'pants-fire']",4,True
"""Political violence, it's just a statistical fact that it's a bigger problem on the left.”",mostly-false,false,"['half-true', 'mostly-false', 'false', 'pants-fire']",4,True
"Of the approximately 6 million disenfranchised felons in the United States, ""one-quarter are Floridians.""",mostly-true,false,"['true', 'mostly-true', 'half-true', 'mostly-false', 'false', 'pants-fire']",6,True
“One in six local election officials have received threats of violence” and threats against judges have doubled over four years and threats against members of Congress have increased by 10 times over five years.,mostly-true,false,"['true', 'mostly-true', 'half-true', 'mostly-false', 'false', 'pants-fire']",6,True
"""I am every year the No.1 pick of all of the law enforcement agencies within Texas.""",false,false,"['mostly-false', 'false', 'pants-fire']",3,True
"Says the Central Ohio Human Trafficking Task Force ""is the first task force of its kind in Central Ohio""",mostly-true,false,"['true', 'mostly-true', 'half-true', 'mostly-false', 'false', 'pants-fire']",6,True
The Obama administration shut down the Amber Alert program because of the government shutdown.,false,false,"['mostly-false', 'false', 'pants-fire']",3,True
"Right now, if Rhode Island police come across a young person with a gun, ""they really don't legally have the right to take it away from them.""",half-true,false,"['mostly-false', 'false', 'pants-fire']",3,False
"Greg Abbott ""has campaigned with a sexual predator who has bragged about having sex with underage girls.""",half-true,false,"['half-true', 'mostly-false', 'false', 'pants-fire']",4,True
"""One out of every five law enforcement officers that's killed is killed with an assault weapon.""",mostly-true,false,"['half-true', 'mostly-false', 'false', 'pants-fire']",4,False
"Obama ""supports hate-crimes expansion ... potentially putting churches at risk if they preach the truth about homosexuality.""",false,false,"['mostly-false', 'false', 'pants-fire']",3,True
"""Harvard Study Finds States With Most Gun Laws Have Fewest Gun Deaths.""",half-true,false,"['half-true', 'mostly-false', 'false', 'pants-fire']",4,True
"""More lives have been lost because of the war with the drug cartels in Juarez alone, just a few blocks from the United States of America, than have been lost in the war in Afghanistan.""",false,false,"['mostly-true', 'half-true', 'mostly-false', 'false', 'pants-fire']",5,True
"From 2000 to 2008, we averaged ""about five mass shootings a year. We're now averaging 15. So that's a three-fold increase.""",mostly-false,false,"['true', 'mostly-true', 'half-true', 'mostly-false', 'false', 'pants-fire']",6,True
"""Hundreds of thousands of (illegal immigrants are) going to state and federal penitentiaries.""",mostly-false,false,"['half-true', 'mostly-false', 'false', 'pants-fire']",4,True
"""Nearly all of the top 50 prescribers of oxycodone in the United States are in Florida.""",true,false,"['true', 'mostly-true', 'half-true', 'mostly-false', 'false', 'pants-fire']",6,True
"“If I didn’t INSIST on having the National Guard activate and go into Kenosha, Wisconsin, there would be no Kenosha right now.”",pants-fire,false,"['mostly-false', 'false', 'pants-fire']",3,True
"China sends “fentanyl into America killing 80,000 Americans a year.”",half-true,false,"['mostly-false', 'false', 'pants-fire']",3,False
"“Just last week, Ruben Gallego voted to let the millions of people who poured into our country illegally cast a ballot in this upcoming election.”",false,false,"['mostly-false', 'false', 'pants-fire']",3,True
"Austin mayoral candidate Steve Adler has ""never been active in anything that has to do with City Hall.""",pants-fire,false,"['half-true', 'mostly-false', 'false', 'pants-fire']",4,True
"Federal agents directly incited people on Jan. 6, 2021, and ""intentionally entrapped"" American citizens.",false,false,"['half-true', 'mostly-false', 'false', 'pants-fire']",4,True
"""The violent crime rate has risen, and the homicide rate has risen by more than 20 percent in just two years, really after 30 years of decline in violent crime.""",mostly-true,false,"['mostly-true', 'half-true', 'mostly-false', 'false', 'pants-fire']",5,True
"""Bill White spent his city billions of dollars into debt (and) saw crime rates soar while he backed gun control.""",mostly-false,false,"['mostly-true', 'half-true', 'mostly-false', 'false', 'pants-fire']",5,True
"On Jan. 6, 2021, 274 FBI agents were “probably acting as agitators and insurrectionists, but certainly not as ‘law enforcement officials.’”",pants-fire,false,"['false', 'pants-fire']",2,True
“President Obama and Vice President Biden never even tried to fix this (police reforms) during their eight-year period.”,false,false,"['mostly-false', 'false', 'pants-fire']",3,True
"""The president has been very clear. All forms of abuse, all forms of battery against women are deplorable and disgusting. ... He’s said that multiple times in the past.""",false,true,"['true', 'mostly-true', 'half-true']",3,False
"""It’s nothing I do, but the probation office here in the Eastern District of Missouri is the best in the country. They have about a 7.5% recidivism rate, compared to national averages of 70 or 80%""",half-true,half-true,"['true', 'mostly-true', 'half-true', 'mostly-false', 'false', 'pants-fire']",6,True
"Says Debbie Mucarsel-Powell's family received $700,000 from the firm of ""violent warlord Ihor Kolomoisky,"" who is compared to Fidel Castro and Nicolás Maduro.",half-true,false,"['mostly-false', 'false', 'pants-fire']",3,False
"In 2009, the FBI ""referred more than 71,000"" cases of people failing background checks when trying to buy a gun to another federal agency, ""but U.S. attorneys ultimately prosecuted only 77 of them.""",half-true,false,"['true', 'mostly-true', 'half-true', 'mostly-false', 'false', 'pants-fire']",6,True
"Providence has ""the lowest crime rate in three decades.""",true,false,"['half-true', 'mostly-false', 'false', 'pants-fire']",4,False
"""Pier 39 terrorist was an anti-Trump antifa supporter.""",half-true,false,"['false', 'pants-fire']",2,False
"Says Rick Scott has ""teamed up with a felon convicted of running a Ponzi scheme to smear Charlie Crist.""",false,false,"['true', 'mostly-true', 'half-true', 'mostly-false', 'false', 'pants-fire']",6,True
"""There have been no hearings"" on a criminal justice bill being considered in the Senate.",mostly-false,false,"['half-true', 'mostly-false', 'false', 'pants-fire']",4,True
“Violent crime in South Bend doubled during Mayor Pete’s tenure.”,mostly-false,false,"['half-true', 'mostly-false', 'false', 'pants-fire']",4,True
The FBI admitted that Venezuela emptied its prisons and sent the inmates to the U.S.,false,false,"['mostly-false', 'false', 'pants-fire']",3,True
"Proposed gun control legislation ""will outlaw practically every firearm, make you pay $100 per firearm, put you into a police database"" and make it ""nearly impossible"" to get a permit to carry a concealed weapon.",mostly-false,false,"['half-true', 'mostly-false', 'false', 'pants-fire']",4,True
Suspect in July 28 New York City shooting “was shouting Free Palestine and wearing a Keffiyeh.”,false,false,"['true', 'mostly-true', 'half-true', 'mostly-false', 'false', 'pants-fire']",6,True
"Say a ""left wing extremist, chases down, rams car over Trump bumper sticker.""",mostly-true,false,"['mostly-false', 'false', 'pants-fire']",3,False
"According to crime statistics, ""riding MARTA has been becoming more and more safe over the years.""",half-true,half-true,"['true', 'mostly-true', 'half-true', 'mostly-false', 'false', 'pants-fire']",6,True
"""Black Lives Matter, who are attacking law enforcement officers"" -- Barack Obama ""had them to the White House.""",mostly-false,false,"['mostly-false', 'false', 'pants-fire']",3,True
"""We have seized more currency, more drugs, more outbound arms in the past year than any year in our country’s history.""",half-true,false,"['true', 'mostly-true', 'half-true', 'mostly-false', 'false', 'pants-fire']",6,True
"At the start of the COVID-19 pandemic, Judge Ketanji Brown Jackson advocated that “each and every criminal defendant in D.C. Corrections custody should be released.”",mostly-false,false,"['mostly-false', 'false', 'pants-fire']",3,True
"Says former President Barack Obama ""pardoned a traitor who gave U.S. enemies state secrets, he also pardoned a terrorist who killed Americans.""",mostly-false,false,"['mostly-false', 'false', 'pants-fire']",3,True
The city of Pembroke Pines doesn't have a vote in a plan to build a detention center in Southwest Ranches.,mostly-false,false,"['true', 'mostly-true', 'half-true', 'mostly-false', 'false', 'pants-fire']",6,True
"""Of all the people in federal prison for possession of illegal substances, 77 percent of them are not citizens of the United States.""",half-true,false,"['mostly-false', 'false', 'pants-fire']",3,False
"In 2016, Dallas, Texas, has fewer ""police officer-related shootings than any large city in America.""",half-true,false,"['true', 'mostly-true', 'half-true', 'mostly-false', 'false', 'pants-fire']",6,True
"""FBI crime statistics have found that labeled ‘sanctuary’ cities experience lower rates of all crime types, including homicides.""",half-true,false,"['mostly-true', 'half-true', 'mostly-false', 'false', 'pants-fire']",5,True
President Trump greenlighted Congress to ramp up Clinton investigation.,pants-fire,false,"['half-true', 'mostly-false', 'false', 'pants-fire']",4,True
We’ve reduced crime to its lowest level in 27 years.,true,false,"['true', 'mostly-true', 'half-true', 'mostly-false', 'false', 'pants-fire']",6,True
"The state crime lab under Attorney General Josh Kaul ""is testing significantly less items than former AG Brad Schimel and is still taking longer to test many categories of key items in comparison to Schimel, including DNA.""",true,half-true,"['true', 'mostly-true', 'half-true', 'mostly-false', 'false', 'pants-fire']",6,True
"“When I became mayor of the City of Richmond in 2004, the crime rate was at its highest. When I left in 2008, it was at its lowest.”",half-true,mostly-false,"['true', 'mostly-true', 'half-true', 'mostly-false', 'false', 'pants-fire']",6,True
"Texas legislation ""would allow… teachers to kill their students if they felt it was needed.""",half-true,false,"['false', 'pants-fire']",2,False
A slain Chicago police officer left behind a two-month-old baby.,false,false,"['true', 'mostly-true', 'half-true', 'mostly-false', 'false', 'pants-fire']",6,True
"California Gov. Gavin Newsom “just let 76,000 inmates out of jail.""",false,false,"['half-true', 'mostly-false', 'false', 'pants-fire']",4,True
"""Last year, (Bill McCollum) spent more than $2.2 million dollars to produce and air campaign-style TV ads where you were featured in almost every frame.""",mostly-true,false,"['true', 'mostly-true', 'half-true', 'mostly-false', 'false', 'pants-fire']",6,True
"Says Milwaukee County Sheriff David Clarke has ""deputies collecting overtime while sitting passively in chairs watching courthouse security personnel work.""",mostly-true,false,"['true', 'mostly-true', 'half-true', 'mostly-false', 'false', 'pants-fire']",6,True
"""We have 33,000 people a year who die from guns.""",mostly-true,false,"['true', 'mostly-true', 'half-true', 'mostly-false', 'false', 'pants-fire']",6,True
"The Justice Department has been investigating fraud in Minnesota “for months. So far, we have charged 98 individuals.”",half-true,false,"['true', 'mostly-true', 'half-true', 'mostly-false', 'false', 'pants-fire']",6,True
"Says handing over arrested undocumented youth to ICE ""was an unintended consequence"" of a 2008 San Francisco policy that she supported.",false,half-true,"['true', 'mostly-true', 'half-true', 'mostly-false', 'false', 'pants-fire']",6,True
"Studies show ""the 2016 shooting and murder rate in Chicago cost us about $9.6 BILLION DOLLARS"" and ""the entire City budget for 2018 is $8.6 billion dollars. This math does not work, it is financially killing our city.""",false,false,"['false', 'pants-fire']",2,True
"""Inner-city crime is reaching record levels.""",pants-fire,false,"['half-true', 'mostly-false', 'false', 'pants-fire']",4,True
"""Not a single unarmed white person has been shot by the police"" in New York in about 45 years.",false,false,"['mostly-false', 'false', 'pants-fire']",3,True
"Says crime is on the rise in Austin and a new study showed that it “is the No. 1 city in America in the year-to-year percentage increase in murders, with a percentage increase of more than 64% for the first half of this year.”",half-true,false,"['true', 'mostly-true', 'half-true', 'mostly-false', 'false', 'pants-fire']",6,True
"Emails show Democrats, Hillary Clinton and George Soros instigated and orchestrated racial protests in Charlottesville by trying to ""control"" and keep people ""desperate.""",pants-fire,false,"['false', 'pants-fire']",2,True
"Says Paul Manafort’s alleged crimes were ""years ago, before Paul Manafort was part of the Trump campaign.""",mostly-false,false,"['mostly-true', 'half-true', 'mostly-false', 'false', 'pants-fire']",5,True
"""African Americans are three to four times more likely to be arrested for drug crimes, and nine times more likely to be imprisoned.""",mostly-true,false,"['true', 'mostly-true', 'half-true', 'mostly-false', 'false', 'pants-fire']",6,True
"Palin ""fired Wasilla's Police Chief because he 'intimidated' her.""",mostly-true,false,"['mostly-true', 'half-true', 'mostly-false', 'false', 'pants-fire']",5,True
"""When Phoenix dropped its sanctuary city policy in 2008, its murder rate fell 27 percent the following year.""",half-true,false,"['half-true', 'mostly-false', 'false', 'pants-fire']",4,True
"Kilmartin has helped pass laws to ""create a witness protection program.""",mostly-true,true,"['true', 'mostly-true']",2,True
"""In the last six years of Cianci’s administration violent crime was down in the United States. It was down in the region. It was down in Rhode Island. But it was up in Providence.""",mostly-true,false,"['true', 'mostly-true', 'half-true', 'mostly-false', 'false', 'pants-fire']",6,True
"Georgia has more than 700 law enforcement agencies, and fewer than 20 percent of them are state-certified.",mostly-true,false,"['true', 'mostly-true', 'half-true', 'mostly-false', 'false', 'pants-fire']",6,True
"""There is a 34 percent increase in violent crime in the state of California. … And that’s just within the last year.""",false,false,"['half-true', 'mostly-false', 'false', 'pants-fire']",4,True
"""I have watched ICE liberate towns from the grasp of MS-13.""",false,false,"['mostly-false', 'false', 'pants-fire']",3,True
Scores of politicians and others are on a “list” of sex cases from newly unsealed Ghislaine Maxwell court documents.,false,false,"['mostly-true', 'half-true', 'mostly-false', 'false', 'pants-fire']",5,True
"""There’s actually a court order that prevents keeping the kids with the parents when you put the parents in jail.""",mostly-false,false,"['true', 'mostly-true', 'half-true', 'mostly-false', 'false', 'pants-fire']",6,True
Says a Senate resolution would restore $140 in monthly general assistance payments and prevent people from committing crime.,pants-fire,half-true,"['true', 'mostly-true', 'half-true', 'mostly-false', 'false', 'pants-fire']",6,True
"""Ohioans want an end to pay-to-play politics.""",false,half-true,"['true', 'mostly-true', 'half-true', 'mostly-false', 'false', 'pants-fire']",6,True
"Texas has ""the lowest crime rate in this state since 1968"" because of changes in law regarding nonviolent drug offenders.",half-true,false,"['mostly-true', 'half-true', 'mostly-false', 'false', 'pants-fire']",5,True
"""US representatives promise implement of UN gun-control plans""",mostly-false,false,"['half-true', 'mostly-false', 'false', 'pants-fire']",4,True
There have been 317 criminal indictments under three recent Republican presidents and only three indictments under three recent Democratic presidents.,half-true,false,"['mostly-false', 'false', 'pants-fire']",3,False
"""In New York, your chances of getting murdered are 1 in 25,000. In Honduras, it’s 1 in 14.""",half-true,false,"['true', 'mostly-true', 'half-true', 'mostly-false', 'false', 'pants-fire']",6,True
"""Undocumented immigrants commit less crimes than the native born.""",mostly-true,false,"['half-true', 'mostly-false', 'false', 'pants-fire']",4,False
"Gov. Scott Walker is helping pay for the criminal defense of a man accused of ""boy rape.""",pants-fire,false,"['half-true', 'mostly-false', 'false', 'pants-fire']",4,True
"""I had to lay off 48 people last year,"" which has exacerbated the lack of law enforcement officers in the county that respond quickly to crime calls.",mostly-false,false,"['true', 'mostly-true', 'half-true', 'mostly-false', 'false', 'pants-fire']",6,True
"""The number of SWAT raids have gone up by 1,400 percent since the 1980s.""",mostly-true,false,"['true', 'mostly-true', 'half-true', 'mostly-false', 'false', 'pants-fire']",6,True
"At ""least a quarter of those apprehended"" at the border ""have criminal records.""",false,false,"['mostly-true', 'half-true', 'mostly-false', 'false', 'pants-fire']",5,True
"""Americans are 25x more likely to be shot & killed than others in developed countries.""",mostly-true,false,"['mostly-true', 'half-true', 'mostly-false', 'false', 'pants-fire']",5,True
"Says David Clarke reduced the number of Milwaukee County sheriff's deputies ""from about 700 and something to 300 and something.""",half-true,false,"['true', 'mostly-true', 'half-true', 'mostly-false', 'false', 'pants-fire']",6,True
"Says Richard Cordray’s ""plan would allow drug dealers to remain on our streets.""",false,false,"['mostly-false', 'false', 'pants-fire']",3,True
"""Foster children are disproportionately victims of identity theft.""",false,half-true,"['true', 'mostly-true', 'half-true', 'mostly-false', 'false', 'pants-fire']",6,True
"Says ""About 7 in 10 of Oregon’s inmates are in prison for violent crimes and serious sex offenses.""",true,false,"['true', 'mostly-true', 'half-true', 'mostly-false', 'false', 'pants-fire']",6,True
The No. 1 cause of death for African-American males 15-34 is murder.,true,false,"['true', 'mostly-true', 'half-true', 'mostly-false', 'false', 'pants-fire']",6,True
"Says Travis County Sheriff Greg Hamilton has accepted $42,000 from strip-club interests and $10,000 from local alcohol distributors.",mostly-true,false,"['true', 'mostly-true', 'half-true', 'mostly-false', 'false', 'pants-fire']",6,True
"""In 2016, an officer was assaulted in America on an average of every 10 minutes.""",mostly-true,false,"['half-true', 'mostly-false', 'false', 'pants-fire']",4,False
“A $7.20 an hour McDonalds employee … now gets a cool 1/2 million dollar reward” for helping police find the suspected UnitedHealthcare CEO shooter.,false,false,"['false', 'pants-fire']",2,True
"""In 2020, more journalists were killed in Mexico than in any other country in the world.""",true,false,"['true', 'mostly-true', 'half-true', 'mostly-false', 'false', 'pants-fire']",6,True
A test last month at the MAX station at 162nd Avenue and East Burnside saw crime down 41 percent compared with December 2009,mostly-true,false,"['true', 'mostly-true', 'half-true', 'mostly-false', 'false', 'pants-fire']",6,True
"""We have cut crime across every single zone in the city of Atlanta by between 10 percent and 16 percent, depending on the zone.""",half-true,mostly-false,"['true', 'mostly-true', 'half-true', 'mostly-false', 'false', 'pants-fire']",6,True
"Because of voter fraud, Republican candidates ""need to do a point or two better"" to win statewide elections in Wisconsin.",false,false,"['mostly-true', 'half-true', 'mostly-false', 'false', 'pants-fire']",5,True
"In Cranston, it costs $5,000 to $6,000 to send out community notifications on just one Level 3 sex offender.",false,false,"['true', 'mostly-true', 'half-true', 'mostly-false', 'false', 'pants-fire']",6,True
"""100 percent of the crime is committed, in estimate, by about 15 percent of the population.""",pants-fire,false,"['mostly-false', 'false', 'pants-fire']",3,True
"Says Greg Abbott ""converted over $1 million in federal grant money intended for use to prosecute online sexual predators and other cyber crimes and instead used it to harass and prosecute senior citizens who were assisting other senior citizens in applying for mail-in ballots.""",false,false,"['true', 'mostly-true', 'half-true', 'mostly-false', 'false', 'pants-fire']",6,True
Cook County’s criminal courts “have been shut down for 15 months.”,false,false,"['mostly-true', 'half-true', 'mostly-false', 'false', 'pants-fire']",5,True
"Says police officers in Austin, Texas, have been “authorized to use LIVE ROUNDS, and lethal force” against protesters.",half-true,false,"['half-true', 'mostly-false', 'false', 'pants-fire']",4,True
"""Over 12,000 school kids were arrested in Florida. It makes Florida the nation's leader in that area.""",half-true,false,"['half-true', 'mostly-false', 'false', 'pants-fire']",4,True
"""25% of human trafficking victims are located in Texas.""",pants-fire,false,"['half-true', 'mostly-false', 'false', 'pants-fire']",4,True
Says Merrick Garland is investigating Donald Trump’s “tax evasion case.”,false,false,"['half-true', 'mostly-false', 'false', 'pants-fire']",4,True
"Donald Trump staged the shooting at his rally in Butler, Pennsylvania.",pants-fire,false,"['false', 'pants-fire']",2,True
"""Most of your serial killers, most of your people who commit domestic violence, they start off by abusing animals.""",false,false,"['mostly-true', 'half-true', 'mostly-false', 'false', 'pants-fire']",5,True
“The gas station where they initially attacked” Kyle Rittenhouse “is owned by his grandparents.”,false,false,"['mostly-true', 'half-true', 'mostly-false', 'false', 'pants-fire']",5,True
"""In the eight years that I was mayor, (there was a) nearly 50 percent drop in violent crime, gang crime — crime went down because we grew our police department, we focused on constitutional community policing, we did some of the most innovative prevention, intervention, job re-entry programs in the nation.""",mostly-true,half-true,"['true', 'mostly-true', 'half-true', 'mostly-false', 'false', 'pants-fire']",6,True
"The “Franklin scandal” broke in 1989 “when hundreds of children were apparently flown around the US to be abused by high ranking ‘Establishment’ members.""",false,false,"['mostly-false', 'false', 'pants-fire']",3,True
"""Mass shootings went up 200 percent in the decade after the assault weapons ban expired.""",mostly-false,false,"['mostly-true', 'half-true', 'mostly-false', 'false', 'pants-fire']",5,True
"""Under Abbott, Texas leads the nation in rape offenses while the rate of arrests for rape has fallen by nearly half.""",mostly-true,false,"['mostly-true', 'half-true', 'mostly-false', 'false', 'pants-fire']",5,True
"""More than one person, on average, a day is murdered in Philadelphia.""",half-true,false,"['true', 'mostly-true', 'half-true', 'mostly-false', 'false', 'pants-fire']",6,True
"""Florida sheriffs unequivocally support"" the ""stand your ground"" law.",mostly-false,mostly-false,"['true', 'mostly-true', 'half-true', 'mostly-false', 'false', 'pants-fire']",6,True
"""The job [of correctional officer] lowers your life expectancy . . . Metropolitan did a study in, I believe it was 1998, and the life expectancy was 58.""",false,false,"['half-true', 'mostly-false', 'false', 'pants-fire']",4,True
"Texas spends ""more per day to house an inmate than we do on a student.""",true,false,"['true', 'mostly-true', 'half-true', 'mostly-false', 'false', 'pants-fire']",6,True
"In the immediate wake of a fire and vandalism at the Madison headquarters of an anti-abortion group, Democrats had not condemned “activists who are engaging in this repugnant illegal activity.”",mostly-false,false,"['mostly-true', 'half-true', 'mostly-false', 'false', 'pants-fire']",5,True
"""Since 2013 alone, the Obama administration has allowed 300,000 criminal aliens to return back into United States communities. These are individuals encountered or identified by (Immigration and Customs Enforcement), but who were not detained or processed for deportation because it wouldn't have been politically correct.""",half-true,false,"['mostly-false', 'false', 'pants-fire']",3,False
"""In our nation’s capital, killings have risen by 50 percent.""",mostly-false,false,"['mostly-true', 'half-true', 'mostly-false', 'false', 'pants-fire']",5,True
ATM users in distress can enter their PIN backwards to secretly call the police.,false,false,"['false', 'pants-fire']",2,True
"""Neighborhoods have become more violent"" under President Barack Obama's ""watch.""",mostly-false,false,"['half-true', 'mostly-false', 'false', 'pants-fire']",4,True
"""Once a woman enters into the sex trade, her average life expectancy is seven years.""",false,false,"['false', 'pants-fire']",2,True
"In Washington, D.C., “We always have a murder a week.”",false,false,"['mostly-false', 'false', 'pants-fire']",3,True
"""Crime in Germany is way up.""",false,false,"['mostly-false', 'false', 'pants-fire']",3,True
"""Reporters have uncovered another Scott company accused of criminal acts. But Scott won't come clean.""",false,false,"['true', 'mostly-true', 'half-true', 'mostly-false', 'false', 'pants-fire']",6,True
"""Janice Hahn hired hard-core gang members with taxpayer money to be 'gang-intervention specialists.' She even helped them get out of jail, so they could rape and kill again.""",false,false,"['false', 'pants-fire']",2,True
"Travis County residents ""trusted me to take on Tom DeLay — and we won.""",mostly-false,half-true,"['true', 'mostly-true', 'half-true', 'mostly-false', 'false', 'pants-fire']",6,True
"Says Rep. Jon Runyan ""voted to redefine rape.""",false,false,"['mostly-true', 'half-true', 'mostly-false', 'false', 'pants-fire']",5,True
"""Crime is up under Governor DeSantis. Crime was down when I was your governor.""",mostly-false,false,"['mostly-true', 'half-true', 'mostly-false', 'false', 'pants-fire']",5,True
"""If you go strictly by the numbers, crime is down across the board. Last year we had a 10 percent decrease in the most serious crimes.""",true,mostly-true,"['true', 'mostly-true', 'half-true', 'mostly-false', 'false', 'pants-fire']",6,True
"Says ""our indicted Attorney General Ken Paxton is back to being the only statewide official in the country under indictment.""",true,false,"['true', 'mostly-true', 'half-true', 'mostly-false', 'false', 'pants-fire']",6,True
"Says ""566,000 crimes"" were ""made in Texas by criminal aliens in the last 6 years.""",pants-fire,false,"['mostly-false', 'false', 'pants-fire']",3,True
"“There was no violence on the Senate side, in terms of the chamber.”",mostly-false,false,"['half-true', 'mostly-false', 'false', 'pants-fire']",4,True
"About ""1 percent of all the gun sellers are responsible for more than half of the guns that are used in crimes.""",half-true,false,"['half-true', 'mostly-false', 'false', 'pants-fire']",4,True
"""When I was growing up as a kid in the city of Milwaukee, if we averaged 4 homicides a year in the entire city that was a record number.""",false,false,"['true', 'mostly-true', 'half-true', 'mostly-false', 'false', 'pants-fire']",6,True
"In Texas, ""sexting is a felony sex offense for teenagers — that can mean up to 10 years in prison.""",half-true,false,"['true', 'mostly-true', 'half-true', 'mostly-false', 'false', 'pants-fire']",6,True
"The ""six largest cities in Ohio all have higher rates of violence and crime than every major city along the U.S.-Mexico border.""",mostly-true,false,"['mostly-false', 'false', 'pants-fire']",3,False
"""While many urban areas across the country saw a sharp increase in crime over the last year, the Philadelphia Police Department successfully lowered part one crimes.""",mostly-true,half-true,"['true', 'mostly-true', 'half-true', 'mostly-false', 'false', 'pants-fire']",6,True
"""Rhode Island’s teen binge drinking rate is double the national average.""",false,false,"['true', 'mostly-true', 'half-true', 'mostly-false', 'false', 'pants-fire']",6,True
"""The U.S. gun homicide rate is 20 times the combined rate of other western nations.""",mostly-true,false,"['true', 'mostly-true', 'half-true', 'mostly-false', 'false', 'pants-fire']",6,True
The southern U.S. border “is now open to anyone from anywhere in the world who wishes to enter our country.”,false,false,"['mostly-false', 'false', 'pants-fire']",3,True
"""Joe Biden brought Republicans and Democrats together to pass the 1994 crime bill, putting 100,000 cops on the streets and starting an eight-year drop in crime across the country.""",half-true,half-true,"['true', 'mostly-true', 'half-true', 'mostly-false', 'false', 'pants-fire']",6,True
"""Super Bowl Sunday has the highest rate of domestic violence.""",pants-fire,false,"['half-true', 'mostly-false', 'false', 'pants-fire']",4,True
"""Everywhere that we have more citizens carrying guns, crime is less. There's a study showing that where states have open carry or concealed carry, but particularly open carry, the crime is down 25 percent.""",mostly-false,false,"['mostly-false', 'false', 'pants-fire']",3,True
“The entire city (of Portland) is ablaze all the time.”,false,false,"['false', 'pants-fire']",2,True
"Enacting the Right-to-Carry Act would amount to ""expanding the rights of sex offenders, terrorists, child predators, and abusers to carry concealed weapons across state lines.’’",half-true,false,"['mostly-true', 'half-true', 'mostly-false', 'false', 'pants-fire']",5,True
"""Studies have shown that voter fraud is non-existent in Texas.""",false,false,"['mostly-false', 'false', 'pants-fire']",3,True
"Rifles “were involved in 297 deaths” in the U.S. in 2022 and “constipation killed 2,167.”",false,false,"['half-true', 'mostly-false', 'false', 'pants-fire']",4,True
“More than 20 police officers are dead now because of the riots.”,false,false,"['mostly-false', 'false', 'pants-fire']",3,True
"""A black male baby born today, if we do not change the system, stands a one-in-three chance (of) ending up in jail.""",mostly-true,false,"['true', 'mostly-true', 'half-true', 'mostly-false', 'false', 'pants-fire']",6,True
"A serial killer is targeting women in Hot Springs, Ark.",false,false,"['mostly-false', 'false', 'pants-fire']",3,True
"“Over the course of two months, Tony Evers refused to remove (Curtis Schmitt Jr.) from the (state’s veterans) Board despite having the authority to do (so).”",false,mostly-false,"['true', 'mostly-true', 'half-true', 'mostly-false', 'false', 'pants-fire']",6,True
"""... study after study has shown that the death penalty deters murders.""",half-true,false,"['half-true', 'mostly-false', 'false', 'pants-fire']",4,True
"Joe Biden “is letting millions of people from jails, from prisons, from insane asylums, from mental institutions, drug dealers pour in.”",pants-fire,false,"['false', 'pants-fire']",2,True
"""Satanic leader confesses to sacrificing 675 children 'gifted' to him by doctors.""",half-true,false,"['false', 'pants-fire']",2,False
"""Homicides last year increased by 17 percent in America’s 50 largest cities. That’s the largest increase in 25 years.""",half-true,false,"['mostly-true', 'half-true', 'mostly-false', 'false', 'pants-fire']",5,True
"""The average age a child is trafficked into the commercial sex trade industry is between 11 and 14 years old.""",half-true,false,"['true', 'mostly-true', 'half-true', 'mostly-false', 'false', 'pants-fire']",6,True
"Says Jacky Rosen ""voted against stopping criminals from re-entering the United States.""",mostly-false,false,"['half-true', 'mostly-false', 'false', 'pants-fire']",4,True
"Secure Communities ""has a proven track record of enhancing public safety by focusing on violent offenders and those that pose a threat to our communities and our national security.""",half-true,half-true,"['true', 'mostly-true', 'half-true', 'mostly-false', 'false', 'pants-fire']",6,True
“Jeffrey Epstein found living in New Mexico!”,pants-fire,false,"['mostly-false', 'false', 'pants-fire']",3,True
"""A couple of hundred American cities are infested by members of the Mexican cartels.""",true,false,"['mostly-false', 'false', 'pants-fire']",3,False
"""It is shocking to me that Police Commissioner Richard Ross and Mayor Jim Kenney allowed this illegal occupation to go on for hours without taking any action to enforce the law…""",false,mostly-false,"['true', 'mostly-true', 'half-true', 'mostly-false', 'false', 'pants-fire']",6,True
"""They eliminated the funding for community policing.""",false,mostly-false,"['true', 'mostly-true', 'half-true', 'mostly-false', 'false', 'pants-fire']",6,True
"Greg Abbott did ""nothing"" to pursue reports of the sexual abuse of boys at a West Texas state-run school.",mostly-false,false,"['half-true', 'mostly-false', 'false', 'pants-fire']",4,True
"After attacking Emma Gonzalez, U.S. Rep. Steve King is ""facing arrest.""",false,false,"['mostly-false', 'false', 'pants-fire']",3,True
"There have been ""at least four incidents where bullets from Mexico have crossed the border.""",true,false,"['true', 'mostly-true', 'half-true', 'mostly-false', 'false', 'pants-fire']",6,True
"Says that unless the recipient called back about ""your tax filings,"" you ""will be taken into custody by the local cops as there are more serious allegations pressed on your name.""",pants-fire,false,"['false', 'pants-fire']",2,True
"Online voter registration is a ""more secure"" way of doing voter registration.",mostly-true,half-true,"['true', 'mostly-true', 'half-true', 'mostly-false', 'false', 'pants-fire']",6,True
"""African Americans are twice as likely to be arrested and almost four times as likely to experience the use of force during encounters with the police.""",mostly-true,false,"['true', 'mostly-true', 'half-true', 'mostly-false', 'false', 'pants-fire']",6,True
The Brooklyn subway attack was a false flag.,pants-fire,false,"['false', 'pants-fire']",2,True
"Says 194 people were killed in mass shootings in 2018 while undocumented immigrants killed 83,211 people.",false,false,"['false', 'pants-fire']",2,True
There is no ‘backlog’ of untested rape kits in Wisconsin.,pants-fire,false,"['half-true', 'mostly-false', 'false', 'pants-fire']",4,True
"""Four percent of American citizens are black males, but they are 35 percent of murder victims.""",mostly-true,false,"['mostly-false', 'false', 'pants-fire']",3,False
"Says Mitch McConnell voted ""two times against the Violence Against Women Act.""",half-true,false,"['true', 'mostly-true', 'half-true', 'mostly-false', 'false', 'pants-fire']",6,True
"Antonio Villaraigosa's ""recklessness (as mayor of Los Angeles)  ... left no funding to test 7,000 rape kits, putting public safety at risk.""",false,false,"['true', 'mostly-true', 'half-true', 'mostly-false', 'false', 'pants-fire']",6,True
"During her tenure as county attorney in Minnesota, ""there was a 65 percent decrease in incarceration of African-Americans.""",false,false,"['true', 'mostly-true', 'half-true', 'mostly-false', 'false', 'pants-fire']",6,True
"""The vast, overwhelming majority of [crimes that occur with a firearm] are committed by people who don’t legally possess that firearm in the first place.""",mostly-true,false,"['true', 'mostly-true', 'half-true', 'mostly-false', 'false', 'pants-fire']",6,True
"""In the last five years, 28,000 people have been killed along the U.S.-Mexico border.""",false,false,"['mostly-false', 'false', 'pants-fire']",3,True
"""You can absolutely get a gun if you have several felonies as long as you buy it on the Internet or at a gun show.""",half-true,false,"['mostly-false', 'false', 'pants-fire']",3,False
Sullivan County “has the highest opioid death rate in all of New York state” yet “it’s the only county in the Hudson Valley not included in the federal High-Intensity Drug Trafficking Area” program.,mostly-true,false,"['true', 'mostly-true', 'half-true', 'mostly-false', 'false', 'pants-fire']",6,True
"Says Austin is the ""safest big city in Texas with an unemployment rate under 3% that has been named the best place to live in the entire United States two years running.""",mostly-true,half-true,"['true', 'mostly-true', 'half-true', 'mostly-false', 'false', 'pants-fire']",6,True
"""Police discover meth lab in back room of Alabama Walmart.""",pants-fire,false,"['true', 'mostly-true', 'half-true', 'mostly-false', 'false', 'pants-fire']",6,True
"""Florida man on drugs kills imaginary friend and turns himself in.”",pants-fire,false,"['false', 'pants-fire']",2,True
"Says ""I disagreed"" with President Obama’s Secure Communities deportation program",half-true,true,"['true', 'mostly-true', 'half-true']",3,True
"""Some of the safest communities in the United States are along the border.""",mostly-true,false,"['half-true', 'mostly-false', 'false', 'pants-fire']",4,False
"""In American history since 9/11, we've had 85 major attacks in our country, 73 percent of them have been by white nationalist hate groups.""",half-true,false,"['mostly-false', 'false', 'pants-fire']",3,False
"""According to the state of Florida, you are almost twice as likely to be attacked by an alligator than by someone who happens to carry a conceal-and-carry permit.""",mostly-false,false,"['true', 'mostly-true', 'half-true', 'mostly-false', 'false', 'pants-fire']",6,True
"""Hillary Clinton spied on President Trump.""",false,false,"['false', 'pants-fire']",2,True
"The Rhode Island Parole Board ""never received an objection from the attorney general"" to the parole of  convicted murder Alfred Brissette.",true,false,"['true', 'mostly-true', 'half-true', 'mostly-false', 'false', 'pants-fire']",6,True
"""In Chicago, they've had thousands of shootings, thousands since Jan. 1. Thousands of shootings.""",true,false,"['half-true', 'mostly-false', 'false', 'pants-fire']",4,False
"""There are so many data that demonstrate that poor people, surprisingly, are less likely to use drugs than people with means.""",false,false,"['true', 'mostly-true', 'half-true', 'mostly-false', 'false', 'pants-fire']",6,True
"""Every day on average 500 people die from gun violence.""",false,false,"['true', 'mostly-true', 'half-true', 'mostly-false', 'false', 'pants-fire']",6,True
"Says the fertilizer plant that exploded in West, Texas,""had not been inspected by the state of Texas since 2006.""",false,false,"['true', 'mostly-true', 'half-true', 'mostly-false', 'false', 'pants-fire']",6,True
"“Watching the TV footage of those who entered the Capitol. … If you didn't know the TV footage was from Jan. 6, you would actually think it was a normal tourist visit.”",pants-fire,false,"['mostly-false', 'false', 'pants-fire']",3,True
"Human traffickers are putting toxin-laced tissues on gas pumps and door handles, then waiting for potential victims to pass out.",false,false,"['false', 'pants-fire']",2,True
Four out of 10 homicides are committed by gun in this city.,true,false,"['true', 'mostly-true', 'half-true', 'mostly-false', 'false', 'pants-fire']",6,True
"""It’s against the law in Texas to let any loaded gun get in the hands of a child.""",true,false,"['true', 'mostly-true', 'half-true', 'mostly-false', 'false', 'pants-fire']",6,True
"Recently released Jan. 6 footage shows ""these cops using massive amounts of force against unarmed Trump supporters, including women.""",false,false,"['half-true', 'mostly-false', 'false', 'pants-fire']",4,True
"Last year, ""244 suspected terrorists walked into gun shops and attempted to purchase a firearm; 223 were able to get the firearm.""",mostly-true,false,"['half-true', 'mostly-false', 'false', 'pants-fire']",4,False
"""Violent crime is now going down for the first time in a long while.""",mostly-false,false,"['mostly-true', 'half-true', 'mostly-false', 'false', 'pants-fire']",5,True
Brown University student Mustapha Karbouch was a suspect in school shooting.,false,false,"['mostly-false', 'false', 'pants-fire']",3,True
Says murder is the chief cause of death for pregnant women.,mostly-false,false,"['mostly-false', 'false', 'pants-fire']",3,True
“Only one person died on that day” during the Jan. 6 U.S. Capitol riot.,false,false,"['false', 'pants-fire']",2,True
"North Carolina could save ""literally tens of millions of dollars"" if it stopped prosecuting 16-year-olds as adults.",mostly-true,mostly-true,"['true', 'mostly-true', 'half-true', 'mostly-false', 'false', 'pants-fire']",6,True
"""In 2013,"" Dan Patrick voted ""against funding to test the backlog of rape kits, allowing rapists to walk free.""",pants-fire,false,"['true', 'mostly-true', 'half-true', 'mostly-false', 'false', 'pants-fire']",6,True
"In Milwaukee, ""The (homicide) rate has nearly doubled in the past two years.""",true,mostly-false,"['true', 'mostly-true', 'half-true', 'mostly-false', 'false', 'pants-fire']",6,True
“The idea that there’s political violence or violence in America like this is just unheard of.”,false,false,"['mostly-false', 'false', 'pants-fire']",3,True
"""Over 22,000 unique Internet Protocol addresses -- in Wisconsin alone -- have downloaded child pornography.""",mostly-true,false,"['true', 'mostly-true', 'half-true', 'mostly-false', 'false', 'pants-fire']",6,True
"Says he was ""not part of transferring"" any priests accused of sexual abuse.",half-true,half-true,"['true', 'mostly-true', 'half-true', 'mostly-false', 'false', 'pants-fire']",6,True
"""An elderly British politician has been savagely beaten to a bloody pulp by a gang of anti-Trump protestors because he ‘welcomed’ the U.S. president to the United Kingdom.""",mostly-false,false,"['mostly-false', 'false', 'pants-fire']",3,True
"""There was no panhandling when I left office.""",false,false,"['true', 'mostly-true', 'half-true', 'mostly-false', 'false', 'pants-fire']",6,True
"""The homicide rate in Baltimore is significantly higher than El Salvador, Honduras, Guatemala. ...  I believe it’s higher than Afghanistan.""",half-true,false,"['half-true', 'mostly-false', 'false', 'pants-fire']",4,True
"""When I was vice president, violent crime fell 15% in this country. ... The murder rate now is up 26% across the nation this year under Donald Trump.""",half-true,false,"['true', 'mostly-true', 'half-true', 'mostly-false', 'false', 'pants-fire']",6,True
"""Florida is enjoying its lowest crime rate in 39 years.""",mostly-true,false,"['true', 'mostly-true', 'half-true', 'mostly-false', 'false', 'pants-fire']",6,True
"""There are hit squads being trained all over this country” to violently oppose a second term for President Donald Trump.",false,false,"['mostly-false', 'false', 'pants-fire']",3,True
Says carbon monoxide is still employed to euthanize dogs and cats in 29 Texas animal shelters.,true,false,"['true', 'mostly-true', 'half-true', 'mostly-false', 'false', 'pants-fire']",6,True
"""Eighty-three law enforcement officers have died in the line of duty this year. Twenty-four of them were shot and killed in cold blood.""",true,false,"['true', 'mostly-true', 'half-true', 'mostly-false', 'false', 'pants-fire']",6,True
Says gas pumps in different parts of Texas are missing state inspection stickers and/or their inspections are out of date--and that's cheating consumers.,half-true,half-true,"['true', 'mostly-true', 'half-true', 'mostly-false', 'false', 'pants-fire']",6,True
"""Defendants charged with producing, directing or promoting an obscene sexual performance by a child will be arraigned & set free.""",mostly-true,false,"['false', 'pants-fire']",2,False
"Law-abiding gun owners stop crimes ""2.5 million times a year,"" according to the federal Centers for Disease Control.",mostly-false,false,"['mostly-false', 'false', 'pants-fire']",3,True
"Says Alex Jones ""said that the victims of the Sandy Hook massacre were child actors and no one was actually killed there.""",true,false,"['false', 'pants-fire']",2,False
"""Attorney General Eric Holder is involved in the dismissal of the criminal charges"" against the New Black Panther Party for voter intimidation",false,false,"['mostly-false', 'false', 'pants-fire']",3,True
"""The American murder rate is 50 times that of any other developed nation.""",false,false,"['mostly-true', 'half-true', 'mostly-false', 'false', 'pants-fire']",5,True
"""Breaking! Terrorist attacks Trumps at Mar A Lago.""",false,false,"['false', 'pants-fire']",2,True
"Says the Obama administration plans to reduce the number of beds devoted to holding individuals violating immigration laws and to ""release hundreds of dangerous criminals into our communities.""",mostly-false,false,"['mostly-true', 'half-true', 'mostly-false', 'false', 'pants-fire']",5,True
"""A [bank] surveillance camera capturing a criminal’s face and other identifiable traits would certainly discourage robbery attempts and serve as a deterrent to robbers.""",false,half-true,"['mostly-true', 'half-true', 'mostly-false', 'false', 'pants-fire']",5,True
“Violent crime rates increased in all but two Wisconsin cities between 2008 and 2017.”,pants-fire,false,"['true', 'mostly-true', 'half-true', 'mostly-false', 'false', 'pants-fire']",6,True
Former North Carolina Gov. Roy Cooper “bears direct responsibility” for the fatal stabbing of a woman on the Charlotte rail system.,false,false,"['false', 'pants-fire']",2,True
"Sakineh Mohammadi Ashtiani ""was never sentenced to stoning.""",false,false,"['mostly-false', 'false', 'pants-fire']",3,True
"""While I was mayor of the city of Providence we had the lowest crime rate in 30 years.""",true,false,"['true', 'mostly-true', 'half-true', 'mostly-false', 'false', 'pants-fire']",6,True
"Says Chicago ""had the lowest murder rates in a generation"" during his time as police superintendent.",mostly-false,false,"['half-true', 'mostly-false', 'false', 'pants-fire']",4,True
"Says Scott Walker cut funding to local governments in Wisconsin, contributing to the ""second-largest increase in violent crime"" in the Midwest.",half-true,false,"['true', 'mostly-true', 'half-true', 'mostly-false', 'false', 'pants-fire']",6,True
"The death penalty ""is a deterrent that does affect and impact people.""",mostly-false,half-true,"['true', 'mostly-true', 'half-true', 'mostly-false', 'false', 'pants-fire']",6,True
"In the U.S., ""African-Americans continue to be arrested at nearly three and one half times the rate of whites"" on marijuana charges.",true,mostly-true,"['true', 'mostly-true', 'half-true', 'mostly-false', 'false', 'pants-fire']",6,True
"Says Donald Trump got “exposed for raping a 13-year-old"" in retaliation for law enforcement officers “killing black people.”",false,false,"['false', 'pants-fire']",2,True
"""Washington, D.C., had some of the strictest gun laws in the country. And when they passed them, violence skyrocketed.""",half-true,false,"['half-true', 'mostly-false', 'false', 'pants-fire']",4,True
"""Illegal aliens cost the state of Rhode Island $400 million a year.""",pants-fire,false,"['half-true', 'mostly-false', 'false', 'pants-fire']",4,True
"My ""border security efforts have led to a 60 percent  decrease in border crime.""",pants-fire,false,"['half-true', 'mostly-false', 'false', 'pants-fire']",4,True
They were “never my comments” that a woman can’t get pregnant from rape.,half-true,false,"['half-true', 'mostly-false', 'false', 'pants-fire']",4,True
"""There are approximately 18,000 (police) departments in the United States.""",mostly-true,false,"['true', 'mostly-true', 'half-true', 'mostly-false', 'false', 'pants-fire']",6,True
"Says Tallahassee ""is experiencing a five-year low in our crime rate.""",mostly-true,mostly-false,"['true', 'mostly-true', 'half-true', 'mostly-false', 'false', 'pants-fire']",6,True
"""Virginia Democrats Push Legislation to Make Criticism of Government Officials a Criminal Offense.""",pants-fire,false,"['mostly-false', 'false', 'pants-fire']",3,True
"If masks prevent coronavirus, governors would have given them to prison inmates instead of releasing them.",false,false,"['mostly-false', 'false', 'pants-fire']",3,True
"""Al-Qaida operatives, have said, 'Hey, we want you to use this loophole (for purchasing guns despite being on a watch list) to attack and kill Americans.'""",mostly-true,false,"['half-true', 'mostly-false', 'false', 'pants-fire']",4,False
"Chicago city officials ""have adopted an official policy of protecting criminal aliens who prey on their own residents.""",false,false,"['mostly-false', 'false', 'pants-fire']",3,True
"Says that Lee Fisher once said, ""I never met a gun control bill I didn’t like.""",false,false,"['half-true', 'mostly-false', 'false', 'pants-fire']",4,True
"""The LGBT community is more often the victims of hate crimes than any other recognized group.""",true,false,"['true', 'mostly-true', 'half-true', 'mostly-false', 'false', 'pants-fire']",6,True
"Says that in Illinois, ""fewer than 20% of those actually deported have been charged with any serious crime.""",mostly-true,false,"['true', 'mostly-true', 'half-true', 'mostly-false', 'false', 'pants-fire']",6,True
"""What we have now is the most generous, in my opinion, 'good time' bill in the entire United States.""",false,mostly-false,"['true', 'mostly-true', 'half-true', 'mostly-false', 'false', 'pants-fire']",6,True
"More than 3,000 homicides were committed by ""illegal aliens"" over the past six years.",pants-fire,false,"['mostly-false', 'false', 'pants-fire']",3,True
"""In the rest of the world, there have been 18 school shootings in the last twenty years. In the U.S., there have been 18 school shootings since January 1.""",mostly-false,false,"['true', 'mostly-true', 'half-true', 'mostly-false', 'false', 'pants-fire']",6,True
"""The UK has an unarmed police force and a firearm fatality rate that is 40 times lower per capita than in the U.S.""",mostly-true,false,"['true', 'mostly-true', 'half-true', 'mostly-false', 'false', 'pants-fire']",6,True
"“In Virginia, Black people are eight times (8X) more likely than white people to die of gun homicide.”",true,false,"['true', 'mostly-true', 'half-true', 'mostly-false', 'false', 'pants-fire']",6,True
"""Transgender individuals in the U.S. have a 1-in-12 chance of being murdered.""",pants-fire,false,"['half-true', 'mostly-false', 'false', 'pants-fire']",4,True
"Mexico is ""now rated the number one most dangerous country in the world.""",mostly-false,false,"['false', 'pants-fire']",2,False
"The ""stand your ground"" law caused the shooting death of Trayvon Martin.",false,false,"['mostly-false', 'false', 'pants-fire']",3,True
"Says getting ex-cons to successfully return to society is important ""so we are not always faced constantly with recidivism, which is a big problem in the penitentiary today – in the 70 to 80 percent range.""",pants-fire,half-true,"['true', 'mostly-true', 'half-true', 'mostly-false', 'false', 'pants-fire']",6,True
"""Three of the 11 most violent cities in the U.S. are in Missouri — St. Louis, Kansas City, and Springfield.""",half-true,false,"['true', 'mostly-true', 'half-true', 'mostly-false', 'false', 'pants-fire']",6,True
"A ""study showed as many as one in four people have had a package stolen from their residence.""",true,false,"['true', 'mostly-true', 'half-true', 'mostly-false', 'false', 'pants-fire']",6,True
"""The crime decline in the United States would be fairly small if it wasn't for the crime decline in New York City.""",false,false,"['mostly-true', 'half-true', 'mostly-false', 'false', 'pants-fire']",5,True
The Atlanta shooting suspect wrote an anti-China post on Facebook prior to the shootings.,false,false,"['true', 'mostly-true', 'half-true', 'mostly-false', 'false', 'pants-fire']",6,True
"Says Jordan Davis, son of Georgia Congresswoman Lucy McBath, was killed in ""a drug deal gone bad.""",pants-fire,false,"['half-true', 'mostly-false', 'false', 'pants-fire']",4,True
"""There’s 21 congressmen and senators that have been convicted of felonies that still get their retirement, even in jail. They don’t have to wait until they’re 65.""",mostly-true,false,"['mostly-true', 'half-true', 'mostly-false', 'false', 'pants-fire']",5,True
"Says Georgia’s 5th congressional district, represented by John Lewis, is ""in horrible shape and falling apart (not to mention crime infested).""",mostly-false,false,"['mostly-false', 'false', 'pants-fire']",3,True
"“In Chicago, Covid-19 actually LOWERED the death rate.”",false,false,"['false', 'pants-fire']",2,True
"An Army report stated Allen West ""performed illegal acts, merited court martial, faced 11 years in prison.'""",half-true,false,"['half-true', 'mostly-false', 'false', 'pants-fire']",4,True
"Says President Barack Obama has said ""that everybody should hate the police.""",pants-fire,false,"['false', 'pants-fire']",2,True
"Elon Musk criticized the UnitedHealthcare CEO shooter on X, saying, “It’s disgusting how everyone is turning this guy into some kind of folk hero.”",false,false,"['mostly-false', 'false', 'pants-fire']",3,True
"""In 2016, counties hosting a Trump rally saw a 226% spike in hate crimes.""",half-true,false,"['mostly-false', 'false', 'pants-fire']",3,False
"""Beginning on Jan. 1, prostitution by minors will be legal in California.""",pants-fire,false,"['false', 'pants-fire']",2,True
Voting-rights legislation proposed by Democrats in Congress called H.R. 1 “would force states to restore the voting rights of convicted felons—including violent felons convicted of murder or rape.”,half-true,false,"['mostly-true', 'half-true', 'mostly-false', 'false', 'pants-fire']",5,True
"""You see 34 people (are) murdered every single day"" by gunfire in America.",mostly-true,false,"['true', 'mostly-true', 'half-true', 'mostly-false', 'false', 'pants-fire']",6,True
"""Parents that go to school board meetings"" and question the curriculum are being ""flagged by the Department of Justice and the FBI for attending a meeting.""",false,false,"['false', 'pants-fire']",2,True
"Says Gov. Scott Walker made ""draconian cuts"" to public safety budgets that put police officers at ""greater risk of harm.""",false,half-true,"['true', 'mostly-true', 'half-true', 'mostly-false', 'false', 'pants-fire']",6,True
"Sex traffickers are using a zip-tie contraption on the door handles of vehicles “to trick females into looking down and digging for something in their purse to cut with ... Once they’re distracted, boom! They are quickly forced into another vehicle, never to be seen again by their people.”",false,false,"['mostly-false', 'false', 'pants-fire']",3,True
"""Maxine Waters Is Getting Criminally Charged!""",false,false,"['mostly-false', 'false', 'pants-fire']",3,True
"Says Hillary Clinton ""wants sanctuary cities.""",mostly-true,false,"['mostly-false', 'false', 'pants-fire']",3,False
"As part of legislative fights over abortion rights, ""Mike Coffman co-sponsored a bill to redefine rape.""",mostly-true,false,"['mostly-true', 'half-true', 'mostly-false', 'false', 'pants-fire']",5,True
"""We’ve had a dramatic drop in violent crime since this law (‘stand your ground’) has been in effect.""",half-true,false,"['mostly-true', 'half-true', 'mostly-false', 'false', 'pants-fire']",5,True
“Cal Cunningham has been silent on this on defunding the police; I assume his silence is consent.”,false,false,"['mostly-true', 'half-true', 'mostly-false', 'false', 'pants-fire']",5,True
"""The conviction rate is almost exactly the same"" for whites and blacks who commit murder.",false,false,"['mostly-false', 'false', 'pants-fire']",3,True
"El Paso is the ""safest city in the state of Texas, safest city in the United States.""",half-true,false,"['true', 'mostly-true', 'half-true', 'mostly-false', 'false', 'pants-fire']",6,True
"""We are now seeing a decrease in violent crime.""",true,mostly-false,"['true', 'mostly-true', 'half-true', 'mostly-false', 'false', 'pants-fire']",6,True
"Says Beto O’Rourke described police as ""modern-day Jim Crow.""",mostly-false,false,"['true', 'mostly-true', 'half-true', 'mostly-false', 'false', 'pants-fire']",6,True
"Protest vandalism in Richmond “all started two weeks ago when Mayor Stoney’s police gassed - tear gassed - a peaceful crowd of protesters, moms and children, at 7:30 p.m. sharp.”",false,false,"['mostly-true', 'half-true', 'mostly-false', 'false', 'pants-fire']",5,True
Seattle authorities are investigating a string of serial killings.,false,false,"['true', 'mostly-true', 'half-true', 'mostly-false', 'false', 'pants-fire']",6,True
"""As of 2014, illegal aliens made up roughly 3.5 percent of our population, and committed over 10 percent of all murders.""",mostly-false,false,"['mostly-false', 'false', 'pants-fire']",3,True
Cheri Beasley “vacated” a man’s death sentence and “threw out” the indictment in a child assault case.,half-true,false,"['mostly-false', 'false', 'pants-fire']",3,False
"""In Catherine Cortez Masto's last term as attorney general, Nevada murder went up 11 percent, robbery went up 28 percent, rape 51 percent. When Cortez Masto left office, Nevada ranked as America's third most dangerous state.""",mostly-false,false,"['mostly-false', 'false', 'pants-fire']",3,True
“Joe Biden called Black youth super predators.”,false,false,"['false', 'pants-fire']",2,True
"“When we discovered, I discovered, that we were doing many, many, too many stop and frisks, we cut 95% of it out.”",half-true,false,"['mostly-true', 'half-true', 'mostly-false', 'false', 'pants-fire']",5,True
"Says Milwaukee County district attorney candidate Verona Swanigan ""has worked as a prosecutor.""",false,true,"['true', 'mostly-true', 'half-true', 'mostly-false', 'false']",5,True
"A flight from Atlanta to Houston was canceled due to a ""terrorist dry run.""",pants-fire,false,"['mostly-false', 'false', 'pants-fire']",3,True
"""According to ATF data, 70 percent of firearms recovered and traced in drug cartel crimes in Mexico originated from the United States.""",mostly-true,false,"['true', 'mostly-true', 'half-true', 'mostly-false', 'false', 'pants-fire']",6,True
"""In the year 2013, the Obama administration released 104,000 criminal illegal aliens. They released 196 murderers – people with homicide convictions, who are here illegally.""",half-true,false,"['half-true', 'mostly-false', 'false', 'pants-fire']",4,True
“Finnish Court rules sex with children is permitted.”,false,false,"['false', 'pants-fire']",2,True
"""50% of the DUIs on Interstate 35 are from illegals. Ninety percent of the 50% have absolutely no identification.""",pants-fire,false,"['mostly-false', 'false', 'pants-fire']",3,True
"""Here are the facts: there is no massive wave of migrants pouring into California. Overall immigrant apprehensions on the border last year were as low as they’ve been in nearly 50 years (and 85 percent of the apprehensions occurred outside of California).""",true,true,"['true', 'mostly-true', 'half-true']",3,True
Vice President Kamala Harris “even wants to legalize fentanyl.”,false,false,"['false', 'pants-fire']",2,True
"Research found that ""over the course of the existence of the Brady Bill ban, the use of assault weapons in crimes decreased by two thirds.""",half-true,false,"['half-true', 'mostly-false', 'false', 'pants-fire']",4,True
“The school shooter in Madison Wisconsin Christian School shooting has been identified as a female identifying as a male.”,false,false,"['half-true', 'mostly-false', 'false', 'pants-fire']",4,True
"“So far, out of 175 arrested in Kenosha, 102 were not from Kenosha. Rioting has become its own industry.”",mostly-false,false,"['mostly-true', 'half-true', 'mostly-false', 'false', 'pants-fire']",5,True
"A bill backed by Sean Duffy and other House Republicans ""could actually require the Internal Revenue Service to conduct audits of rape victims"" who get an abortion.",false,false,"['mostly-false', 'false', 'pants-fire']",3,True
"""Of all cities in the United States with more than 100,000 people, Providence is the 183rd safest.""",mostly-true,false,"['true', 'mostly-true', 'half-true', 'mostly-false', 'false', 'pants-fire']",6,True
"""If Governor Cooper's proposed bill for repealing HB2 becomes law, it will create a state-sanctioned 'Look But Don't Touch' policy in our bathrooms.""",pants-fire,false,"['half-true', 'mostly-false', 'false', 'pants-fire']",4,True
"""Ivanka Trump charged with major crime.”",false,false,"['false', 'pants-fire']",2,True
"“Biden said today, if he loses, his people will keep burning, looting and killing.”",false,false,"['false', 'pants-fire']",2,True
"""Phoenix is already one of the kidnapping capitals of the world.""",false,false,"['mostly-false', 'false', 'pants-fire']",3,True
"""82-year-old who killed a Muslim in self-defense gets the death penalty.""",pants-fire,false,"['half-true', 'mostly-false', 'false', 'pants-fire']",4,True
"""If you're a terrorist you can't fly,"" but ""an assault weapon you can buy.""",mostly-true,false,"['half-true', 'mostly-false', 'false', 'pants-fire']",4,False
"""If you look at what we’ve done over the last several years, the crime rate has actually gone down in [Providence] and . . . the number of shootings has been going down.""",half-true,mostly-true,"['true', 'mostly-true', 'half-true', 'mostly-false', 'false', 'pants-fire']",6,True
"""The law says ... when a police officer stops you, do whatever he says and then deal with it later.""",false,false,"['half-true', 'mostly-false', 'false', 'pants-fire']",4,True
The racial and ethnic makeup of the Gwinnett County Sheriff’s Office mirrors the community it serves.,true,mostly-false,"['true', 'mostly-true', 'half-true', 'mostly-false', 'false', 'pants-fire']",6,True
"""Crime is down in Arizona.""",true,mostly-false,"['true', 'mostly-true', 'half-true', 'mostly-false', 'false', 'pants-fire']",6,True
A list shows violent crimes in Los Angeles that “people will be set free on as of today.”,false,false,"['mostly-false', 'false', 'pants-fire']",3,True
"""My Treasury team eliminated a 900-case backlog in the Crime Victim Compensation Program.""",true,mostly-false,"['true', 'mostly-true', 'half-true', 'mostly-false', 'false', 'pants-fire']",6,True
"""Hollywood is #1 in Broward homicides in 2013. Thanks Chief Fernandez!""",half-true,false,"['false', 'pants-fire']",2,False
"Six convictions are connected to an allegation by prosecutors ""that Gov. Scott Walker is at the center of a criminal scheme.""",false,false,"['true', 'mostly-true', 'half-true', 'mostly-false', 'false', 'pants-fire']",6,True
"New York is ""leading the nation with the lowest imprisonment rate of any large state”",true,false,"['true', 'mostly-true', 'half-true', 'mostly-false', 'false', 'pants-fire']",6,True
"""In 2010, 48,000 felons and fugitives lied and illegally tried to purchase guns. They [The Obama administration] prosecuted only 44 of them.""",mostly-true,false,"['half-true', 'mostly-false', 'false', 'pants-fire']",4,False
"""Under the federal Controlled Substance Act, marijuana is listed in the same Schedule I as heroin,"" even though ""marijuana is not a killer drug like heroin.""",mostly-true,false,"['true', 'mostly-true', 'half-true', 'mostly-false', 'false', 'pants-fire']",6,True
"Says ""Catherine Cortez Masto indicted (Brian Krolicki), who was an innocent man, in order to save Harry Reid's political career""",half-true,false,"['mostly-false', 'false', 'pants-fire']",3,False
"A recent spending bill had at least ""$1.6 billion in there ... for schools to give them an opportunity to secure them.""",mostly-false,mostly-true,"['true', 'mostly-true', 'half-true', 'mostly-false', 'false', 'pants-fire']",6,True
"""According to a recent study from the University of California Riverside, (sanctuary) cities with these policies have more violent crime on average than those that don’t.""",mostly-false,false,"['mostly-false', 'false', 'pants-fire']",3,True
"""In the mid 1990s, in our state, (Florida was) No. 1 in violent crime in America. ... The only concern I had was for the citizens of Florida, who were subjected to a violent crime every three minutes and 45 seconds.""",true,false,"['mostly-true', 'half-true', 'mostly-false', 'false', 'pants-fire']",5,False
Says America’s most violent cities are that way because of their Democratic politics,mostly-false,false,"['mostly-false', 'false', 'pants-fire']",3,True
Says the Obama administration catches and releases nonviolent illegal immigrants.,half-true,false,"['half-true', 'mostly-false', 'false', 'pants-fire']",4,True
"Gov. Charlie Crist ""sought for and got approved the automatic restoration of felon rights for nonviolent offenders for the first time in Florida history.""",false,true,"['true', 'mostly-true', 'half-true', 'mostly-false', 'false']",5,True
"""Studies have shown Latinos are more than 40 percent less likely to call 911 when they have been a victim of a crime.""",mostly-true,false,"['half-true', 'mostly-false', 'false', 'pants-fire']",4,False
"Says Debbie Wasserman Schultz ""going to mental hospital after what she did overnight desperate to escape arrest.""",pants-fire,false,"['false', 'pants-fire']",2,True
"Speaking about Hillary Clinton: “I didn’t say, ‘Lock her up.’ ”",pants-fire,false,"['true', 'mostly-true', 'half-true', 'mostly-false', 'false', 'pants-fire']",6,True
"Says ""some [states] with the largest reductions in crime have also lowered their prison population.""",true,half-true,"['true', 'mostly-true', 'half-true', 'mostly-false', 'false', 'pants-fire']",6,True
"""When we passed the assault weapons ban, mass shootings went down. When the law expired, mass shootings tripled.""",mostly-true,false,"['mostly-true', 'half-true', 'mostly-false', 'false', 'pants-fire']",5,True
"Under a GOP bill on cash bail, ""a large quantity of people who are accused of crimes, including anyone who even witnesses certain crimes, could now be detained and subject to bail.""",half-true,false,"['mostly-true', 'half-true', 'mostly-false', 'false', 'pants-fire']",5,True
"Only five states, including Georgia, do not have a hate crimes law.",true,false,"['true', 'mostly-true', 'half-true', 'mostly-false', 'false', 'pants-fire']",6,True
"Says Brendan Kelly ""allowed half of the criminals he faced to walk free"" and ""failed to protect women who were violently assaulted,"" allowing ""those guilty of sexual assault to cut inexcusable plea deals.""",mostly-false,false,"['mostly-true', 'half-true', 'mostly-false', 'false', 'pants-fire']",5,True
"In Wisconsin, a ""second arrest for carrying pot is a felony,"" but a second or subsequent arrest ""for carrying a gun illegally is a misdemeanor.""",mostly-true,false,"['true', 'mostly-true', 'half-true', 'mostly-false', 'false', 'pants-fire']",6,True
"Says Gerald Daugherty advocated lowering the penalty for crimes like strangulation in domestic violence cases because ""they just ‘throw more people into the’"" jail ""‘system.""",mostly-false,false,"['true', 'mostly-true', 'half-true', 'mostly-false', 'false', 'pants-fire']",6,True
"""When we passed (the stand your ground law), we said it portends horrific events when people's lives were put into these situations.""",true,mostly-false,"['true', 'mostly-true', 'half-true', 'mostly-false', 'false', 'pants-fire']",6,True
"The war on drugs led to ""a 500 percent increase in incarceration in our country, disproportionately affecting poor and disproportionately affecting minorities.""",mostly-true,half-true,"['true', 'mostly-true', 'half-true', 'mostly-false', 'false', 'pants-fire']",6,True
"Since Oregon’s prescription-only law took effect, meth lab incidents have dropped by 96 percent and meth-related arrests by 32 percent.",true,false,"['true', 'mostly-true', 'half-true', 'mostly-false', 'false', 'pants-fire']",6,True
"""Over the past twenty years, the number of homicides committed with a firearm in the United States has decreased by nearly 40 percent. The number of other crimes involving the use of a firearm has also plummeted, declining by nearly 70 percent.""",true,half-true,"['true', 'mostly-true', 'half-true', 'mostly-false', 'false', 'pants-fire']",6,True
"Says Dontre Hamilton ""was shot 14 times by police for resting on a park bench in Milwaukee.""",mostly-true,false,"['true', 'mostly-true', 'half-true', 'mostly-false', 'false']",5,True
"Under Rosemary Lehmberg, the ""Travis County D.A.’s office"" convened the grand jury that indicted Rick Perry.",false,false,"['true', 'mostly-true', 'half-true', 'mostly-false', 'false', 'pants-fire']",6,True
"""In 2008, when Flint had 265 sworn officers on their police force, there were 35 murders and 91 rapes in this city. In 2010, when Flint had only 144 police officers, the murder rate climbed to 65, and rapes … climbed to 229.""",half-true,false,"['true', 'mostly-true', 'half-true', 'mostly-false', 'false', 'pants-fire']",6,True
"The stories from women saying he groped or forced himself on them ""largely have been debunked.""",false,false,"['false', 'pants-fire']",2,True
"""The murder rate in our country is the highest it’s been in 47 years.""",false,false,"['half-true', 'mostly-false', 'false', 'pants-fire']",4,True
"""Switzerland (where the government) issues every household a gun . . . has the lowest gun related crime rate of any civilized country in the world!!!""",pants-fire,false,"['mostly-false', 'false', 'pants-fire']",3,True
"""No one was taken into custody"" for feeding the homeless.",mostly-true,false,"['true', 'mostly-true', 'half-true', 'mostly-false', 'false', 'pants-fire']",6,True
"“Police budgets are at their highest they've ever been, there hasn’t actually been any defunding the police.”",mostly-false,false,"['mostly-true', 'half-true', 'mostly-false', 'false', 'pants-fire']",5,True
"""As a result of National Rifle Association and other private-sector (safety-education) programs, fatal firearms accidents are at the lowest level in 100 years.""",half-true,false,"['mostly-true', 'half-true', 'mostly-false', 'false', 'pants-fire']",5,True
"Says ""the most dangerous time for children"" is from ""3 to 6 p.m., during which time juvenile crime rates triple""",half-true,false,"['half-true', 'mostly-false', 'false', 'pants-fire']",4,True
"San Diego’s border barrier ""almost completely ended illegal crossings.""",half-true,false,"['mostly-false', 'false', 'pants-fire']",3,False
"Says of the Milwaukee mass shooter:  ""Supposedly he is black. A noose was hung on his locker and he addressed the issue and he was fired! So he returned the next work day and killed who he all thought were involved.""",mostly-false,false,"['mostly-false', 'false', 'pants-fire']",3,True
"Preliminary murder rates in Philadelphia ""will put the murder rate at the highest of this decade in the city.""",mostly-false,false,"['true', 'mostly-true', 'half-true', 'mostly-false', 'false', 'pants-fire']",6,True
"Rhode Island is ""at the top of the country for alcohol-related fatalities.""",mostly-true,false,"['true', 'mostly-true', 'half-true', 'mostly-false', 'false', 'pants-fire']",6,True
"The shooting at an elementary school in Uvalde County, Texas, was a false flag.",pants-fire,false,"['false', 'pants-fire']",2,True
"""In 2017, we had more marijuana possession arrests in our country than all other violent crimes combined.""",true,false,"['mostly-true', 'half-true', 'mostly-false', 'false', 'pants-fire']",5,False
"“Arizona was safe” when she moved to the state in 1994, but has become “unsafe.”",false,false,"['half-true', 'mostly-false', 'false', 'pants-fire']",4,True
Says left-wing activist John Sullivan “incited (the) insurgence of (the) US Capitol.”,mostly-false,false,"['mostly-false', 'false', 'pants-fire']",3,True
"""More whites than blacks are victims of deadly police shootings.""",half-true,false,"['false', 'pants-fire']",2,False
"""Muslims in America have been subjected to more insults, attacks and hate crimes in the last two or three years than ever before, specifically more than after 9-11.""",mostly-true,false,"['true', 'mostly-true', 'half-true', 'mostly-false', 'false', 'pants-fire']",6,True
"Children who witness domestic violence are ""twice as likely to commit it themselves.""",mostly-true,false,"['mostly-true', 'half-true', 'mostly-false', 'false', 'pants-fire']",5,True
Says he led the fight to add 200 new police officers to make the City of Milwaukee safer.,half-true,half-true,"['true', 'mostly-true', 'half-true', 'mostly-false', 'false', 'pants-fire']",6,True
"Shinzo Abe was assassinated because he “didn’t mandate vaccines, sent 1.6 million doses back and gave citizens ivermectin.”",false,false,"['false', 'pants-fire']",2,True
"Says ""Bob Casey voted in favor of deadly sanctuary cities that released thousands upon thousands of illegal alien criminals and vicious gang members to prey on Pennsylvania streets, to prey all over this country.""",false,false,"['mostly-false', 'false', 'pants-fire']",3,True
"California has seen a ""56 percent decline in the gun murder rate"" since the 1990s.",mostly-true,false,"['true', 'mostly-true', 'half-true', 'mostly-false', 'false', 'pants-fire']",6,True
"""More than three women per day lose their lives at the hands of their partners.""",true,false,"['true', 'mostly-true', 'half-true', 'mostly-false', 'false', 'pants-fire']",6,True
"Democrats ""want virtual immunity for illegal aliens who have created horrible crimes and murder.""",false,false,"['false', 'pants-fire']",2,True
"""A sitting sheriff cannot be charged except by a warrant issued by a Superior Court judge.""",half-true,false,"['true', 'mostly-true', 'half-true', 'mostly-false', 'false', 'pants-fire']",6,True
"""The sex-offender registry has been around for a long time, and the research that's out there says that it has no positive impact on the public safety.""",mostly-true,half-true,"['true', 'mostly-true', 'half-true', 'mostly-false', 'false', 'pants-fire']",6,True
"Says a study indicates up to $8.5 billion in lost GDP and up to 185,000 lost jobs if Texas lawmakers approve a measure limiting transgender bathroom choices.",mostly-false,half-true,"['true', 'mostly-true', 'half-true', 'mostly-false', 'false', 'pants-fire']",6,True
Says Josh Mandel’s campaign is under FBI investigation,false,false,"['half-true', 'mostly-false', 'false', 'pants-fire']",4,True
"""Two years ago Providence alone spent $50,000 a year notifying the school department"" about residents in the state's sex offender registry.",half-true,false,"['true', 'mostly-true', 'half-true', 'mostly-false', 'false', 'pants-fire']",6,True
"""There are over 2,000 crimes recorded per 100,000 population in the U.K.,"" compared to ""466 violent crimes per 100,000"" in the United States.",false,false,"['true', 'mostly-true', 'half-true', 'mostly-false', 'false', 'pants-fire']",6,True
"“This year, there have been 13,000 deaths by gun violence. The vast majority, 95% of them, are in inner cities, where you have some of the strictest gun control laws in the country.”",mostly-false,false,"['half-true', 'mostly-false', 'false', 'pants-fire']",4,True
"Says John Cox ""parroted, parroted Trump — almost verbatim — on the children’s separation issues at the border.""",mostly-false,half-true,"['true', 'mostly-true', 'half-true', 'mostly-false', 'false', 'pants-fire']",6,True
"There were ""63 murders this weekend"" in Chicago and Mayor Rahm Emanuel’s legacy is ""more murders in his city than ever before.""",pants-fire,false,"['mostly-false', 'false', 'pants-fire']",3,True
"""Since 1978, California has spent $5 billion to put 13 people to death.""",mostly-false,false,"['true', 'mostly-true', 'half-true', 'mostly-false', 'false', 'pants-fire']",6,True
"""In Houston, Texas, there are more brothels than there are Starbucks.""",mostly-true,false,"['mostly-false', 'false', 'pants-fire']",3,False
"""In New England, Rhode Island has the second highest number of police officers being assaulted.""",mostly-false,false,"['true', 'mostly-true', 'half-true', 'mostly-false', 'false', 'pants-fire']",6,True
"""Once again, a police officer has been killed with an illegal gun from Georgia – a state that last year did the NRA’s bidding and weakened its already lax gun laws.""",mostly-false,mostly-false,"['true', 'mostly-true', 'half-true', 'mostly-false', 'false', 'pants-fire']",6,True
"Says ""Nancy Pelosi came out in favor of MS-13.""",false,false,"['false', 'pants-fire']",2,True
"""There's a tax credit of $2,400 to bond [former inmates] that an employer would get for hiring a convicted felon. There's a federal bonding program -- you can get $5,000 to $25,000 in federal money to hire a convicted felon. And there's federal grants for felons to set up their own small businesses.""",mostly-false,half-true,"['true', 'mostly-true', 'half-true', 'mostly-false', 'false', 'pants-fire']",6,True
"Says that in Texas, it’s ""already illegal to enter a bathroom to harm someone.""",half-true,true,"['true', 'mostly-true', 'half-true', 'mostly-false', 'false']",5,True
"Says of MS-13 gang members, ""We are getting them out of our country by the thousands.""",mostly-false,false,"['half-true', 'mostly-false', 'false', 'pants-fire']",4,True
"""We’ve had about 3,000 murders"" in connection with lax border security.",pants-fire,false,"['half-true', 'mostly-false', 'false', 'pants-fire']",4,True
"""It costs us about $33,000 a year (on average nationally) to lock somebody up. In California it costs about $75,000 a year.""",true,half-true,"['true', 'mostly-true', 'half-true', 'mostly-false', 'false', 'pants-fire']",6,True
"An undocumented immigrant ""was arrested on suspicion of arson in (the) Wine Country fires that have killed at least 40 residents.""",false,false,"['half-true', 'mostly-false', 'false', 'pants-fire']",4,True
"""There have been more than 270 mass shootings in the United States in the last year alone. That’s where four or more are killed.""",false,false,"['true', 'mostly-true', 'half-true', 'mostly-false', 'false', 'pants-fire']",6,True
"Romney refused to pardon ""a decorated soldier"" returning from Iraq who had been charged with a crime involving a BB gun when he was 13.",true,false,"['half-true', 'mostly-false', 'false', 'pants-fire']",4,False
"""Chicago experienced its deadliest weekend of the year...With 7 dead and 52 wounded near a playground.""",mostly-false,false,"['true', 'mostly-true', 'half-true', 'mostly-false', 'false', 'pants-fire']",6,True
"Says Ted Cruz ""never denied"" his father was photographed with Lee Harvey Oswald.",pants-fire,false,"['true', 'mostly-true', 'half-true', 'mostly-false', 'false', 'pants-fire']",6,True
"Says unemployment in Trenton is ""twice as much as what we see in every other area of the state"" and, as a result, ""we have seen an increase in crime.""",mostly-false,mostly-false,"['true', 'mostly-true', 'half-true', 'mostly-false', 'false', 'pants-fire']",6,True
"""You can be an NFL player with murder charges and not be suspended.""",half-true,false,"['half-true', 'mostly-false', 'false', 'pants-fire']",4,True
"A University of Texas ""student pulled out a concealed handgun"" on a knife-wielding suspect ""and made him back down.""",pants-fire,false,"['true', 'mostly-true', 'half-true', 'mostly-false', 'false', 'pants-fire']",6,True
"“As California attorney general, (Kamala Harris) redefined child sex trafficking, assault with a deadly weapon, and rape of an unconscious person as a totally nonviolent crime.”",false,false,"['mostly-false', 'false', 'pants-fire']",3,True
"A record number of immigrants not from Mexico are ""being apprehended at the border.""",true,false,"['mostly-true', 'half-true', 'mostly-false', 'false', 'pants-fire']",5,False
Says Oregon ranks 30th in the nation with regard to its incarceration rate.,true,half-true,"['true', 'mostly-true', 'half-true', 'mostly-false', 'false', 'pants-fire']",6,True
"It ""is Hillary Clinton's agenda"" to ""release the violent criminals from jail. She wants them all released.""",pants-fire,false,"['false', 'pants-fire']",2,True
"""Last year was one of the deadliest years ever for law enforcement officers.""",false,false,"['true', 'mostly-true', 'half-true', 'mostly-false', 'false', 'pants-fire']",6,True
"Phoenix is the kidnapping capital ""of the Western Hemisphere.""",false,false,"['mostly-false', 'false', 'pants-fire']",3,True
"""You’ve got almost twice as many cops in New York City as you do on our entire border. That’s nuts.""",half-true,false,"['true', 'mostly-true', 'half-true', 'mostly-false', 'false', 'pants-fire']",6,True
"""If there is a firearm available, it is 17 times more likely to be used either for suicide or for assaulting a friend, relative, an acquaintance than it is to be used in fending off an intruder.""",half-true,false,"['half-true', 'mostly-false', 'false', 'pants-fire']",4,True
"''Over 40 percent of African-American men in (Milwaukee County) have been going to prison for low-level drug offenses, and I think a hundred times that in the city of Madison.""",false,false,"['mostly-false', 'false', 'pants-fire']",3,True
Says his Texas election fraud investigations have resulted in 50 convictions.,half-true,false,"['true', 'mostly-true', 'half-true', 'mostly-false', 'false', 'pants-fire']",6,True
"""Rick Scott's prison plan would cut Florida's prison budget in half, close prisons, and release tens of thousands of prisoners early -- murderers, rapists, sex offenders, armed robbers, drug dealers.""",mostly-false,false,"['half-true', 'mostly-false', 'false', 'pants-fire']",4,True
"The ""House-passed budget proposal could cut funding for programs that help keep local neighborhoods safe, slash more than $1.7 million in anti-terror funds for Ohio.""",true,false,"['true', 'mostly-true', 'half-true', 'mostly-false', 'false', 'pants-fire']",6,True
“Violent crime is near a record 50-year low.”,true,false,"['true', 'mostly-true', 'half-true', 'mostly-false', 'false', 'pants-fire']",6,True
Idaho shooting suspect Wess Roley faced criminal charges and had a no-contact order from his family.,false,false,"['true', 'mostly-true', 'half-true', 'mostly-false', 'false', 'pants-fire']",6,True
“Cuomo ended cash bail ... and now the crime rate has gone through the roof.”,false,false,"['half-true', 'mostly-false', 'false', 'pants-fire']",4,True
"""More people are driving under the influence of drugs than are driving under the influence of alcohol. A recent roadside survey showed that 16 percent of the people tested, tested positive for illicit or licit drugs. That's significantly higher than alcohol.""",half-true,half-true,"['true', 'mostly-true', 'half-true', 'mostly-false', 'false', 'pants-fire']",6,True
“Kenosha car dealer kills himself after insurance won’t cover … damages caused by the riots.”,pants-fire,false,"['mostly-false', 'false', 'pants-fire']",3,True
"""At his father's bank, Alexi made tens of millions in risky loans to convicted mobsters. Then, the bank collapsed.""",half-true,false,"['mostly-true', 'half-true', 'mostly-false', 'false', 'pants-fire']",5,True
People who stole U.S. Postal Service uniforms are posing as postal workers and robbing people at gunpoint.,false,false,"['mostly-false', 'false', 'pants-fire']",3,True
"""The White House fully cooperated with the Special Counsel’s investigation.""",false,false,"['half-true', 'mostly-false', 'false', 'pants-fire']",4,True
"Under Mayor Tom Barrett, the number of Milwaukee police officers ""has not increased.""",true,false,"['mostly-true', 'half-true', 'mostly-false', 'false', 'pants-fire']",5,False
"""I have seen crime increase in every major metropolitan area (in California) … Crime is on the rise in every major market.""",mostly-false,mostly-false,"['mostly-true', 'half-true', 'mostly-false', 'false', 'pants-fire']",5,True
"Premeditation, in murder cases like the Oscar Pistorius case, ""can be formed in the twinkling of an eye.""",mostly-false,false,"['mostly-true', 'half-true', 'mostly-false', 'false', 'pants-fire']",5,True
Says Travis County’s sheriff refuses to enforce 8 USC 1373.,false,false,"['mostly-true', 'half-true', 'mostly-false', 'false', 'pants-fire']",5,True
"""Brock Turner’s early release will be a regular occurrence if Prop. 57 passes.""",mostly-false,false,"['half-true', 'mostly-false', 'false', 'pants-fire']",4,True
"""Texas has lost the most law enforcement officers in the line of duty of any state in America.""",true,false,"['true', 'mostly-true', 'half-true', 'mostly-false', 'false', 'pants-fire']",6,True
"Says that Bill Clinton ""basically"" told then-Attorney General Loretta Lynch in 2016 that ""we killed Vince Foster.""",pants-fire,false,"['false', 'pants-fire']",2,True
"""The truth of the matter is that during my administration, the FBI's crime statistics show that violent crime was reduced in Massachusetts by 7 percent.""",true,false,"['true', 'mostly-true', 'half-true', 'mostly-false', 'false', 'pants-fire']",6,True
"Many gang members have taken advantage of ""glaring loopholes and our laws to enter the country as illegal, unaccompanied, alien minors.""",half-true,false,"['half-true', 'mostly-false', 'false', 'pants-fire']",4,True
Says the Obamas are connected to the Varsity Blues college admissions scandal.,false,false,"['mostly-false', 'false', 'pants-fire']",3,True
"Says ""one in four women and one in seven men have been victims of domestic violence in their lifetime.""",true,false,"['true', 'mostly-true', 'half-true', 'mostly-false', 'false', 'pants-fire']",6,True
"Washington, D.C., has 41 homicides per 100,000 people, “No. 1 that we can find anywhere in the world.”",false,false,"['mostly-false', 'false', 'pants-fire']",3,True
"""In the states that allow open carry, violent crime was 23 percent lower.""",half-true,false,"['mostly-false', 'false', 'pants-fire']",3,False
"Says President Donald Trump ""cut funding from the Justice Department to investigate these domestic terrorist groups, these white supremacist groups.""",mostly-false,false,"['mostly-false', 'false', 'pants-fire']",3,True
"Says that like Todd Akin, all Texas Republicans in U.S. House cosponsored a bill ""that attempts to distinguish between ‘forcible rape’ and other sexual assaults.""",half-true,false,"['true', 'mostly-true', 'half-true', 'mostly-false', 'false', 'pants-fire']",6,True
"Says ""in our gun laws we’re allowing domestic abusers to sidestep this ban on getting a gun. The loophole allows a convicted abuser to walk into a gun show and walk out with a gun, no questions asked.""",true,half-true,"['true', 'mostly-true', 'half-true', 'mostly-false', 'false', 'pants-fire']",6,True
The rate of U.S. female homicide victims outnumbers 24 other developed countries by more than 2½ to 1.,half-true,false,"['mostly-true', 'half-true', 'mostly-false', 'false', 'pants-fire']",5,True
"""Just last year, alone, 710 police officers"" were assaulted in New York state.",mostly-true,false,"['true', 'mostly-true', 'half-true', 'mostly-false', 'false', 'pants-fire']",6,True
"""Under President (George W.) Bush, prosecution of gun crimes was 30 percent higher than it is under President Obama.""",mostly-false,false,"['mostly-true', 'half-true', 'mostly-false', 'false', 'pants-fire']",5,True
"""Austin is the safest big city in Texas.""",half-true,false,"['true', 'mostly-true', 'half-true', 'mostly-false', 'false', 'pants-fire']",6,True
"California has lower homicide rates than Alabama, Arkansas and Oklahoma.",mostly-true,false,"['true', 'mostly-true', 'half-true', 'mostly-false', 'false', 'pants-fire']",6,True
"""48-Hour waiting periods limit crimes of passion and keep our communities safe.”",half-true,false,"['mostly-true', 'half-true', 'mostly-false', 'false', 'pants-fire']",5,True
A book on Amazon titled “The Shooting of Charlie Kirk” with a Sept. 9 publication date is evidence the event was staged.,false,false,"['mostly-false', 'false', 'pants-fire']",3,True
Cheri Beasley was “encouraging (riots) all across our state and all across our country in 2020.”,false,false,"['mostly-false', 'false', 'pants-fire']",3,True
"""I’m running the second-largest county district attorney’s office … at 1985 staffing levels.""",half-true,false,"['true', 'mostly-true', 'half-true', 'mostly-false', 'false', 'pants-fire']",6,True
"Says Charlie Crist wants felons who ""commit a heinous crime"" such as ""intentional permanent disfigurement of a child, you walk out of jail, you immediately get to vote.""",mostly-false,false,"['mostly-false', 'false', 'pants-fire']",3,True
"Says he ""voted for even stronger protections (in the Violence Against Women Act) than Obama's agenda will allow.""",mostly-false,false,"['true', 'mostly-true', 'half-true', 'mostly-false', 'false', 'pants-fire']",6,True
"""The proportion of Rhode Islanders entering substance abuse treatment primarily due to marijuana use has reached its highest point in 20 years.""",false,false,"['true', 'mostly-true', 'half-true', 'mostly-false', 'false', 'pants-fire']",6,True
“These mass shootings happen so much that Ted Cruz really got a template ready to tweet whenever they occur.”,false,false,"['mostly-true', 'half-true', 'mostly-false', 'false', 'pants-fire']",5,True
"Ed Perlmutter voted for ""Viagra for rapists"" paid for with tax dollars.",pants-fire,false,"['false', 'pants-fire']",2,True
“These ‘peaceful’ protesters burned these horses to death.”,false,false,"['mostly-false', 'false', 'pants-fire']",3,True
"""The FBI has become America's secret police …  like the old KGB.""",pants-fire,false,"['mostly-false', 'false', 'pants-fire']",3,True
Georgia has the country’s second highest number of fraudulent tax refund claims.,half-true,false,"['true', 'mostly-true', 'half-true', 'mostly-false', 'false', 'pants-fire']",6,True
"People on pot ""shoot each other ... stab each other ... strangle each other, drive under the influence, kill families.""",mostly-false,false,"['mostly-false', 'false', 'pants-fire']",3,True
"Tony Evers “wants to let out between 9,000 and 10,000 more” Wisconsin prisoners",false,false,"['mostly-true', 'half-true', 'mostly-false', 'false', 'pants-fire']",5,True
"""Crime is rising.""",pants-fire,false,"['mostly-true', 'half-true', 'mostly-false', 'false', 'pants-fire']",5,True
"“Joe Biden wants to eliminate a regulation that requires school districts to report allegations of teacher on student rape, alleged rape, and sexual assault.”",false,false,"['mostly-false', 'false', 'pants-fire']",3,True
"""90% of Americans want national background checks that close loopholes.""",true,false,"['true', 'mostly-true', 'half-true', 'mostly-false', 'false', 'pants-fire']",6,True
Three churches were targeted during arson attacks over the summer “because they protect unborn babies and women in need.”,mostly-false,false,"['half-true', 'mostly-false', 'false', 'pants-fire']",4,True
"Says Tony Evers ""wants to cut Wisconsin's prison population in half, a dangerous plan that today would mean releasing thousands of violent criminals back into our communities.""",half-true,false,"['mostly-true', 'half-true', 'mostly-false', 'false', 'pants-fire']",5,True
"""SIX of the most prominent activists during the Ferguson riots have all been found burned to death in their cars. There are no coincidences here.""",mostly-false,false,"['false', 'pants-fire']",2,False
"A loophole ""still exists which allows members of Congress and high-powered executive branch appointees to exploit 'insider' knowledge of the financial industry in order to turn personal profit.""",true,half-true,"['true', 'mostly-true', 'half-true', 'mostly-false', 'false', 'pants-fire']",6,True
"While previous clemency boards granted restoration of civil rights to thousands of Floridians,  ""so far this year, under this clemency board, four (felons) have gotten their rights back.""",mostly-true,half-true,"['true', 'mostly-true', 'half-true', 'mostly-false', 'false', 'pants-fire']",6,True
"Says the Central Park Five ""admitted their guilt.""",mostly-false,false,"['mostly-false', 'false', 'pants-fire']",3,True
"""In my first year in office, Aurora homicides went down by 40%.""",mostly-false,false,"['true', 'mostly-true', 'half-true', 'mostly-false', 'false', 'pants-fire']",6,True
"""There are nearly 500,000 registered sex offenders across the country and at any one time about 100,000 are unaccounted for.""",mostly-false,false,"['true', 'mostly-true', 'half-true', 'mostly-false', 'false', 'pants-fire']",6,True
"Says Donald Trump ""thinks stop-and-frisk is fine.""",true,false,"['true', 'mostly-true', 'half-true', 'mostly-false', 'false', 'pants-fire']",6,True
"""As Alaska’s attorney general, (U.S. Senate candidate Dan) Sullivan successfully fought to protect our Second Amendment rights and passed ‘stand your ground.’ """,false,half-true,"['true', 'mostly-true', 'half-true', 'mostly-false', 'false', 'pants-fire']",6,True
"On Jan. 6, 2021, U.S. Capitol “protestors carried no weapons.”",pants-fire,false,"['mostly-false', 'false', 'pants-fire']",3,True
"""Broward County Sheriff fired for lying about Parkland.""",pants-fire,false,"['mostly-false', 'false', 'pants-fire']",3,True
"""It is a greater crime to have an untagged alligator than to host an open house party (for kids).""",true,false,"['mostly-false', 'false', 'pants-fire']",3,False
"""Deidre DeJear refused to stand for police.""",half-true,false,"['mostly-false', 'false', 'pants-fire']",3,False
"Says Charlie Crist signed ""the nation’s harshest marijuana laws.""",mostly-false,false,"['mostly-false', 'false', 'pants-fire']",3,True
"""The profit [from automated traffic enforcement cameras] is going to the private corporations, not to the city or state.""",false,false,"['true', 'mostly-true', 'half-true', 'mostly-false', 'false', 'pants-fire']",6,True
"""I’ve been involved in prosecuting a terrorist member of ISIS.""",false,false,"['true', 'mostly-true', 'half-true', 'mostly-false', 'false', 'pants-fire']",6,True
"In Parkland, Fla. ""the mass murderer was immersed in Islamic and leftwing hate.""",pants-fire,false,"['false', 'pants-fire']",2,True
"Says Neil Gorsuch ""comes down on the side of felons over gun safety.""",mostly-false,false,"['half-true', 'mostly-false', 'false', 'pants-fire']",4,True
Says Texas Department of Public Safety numbers show that 1.6 percent of crime is committed by unauthorized immigrants.,half-true,false,"['mostly-true', 'half-true', 'mostly-false', 'false', 'pants-fire']",5,True
"""New York is the safest big city in the nation, and our crime reductions have been steeper than any other big city’s.""",mostly-true,false,"['mostly-true', 'half-true', 'mostly-false', 'false', 'pants-fire']",5,True
"Says Rick Santorum ""voted to let convicted felons vote.""",half-true,false,"['half-true', 'mostly-false', 'false', 'pants-fire']",4,True
Says El Chapo testified in court that he paid off Nancy Pelosi to keep the U.S.-Mexico border open for drug cartels.,pants-fire,false,"['false', 'pants-fire']",2,True
"""It costs $10,000 a year to keep a child in school; it costs $30,000 a year to keep someone in prison.""",true,false,"['true', 'mostly-true', 'half-true', 'mostly-false', 'false', 'pants-fire']",6,True
Says “Property crime rising in Austin. This is the kind of thing that happens when cities defund and deemphasize police. Residents are left to fend for themselves.”,mostly-false,mostly-false,"['mostly-true', 'half-true', 'mostly-false', 'false', 'pants-fire']",5,True
"""In the 513 days between Trayvon dying, and today’s verdict, 11,106 African-Americans have been murdered by other African-Americans.""",mostly-false,false,"['half-true', 'mostly-false', 'false', 'pants-fire']",4,True
"Sharron Angle supported ""a Scientology plan to give massages to prisoners.""",half-true,false,"['half-true', 'mostly-false', 'false', 'pants-fire']",4,True
"""Ken Buck's (District Attorney's) office? His spending skyrocketed by 40 percent.""",mostly-true,false,"['half-true', 'mostly-false', 'false', 'pants-fire']",4,False
"In a recent year, the Milwaukee Police Department ""collected more guns per capita off the streets than in New York.”",true,false,"['half-true', 'mostly-false', 'false', 'pants-fire']",4,False
California Democrats “block bill to make sex trafficking minors a felony.”,mostly-false,false,"['half-true', 'mostly-false', 'false', 'pants-fire']",4,True
"Says the ""South African Government is now seizing land from white farmers"" and alleges a ""large scale killing of farmers"" in the country.",mostly-false,false,"['mostly-false', 'false', 'pants-fire']",3,True
“12 white female bodies in garage freezer tagged ‘Black Lives Matter.’”,pants-fire,false,"['false', 'pants-fire']",2,True
