statement,true_verdict,predicted_verdict,prediction_set,set_size,is_covered
"In the lame-duck session, ""no power was taken away from the governor. Power was not taken away from the attorney general.""",pants-fire,false,"['false', 'mostly-false', 'pants-fire']",3,True
“Many elections in Bexar are being called with 0% of precincts reporting! I smell MAJOR FRAUD!”,false,false,"['false', 'mostly-false']",2,True
Only Democratic cities take “‘days’ to count their votes” while “the rest of the country manages to get it done on election night.”,mostly-false,false,"['false', 'mostly-false', 'pants-fire', 'half-true']",4,True
"""I’m the first Democrat to ever lead Scott Walker in an election year.""",false,false,"['false', 'mostly-false', 'pants-fire', 'half-true']",4,True
"“When Tim Walz was asked by his country to go to Iraq, do you know what he did? He dropped out of the Army and allowed his unit to go without him.”",mostly-false,false,"['false', 'mostly-false', 'pants-fire']",3,True
"""The State Department asked all secretaries of state to send their emails over."" Hillary Clinton's ""the only one who’s done it.""",mostly-false,false,"['false', 'mostly-false', 'half-true', 'mostly-true', 'pants-fire', 'true']",6,True
“The racial wealth gap is the smallest it’s been in 20 years.”,half-true,false,"['false', 'mostly-false', 'half-true', 'mostly-true', 'true']",5,True
"Says the Democratic Party created a debate schedule ""to maximize the opportunity for voters to see our candidates.""",false,false,"['false', 'mostly-false', 'pants-fire', 'half-true']",4,True
Kamala Harris wants people to stop saying “Merry Christmas.”,false,false,"['false', 'mostly-false']",2,True
“Lula's staff infiltrated and caused damage while the Brazilian Patriots cleaned up.”,pants-fire,false,"['false', 'pants-fire']",2,True
“Ballots are not supposed to have fold lines or creases in the candidates name area” or it could invalidate your vote.,false,false,"['false', 'true']",2,True
"In Lancaster, Pa., “We caught them with 2,600 votes. We caught them cold, 2,600 votes. ... And every vote was written by the same person.""",false,false,"['false', 'mostly-false', 'pants-fire']",3,True
"Says Wisconsin Gov. Scott Walker is making voting more difficult by closing Department of Motor Vehicles offices where ""low-income voters"" live.",false,false,['false'],1,True
"Says he is the ""ranking member"" of the House select committee investigating the Jan. 6 attack on the U.S. Capitol.",false,false,"['false', 'mostly-false']",2,True
"Sarah Palin ""got more votes running for mayor of Wasilla, Alaska, than Joe Biden got running for president of the United States.""",pants-fire,false,"['false', 'pants-fire']",2,True
"""Red Alert: Major Signs of Voter Fraud Uncovered In Ohio.""",mostly-false,false,"['false', 'mostly-false', 'pants-fire', 'half-true']",4,True
Voting in California is “rigged.”,pants-fire,false,"['false', 'pants-fire']",2,True
Residents the Wisconsin Election Commission suspected of moving are “illegal voters.”,false,false,"['false', 'mostly-false']",2,True
"“Illegal” Haitians in Springfield, Ohio, are “reportedly killing and eating pets.”",pants-fire,false,"['false', 'pants-fire']",2,True
"Says his elections proposal would allow ""a potential of 168 hours (of early voting), which I think is the most we’ve ever had.""",true,true,"['true', 'false', 'mostly-false', 'mostly-true', 'half-true']",5,True
"Says Dean Heller ""has voted for a GOP bill that funded efforts to revive Yucca Mountain.""",mostly-false,false,"['false', 'mostly-false', 'half-true', 'true', 'pants-fire', 'mostly-true']",6,True
"""We are winning the popular vote.""",mostly-false,false,"['false', 'mostly-false']",2,True
Split election results show the Arizona governor’s race was rigged.,pants-fire,false,"['false', 'pants-fire']",2,True
Footage shows Dallas pollbooks fraudulently “adding hundreds of voters in real time as the poll was being closed.”,false,false,"['false', 'mostly-false', 'half-true', 'pants-fire']",4,True
Delayed election results are proof of fraud.,false,false,"['false', 'mostly-false', 'pants-fire']",3,True
"""Taxpayer-funded benefits to illegals"" in California are ""a skyrocketing cost under Obamacare.""",false,false,"['false', 'mostly-false', 'pants-fire']",3,True
"""The president … by executive order"" could grant voting rights to illegal immigrants who are newly legalized under pending legislation.",pants-fire,false,"['false', 'mostly-false', 'pants-fire']",3,True
“Facts have now come out to show conclusively” that the 2020 presidential election wasn’t legitimate.,pants-fire,false,"['false', 'pants-fire']",2,True
"Stacey Abrams ""supported the MLB boycott.""",false,false,"['false', 'mostly-false', 'pants-fire']",3,True
"""Nobody’s invited us"" to the Obama events in Atlanta.",pants-fire,false,"['false', 'true', 'mostly-false', 'pants-fire', 'mostly-true', 'half-true']",6,True
“Barack Obama signals That Democrats Intend to Cheat in the Virginia Governor’s Election.”,false,false,"['false', 'mostly-false']",2,True
"There was ""serious voter fraud"" in New Hampshire.",pants-fire,false,"['false', 'pants-fire']",2,True
"My support from young voters -- those 18 to 24 --  in November 2014 was ""largely unheard of for a Republican.""",half-true,half-true,"['half-true', 'false', 'mostly-false', 'mostly-true', 'pants-fire', 'true']",6,True
"Says in the 2016 presidential election, ""I won that one by 42 points -- 42 points -- West Virginia.""",true,true,"['true', 'false']",2,True
"California Gov. Gavin Newsom “is sending Ballots to millions of people, anyone living in the state, no matter who they are or how they got there, will get one"" and the election is ""Rigged.""",pants-fire,false,"['false', 'pants-fire', 'mostly-false']",3,True
The voting rights bill “would register millions of illegal aliens to vote. It is intended to do that.”,pants-fire,false,"['false', 'mostly-false', 'pants-fire']",3,True
"""Big victory moments ago in the State of Nevada. The all Democrat County Commissioner race, on same ballot as President, just thrown out because of large scale voter discrepancy.""",false,false,"['false', 'pants-fire', 'mostly-false']",3,True
"""If Russia, or some other entity, was hacking, why did the White House wait so long to act? Why did they only complain after Hillary lost?""",pants-fire,false,"['false', 'mostly-false']",2,False
"""Records suggest more than 100 batches of absentee ballots in Fulton County could be missing.""",false,false,"['false', 'pants-fire', 'mostly-false']",3,True
"""CNN reports DemDebate had 2.3 million viewers. Trump rally had 6.7 million last night!""",false,false,"['false', 'mostly-false', 'pants-fire']",3,True
"If an election worker writes anything on your ballot before you put it in the voting machine, “your ballot could be disqualified.”",false,false,"['false', 'mostly-false', 'pants-fire']",3,True
Document shows Rebekah Jones “demonstrated” a violation of Florida’s Whistleblower Act.,false,false,"['false', 'mostly-false', 'pants-fire']",3,True
"“Schaumburg, Illinois not recording votes, just putting votes ‘in a box.’”",false,false,"['false', 'mostly-false', 'pants-fire']",3,True
"""Jeff Greene can buy anything"" ...  he owns two mansions.",true,true,"['true', 'false']",2,True
"""We won (Wisconsin in 2016) not so late in the evening — a little bit early in the evening, actually, which is even better.""",false,false,"['false', 'mostly-false', 'pants-fire']",3,True
"Says Sen. Mitch McConnell's delay in seating Alabama Sen.-elect Doug Jones ""is a flagrant violation of Senate policy, which requires Jones assume office the instant one of them wins the election.""",false,false,"['false', 'mostly-false', 'pants-fire']",3,True
"""FEC charges (Beto O'Rourke's 2018 campaign) Illegal Campaign Contributions.""",mostly-false,false,"['false', 'mostly-false', 'pants-fire']",3,True
Project 2025 would defund K-12 schools.,half-true,false,"['false', 'mostly-false', 'half-true', 'pants-fire']",4,True
“Wisconsin is almost equally divided on partisan lines” and therefore new Legislative maps could be drawn to “represent that 50-50 split.”,mostly-false,false,"['false', 'mostly-false', 'half-true', 'pants-fire']",4,True
A Paul Ryan-Scott Walker (or Scott Walker-Paul Ryan) ticket for the White House in 2016 would be unconstitutional because both men live in Wisconsin.,false,false,"['false', 'mostly-false', 'pants-fire', 'true']",4,True
"Says she has bipartisan support, including ""53 sheriffs throughout the state, Democrats and Republicans.""",true,true,['true'],1,True
An “anti-Black Lives Matter” flag replaced the American flag behind President Trump during a Waukesha campaign rally.,mostly-true,false,"['false', 'mostly-false', 'pants-fire']",3,False
"In the Georgia House district that hosted a special election on June 20, ""Trump won by 20+ points.""",false,false,"['false', 'mostly-false']",2,True
"Florida ""passed a law where former felons can now vote. We've had more ex-felons register as Republicans than Democrats.""",mostly-false,false,"['false', 'mostly-false', 'pants-fire']",3,True
"More than 500,000 mail in ballots in Virginia and 200,000 in Nevada were sent to dead people or pets",false,false,"['false', 'pants-fire', 'mostly-false']",3,True
“Paper ballots and hand counting never breaks down.”,false,false,"['false', 'mostly-false', 'pants-fire']",3,True
"Says Michigan congressional candidate Elissa Slotkin ""just parachuted into the district to run for Congress"" and ""admitted that she doesn’t know our area.""",half-true,false,"['false', 'mostly-false', 'half-true', 'pants-fire', 'mostly-true']",5,True
"Voter identification laws make it complicated and expensive to get an ID, essentially instituting a modern-day poll tax.",mostly-false,mostly-false,"['mostly-false', 'false', 'half-true', 'mostly-true', 'pants-fire']",5,True
"Nevada Democratic Party leaders ""hijacked the process on the floor"" of the state convention ""ignoring the regular procedure and ramming through what they wanted to do.""",false,false,"['false', 'mostly-false', 'half-true', 'pants-fire', 'mostly-true']",5,True
"""Scott Walker gave Wisconsin job creation money to his cronies: corporate friends who contributed to his campaigns"" and got $570 million in job-development incentives",false,false,"['false', 'mostly-false', 'pants-fire', 'half-true', 'mostly-true']",5,True
"“Kamala cast the tiebreaking vote to hire 87,000 new IRS agents to go after your tip income.”",false,false,"['false', 'mostly-false', 'pants-fire']",3,True
"""Brad Schimel said that he wanted to be part of Donald Trump's support network.""",mostly-true,false,"['false', 'mostly-false', 'pants-fire', 'half-true', 'true']",5,False
Mark Finchem “wants to strip Arizona’s citizens of their capacity to vote by mail.”,mostly-true,false,"['false', 'mostly-false', 'pants-fire']",3,False
"""We have a tax code that allows groups to use their political operations within the tax code, under the guise of a charity, to use undisclosed millions of dollars to do political campaigns.""",mostly-true,false,"['false', 'mostly-false', 'half-true', 'mostly-true', 'pants-fire']",5,True
"""Ballot dumps"" in Pennsylvania, California, North Carolina, Alaska and Wisconsin show election officials are improperly “flipping"" down-ballot seats for Democrats.",pants-fire,false,"['false', 'mostly-false', 'pants-fire']",3,True
“Taylor Swift has moved to Canada after leaving the U.S. following the big red wave.”,false,false,"['false', 'pants-fire']",2,True
"""You have to be a citizen to vote,"" but with same-day voter registration, ""you have places where people just walk in and vote.""",false,false,"['false', 'mostly-false', 'half-true', 'pants-fire']",4,True
“We won Georgia easily. We won it by hundreds of thousands of votes.”,pants-fire,false,"['false', 'pants-fire']",2,True
"""Before the Republican wave in 2010, Democrats had an advantage on the generic ballot in Congress. Even in 1994 with the Gingrich revolution ... Democrats had that advantage.""",true,true,"['true', 'false', 'half-true', 'mostly-true', 'mostly-false']",5,True
"If Texas says, “‘We don’t want to be part of America anymore’ … that’s their decision to make.”",false,false,"['false', 'mostly-false', 'pants-fire']",3,True
"Nevada is ""still a state that is 80 percent white voters.""",false,false,"['false', 'mostly-false', 'pants-fire']",3,True
"Kari Lake and Mark Finchem “have said that they will only honor the results of an election if they agree with it.""",mostly-true,false,"['false', 'mostly-false', 'pants-fire']",3,False
"Says former North Carolina elections board chairman ""tried to drag a cancer-stricken woman out of her hospital bed to testify at her son’s hearing on the first day of early voting over a bogus complaint that the board hadn’t even fully investigated.""",mostly-false,false,"['false', 'mostly-false', 'pants-fire', 'half-true', 'true']",5,True
U.S. Rep. Matt “Cartwright proposes to defund the Wilkes-Barre police.”,false,false,"['false', 'mostly-false']",2,True
"""My husband didn't wrap up the nomination until June.""",mostly-false,false,"['false', 'mostly-false', 'mostly-true', 'half-true']",4,True
"""It takes quite a while on Election Day to load those ballots, which is why we have the 1 a.m. or 3 a.m. ballot dumping in Milwaukee.""",true,mostly-true,"['mostly-true', 'false', 'half-true', 'mostly-false']",4,False
Minnesota Gov. Tim Walz signed a bill “redefining ‘sexual orientation’ to include pedophiles.”,false,false,"['false', 'pants-fire']",2,True
"“At least 450,000 ballots in the key states ... miraculously only have a mark for Joe Biden on them, and no other candidate.""",false,false,"['false', 'pants-fire', 'mostly-false']",3,True
"""The majority of (the American people) voted for a Democratic House.""",mostly-true,false,"['false', 'true', 'mostly-false', 'half-true']",4,False
"""Snitker has been virtually ignored by the major media.""",true,false,"['false', 'true', 'pants-fire']",3,True
"An aide ""acted on his own"" and ""was not representing the Thompson campaign"" when he sent an email criticizing the sexual orientation of U.S. Senate candidate Tammy Baldwin.",pants-fire,false,"['false', 'pants-fire', 'mostly-false']",3,True
The Oregon secretary of state “removed” former President Donald Trump and U.S. Sen. JD Vance from “the official state website.”,false,false,['false'],1,True
"Says City Blue Imaging Services in Rochester, N.Y. “printed ballots there. If you search them you’ll see they’re the ones who had ballots misprint errors for the ballots sent to NYC.”",false,false,"['false', 'mostly-false', 'pants-fire']",3,True
"China has ""not acted so well with our elections. They’ve tampered with our elections quite a bit.""",false,false,"['false', 'pants-fire']",2,True
"A Nov. 5  ballot scanning error in Cambria County, Pennsylvania, shows ""the election steal is happening.""",false,false,"['false', 'mostly-false']",2,True
“Bloomberg spent $500 million on ads. The U.S. population is 327 million. He could have given each American $1 million and still have money left over.”,pants-fire,false,"['false', 'pants-fire']",2,True
"Says the Clinton Foundation ""accepted millions and millions of dollars from governments like Algeria, Saudi Arabia, Oman and the United Arab Emirates,"" which violated ""a ban on all contributions to the Foundation from foreign nations.""",mostly-false,false,"['false', 'mostly-false', 'half-true', 'pants-fire']",4,True
Says “Tim Michels wants to defund public education — calling it ‘the definition of insanity’ to continue to fund public schools.”,mostly-false,false,"['false', 'mostly-false', 'half-true', 'mostly-true', 'pants-fire']",5,True
"“Finally, a judge has ruled Dominion voting machines were designed to create fraud.”",false,false,['false'],1,True
"“A STOLEN ELECTION: State totals minus illegal ballot trafficking numbers give President Trump decisive victories in AZ, GA, MI, PA, and WI.”",false,false,['false'],1,True
“1776 flag flying over White House!” in January 2021. “Revolution Signal.”,false,false,"['false', 'pants-fire']",2,True
"""Having an entirely Democrat congressional delegation in 2009, when the [federal stimulus] bill passed, increases the per capita stimulus dollars that the state receives per person by $460.""",half-true,false,"['false', 'mostly-false', 'pants-fire']",3,False
"Says Jon Ossoff ""doesn't even live in (his) district.""",true,false,"['false', 'mostly-false']",2,False
"""Michelle Nunn’s own plan says she funded organizations linked to terrorists.""",pants-fire,false,"['false', 'pants-fire', 'mostly-false']",3,True
"Says Ohio's Issue 2 will create a redistricting commission that will ""have a blank check to spend our money.""",false,false,"['false', 'mostly-false', 'half-true']",3,True
"In 2008, ""only 54 percent of Latinos in Texas were registered to vote and only 35 percent actually turned out.""",mostly-true,false,"['false', 'mostly-false', 'half-true', 'pants-fire', 'mostly-true', 'true']",6,True
"Says Clackamas County Measure 3-401 ""will hurt our county, cripple economic growth, and increase our taxes with excessive special elections.""",false,false,"['false', 'mostly-false', 'pants-fire', 'half-true']",4,True
"""A record number of Hispanics were elected to the U.S House of Representatives...""",mostly-true,true,"['true', 'mostly-true', 'false', 'half-true']",4,True
"""Sherrod Brown and his special interest allies in Washington are plotting to spend over $13 million"" to defeat Josh Mandel.",half-true,half-true,"['half-true', 'false', 'mostly-false', 'mostly-true', 'pants-fire']",5,True
"The gender gap in his support is ""not unique to me"" and ""there’s not a huge gap from where Republicans have been in presidential, gubernatorial and US Senate elections"" in recent years.",mostly-true,mostly-true,"['mostly-true', 'half-true', 'mostly-false', 'true', 'false']",5,True
"""The NSA and FBI tell Congress that Russia did not influence electoral process.""",false,false,"['false', 'mostly-false']",2,True
Says Joe Biden “abandoned Scranton.”,pants-fire,false,"['false', 'mostly-false', 'pants-fire']",3,True
"""I won the majority of the Republican vote in both New Hampshire and South Carolina.""",false,false,"['false', 'mostly-false']",2,True
"The IRS ""also investigated liberal groups, groups that had progressive in their name. ... The IRS was basically looking at everybody.""",half-true,false,"['false', 'mostly-false', 'half-true', 'mostly-true']",4,True
"""Wisconsin election officials to accept Mickey Mouse, Hitler signatures"" on recall petitions.",mostly-false,false,"['false', 'mostly-false', 'half-true', 'pants-fire']",4,True
"“There is no chain of custody” for ballots placed in Box No. 3 at Maricopa, Arizona, polling sites.",false,false,"['false', 'mostly-false', 'half-true']",3,True
"Says the NC elections board “did not change state law.""",mostly-false,false,"['false', 'mostly-false', 'half-true', 'pants-fire']",4,True
"Says Jason Carter has ""gotten David Axelrod to come down and be his campaign advisor.""",false,false,"['false', 'pants-fire']",2,True
"""Gov. Rick Scott signed into law a bill that gives Florida's public officials an easy way to avoid disclosing their personal finances.""",half-true,false,"['false', 'mostly-false', 'half-true', 'pants-fire', 'true']",5,True
"McCain ""hired some of the biggest lobbyists in Washington to run his campaign.""",true,false,"['false', 'true', 'mostly-false']",3,True
"Despite what Donald Trump claims, ""there weren’t 15,000 people who turned out in Phoenix"" to see Trump speak.",true,false,"['false', 'mostly-false']",2,False
Alina Habba said New York Supreme Court Justice Arthur Engoron took a “$10 million bribe from Joe Biden’s shell companies to convict Donald Trump.”,false,false,"['false', 'pants-fire']",2,True
"""Our race was the closest U.S. Senate race in Ohio in 36 years -- when Howard Metzenbaum defeated Robert Taft in 1976.""",true,true,"['true', 'false', 'mostly-false']",3,True
Wisconsin elections administrator Meagan Wolfe “allowed for the use of illegal drop boxes and ballot harvesting.”,false,false,"['false', 'pants-fire']",2,True
“Not one court has looked at the evidence and said that Biden legally won” the presidential election.,pants-fire,false,"['false', 'pants-fire']",2,True
“Biden wants to immediately stop all aid to Israel.”,false,false,"['false', 'mostly-false', 'pants-fire']",3,True
The Biden administration stole $1 billion “from FEMA to use it for illegal migrants. … And FEMA is now busted. They don’t have any money.”,pants-fire,false,"['false', 'pants-fire', 'mostly-false']",3,True
"Says the T.R.U.M.P. Act, which would force presidential candidates to release their tax returns to run in North Carolina, ""has a lot of support – by a majority of North Carolinians and members of both parties.""",mostly-true,true,"['true', 'mostly-true', 'false', 'mostly-false', 'half-true', 'pants-fire']",6,True
Says Mike Pence was arrested.,false,false,"['false', 'pants-fire']",2,True
"""In New York, when she ran for reelection, she carried 58 of our 62 counties. George Bush had won 40 counties in New York just two years earlier.""",true,true,['true'],1,True
“Myanmar used Dominion Voting Systems.”,false,false,['false'],1,True
"""Thousands of politicians from across Ohio – along with their relatives, employees and friends – are still eligible to serve"" on the proposed redistricting commission.",mostly-true,false,"['false', 'mostly-false', 'half-true', 'mostly-true']",4,True
"""Iowa's Republican caucus stopped mattering years ago. It in no way determines the party nominee.""",half-true,mostly-false,"['mostly-false', 'false', 'half-true', 'mostly-true', 'true']",5,True
"32,000 votes for David Perdue “disappeared” during the Georgia Senate runoff election.",mostly-false,false,"['false', 'mostly-false', 'half-true']",3,True
"""We are within the margin of error.""",half-true,false,"['false', 'half-true', 'mostly-false', 'mostly-true', 'pants-fire', 'true']",6,True
Says “Democratic Mayors in some of Wisconsin's largest cities closed voting locations in April to cause chaos.”,false,false,"['false', 'mostly-false', 'pants-fire']",3,True
"Pennsylvania rejected 372,000 mail-in ballots",false,false,"['false', 'mostly-false']",2,True
"Says signers of recall petitions against Wisconsin Gov. Scott Walker are at risk because of newly ""discovered"" provisions in state law.",mostly-false,false,"['false', 'mostly-false', 'half-true', 'pants-fire']",4,True
"""The Republican who was just elected governor of the great state of Florida paid his campaign staffers, not with money, but with American Express gift cards.""",half-true,false,"['false', 'half-true', 'mostly-true', 'true', 'mostly-false', 'pants-fire']",6,True
"“In Project 2025, you’re going to have to register with a new federal agency when you get pregnant.”",false,false,"['false', 'pants-fire']",2,True
"Says there won't be a recount in Alabama because a Democratic judge said ""we're going to erase all the computer files ... on Wednesday morning.""",pants-fire,false,"['false', 'mostly-false']",2,False
“I think they found a way to target Democratic districts and send millions of votes into a black hole. The numbers aren't adding up.”,pants-fire,false,"['false', 'mostly-false', 'pants-fire']",3,True
"In 2020, “250,000 ballots were manufactured” in Georgia and “Biden was given win” by Secretary of State Brad Raffensperger",pants-fire,false,"['false', 'pants-fire']",2,True
"""I am the only candidate that has endorsed Bernie Sanders for President. In PA, I've got Bernie's back.""",true,true,"['true', 'false']",2,True
"President Trump was ""kicked off"" the California ballot",pants-fire,false,"['false', 'mostly-false']",2,False
"Says that politicians who approved collective bargaining restrictions for public employees ""exploited a loophole exempting themselves from Senate Bill 5.""",mostly-false,false,"['false', 'mostly-false', 'half-true', 'pants-fire']",4,True
"In Detroit, “people are showing up to vote only to be told, ‘sorry, you have already voted.’”",false,false,"['false', 'mostly-false', 'half-true']",3,True
"Says Rick Scott’s proposal for election reform ""only mandates 48 hours of early voting.""",mostly-true,false,"['false', 'mostly-false', 'half-true', 'pants-fire']",4,False
"Vans filled with 50,000 ballots show up in Philadelphia during live MSNBC report.",false,false,"['false', 'pants-fire', 'mostly-false']",3,True
“Joe Biden confirmed his plan to abolish the entire U.S. oil industry.”,false,false,"['false', 'mostly-false', 'pants-fire']",3,True
"Says Sen. Kamala Harris said Democrats are ""coming for"" Trump supporters if they win the White House in 2020.",pants-fire,false,"['false', 'pants-fire']",2,True
“People don’t pretend to be someone else to go in and vote. You just don’t see that kind of fraud.”,mostly-true,true,"['true', 'false', 'mostly-true', 'mostly-false']",4,True
The 2020 election “was stolen from Donald J. Trump.”,pants-fire,false,['false'],1,False
Proposed Nevada constitutional amendment to protect abortion rights would put “essentially no limit on access to abortion.”,false,false,"['false', 'mostly-false', 'pants-fire']",3,True
John Fetterman “is suing for the right to cheat and steal the election.”,false,false,"['false', 'mostly-false', 'pants-fire']",3,True
"""We got the highest vote count in the history of the Republican Party.""",mostly-true,mostly-true,['mostly-true'],1,True
"""I am a candidate. I have not withdrawn.""",true,true,"['true', 'false']",2,True
"The death of Rep. Sheila Jackson Lee, D-Texas, six days after the Trump rally shooting was linked to her “oversight of the Secret Service.”",false,false,"['false', 'mostly-false']",2,True
"Says ""Kurt Russell supports Trump"" by wearing a Trump T-shirt.",pants-fire,false,"['false', 'pants-fire', 'mostly-false']",3,True
"The documentary “2,000 Mules proves” Democrats “cheated on the 2020 elections.”",false,false,"['false', 'pants-fire', 'mostly-false']",3,True
"In California, there were “10 million mail ballots unaccounted for” in the November midterm election.",false,false,"['false', 'pants-fire', 'mostly-false']",3,True
"Says ""Karen Handel’s office budget increased a whopping 42 percent.""",mostly-false,false,"['false', 'mostly-false', 'half-true', 'mostly-true', 'pants-fire']",5,True
"""There’s a section in the Constitution called the Emoluments Clause that says no one, nor their spouses, can take money from foreigners. (Hillary Clinton) has to be guilty of 70 or 100 counts just on that one charge.""",mostly-false,false,"['false', 'mostly-false', 'pants-fire']",3,True
"""I have voted every year in Wisconsin.""",false,false,"['false', 'pants-fire']",2,True
“The state of Washington has already sent out their ballots” for the 2024 presidential election.,false,false,"['false', 'mostly-false']",2,True
"Texas is ""the state that has now gone the longest without electing a Democrat statewide.""",true,false,"['false', 'true', 'mostly-false']",3,True
"""I did very well with young people in Ohio, Massachusetts, California.""",half-true,half-true,"['half-true', 'mostly-true', 'false']",3,True
"""70 percent of Americans believe that we are on the wrong path.""",mostly-true,mostly-true,"['mostly-true', 'half-true', 'true', 'mostly-false']",4,True
"""The person that shot Ashli Babbitt — boom — right through the head — just boom — there was no reason for that.""",false,false,"['false', 'mostly-false', 'pants-fire']",3,True
"""When the Constitution was written, (only) 20 to 25 percent of the people in the country could vote.""",mostly-true,mostly-true,"['mostly-true', 'false', 'half-true', 'mostly-false', 'true']",5,True
"""The Inspector General’s report now makes clear that the FBI launched an intrusive investigation of a U.S. presidential campaign on the thinnest of suspicions.""",mostly-false,false,"['false', 'mostly-false', 'pants-fire', 'half-true']",4,True
"""During three and a half years of campaigning,"" Lamar Smith ""has never once appeared at a moderated debate to defend his positions on the issues.""",true,false,"['false', 'mostly-false', 'pants-fire']",3,False
"“60% of Alaska voters voted for a Republican, but thanks to a convoluted process and ballot exhaustion — which disenfranchises voters — a Democrat ‘won.’""",mostly-false,false,"['false', 'mostly-false', 'half-true', 'pants-fire']",4,True
Wisconsin Legislature “Will Likely Decertify State and Award to President Trump.”,pants-fire,false,"['false', 'pants-fire']",2,True
"""Issue 2 makes it illegal for us to negotiate for enough firefighters to do the job.""",mostly-true,mostly-true,"['mostly-true', 'half-true', 'false', 'mostly-false']",4,True
"Says U.S. Sen. Tammy Baldwin ""believes taxpayer dollars should be used for abortion.""",half-true,false,"['false', 'mostly-false', 'pants-fire', 'half-true']",4,True
If Donald Trump “didn’t win Michigan why does the actual government site say he did?”,false,false,"['false', 'pants-fire', 'mostly-false']",3,True
Billionaires “rigged” the California Senate primary election through “dishonest means.”,false,false,"['false', 'half-true', 'mostly-false', 'mostly-true', 'pants-fire']",5,True
“MSNBC announced Trump won 2020 election.”,pants-fire,false,"['false', 'pants-fire']",2,True
"The ""Department of Homeland Security and the State Department coordinated with a group called the ‘Election Integrity Partnership’ to censor Joe Biden’s opponents.”",false,false,"['false', 'mostly-false', 'pants-fire', 'half-true']",4,True
“The DC looting was staged” by antifa,pants-fire,false,"['false', 'pants-fire']",2,True
"“Smartmatic and Dominion systems ... were built to do this very thing, for changing the results of elections.”",pants-fire,false,"['false', 'pants-fire']",2,True
"""Rick Scott’s Administration spent over $100,000 of taxpayer money during their first voter purge attempt in 2012.""",mostly-false,false,"['false', 'mostly-false', 'half-true', 'pants-fire', 'mostly-true']",5,True
"Says ""nearly half"" of House Republicans have supported a nonpartisan redistricting bill.",half-true,false,"['false', 'mostly-false', 'half-true', 'mostly-true', 'pants-fire']",5,True
"Dollar Tree, Walgreens, Macy’s, Foot Locker, Gap, Burger King, Regal Cinemas and Kroger have had mass store closures during Joe Biden’s presidency.",half-true,false,"['false', 'mostly-false', 'half-true', 'pants-fire', 'mostly-true']",5,True
"Says Scott Walker ""cut back early voting and signed legislation that would make it harder for college students to vote.""",mostly-true,mostly-true,"['mostly-true', 'half-true', 'mostly-false', 'false', 'true']",5,True
My 2018 election was the first time Speaker Robin Vos has lost a Republican-held seat,true,false,"['false', 'mostly-false', 'pants-fire', 'half-true']",4,False
"""Democrats have now become the party of the [Atlanta] metro area and of blacks.""",mostly-true,false,"['false', 'mostly-false', 'half-true', 'mostly-true', 'pants-fire']",5,True
"""There are legitimate and widespread anomalies, and widespread questions about the conduct of (the Wisconsin Supreme Court) election, most visibly in Waukesha County, but also in counties around the state.""",mostly-false,mostly-false,"['mostly-false', 'mostly-true', 'false', 'half-true']",4,True
“No candidate has ever won both Florida and Ohio and lost.”,pants-fire,false,"['false', 'pants-fire']",2,True
"Mike Rogers “left Michigan to trade on his D.C. connections, helping Chinese tech companies get access to the U.S.”",false,false,"['false', 'mostly-false', 'half-true', 'pants-fire', 'mostly-true']",5,True
"Liberty University students ""were mandated"" to attend Sen. Ted Cruz’s presidential announcement ""or they would be fined.""",true,false,"['false', 'true', 'mostly-false']",3,True
"Four members of the Rhode Island General Assembly ""went to vote in 2010 and were told they had already voted.""",false,false,"['false', 'mostly-false', 'pants-fire', 'half-true']",4,True
"""The last six polls, including this week's Time magazine, show that I beat John McCain by six or seven points.""",mostly-true,mostly-true,"['mostly-true', 'half-true', 'mostly-false', 'false']",4,True
The 2024 election results show that Joe Biden’s 80 million votes in 2020 were a “lie.”,pants-fire,false,"['false', 'pants-fire']",2,True
"Donald Trump “deported less, believe it or not, than Barack Obama even did.""",true,false,"['false', 'mostly-false', 'pants-fire']",3,False
"“It now appears there actually was meaningful voter fraud in Fulton County, Georgia, last November. That is not a conspiracy theory. It's true.”",false,false,"['false', 'pants-fire', 'mostly-false']",3,True
Donald Trump offered “food for everyone” at his McDonald’s press conference and then left without paying.,false,false,"['false', 'pants-fire', 'mostly-false']",3,True
President-elect Donald Trump posted on X that he is “purchasing TikTok.”,false,false,"['false', 'pants-fire']",2,True
"“Millions of Hubbell and Bloomberg dollars wasn’t enough to overcome the Iowa House Republican avalanche of success.""",half-true,false,"['false', 'mostly-false', 'pants-fire', 'half-true']",4,True
"Wendy Davis is ""fighting to bring ... Bloomberg-style gun control to Texas.""",half-true,false,"['false', 'mostly-false', 'half-true', 'pants-fire', 'true', 'mostly-true']",6,True
“CBS (News) is reporting cheating in the election.”,false,false,['false'],1,True
"Alison Alter ""has exploited a campaign finance loophole to obtain over $64,000 in public dollars to fund her campaign.""",half-true,false,"['false', 'mostly-false', 'pants-fire', 'half-true']",4,True
"""Had the online change of address been in place in 2008 an estimated 130,000 voters who cast provisional ballots could have changed their address online and voted a regular ballot.""",mostly-true,mostly-true,"['mostly-true', 'half-true', 'true']",3,True
"Says the U.S. election system is ""rigged.""",pants-fire,false,"['false', 'pants-fire', 'mostly-false']",3,True
"“Due to the arrangements that I've reached with (Mexico) President Obrador, the number of migrants coming … to our shared border unlawfully in recent months has dropped dramatically.”",mostly-true,mostly-true,"['mostly-true', 'true', 'half-true', 'false', 'mostly-false']",5,True
"The effort to recall California Gov. Gavin Newsom is ""a coup.""",pants-fire,false,"['false', 'mostly-false', 'pants-fire']",3,True
"At a Wisconsin school, a 12-year-old girl ""was transitioned into a boy by school officials without parental consent,"" and Protasiewicz supports it.",pants-fire,false,"['false', 'mostly-false', 'pants-fire']",3,True
"""I released way more (tax) information than Bruce Rauner has.""",false,false,"['false', 'mostly-false', 'half-true', 'pants-fire', 'mostly-true']",5,True
"Says Ron Johnson ""is supporting the Republican plan that phases out Social Security and Medicare.""",mostly-false,false,"['false', 'mostly-false', 'pants-fire', 'half-true']",4,True
"Wisconsin’s Government Accountability Board ""ignored their duties and did not regularly audit"" voters to remove felons ""for a span of 16 elections.",half-true,half-true,"['half-true', 'false', 'mostly-false', 'mostly-true']",4,True
Elissa Slotkin “signed a secret agreement with a CCP-linked Chinese battery company.”,false,false,"['false', 'mostly-false', 'pants-fire']",3,True
"The GOP-controlled Legislature has ""refused to act on at least 150"" appointees of Gov. Tony Evers.",true,true,"['true', 'false', 'mostly-false', 'mostly-true']",4,True
"The Wisconsin Supreme Court decision declaring ballot drop boxes illegal ""includes the 2020 Presidential Election.""",pants-fire,false,"['false', 'pants-fire']",2,True
"""Attorney General Eric Holder’s own Justice Department precleared the voting changes in the 2011 law"" about early voting in Florida.",half-true,false,"['false', 'mostly-false', 'half-true', 'pants-fire']",4,True
"Says Mitch McConnell credits Republicans ""for recent economic improvements"" even though they took control of the Senate only ""days ago.""",mostly-true,false,"['false', 'mostly-true', 'mostly-false', 'half-true', 'pants-fire']",5,True
"""Twenty-six men named William have been elected to statewide office and only seven women have had the honor.""",mostly-true,false,"['false', 'mostly-false', 'pants-fire', 'half-true']",4,False
"Gov. Rick Scott ""tried to kick 180,000 people off the voter rolls.""",false,false,"['false', 'mostly-false', 'half-true', 'pants-fire', 'mostly-true']",5,True
Says Georgia’s secretary of state won’t let the people recounting ballots check the signatures for fraud.,pants-fire,false,"['false', 'mostly-false', 'pants-fire']",3,True
"Says he won the second debate with Hillary Clinton ""in a landslide"" in ""every poll.""",pants-fire,false,"['false', 'pants-fire']",2,True
Says Republicans supported legislation on early voting and in-person voting in 2005.,true,true,['true'],1,True
"“Arizona was safe” when she moved to the state in 1994, but has become “unsafe.”",false,false,"['false', 'mostly-false', 'half-true']",3,True
"“States run elections, not the federal government.”",mostly-false,false,"['false', 'mostly-false', 'pants-fire']",3,True
Says over 90 percent of Travis County’s eligible residents have registered to vote.,true,true,"['true', 'false']",2,True
Says that Secretary of State Jon Husted and former secretary Jennifer Brunner both have supported a provision in Senate Bill 47 that would limit the days organizers have to collect signatures for initiative and referendum petitions.,half-true,half-true,"['half-true', 'false', 'mostly-true', 'mostly-false', 'true']",5,True
“CNN is now saying that Trump will win!”,false,false,['false'],1,True
"""With a stroke of a pen, the (U.S. Supreme Court) decided to overrule the 100-year-old ban on corporate expenditures.""",mostly-false,false,"['false', 'mostly-false', 'half-true', 'mostly-true', 'true']",5,True
"Says Paul Ryan ""is still endorsing Trump.""",true,true,"['true', 'false']",2,True
"Says 228 House Democrats voted ""to allow illegal aliens to have right to vote""",false,false,"['false', 'mostly-false', 'pants-fire', 'half-true']",4,True
"According to the Census Bureau, “5 million more people voted than were registered to vote” in the 2020 election.",pants-fire,false,['false'],1,False
The Nashville bombing was an attempt to stop an AT&T audit into Dominion software and cover up election corruption.,pants-fire,false,"['false', 'pants-fire']",2,True
"If African-Americans vote their percentage of the population in 2008, ""Mississippi is suddenly a Democratic state.""",false,false,"['false', 'pants-fire']",2,True
Vice President Kamala Harris has been “going so far as to call me Adolf Hitler.”,false,false,"['false', 'pants-fire', 'mostly-false']",3,True
Glenn Youngkin is “the first sitting Governor in the modern era to have their party have less legislative seats than when they were elected.”,false,false,"['false', 'mostly-false', 'pants-fire']",3,True
"JD Vance “literally wrote the foreword for the architect of the Project 2025 agenda.""",true,false,"['false', 'true', 'mostly-false', 'pants-fire', 'half-true']",5,True
“People are less likely to just vote for party now. … They’re looking at the personalities.”,half-true,mostly-false,"['mostly-false', 'false', 'half-true', 'mostly-true', 'pants-fire']",5,True
Voting-rights legislation proposed by Democrats in Congress called H.R. 1 “would force states to restore the voting rights of convicted felons—including violent felons convicted of murder or rape.”,half-true,false,"['false', 'mostly-false', 'half-true']",3,True
"On June 7, 2011, Kamala Harris was involved in a San Francisco hit-and-run crash that injured a woman named Alicia Brown.",pants-fire,false,"['false', 'pants-fire', 'mostly-false']",3,True
"Says in 2002, he ""won more Hispanic votes than Anglo votes, 60 percent in the state.""",mostly-true,false,"['false', 'mostly-false', 'half-true', 'mostly-true', 'true', 'pants-fire']",6,True
“The millions (of immigrants) that have been paroled can simply go to their local welfare office or the DMV and register to vote.”,false,false,"['false', 'pants-fire', 'mostly-false']",3,True
"""Taxpayers are paying a fortune for the use of Air Force One on the campaign trail"" by President Barack Obama and Hillary Clinton.",mostly-true,false,"['false', 'mostly-false', 'half-true', 'mostly-true', 'pants-fire']",5,True
"""Tens of thousands of fraudulent Clinton votes found in Ohio warehouse.""",pants-fire,false,"['false', 'pants-fire', 'mostly-false']",3,True
A Republican bill in Michigan “would make it a crime for election officials … to share information about how to vote by mail and where to find a ballot drop box.”,half-true,false,"['false', 'mostly-false', 'half-true', 'pants-fire']",4,True
"Detroit’s Oct.15, 2024, absentee ballot return rate proves election fraud.",false,false,"['false', 'mostly-false']",2,True
"""We haven't yet taken out a negative ad.""",pants-fire,false,"['false', 'pants-fire']",2,True
"Republicans in Nevada found “at least 3,062 instances of voter fraud. ... Thousands of individuals have been identified who appear to have violated the law by casting ballots after they moved from NV.""",false,false,"['false', 'mostly-false', 'pants-fire']",3,True
“Virginia Democrat operatives” and Terry McAuliffe campaign staffers posed as white supremacists and stood by Republican Glenn Youngkin’s bus.,false,false,"['false', 'mostly-false', 'pants-fire']",3,True
“Taylor Swift forced to cancel Eras Tour dates following endorsement backlash.”,false,false,"['false', 'pants-fire']",2,True
"""Governor Tony Evers gave counties the green light to defund Wisconsin's police departments.""",mostly-false,false,"['false', 'mostly-false', 'pants-fire']",3,True
"To pay for extending the Trump tax cuts, Dave McCormick has “made clear he’ll slash your Medicare and Social Security, and cut Medicaid for nursing home care.”",false,false,"['false', 'mostly-false', 'pants-fire', 'half-true']",4,True
"In 2011, Alabama and Massachusetts passed legislation allowing non-citizens who are legal residents to vote in state and local elections.",false,false,"['false', 'pants-fire', 'mostly-false']",3,True
"""President Obama took more money from Wall Street in the 2008 campaign than anybody ever had.""",mostly-true,false,"['false', 'mostly-false', 'pants-fire']",3,False
"""The entire Database of Maricopa County in Arizona has been DELETED!""",false,false,"['false', 'pants-fire']",2,True
"""Final election 2016 numbers: Trump won"" the popular vote.",pants-fire,false,"['false', 'mostly-false', 'pants-fire']",3,True
Michael Moore is supporting Trump in the 2024 election.,false,false,"['false', 'pants-fire']",2,True
The “‘Inflation Reduction Act’ increased inflation and drove prices sky high!”,false,false,"['false', 'mostly-false', 'pants-fire']",3,True
"There are ""a larger number of shark attacks in Florida than there are cases of voter fraud.""",mostly-true,false,"['false', 'mostly-true', 'half-true', 'mostly-false', 'true']",5,True
Americans aren’t required to show IDs to vote.,mostly-false,false,"['false', 'mostly-false', 'pants-fire', 'half-true']",4,True
"Bryan County, Ga., has ""corrupted voter rolls.""",false,false,"['false', 'mostly-false', 'half-true', 'pants-fire']",4,True
"If a ballot has a small dot in the box for Vice President Kamala Harris, “any other box filled in, will be void.”",false,false,"['false', 'mostly-false']",2,True
Craigslist ad shows “every single person” at Kamala Harris’ Arizona rally was paid.,false,false,"['false', 'mostly-false', 'pants-fire']",3,True
"Says NC absentee voters have ""no way"" to know if ballots are delivered",mostly-false,false,"['false', 'mostly-false', 'half-true', 'mostly-true', 'pants-fire']",5,True
"""The State Election Board has issued nearly $275,000 in fines to violators of absentee ballot laws.""",true,true,['true'],1,True
"“Your minor child can go to California without your knowledge or without your consent, and get hormone therapy, puberty blockers and a sex change operation.”",mostly-false,false,"['false', 'mostly-false', 'pants-fire', 'half-true']",4,True
An election worker in Georgia threw away a ballot.,false,false,"['false', 'mostly-false']",2,True
Absentee voting is different from mail-in voting and has more protections against fraud.,false,false,"['false', 'mostly-false', 'pants-fire']",3,True
"""Karrin Taylor Robson gave illegals tuition discounts and made us pay for it.""",half-true,false,"['false', 'mostly-false', 'pants-fire', 'half-true']",4,True
"Said Dianne Feinstein said ""there is no collusion"" between the Trump campaign and Russia.",false,false,"['false', 'mostly-false', 'pants-fire']",3,True
"""In 32 other states and Washington D.C., they [voters] can avoid the wait by voting before Election Day.""",true,true,"['true', 'mostly-true', 'false']",3,True
"""I’ve got 15 days from my announcement to file paperwork with the FEC!""",half-true,false,"['false', 'mostly-false', 'half-true', 'mostly-true', 'pants-fire']",5,True
The United States was not one of 16 countries where David Perdue said in his Pillowtex deposition that he created jobs.,mostly-false,false,"['false', 'mostly-false', 'half-true', 'pants-fire']",4,True
"""I earned more votes in the state of Wisconsin than Donald Trump did in New York.""",true,false,"['false', 'true', 'half-true', 'mostly-false']",4,True
"""The man who was in charge of the investigation of Hillary Clinton accepted essentially from Hillary Clinton $675,000 that went to his wife.""",mostly-false,false,"['false', 'mostly-false', 'pants-fire']",3,True
HR 1 “gives the federal government the power to establish their own committees” to take over the redistricting process.,mostly-false,false,"['false', 'mostly-false', 'half-true']",3,True
Green Party presidential nominee Jill Stein cost Democratic nominee Kamala Harris an election win in Wisconsin.,false,false,"['false', 'pants-fire']",2,True
"""Mickey Mouse was registered to vote (in Florida).""",false,false,"['false', 'mostly-false']",2,True
"Says “47 additional counties used the same software that caused a ‘glitch’ in Antrim County (that switched 6,000 votes from Trump to Biden in that county)” and votes in the state are “potentially fraudulent.”",mostly-false,false,"['false', 'mostly-false', 'pants-fire']",3,True
"A zero-tolerance policy during the Trump administration ""led to less family separation than under Kamala Harris' border policies.”",false,false,"['false', 'mostly-false', 'pants-fire']",3,True
"Joe Biden “is letting millions of people from jails, from prisons, from insane asylums, from mental institutions, drug dealers pour in.”",pants-fire,false,"['false', 'mostly-false', 'pants-fire']",3,True
“Texas Republicans just voted to give a Republican appointee the power to single-handedly CANCEL election results in the state’s largest Democratic county.”,mostly-true,false,"['false', 'mostly-false', 'half-true', 'mostly-true', 'true', 'pants-fire']",6,True
"""Ruben Gallego wanted to defund the police. He actually co-sponsored legislation to defund the police.”",false,false,"['false', 'mostly-false', 'pants-fire']",3,True
"A bill passed by GOP legislators ""makes it harder to prosecute people and groups that violate campaign finance laws.""",true,false,"['false', 'mostly-false', 'half-true', 'pants-fire']",4,False
Democrats don’t deport undocumented migrants “because every illegal is a highly likely vote at some point.”,false,false,"['false', 'pants-fire', 'mostly-false']",3,True
“Jan. 6 was NOT an insurrection…but Nov. 4 at 3 a.m. was!”,pants-fire,false,"['false', 'pants-fire']",2,True
Kamala Harris paid The Shade Room to interview her “for perceived support amongst black voters.”,false,false,"['false', 'pants-fire']",2,True
Caitlyn Jenner “literally killed someone 6 years ago in the streets and was released by a District Attorney.”,mostly-false,false,"['false', 'mostly-false', 'pants-fire']",3,True
"It doesn't make sense ""historically"" to drop out because the 1968 race was still competitive when ""Bobby Kennedy was assassinated in June in California.""",mostly-false,false,"['false', 'mostly-false', 'half-true', 'pants-fire']",4,True
"""It's an absolute fact"" that China and North Korea ""have consistently over many, many years"" meddled in U.S. elections.",false,false,"['false', 'pants-fire', 'mostly-false']",3,True
"Social media posts stated: “Remember Kamala telling Joe during the debate, ‘You will do whatever the Chinese tell you! They gave your son over a billion dollars.’”",pants-fire,false,"['false', 'pants-fire']",2,True
"""We are watching, you know, millions of illegal immigrants cross our borders, and many of them voting in the past election that's what, just a couple weeks ago.""",pants-fire,false,"['false', 'pants-fire']",2,True
"“California voters to be able to download ballots at home for recall election, sparking security concerns.”",mostly-false,false,"['false', 'mostly-false', 'half-true', 'pants-fire']",4,True
"Says that after she declared her candidacy for Congress, ""the redistricting process was manipulated to allow incumbent politicians to guarantee their re-election.""",mostly-false,mostly-false,"['mostly-false', 'false', 'half-true', 'mostly-true', 'pants-fire']",5,True
A person is on film “burning 80 Trump ballots.”,false,false,['false'],1,True
"""WOW county swing suburban voters (in Wisconsin) don't vote for Donald Trump.”",true,false,"['false', 'mostly-false', 'true']",3,True
HR 1 “automatically registers every welfare recipient to vote.”,mostly-false,false,"['false', 'mostly-false', 'pants-fire']",3,True
"“Washington, D.C., allows noncitizens to vote in (municipal elections)"" so a Russian citizen, after living in Washington for 30 days can ""vote for mayor in Washington, D.C. And they don’t even need to show their ID to do it.”",mostly-true,false,"['false', 'mostly-false', 'pants-fire']",3,False
"""Rick Scott got a majority of the Hispanic vote in Florida.""",mostly-false,false,"['false', 'mostly-false', 'half-true', 'pants-fire']",4,True
A Phoenix TV station aired the election results more than a week early.,half-true,false,"['false', 'half-true', 'mostly-false', 'mostly-true', 'true']",5,True
"Gov. Terry McAuliffe ""has made several statements that he would love to be in a Cabinet secretary position with the Clinton administration.""",false,false,"['false', 'mostly-false', 'pants-fire', 'half-true']",4,True
"""In the history of Republican primaries, I’ve gotten the most votes in the history of the Republican party.""",false,false,"['false', 'mostly-false', 'pants-fire']",3,True
"A North Carolina study proves that ""probably over a million people voted twice in (the 2012) election.""",false,false,"['false', 'pants-fire', 'mostly-false']",3,True
"Kamala Harris ""proclaimed she would not accept the outcome of the election and has a team of lawyers ready to overturn them""",false,false,"['false', 'mostly-false', 'pants-fire']",3,True
"""The best estimate is that 200,000 people in Wisconsin were either denied or chilled in their efforts to vote"" in the 2016 presidential election.",mostly-false,false,"['false', 'mostly-false', 'half-true']",3,True
"""They just happened to find 50,000 ballots (in the Georgia U.S. Senate runoff elections) late last night.""",pants-fire,false,"['false', 'pants-fire']",2,True
"""I would be the first Republican senator elected in New Jersey in 41 years.""",true,true,"['true', 'false']",2,True
"""The right to vote in this country has never been intrinsically tied to citizenship.""",mostly-true,false,"['false', 'true', 'mostly-false', 'half-true', 'pants-fire']",5,False
"The ""Democratic Party is getting smaller and smaller and smaller.""",mostly-false,false,"['false', 'mostly-false', 'pants-fire']",3,True
"In Iowa, “since we have put a number of the voting laws into place over the last several years — voter ID is one of those — we've actually seen voter participation increase, even in off-election years.”",true,mostly-true,"['mostly-true', 'half-true', 'mostly-false', 'false', 'true', 'pants-fire']",6,True
"""You’re more likely to get struck by lightning in Texas"" than find in-person voter fraud.",true,false,"['false', 'pants-fire', 'mostly-false', 'half-true']",4,False
The 2020 election is in “recount territory” and “I’ve seen elections change as a result of” recounts.,half-true,false,"['false', 'mostly-false', 'pants-fire', 'half-true']",4,True
“California is registering non-citizens to vote and has refused to cooperate with the Federal Election Integrity Program.”,false,false,"['false', 'pants-fire']",2,True
"Georgia Gov. Brian Kemp was calling President Joe Biden after Hurricane Helene but ""hasn't been able to get him.”",false,false,['false'],1,True
"It’s legal to ""sign a recall petition (against Gov. Scott Walker) even if you have already signed another recall petition,"" but only one signature counts",true,true,"['true', 'false']",2,True
"When Mitt Romney chose Paul Ryan as his vice-presidential running mate, ""that was the end"" of Romney’s chances to win.",false,false,"['false', 'pants-fire']",2,True
"In Texas, ""the No. 1 name for new male babies — many of whom will vote one day — is Jose.""",true,true,['true'],1,True
"""When we go to vote, they ask for driver's license and verify that you are a voter and a citizen in the state of Texas.""",half-true,half-true,"['half-true', 'false', 'mostly-false', 'mostly-true']",4,True
"""Derrick Van Orden is one of the only members of Congress who participated in the deadly January 6th insurrection. He now serves in the building he tried to burn down.""",mostly-false,false,"['false', 'mostly-false', 'pants-fire']",3,True
Says Ted Cruz distributed the ad showing a nude Melania Trump on a rug.,false,false,"['false', 'mostly-false', 'pants-fire']",3,True
"Says ""a Republican hasn't won [an election] for a presidency in New Jersey since 1988.""",true,false,"['false', 'mostly-false', 'true']",3,True
"Conservative groups have spent $5 million ""against"" Tammy Baldwin -- five times more than against all other Democratic U.S. Senate incumbents up for election in 2018 combined.",mostly-true,false,"['false', 'true', 'mostly-false', 'half-true', 'mostly-true', 'pants-fire']",6,True
“That’s why they are allowing these people to come in — people that don’t speak our language — they are signing them up to vote.”,pants-fire,false,"['false', 'pants-fire']",2,True
"Says the Austin City Council ""may give $4 million a year to subsidize a race track.""",mostly-true,mostly-true,"['mostly-true', 'half-true', 'mostly-false', 'false', 'true']",5,True
Vice President Kamala Harris’ “60 Minutes” interview may be “a major Campaign Finance Violation.”,false,false,"['false', 'pants-fire', 'mostly-false']",3,True
"When asked if she supports the Build Back Better bill, Abby Finkenauer said that she didn’t know what was in it.",mostly-false,false,"['false', 'mostly-false', 'half-true', 'true', 'mostly-true', 'pants-fire']",6,True
"Ohio ""thought that our (voting) machines were so awful we got rid of them, but South Carolina bought them. This is true. South Carolina bought all the machines we got rid of because they were not effective.""",false,false,"['false', 'mostly-false', 'pants-fire', 'half-true']",4,True
"“Only sign outside Bucks County voting place. Democrats shown, republicans blurred out. … More scamming in Pennsylvania!”",false,false,"['false', 'mostly-false', 'pants-fire', 'half-true']",4,True
Kamala Harris is planning to use the 25th Amendment against Joe Biden and appoint Mike Pence as her vice president.,false,false,['false'],1,True
"“Since 1981, the state Senate has only rejected five executive appointments. The GOP today is more than doubling that number.”",true,false,"['false', 'mostly-false', 'true', 'half-true', 'mostly-true', 'pants-fire']",6,True
"Bill McCollum has ""recovered $200 million in Medicaid fraud.""",true,true,['true'],1,True
“Eighty-two percent of the country understands that (the 2020 election) was a rigged election.”,false,false,"['false', 'pants-fire']",2,True
"“15 days left to vote BUT if you are voting by mail, you need to vote TODAY. USPS says it needs a 14 day roundtrip to be counted on election day.”",half-true,false,"['false', 'mostly-false', 'pants-fire', 'half-true']",4,True
"""700 jobs (were) lost because Allen Boyd"" voted for the health care bill.",mostly-false,false,"['false', 'mostly-false', 'pants-fire']",3,True
“PHIL MURPHY ONLY ALLOWING IN PERSON VOTING ON Election Day AT PRUDENTIAL CENTER IN NEWARK NJ - Calling it a #SuperPollingStation”,mostly-false,false,"['false', 'mostly-false', 'half-true', 'pants-fire']",4,True
"""It was Dan Sullivan who wrote a bill to cut Alaskans out of those decisions"" about where they can hunt and fish.",half-true,false,"['false', 'mostly-false', 'half-true', 'mostly-true']",4,True
"“There were several states where outside actors dramatically changed the rules of the road, so to speak, two weeks out, one week out, on how elections would be run.”",mostly-false,mostly-false,"['mostly-false', 'false', 'half-true', 'mostly-true', 'pants-fire']",5,True
"Says Sen. Bob Casey, D-Pa., “is trying to change the outcome of the election by counting NON-CITIZEN votes.”",false,false,"['false', 'mostly-false', 'pants-fire']",3,True
“Biden’s DOJ was authorized to use DEADLY FORCE” in Mar-a-Lago raid. Biden was “locked and loaded” and “ready to take me out.”,pants-fire,false,"['false', 'pants-fire', 'mostly-false']",3,True
"""In order to be a poll worker on the conservative side, you have to register through the Republican Party of Wisconsin.""",mostly-true,false,"['false', 'mostly-false', 'pants-fire']",3,False
"Wisconsin is ""one of the bluest"" states, but under Scott Walker its unemployment rate ""is around 3.5%.""",false,false,"['false', 'mostly-false', 'pants-fire']",3,True
Says unproven voter fraud claims didn’t play “any role” in the Capitol riot.,pants-fire,false,"['false', 'mostly-false', 'pants-fire']",3,True
"After a 2022 law, “the vast majority of colleges in New York State do not have on-campus poll sites.”",mostly-true,false,"['false', 'mostly-false', 'pants-fire']",3,False
“Fox News went from 97% reporting to 94% in Virginia. The fraud is so blatant it's not funny anymore.”,false,false,"['false', 'pants-fire', 'mostly-false']",3,True
"""THOUSANDS of fake votes found at Wisconsin Recount in Dane County.""",pants-fire,false,"['false', 'pants-fire', 'mostly-false']",3,True
"State Rep. Elena Parent ""supported Governor Nathan Deal’s plan to slash the HOPE scholarship.""",false,false,"['false', 'mostly-false', 'pants-fire', 'true']",4,True
"""The Republican Party   lost 1.1 million registered voters since 2008. The Democratic Party  lost  1.2 million registered voters… (while) voter registration in the   Libertarian Party rose 8 percent.""",half-true,half-true,"['half-true', 'mostly-true', 'false', 'mostly-false', 'true']",5,True
"“In Montana, we cherish our public lands. But Tim Sheehy called to transfer them off, so the ultra-rich can buy them up.”",false,mostly-false,"['mostly-false', 'false', 'half-true', 'mostly-true', 'true', 'pants-fire']",6,True
Newt Gingrich has been a proponent of selecting a president by popular vote instead of the Electoral College.,true,true,"['true', 'false']",2,True
"""An April study found that about 70 percent of ads in this election cycle have been negative [due to SuperPACs], up from only 9 percent through the same period in 2008.""",mostly-true,true,"['true', 'false', 'mostly-false', 'mostly-true']",4,True
Vice President Kamala Harris “is a communist. … She is really a Marxist.”,pants-fire,false,"['false', 'mostly-false']",2,False
"“In 2016, Democrats suggested that the election was stolen.”",half-true,false,"['false', 'mostly-false', 'half-true', 'pants-fire']",4,True
Says a lack of transparency for small-dollar donations is the “same thing” as dark money,mostly-false,false,"['false', 'mostly-false', 'half-true', 'pants-fire', 'mostly-true']",5,True
"In Sauk City, Wisconsin, ""the ID office"" that provides identification for voting ""is only open on the fifth Wednesday of every month"" -- a total of four days in 2016.",mostly-true,false,"['false', 'mostly-true', 'mostly-false', 'half-true', 'true', 'pants-fire']",6,True
"""This race will be the Democrats’ top target this November.""",false,false,"['false', 'mostly-false', 'pants-fire', 'half-true']",4,True
"While previous clemency boards granted restoration of civil rights to thousands of Floridians,  ""so far this year, under this clemency board, four (felons) have gotten their rights back.""",mostly-true,false,"['false', 'mostly-false', 'half-true', 'mostly-true', 'true', 'pants-fire']",6,True
“The Montana Secretary of State left Kamala Harris off the ballot.”,half-true,false,"['false', 'mostly-false', 'pants-fire']",3,False
"""Over 20 percent of the electorate is Hispanic"" in Florida.",half-true,false,"['false', 'mostly-false', 'half-true']",3,True
"""70 percent of the people who voted"" on June 5, 2012, ""just didn’t feel comfortable with the recall of the governor,"" weakening any idea that Wisconsin is ""fully behind this Walker agenda.""",half-true,half-true,"['half-true', 'mostly-true', 'false', 'mostly-false', 'true']",5,True
"Election results in Clark County, Nevada, and Arizona are not yet known because those places “want more time to cheat.”",pants-fire,false,"['false', 'pants-fire', 'mostly-false']",3,True
"""The standard of voting in North Dakota is the easiest in the country.""",mostly-false,false,"['false', 'mostly-false', 'pants-fire', 'half-true']",4,True
"Says Gov. Rick Perry is ""by far and away the highest-paid state employee on an hourly basis.""",pants-fire,false,"['false', 'mostly-false', 'pants-fire', 'half-true', 'true']",5,True
"Says Leah Vukmir ""claimed the open records law didn't apply to her, got sued, lost and cost taxpayers $15,000 in legal fees.""",true,true,"['true', 'false']",2,True
The election in Brazil “was very clearly a rigged election.”,false,false,"['false', 'pants-fire', 'mostly-false']",3,True
"“So California is requiring signature verification for Gavin Newsom’s recall, but didn’t require it for the mail in ballots.”",pants-fire,false,"['false', 'mostly-false']",2,False
"""Trump Won Two-Thirds of Election Lawsuits Where Merits Considered""",false,false,"['false', 'mostly-false', 'pants-fire', 'half-true']",4,True
"Says Sherrod Brown in 1978 ""voted for stricter removal standards (for voter registration) and then enforced them as Secretary of State.""",half-true,mostly-false,"['mostly-false', 'false', 'half-true', 'mostly-true', 'pants-fire']",5,True
"“Joe Biden’s open border” means that there are “more Democrat voters pouring into this country.""",false,false,"['false', 'pants-fire']",2,True
"""Fifty seats have already changed hands from the Republicans to the Democrats since Donald Trump was elected.""",mostly-true,false,"['false', 'mostly-false', 'half-true', 'mostly-true']",4,True
"Says U.S. Rep. Steve Southerland ""voted himself health care for life.""",pants-fire,false,"['false', 'mostly-false']",2,False
Project 2025 would “cut” the Federal Emergency Management Agency and “kill federal-backed flood insurance.”,true,false,"['false', 'mostly-false', 'pants-fire', 'half-true']",4,False
"""The number of new businesses started per year has dropped by 100,000 during this president’s term.""",half-true,false,"['false', 'mostly-false', 'half-true', 'pants-fire']",4,True
“Miami-Dade reporting 23% of early ballots being rejected for missing signatures.”,false,false,"['false', 'mostly-false', 'pants-fire']",3,True
"""The GOP lawyer who helped Kanye West get on the ballot in Wisconsin is actively working for Donald Trump's campaign.""",true,false,"['false', 'mostly-false', 'half-true', 'pants-fire', 'mostly-true', 'true']",6,True
"Every time a Republican has been elected president over the last few decades, House Democrats have objected to the result",mostly-true,false,"['false', 'mostly-false', 'half-true', 'true', 'mostly-true', 'pants-fire']",6,True
"""I didn't campaign on a public option.""",mostly-false,false,"['false', 'mostly-false', 'pants-fire']",3,True
"Kamala Harris was “Indian all the way, and then all of a sudden, she made a turn and she went, she became a Black person.”",pants-fire,false,"['false', 'pants-fire']",2,True
"""At nearly 19 million people, the population of Florida is larger than all the earlier primary and caucus states combined.""",true,true,['true'],1,True
“Ballots in Ohio are showing Trump’s name misspelled!”,false,false,['false'],1,True
"""There has not been a Democratic woman in Congress from New Jersey in almost four decades.""",true,false,"['false', 'mostly-false']",2,False
"As an example of voter fraud, “we have literally 9,000 people who voted in this election (in Nevada) who don’t live in Nevada.”",pants-fire,false,"['false', 'pants-fire', 'mostly-false']",3,True
Ruben Gallego wants to “cut your Social Security.”,false,false,"['false', 'mostly-false']",2,True
"Google and Apple maps won’t give directions to Washington, D.C. because “they don’t want you going to a certain big rally.”",mostly-false,false,"['false', 'mostly-false']",2,True
"""The turnout on May 14th was just 7 percent -- the lowest turnout in decades.""",mostly-true,mostly-false,"['mostly-false', 'false', 'mostly-true', 'half-true', 'pants-fire']",5,True
"""Candidate Slotkin had presented herself as a moderate and as someone who’d be independent-minded, but her time in office was making it increasingly clear that no, she was very partisan, voting 96% of the time with Speaker Pelosi.""",mostly-false,false,"['false', 'mostly-false', 'half-true', 'mostly-true', 'pants-fire', 'true']",6,True
"“CNN will implement a 1-2 minute delay for tonight’s presidential debate instead of the standard 7-second delay, potentially allowing time to edit parts of the broadcast.”",false,false,"['false', 'pants-fire']",2,True
"Legislators are ""ramming through a provision that’ll make investigations like #NC09 less transparent.""",mostly-false,mostly-false,"['mostly-false', 'false', 'half-true', 'mostly-true', 'pants-fire']",5,True
"Republicans offered Wisconsin bar patrons ""free shots (of alcohol) to sign recall petitions against"" Democrats.",mostly-false,false,"['false', 'mostly-false', 'half-true', 'pants-fire']",4,True
"There is ""substantial evidence of voter fraud.""",false,false,"['false', 'pants-fire']",2,True
"""Candidates for governor routinely disclose"" their spouses’ tax returns.",mostly-true,false,"['false', 'mostly-false', 'half-true', 'pants-fire']",4,False
"""The son-in-law of the president met with Russian officials at the Trump Tower after having them come in the back door.""",mostly-true,false,"['false', 'mostly-true', 'half-true', 'mostly-false', 'pants-fire']",5,True
"U.S. Sen. Sherrod Brown voted to “give illegals taxpayer funded stimulus checks, health care, even Social Security.""",false,false,"['false', 'mostly-false', 'pants-fire']",3,True
November election data shows a “stunning anomaly in the rejection rate of absentee ballots.”,false,false,"['false', 'mostly-false', 'half-true', 'pants-fire', 'true', 'mostly-true']",6,True
"In Hawaii, ""they don't have a history of throwing incumbents out of office.""",true,true,"['true', 'false', 'mostly-false', 'half-true', 'pants-fire', 'mostly-true']",6,True
"Says President Barack Obama ""has lost more members of the House and more members of the Senate than any president ever has lost"" in modern times.",mostly-true,false,"['false', 'mostly-false', 'half-true', 'mostly-true', 'pants-fire']",5,True
"""Exit polls indicate that Democrats get over 70 percent of LGBT votes in federal elections.""",true,true,"['true', 'false', 'mostly-true', 'mostly-false', 'half-true']",5,True
“This is the California model spreading across the country. When you need to flip things blue there’s always some mysterious mail-in ballots lying around that’ll do the trick. Shameful!”,false,false,"['false', 'mostly-false', 'pants-fire']",3,True
Says Osama bin Laden endorsed Joe Biden,false,false,"['false', 'pants-fire']",2,True
Democrats “used COVID to cheat” in the 2020 election.,pants-fire,false,"['false', 'pants-fire', 'mostly-false']",3,True
"“39% of Americans … 31% of independents ... 17% of Democrats believe the election was rigged.""",mostly-false,false,"['false', 'mostly-false']",2,True
“Prices are up because these corporations are scheming to drive them up.”,mostly-false,mostly-false,"['mostly-false', 'false', 'half-true', 'mostly-true', 'pants-fire']",5,True
"""Thanks to you, in under one week we have the largest GOP (Facebook) page in the Governor's race!""",true,true,['true'],1,True
"Says Marsha Blackburn ""voted against the Reauthorization of the Violence Against Women Act, which attempts to protect women from domestic violence, stalking, and date rape.""",mostly-true,false,"['false', 'mostly-false', 'pants-fire']",3,False
"In the Florida Republican primary, ""we got a very large percentage of the, quote, conservative vote.""",mostly-false,false,"['false', 'mostly-false']",2,True
"“As soon as I endorsed (Supreme Court Justice Daniel Kelly), the Wisconsin Democrats said, let’s move the election to two months later.”",pants-fire,false,"['false', 'mostly-false', 'pants-fire']",3,True
Proof of citizenship isn't necessary before you register to vote in Florida.,mostly-false,false,"['false', 'mostly-false', 'pants-fire']",3,True
"""Chicago now has City ID Cards which allow illegal immigrants to vote in local, state & federal elections.""",false,false,"['false', 'pants-fire']",2,True
Elon Musk’s Starlink technology manipulated votes in the 2024 election to benefit Donald Trump.,pants-fire,false,"['false', 'pants-fire']",2,True
"CBS News and “60 Minutes” “replaced” former Vice President Kamala Harris’ interview answers “with completely different, and far better, answers, taken from another part of the interview.”",false,false,"['false', 'mostly-false', 'pants-fire']",3,True
"""‘Dark money’ spending"" in the 2016 election cycle ""is 10 times what it was at the same point in the 2012 election cycle,"" when it topped $308 million.",true,true,['true'],1,True
Says she condemned violence at a campaign stop in Arizona in March.,true,true,['true'],1,True
"""If you're in Texas, you have got to drive 120 miles to get an ID.""",half-true,false,"['false', 'mostly-false', 'half-true', 'pants-fire']",4,True
“Biden did not win legally.”,pants-fire,false,['false'],1,False
"Says the Club for Growth tries to defeat Republicans, and that its president called Nancy Pelosi ""the person I respect the most in Washington.""",mostly-false,false,"['false', 'mostly-false', 'half-true', 'mostly-true', 'true', 'pants-fire']",6,True
Says Donald Trump warned outgoing Ghana President against last-minute job appointments.,pants-fire,false,"['false', 'pants-fire']",2,True
"""Democrats and their allies (...) are manufacturing voters.""",pants-fire,false,"['false', 'mostly-false']",2,False
"Gov. Charlie Crist ""sought for and got approved the automatic restoration of felon rights for nonviolent offenders for the first time in Florida history.""",false,false,"['false', 'mostly-false', 'true', 'mostly-true', 'half-true', 'pants-fire']",6,True
Kamala Harris’ “plan to tax unrecognized Capital Gains mean(s) if your house goes up in value you will have to pay that Tax Even if you don’t sell your House!”,mostly-false,false,"['false', 'mostly-false', 'pants-fire']",3,True
Says Mandela Barnes “supported a 20% increase in the gas tax.”,half-true,false,"['false', 'mostly-false', 'pants-fire', 'half-true']",4,True
"""Republican Bob Donovan"" has ""run as a Republican time and again.""",half-true,half-true,"['half-true', 'mostly-true', 'false']",3,True
“The mainstream media pretended there was a deadly surge in COVID cases thanks to Wisconsinites voting.”,pants-fire,false,"['false', 'mostly-false', 'pants-fire']",3,True
"""Pennsylvania Federal Court grants legal authority to remove Trump after Russian Meddling.""",pants-fire,false,"['false', 'pants-fire']",2,True
"GOP-backed ""racist disenfrachisement"" led to only five polling places being open in Milwaukee for April 7 election.",mostly-false,mostly-false,"['mostly-false', 'false', 'half-true', 'pants-fire']",4,True
"""Since the time of the Civil War, we've made a distinction in this country between the availability and the ability to access for people who were in the military, versus the rest of us, to vote.""",half-true,half-true,"['half-true', 'false', 'mostly-true', 'mostly-false', 'true']",5,True
"""The Democrats want to invite caravan after caravan of illegal aliens into our country. And they want to sign them up for free health care, free welfare, free education, and for the right to vote.""",false,false,"['false', 'mostly-false', 'pants-fire']",3,True
The Georgia House passed a bill that “makes it a misdemeanor to give food or water to voters waiting in line.”,true,false,"['false', 'mostly-false', 'true']",3,True
"""Donald Trump's strategy is pretty simple. They have even said in his campaign it's to get women to stay home, get young people to stay home, get people of color to stay home, and get a lot smart, intelligent men to stay home, too.""",half-true,false,"['false', 'mostly-false', 'half-true', 'pants-fire', 'mostly-true']",5,True
"Charlie Crist's ""personal approval numbers are plummeting.""",mostly-false,false,"['false', 'mostly-false', 'half-true', 'mostly-true', 'true']",5,True
"Says the U.S. Attorney’s Office said ""that neither I nor my campaign had any idea what was going on"" regarding my father's illegal campaign contributions. ""And that’s why they closed this case.""",mostly-true,false,"['false', 'mostly-false', 'half-true', 'mostly-true', 'true', 'pants-fire']",6,True
"""If the impeachment reaches the house and passes to the senate and isn’t passed the first term is nullified and Trump can run two more terms.""",pants-fire,false,"['false', 'pants-fire', 'mostly-false']",3,True
"""California Has 1.8M More Registered Voters Than It Should”",pants-fire,false,"['false', 'pants-fire']",2,True
"Says that in the 1985 election former Gov. Tom Kean had ""the largest winning margin for a gubernatorial candidate in Jersey history.""",true,true,"['true', 'false']",2,True
"""In many places, like California, the same person votes many times. You probably heard about that. They always like to say 'oh that's a conspiracy theory.' Not a conspiracy theory, folks. Millions and millions of people.""",pants-fire,false,"['false', 'pants-fire', 'mostly-false']",3,True
"""Opponents of Section 5 (of the Voting Rights Act) complain of state expense, yet their only cost is the paper, postage and manpower required to send copies of legislation to the federal government for review.""",half-true,half-true,"['half-true', 'false', 'mostly-true', 'mostly-false']",4,True
"""Since 2000, only 10 cases of in-person voter fraud have been proven nationally.""",mostly-true,true,"['true', 'false', 'mostly-true', 'half-true', 'mostly-false']",5,True
"Says state Supreme Court candidate Joe Donald twice ""supported"" incumbent Justice Rebecca Bradley.",mostly-true,mostly-true,"['mostly-true', 'half-true', 'false', 'mostly-false']",4,True
"A new Colorado law ""literally allows residents to print ballots from their home computers, then encourages them to turn ballots over to ‘collectors.’ """,false,false,"['false', 'mostly-false', 'half-true', 'mostly-true']",4,True
"“Biden’s Air Force One is not the same as Trump’s Air Force One,” which indicates Biden is not the real president.",pants-fire,false,"['false', 'mostly-false']",2,False
"In 2020, “only nine NATO allies were spending 2%” of their GDP on defense. “This year, 23 will spend at least 2%.”",mostly-true,true,"['true', 'false']",2,False
"Democratic candidate Jeff Greene ""ran for Congress as a California Republican.""",true,true,"['true', 'false']",2,True
"""Ron Johnson has voted against funding for law enforcement and recently opposed a plan to recruit and train new officers """,false,false,"['false', 'mostly-false', 'pants-fire', 'half-true']",4,True
"Online voter registration is a ""more secure"" way of doing voter registration.",mostly-true,true,"['true', 'mostly-true', 'half-true']",3,True
"Says Joe Biden proposed “killing over 600,000 jobs supported by fracking.”",false,false,"['false', 'mostly-false', 'pants-fire']",3,True
Michigan’s Proposal 2 “will permanently put in the Constitution that you never have to show an ID to vote ever again.”,mostly-false,false,"['false', 'mostly-false', 'pants-fire']",3,True
"A Secret Service agent named Jonathan Willis said he “had the assassin in his sights for 3 minutes, but he was told not to engage by the head of the (Secret Service) unit.”",false,false,"['false', 'pants-fire']",2,True
“Military ready to act on audit results!” in Arizona,false,false,"['false', 'pants-fire']",2,True
“Trump can’t be on the Texas ballot because of our state constitution.”,false,false,"['false', 'mostly-false']",2,True
“We are now the only country in the world that uses mail-in voting.”,false,false,"['false', 'pants-fire']",2,True
Philadelphia is “clouding the vote counting in a shroud of darkness.”,false,false,"['false', 'mostly-false', 'pants-fire']",3,True
"Says that during the Supreme Court campaign, Michael Screnock has ""vowed to uphold the platform of the NRA.""",half-true,half-true,"['half-true', 'false', 'mostly-true', 'mostly-false', 'pants-fire']",5,True
Public-employee unions spent $30 million in Wisconsin unsuccessfully trying to flip the state Senate to Democratic control.,false,false,"['false', 'mostly-false', 'pants-fire']",3,True
"Steve Poizner ""increased his department's budget nearly 14 percent.""",false,false,"['false', 'pants-fire']",2,True
"Says Missouri needs a voter I.D. law because ""there’s over 16 people in the state of Missouri who have been convicted of some type of voter fraud.""",half-true,false,"['false', 'mostly-false', 'pants-fire']",3,False
"""Last time Democrats removed a Republican from the ballot” was Abraham Lincoln in 1860.",false,false,"['false', 'mostly-false']",2,True
“Antifa gearing up for false flag violence disguised as Trump-supporters.”,false,false,"['false', 'pants-fire']",2,True
"Says Mitt Romney ""was one of the first national Republican leaders to endorse"" Marco Rubio.",half-true,true,"['true', 'false', 'mostly-true', 'mostly-false']",4,False
"""Missouri registered 78,421 in just one week of February of this year. Out of that number, 23,253 were dead people!""",false,false,"['false', 'mostly-false', 'pants-fire']",3,True
North Carolina’s new voting rules in response to Hurricane Helene amount to “cheating” or “stealing.”,pants-fire,false,"['false', 'mostly-false', 'pants-fire', 'half-true']",4,True
"""Maricopa County official purged machine records before audit started.""",false,false,"['false', 'mostly-false', 'half-true', 'pants-fire', 'mostly-true']",5,True
"""We didn't go out and take"" information from the Hillary Clinton campaign.",mostly-false,false,"['false', 'mostly-false', 'half-true', 'pants-fire']",4,True
"""A witness will testify against Hillary Clinton.""",false,false,"['false', 'mostly-false', 'pants-fire']",3,True
"""This election actually was not unusually close.""",true,true,"['true', 'false']",2,True
"""The majority of my contributions have been from private individuals"" giving $125 on average, ""not from PACs, not from groups.""",mostly-true,mostly-true,"['mostly-true', 'half-true', 'true', 'false', 'mostly-false']",5,True
“Arizona BANS Electronic Voting Machines.”,false,false,"['false', 'mostly-false', 'pants-fire']",3,True
"Kamala Harris’ X post said the Olympics’ opening ceremony “made France look great! America, this is what we need to strive towards!”",false,false,['false'],1,True
Says George Soros was arrested in Philadelphia for election interference.,pants-fire,false,"['false', 'pants-fire']",2,True
"As Florida secretary of state, Kurt Browning ""allowed 1,800 illegal voters to register in Florida.""",pants-fire,false,"['false', 'mostly-false', 'pants-fire']",3,True
Democrats paid Beyoncé $11 million for an endorsement.,false,false,"['false', 'pants-fire']",2,True
"""Seventy-four percent of Rhode Islanders support [a] national popular vote [for president] because they, as I, believe in one person-one vote.""",half-true,false,"['false', 'mostly-false', 'half-true', 'pants-fire', 'mostly-true']",5,True
"“So this is just a way they’re trying to steal the election, and everybody knows that. Because the only way they’re going to win is by a rigged election.”",pants-fire,false,"['false', 'mostly-false', 'pants-fire']",3,True
"""For the hour after the (Jan. 14) debate, 'Debra Medina' was the No. 1 search on Google and for the remainder of that night No. 3.""",false,false,"['false', 'mostly-false', 'half-true', 'pants-fire']",4,True
"The ""left"" is blatantly attempting to disrupt Georgia’s elections.",false,false,"['false', 'mostly-false', 'pants-fire', 'half-true']",4,True
"“In Wisconsin, there are approximately 70,000 absentee ballots that do not have matching ballot applications as required by law.”",pants-fire,false,"['false', 'mostly-false', 'pants-fire']",3,True
"""Corrupt political bosses. Money laundering. Fraud. It’s just another day at the office for Vin Gopal.""",pants-fire,false,"['false', 'mostly-false', 'half-true', 'pants-fire']",4,True
"""The Russian state has never interfered ... into internal American affairs including election process.""",pants-fire,false,"['false', 'pants-fire']",2,True
"""Of the four statewide races this century within a 300-vote margin, three have been overturned in a recount.""",true,false,"['false', 'mostly-false', 'pants-fire', 'half-true']",4,False
"﻿﻿""Since Mayor Kennedy O’Brien took office Sayreville has issued 22,081 building permits! Now O’Brien is holding secret meetings with big developers.""",mostly-false,false,"['false', 'mostly-false', 'half-true', 'pants-fire']",4,True
Says Joe Biden killed a Kelly Loeffler campaign staffer.,false,false,['false'],1,True
"Says Chuck Schumer said ""it’s racist to only allow citizens to vote.""",false,false,"['false', 'pants-fire']",2,True
An obscure filing with the Federal Election Commission shows Biden has formally announced his bid for another term.,false,false,"['false', 'pants-fire']",2,True
"Rep. Alexandria Ocasio-Cortez “faces 5 Years in Jail For FEC Crimes.""",false,false,['false'],1,True
"""This is the first time a party has picked up multiple seats during a regular election since the mid 1980s, making this the largest majority of any party in more than 25 years.""",mostly-true,true,"['true', 'mostly-true', 'half-true', 'false']",4,True
"Says Scott Walker left college ""under an ethical cloud for having tried to fix"" the election for student body president.",false,false,"['false', 'pants-fire', 'mostly-false']",3,True
"If elected, “I will be the youngest vice president in American history.”",false,false,"['false', 'pants-fire']",2,True
“The great replacement theory is not some grand right-wing conspiracy theory. But a basic statement of the Democratic Party's platform.”,pants-fire,false,"['false', 'pants-fire', 'mostly-false']",3,True
"""About 57 percent of registered Democrats in the new (9th Congressional) district come from my old district.""",mostly-true,mostly-true,"['mostly-true', 'half-true', 'mostly-false', 'false', 'true']",5,True
"A CNN headline says “75,000 votes were write-ins for ‘Hawk Tuah’ and ‘Talk Tuah.’”",pants-fire,false,"['false', 'pants-fire']",2,True
"“Wisconsin has historically … and I think largely continues to be, a blue state.”",mostly-false,false,"['false', 'mostly-false', 'pants-fire', 'half-true']",4,True
"Five Wisconsin cities received money for the 2020 election from Mark Zuckerberg, which amounted to ""a wave of massive election bribery.""",pants-fire,false,"['false', 'pants-fire']",2,True
"“Illegal immigrants now have the right to vote in New York.""",false,false,"['false', 'pants-fire']",2,True
"“You had (4,925) out-of-state voters… in Georgia.”",false,false,"['false', 'mostly-false']",2,True
"Jennifer Carroll's an ""outsider.""",half-true,half-true,"['half-true', 'false', 'mostly-false', 'mostly-true', 'pants-fire']",5,True
"""If you want to vote in"" Texas, ""you can use a concealed-weapon permit as a valid form of identification, but a valid student ID isn’t good enough.""",true,false,"['false', 'true', 'mostly-false', 'half-true']",4,True
"Taylor Swift was photographed holding a “Trump won, Democrats cheated!” flag.",pants-fire,false,"['false', 'pants-fire']",2,True
"""Historically, our spring elections (including for state Supreme Court) have a smaller turnout associated with them.""",true,false,"['false', 'mostly-false', 'true', 'half-true', 'mostly-true']",5,True
"In his election as governor, “We won cities that no Republican had ever won.”",false,false,"['false', 'mostly-false']",2,True
"""When Josh Mandel claims to have accepted three debates with Sen. Sherrod Brown, he is lying. He has accepted ZERO proposed debates.""",pants-fire,false,"['false', 'pants-fire', 'true', 'mostly-true']",4,True
"""‘Simple math’ shows Biden claims 13 million more votes than there were eligible voters who voted in 2020 election.”",pants-fire,false,['false'],1,False
“They’re still counting the (2024 election) vote in some areas.”,false,false,"['false', 'mostly-false', 'pants-fire']",3,True
"""It happened under Obama, and it was lauded by the media as being genius. And now under the Trump campaign — it’s the Cambridge Analytica scandal.""",half-true,false,"['false', 'mostly-false', 'half-true', 'pants-fire']",4,True
Says North Carolina Gov. Roy Cooper “has seen his approval rating plummet”,mostly-false,false,"['false', 'mostly-false', 'half-true', 'mostly-true', 'pants-fire']",5,True
"“Nevada AG admits to changing signature verifications manually for over 200,000 votes.”",false,false,"['false', 'pants-fire']",2,True
"""The chairman of the party of Florida, who is an avid and outward supporter of Marco Rubio, gets to appoint 30 of those delegates.""",false,false,"['false', 'mostly-false', 'half-true', 'pants-fire']",4,True
The problem with mail ballots in Lancaster County is a sign of “voter fraud.”,false,false,"['false', 'mostly-false']",2,True
"Says he posted a ""win"" in the Republican Party of Wisconsin endorsement contest in the U.S. Senate primary.",mostly-true,mostly-true,"['mostly-true', 'half-true', 'true', 'false']",4,True
"In the 2018 Florida governor's race ""votes were being stolen by the corrupt election process in Broward. … I sent in the FBI and the U.S. Attorneys, and the ballot theft immediately ended. … I stopped his Election from being stolen.""",pants-fire,false,"['false', 'mostly-false', 'pants-fire']",3,True
"Obamacare includes a ""$700 billion cut from Medicare for seniors.""",half-true,false,"['false', 'half-true', 'mostly-false', 'mostly-true']",4,True
"""The United States has a low voter turnout rate.""",true,false,"['false', 'mostly-false', 'true', 'half-true', 'mostly-true']",5,True
"Says his opponent for NC Insurance Commissioner is a ""perennial candidate"" over 30 years.",mostly-true,false,"['false', 'mostly-false', 'half-true', 'mostly-true', 'pants-fire']",5,True
The Chicago Cubs owner is bankrolling Brad Schimel.,mostly-true,false,"['false', 'mostly-false', 'pants-fire', 'half-true']",4,False
Vice President Kamala Harris was fired from McDonald’s for stealing.,pants-fire,false,"['false', 'pants-fire']",2,True
"“Milwaukee Elections Chief Lost Elections Flash Drive in Morning Hours of November 4th When Democrats Miraculously Found 120,000 Votes for Joe Biden.”",pants-fire,false,"['false', 'mostly-false', 'pants-fire']",3,True
“I had zero emails that were classified.”,half-true,false,"['false', 'mostly-false', 'pants-fire']",3,False
"Says ""Stacey Abrams wants to give illegal aliens the right to vote.""",mostly-false,false,"['false', 'mostly-false']",2,True
Says left-wing activist John Sullivan “incited (the) insurgence of (the) US Capitol.”,mostly-false,false,"['false', 'mostly-false', 'pants-fire']",3,True
“Leftists” sent “Proud Boys” emails threatening Democratic voters.,false,false,"['false', 'pants-fire', 'mostly-false']",3,True
"""The race will tighten, just because that's what happens at the end of campaigns. They always have.""",mostly-true,mostly-true,"['mostly-true', 'true', 'half-true', 'mostly-false']",4,True
CBS exposed “the fact” that Kamala Harris’ crowd sizes are inflated because her campaign bused hundreds of attendees to her New Hampshire rally.,mostly-false,false,"['false', 'mostly-false']",2,True
"North Carolina “always had nonpartisan judicial races, and when the Republicans took over several years ago they changed it.”",mostly-false,false,"['false', 'mostly-false', 'pants-fire', 'half-true']",4,True
"Because of voter fraud, Republican candidates ""need to do a point or two better"" to win statewide elections in Wisconsin.",false,false,"['false', 'pants-fire']",2,True
Says Florida Agriculture Commissioner Nikki Fried “spent millions of dollars to put her face on every gas pump across this state.”,mostly-false,false,"['false', 'mostly-false', 'half-true', 'pants-fire']",4,True
"Says Gov. Andrew Cuomo is ""stealing money from the MTA and sending it upstate for projects that have nothing to do with transit.""",false,false,"['false', 'mostly-false', 'half-true']",3,True
"""Kansas has not elected somebody other than a Republican (to the U.S. Senate) since before 'The Wizard of Oz' hit the movie theaters.""",true,false,"['false', 'pants-fire', 'mostly-false']",3,False
"The Republican Party ""fought very hard in the '60s to get the civil rights bill passed, as well as the voting rights bill.""",true,true,['true'],1,True
Says Joe Biden has “written a letter of apology” for calling Trump’s travel restrictions from China “xenophobic.”,false,false,"['false', 'mostly-false', 'pants-fire']",3,True
"“70% of Americans don't believe a word the mainstream media puts out,” so “everyone who thinks Biden won are only 30% of the population.”",false,false,"['false', 'mostly-false', 'pants-fire']",3,True
“President Joe Biden admits to faking the election.”,false,false,"['false', 'pants-fire']",2,True
Pacific Gas & Electric Co. deliberately shut off power “on Republican voters” in California on Election Day.,false,false,"['false', 'pants-fire']",2,True
"Says Michelle Obama ""said she was never proud of her country til they elected her husband POTUS.""",false,false,"['false', 'pants-fire', 'mostly-false']",3,True
"A “ballot mule” was caught on camera Nov. 2 in Lincoln, Nebraska.",pants-fire,false,"['false', 'pants-fire']",2,True
CNN reported July 3 that “Joe has decided to drop out of the 2024 Presidential race and will be replaced by Hunter Biden.”,false,false,"['false', 'pants-fire']",2,True
"""Facts have come to light that indicate that a pivotal, close election was likely changed through voter fraud on November 8, 2016: New Hampshire’s U.S. Senate Seat, and perhaps also New Hampshire’s four Electoral College votes in the presidential election.""",false,false,"['false', 'mostly-false', 'pants-fire']",3,True
California’s registered independent voters “will not be able to vote republican come 2020.”,false,false,"['false', 'mostly-false']",2,True
"""This guy didn't even support Ronald Reagan.""",true,true,"['true', 'false']",2,True
"""Since 1904, the Ohio victor has won the presidency 25 out of 27 times """,true,true,['true'],1,True
Says Nancy Pelosi has “suspicious ties” to a voting software company that was involved in glitches that favored Joe Biden.,mostly-false,false,"['false', 'mostly-false', 'half-true', 'pants-fire']",4,True
"""In New Hampshire, I spent $3 million. Jeb Bush spent $44 million. He came in five, and I came in number one.""",mostly-true,false,"['false', 'mostly-false', 'half-true', 'true', 'mostly-true']",5,True
"“Swing State Hit With 2020 Voting Lawsuit - Accused Of Registering Over 1,500 Deceased People In Pennsylvania.”",mostly-false,false,"['false', 'mostly-false', 'half-true', 'pants-fire']",4,True
"Says Republican gubernatorial candidate Adam Laxalt ""tried to cut a deal with big pharma"" in a lawsuit.",false,false,"['false', 'mostly-false', 'half-true', 'pants-fire']",4,True
"“Did you see President Trump’s RECORD TURNOUT? Iowa - 32,389 Republicans.”",half-true,true,"['true', 'false', 'half-true', 'mostly-false']",4,True
"Usha Vance, wife of Republican vice presidential nominee JD Vance, posted on X that Vice President Kamala Harris was “absolutely a DEI hire.”",false,false,"['false', 'pants-fire']",2,True
Michigan election bills are “designed to make it easier for people to vote.”,mostly-false,false,"['false', 'mostly-false', 'pants-fire']",3,True
"“Last night I was leading, often solidly, in many key States, in almost all instances Democrat run & controlled. Then, one by one, they started to magically disappear as surprise ballot dumps were counted.”",false,false,"['false', 'mostly-false', 'pants-fire']",3,True
"Says the Senate Intelligence Committee has held 10 public hearings this year, ""more than double that held by the committee in any recent year.""",true,true,"['true', 'false']",2,True
"""Dead people always vote Democrat.""",false,false,"['false', 'pants-fire', 'mostly-false']",3,True
"""Right to Try"" experimental drug program saved ""thousands and thousands of lives.""",false,false,"['false', 'mostly-false', 'pants-fire', 'half-true']",4,True
"""In three days last week, (Gov. Rick) Perry  flew to five cities at taxpayers’ expense, holding press conferences,  delivering $2,325,000 in checks.""",pants-fire,false,"['false', 'pants-fire', 'mostly-false', 'half-true']",4,True
"On the day of the Dec. 6 runoff, “armed groups of Black Panthers” were “reportedly patrolling certain voting locations” in Georgia.",false,false,"['false', 'pants-fire', 'mostly-false']",3,True
"This Congress ""adjourned earliest of any time in congressional history before an election.""",false,false,"['false', 'mostly-false', 'pants-fire']",3,True
"""You know what Truman said, ‘You want a friend in Washington, buy a dog.’ """,false,false,"['false', 'pants-fire']",2,True
Says he “is the only candidate in the Wisconsin Attorney General race with experience as a prosecutor.”,false,false,"['false', 'mostly-false', 'half-true', 'pants-fire']",4,True
"“Active crime scene in Spalding County, Ga., where ballots for President Donald Trump were discovered in a dumpster.”",false,false,"['false', 'pants-fire']",2,True
"There are “180,000 registered new Amish voters in Lancaster, Pennsylvania.”",false,false,"['false', 'pants-fire']",2,True
"Says Rep. Maxine Waters, D-Calif., only needs about 40,000 to 50,000 votes to win election to Congress compared with the 120,000 votes King needs, because Waters has a higher immigrant population.",half-true,false,"['false', 'mostly-false', 'pants-fire', 'half-true']",4,True
Rep. Elissa Slotkin’s vote for the 2022 Inflation Reduction Act was a vote to “cut Medicare benefits for seniors.”,false,false,"['false', 'mostly-false', 'pants-fire', 'half-true']",4,True
"""One in 13 Black Americans are deprived of the right to vote.""",half-true,false,"['false', 'mostly-false', 'mostly-true', 'half-true', 'pants-fire']",5,True
"""There's no negative advertising in my campaign at all.""",pants-fire,false,"['false', 'pants-fire']",2,True
"""More people are struck by lightning than commit in-person voter fraud"" by impersonation.",true,true,"['true', 'false']",2,True
"Says HR 1 would ""legalize"" the kind of fraud found in North Carolina",false,false,"['false', 'mostly-false', 'pants-fire', 'half-true']",4,True
"""Texas is one of the most gerrymandered states in the union.""",mostly-true,true,"['true', 'false', 'mostly-true', 'half-true']",4,True
"Last year, Democrats won nearly 50% of the vote, yet they hold only 38% of the seats in the state House and 30% of the seats in the state Senate.",mostly-true,false,"['false', 'mostly-false', 'half-true', 'mostly-true', 'true', 'pants-fire']",6,True
“Major decision protecting voting rights in Pa. Ballots received after Election Day will not be counted.”,mostly-false,false,"['false', 'mostly-false', 'half-true', 'pants-fire']",4,True
"“In Nevada, the GOP is succeeding in throwing out the votes of thousands of young people.”",mostly-false,false,"['false', 'mostly-false', 'half-true']",3,True
"""Right now the Tea Party polls higher than the Republicans and the Democrats.""",false,false,"['false', 'pants-fire']",2,True
"“Shredded Pennsylvania Mail in ballot Applications were discovered in a trailer.
The applications were for @realDonaldTrump.”",false,false,"['false', 'mostly-false']",2,True
“Project 2025 wants to get rid of NOAA” and the National Weather Service.,half-true,false,"['false', 'mostly-false', 'half-true', 'pants-fire']",4,True
Goodyear Tires “announced a BAN ON MAGA HATS…This is what the Radical Left Democrats do.”,mostly-false,false,"['false', 'mostly-false']",2,True
Sen. JD Vance admitted he has a ‘rent-a-dog’ from the Trump campaign to make him “seem like a dog person.”,false,false,"['false', 'pants-fire']",2,True
"Says Marco Rubio said that ""felons should not have their voting rights restored"" but that ""convicted felons should be allowed to own guns after they have done their time.""",false,false,"['false', 'mostly-false', 'pants-fire']",3,True
The Fulton County vote count will be finished by 11:30 p.m. on election night.,mostly-true,true,"['true', 'mostly-true', 'false', 'half-true', 'mostly-false']",5,True
Nevada ballots “don’t even have to be postmarked to be counted” after the election.,false,false,"['false', 'mostly-false', 'pants-fire']",3,True
"Says Wisconsin ""hadn’t been won by a Republican since Dwight D. Eisenhower, in 1952. And I won Wisconsin. …  Ronald Reagan, remember, Wisconsin was the state that Ronald Reagan did not win.""",pants-fire,false,"['false', 'pants-fire']",2,True
"Data shows some voters cast multiple votes, meaning ""at least 164,568 illegal votes have been cast” in Michigan.",false,false,"['false', 'pants-fire']",2,True
Pallets of bricks were left all over the streets of Chicago before the Democratic National Convention.,false,false,"['false', 'pants-fire']",2,True
"In South Philadelphia, people are “getting paid $700 a week to go to wherever Kamala’s campaign tells them to go to.”",false,false,"['false', 'pants-fire']",2,True
"""The number of people who just got their voting rights restored in Florida is greater than the populations of Wyoming, Vermont, Alaska, North Dakota, South Dakota, Delaware, Rhode Island, Montana, Maine and New Hampshire.""",mostly-true,false,"['false', 'true', 'mostly-false', 'half-true', 'mostly-true', 'pants-fire']",6,True
Nevada database glitch showing voters cast ballots when they didn’t is evidence that voting by mail is “the largest source of potential voter fraud.”,false,false,"['false', 'mostly-false', 'pants-fire']",3,True
“Beyonce got paid $10 MILLION for her speech” at a Kamala Harris rally.,false,false,['false'],1,True
"""21% of 140,000 ballots were found to be in error in GA.”",mostly-false,false,"['false', 'mostly-false']",2,True
"""Michigan has requested a full forensic audit.""",false,false,"['false', 'mostly-false', 'pants-fire']",3,True
“Two thirds of eligible voters don’t vote.”,false,false,"['false', 'mostly-false', 'pants-fire']",3,True
"Says conservative website Judicial Watch published a story about “elite” units of the National Guard recounting official ballots that were printed with “an invisible, unbreakable code watermark and registered on a Quantum Blockchain System.”",pants-fire,false,"['false', 'pants-fire']",2,True
"""@realDonaldTrump is coming to San Antonio, which is 60% Mexican-AMERICAN.""",mostly-true,false,"['false', 'mostly-false', 'half-true', 'mostly-true', 'true', 'pants-fire']",6,True
"""I'm not a politician.""",half-true,false,"['false', 'half-true', 'mostly-false', 'mostly-true']",4,True
"Says Democratic opponent is ""too Republican to stand up for us.""",mostly-false,false,"['false', 'mostly-false', 'pants-fire', 'half-true']",4,True
"""More than once, I've actually had a conversation with the protesters on substance.""",true,true,['true'],1,True
"“There is no campaigning going on, none whatsoever.”",false,false,"['false', 'pants-fire']",2,True
"Says Julie Parrish is ""one of Sarah Palin’s mama grizzlies.""",mostly-false,false,"['false', 'mostly-false', 'half-true', 'pants-fire', 'mostly-true']",5,True
"""The Democrats are very sly. … (in New Hampshire) we have same day voter registration, and to be honest, when Massachusetts elections are not very close, they’re busing them in all over the place.""",pants-fire,false,"['false', 'mostly-false', 'half-true']",3,False
"Says Christopher Little has ""a history of working against environmental protection by defending the worst types of corporate polluters""",false,false,"['false', 'mostly-false', 'half-true', 'mostly-true', 'pants-fire', 'true']",6,True
"Says James Clapper said ""that the FBI was spying on (Trump's) campaign.""",false,false,"['false', 'mostly-false']",2,True
"November 2012 was ""a record year of turnout. More people voted before Election Day using absentee ballots and voting early than ever before in our history.""",mostly-true,false,"['false', 'mostly-false', 'pants-fire', 'half-true']",4,False
"""Collusion is not a crime.""",mostly-false,false,"['false', 'mostly-false', 'pants-fire', 'half-true']",4,True
"San Francisco and Takoma Park, Md., are ""allowing illegals to vote.""",half-true,false,"['false', 'mostly-false', 'pants-fire']",3,False
"""Over time there have been 160-some carve-outs to the filibuster.""",mostly-true,mostly-true,"['mostly-true', 'true', 'half-true', 'false', 'mostly-false', 'pants-fire']",6,True
Says President Joe Biden “recently said that 48.8% of Wisconsin voters are threats to democracy.”,false,false,"['false', 'mostly-false']",2,True
“Hoadley called women ‘breeders.’... wanted to learn about crystal meth and wrote that his sexual partners were his victims. Hoadley even wrote about a four year-old wearing a thong.”,mostly-false,false,"['false', 'mostly-false', 'pants-fire']",3,True
"""One of the first states in the union to pass a voter ID bill was Rhode Island, 85 percent Democratic legislature.""",false,false,"['false', 'mostly-false']",2,True
"""More than 9,000 Rhode Island voters used the Moderate Party master lever mechanism and they didn't have a single Moderate on their ballot.""",mostly-true,false,"['false', 'mostly-false', 'pants-fire', 'half-true']",4,False
"Barack Obama ""ended up getting re-elected by the largest gender gap in the history of American elections.""",half-true,false,"['false', 'mostly-false', 'true', 'half-true', 'pants-fire', 'mostly-true']",6,True
"St. Pete Beach's experiences are a ""fair example"" of what could happen if Amendment 4 passes.",half-true,false,"['false', 'mostly-false', 'pants-fire', 'half-true']",4,True
"Activities by foreign governments had ""absolutely no effect on the outcome of this election.""",mostly-false,false,"['false', 'mostly-false', 'pants-fire']",3,True
"According to the U.S. Census Bureau, 71.2 percent of Hispanic registered voters in Texas and over 86 percent of African American registered voters participated in the 2012 elections.",mostly-true,false,"['false', 'mostly-false', 'half-true', 'pants-fire', 'mostly-true', 'true']",6,True
"Of Gaza, “I’ve been there.”",false,false,"['false', 'pants-fire', 'mostly-false']",3,True
"The Department of Homeland Security’s database of legal immigrants has ""never"" been ""bounced against a state’s voter rolls.""",mostly-false,false,"['false', 'mostly-false', 'pants-fire']",3,True
"Says she debated her opponent ""multiple times.""",half-true,false,"['false', 'mostly-false', 'half-true', 'mostly-true', 'pants-fire']",5,True
"""14 percent of noncitizens are registered to vote.""",false,false,"['false', 'mostly-false']",2,True
"When Haitians go to school in Springfield, Ohio, they “take the place of our children in school” and “each one will have a private interpreter.""",false,false,"['false', 'pants-fire', 'mostly-false']",3,True
"Wisconsin’s Government Accountability Board ""wanted to consider Mickey Mouse and Adolf Hitler as valid signatures on recall petitions.""",false,false,"['false', 'mostly-false', 'pants-fire']",3,True
"Says 93,000 blacks didn’t vote in Milwaukee (in 2016)",mostly-true,false,"['false', 'mostly-false', 'pants-fire']",3,False
"Says Republican-approved changes to ""make it more difficult to participate in Ohio elections include reducing in-person early voting from 35 days to six.""",true,true,['true'],1,True
“Trump can’t vote for himself in the November election.”,mostly-false,false,"['false', 'mostly-false', 'half-true', 'pants-fire', 'mostly-true', 'true']",6,True
"""Paul Ryan’s already spent millions to try and permanently derail Brad (Schneider)’s progressive, energized campaign.""",half-true,false,"['false', 'mostly-false', 'half-true', 'mostly-true', 'pants-fire']",5,True
“Voter fraud investigations are being banned by Michigan lawmakers!”,false,false,"['false', 'mostly-false', 'pants-fire']",3,True
"""Ten retired nuns were barred from voting in the 2008 Indiana Democratic primary.""",half-true,half-true,"['half-true', 'false', 'mostly-false', 'mostly-true', 'true']",5,True
Said that man wearing racist shirt was working at a polling station in Mississippi.,false,false,"['false', 'pants-fire']",2,True
"Sherrod Brown’s approval rating ""has plummeted to 38 percent among Ohio voters"" in a poll by a Democratic pollster.",mostly-true,false,"['false', 'mostly-false', 'half-true', 'mostly-true', 'pants-fire']",5,True
"Between 27,000 and 200,000 Wisconsinites were ""turned away"" from the polls in 2016 due to lack of proper identification.",pants-fire,false,"['false', 'mostly-false', 'pants-fire']",3,True
Former President Donald Trump “cut overtime benefits for millions of workers.”,mostly-false,false,"['false', 'mostly-false', 'pants-fire', 'half-true']",4,True
Michelle Nunn ranks agriculture issues as the 18th most important items facing Georgia.,mostly-false,false,"['false', 'mostly-false', 'half-true', 'mostly-true']",4,True
"Says ""EIGHT Iowa counties have more adults registered to vote than voting-aged adults living there.”",false,false,"['false', 'pants-fire', 'mostly-false']",3,True
Says “Kamala Harris is not able to be VP. Because she's a felon. She lied on her application to buy a gun here in CA.”,pants-fire,false,"['false', 'pants-fire']",2,True
“Jacky Rosen voted to allow biological men to compete in women’s sports.”,false,false,"['false', 'mostly-false', 'pants-fire']",3,True
“The KKK officially endorses Trump 2020.”,false,false,"['false', 'pants-fire']",2,True
“Bennie Thompson objected to the 2004 Presidential election.”,mostly-true,false,"['false', 'mostly-false', 'pants-fire', 'half-true']",4,False
"“If you count the legal votes, I easily win. If you count the illegal votes, they can try to steal the election from us.”",pants-fire,false,"['false', 'mostly-false', 'pants-fire']",3,True
"“America has 133 million registered voters,” but “159 million votes” were cast in the 2020 presidential election.",false,false,['false'],1,True
The Trump administration put secret watermarks on official ballots to trick cheating Democrats.,pants-fire,false,"['false', 'pants-fire']",2,True
Nikki Haley is ineligible to be president or vice president.,pants-fire,false,"['false', 'mostly-false']",2,False
Travis Kelce endorsed Kamala Harris.,false,false,['false'],1,True
“Trump margin of ‘defeat’ in 4 states occurred in 4 data dumps between 1:34-6:31 AM. Statistical anomaly? Fraud?”,pants-fire,false,"['false', 'mostly-false', 'pants-fire', 'half-true']",4,True
"Winning enough pledged delegates is ""not impossible.""",mostly-true,false,"['false', 'mostly-false', 'half-true']",3,False
“Michigan just refused to certify the election results!”,false,false,"['false', 'mostly-false']",2,True
The Las Vegas Sphere displayed a derogatory message directed at former President Donald Trump.,false,false,"['false', 'pants-fire']",2,True
"The U.S. Justice Department has ""taken on more than 100 voting rights cases since 2009.""",half-true,true,"['true', 'false', 'half-true', 'mostly-true', 'mostly-false']",5,True
"""Typically you have three to four debates in a U.S. Senate race. (Sen. Tammy Baldwin, D-Wis. has) given me one debate, almost a month after early voting has started.""",mostly-true,false,"['false', 'mostly-false', 'half-true', 'mostly-true', 'pants-fire', 'true']",6,True
Ninety percent of the people in Arkansas still love Bill Clinton.,half-true,half-true,"['half-true', 'mostly-true', 'false', 'mostly-false']",4,True
Says U.S. House opponent Michael Williams does not live in and has never voted in the congressional district he’s seeking to represent.,false,false,"['false', 'mostly-false', 'half-true', 'pants-fire', 'mostly-true']",5,True
"California gubernatorial candidate Steve Poizner, a Republican, ""gave $10,000 to Al Gore's recount"" effort in 2000.",mostly-true,false,"['false', 'mostly-false', 'half-true', 'pants-fire', 'mostly-true']",5,True
"Says Ohio Rep. Marcy Kaptur ""actually lives"" in ""a fancy condo in the Washington, D.C.  suburbs.""",false,false,"['false', 'mostly-false', 'pants-fire']",3,True
"The voting bill known as H.R. 1 would mean “that millions of illegal immigrants are quickly registered to vote.""",false,false,"['false', 'mostly-false']",2,True
An Illinois couple who received five vote-by-mail applications can vote five times.,false,false,"['false', 'mostly-false']",2,True
"Says Mandela Barnes supports killing “preemies” – “infants born prior to 37 weeks of pregnancy""",pants-fire,false,"['false', 'pants-fire']",2,True
"""Eric Holder is supportive of the NAACP's efforts to get the United Nations involved in our elections.""",pants-fire,false,"['false', 'mostly-false', 'pants-fire', 'half-true']",4,True
"Says Bernie Sanders ""wins California landslide, But ⅔ of his votes aren’t counted.""",pants-fire,false,"['false', 'mostly-false', 'pants-fire']",3,True
"The public health order Title 42 is ""the last tool Border Patrol has to stop the overwhelming flood of illegal immigrants pouring into our country.”",false,false,"['false', 'mostly-false', 'pants-fire', 'half-true']",4,True
"Scott Walker ""had a 2.3 GPA when he was asked to leave Marquette University for cheating.""",false,false,"['false', 'pants-fire', 'mostly-false']",3,True
“They are trying to make it illegal to question the results of a bad election.”,false,false,"['false', 'pants-fire', 'mostly-false']",3,True
Says Mike Pence “said he won’t debate Kamala Harris.”,false,false,"['false', 'true']",2,True
“India has nearly 1.4 billion citizens. Nearly 800 million of them live in extreme poverty — less than $1.90 per day. Yet EVERY singly (sic) Indian citizen is required to have a valid form of ID to vote in national elections.”,half-true,false,"['false', 'mostly-false', 'pants-fire']",3,False
"""Could I just point out that ... I seem to get the first question all the time?""",true,true,['true'],1,True
"Says Paul Workman ""voted in the Democrat primary, supporting Democrats with his vote.""",true,true,"['true', 'false']",2,True
"""Arizona officials caught changing ballots, have been arrested.”",false,false,"['false', 'pants-fire', 'mostly-false']",3,True
"Says the NC elections board received ""no calls"" after alerting Bladen County voters to possible absentee ballot fraud.",false,false,"['false', 'mostly-false']",2,True
A discrepancy in the number of ballots and voters in the 2022 general election in New York “appears to be a federal crime.”,false,false,"['false', 'mostly-false', 'pants-fire']",3,True
"""Recently though, the media has reported on thousands of illegal voters here in the commonwealth.""",pants-fire,false,"['false', 'mostly-false', 'pants-fire']",3,True
"Says ""we’re losing one voter every 13 minutes.""",mostly-true,mostly-true,"['mostly-true', 'true', 'half-true', 'false', 'mostly-false']",5,True
Georgia Gov. Brian Kemp “allowed 7.5 million ballots to be sent to every registered voter.”,false,false,"['false', 'pants-fire', 'mostly-false']",3,True
"""We have 17 intelligence agencies, civilian and military, who have all concluded that these espionage attacks, these cyberattacks, come from the highest levels of the Kremlin, and they are designed to influence our election.""",true,false,"['false', 'true', 'mostly-false', 'half-true', 'mostly-true', 'pants-fire']",6,True
"Florida election officials’ requests to some residents to submit proof of citizenship is a ""backdoor poll tax.""",half-true,false,"['false', 'mostly-false', 'half-true', 'pants-fire']",4,True
"Says ""Donald Trump was doing a rally in the state of Florida"" the day Trump's son and others met with a Russian lawyer in New York.",false,false,"['false', 'pants-fire']",2,True
"Denies that he said the Obama campaign ""played the race card.""",pants-fire,false,"['false', 'pants-fire']",2,True
"The media ""never show crowds.""",false,false,"['false', 'mostly-false', 'half-true']",3,True
"“In one of the states that determined the outcome” of the 2016 presidential race, “the winning margin averaged out to just two votes per precinct, two votes.”",true,false,"['false', 'true', 'mostly-false', 'half-true', 'mostly-true', 'pants-fire']",6,True
"""Given the results of the primary, the vote of one New Hampshire superdelegate is equal to the votes of about 10,000 grassroots activists.""",mostly-true,false,"['false', 'mostly-false', 'half-true', 'pants-fire']",4,False
King Charles III signed “a proclamation stating that Donald Trump won the 2020 presidential election and is the rightful president by law.”,pants-fire,false,"['false', 'pants-fire']",2,True
"""Austin is the largest city in the U.S. or Texas with no geographic representation"" on its city council.",true,false,"['false', 'true', 'mostly-false', 'half-true', 'mostly-true']",5,True
"“President Biden is the first candidate in history, the first president in history, that has used the federal agencies to censor political speech ... to censor his opponent.""",false,false,"['false', 'mostly-false', 'pants-fire']",3,True
"Detroit has “2,503 dead people registered” including “one voter born in 1823.”",false,false,"['false', 'mostly-false', 'pants-fire']",3,True
"""Every one of the 67 supervisors of elections"" in Florida refused to carry out the effort to remove noncitizens from the voter rolls.",false,false,"['false', 'mostly-false', 'pants-fire', 'half-true']",4,True
The 2020 election results in Pennsylvania “show a statistically impossible pattern” and votes were manufactured for Joe Biden.,false,false,"['false', 'pants-fire']",2,True
"A Texas law requires every high school to have a voter registrar ""and part of their responsibility is to make sure that when children become 18 and become eligible to vote, that they vote.""",half-true,false,"['false', 'mostly-false', 'half-true', 'mostly-true', 'true', 'pants-fire']",6,True
"""We have my opponent Sam Olens to thank for [the Arizona immigration ruling] since he was on the team that got Clinton elected.""",pants-fire,false,"['false', 'mostly-false', 'pants-fire', 'half-true']",4,True
"""Newspapers have framed this election as my fight against the Illinois mafia.""",false,false,"['false', 'mostly-false', 'half-true', 'pants-fire', 'mostly-true']",5,True
"""In Texas, there are 668 Democratic Hispanic elected officials to the 60 in the Republican Party.""",mostly-true,false,"['false', 'true', 'mostly-false', 'half-true', 'mostly-true', 'pants-fire']",6,True
“CCTV captures the moment a Trump voter in (Wisconsin) is assaulted by two Kamala Harris thugs at a voting station.”,pants-fire,false,"['false', 'pants-fire']",2,True
"Says Jeb Bush ""significantly cut early voting prior to the 2008 presidential election.""",mostly-true,false,"['false', 'mostly-false', 'half-true']",3,False
"""This is not the first time (the Russians) have been involved in our elections.""",half-true,false,"['false', 'mostly-false', 'half-true', 'true', 'pants-fire']",5,True
"""Over 240,000 'unverified' ballots have already been sent out in Pennsylvania, a total mess. The Democrats are playing games again.”",false,false,"['false', 'mostly-false', 'pants-fire']",3,True
California S.B. 1174 eliminates the requirement for voter ID at polling places.,mostly-false,false,"['false', 'mostly-false', 'pants-fire']",3,True
"""The governor won this state with 49 percent. We had some of the closest races in the House in history. So you’re not dealing with this 70-30, like they want to make it.""",mostly-true,mostly-true,"['mostly-true', 'true', 'half-true', 'mostly-false', 'false']",5,True
Proposed changes to the Electoral Count act show Pence had the power and “could have overturned the election!”,false,false,"['false', 'mostly-false', 'pants-fire']",3,True
"Says history suggests sports will ""quickly subsume a lot of the attention span of the country"" in the presidential primary.",half-true,false,"['false', 'mostly-false', 'half-true', 'pants-fire']",4,True
"“The president got the highest percentage of minority votes of any Republican candidate for president in over 100 years.""",false,false,"['false', 'mostly-false', 'pants-fire']",3,True
"Tony Evers “wants to let out between 9,000 and 10,000 more” Wisconsin prisoners",false,false,"['false', 'mostly-false', 'pants-fire']",3,True
"""The Koch brothers alone gave twice as much money to Scott Walker as the total amount of money raised by Tom Barrett.""",false,false,"['false', 'mostly-false', 'pants-fire', 'half-true']",4,True
"The typical elementary school teacher pays $7,239 in federal income taxes, and firefighters pay $5,328, while Donald Trump paid $750.",half-true,false,"['false', 'mostly-false', 'half-true', 'pants-fire']",4,True
"Says people who signed recall petitions against Wisconsin state Sen. Jim Holperin received ""harassing phone calls from out-of-state telemarketers claiming to represent the Democratic Party and insinuating foul play by petition circulators.""",true,true,"['true', 'false']",2,True
"Celebrities including Bruce Springsteen, Robert De Niro, Robert Downey Jr., John Legend and Tom Hanks have announced they are leaving the U.S. following the 2024 election.",false,false,"['false', 'pants-fire']",2,True
"Says ""over 1 million signatures"" were submitted in attempt to recall Gov. Scott Walker.",false,false,"['false', 'mostly-false']",2,True
"“Last year, Pennsylvania elected officials passed a whole new law that allows universal mail-in balloting, and did it irregardless of what the Pennsylvania Constitution said.”",mostly-false,false,"['false', 'mostly-false', 'pants-fire']",3,True
"California firefighters decided ""to speak out"" against President Trump because his tweet about the state’s wildfires ""contained so much misinformation.""",true,false,"['false', 'true', 'mostly-true', 'mostly-false', 'half-true', 'pants-fire']",6,True
"""Over 1,000 people were denied a ballot on Election Day"" in the 2016 North Carolina primaries.",half-true,false,"['false', 'mostly-false', 'half-true', 'mostly-true', 'true', 'pants-fire']",6,True
Says Josh Mandel’s campaign is under FBI investigation,false,false,"['false', 'pants-fire']",2,True
"In 2020, Trump “did much better” in the Wisconsin election than 2016, and “after the wrongdoing was found, people said, ‘Well, he actually did win.’”",pants-fire,false,"['false', 'pants-fire']",2,True
"""Absent from the news — Dominion lost their lawsuits against Rudy Giuliani and Sidney Powell.""",false,false,"['false', 'pants-fire']",2,True
"Voting for ""any Democrat"" gets you ""socialism ... undefended open borders ... immediate tax increases ... 100 percent government-run health care ...""",pants-fire,false,"['false', 'mostly-false']",2,False
"Fox News ""said the New Black Panther Party decided the election for Barack Obama.""",false,false,"['false', 'pants-fire', 'mostly-false']",3,True
"""Former Gov. Rick Perry signed a law that a federal court said was actually written with the purpose of discriminating against minority voters.""",mostly-true,false,"['false', 'mostly-false', 'pants-fire']",3,False
"""If you buy, you know, a box of cereal, if you do anything, you have a voter ID. … The only thing you don’t is if you’re a voter of the United States.""",pants-fire,false,"['false', 'pants-fire', 'mostly-false']",3,True
“Georgia and Kansas Capitol buildings have been stormed by protesters.”,false,false,"['false', 'mostly-false', 'pants-fire']",3,True
"""The Trump administration handed out taxpayer dollars to a foreign company. Hundreds of homes and farms were bulldozed, and over $500 million in taxpayer dollars were wasted preparing for Foxconn.""",half-true,false,"['false', 'mostly-false', 'half-true', 'pants-fire', 'mostly-true']",5,True
The law governing the transition of presidential power “doesn’t require there to be an absolute winner. It says the ‘apparent' winner.”,mostly-true,true,"['true', 'mostly-true', 'false']",3,True
"Under federal law, former President Donald Trump’s “felony convictions mean he can no longer possess guns.”",true,true,"['true', 'false']",2,True
"""Roy Moore’s accuser arrested and charged with falsification.""",pants-fire,false,"['false', 'pants-fire']",2,True
"""No one in American history has moved from a June 16 announcement to a May 26 winning of a majority. Trump's achievement is remarkable.""",pants-fire,false,"['false', 'mostly-false', 'pants-fire', 'half-true']",4,True
"""Unfortunately during COVID, the clerks in Madison and Milwaukee told their constituents that they were actually indefinitely confined and did not have to come and vote, which was incorrect.""",mostly-true,false,"['false', 'mostly-false', 'pants-fire', 'half-true', 'true']",5,False
"Group “identifies 12,547 illegal votes” in Georgia's 2020 election results, “exceeds margin of victory in the state.”",false,false,"['false', 'mostly-false']",2,True
Joe Biden or Donald Trump dropped out of the 2024 presidential race as of Feb 15.,false,false,['false'],1,True
"Jennifer Carroll is the ""first African-American Republican woman to be part of a statewide ticket in Florida.""",true,true,['true'],1,True
"""Half of all NC legislative candidates are unopposed because of gerrymandering.""",mostly-true,half-true,"['half-true', 'false', 'mostly-false', 'mostly-true', 'pants-fire']",5,True
The RNC is “a $200 million economic infusion into our communities.”,half-true,false,"['false', 'mostly-false', 'pants-fire']",3,False
The Commission on Presidential Debates wrote a letter after the 2016 presidential debates apologizing to Donald Trump.,false,false,"['false', 'mostly-false', 'pants-fire']",3,True
"Says Paul Manafort ""played a very limited role"" in the Trump presidential campaign.",false,false,"['false', 'mostly-false', 'pants-fire', 'half-true']",4,True
''I have received more contributions than any other candidate in the race – Republican or Democrat.'',false,false,"['false', 'mostly-false']",2,True
"Says Deputy Comptroller Aycha Sawa ""blocked an audit"" of the Milwaukee lead program for three years that ""put our children in danger"" and spurred a criminal investigation.",pants-fire,false,"['false', 'mostly-false', 'pants-fire']",3,True
"Says no one from the Bush family attended the 2012 Republican National Convention and ""there was no President Bush"" at the 2008 convention.",false,false,"['false', 'mostly-false']",2,True
A pro-Kamala Harris website shows she supports a mandatory gun buyback program.,false,false,"['false', 'mostly-false']",2,True
"“Biden lead disappears in NV, AZ, GA, PA.”",false,false,"['false', 'pants-fire']",2,True
“Kari Lake is threatening Social Security and Medicare.”,half-true,false,"['false', 'mostly-false', 'half-true', 'pants-fire']",4,True
The Supreme Court “has decided to take up the Texas case.”,false,false,"['false', 'pants-fire', 'mostly-false']",3,True
"Regarding Trump’s January 2021 telephone call with Georgia election officials, “nobody found anything wrong with that perfect call until a book promotion tour many months later.”",pants-fire,false,"['false', 'pants-fire', 'mostly-false']",3,True
"Says that voter identification laws ""keep poor people from voting, minorities from voting, the elderly from voting, students from voting.""",half-true,false,"['false', 'mostly-false', 'half-true', 'mostly-true', 'pants-fire']",5,True
"""In Springfield (Ohio), they're eating the dogs, the people that came in, they're eating the cats. They're eating, they're eating the pets of the people that live there.”",pants-fire,false,"['false', 'pants-fire']",2,True
"Says recall organizers ""started their website last November"" and began work on their effort before he even took office.",false,false,"['false', 'mostly-false', 'pants-fire', 'half-true']",4,True
"“The Wisconsin voter roll has over 120,000 active voters who have been registered to vote for over 100 years.”",false,false,"['false', 'mostly-false', 'pants-fire']",3,True
"Under HR 1, a person can still vote if they are 16, in the U.S. illegally, have no ID and have not registered to vote",mostly-false,false,"['false', 'mostly-false', 'pants-fire']",3,True
"""Governor Christie also remains the only Governor since World War II, among both Democrats and Republicans, who failed to have his party win control of at least one legislative body over the course of his term.""",false,false,"['false', 'mostly-false', 'half-true', 'pants-fire', 'true']",5,True
Adam Laxalt took “campaign cash” from drug companies “and used his office to block local attempts at holding one of the worst offenders accountable.”,mostly-false,mostly-false,"['mostly-false', 'half-true', 'false', 'mostly-true', 'pants-fire']",5,True
"""Seven Milwaukee wards report more 2020 presidential votes than registered voters.”",pants-fire,false,"['false', 'pants-fire']",2,True
"Gwinnett County, Georgia, sheriff's office said white supremacists “are planning to attack” Black people “from now until the Inauguration.”",pants-fire,false,"['false', 'pants-fire']",2,True
A fake Nancy Pelosi said she won’t seek the speaker position again because the real Pelosi was arrested in 2021.,pants-fire,false,"['false', 'pants-fire']",2,True
"Says ""5 out of 10"" GOP candidates don’t live in North Carolina’s 9th Congressional District.",true,true,"['true', 'false', 'mostly-false', 'half-true', 'mostly-true']",5,True
“NOT A JOKE: Ilhan Omar Tells Residents ‘You Don’t Have to be Registered to Vote’ in Minnesota.”,false,false,"['false', 'mostly-false']",2,True
Says “Hugo Chavez’s family still owns” Dominion Voting Systems.,false,false,"['false', 'pants-fire']",2,True
"Says Jeb Bush ""extended early voting"" after seeing ""long lines.""",mostly-false,mostly-true,"['mostly-true', 'mostly-false', 'half-true', 'false', 'true', 'pants-fire']",6,True
"""FYI: the last statewide recount in WI was in 2016. After that recount, the vote margin changed by only 131 out of the 2.7 million votes cast.""",mostly-true,mostly-true,"['mostly-true', 'false', 'mostly-false', 'half-true', 'true']",5,True
"“Here in Nevada, the DMV registers everybody (to vote) and so that means illegals. They don’t check.”",false,false,"['false', 'pants-fire']",2,True
"""The real electoral map"" shows Donald Trump leading Joe Biden in electoral votes.",false,false,['false'],1,True
"""Putin Interference Could Give Courts Legal Right to Make Hillary President.""",false,false,"['false', 'pants-fire', 'mostly-false']",3,True
"North Carolina is ""in the small minority of states that requires an absentee ballot to be signed by two witnesses or a notary public.""",true,true,"['true', 'false', 'mostly-false', 'half-true']",4,True
"There’s “evidence of a massive transfer of completed, curated ballots” that are fraudulent in the 2022 election.",false,false,"['false', 'pants-fire']",2,True
"CNN coverage has evidence of the “single most egregious, real-time example of electronic vote fraud.”",pants-fire,false,"['false', 'mostly-false', 'pants-fire']",3,True
"""If Trump tries to lie in a TV ad, most networks will refuse to air it. But Facebook just cashes Trump’s checks.""",mostly-false,false,"['false', 'mostly-false', 'pants-fire', 'half-true']",4,True
Says House candidate Jon Hoadley voted to defund the police,false,false,"['false', 'mostly-false']",2,True
"""The president came in and campaigned against me 12 times.""",mostly-false,false,"['false', 'mostly-false', 'pants-fire']",3,True
"Under the Trump administration's trade deal, “China's only fulfilled one-third of the promises of agricultural products that they were supposed to buy from our farmers.”",half-true,false,"['false', 'half-true', 'mostly-false', 'mostly-true', 'pants-fire']",5,True
Says he was endorsed by the Valley News newspaper.,false,false,"['false', 'mostly-false']",2,True
The Freedom to Vote Act is “a sprawling takeover of our whole political system.”,false,false,"['false', 'mostly-false', 'pants-fire', 'half-true']",4,True
"With voting machines, ""They say we're going to have the results in two weeks. With paper ballots, you have the results that night.""",false,false,"['false', 'pants-fire', 'mostly-false']",3,True
"""I didn't say"" it doesn't really matter whether Gore or Bush is president.",mostly-false,false,"['false', 'mostly-false', 'pants-fire']",3,True
"“Nothing has changed in the election code (under SB 7) regarding early voting. Nothing has changed.""",pants-fire,false,"['false', 'mostly-false', 'pants-fire']",3,True
"Says Democratic opponent Tammy Baldwin ""gave stimulus checks to illegals.""",false,false,"['false', 'mostly-false']",2,True
California law lets you “rob a store as long as it’s not more than $950” and “not get charged.” Kamala Harris “did that.”,false,false,"['false', 'mostly-false', 'pants-fire']",3,True
A “dead man on the ballot” is evidence the Democrats cheated in the election.,false,false,"['false', 'mostly-false', 'pants-fire']",3,True
"House Democrats ""have a two-to-one advantage money-wise"" against House Republicans.",mostly-true,true,"['true', 'mostly-true', 'false']",3,True
"""The majority last quarter of Sherrod Brown's campaign contributions came from outside of the state of Ohio.""",false,false,"['false', 'mostly-false', 'pants-fire']",3,True
"“The weapons that Ukraine used in the early days of this war to fend off the Russian invasion are the weapons that Donald Trump sent, that Barack Obama and Joe Biden had refused to send.”",half-true,false,"['false', 'mostly-false', 'pants-fire', 'half-true']",4,True
"In early voting in Miami-Dade County, ""there is a trickle of two or three people a day at a very high cost to keep those public libraries and polls open.""",false,false,"['false', 'mostly-false', 'pants-fire', 'half-true']",4,True
Says Kamala Harris called Joe Biden “a racist” during a Democratic presidential debate.,false,false,"['false', 'mostly-false']",2,True
"""The McCain campaign is roughly in the position where Vice President Gore was running against President Bush one week before the election of 2000.""",false,false,"['false', 'pants-fire']",2,True
"Says U.S. Sen. Ron Johnson, R-Wisconsin, was elected in a ""very low turnout"" race.",half-true,half-true,"['half-true', 'false', 'mostly-true', 'mostly-false']",4,True
"Says his Jan. 6, 2021, speech on the White House Ellipse drew the “same number of people,” as the 1963 March on Washington where  Martin Luther King Jr. gave his “I Have a Dream” speech.",false,false,"['false', 'pants-fire', 'mostly-false']",3,True
"""We’ve had more voter turnout since voter ID was passed than ever before.""",mostly-false,false,"['false', 'mostly-false', 'pants-fire', 'half-true']",4,True
"Sen. Kay Bailey Hutchison's  ""concession speech came with less than 20 percent of the precincts  having been counted.""",mostly-true,mostly-true,"['mostly-true', 'half-true', 'false', 'mostly-false']",4,True
“Breaking: Florida Governor Ron DeSantis says Dominion voting systems will NOT operate in the state of Florida. ”,false,false,"['false', 'pants-fire']",2,True
"“When you look at Wisconsin, in their largest city they normally have roughly 500 polling places. They just had their election a week ago, and they had five. That is ludicrous.”",half-true,false,"['false', 'mostly-false', 'pants-fire']",3,False
“The legislature has long maintained that the law never allowed these illegal drop boxes.”,mostly-false,false,"['false', 'mostly-false', 'half-true', 'pants-fire']",4,True
"""About 70 percent of Republicans nationwide ... don't think Donald Trump is the right guy"" to take on Hillary Clinton in November.",mostly-true,false,"['false', 'mostly-false', 'half-true']",3,False
"Noncitizens in Washington, D.C., “can vote in federal elections.”",false,false,"['false', 'mostly-false', 'pants-fire']",3,True
"Says Tony Thurmond was ""sued by the ACLU"" for leaving students in unsafe conditions.",false,false,"['false', 'mostly-false', 'half-true', 'pants-fire', 'mostly-true']",5,True
"""We won. We won in a landslide. This was a landslide.”",pants-fire,false,['false'],1,False
"Virginia Democrats recently enforced voter ID rules that were ""considerably more stringent than those contained in the state law they denounce.""",half-true,false,"['false', 'mostly-false', 'half-true', 'pants-fire']",4,True
U.S. Senate candidate Mike Rogers “believes he should make that decision” about whether to end pregnancies.,mostly-false,false,"['false', 'mostly-false', 'half-true', 'mostly-true', 'pants-fire']",5,True
Kari Lake’s lawsuit “exposes Arizona used no signature verification.”,false,false,"['false', 'mostly-false', 'pants-fire']",3,True
"""Breaking: four million Democrat votes just declared fraudulent.""",pants-fire,false,"['false', 'pants-fire']",2,True
“Nobody in any election in America gets 74% of the votes. Ever. It doesn’t happen.”,pants-fire,false,"['false', 'mostly-false', 'pants-fire']",3,True
"""The 2008 election was the first election in which voters of color comprised over 25 percent of the electorate, and that number is going up.""",true,true,"['true', 'false']",2,True
"“Ella Emhoff, Kamala’s step-daughter, suffered a mental breakdown … due to the grief from Kamala’s humiliating loss, and was admitted to an in-patient mental health crisis center in NY.”",false,false,"['false', 'pants-fire']",2,True
"""We are coming up on our 40th anniversary of electing a Republican to the United States Senate. 1972 was the last time New Jersey sent a Republican to the United States Senate.""",true,false,"['false', 'mostly-false']",2,False
“We’re putting our great coal miners back to work.”,mostly-false,false,"['false', 'mostly-false', 'pants-fire']",3,True
"""There aren’t enough ballots in question to change the outcome"" of the Harris vs. McCready race in NC Congressional District 9.",mostly-false,false,"['false', 'mostly-false', 'pants-fire', 'half-true']",4,True
"""More than 250 (voter registration) groups, ranging across the entire political spectrum, have filed with the state and are registering voters right now.""",half-true,false,"['false', 'mostly-false', 'mostly-true', 'half-true', 'true']",5,True
The Arizona gubernatorial race was a “fraudulent election.”,pants-fire,false,"['false', 'pants-fire']",2,True
Tim Walz “changed the Minnesota flag so it could resemble the Somalian flag.”,false,false,"['false', 'mostly-false', 'pants-fire']",3,True
"As of Dec. 12, 2023, Geert Wilders was the “new prime minister of the Netherlands.”",false,false,"['false', 'pants-fire']",2,True
"""Busted: Obama is holding secret meetings to overtake the White House""",mostly-false,false,"['false', 'mostly-false']",2,True
Rob Portman won the fewest votes of all Ohio U. S. Senate victors since 2000.,mostly-true,mostly-true,"['mostly-true', 'false', 'mostly-false', 'half-true', 'pants-fire', 'true']",6,True
“Deadlines have passed in … Wisconsin” to replace President Joe Biden on the ballot.,false,false,"['false', 'mostly-false', 'pants-fire']",3,True
"“Joe Biden’s margin of the less than 21,000 votes in Wisconsin was the tightest of any state in 2020.”",false,false,"['false', 'mostly-false']",2,True
"On Nov. 7, 2023, Pennsylvania voting machines were “flipping votes,” which is evidence of “election fraud.”",false,false,"['false', 'mostly-false', 'pants-fire']",3,True
Kamala Harris “supports mandatory gun confiscation.”,mostly-false,false,"['false', 'mostly-false', 'pants-fire']",3,True
"In voting by mail, “hundreds of thousands of ballots have been rejected for defects and millions more end up missing or in landfills.”",mostly-false,false,"['false', 'mostly-false', 'pants-fire', 'half-true']",4,True
"Says a Sanders campaign ad ""never said ... a newspaper endorsed us that did not.""",false,false,"['false', 'mostly-false', 'pants-fire']",3,True
The Michigan attorney general’s race was “stolen in the middle of the night from Matt DePerno.”,pants-fire,false,"['false', 'pants-fire']",2,True
"“Jan. 6 is being used as a pretext to strip millions of Americans, disfavored Americans, of their core constitutional rights.”",pants-fire,false,"['false', 'pants-fire', 'mostly-false']",3,True
"""I think I received more votes in the Democratic primary than any governor in history.""",true,false,"['false', 'mostly-false', 'pants-fire', 'half-true']",4,False
“This is the third time we’ve won but this is the biggest win” in Iowa caucus.,false,false,['false'],1,True
"""Wisconsin is one of several states where you can change your early ballot if you think you've made a mistake.""",true,true,"['true', 'false']",2,True
"""Alabama state police arrest 3 poll workers in Birmingham.""",pants-fire,false,"['false', 'pants-fire']",2,True
"""Before this law, any group could go out anywhere, register voters, sit on the voter registration forms for unlimited amount of time.""",mostly-false,false,"['false', 'mostly-false', 'half-true', 'pants-fire', 'mostly-true']",5,True
"""(John McCain) was even mentioned as a running mate with John Kerry.""",true,true,['true'],1,True
“There are over 1 million phantom voters on the Florida voter rolls.”,pants-fire,false,"['false', 'mostly-false', 'pants-fire']",3,True
"""John Kerry was at 4 percent in the polls in December of 2003...and he ended up becoming the nominee of the party.""",half-true,false,"['false', 'pants-fire']",2,False
"""There hasn’t been a Republican in the legislature or the City Council in Providence in over 30 years.""",mostly-false,false,"['false', 'mostly-false', 'half-true']",3,True
U.S. Sen. Sherrod Brown voted to “allow transgender biological men to compete in girls’ sports.”,false,false,"['false', 'mostly-false', 'pants-fire']",3,True
Rep. Tim Ryan “wanted to decriminalize fentanyl.”,pants-fire,false,"['false', 'mostly-false', 'pants-fire']",3,True
"Says Rebecca Dallet is a ""hypocrite"" because she ""took money from attorneys with over 100 cases before her.""",mostly-false,false,"['false', 'mostly-false', 'half-true']",3,True
"""Seniors will see $500 billion in Medicare cuts to fund Obamacare.""",mostly-false,false,"['false', 'mostly-false', 'pants-fire']",3,True
"Says U.S. Senate candidate Michelle Nunn was ""handpicked"" by President Barack Obama",half-true,false,"['false', 'mostly-false', 'pants-fire', 'half-true']",4,True
"Vice President Kamala Harris responded, “Next question please,” when asked about the economy during an Aug. 29 CNN interview.",pants-fire,false,"['false', 'pants-fire', 'true']",3,True
"We’ve broken ""by millions"" the all-time record for votes in a GOP presidential primary election.",false,false,"['false', 'mostly-false', 'pants-fire']",3,True
A quorum-breaking Texas Democrat said in 2007 that mail-in ballot fraud “is the greatest source of voter fraud in this state.”,true,false,"['false', 'mostly-false', 'pants-fire']",3,False
"Says ""Obama paid FBI informant over $1 million to do it to Trump.""",false,false,"['false', 'pants-fire']",2,True
"""Nazi imagery [was used] by the Block for Governor campaign to describe supporters of Allan Fung for Governor.""",false,false,"['false', 'mostly-false', 'pants-fire', 'half-true']",4,True
"Says Rick Santorum ""voted to let convicted felons vote.""",half-true,false,"['false', 'mostly-false', 'pants-fire', 'half-true', 'true']",5,True
"The 2020 election was “rigged” and Chris Krebs, former Cybersecurity and Infrastructure Security Agency director, “baselessly” dismissed “election malfeasance.”",pants-fire,false,"['false', 'pants-fire', 'mostly-false']",3,True
"The Republican National Convention ""is a Super Bowl times four.""",false,false,"['false', 'mostly-false', 'pants-fire', 'true']",4,True
“Twitter is completely stifling FREE SPEECH” by adding a fact-check label to Trump’s tweet.,pants-fire,false,"['false', 'mostly-false', 'pants-fire', 'half-true']",4,True
The Electronic Registration Information Center is “a system that’s funded by George Soros.”,false,false,"['false', 'mostly-false']",2,True
"“If you just count all the deaths in the red states, we are number two in the world in deaths, just behind Brazil.”",mostly-true,mostly-true,"['mostly-true', 'half-true', 'false', 'true', 'mostly-false']",5,True
"“Now that it’s even, Nevada decides to stop counting and is now not going to count anything until TOMORROW! What?!”",false,false,"['false', 'pants-fire', 'mostly-false']",3,True
“Wisconsin found 112k votes at 3am.”,false,false,"['false', 'mostly-false']",2,True
"“Feds Seize 19,888 Fake State Driver Licenses (Made in China) in Chicago O'Hare Airport - ALL Registered to Vote -- ALL Demorats!”",false,false,"['false', 'mostly-false', 'pants-fire']",3,True
"""For the first time in history, the share of the national popular vote margin is smaller than the Latino vote margin.""",mostly-true,false,"['false', 'mostly-false', 'half-true', 'mostly-true', 'true']",5,True
No openly gay man has ever been elected to the Georgia Legislature.,true,false,"['false', 'mostly-false', 'pants-fire', 'true']",4,True
"""Going to public financing really disadvantages Democrats because you're not able to raise funds between the day you win the primaries and the time you're officially nominated.""",half-true,half-true,"['half-true', 'mostly-true', 'false']",3,True
Says Joe Biden stuck a gun in an elderly woman’s mouth at a Wisconsin rally,pants-fire,false,['false'],1,False
"California Gov. Gavin Newsom “just let 76,000 inmates out of jail.""",false,false,"['false', 'mostly-false']",2,True
Democrats “are trying to ban voter ID.”,mostly-false,false,"['false', 'mostly-false', 'pants-fire']",3,True
“At John Lewis funeral Obama told a room full of people that rooms full of people is too dangerous so we must mail in vote.”,false,false,"['false', 'pants-fire', 'mostly-false']",3,True
Says “Joe Biden is absolutely on board with defunding the police.”,false,false,"['false', 'mostly-false', 'pants-fire']",3,True
“Jaime Harrison is being left off of South Carolina ballots”,false,false,"['false', 'mostly-false', 'pants-fire', 'half-true']",4,True
"Says President Barack Obama carried Congressional District 13 ""by 8.2 points in 2008 and 5.6 points in 2012.""",false,false,"['false', 'mostly-false']",2,True
"During the 2020 Minnesota riots after George Floyd’s murder, Gov. Tim Walz didn’t call in the National Guard, “so, I sent in the National Guard to save Minneapolis.”",false,false,"['false', 'mostly-false', 'pants-fire', 'half-true']",4,True
Says he was the first local official to endorse Barack Obama,mostly-false,false,"['false', 'mostly-false', 'half-true', 'pants-fire']",4,True
"""Second Roy Moore Accuser Works For Michelle Obama Right NOW""",pants-fire,false,"['false', 'pants-fire']",2,True
"Says at polling places in Texas on Super Tuesday “the Republican side gets 25 machines, the Democratic side gets 5 machines. People were literally standing in line for seven hours.”",mostly-false,false,"['false', 'mostly-false', 'half-true', 'pants-fire']",4,True
Suggests that an immigrant charged with sexually assaulting a child entered the U.S. illegally during the Biden administration.,false,false,"['false', 'pants-fire', 'mostly-false']",3,True
"The last time Republican U.S. Senate candidates ""beat more than two (incumbents) was 1980.""",true,false,"['false', 'mostly-false', 'true']",3,True
"“This month alone, more than 16,000 non-citizens have been removed from the voter rolls in 3 states.”",half-true,false,"['false', 'mostly-false', 'half-true', 'pants-fire', 'mostly-true']",5,True
"“Anything that you lose on the tariff from the perspective of the consumer, you gain in higher wages, so you're ultimately much better off.”",false,false,"['false', 'mostly-false', 'pants-fire']",3,True
Michigan has “more registered voters than eligible citizens. This creates a huge risk of election fraud.”,false,false,"['false', 'mostly-false', 'pants-fire']",3,True
"""Ukraine blatantly interfered in our election.""",false,false,"['false', 'pants-fire', 'mostly-false']",3,True
Facebook tried to “shut down” the campaign to recall California Gov. Gavin Newsom.,false,false,"['false', 'mostly-false', 'pants-fire']",3,True
Jacky Rosen “said ending taxes on tips would ‘hurt working Nevada families.’”,false,false,"['false', 'mostly-false', 'half-true', 'mostly-true', 'pants-fire', 'true']",6,True
Says Gerald Daugherty is endorsed by the Austin American-Statesman.,false,false,"['false', 'mostly-false']",2,True
"An effort to repeal voting-reform legislation would be ""the first time in Ohio history where a bill has been passed to stop a referendum.""",true,true,"['true', 'false', 'mostly-false', 'mostly-true']",4,True
"Under Wisconsin law, ""anyone who knows anything about a John Doe"" secret criminal investigation ""can't talk about it.""",half-true,half-true,"['half-true', 'false', 'mostly-true']",3,True
“No other country” is having a “second wave” of COVID-19 “because they are not trying to unseat a President in November.”,false,false,"['false', 'mostly-false', 'pants-fire']",3,True
“More fraud in New Jersey’s election uncovered – voting machines would not allow citizens to vote for Republican governor candidate.”,mostly-false,false,"['false', 'mostly-false', 'pants-fire']",3,True
"“Gina Haspel, CIA head is dead!”",pants-fire,false,"['false', 'pants-fire']",2,True
"Says Newt Gingrich said ""Spanish is the language of the ghetto.""",mostly-true,false,"['false', 'mostly-false', 'pants-fire']",3,False
"""In Florida, when Jeb Bush was governor, state authorities conducted a deeply flawed purge of voters before the presidential election in 2000"" and ""in 2004 a plan to purge even more voters was headed off.""",mostly-true,false,"['false', 'mostly-false', 'half-true', 'pants-fire', 'mostly-true']",5,True
"Arizona Secretary of State Katie Hobbs “sent 6,000 wrong ballots to Republicans.”",false,false,"['false', 'mostly-false']",2,True
"""In its current state, this bill is the most restrictive voter ID legislation in the nation.""",true,true,['true'],1,True
Church bells rang in Paris and fireworks were set off in London to celebrate Joe Biden’s presidential win.,false,false,"['false', 'pants-fire']",2,True
"Goldman Sachs was Barack Obama's ""No. 1 private contributor.""",true,true,"['true', 'false']",2,True
"Brazil President Jair Bolsonaro will hold a press conference to “announce military audit of controversial election, may arrest criminal judges.”",false,false,"['false', 'mostly-false', 'pants-fire']",3,True
"Challenger Tim Tuggey ""is a lobbyist who donated over $41,000 to Democrats who support abortion and same-sex marriage.""",mostly-false,false,"['false', 'mostly-false', 'half-true', 'mostly-true']",4,True
"“It’s not that there is no evidence the election was stolen, but that no court had the guts to HEAR the evidence. They dismissed the cases, NOT the evidence.”",false,false,"['false', 'mostly-false', 'pants-fire', 'half-true']",4,True
Says ballots in Wisconsin “are being dumped in rivers” or creeks.,false,false,"['false', 'mostly-false', 'pants-fire']",3,True
Suggests that “since mostly Democrats vote early” then that represents “made-up ballots or dead people voting.”,false,false,"['false', 'mostly-false']",2,True
"U.S. Sen. Jon Tester “voted to give taxpayer-funded health care to illegal immigrants.""",false,false,"['false', 'mostly-false']",2,True
ABC News fired presidential debate moderators David Muir and Linsey Davis.,pants-fire,false,"['false', 'pants-fire']",2,True
"In Glynn County, Georgia, it was 'voter fraud' when poll workers found no record of a person who already voted.",false,false,"['false', 'pants-fire']",2,True
"A Florida elections bill “guts everything” “instead of getting tough, and doing what the people want (same day voting, Voter ID, proof of Citizenship, paper ballots, hand count, etc.).”",false,false,"['false', 'mostly-false', 'pants-fire', 'half-true']",4,True
"Of Bernie Moreno, “Now, he’s arguing for a national abortion ban, no exceptions.”",half-true,false,"['false', 'mostly-false', 'half-true', 'pants-fire']",4,True
"The new 21st State Senate district was ""created in secret for Van Wanggaard. It was drawn within half a block of his house.""",true,true,['true'],1,True
"“This trial that I have now, that’s a Biden trial.”",false,false,"['false', 'pants-fire', 'mostly-false']",3,True
"""Our welfare system now consumes 42 percent of our budget.""",half-true,false,"['false', 'mostly-false', 'half-true']",3,True
"""Donald Trump performed better than any presidential nominee since Gerald Ford.""",false,false,"['false', 'mostly-false', 'half-true', 'pants-fire', 'mostly-true']",5,True
"Democrat ""Russ Feingold announced his Wisconsin Senate run today from…California.""",pants-fire,false,"['false', 'pants-fire', 'true', 'mostly-false']",4,True
"In New York City “local elections, illegal immigrants can vote.”",false,false,"['false', 'mostly-false']",2,True
"The 2020 election could not have been fair because “Los Angeles County agreed, during litigation, that there were 1.2 million ineligible voters after the election.”",false,false,"['false', 'pants-fire', 'mostly-false']",3,True
"""It is senior citizens, not Hispanics, who are the fastest-growing demographic in this country.""",mostly-false,false,"['false', 'mostly-false', 'pants-fire', 'half-true']",4,True
Says former President Donald Trump did not lose the 2020 election.,pants-fire,false,['false'],1,False
"""There are hit squads being trained all over this country” to violently oppose a second term for President Donald Trump.",false,false,"['false', 'pants-fire', 'mostly-false']",3,True
"""We had a massive landslide victory, as you know, in the Electoral College.""",false,false,"['false', 'mostly-false', 'pants-fire']",3,True
"“Clerks in Milwaukee and Dane Counties colluded to (add) nearly 250,000 individuals to the ‘Indefinitely Confined’ voter list.”",false,false,"['false', 'mostly-false', 'pants-fire']",3,True
Says Joe Biden stays in his basement.,false,false,"['false', 'mostly-false', 'pants-fire']",3,True
Second lady Usha Vance “will have her citizenship revoked if (President Donald) Trump signs his executive order banning birthright citizenship.”,false,false,"['false', 'mostly-false']",2,True
"Rob Portman has taken more than $125,000 from ""Big Oil.""",mostly-true,false,"['false', 'mostly-true', 'true', 'half-true', 'mostly-false']",5,True
Says Georgia “has more day-of voting rights than Colorado.”,mostly-false,false,"['false', 'mostly-false']",2,True
"Says Hillary Clinton ""shows up in Broward County"" and had a private meeting with elections supervisor Brenda Snipes.",pants-fire,false,"['false', 'pants-fire']",2,True
"Says he ""won the popular vote if you deduct the millions of people who voted illegally.""",pants-fire,false,"['false', 'pants-fire']",2,True
"Says SJR 11 ""seeks to fix what is very quickly becoming a problem in Missouri — initiative petitions and referendums are being filed at record highs.""",mostly-true,true,"['true', 'false']",2,False
"""I sponsored the amendment that expanded the hours of early voting so that people who have irregular work schedules could vote.""",half-true,false,"['false', 'mostly-false', 'half-true', 'true', 'pants-fire', 'mostly-true']",6,True
"Democrats give ""Newports to the homeless to get them to the polls.""",half-true,false,"['false', 'pants-fire', 'mostly-false']",3,False
"Of the approximately 6 million disenfranchised felons in the United States, ""one-quarter are Floridians.""",mostly-true,false,"['false', 'true', 'mostly-false', 'half-true', 'mostly-true', 'pants-fire']",6,True
"""The polling shows over and over again that, unlike Donald Trump, that with me as the nominee, we beat Hillary Clinton.""",mostly-false,false,"['false', 'mostly-false', 'pants-fire']",3,True
"""Two elections in a row (Waukesha County Clerk Kathy Nickolaus) has screwed up counting the vote""",pants-fire,false,"['false', 'pants-fire', 'mostly-false']",3,True
"""Fact: Hillary Clinton received 80% of the vote in Pittsburgh.""",mostly-true,false,"['false', 'mostly-false']",2,False
Says Biden “didn’t win in Arizona. He lost in Arizona based on the forensic audit.”,pants-fire,false,"['false', 'mostly-false']",2,False
Wisconsin elections administrator Meagan Wolfe “permitted the ‘Zuckerbucks’ influence money.”,pants-fire,false,"['false', 'pants-fire']",2,True
"Austin’s Stop Abuse for Everyone has seen in its offices ""sexual assault survivors that report being attacked by their ridesharing drivers, at a rate of one per month.""",half-true,false,"['false', 'mostly-false', 'half-true', 'pants-fire', 'mostly-true']",5,True
"After being shot at a Milwaukee rally in 1912, former President Teddy Roosevelt “finished his speech and he kept fighting.”",mostly-true,false,"['false', 'mostly-false', 'pants-fire']",3,False
"""Chris Christie has led New Jersey to a record-breaking 9 credit downgrades.""",mostly-true,false,"['false', 'true']",2,False
NFL’s Philadelphia Eagles endorsed Kamala Harris for president.,false,false,"['false', 'pants-fire']",2,True
“Dave McCormick is fully against abortion.”,mostly-false,false,"['false', 'mostly-false', 'half-true', 'pants-fire']",4,True
"Broward County was one of three counties in the nation ""pivotal to an Obama victory"" in 2012.",mostly-false,false,"['false', 'mostly-false', 'half-true', 'pants-fire', 'mostly-true']",5,True
"Says Republican U.S. Senate candidate Eric Hovde claims he ""understands the tragedy of children being trafficked through Central America because he owns three homes there.""",mostly-false,false,"['false', 'mostly-true', 'half-true', 'true', 'mostly-false', 'pants-fire']",6,True
"“They call” Jan. 6 “an insurrection,” but “were FBI agents used as political agitators?""",false,false,"['false', 'pants-fire']",2,True
“I am not banning fracking.”,mostly-true,true,"['true', 'false', 'half-true', 'mostly-false', 'mostly-true']",5,True
"In Florida, ""the number of voters who now register as ‘other’ has grown by a million in the last 10 years. Compare that with the Democrats, who only grew by 300,000 and the Republicans who grew by just 200,000.""",mostly-true,mostly-true,"['mostly-true', 'true', 'half-true', 'false', 'mostly-false']",5,True
"""Well, I got 52% (of women voters). And I will tell you — in my opinion I might have won women. ... Hey, Hillary Clinton focused on women, and I did phenomenally well.""",mostly-false,false,"['false', 'mostly-false', 'half-true']",3,True
Vice President Kamala Harris “was born in Canada.”,pants-fire,false,"['false', 'pants-fire']",2,True
"""UPDATE: ‘Thousands’ voted for Doug Jones in Alabama town with population of 2,256""",pants-fire,false,"['false', 'pants-fire']",2,True
"""Municipalities are now required to have two or more polling locations opened 24-hours a day, two weeks before any election.""",false,false,"['false', 'mostly-false', 'pants-fire']",3,True
Kamala Harris “is not eligible to hold the office of president” because her parents were non-citizens.,pants-fire,false,['false'],1,False
"""The White House fully cooperated with the Special Counsel’s investigation.""",false,false,"['false', 'mostly-false', 'pants-fire']",3,True
"""Washington, D.C., now has greater population than Wyoming and Vermont, more active duty military than 29 states, more tax revenue than 29 states (and) a larger domestic product than 27 states.""",half-true,true,"['true', 'false', 'mostly-true', 'half-true', 'mostly-false']",5,True
"In Wisconsin, unions can essentially give ""unlimited"" contributions to political parties, but business can't give any.",mostly-true,false,"['false', 'mostly-true', 'mostly-false', 'half-true', 'true']",5,True
Says there were over 600 reports of Texas votes for Donald Trump in the state’s 2016 Republican primary virtually all getting tallied for Marco Rubio.,pants-fire,false,"['false', 'mostly-false', 'pants-fire', 'half-true']",4,True
Says the election results are suspicious because opponent U.S. Sen. Baldwin won “nearly 90%” of absentee ballots in Milwaukee.,false,false,"['false', 'mostly-false', 'pants-fire']",3,True
"Says ""Brenda Snipes in Broward County is a Republican.""",false,false,"['false', 'pants-fire', 'mostly-false']",3,True
Says his Texas election fraud investigations have resulted in 50 convictions.,half-true,false,"['false', 'mostly-false', 'half-true', 'true', 'mostly-true']",5,True
"The primary election results show Democrats are strong in Kentucky  because the Democratic candidates ""both got more votes than Rand Paul  did.""",half-true,half-true,"['half-true', 'mostly-true', 'false', 'mostly-false']",4,True
"“Two years ago, Bob Casey promised us his vote will reduce inflation. ... Casey’s vote for reckless spending” made inflation worse.",mostly-false,false,"['false', 'mostly-false', 'pants-fire']",3,True
"Ballot harvesting “altered the outcome” of a city council election in Yuma County, Arizona.",false,false,"['false', 'mostly-false']",2,True
“Pennsylvania and Michigan didn’t allow our poll watchers and/or vote observers to watch or observe.”,pants-fire,false,"['false', 'pants-fire', 'mostly-false']",3,True
"""Taylor Swift unexpectedly lost a $125 million brand contract after a massive advertising campaign” endorsing Vice President Kamala Harris.",false,false,"['false', 'pants-fire']",2,True
"“You know how many convicted felons Scott Walker let out during his eight years early on parole? Zero. Tony Evers is approaching 1,000 of these that he’s let out early.""",pants-fire,false,"['false', 'mostly-false', 'pants-fire']",3,True
"Says Doug Jones ""is for full-term abortion.""",false,false,"['false', 'mostly-false', 'pants-fire', 'half-true']",4,True
“Breaking: Judiciary Democrats just voted to support non-citizens voting in our elections.”,false,false,"['false', 'mostly-false', 'pants-fire']",3,True
"""Legally, it doesn't make any difference"" which state district you live in when running for Congress.",true,true,['true'],1,True
Georgia ranks 49th for women serving in elected state and federal offices.,true,true,['true'],1,True
"Says in his three election campaigns, the early polls were ""wildly incorrect, all three times.""",mostly-true,false,"['false', 'mostly-false', 'half-true', 'pants-fire', 'mostly-true']",5,True
"Social media posts claim the U.S. Postal Service “says you should give mail in ballots at least 14 days roundtrip. So, if you plan to vote by mail, election day isn’t November 3. It’s October 20th.”",half-true,false,"['false', 'half-true', 'mostly-true', 'mostly-false', 'true']",5,True
"“JD Vance actually sent a letter last year to the Department of Justice saying, ‘enforce the Comstock Act.’”",true,false,"['false', 'true', 'mostly-false', 'half-true', 'mostly-true']",5,True
"Says Donald Trump is ""the first person running for president, Republican or Democrat, who refused to say that he would respect the results of this election.""",mostly-true,false,"['false', 'mostly-false', 'true', 'pants-fire', 'half-true']",5,False
"""In this last election in November, ... 63 percent of the American people chose not to vote, ... 80 percent of young people, (and) 75 percent of low-income workers chose not to vote.""",half-true,false,"['false', 'mostly-false', 'half-true', 'mostly-true', 'pants-fire']",5,True
"Says Ohio Gov. John Kasich is ""very unpopular.""",false,false,"['false', 'mostly-false', 'half-true', 'mostly-true', 'true', 'pants-fire']",6,True
A spy plane was circling the building of the Arizona election audit.,pants-fire,false,"['false', 'pants-fire']",2,True
Maxine Waters told her followers on X not to follow Omar Navarro because he is a “Hispanic Republican.”,pants-fire,false,['false'],1,False
"""There are ‘sore loser’ laws that would bar Luther Strange from pursuing a seat"" because he already lost the Alabama Republican Senate runoff to Roy Moore.",false,false,"['false', 'mostly-false', 'half-true', 'true', 'mostly-true', 'pants-fire']",6,True
"""Right now, I’m polling at about 8 percent"" against Barack Obama and Mitt Romney.",mostly-false,false,"['false', 'mostly-false', 'half-true', 'mostly-true']",4,True
“Under (the Biden) administration we have witnessed the fastest growth of Black-owned small businesses in more than 30 years.”,true,true,['true'],1,True
"“We indicted someone in Texas, 1,700 ballots collected from people who could vote, he made them out and voted for the person he wanted to.”",false,false,"['false', 'mostly-false', 'pants-fire']",3,True
Says the American Civil Liberties Union opposes H.R. 1 on grounds that “it threatens our freedom of speech.”,half-true,false,"['false', 'mostly-false', 'half-true', 'pants-fire']",4,True
"""In 2020, more people voted in America than ever in the history of America, in the middle of a once-in-a-century pandemic.""",mostly-true,false,"['false', 'mostly-false', 'half-true', 'pants-fire']",4,False
“Republicans want to raise the voting to age 28.”,false,false,"['false', 'mostly-false', 'pants-fire']",3,True
"""In Chesterfield (Va.), the Southside precinct is infamous for having over 100% of the vote count…”",pants-fire,false,"['false', 'pants-fire', 'mostly-false']",3,True
“Sam Brown publicly supported forcing massive cuts to Social Security and Medicare and was caught on tape saying he admires the plan to phase out Social Security and Medicare in five years.”,mostly-false,false,"['false', 'mostly-false', 'pants-fire', 'half-true', 'mostly-true']",5,True
"In 2008, ""33.2 percent of those who voted early on the last Sunday before Election Day were African-American, while 23.6 percent were Hispanic.""",true,true,"['true', 'false', 'mostly-false', 'mostly-true', 'half-true']",5,True
"""I have tremendous support from women.""",false,false,"['false', 'mostly-false']",2,True
"In rural Virginia, ""Sen. Warner ran 8-10 points ahead of a traditional Democrat -- ahead of Senator Kaine, ahead of Governor McAuliffe.""",false,false,"['false', 'half-true', 'mostly-false', 'mostly-true', 'true', 'pants-fire']",6,True
"""I'm not taking any corporate PAC money.""",half-true,true,"['true', 'false', 'mostly-false', 'half-true', 'mostly-true']",5,True
Kash Patel posted on X that “the FBI is gay.”,false,false,"['false', 'pants-fire']",2,True
"""Voter FRAUD exposed in Georgia. Over 2600 votes 'FOUND.'""",mostly-false,false,"['false', 'mostly-false', 'half-true']",3,True
Says more Austinites voted in the city’s 1973 election featuring a mayor’s race than in the city’s most recent mayoral election.,true,false,"['false', 'pants-fire', 'mostly-false', 'true']",4,True
"""After filing a lawsuit in Rhode Island, we reached an agreement with state agencies that resulted in more voters being registered in the first full month after our lawsuit than in the entire previous two-year reporting period.""",true,true,"['true', 'false', 'mostly-true', 'half-true', 'mostly-false']",5,True
"Says J.D. Vance said, “People who voted for Trump voted for him for racist reasons.”",false,false,"['false', 'mostly-false', 'pants-fire', 'half-true']",4,True
"""Mostly Democrat states refused to hand over data"" that could show election fraud.",half-true,false,"['false', 'mostly-false', 'pants-fire', 'half-true']",4,True
A Social Security Administration database shows “how many people each of the 43 states are registering to vote who DO NOT HAVE IDs.”,false,false,"['false', 'pants-fire']",2,True
"In 1928 ""school boards sent home letters with children saying that if Al Smith is elected president, you will not be allowed to have or read a Bible.""",half-true,false,"['false', 'mostly-false', 'pants-fire']",3,False
Pens provided by Maricopa County are part of a plot to rig the Arizona primary.,false,false,"['false', 'mostly-false']",2,True
"States ""haven't even begun to spend the (election security) money they have now.""",mostly-false,false,"['false', 'mostly-false', 'half-true', 'mostly-true', 'true', 'pants-fire']",6,True
Kamala Harris has adopted the Nazi-rooted phrase “Strength Through Joy” as her campaign slogan.,false,false,"['false', 'pants-fire']",2,True
"Voter ID ""is supported, if you look at any poll, by 70 to 80% of the public.""",true,true,"['true', 'mostly-true', 'false', 'half-true', 'mostly-false']",5,True
Says the logo of a porn website appeared during a CNN broadcast.,false,false,['false'],1,True
"As attorney general, Catherine Cortez Masto “opposed tougher laws on methamphetamine dealers.”",mostly-false,false,"['false', 'mostly-false', 'pants-fire', 'half-true']",4,True
Pennsylvania drop boxes were “pre-loaded” with ballots.,half-true,false,"['false', 'mostly-false']",2,False
"“Congo, Africa, just released a lot of people, a lot of people from their prisons and jails and brought them into the United States of America.”",pants-fire,false,"['false', 'pants-fire', 'mostly-false']",3,True
"“118-year-old William Bradley voted via an absentee ballot in Wayne County, Michigan this year. William died in 1984. They’re trying to steal this election.”",false,false,"['false', 'pants-fire', 'mostly-false']",3,True
"""The latest with the Durham report is that the Clinton campaign … actually spied on the president of the United States.”",false,false,"['false', 'mostly-false', 'pants-fire']",3,True
"Kamala Harris “returned” a $5,000 donation Donald Trump made to her campaign in 2011.",false,false,"['false', 'mostly-false', 'pants-fire']",3,True
"If Joe Biden can’t serve his full term, Kamala Harris “cannot by constitutional law become president.”",false,false,"['false', 'true']",2,True
"“The revelation of massive & widespread fraud & deception” in the 2020 election “allows for the termination of all rules, regulations, and articles, even those found in the Constitution.”",pants-fire,false,"['false', 'pants-fire']",2,True
"“In a majority of states, new voters are able to obtain a rifle quicker than they’re able to cast their first ballot.”",mostly-true,false,"['false', 'mostly-false', 'pants-fire']",3,False
"Cher ""is moving to Canada because of President Trump.""",false,false,"['false', 'pants-fire']",2,True
Ted Cruz is in negotiations to be Donald Trump’s running mate.,false,false,"['false', 'pants-fire', 'mostly-false']",3,True
Vice Presidential nominee Tim Walz “says that if Democrats win they’ll make (U.S. Rep. Alexandria Ocasio-Cortez) speaker of the house.”,false,false,"['false', 'mostly-false', 'pants-fire']",3,True
"Four Florida counties had “zero results” Oct. 26, and “something underhanded might be happening.”",false,false,"['false', 'mostly-false', 'pants-fire']",3,True
"John McCain ""said publicly that Hillary Clinton would make a good president.""",true,true,['true'],1,True
U.S. Sen. Sherrod Brown “supported allowing puberty blockers and sex-change surgeries for minor children.”,mostly-false,false,"['false', 'mostly-false', 'half-true', 'pants-fire']",4,True
“Rep. Dean Phillips received almost twice as many votes as Biden did in the New Hampshire primary.”,pants-fire,false,['false'],1,False
"""Abolishing the Electoral College would make Los Angeles County stronger than 43 states.""",false,false,"['false', 'mostly-false', 'pants-fire']",3,True
"Says the recall elections that aimed to remove him and other Republican officials from office ""cost tens of millions of dollars to run.""",mostly-false,false,"['false', 'mostly-false', 'half-true', 'mostly-true']",4,True
"Public employees receive ""something like 25 percent of the paychecks that are issued in Rhode Island.""",false,false,"['false', 'mostly-false', 'pants-fire']",3,True
"The COVID-19 vaccine for children is proving to be “not only ineffective, it’s also proving to be dangerous.”",false,false,"['false', 'mostly-false', 'pants-fire']",3,True
"Kamala Harris said, “Today we celebrate the Olympics. Because Olympians are Olympic.”",pants-fire,false,"['false', 'pants-fire']",2,True
Mail-in voting requires no signature verification.,false,false,"['false', 'mostly-false']",2,True
"""Ohio is not meeting its obligation to update voter registrations when voters change their address with the BMV.""",true,true,['true'],1,True
"""Joe Biden forced the U.S. Attorney for the Eastern District of North Carolina to resign after 24 people were charged with election fraud and the Mainstream Media never even batted an eyelash.""",mostly-false,false,"['false', 'mostly-false', 'pants-fire']",3,True
Graph shows Gretchen Whitmer stole the Michigan gubernatorial election.,pants-fire,false,"['false', 'pants-fire']",2,True
"“If you vote by mail, your personal information will be part of a public database that will be used by police departments to track down old warrants and be used by credit card companies to collect outstanding debt. The CDC is even pushing to use records for mail-in voting to track people for mandatory vaccines.”",pants-fire,false,"['false', 'pants-fire']",2,True
"Kamala Harris’ campaign paid Oprah $1 million, Megan Thee Stallion $5 million, and Eminem $1.8 million.",mostly-false,false,"['false', 'mostly-false', 'mostly-true', 'half-true']",4,True
“The New York City ballot form is a scam” because “mayoral candidates appear twice.”,false,false,"['false', 'mostly-false', 'pants-fire']",3,True
"""Breaking: Voters in Tarrant County, Texas are reporting that the voting machines are flipping their votes from Trump to Kamala Harris.""",pants-fire,false,"['false', 'pants-fire']",2,True
"""President Obama came to Ohio 12 times to try to defeat me and guess what? He didn't win.""",mostly-false,false,"['false', 'mostly-false', 'pants-fire']",3,True
"""Mark Harris worked to stop Trump from being president.""",mostly-false,false,"['false', 'mostly-false', 'pants-fire', 'half-true']",4,True
Says he can be on the ballot for Congress while serving time in jail.,mostly-true,true,"['true', 'false', 'mostly-false', 'half-true']",4,False
"""We win when voter turnout is high, we lose when it is low.""",mostly-false,false,"['false', 'mostly-false', 'half-true', 'mostly-true', 'pants-fire']",5,True
"""Mike Pence endorsed Kamala Harris.”",false,false,"['false', 'pants-fire']",2,True
"Says in regard to providing ""more tax cuts for the rich,"" Bill Pascrell said, ""Republicans had great ideas. I liked some of their ideas.""",pants-fire,false,['false'],1,False
Says Dominion Voting System flipped votes to Joe Biden in states where Trump is bringing legal challenges.,pants-fire,false,"['false', 'mostly-false', 'pants-fire']",3,True
"""California sends 440,000 ballots to ineligible voters.""",false,false,"['false', 'mostly-false', 'pants-fire']",3,True
"""The person in charge of the Hillary investigation, Andrew McCabe, got $700,000 from (Hillary Clinton) for wife!""",mostly-false,false,"['false', 'pants-fire']",2,False
"Says Donald Trump ""spent the least amount of money of any of the competitive primary contenders that he beat so badly.""",mostly-true,false,"['false', 'mostly-false', 'half-true', 'pants-fire', 'mostly-true']",5,True
"""I’ve been through four campaigns and have not done any negative campaigning.""",mostly-true,mostly-true,"['mostly-true', 'half-true', 'true', 'false']",4,True
Says opponent Eric Hovde “supports a $4 trillion tax plan that would disproportionately advantage the well-off and profitable corporations”,mostly-true,false,"['false', 'mostly-false', 'true', 'half-true']",4,False
“Kamala Harris said she will shut down X if elected.”,false,false,"['false', 'pants-fire']",2,True
"Says the person who Florida U.S. Rep. Allen West first hired as chief of staff told people attending a Tea Party rally that, 'We will use bullets if ballots don't work.'",true,false,"['false', 'true']",2,True
"“[Steve] Bullock’s health care plan will force rural hospitals to close. Medicare as we know it will change, replaced by a government-run program with fewer doctors and longer wait times.”",false,false,"['false', 'mostly-false', 'pants-fire', 'half-true']",4,True
"The NRA is ""one of the biggest lobbyists here in the capital. They spend a ton of money during elections. …  they spent more than a million dollars here in Wisconsin on the 2018 elections. Most of that was for Walker, or more specifically against Evers.""",half-true,mostly-true,"['mostly-true', 'half-true', 'true', 'false', 'mostly-false', 'pants-fire']",6,True
"“ABC lost $27M in ad revenue after advertisers pulled ads from the network after the way they hosted the debate"" on Sept. 10.",pants-fire,false,"['false', 'pants-fire']",2,True
Valid IDs are not required for voting.,mostly-false,false,"['false', 'mostly-false', 'pants-fire']",3,True
"Says that in the 2020 presidential election in Maricopa County, Ariz., ""74,243 mail-in ballots were counted with 'no clear record of them being sent.'""",false,false,"['false', 'mostly-false', 'pants-fire']",3,True
"Says Wisconsin Gov. Scott Walker ""is denying Democrats the right to vote.""",pants-fire,false,"['false', 'pants-fire', 'mostly-false']",3,True
"""Underreported fact: President @realDonaldTrump raised more in small dollar donations than Obama in 2012 and than Clinton and Bernie combined!""",mostly-true,false,"['false', 'true', 'mostly-false', 'half-true', 'pants-fire', 'mostly-true']",6,True
Arizona “could decertify” the 2020 presidential election,pants-fire,false,"['false', 'pants-fire']",2,True
"""There have been 30 published polls in this election cycle and Harry Reid's been trailing in every single one.""",false,false,"['false', 'mostly-false', 'pants-fire']",3,True
