statement,true_verdict,predicted_verdict,prediction_set,set_size,is_covered
"""We haven't yet taken out a negative ad.""",pants-fire,false,"['false', 'pants-fire']",2,True
"Women are ""disproportionately impacted by voter ID laws — especially married women who change their names, or those whose IDs do not accurately reflect their gender.""",mostly-true,true,"['true', 'mostly-true', 'half-true', 'false', 'mostly-false']",5,True
Says Bill White is refusing to debate.,pants-fire,false,"['false', 'pants-fire']",2,True
"""Every single day in this country, 1,000 people are deported and the vast majority of those people that are deported aren't criminals.""",half-true,false,"['false', 'mostly-false', 'half-true', 'pants-fire']",4,True
Proof of citizenship isn't necessary before you register to vote in Florida.,mostly-false,false,"['false', 'mostly-false', 'pants-fire']",3,True
"“We’ve had 12 elections in 24 years in Wisconsin that have been decided by less than 30,000 votes.”",true,false,"['false', 'true', 'mostly-false', 'half-true', 'mostly-true', 'pants-fire']",6,True
"""(John McCain) was even mentioned as a running mate with John Kerry.""",true,true,['true'],1,True
"Says Holly Turner ""failed to vote in five straight Republican primaries.""",true,true,"['true', 'false']",2,True
"Says J.D. Vance said, “People who voted for Trump voted for him for racist reasons.”",false,false,"['false', 'mostly-false', 'pants-fire']",3,True
Project 2025 would “cut” the Federal Emergency Management Agency and “kill federal-backed flood insurance.”,true,false,"['false', 'mostly-false', 'pants-fire', 'half-true']",4,False
“Netflix stock tumbles almost 40%” after the company donated to Kamala Harris’ campaign.,false,false,['false'],1,True
“Seven counties in Wisconsin (ran) out of ballots” and it was “intentional” to diminish Republican voter turnout.,mostly-false,false,"['false', 'pants-fire']",2,False
"""The candidates controlled by Madigan, all of them have said, ‘The answer to our problems is a massive income tax hike.’ """,mostly-false,false,"['false', 'mostly-false', 'half-true', 'pants-fire', 'mostly-true']",5,True
"Says Marco Rubio said that ""felons should not have their voting rights restored"" but that ""convicted felons should be allowed to own guns after they have done their time.""",false,false,"['false', 'mostly-false', 'pants-fire', 'half-true']",4,True
Says H.R. 1 “allows minors to vote.”,false,false,"['false', 'mostly-false']",2,True
"The election bill ""allows persons to correct an absentee ballot if they did not sign it and requires an extra two hours a day for early voting. Everything else in this bill is discretionary.""",half-true,half-true,"['half-true', 'false', 'mostly-true', 'mostly-false', 'true']",5,True
McDonald’s “said they have no record whatsoever of Kamala Harris ever working at any of their locations.”,false,false,"['false', 'pants-fire']",2,True
"""Democrats have now become the party of the [Atlanta] metro area and of blacks.""",mostly-true,false,"['false', 'mostly-false', 'half-true', 'mostly-true']",4,True
"""I’ve been through four campaigns and have not done any negative campaigning.""",mostly-true,mostly-true,"['mostly-true', 'half-true', 'true', 'false']",4,True
"In Glynn County, Georgia, it was 'voter fraud' when poll workers found no record of a person who already voted.",false,false,['false'],1,True
"Says 228 House Democrats voted ""to allow illegal aliens to have right to vote""",false,false,"['false', 'mostly-false', 'pants-fire']",3,True
"Says U.S. Sen. Ron Johnson, R-Wisconsin, was elected in a ""very low turnout"" race.",half-true,half-true,"['half-true', 'false', 'mostly-true', 'mostly-false']",4,True
"""When the Constitution was written, (only) 20 to 25 percent of the people in the country could vote.""",mostly-true,mostly-true,"['mostly-true', 'false', 'half-true', 'mostly-false']",4,True
"""Derrick Van Orden is one of the only members of Congress who participated in the deadly January 6th insurrection. He now serves in the building he tried to burn down.""",mostly-false,false,"['false', 'mostly-false', 'pants-fire']",3,True
"""Michelle Nunn’s own plan says she funded organizations linked to terrorists.""",pants-fire,false,"['false', 'pants-fire', 'mostly-false']",3,True
“Republican state senators” who started an audit of 2020 election results in Maricopa County are “exposing this fraud.”,false,false,"['false', 'mostly-false', 'pants-fire']",3,True
Mailing in a ballot “gives the bad guys a chance to know how many ballots they need to make.”,pants-fire,false,"['false', 'pants-fire']",2,True
Arizona ballots were shredded and burned in a chicken farm fire.,pants-fire,false,"['false', 'pants-fire']",2,True
"""Obama for President and Baldwin for Senate have kept their campaign offices up and running in Fox Valley, Eau Claire and La Crosse with their staffs preparing for the next battle.""",false,false,"['false', 'pants-fire', 'mostly-false']",3,True
"Says 93,000 blacks didn’t vote in Milwaukee (in 2016)",mostly-true,false,"['false', 'mostly-false']",2,False
"“ABC lost $27M in ad revenue after advertisers pulled ads from the network after the way they hosted the debate"" on Sept. 10.",pants-fire,false,"['false', 'pants-fire']",2,True
"“40,000+ votes for Libertarian candidate Jo Jorgensen magically become votes for Joe Biden.”",false,false,"['false', 'mostly-false', 'pants-fire']",3,True
"Says the person who Florida U.S. Rep. Allen West first hired as chief of staff told people attending a Tea Party rally that, 'We will use bullets if ballots don't work.'",true,false,"['false', 'true']",2,True
"California gubernatorial candidate Steve Poizner, a Republican, ""gave $10,000 to Al Gore's recount"" effort in 2000.",mostly-true,false,"['false', 'mostly-false', 'half-true', 'pants-fire', 'mostly-true']",5,True
"Voter ID ""is supported, if you look at any poll, by 70 to 80% of the public.""",true,true,"['true', 'mostly-true', 'false', 'half-true', 'mostly-false']",5,True
"“If you vote no on Prop 50 to stop the redistricting, it shows through the envelope,” making it easy for Democrats to cheat.",mostly-false,false,"['false', 'mostly-false', 'pants-fire']",3,True
Says Tony Evers is “a career politician.”,mostly-false,false,"['false', 'mostly-false', 'half-true', 'pants-fire', 'true']",5,True
Opposition to having a fully elected Chicago Board of Education is in the “super minority.”,true,true,"['true', 'false', 'mostly-false', 'mostly-true', 'half-true', 'pants-fire']",6,True
"""Fifty seats have already changed hands from the Republicans to the Democrats since Donald Trump was elected.""",mostly-true,false,"['false', 'mostly-false', 'half-true', 'mostly-true', 'pants-fire']",5,True
“There was tremendous cheating in New York”,pants-fire,false,"['false', 'mostly-false', 'pants-fire']",3,True
Trump campaign rally gunman Thomas Matthew Crooks was “arrested more than once.”,false,false,"['false', 'pants-fire']",2,True
"Florida ""passed a law where former felons can now vote. We've had more ex-felons register as Republicans than Democrats.""",mostly-false,false,"['false', 'mostly-false', 'pants-fire']",3,True
"Six states ""decided to stop counting"" votes as Donald Trump was ""headed for a win” on election night.",false,false,"['false', 'pants-fire', 'mostly-false']",3,True
H.R. 1 “would allow the Boston bomber to have a right to vote.”,false,false,"['false', 'mostly-false']",2,True
"According to the Census Bureau, “5 million more people voted than were registered to vote” in the 2020 election.",pants-fire,false,['false'],1,False
“The MOB in PA was HIRED by the Biden team to create fake ballots by the thousands!!”,pants-fire,false,"['false', 'pants-fire']",2,True
"“Donald Trump added more to the national debt than any other president, ever.”",half-true,false,"['false', 'true', 'mostly-false']",3,False
“Paper ballots and hand counting never breaks down.”,false,false,"['false', 'mostly-false']",2,True
"A new Colorado law ""literally allows residents to print ballots from their home computers, then encourages them to turn ballots over to ‘collectors.’ """,false,false,"['false', 'mostly-false', 'half-true', 'mostly-true']",4,True
"""Over time there have been 160-some carve-outs to the filibuster.""",mostly-true,mostly-true,"['mostly-true', 'true', 'half-true', 'false', 'mostly-false']",5,True
"Says Will Hurd ""cosponsored a bill that would militarize our border and allow 200 miles of new roads to be built in the Big Bend region -- cutting up our beloved park.""",half-true,false,"['false', 'mostly-false', 'half-true', 'pants-fire']",4,True
"Says the ""last non-partisan commission to improve the voting experience in America concluded that #VoterID was necessary.""",true,false,"['false', 'mostly-false', 'half-true', 'true', 'pants-fire', 'mostly-true']",6,True
"In Florida, ""the number of voters who now register as ‘other’ has grown by a million in the last 10 years. Compare that with the Democrats, who only grew by 300,000 and the Republicans who grew by just 200,000.""",mostly-true,mostly-true,"['mostly-true', 'true', 'half-true', 'false', 'mostly-false']",5,True
“Miami-Dade reporting 23% of early ballots being rejected for missing signatures.”,false,false,"['false', 'mostly-false', 'pants-fire']",3,True
"“Illegal” Haitians in Springfield, Ohio, are “reportedly killing and eating pets.”",pants-fire,false,['false'],1,False
"""More than 32,000 Americans lose their lives to gun violence each year.""",mostly-true,true,"['true', 'false']",2,False
“Georgia and Kansas Capitol buildings have been stormed by protesters.”,false,false,"['false', 'mostly-false', 'pants-fire']",3,True
"In 2016, after Donald Trump won the presidency, then-President Barack Obama was “trying to lead a coup” with Trump’s opponent, Hillary Clinton.",pants-fire,false,"['false', 'pants-fire']",2,True
"“Due to the arrangements that I've reached with (Mexico) President Obrador, the number of migrants coming … to our shared border unlawfully in recent months has dropped dramatically.”",mostly-true,mostly-true,"['mostly-true', 'true', 'half-true', 'false', 'mostly-false']",5,True
"“Smartmatic and Dominion systems ... were built to do this very thing, for changing the results of elections.”",pants-fire,false,"['false', 'pants-fire']",2,True
"""Mickey Mouse was registered to vote (in Florida).""",false,false,"['false', 'mostly-false']",2,True
"""Democrats and their allies (...) are manufacturing voters.""",pants-fire,false,"['false', 'mostly-false']",2,False
"The ""Democratic Party is getting smaller and smaller and smaller.""",mostly-false,false,"['false', 'mostly-false', 'pants-fire']",3,True
"“Hollywood actor Kurt Russell just said: ‘It is now proven, beyond a shadow of a doubt that Kamala Harris and Joe Biden CHEATED in the 2020 election with mail-in ballots.’”",false,false,"['false', 'pants-fire']",2,True
“Kari Lake is threatening Social Security and Medicare.”,half-true,false,"['false', 'mostly-false', 'half-true']",3,True
20 million Democratic votes “disappeared” in 2024.,pants-fire,false,"['false', 'pants-fire']",2,True
"""The State Election Board has issued nearly $275,000 in fines to violators of absentee ballot laws.""",true,true,"['true', 'false']",2,True
"""The majority support (raising) the minimum wage.""",true,true,"['true', 'mostly-true']",2,True
"It doesn't make sense ""historically"" to drop out because the 1968 race was still competitive when ""Bobby Kennedy was assassinated in June in California.""",mostly-false,false,"['false', 'mostly-false', 'half-true', 'pants-fire']",4,True
"""There has not been a Democratic woman in Congress from New Jersey in almost four decades.""",true,false,"['false', 'mostly-false']",2,False
“People don’t pretend to be someone else to go in and vote. You just don’t see that kind of fraud.”,mostly-true,true,"['true', 'false', 'mostly-true', 'mostly-false']",4,True
"“The Wisconsin voter roll has over 120,000 active voters who have been registered to vote for over 100 years.”",false,false,"['false', 'mostly-false', 'pants-fire']",3,True
"North Carolina is one of ""very few states"" that give the governor sole discretion to pick judges.",mostly-true,false,"['false', 'mostly-false', 'half-true', 'mostly-true', 'true']",5,True
"If a ballot has a small dot in the box for Vice President Kamala Harris, “any other box filled in, will be void.”",false,false,"['false', 'mostly-false']",2,True
"""UPDATE: ‘Thousands’ voted for Doug Jones in Alabama town with population of 2,256""",pants-fire,false,"['false', 'pants-fire']",2,True
"“If you just count all the deaths in the red states, we are number two in the world in deaths, just behind Brazil.”",mostly-true,mostly-true,"['mostly-true', 'half-true', 'false', 'true', 'mostly-false']",5,True
California’s registered independent voters “will not be able to vote republican come 2020.”,false,false,"['false', 'mostly-false']",2,True
"Says that after she declared her candidacy for Congress, ""the redistricting process was manipulated to allow incumbent politicians to guarantee their re-election.""",mostly-false,mostly-false,"['mostly-false', 'false', 'half-true', 'mostly-true']",4,True
“I think they found a way to target Democratic districts and send millions of votes into a black hole. The numbers aren't adding up.”,pants-fire,false,"['false', 'mostly-false', 'pants-fire']",3,True
"""Biden concedes 6 million votes.""",pants-fire,false,"['false', 'pants-fire']",2,True
"Gwinnett County, Georgia, sheriff's office said white supremacists “are planning to attack” Black people “from now until the Inauguration.”",pants-fire,false,"['false', 'pants-fire']",2,True
"Says ""Obama’s deadliest cover-up (in an explosion that killed 29 miners) has been uncovered"" by internal government documents.",pants-fire,false,"['false', 'mostly-false']",2,False
"""After my first year as governor, I was one of the most unpopular governors, maybe the most unpopular governor in the country. ... It changed.""",true,mostly-false,"['mostly-false', 'false', 'half-true', 'mostly-true', 'pants-fire']",5,False
“Jacky Rosen voted to allow biological men to compete in women’s sports.”,false,false,"['false', 'mostly-false', 'pants-fire']",3,True
“The boilermakers union has endorsed me because I sat down with them and went into great detail with leadership [about] exactly what I would do.”,false,false,"['false', 'mostly-false', 'pants-fire']",3,True
"Judge Jeff Davis ""spent years defending a convicted cop killer"" and ""tried to get him off the hook.""",half-true,false,"['false', 'mostly-false', 'half-true', 'pants-fire', 'mostly-true']",5,True
"""Busted: Obama is holding secret meetings to overtake the White House""",mostly-false,false,"['false', 'mostly-false']",2,True
"""Here in California, Donald Trump has given $12,000 to Jerry Brown, Gavin Newsom and Kamala Harris.""",mostly-true,false,"['false', 'true', 'mostly-false']",3,False
Michigan’s Proposal 2 “will permanently put in the Constitution that you never have to show an ID to vote ever again.”,mostly-false,false,"['false', 'mostly-false', 'pants-fire']",3,True
"In 2012, the state ""put together a list of over 100,000 people that they thought were ineligible to vote. Came out there were less than 10.""",mostly-false,false,"['false', 'mostly-false', 'pants-fire', 'half-true']",4,True
"""The Republican Party   lost 1.1 million registered voters since 2008. The Democratic Party  lost  1.2 million registered voters… (while) voter registration in the   Libertarian Party rose 8 percent.""",half-true,half-true,"['half-true', 'mostly-true', 'false', 'mostly-false', 'true']",5,True
"""On Oct. 7, the Access Hollywood tape comes out. One hour later, WikiLeaks starts dropping my emails.""",true,true,"['true', 'false']",2,True
“No state in the country verifies United States citizenship as a condition for voting in federal elections.”,mostly-false,false,"['false', 'mostly-false', 'pants-fire', 'half-true']",4,True
"Texas is ""the state that has now gone the longest without electing a Democrat statewide.""",true,false,"['false', 'true', 'mostly-false']",3,True
"In early voting in Miami-Dade County, ""there is a trickle of two or three people a day at a very high cost to keep those public libraries and polls open.""",false,false,"['false', 'mostly-false', 'pants-fire']",3,True
"""Every time we put a ballot issue on, it costs a million dollars.""",half-true,false,"['false', 'half-true', 'mostly-false', 'mostly-true']",4,True
"“In Montana, we cherish our public lands. But Tim Sheehy called to transfer them off, so the ultra-rich can buy them up.”",false,mostly-false,"['mostly-false', 'false', 'half-true', 'mostly-true', 'true', 'pants-fire']",6,True
Joe Biden or Donald Trump dropped out of the 2024 presidential race as of Feb 15.,false,false,['false'],1,True
"""Chris Christie has led New Jersey to a record-breaking 9 credit downgrades.""",mostly-true,false,"['false', 'true']",2,False
"""Nearly 200,000 Florida voters may not be citizens.""",false,false,"['false', 'mostly-false', 'pants-fire']",3,True
"""California is once again the sixth-largest economy in the world. If you add the GDP’s of Washington and Oregon, California would surpass the United Kingdom to become the fifth-largest economy in the world.""",mostly-true,false,"['false', 'true', 'half-true', 'mostly-false', 'mostly-true', 'pants-fire']",6,True
"Says as GOP was picking a convention city, ""I recommended Ohio.""",false,false,"['false', 'mostly-false', 'pants-fire']",3,True
"China has ""not acted so well with our elections. They’ve tampered with our elections quite a bit.""",false,false,"['false', 'pants-fire', 'mostly-false']",3,True
"""There have been 30 published polls in this election cycle and Harry Reid's been trailing in every single one.""",false,false,"['false', 'mostly-false', 'pants-fire']",3,True
"Says the Clinton Foundation ""accepted millions and millions of dollars from governments like Algeria, Saudi Arabia, Oman and the United Arab Emirates,"" which violated ""a ban on all contributions to the Foundation from foreign nations.""",mostly-false,false,"['false', 'mostly-false', 'half-true']",3,True
Wisconsin makes it more difficult for its citizens to vote than almost any state in the nation.,true,false,"['false', 'mostly-false', 'true', 'pants-fire']",4,True
"""The fundraising numbers are in, and our grassroots support is unmatched!""",false,false,"['false', 'mostly-false', 'half-true', 'mostly-true', 'pants-fire']",5,True
"“Milwaukee Elections Chief Lost Elections Flash Drive in Morning Hours of November 4th When Democrats Miraculously Found 120,000 Votes for Joe Biden.”",pants-fire,false,"['false', 'mostly-false']",2,False
Pens provided by Maricopa County are part of a plot to rig the Arizona primary.,false,false,"['false', 'mostly-false']",2,True
"""Mitt Romney is the first Massachusetts politician to run for president and not win the New Hampshire primary in a generation.""",mostly-true,false,"['false', 'mostly-false', 'half-true', 'pants-fire', 'true']",5,False
"""In Florida, when Jeb Bush was governor, state authorities conducted a deeply flawed purge of voters before the presidential election in 2000"" and ""in 2004 a plan to purge even more voters was headed off.""",mostly-true,false,"['false', 'mostly-false', 'half-true', 'pants-fire', 'mostly-true']",5,True
"""Unlike Mike Pence, (JD) Vance said he would have carried out Trump's plan to overturn the 2020 election.""",mostly-true,false,"['false', 'mostly-false', 'half-true', 'pants-fire']",4,False
“Voter fraud investigations are being banned by Michigan lawmakers!”,false,false,"['false', 'mostly-false', 'pants-fire']",3,True
"Jennifer Carroll is the ""first African-American Republican woman to be part of a statewide ticket in Florida.""",true,true,['true'],1,True
Says 18 states and the District of Columbia have voted Democratic in six consecutive presidential elections.,true,true,"['true', 'false']",2,True
Says Mike Pence was arrested.,false,false,"['false', 'pants-fire']",2,True
"Claims that Democratic candidate for governor Matt Flynn ""told one child predator to ‘wait and see,’ when he should have turned him in to authorities.""",half-true,false,"['false', 'mostly-false', 'half-true', 'pants-fire', 'mostly-true']",5,True
"Pinellas County voters ""elected me as their chief financial officer … (and) elected me as (their) governor four years ago.""",true,false,"['false', 'mostly-false', 'half-true', 'pants-fire', 'mostly-true']",5,False
"Says Ohio's Issue 2 will create a redistricting commission that will ""have a blank check to spend our money.""",false,false,"['false', 'mostly-false', 'half-true']",3,True
"A Texas law requires every high school to have a voter registrar ""and part of their responsibility is to make sure that when children become 18 and become eligible to vote, that they vote.""",half-true,false,"['false', 'mostly-false', 'half-true', 'mostly-true', 'true', 'pants-fire']",6,True
"Gov. Charlie Crist ""sought for and got approved the automatic restoration of felon rights for nonviolent offenders for the first time in Florida history.""",false,false,"['false', 'mostly-false', 'true', 'mostly-true', 'half-true', 'pants-fire']",6,True
"Says “47 additional counties used the same software that caused a ‘glitch’ in Antrim County (that switched 6,000 votes from Trump to Biden in that county)” and votes in the state are “potentially fraudulent.”",mostly-false,false,"['false', 'mostly-false', 'pants-fire']",3,True
"While previous clemency boards granted restoration of civil rights to thousands of Floridians,  ""so far this year, under this clemency board, four (felons) have gotten their rights back.""",mostly-true,false,"['false', 'mostly-false', 'half-true', 'mostly-true', 'true', 'pants-fire']",6,True
Says the April 22 jump in COVID-19 cases was related to the election.,false,false,"['false', 'mostly-false', 'pants-fire']",3,True
"""If you're in Texas, you have got to drive 120 miles to get an ID.""",half-true,false,"['false', 'mostly-false', 'half-true', 'pants-fire']",4,True
“Jan. 6 was NOT an insurrection…but Nov. 4 at 3 a.m. was!”,pants-fire,false,"['false', 'pants-fire']",2,True
Says Raphael Warnock supports boycotts of Georgia to protest voting law.,false,false,"['false', 'mostly-false', 'pants-fire']",3,True
President Joe Biden “bans TikTok for government employees but creates an account for his own campaign.”,mostly-true,false,"['false', 'mostly-false', 'half-true', 'mostly-true']",4,True
“Joe Biden confirmed his plan to abolish the entire U.S. oil industry.”,false,false,"['false', 'mostly-false']",2,True
"Says Gov. Andrew Cuomo is ""stealing money from the MTA and sending it upstate for projects that have nothing to do with transit.""",false,false,"['false', 'mostly-false', 'half-true']",3,True
"""You’re more likely to get struck by lightning in Texas"" than find in-person voter fraud.",true,false,"['false', 'pants-fire', 'mostly-false', 'half-true', 'true']",5,True
"""Ohio is not meeting its obligation to update voter registrations when voters change their address with the BMV.""",true,true,['true'],1,True
Sen. JD Vance admitted he has a ‘rent-a-dog’ from the Trump campaign to make him “seem like a dog person.”,false,false,"['false', 'pants-fire']",2,True
Suggests that an immigrant charged with sexually assaulting a child entered the U.S. illegally during the Biden administration.,false,false,"['false', 'pants-fire', 'mostly-false']",3,True
“Biden says he doesn’t need voters to get elected.”,false,false,"['false', 'mostly-false', 'pants-fire']",3,True
"In 1928 ""school boards sent home letters with children saying that if Al Smith is elected president, you will not be allowed to have or read a Bible.""",half-true,false,"['false', 'mostly-false', 'pants-fire', 'half-true']",4,True
"""When Trump wanted to turn a taxpayer-owned building into an $800 a night hotel, (Congressman Jeff Denham, R-CA) helped broker the deal and bragged about it.""",false,false,"['false', 'pants-fire', 'true']",3,True
"Vans filled with 50,000 ballots show up in Philadelphia during live MSNBC report.",false,false,"['false', 'pants-fire']",2,True
“Prices are up because these corporations are scheming to drive them up.”,mostly-false,mostly-false,"['mostly-false', 'false', 'half-true', 'mostly-true', 'pants-fire']",5,True
"""The latest with the Durham report is that the Clinton campaign … actually spied on the president of the United States.”",false,false,"['false', 'mostly-false']",2,True
"""The Pentagon reportedly failed to send absentee ballots to active military service members before the election.”",false,false,"['false', 'mostly-false', 'pants-fire']",3,True
A quorum-breaking Texas Democrat said in 2007 that mail-in ballot fraud “is the greatest source of voter fraud in this state.”,true,false,"['false', 'mostly-false', 'pants-fire', 'half-true']",4,False
The United States was not one of 16 countries where David Perdue said in his Pillowtex deposition that he created jobs.,mostly-false,false,"['false', 'mostly-false', 'half-true', 'pants-fire', 'mostly-true']",5,True
“It has just come out that Democrats in Washington and the Democrat Governor’s Office of North Carolina (Roy Cooper) were blocking people and money from coming into North Carolina.”,pants-fire,false,"['false', 'mostly-false', 'pants-fire']",3,True
"Says Austin Mayor Steve Adler’s transportation plans linked to Proposition 1 on the ballot remove ""27+ miles of traffic lanes around the city,"" replacing ""them with lanes dedicated to usage by bicycles"" and buses.",mostly-false,false,"['false', 'mostly-false', 'half-true', 'pants-fire', 'mostly-true', 'true']",6,True
"Says U.S. Sen. Tammy Baldwin ""believes taxpayer dollars should be used for abortion.""",half-true,false,"['false', 'mostly-false', 'pants-fire', 'half-true']",4,True
"""Since 2007 David Jolly has given almost $30,000 to keep Democrats in Congress!""",mostly-true,false,"['false', 'mostly-false', 'half-true']",3,False
California S.B. 1174 eliminates the requirement for voter ID at polling places.,mostly-false,false,"['false', 'mostly-false', 'pants-fire']",3,True
Proposed changes to the Electoral Count act show Pence had the power and “could have overturned the election!”,false,false,"['false', 'mostly-false', 'pants-fire']",3,True
"""It takes quite a while on Election Day to load those ballots, which is why we have the 1 a.m. or 3 a.m. ballot dumping in Milwaukee.""",true,mostly-true,"['mostly-true', 'false', 'half-true', 'mostly-false', 'true']",5,True
"""Governor (Perry), you were a Democrat, having worked for Al Gore as his campaign manager...""",half-true,false,"['false', 'half-true', 'mostly-false', 'pants-fire', 'mostly-true']",5,True
"Robert F. Kennedy Jr. called voter ID “racist,” calls NRA a “terrorist organization” and supports affirmative action.",half-true,false,"['false', 'mostly-false', 'half-true', 'pants-fire', 'mostly-true', 'true']",6,True
"November 2012 was ""a record year of turnout. More people voted before Election Day using absentee ballots and voting early than ever before in our history.""",mostly-true,false,"['false', 'mostly-false', 'pants-fire', 'half-true']",4,False
"""Breaking: woman says she was offered big money by Washington Post to accuse Roy Moore of misconduct.""",pants-fire,false,"['false', 'pants-fire']",2,True
Glenn Youngkin is “the first sitting Governor in the modern era to have their party have less legislative seats than when they were elected.”,false,false,"['false', 'mostly-false', 'pants-fire']",3,True
"Fox News ""said the New Black Panther Party decided the election for Barack Obama.""",false,false,"['false', 'pants-fire', 'mostly-false']",3,True
Wisconsin voter turnout jumped from 67% in 2016 to 89% in 2020.,pants-fire,false,"['false', 'pants-fire']",2,True
"""Given the results of the primary, the vote of one New Hampshire superdelegate is equal to the votes of about 10,000 grassroots activists.""",mostly-true,false,"['false', 'mostly-false', 'half-true', 'pants-fire']",4,False
"""Joe Biden forced the U.S. Attorney for the Eastern District of North Carolina to resign after 24 people were charged with election fraud and the Mainstream Media never even batted an eyelash.""",mostly-false,false,"['false', 'mostly-false', 'pants-fire']",3,True
"""In the history of Republican primaries, I’ve gotten the most votes in the history of the Republican party.""",false,false,"['false', 'mostly-false', 'pants-fire']",3,True
"There’s “evidence of a massive transfer of completed, curated ballots” that are fraudulent in the 2022 election.",false,false,"['false', 'pants-fire']",2,True
“The Rock has lost 48 million followers on his IG and YouTube after coming out for Biden.”,false,false,"['false', 'mostly-false', 'pants-fire']",3,True
"Scott Walker was elected governor on a promise not to take campaign contributions ""from the date of his inauguration until the signing of the state budget,"" but broke it by taking nearly $5.6 million.",false,false,"['false', 'mostly-false']",2,True
"Says Wisconsin ""hadn’t been won by a Republican since Dwight D. Eisenhower, in 1952. And I won Wisconsin. …  Ronald Reagan, remember, Wisconsin was the state that Ronald Reagan did not win.""",pants-fire,false,"['false', 'pants-fire']",2,True
"""Many just call him 'Lyin' Ted.' ... His TV ad about John Kasich? Lie! Stations had to pull it off the air.""",false,false,"['false', 'pants-fire']",2,True
Says she condemned violence at a campaign stop in Arizona in March.,true,true,['true'],1,True
The 2021 Georgia Senate runoff and the 2020 presidential election “were stolen.”,pants-fire,false,"['false', 'pants-fire']",2,True
“Every election year has a disease” ... SARS in 2004; avian flu in 2008; swine flu in 2010; MERS in 2012; Ebola in 2014 and 2018; Zika in 2016 and the coronavirus in 2020.,false,false,"['false', 'pants-fire', 'mostly-false']",3,True
"Florida election officials’ requests to some residents to submit proof of citizenship is a ""backdoor poll tax.""",half-true,false,"['false', 'mostly-false', 'half-true']",3,True
"""Under the ruling of the Supreme Court, any lobbyist could go into any legislator and say, if you don't vote our way on this bill, we're going to run a million-dollar campaign against you in your district.""",half-true,false,"['false', 'mostly-false', 'half-true', 'pants-fire', 'true']",5,True
"""I don't think anybody is questioning the legitimacy of the presidential election.""",pants-fire,false,"['false', 'mostly-false', 'pants-fire']",3,True
"Says Hillary Clinton spent 30 days in the hospital in 2012 and appeared ""wearing glasses that are only for people who have traumatic brain injury.""",false,false,"['false', 'mostly-false', 'pants-fire']",3,True
"A clip of Joe Biden shows him reading a response to an interview question from a teleprompter, saying “I lost that line.”",pants-fire,false,"['false', 'true', 'pants-fire', 'mostly-false']",4,True
"Democrat ""Russ Feingold announced his Wisconsin Senate run today from…California.""",pants-fire,false,"['false', 'pants-fire', 'true', 'mostly-false']",4,True
"He's been endorsed by ""every major newspaper here in the state of Texas.""",true,true,['true'],1,True
"Said Dianne Feinstein said ""there is no collusion"" between the Trump campaign and Russia.",false,false,"['false', 'mostly-false', 'pants-fire']",3,True
“CCTV captures the moment a Trump voter in (Wisconsin) is assaulted by two Kamala Harris thugs at a voting station.”,pants-fire,false,"['false', 'pants-fire']",2,True
"""Karrin Taylor Robson gave illegals tuition discounts and made us pay for it.""",half-true,false,"['false', 'mostly-false', 'pants-fire', 'half-true']",4,True
“22 states will not be certifying the (2024) election.”,false,false,"['false', 'pants-fire']",2,True
"""We have dozens of districts that go for 150 to 200 miles, splitting counties, splintering cities and connecting areas that have very little in common.""",mostly-true,mostly-true,"['mostly-true', 'true', 'half-true', 'mostly-false']",4,True
"""My husband didn't wrap up the nomination until June.""",mostly-false,false,"['false', 'mostly-false', 'mostly-true', 'half-true']",4,True
"""In 2022, illegal immigrants will have MORE FREEDOMS and easier access to healthcare and ballot boxes than most Americans... Just think about that.""",pants-fire,false,"['false', 'mostly-false', 'pants-fire']",3,True
Donald Trump offered “food for everyone” at his McDonald’s press conference and then left without paying.,false,false,"['false', 'pants-fire']",2,True
“The KKK officially endorses Trump 2020.”,false,false,"['false', 'pants-fire']",2,True
"""Early voting remains at 96 hours.""",mostly-false,false,"['false', 'mostly-false', 'pants-fire', 'half-true']",4,True
"U.S. Rep. Bill Young ""has accepted $737,000 from lobbyists and recipients of his earmarks.""",half-true,false,"['false', 'mostly-false', 'half-true', 'pants-fire', 'mostly-true']",5,True
A pro-Kamala Harris website shows she supports a mandatory gun buyback program.,false,false,"['false', 'mostly-false']",2,True
"""We didn't go out and take"" information from the Hillary Clinton campaign.",mostly-false,false,"['false', 'mostly-false', 'half-true', 'pants-fire']",4,True
"""I have 2 and a half million more votes than he (Sanders) does.""",mostly-true,false,"['false', 'mostly-false', 'half-true', 'mostly-true']",4,True
"""This guy didn't even support Ronald Reagan.""",true,true,"['true', 'false']",2,True
Donald Trump chose a provocative song to describe Kamala Harris during a presidential debate.,pants-fire,false,"['false', 'pants-fire']",2,True
"""I am the only candidate that has endorsed Bernie Sanders for President. In PA, I've got Bernie's back.""",true,true,"['true', 'false']",2,True
"""The president of the United States came in the Tuesday before the election in a ward that went 99% for him in the last election and they couldn't even (increase) the vote there.""",true,true,"['true', 'false']",2,True
Kamala Harris “supports mandatory gun confiscation.”,mostly-false,false,"['false', 'mostly-false']",2,True
"In Sauk City, Wisconsin, ""the ID office"" that provides identification for voting ""is only open on the fifth Wednesday of every month"" -- a total of four days in 2016.",mostly-true,false,"['false', 'mostly-true', 'mostly-false', 'half-true', 'true', 'pants-fire']",6,True
"""(Fritz) Kaegi managed a fund that invested nearly $30 million in private prisons.""",mostly-false,false,"['false', 'mostly-false', 'true', 'pants-fire', 'half-true']",5,True
You can vote in-person absentee at your clerk’s office on Monday before Election Day.,false,false,"['false', 'mostly-false', 'pants-fire']",3,True
Kash Patel posted on X that “the FBI is gay.”,false,false,"['false', 'pants-fire']",2,True
"Republican challenger Bill Flores ""has never once voted  in a general election in our district.""",true,false,"['false', 'true', 'mostly-false']",3,True
“Nancy Pelosi stated today that if the Democrats get the House the first thing they’re going to do is impeach Donald Trump before he gets elected.”,false,false,"['false', 'pants-fire']",2,True
"""With a stroke of a pen, the (U.S. Supreme Court) decided to overrule the 100-year-old ban on corporate expenditures.""",mostly-false,false,"['false', 'mostly-false', 'half-true', 'mostly-true', 'true', 'pants-fire']",6,True
Says Joe Biden stays in his basement.,false,false,"['false', 'mostly-false', 'pants-fire']",3,True
"""Republican Bob Donovan"" has ""run as a Republican time and again.""",half-true,half-true,"['half-true', 'mostly-true', 'false']",3,True
U.S. Sen. Sherrod Brown “supported allowing puberty blockers and sex-change surgeries for minor children.”,mostly-false,false,"['false', 'mostly-false', 'half-true', 'pants-fire']",4,True
"GOP candidate for California governor Travis Allen ""on the floor vote … refused to join Republicans opposing driver licenses for illegal aliens.""",half-true,false,"['false', 'mostly-false', 'pants-fire', 'half-true']",4,True
ColoradoCare would have higher revenues than McDonald’s.,mostly-true,true,"['true', 'false']",2,False
"Says U.S. Immigration and Customs Enforcement “will be at every polling station” on Nov. 3, 2020.",false,false,['false'],1,True
"""How many federal rulings have NOW found intentional discrimination by #Txlege since 2011? 6.""",true,true,"['true', 'false']",2,True
"""The president won the youth vote 3 to 1, but his numbers have dropped 20, 30 percent among the youth.""",mostly-true,false,"['false', 'mostly-false', 'half-true']",3,False
"HR 1 will allow members of Congress to draw a second salary “worth an estimated $600,000 per year!”",false,false,"['false', 'pants-fire']",2,True
People in Germany saw this electoral map that shows Trump beating Biden with 410 electoral votes before Dominion’s servers were seized.,pants-fire,false,['false'],1,False
Says former President Donald Trump did not lose the 2020 election.,pants-fire,false,['false'],1,False
"Eric Hovde “wants to repeal the Affordable Care Act, and kick millions off their health insurance.”",true,false,"['false', 'mostly-false', 'pants-fire']",3,False
Arizona U.S. Senate candidate Kari Lake “was against” the child tax credit expansion “when the bill was on the floor.”,mostly-false,false,"['false', 'mostly-false', 'half-true', 'pants-fire']",4,True
"""The McCain campaign is roughly in the position where Vice President Gore was running against President Bush one week before the election of 2000.""",false,false,"['false', 'pants-fire']",2,True
"""Right now, I’m polling at about 8 percent"" against Barack Obama and Mitt Romney.",mostly-false,false,"['false', 'mostly-false', 'half-true', 'mostly-true']",4,True
"""Candidates for governor routinely disclose"" their spouses’ tax returns.",mostly-true,false,"['false', 'mostly-false', 'half-true', 'pants-fire']",4,False
"Says that while his plan would narrow the time for early voting, ""it still will be one of the most aggressive early voting time frames in America.""",pants-fire,false,"['false', 'mostly-false', 'pants-fire']",3,True
Pacific Gas & Electric Co. deliberately shut off power “on Republican voters” in California on Election Day.,false,false,['false'],1,True
"""The Democrats are very sly. … (in New Hampshire) we have same day voter registration, and to be honest, when Massachusetts elections are not very close, they’re busing them in all over the place.""",pants-fire,false,"['false', 'mostly-false', 'half-true']",3,False
"If elected, “I will be the youngest vice president in American history.”",false,false,['false'],1,True
"Says the man who rushed the stage at him in Dayton, Ohio, ""had chatter about ISIS, or with ISIS"" in his social media posts.",false,false,"['false', 'mostly-false', 'pants-fire']",3,True
“Bloomberg spent $500 million on ads. The U.S. population is 327 million. He could have given each American $1 million and still have money left over.”,pants-fire,false,"['false', 'pants-fire']",2,True
"The Inflation Reduction Act, which Rep. Elissa Slotkin supported, “drove inflation higher.”",false,false,"['false', 'pants-fire', 'mostly-false']",3,True
"The last three days of early voting ""happen to be the most populated days of voting that we have in early voting.""",mostly-true,mostly-true,"['mostly-true', 'half-true', 'false', 'mostly-false']",4,True
"""Mike Pence endorsed Kamala Harris.”",false,false,['false'],1,True
"""A witness will testify against Hillary Clinton.""",false,false,"['false', 'mostly-false', 'pants-fire']",3,True
"Says Democratic opponent is ""too Republican to stand up for us.""",mostly-false,false,"['false', 'mostly-false', 'pants-fire', 'half-true']",4,True
"Connecticut ballot initiative on early voting would ""remove the requirement of a certified seal from certain ballots.""",false,false,"['false', 'mostly-false']",2,True
“CBS (News) is reporting cheating in the election.”,false,false,['false'],1,True
Jan. 6 defendants “are being held in prison without being charged.”,false,false,"['false', 'mostly-false']",2,True
"""Most Texans aren't millionaires.""",true,false,"['false', 'true', 'mostly-false', 'mostly-true', 'half-true']",5,True
"Says Ohio Gov. John Kasich is ""very unpopular.""",false,false,"['false', 'mostly-false', 'half-true', 'mostly-true', 'true', 'pants-fire']",6,True
Vice President Kamala Harris’ “60 Minutes” interview may be “a major Campaign Finance Violation.”,false,false,"['false', 'pants-fire', 'mostly-false']",3,True
"""In one county alone in Ohio, President Obama received 106,258 votes. But there were only 98,213 eligible voters.""",pants-fire,false,"['false', 'pants-fire']",2,True
The Fulton County vote count will be finished by 11:30 p.m. on election night.,mostly-true,true,"['true', 'mostly-true', 'false', 'half-true', 'mostly-false']",5,True
"Says Donald Trump “voted twice” in the Nov. 3, 2020 election",pants-fire,false,"['false', 'pants-fire']",2,True
"Wisconsin is ""the most -- if not Number 1, number 2 -- gerrymandered state in the country"" for state legislative boundaries.",mostly-true,false,"['false', 'mostly-true', 'true', 'half-true', 'mostly-false']",5,True
"""Municipalities are now required to have two or more polling locations opened 24-hours a day, two weeks before any election.""",false,false,"['false', 'mostly-false', 'pants-fire']",3,True
"Vice President Kamala Harris responded, “Next question please,” when asked about the economy during an Aug. 29 CNN interview.",pants-fire,false,"['false', 'pants-fire', 'true']",3,True
"""Since 2000, only 10 cases of in-person voter fraud have been proven nationally.""",mostly-true,true,"['true', 'false', 'mostly-true', 'half-true', 'mostly-false']",5,True
The law prohibits current Secretary of State Katie Hobbs from overseeing the election while she was a candidate for governor.,false,false,"['false', 'mostly-false']",2,True
"Says Republican gubernatorial candidate Adam Laxalt ""tried to cut a deal with big pharma"" in a lawsuit.",false,false,"['false', 'mostly-false', 'half-true', 'pants-fire']",4,True
"""At nearly 19 million people, the population of Florida is larger than all the earlier primary and caucus states combined.""",true,true,['true'],1,True
"“[Steve] Bullock’s health care plan will force rural hospitals to close. Medicare as we know it will change, replaced by a government-run program with fewer doctors and longer wait times.”",false,false,"['false', 'mostly-false', 'pants-fire', 'half-true']",4,True
"When Haitians go to school in Springfield, Ohio, they “take the place of our children in school” and “each one will have a private interpreter.""",false,false,"['false', 'pants-fire', 'mostly-false']",3,True
“Arizona BANS Electronic Voting Machines.”,false,false,"['false', 'mostly-false', 'pants-fire', 'half-true']",4,True
“A quarter of a million illegal votes found in Arizona’s audit.”,false,false,"['false', 'pants-fire']",2,True
Voting in California is “rigged.”,pants-fire,false,"['false', 'pants-fire']",2,True
"""We will be the first party to elect a bald guy to governor.""",false,false,"['false', 'mostly-false', 'half-true', 'pants-fire']",4,True
More poll workers caught filling out ballots in Delaware County Pennsylvania.,false,false,"['false', 'mostly-false']",2,True
"“If I mail in my ballot on Sunday and show up to the polling station on Tuesday, they won’t know if I’ve already voted or not. That, my friends, is a serious concern for all of us.”",false,false,"['false', 'mostly-false', 'pants-fire']",3,True
"""One in 13 Black Americans are deprived of the right to vote.""",half-true,false,"['false', 'mostly-false', 'mostly-true', 'half-true', 'pants-fire']",5,True
"Nevada is ""still a state that is 80 percent white voters.""",false,false,"['false', 'mostly-false', 'pants-fire']",3,True
"""The State Department asked all secretaries of state to send their emails over."" Hillary Clinton's ""the only one who’s done it.""",mostly-false,false,"['false', 'mostly-false', 'half-true', 'mostly-true', 'pants-fire', 'true']",6,True
“The Montana Secretary of State left Kamala Harris off the ballot.”,half-true,false,"['false', 'mostly-false', 'pants-fire']",3,False
"""Voting in the wrong precinct led to over 14,000 registered voters statewide to lose their vote in 2008.""",true,true,"['true', 'false']",2,True
Travis Kelce endorsed Kamala Harris.,false,false,['false'],1,True
Kamala Harris is planning to use the 25th Amendment against Joe Biden and appoint Mike Pence as her vice president.,false,false,"['false', 'pants-fire']",2,True
"Regarding Trump’s January 2021 telephone call with Georgia election officials, “nobody found anything wrong with that perfect call until a book promotion tour many months later.”",pants-fire,false,"['false', 'pants-fire', 'mostly-false']",3,True
Says he didn't tell viewers that the Obama campaign hid news about the motives behind the attack in Benghazi because Obama was running for re-election.,mostly-false,false,"['false', 'mostly-false', 'half-true', 'pants-fire']",4,True
“Republicans recently passed a bill to eliminate early voting on Sunday” in Georgia,mostly-false,false,"['false', 'mostly-false', 'half-true', 'pants-fire']",4,True
Maxine Waters told her followers on X not to follow Omar Navarro because he is a “Hispanic Republican.”,pants-fire,false,"['false', 'pants-fire']",2,True
"When elected Georgia governor in 2018, “Brian Kemp was over $7 million in debt.” Kemp “cut a deal” to select Dominion Voting Systems as Georgia’s voting machine vendor and “has never been in debt since.”",false,false,"['false', 'mostly-false', 'pants-fire']",3,True
"Republicans offered Wisconsin bar patrons ""free shots (of alcohol) to sign recall petitions against"" Democrats.",mostly-false,false,"['false', 'mostly-false', 'half-true', 'pants-fire']",4,True
Kamala Harris paid The Shade Room to interview her “for perceived support amongst black voters.”,false,false,['false'],1,True
"Says Sen. Kamala Harris said Democrats are ""coming for"" Trump supporters if they win the White House in 2020.",pants-fire,false,"['false', 'pants-fire']",2,True
Absentee voting is different from mail-in voting and has more protections against fraud.,false,false,"['false', 'mostly-false', 'pants-fire']",3,True
"""In 2016, when Hillary Clinton appeared to have a firm lead in the polls — oh, just before the election, it was President Obama who laughed off any notion that American elections could possibly be tampered with.""",mostly-false,false,"['false', 'mostly-false', 'pants-fire']",3,True
"In 2008, ""only 54 percent of Latinos in Texas were registered to vote and only 35 percent actually turned out.""",mostly-true,false,"['false', 'mostly-false', 'half-true', 'pants-fire', 'mostly-true', 'true']",6,True
"""The fact of the matter is that my colleague from New York, Senator Clinton, there are 50 percent of the American public that say they're not going to vote for her.""",mostly-true,false,"['false', 'half-true', 'mostly-false', 'mostly-true']",4,True
"As Florida secretary of state, Kurt Browning ""allowed 1,800 illegal voters to register in Florida.""",pants-fire,false,"['false', 'mostly-false', 'pants-fire']",3,True
Says his Texas election fraud investigations have resulted in 50 convictions.,half-true,false,"['false', 'mostly-false', 'half-true', 'true', 'mostly-true']",5,True
"""Wisconsin election officials to accept Mickey Mouse, Hitler signatures"" on recall petitions.",mostly-false,false,"['false', 'mostly-false', 'half-true', 'pants-fire']",4,True
A crime was committed when a New Jersey election worker allowed someone who said he was not a citizen to fill out a ballot.,false,false,"['false', 'mostly-false']",2,True
Michigan U.S. Senate candidate Mike Rogers “wants to cut Medicare and Social Security.”,false,false,"['false', 'mostly-false', 'pants-fire']",3,True
"""BP is setting up claims offices throughout the state.""",mostly-true,mostly-true,"['mostly-true', 'true', 'half-true']",3,True
"Says President Barack Obama carried Congressional District 13 ""by 8.2 points in 2008 and 5.6 points in 2012.""",false,false,"['false', 'mostly-false']",2,True
"“As a lawyer working in Korea, Nate McMurray helped send American jobs to Asia”",false,false,"['false', 'mostly-false', 'half-true', 'pants-fire']",4,True
"""H.B. 194, the Voter Suppression Bill, invalidates a vote where a voter properly marks the ballot in support of a particular candidate, but also writes in the name of that same candidate.""",mostly-true,mostly-true,"['mostly-true', 'half-true', 'mostly-false', 'false', 'pants-fire', 'true']",6,True
"Says Paul Workman ""voted in the Democrat primary, supporting Democrats with his vote.""",true,true,"['true', 'false']",2,True
"""Putin Interference Could Give Courts Legal Right to Make Hillary President.""",false,false,"['false', 'pants-fire', 'mostly-false']",3,True
"In the Georgia House district that hosted a special election on June 20, ""Trump won by 20+ points.""",false,false,"['false', 'mostly-false', 'pants-fire']",3,True
"""Third party votes only siphon from (Democrats).”",false,false,"['false', 'mostly-false', 'pants-fire', 'half-true']",4,True
"""In a 2014 case involving a man convicted of abusing two underage girls, Judge Roy Moore disagreed and wrote the dissenting opinion.""",mostly-false,false,"['false', 'mostly-false', 'half-true', 'mostly-true', 'pants-fire', 'true']",6,True
"Says that several times in the last 15 years, Austin City Council candidates have won seats after trailing by more than 4,000 votes in the election prompting the runoff.",half-true,half-true,"['half-true', 'false', 'mostly-true', 'mostly-false']",4,True
"When Mitt Romney chose Paul Ryan as his vice-presidential running mate, ""that was the end"" of Romney’s chances to win.",false,false,"['false', 'pants-fire', 'mostly-false']",3,True
"“When Tim Walz was asked by his country to go to Iraq, do you know what he did? He dropped out of the Army and allowed his unit to go without him.”",mostly-false,false,"['false', 'mostly-false', 'pants-fire']",3,True
"Says Republican U.S. Senate candidate Eric Hovde claims he ""understands the tragedy of children being trafficked through Central America because he owns three homes there.""",mostly-false,false,"['false', 'mostly-true', 'half-true', 'true', 'mostly-false', 'pants-fire']",6,True
‘No Sharpies on ballots’ permitted for in-person voting in Illinois.,false,true,"['true', 'false']",2,True
"“President Biden is the first candidate in history, the first president in history, that has used the federal agencies to censor political speech ... to censor his opponent.""",false,false,"['false', 'mostly-false', 'pants-fire']",3,True
Sen. Kamala Harris “may have broken laws” when she visited a voting site in Ohio,false,false,"['false', 'mostly-false']",2,True
“Kamala Harris said she will shut down X if elected.”,false,false,['false'],1,True
"""Trump Won Two-Thirds of Election Lawsuits Where Merits Considered""",false,false,"['false', 'mostly-false', 'pants-fire']",3,True
"""No one in American history has moved from a June 16 announcement to a May 26 winning of a majority. Trump's achievement is remarkable.""",pants-fire,false,"['false', 'mostly-false', 'pants-fire', 'half-true']",4,True
The Biden-Harris administration “brought over” 10 million migrants who got 9 million jobs.,false,false,"['false', 'pants-fire']",2,True
"Barack Obama is ""only the second Democrat in the last 75 years to win Ohio twice with more than 50 percent of the vote.""",true,true,"['true', 'false']",2,True
November election data shows a “stunning anomaly in the rejection rate of absentee ballots.”,false,false,"['false', 'mostly-false', 'half-true', 'pants-fire', 'true', 'mostly-true']",6,True
"St. Pete Beach's local version of Amendment 4 resulted in ""seemingly endless lawsuits (that) decimated the city's legal budget and forced the city to raise the property tax rate.""",half-true,half-true,"['half-true', 'false', 'mostly-false', 'mostly-true']",4,True
“Coca-Cola cuts ties with Taylor Swift over (Kamala) Harris endorsement.”,false,false,"['false', 'pants-fire']",2,True
"“15 days left to vote BUT if you are voting by mail, you need to vote TODAY. USPS says it needs a 14 day roundtrip to be counted on election day.”",half-true,false,"['false', 'mostly-false', 'pants-fire', 'half-true']",4,True
"A judge has ordered a ""HAND RECOUNT by an INDEPENDENT COMMISSION in the state of Michigan, following hard evidence of voting fraud by Detroit City Election Commission.""",false,false,"['false', 'pants-fire']",2,True
A facial recognition firm “confirmed antifa infiltrated the Trump rally in D.C.”,false,false,"['false', 'pants-fire']",2,True
HR 1 “automatically registers every welfare recipient to vote.”,mostly-false,false,"['false', 'mostly-false', 'pants-fire']",3,True
"""The United States is about 100th in voter turnout among the industrialized nations, and Texas is near the bottom in terms of voter registration and voter turnout.""",mostly-true,true,"['true', 'false', 'mostly-false', 'half-true', 'mostly-true', 'pants-fire']",6,True
"""Dallas County Texas (tells) election workers to (illegally) lie on registration & use a church address to register homeless people to vote!”",pants-fire,false,"['false', 'mostly-false']",2,False
Kamala Harris “is not eligible to hold the office of president” because her parents were non-citizens.,pants-fire,false,"['false', 'pants-fire']",2,True
"As of Dec. 12, 2023, Geert Wilders was the “new prime minister of the Netherlands.”",false,false,['false'],1,True
Ron DeSantis “wants to cut Social Security and Medicare.”,mostly-false,false,"['false', 'mostly-false', 'half-true', 'pants-fire']",4,True
"Tony Evers “wants to let out between 9,000 and 10,000 more” Wisconsin prisoners",false,false,"['false', 'mostly-false', 'pants-fire']",3,True
"""In Chesterfield (Va.), the Southside precinct is infamous for having over 100% of the vote count…”",pants-fire,false,"['false', 'pants-fire', 'mostly-false']",3,True
"""I sponsored the amendment that expanded the hours of early voting so that people who have irregular work schedules could vote.""",half-true,false,"['false', 'mostly-false', 'half-true', 'true', 'pants-fire', 'mostly-true']",6,True
“In 2020 we won (Wisconsin).”,pants-fire,false,['false'],1,False
"""There are hit squads being trained all over this country” to violently oppose a second term for President Donald Trump.",false,false,"['false', 'pants-fire', 'mostly-false']",3,True
Says Denzel Washington supports Donald Trump and speaks out against Barack Obama.,pants-fire,false,['false'],1,False
Polls show Bernie Sanders would do better than Hillary Clinton in a head-to-head battle against Donald Trump.,mostly-true,false,"['false', 'half-true', 'mostly-false', 'mostly-true', 'pants-fire', 'true']",6,True
"Says SJR 11 ""seeks to fix what is very quickly becoming a problem in Missouri — initiative petitions and referendums are being filed at record highs.""",mostly-true,true,"['true', 'false']",2,False
"Says Christopher Little has ""a history of working against environmental protection by defending the worst types of corporate polluters""",false,false,"['false', 'mostly-false', 'half-true', 'mostly-true', 'pants-fire', 'true']",6,True
"""Two years ago, the longest serving leader of the California republic, Jerry Brown, boldly declared in China that California is a separate nation.""",pants-fire,false,"['false', 'mostly-false', 'pants-fire']",3,True
“Ballots in Arizona’s Maricopa County” from the 2020 presidential election “found shredded and in dumpster days before Senate audit to begin.”,false,false,"['false', 'pants-fire']",2,True
“Melania Trump quietly endorses Kamala Harris for president.”,false,false,['false'],1,True
King Charles III signed “a proclamation stating that Donald Trump won the 2020 presidential election and is the rightful president by law.”,pants-fire,false,"['false', 'pants-fire']",2,True
"“There is no campaigning going on, none whatsoever.”",false,false,"['false', 'pants-fire']",2,True
“The Post Office advises never send cash in the mail. It’s not secure. Vote by mail?”,mostly-false,false,"['false', 'mostly-false', 'half-true', 'true', 'mostly-true']",5,True
“The Vice President has the power to reject fraudulently chosen electors.”,false,false,"['false', 'mostly-false']",2,True
"“In Nevada, the GOP is succeeding in throwing out the votes of thousands of young people.”",mostly-false,false,"['false', 'mostly-false', 'half-true']",3,True
“Nowhere on her birth certificate does it say that she is BLACK OR AFRICAN. …  Kamala Harris is NOT black and never has been.”,false,false,"['false', 'pants-fire']",2,True
"Broward County was one of three counties in the nation ""pivotal to an Obama victory"" in 2012.",mostly-false,false,"['false', 'mostly-false', 'half-true', 'pants-fire']",4,True
"Says rival Jill Karofsky wants ""to disarm law abiding citizens.""",mostly-false,false,"['false', 'mostly-false', 'pants-fire']",3,True
“No candidate has ever won both Florida and Ohio and lost.”,pants-fire,false,"['false', 'pants-fire']",2,True
"The probability of Biden winning in Wisconsin, Georgia, Michigan and Pennsylvania “given President Trump’s early lead ... is less than one in a quadrillion” in each state.",pants-fire,false,"['false', 'pants-fire', 'mostly-false']",3,True
"""When Deborah took office, the (Sellwood Bridge) project had languished for years, with only $11 million in funds. With her leadership the remaining funding was secured that got the project moving forward.""",mostly-true,true,"['true', 'false', 'mostly-true', 'half-true']",4,True
“Antifa is the culprit” in the Capitol riot.,pants-fire,false,"['false', 'pants-fire']",2,True
“I brought back Big Ten football.”,mostly-false,false,"['false', 'mostly-false', 'pants-fire']",3,True
"""@realDonaldTrump is coming to San Antonio, which is 60% Mexican-AMERICAN.""",mostly-true,false,"['false', 'mostly-false', 'half-true', 'mostly-true', 'true', 'pants-fire']",6,True
"""Limberbutt McCubbins (a five-year-old cat) is a candidate"" in the 2016 presidential election.",half-true,false,"['false', 'pants-fire', 'mostly-false']",3,False
"Says Beto O’Rourke did his father-in-law’s ""bidding on the El Paso City Council, pushing a downtown redevelopment scheme to bulldoze a poor Hispanic neighborhood while enriching developers like his father-in-law.""",half-true,false,"['false', 'mostly-false', 'half-true', 'pants-fire']",4,True
"""We have 17 intelligence agencies, civilian and military, who have all concluded that these espionage attacks, these cyberattacks, come from the highest levels of the Kremlin, and they are designed to influence our election.""",true,false,"['false', 'true', 'mostly-false', 'half-true', 'mostly-true', 'pants-fire']",6,True
No openly gay man has ever been elected to the Georgia Legislature.,true,false,"['false', 'mostly-false', 'pants-fire', 'true']",4,True
The Republican tax and spending bill will let President Donald Trump “delay or cancel elections — legally.”,false,false,"['false', 'pants-fire']",2,True
"“You know how many convicted felons Scott Walker let out during his eight years early on parole? Zero. Tony Evers is approaching 1,000 of these that he’s let out early.""",pants-fire,false,"['false', 'mostly-false', 'pants-fire']",3,True
"""Facts have come to light that indicate that a pivotal, close election was likely changed through voter fraud on November 8, 2016: New Hampshire’s U.S. Senate Seat, and perhaps also New Hampshire’s four Electoral College votes in the presidential election.""",false,false,"['false', 'mostly-false', 'pants-fire']",3,True
"Says people who signed recall petitions against Wisconsin state Sen. Jim Holperin received ""harassing phone calls from out-of-state telemarketers claiming to represent the Democratic Party and insinuating foul play by petition circulators.""",true,true,"['true', 'false']",2,True
"Says immigrants with temporary protections in Springfield, Ohio, are “illegal immigrants.”",false,false,"['false', 'mostly-false', 'pants-fire']",3,True
The Arizona gubernatorial race was a “fraudulent election.”,pants-fire,false,"['false', 'pants-fire']",2,True
"“Since 1981, the state Senate has only rejected five executive appointments. The GOP today is more than doubling that number.”",true,false,"['false', 'mostly-false', 'true', 'half-true', 'mostly-true', 'pants-fire']",6,True
"""I’m the first Democrat to ever lead Scott Walker in an election year.""",false,false,"['false', 'mostly-false', 'pants-fire', 'half-true']",4,True
Georgia’s new voting law “makes it a JAIL-TIME CRIME to drop off grandma’s absentee ballot in a dropbox.”,false,false,"['false', 'mostly-false']",2,True
Wisconsin elections administrator Meagan Wolfe “allowed for the use of illegal drop boxes and ballot harvesting.”,false,false,['false'],1,True
A Georgia law has not “criminalized giving people bottles of water.” It pertains to political organizations.,mostly-false,false,"['false', 'mostly-false', 'half-true', 'pants-fire']",4,True
"""An overwhelming majority of Republican and Democrat law enforcement leaders have endorsed Brad Schimel.""",half-true,half-true,"['half-true', 'mostly-true', 'false']",3,True
"Says Paul Ryan ""is still endorsing Trump.""",true,true,"['true', 'false']",2,True
"A zero-tolerance policy during the Trump administration ""led to less family separation than under Kamala Harris' border policies.”",false,false,"['false', 'mostly-false', 'pants-fire']",3,True
"A printer error in Nassau County, New York, turned every registered voter Democratic.",mostly-false,false,"['false', 'mostly-false']",2,True
Says opponent Eric Hovde “supports a $4 trillion tax plan that would disproportionately advantage the well-off and profitable corporations”,mostly-true,false,"['false', 'mostly-false', 'true', 'half-true']",4,False
"Says Hillary Clinton ""shows up in Broward County"" and had a private meeting with elections supervisor Brenda Snipes.",pants-fire,false,"['false', 'pants-fire', 'mostly-false']",3,True
"""For the hour after the (Jan. 14) debate, 'Debra Medina' was the No. 1 search on Google and for the remainder of that night No. 3.""",false,false,"['false', 'mostly-false', 'half-true', 'pants-fire']",4,True
"""Mitt Romney did not run his campaign on the basis of arguing his experience in the business world was a reason to vote for him.""",pants-fire,false,"['false', 'pants-fire']",2,True
"Says the T.R.U.M.P. Act, which would force presidential candidates to release their tax returns to run in North Carolina, ""has a lot of support – by a majority of North Carolinians and members of both parties.""",mostly-true,true,"['true', 'mostly-true', 'false', 'mostly-false', 'half-true']",5,True
"“A STOLEN ELECTION: State totals minus illegal ballot trafficking numbers give President Trump decisive victories in AZ, GA, MI, PA, and WI.”",false,false,"['false', 'pants-fire']",2,True
Says there is an upcoming vote to preserve benefits of Texas homestead exemption for seniors and the disabled.,pants-fire,false,"['false', 'pants-fire']",2,True
"""California is home to the largest death row population in the Western Hemisphere.""",true,false,"['false', 'true', 'mostly-false', 'pants-fire']",4,True
I spent only $36.29 on my campaign for governor.,true,true,"['true', 'false', 'mostly-true', 'mostly-false', 'half-true']",5,True
Says there are “indications of grossly improper conduct from election officials right here in my district.”,false,false,"['false', 'mostly-false', 'half-true']",3,True
"""An analysis showed that Bernie Sanders would have won the Democratic nomination if it were not for the Super Delegates.""",false,false,"['false', 'mostly-false']",2,True
“Phony” ballots “were printed without my name on it.”,mostly-false,false,"['false', 'mostly-false', 'pants-fire', 'half-true']",4,True
“North Carolina has the longest voting period in the country … and we have the most ways of voting.”,half-true,false,"['false', 'mostly-false', 'half-true', 'mostly-true', 'true', 'pants-fire']",6,True
"“Did you see President Trump’s RECORD TURNOUT? Iowa - 32,389 Republicans.”",half-true,true,"['true', 'false', 'half-true', 'mostly-false', 'mostly-true']",5,True
"""Missouri registered 78,421 in just one week of February of this year. Out of that number, 23,253 were dead people!""",false,false,"['false', 'mostly-false', 'pants-fire']",3,True
"""The son-in-law of the president met with Russian officials at the Trump Tower after having them come in the back door.""",mostly-true,false,"['false', 'mostly-true', 'half-true', 'mostly-false', 'pants-fire', 'true']",6,True
"Says recall organizers ""started their website last November"" and began work on their effort before he even took office.",false,false,"['false', 'mostly-false', 'pants-fire', 'half-true']",4,True
"“They call” Jan. 6 “an insurrection,” but “were FBI agents used as political agitators?""",false,false,"['false', 'pants-fire']",2,True
"""Fact: Hillary Clinton received 80% of the vote in Pittsburgh.""",mostly-true,false,"['false', 'mostly-false', 'pants-fire']",3,False
"“Polling center tells some Republicans they ‘already voted’"" in the California recall election.",half-true,false,"['false', 'mostly-false', 'pants-fire']",3,False
"""Over 20 percent of the electorate is Hispanic"" in Florida.",half-true,false,"['false', 'mostly-false', 'half-true']",3,True
“It’s now been confirmed by Dominion that their voting machines have a programming issue that will affect vote counts.”,false,false,"['false', 'mostly-false', 'half-true']",3,True
"Says Tony Thurmond was ""sued by the ACLU"" for leaving students in unsafe conditions.",false,false,"['false', 'mostly-false', 'half-true', 'pants-fire', 'mostly-true']",5,True
"Kari Lake and Mark Finchem “have said that they will only honor the results of an election if they agree with it.""",mostly-true,false,"['false', 'mostly-false']",2,False
"""Ballot dumps"" in Pennsylvania, California, North Carolina, Alaska and Wisconsin show election officials are improperly “flipping"" down-ballot seats for Democrats.",pants-fire,false,"['false', 'mostly-false', 'pants-fire']",3,True
“The racial wealth gap is the smallest it’s been in 20 years.”,half-true,false,"['false', 'mostly-false', 'half-true', 'mostly-true', 'true']",5,True
“MSNBC announced Trump won 2020 election.”,pants-fire,false,"['false', 'pants-fire']",2,True
"""We continue to see these isolated incidents of people trying to vote five, six times a day.""",false,false,"['false', 'pants-fire']",2,True
"Because of voter fraud, Republican candidates ""need to do a point or two better"" to win statewide elections in Wisconsin.",false,false,"['false', 'pants-fire', 'mostly-false']",3,True
"""Big victory moments ago in the State of Nevada. The all Democrat County Commissioner race, on same ballot as President, just thrown out because of large scale voter discrepancy.""",false,false,"['false', 'pants-fire', 'mostly-false']",3,True
"“MAGA Republicans like Kari Lake support Project 2025, which would raise the retirement age for 73% of Arizonans.”",mostly-false,false,"['false', 'mostly-false', 'pants-fire']",3,True
Kamala Harris’ statements about Trump invoking Adolf Hitler were based on a “debunked hoax from The Atlantic.”,false,false,"['false', 'pants-fire']",2,True
"""FEC charges (Beto O'Rourke's 2018 campaign) Illegal Campaign Contributions.""",mostly-false,false,"['false', 'mostly-false', 'pants-fire']",3,True
"Says a Sanders campaign ad ""never said ... a newspaper endorsed us that did not.""",false,false,"['false', 'mostly-false']",2,True
“Hoadley called women ‘breeders.’... wanted to learn about crystal meth and wrote that his sexual partners were his victims. Hoadley even wrote about a four year-old wearing a thong.”,mostly-false,false,"['false', 'mostly-false', 'pants-fire']",3,True
"Says the Senate Intelligence Committee has held 10 public hearings this year, ""more than double that held by the committee in any recent year.""",true,true,['true'],1,True
"The Senate seat won in a special election by a Democrat had been ""held for more than thirty years by Republicans.""",false,false,"['false', 'mostly-false']",2,True
"Of Gaza, “I’ve been there.”",false,false,"['false', 'pants-fire']",2,True
"""Daniel Webster said he's out. Now he says he's in.""",true,true,"['true', 'false']",2,True
“Wisconsin found 112k votes at 3am.”,false,false,"['false', 'mostly-false']",2,True
Says King Street Patriots held a fundraiser featuring an author who believes that registering the poor to vote is un-American.,true,false,"['false', 'true', 'mostly-false', 'pants-fire', 'half-true']",5,True
“Biden agreed to a recount” in the 2024 presidential election.,false,false,"['false', 'pants-fire', 'mostly-false']",3,True
"""The NSA and FBI tell Congress that Russia did not influence electoral process.""",false,false,"['false', 'mostly-false', 'pants-fire']",3,True
"""Debate moderators made the false claim to Donald Trump that there is nowhere in the United States where abortion is legal up until birth.""",false,false,"['false', 'pants-fire']",2,True
"""Collusion is not a crime.""",mostly-false,false,"['false', 'mostly-false', 'pants-fire']",3,True
"In Fordyce, Arkansas, voting machines changed votes from Republican to Democrat.",pants-fire,false,"['false', 'pants-fire']",2,True
"Bird flu in the U.S. is a ""scamdemic"" timed to coincide with the 2024 presidential elections “by design.”",false,false,"['false', 'pants-fire', 'mostly-false']",3,True
“Leftists” sent “Proud Boys” emails threatening Democratic voters.,false,false,"['false', 'pants-fire']",2,True
"Says he posted a ""win"" in the Republican Party of Wisconsin endorsement contest in the U.S. Senate primary.",mostly-true,mostly-true,"['mostly-true', 'half-true', 'true', 'false']",4,True
"""Republicans are attempting to remove Barack Obama from Georgia’s Presidential Ballot in 2012.""",half-true,false,"['false', 'half-true', 'mostly-false', 'mostly-true']",4,True
"""The Republican who was just elected governor of the great state of Florida paid his campaign staffers, not with money, but with American Express gift cards.""",half-true,false,"['false', 'half-true', 'mostly-true', 'true', 'mostly-false']",5,True
“They are trying to make it illegal to question the results of a bad election.”,false,false,"['false', 'pants-fire']",2,True
"""Send your postcards to 5 key states to decertify fraud” in the 2020 election.",pants-fire,false,"['false', 'pants-fire']",2,True
An obscure filing with the Federal Election Commission shows Biden has formally announced his bid for another term.,false,false,"['false', 'pants-fire']",2,True
Says Rick Perry co-chaired Al Gore’s campaign for president.,half-true,false,"['false', 'mostly-false', 'half-true']",3,True
"“It now appears there actually was meaningful voter fraud in Fulton County, Georgia, last November. That is not a conspiracy theory. It's true.”",false,false,"['false', 'pants-fire', 'mostly-false']",3,True
"Voting for ""any Democrat"" gets you ""socialism ... undefended open borders ... immediate tax increases ... 100 percent government-run health care ...""",pants-fire,false,"['false', 'mostly-false', 'pants-fire']",3,True
President-elect Donald Trump “has been to Epstein’s island”,false,false,"['false', 'mostly-false', 'pants-fire']",3,True
"Russia’s interference in the 2016 election amounted to ""a couple of Facebook ads.""",pants-fire,false,"['false', 'pants-fire', 'mostly-false']",3,True
“I certainly supported Barack Obama and Joe Biden. ... I was there both times for them.”,half-true,false,"['false', 'mostly-false', 'half-true', 'mostly-true', 'pants-fire']",5,True
"""We had a massive landslide victory, as you know, in the Electoral College.""",false,false,"['false', 'mostly-false', 'pants-fire']",3,True
"""More Tennesseans have hunting and fishing licenses than vote.""",false,false,"['false', 'mostly-false']",2,True
Says Josh Mandel’s campaign is under FBI investigation,false,false,"['false', 'pants-fire']",2,True
"Under the SAVE Act, “as long as you have a Real ID … it should be easy for you to register to vote.”",mostly-false,false,"['false', 'mostly-false', 'pants-fire', 'half-true']",4,True
“CAN I CHANGE MY VOTE? ... The answer in most states is YES.”,mostly-false,false,"['false', 'mostly-false', 'pants-fire']",3,True
"In Texas, a person can register a dead relative to vote and then cast a mail ballot in their name.",mostly-false,false,"['false', 'mostly-false']",2,True
"As attorney general, Catherine Cortez Masto “opposed tougher laws on methamphetamine dealers.”",mostly-false,false,"['false', 'mostly-false', 'pants-fire', 'half-true']",4,True
"Voter identification laws make it complicated and expensive to get an ID, essentially instituting a modern-day poll tax.",mostly-false,mostly-false,"['mostly-false', 'false', 'half-true', 'mostly-true', 'pants-fire']",5,True
"Says President Barack Obama “spied on my campaign, and got caught!”",false,false,"['false', 'mostly-false', 'pants-fire']",3,True
"On the day of the Dec. 6 runoff, “armed groups of Black Panthers” were “reportedly patrolling certain voting locations” in Georgia.",false,false,"['false', 'pants-fire', 'mostly-false']",3,True
"“Gina Haspel, CIA head is dead!”",pants-fire,false,"['false', 'pants-fire']",2,True
“Breaking: Trump names Boebert secretary of education”,false,false,"['false', 'pants-fire']",2,True
“Kamala involved in P-Diddy’s rapes and assaults.”,pants-fire,false,"['false', 'pants-fire']",2,True
"""New York consistently ranks as one of the worst voting turnout states in the nation.""",true,false,"['false', 'true', 'mostly-false']",3,True
"“2,038 suicides have been reported (Nov. 6) following Donald Trump’s election win.”",false,false,"['false', 'pants-fire']",2,True
Kamala Harris wants people to stop saying “Merry Christmas.”,false,false,"['false', 'mostly-false']",2,True
"In 2020, Trump “did much better” in the Wisconsin election than 2016, and “after the wrongdoing was found, people said, ‘Well, he actually did win.’”",pants-fire,false,"['false', 'pants-fire']",2,True
"Social media posts stated: “Remember Kamala telling Joe during the debate, ‘You will do whatever the Chinese tell you! They gave your son over a billion dollars.’”",pants-fire,false,"['false', 'pants-fire']",2,True
"In Texas, ""the No. 1 name for new male babies — many of whom will vote one day — is Jose.""",true,true,['true'],1,True
The Supreme Court “has decided to take up the Texas case.”,false,false,"['false', 'pants-fire', 'mostly-false']",3,True
"""The Democrats want to invite caravan after caravan of illegal aliens into our country. And they want to sign them up for free health care, free welfare, free education, and for the right to vote.""",false,false,"['false', 'mostly-false', 'pants-fire']",3,True
“Barack Obama signals That Democrats Intend to Cheat in the Virginia Governor’s Election.”,false,false,"['false', 'mostly-false', 'pants-fire']",3,True
"""The majority last quarter of Sherrod Brown's campaign contributions came from outside of the state of Ohio.""",false,false,"['false', 'mostly-false']",2,True
Goodyear Tires “announced a BAN ON MAGA HATS…This is what the Radical Left Democrats do.”,mostly-false,false,"['false', 'mostly-false']",2,True
"""Ronald Reagan’s signature on the 1986 amnesty act"" gave Barack Obama about 15 million additional Hispanic votes in 2012.",false,false,"['false', 'pants-fire', 'mostly-false']",3,True
“Biden admits to voter fraud.”,false,false,"['false', 'mostly-false', 'pants-fire']",3,True
"The Republican National Convention ""is a Super Bowl times four.""",false,false,"['false', 'mostly-false', 'pants-fire']",3,True
Says House candidate Jon Hoadley voted to defund the police,false,false,"['false', 'mostly-false']",2,True
"""Thanks to you, in under one week we have the largest GOP (Facebook) page in the Governor's race!""",true,true,['true'],1,True
"Speaking about Hillary Clinton: “I didn’t say, ‘Lock her up.’ ”",pants-fire,false,"['false', 'pants-fire', 'mostly-false']",3,True
“Republicans want to raise the voting to age 28.”,false,false,"['false', 'mostly-false', 'pants-fire']",3,True
The storming of the Capitol was staged.,false,false,['false'],1,True
"Says if elected, he would be the first Mayor who lives east of 82nd.",true,true,['true'],1,True
Says Nancy Pelosi has “suspicious ties” to a voting software company that was involved in glitches that favored Joe Biden.,mostly-false,false,"['false', 'mostly-false', 'half-true', 'pants-fire']",4,True
"""Wisconsin is one of the few states in the country that do not currently require a photographic identification"" to vote.",false,false,['false'],1,True
Proposed Nevada constitutional amendment to protect abortion rights would put “essentially no limit on access to abortion.”,false,false,"['false', 'mostly-false', 'pants-fire']",3,True
"Says Pennsylvania Republican nominee for Congress Fred Keller ""was a 50-50 shot"" before his landslide victory.",false,false,"['false', 'mostly-false', 'pants-fire']",3,True
"""Ted Cruz is mathematically out of winning the race.""",mostly-true,false,"['false', 'mostly-false', 'pants-fire']",3,False
"""The fact is voter fraud is rampant.""",pants-fire,false,"['false', 'mostly-false', 'pants-fire']",3,True
"Unemployment numbers ""are artificial numbers. These are numbers that are massaged to make the existing economy look good, to make this administration look good when, in fact, it's a total disaster.""",pants-fire,false,"['false', 'mostly-false', 'half-true', 'pants-fire']",4,True
"In Springfield, Ohio, “murders are up by 81%.”",mostly-false,false,"['false', 'mostly-false', 'pants-fire']",3,True
"""The use of ballot drop boxes and ballot harvesting is illegal.”",mostly-false,false,"['false', 'mostly-false', 'pants-fire', 'half-true']",4,True
"Sen. Bob Casey ""has voted in lockstep with his liberal party to defund the police.""",false,false,"['false', 'mostly-false', 'half-true', 'pants-fire']",4,True
"""[Hillary Clinton]'s not trusted -- virtually at all.""",mostly-false,false,"['false', 'mostly-false', 'half-true', 'pants-fire']",4,True
The 2020 election was the only time in American history that an election took more than 24 hours to count.,false,false,['false'],1,True
"""55 percent of the people who cast a provisional ballot (in Florida) in the last presidential election -- their vote did not count.""",mostly-true,false,"['false', 'mostly-true', 'mostly-false', 'half-true']",4,True
"Obamacare includes a ""$700 billion cut from Medicare for seniors.""",half-true,false,"['false', 'half-true', 'mostly-false', 'mostly-true']",4,True
"""The last six polls, including this week's Time magazine, show that I beat John McCain by six or seven points.""",mostly-true,mostly-true,"['mostly-true', 'half-true', 'mostly-false', 'false']",4,True
"""The Electoral College is much more advantageous for Democrats.""",false,false,"['false', 'mostly-false', 'pants-fire', 'half-true']",4,True
"""Update: van full of illegals caught voting at multiple Alabama polling locations.""",pants-fire,false,"['false', 'pants-fire']",2,True
"There are ""a larger number of shark attacks in Florida than there are cases of voter fraud.""",mostly-true,false,"['false', 'mostly-true', 'half-true', 'mostly-false', 'true']",5,True
"""Millions of dollars are spent by Planned Parenthood to elect Democrats to the House of Representatives and the Senate.""",mostly-true,mostly-true,"['mostly-true', 'half-true', 'false', 'mostly-false', 'true']",5,True
"""The standard of voting in North Dakota is the easiest in the country.""",mostly-false,false,"['false', 'mostly-false', 'pants-fire', 'half-true']",4,True
"Ten times, no Republican candidate for president had enough delegates to claim the nomination before the party’s convention, and seven of those times ""somebody who was not the leader of delegates was selected as the nominee of the party.""",mostly-true,mostly-true,"['mostly-true', 'half-true', 'false', 'mostly-false', 'true', 'pants-fire']",6,True
"Says that to drive the length of the newly drawn 15th District ""you’d find yourself on the road as long as it would take to drive from Columbus to Niagara Falls.""",mostly-true,false,"['false', 'mostly-true', 'mostly-false', 'half-true', 'true', 'pants-fire']",6,True
"In Wisconsin, ""300,000 voters were turned away by the state’s strict voter ID law"" in the 2016 presidential election.",false,false,"['false', 'pants-fire']",2,True
"Zero votes for 2024 Democratic presidential nominee Kamala Harris in Rockland County, New York, precinct proves Elon Musk hacked 2024 presidential election.",false,false,"['false', 'pants-fire']",2,True
"Says Beto O’Rourke crashed into barriers, ""causing a collision while driving drunk, then fleeing the scene to avoid accountability.""",mostly-true,false,"['false', 'mostly-false']",2,False
"""Ten retired nuns were barred from voting in the 2008 Indiana Democratic primary.""",half-true,half-true,"['half-true', 'false', 'mostly-false', 'mostly-true', 'true']",5,True
Former President Jimmy Carter said “don’t ever use” mail in ballots because “they can be so easily corrupted.”,false,false,"['false', 'pants-fire', 'mostly-false']",3,True
"Says City Blue Imaging Services in Rochester, N.Y. “printed ballots there. If you search them you’ll see they’re the ones who had ballots misprint errors for the ballots sent to NYC.”",false,false,"['false', 'mostly-false', 'pants-fire']",3,True
"“California voters to be able to download ballots at home for recall election, sparking security concerns.”",mostly-false,false,"['false', 'mostly-false', 'half-true', 'pants-fire', 'true']",5,True
"""Voter FRAUD exposed in Georgia. Over 2600 votes 'FOUND.'""",mostly-false,false,"['false', 'mostly-false', 'half-true']",3,True
A Melania Trump impostor accompanied former President Donald Trump to the polls Nov. 5.,false,false,"['false', 'pants-fire']",2,True
"""Bruce Rauner is of record that he will fully support the Trump candidacy. It's documented. It’s available.""",mostly-true,false,"['false', 'mostly-false', 'half-true', 'mostly-true', 'true', 'pants-fire']",6,True
"Voter turnout for some groups in the 2008 presidential general election in Georgia ""was far greater than it should have been demographically.""",mostly-true,false,"['false', 'mostly-false', 'mostly-true', 'half-true', 'pants-fire']",5,True
"""About half of the presidents have been governors; half of them, senators.""",false,false,"['false', 'mostly-false', 'pants-fire']",3,True
"Scott Walker ""had a 2.3 GPA when he was asked to leave Marquette University for cheating.""",false,false,"['false', 'pants-fire', 'mostly-false']",3,True
"Says Missouri Democratic Senate candidate Jason Kander is ""attending fancy dinners all over the country.""",mostly-false,false,"['false', 'mostly-false', 'half-true', 'mostly-true', 'pants-fire']",5,True
"Says the NC elections board received ""no calls"" after alerting Bladen County voters to possible absentee ballot fraud.",false,false,"['false', 'mostly-false', 'pants-fire']",3,True
California voters who go to the polls to vote in person will be “TURNED AWAY & CANNOT VOTE” unless they change their voting preference to “NO to mail in voting.”,pants-fire,false,"['false', 'pants-fire']",2,True
“This week the military was moving big equipment into the major big cities preparing for the Maricopa audit results.”,false,false,"['false', 'pants-fire']",2,True
Says Texas proved in court that more than 200 dead people voted in the latest Texas election.,mostly-false,false,"['false', 'mostly-false', 'half-true', 'pants-fire', 'true']",5,True
“Sephora donated BIG to Trump’s campaign.”,false,false,"['false', 'pants-fire']",2,True
"Atlanta Mayor Kasim Reed became a city resident in the last annexation, opening the door to his candidacy.",mostly-true,mostly-true,"['mostly-true', 'half-true', 'false', 'mostly-false', 'true']",5,True
"""There’s no correlation between primary turnout and wins in the fall in the last 11 elections.""",true,false,"['false', 'mostly-false', 'half-true', 'true', 'mostly-true']",5,True
"Says Kanye West got 40,000 votes in the presidential election in Kentucky.",false,false,"['false', 'pants-fire']",2,True
Poll watchers in Philadelphia “were thrown out.”,false,false,"['false', 'mostly-false', 'pants-fire']",3,True
"""During the last election, Democrats won over a million votes more than Republicans, but because of the way districts are designed, the Republicans got 33 more members of the House of Representatives than the Democrats did.""",mostly-true,false,"['false', 'true', 'half-true', 'mostly-true', 'mostly-false', 'pants-fire']",6,True
"Gavin Newsom was ""the first to take on the National Rifle Association and win.""",false,false,"['false', 'mostly-false', 'pants-fire']",3,True
"Greg Abbott ""heads up a party whose platform calls for the repeal of the Voting Rights Act.""",mostly-true,false,"['false', 'mostly-false', 'pants-fire']",3,False
Claims to be endorsed by the Democratic Party.,false,false,"['false', 'mostly-false']",2,True
"Last year, Democrats won nearly 50% of the vote, yet they hold only 38% of the seats in the state House and 30% of the seats in the state Senate.",mostly-true,false,"['false', 'mostly-false', 'half-true', 'mostly-true', 'true']",5,True
"Says Joe Biden received a sudden influx of 138,339 votes in Michigan while Donald Trump received none.",false,false,"['false', 'mostly-false', 'pants-fire']",3,True
"""Joe Biden tells voters he's 'going to beat Joe Biden.'""",false,false,"['false', 'mostly-false']",2,True
"Says Rep. Maxine Waters, D-Calif., only needs about 40,000 to 50,000 votes to win election to Congress compared with the 120,000 votes King needs, because Waters has a higher immigrant population.",half-true,false,"['false', 'mostly-false', 'pants-fire', 'half-true']",4,True
"“60% of Alaska voters voted for a Republican, but thanks to a convoluted process and ballot exhaustion — which disenfranchises voters — a Democrat ‘won.’""",mostly-false,false,"['false', 'mostly-false', 'half-true', 'pants-fire']",4,True
"""The president and vice president can't be from the same state.""",false,false,"['false', 'mostly-false', 'pants-fire', 'half-true', 'true']",5,True
"Four Florida counties had “zero results” Oct. 26, and “something underhanded might be happening.”",false,false,"['false', 'mostly-false']",2,True
"An April 7, 2015 referendum would take ""the choice of chief justice"" of the Wisconsin Supreme Court ""away from the people.""",mostly-false,false,"['false', 'mostly-false', 'pants-fire']",3,True
"Says ""nearly half"" of House Republicans have supported a nonpartisan redistricting bill.",half-true,false,"['false', 'mostly-false', 'half-true', 'mostly-true', 'pants-fire']",5,True
"When asked if she supports the Build Back Better bill, Abby Finkenauer said that she didn’t know what was in it.",mostly-false,false,"['false', 'mostly-false', 'half-true', 'true', 'mostly-true', 'pants-fire']",6,True
“A Milwaukee election employee even acknowledged dropping off just the margin of ballots needed for a Biden win at 3 a.m.”,pants-fire,false,"['false', 'pants-fire']",2,True
There are “22 million illegal aliens living in America and ... voting illegally.”,false,false,"['false', 'pants-fire']",2,True
"It’s legal to ""sign a recall petition (against Gov. Scott Walker) even if you have already signed another recall petition,"" but only one signature counts",true,true,"['true', 'false']",2,True
"CNN's David Chalian referred to Michelle Obama as ""Big Mike"" on air during presidential debate coverage.",false,false,"['false', 'pants-fire']",2,True
"At this point in 2012, ""Rick Perry was ahead at 29.9 percent, and we had seven more leads before it finally settled on Mitt Romney.""",mostly-true,true,"['true', 'false', 'mostly-true', 'mostly-false', 'half-true']",5,True
"The voting bill known as H.R. 1 would mean “that millions of illegal immigrants are quickly registered to vote.""",false,false,"['false', 'mostly-false', 'pants-fire']",3,True
"Group “identifies 12,547 illegal votes” in Georgia's 2020 election results, “exceeds margin of victory in the state.”",false,false,"['false', 'mostly-false', 'pants-fire']",3,True
"""America has more governors who’ve worn blackface than black governors.""",true,false,"['false', 'pants-fire', 'mostly-false']",3,False
"Liberty University students ""were mandated"" to attend Sen. Ted Cruz’s presidential announcement ""or they would be fined.""",true,false,"['false', 'true', 'mostly-false']",3,True
"“Gasoline prices are now $5, $6, $7 and even $8 a gallon.”",mostly-false,false,"['false', 'pants-fire']",2,False
"""It’s going to be harder to vote in Virginia than it is now to buy a gun...""",half-true,false,"['false', 'mostly-false', 'pants-fire']",3,False
"Says Gov. Rick Perry is ""by far and away the highest-paid state employee on an hourly basis.""",pants-fire,false,"['false', 'mostly-false', 'pants-fire', 'half-true', 'true']",5,True
Kamala Harris’ “plan to tax unrecognized Capital Gains mean(s) if your house goes up in value you will have to pay that Tax Even if you don’t sell your House!”,mostly-false,false,"['false', 'mostly-false', 'pants-fire', 'half-true']",4,True
"""13,000 Floridians are able to vote -- but their governor won't tell them.""",false,false,"['false', 'mostly-false', 'half-true', 'mostly-true', 'pants-fire', 'true']",6,True
Philadelphia is “clouding the vote counting in a shroud of darkness.”,false,false,"['false', 'mostly-false']",2,True
"Says Pete Buttigieg ran statewide in Indiana and ""lost by 20 points.""",true,false,"['false', 'mostly-false', 'pants-fire']",3,False
"""Black Panthers Just Took Over City (Atlanta) – All Out War On Election Day""",pants-fire,false,"['false', 'pants-fire']",2,True
The Oregon secretary of state “removed” former President Donald Trump and U.S. Sen. JD Vance from “the official state website.”,false,false,"['false', 'pants-fire']",2,True
Public-employee unions spent $30 million in Wisconsin unsuccessfully trying to flip the state Senate to Democratic control.,false,false,"['false', 'mostly-false', 'pants-fire']",3,True
"""WOW county swing suburban voters (in Wisconsin) don't vote for Donald Trump.”",true,false,"['false', 'mostly-false', 'true', 'half-true']",4,True
"""As the election tracker FiveThirtyEight has reported, whoever wins Pennsylvania will be our next President.""",mostly-false,false,"['false', 'mostly-false', 'half-true', 'pants-fire']",4,True
"Officials in Fairfax, Va., gave 100,000 Trump votes to Biden.",mostly-false,false,"['false', 'mostly-false']",2,True
"“All the billionaires in America, their net worth combined … has increased by $800 billion” during the pandemic.",mostly-true,false,"['false', 'mostly-false', 'half-true', 'mostly-true', 'true']",5,True
"Says Doug Jones ""is for full-term abortion.""",false,false,"['false', 'mostly-false', 'pants-fire', 'half-true']",4,True
Says there were over 600 reports of Texas votes for Donald Trump in the state’s 2016 Republican primary virtually all getting tallied for Marco Rubio.,pants-fire,false,"['false', 'mostly-false', 'pants-fire', 'half-true']",4,True
"Charleroi, Pennsylvania, “has grown by 2,000% due to an influx in migrants.”",false,false,"['false', 'mostly-false', 'pants-fire', 'half-true']",4,True
"Says Madison Mayor Paul Soglin's stated intent when proposing that city contractors disclose private political donations was to ""discourage contributions to organizations with which he disagrees.""",true,true,"['true', 'false', 'mostly-true', 'half-true', 'mostly-false']",5,True
"The GOP-controlled Legislature has ""refused to act on at least 150"" appointees of Gov. Tony Evers.",true,true,"['true', 'false', 'mostly-false', 'mostly-true']",4,True
"""Nazi imagery [was used] by the Block for Governor campaign to describe supporters of Allan Fung for Governor.""",false,false,"['false', 'mostly-false', 'pants-fire', 'half-true']",4,True
"We’ve broken ""by millions"" the all-time record for votes in a GOP presidential primary election.",false,false,"['false', 'mostly-false', 'pants-fire']",3,True
Democrats paid Beyoncé $11 million for an endorsement.,false,false,"['false', 'pants-fire']",2,True
"""Democrats have forced a special election""",false,false,"['false', 'mostly-false', 'half-true']",3,True
Ruben Gallego wants to “cut your Social Security.”,false,false,"['false', 'mostly-false']",2,True
"""Wisconsin uses voting machines that are outlawed, they are illegal.""",pants-fire,false,"['false', 'pants-fire']",2,True
"""Legally, it doesn't make any difference"" which state district you live in when running for Congress.",true,true,['true'],1,True
"Georgia Gov. Brian Kemp was calling President Joe Biden after Hurricane Helene but ""hasn't been able to get him.”",false,false,"['false', 'pants-fire']",2,True
"Public employees receive ""something like 25 percent of the paychecks that are issued in Rhode Island.""",false,false,"['false', 'mostly-false']",2,True
North Carolina’s new voting rules in response to Hurricane Helene amount to “cheating” or “stealing.”,pants-fire,false,"['false', 'mostly-false', 'pants-fire', 'half-true']",4,True
"North Carolina “always had nonpartisan judicial races, and when the Republicans took over several years ago they changed it.”",mostly-false,false,"['false', 'mostly-false', 'pants-fire', 'half-true']",4,True
"Voter fraud provided ""a portion"" of the margin of victory of Democrat John Lehman over Republican Sen. Van Wanggaard in a state Senate recall election.",false,false,"['false', 'pants-fire', 'mostly-false']",3,True
"San Francisco and Takoma Park, Md., are ""allowing illegals to vote.""",half-true,false,"['false', 'mostly-false', 'pants-fire']",3,False
Voting-rights legislation proposed by Democrats in Congress called H.R. 1 “would force states to restore the voting rights of convicted felons—including violent felons convicted of murder or rape.”,half-true,false,"['false', 'mostly-false', 'half-true']",3,True
"The effort to recall California Gov. Gavin Newsom is ""a coup.""",pants-fire,false,"['false', 'mostly-false', 'pants-fire']",3,True
"With voting by mail, “you get thousands and thousands of people sitting in somebody's living room, signing ballots all over the place.”",false,false,"['false', 'mostly-false', 'pants-fire']",3,True
"""Iowa's Republican caucus stopped mattering years ago. It in no way determines the party nominee.""",half-true,mostly-false,"['mostly-false', 'false', 'half-true', 'mostly-true', 'true']",5,True
"""In Florida felonies can be things like buying weed, tampering with an odometer or disturbing a lobster trap. So basically spring break.""",mostly-true,true,"['true', 'false', 'half-true']",3,False
"""Any Floridian who has ever requested an absentee ballot henceforth gets one automatically.""",false,false,"['false', 'mostly-false']",2,True
"""Three hundred sixty thousand Pennsylvanians fought on the side of the Union to defeat the flag, that Confederate flag, including more Black soldiers coming from Pennsylvania than any other state in the nation.""",mostly-true,true,"['true', 'mostly-true', 'half-true', 'false', 'mostly-false']",5,True
"Democrats have ""lost more than 900 state legislators"" since Barack Obama has been president.",true,true,"['true', 'false']",2,True
"Ranked-choice voting “increases voter turnout and voter engagement.""",mostly-false,mostly-true,"['mostly-true', 'half-true', 'false', 'mostly-false', 'true']",5,True
"Claims that Obama said, ""For those who oppose our policies, you should just shut up and go away.""",false,false,"['false', 'mostly-false', 'pants-fire']",3,True
"""Apple and Amazon already operate in many states that require levels of voter ID.""",true,true,"['true', 'false']",2,True
Thousands of military ballots were found in the trash in Wisconsin.,false,false,"['false', 'pants-fire']",2,True
"Superdelegates ""have never been a determining factor in who our nominee is since they've been in place since 1984.""",mostly-true,false,"['false', 'mostly-false', 'half-true', 'pants-fire']",4,False
"Says that in Texas, Republican nominees ""get 40 percent of the Latino vote on average.""",mostly-true,false,"['false', 'mostly-false', 'pants-fire', 'half-true']",4,False
"An email from Hillary Clinton to Donna Brazile Oct.17th, 2016 stated: ""If that f-----’ bastard wins, we’re all going to hang from nooses! You better fix this s---!""",pants-fire,false,"['false', 'pants-fire']",2,True
“Biden’s DOJ was authorized to use DEADLY FORCE” in Mar-a-Lago raid. Biden was “locked and loaded” and “ready to take me out.”,pants-fire,false,"['false', 'pants-fire']",2,True
The Lincoln Project is “using A.I. (Artificial Intelligence)” in its “television commercials.”,false,false,"['false', 'pants-fire', 'mostly-false']",3,True
"Because the Federal Reserve recently cut interest rates to near 0%, “the Fed will be of little consequence now. They’ve already used what leverage they have.”",false,false,"['false', 'mostly-false', 'half-true', 'pants-fire']",4,True
"""Going to public financing really disadvantages Democrats because you're not able to raise funds between the day you win the primaries and the time you're officially nominated.""",half-true,half-true,"['half-true', 'mostly-true', 'false']",3,True
"""Roy Moore takes the military vote, pulls ahead by 5,000 votes""",pants-fire,false,"['false', 'pants-fire']",2,True
"“There were several states where outside actors dramatically changed the rules of the road, so to speak, two weeks out, one week out, on how elections would be run.”",mostly-false,mostly-false,"['mostly-false', 'false', 'half-true', 'mostly-true', 'pants-fire']",5,True
Says shredded ballots were found in Dell boxes in Georgia,pants-fire,false,"['false', 'pants-fire']",2,True
"“Last year, Pennsylvania elected officials passed a whole new law that allows universal mail-in balloting, and did it irregardless of what the Pennsylvania Constitution said.”",mostly-false,false,"['false', 'mostly-false', 'pants-fire']",3,True
"Challenger Tim Tuggey ""is a lobbyist who donated over $41,000 to Democrats who support abortion and same-sex marriage.""",mostly-false,false,"['false', 'mostly-false', 'half-true', 'mostly-true']",4,True
"Texas ""had the highest level of turnout than ever before in the primary.""",half-true,false,"['false', 'mostly-false', 'pants-fire', 'half-true']",4,True
"""The servers of the Pakistani gentleman that worked on the DNC"" are ""missing.""",false,false,"['false', 'pants-fire']",2,True
"""We have a tax code that allows groups to use their political operations within the tax code, under the guise of a charity, to use undisclosed millions of dollars to do political campaigns.""",mostly-true,false,"['false', 'mostly-false', 'half-true', 'mostly-true', 'pants-fire', 'true']",6,True
"Gov. Sarah Palin ""got precisely zero support for her call for Alaska's Democratic Senator Mark Begich to resign because Ted Stevens' corruption conviction was overturned.""",false,false,"['false', 'pants-fire', 'mostly-false']",3,True
"“Millions of Hubbell and Bloomberg dollars wasn’t enough to overcome the Iowa House Republican avalanche of success.""",half-true,false,"['false', 'mostly-false', 'pants-fire']",3,False
"Scott Maddox is a ""lobbyist.""",true,false,"['false', 'true']",2,True
"“In Nevada, they want to have a thing where you don’t have to have any verification of the signature” on ballots.",false,false,"['false', 'mostly-false']",2,True
"""‘Dark money’ spending"" in the 2016 election cycle ""is 10 times what it was at the same point in the 2012 election cycle,"" when it topped $308 million.",true,true,['true'],1,True
"Says North Carolina’s ""Democratic Secretary of State"" controls the state's elections.",false,false,"['false', 'mostly-false', 'pants-fire']",3,True
"Says Rick Santorum ""voted to let convicted felons vote.""",half-true,false,"['false', 'mostly-false', 'pants-fire', 'half-true']",4,True
"If the voting bill H.R. 1 is passed, “absentee ballots would be mailed out to anyone without proof of the voter’s identity.”",false,false,"['false', 'mostly-false']",2,True
"""California Has 1.8M More Registered Voters Than It Should”",pants-fire,false,"['false', 'pants-fire']",2,True
Joe Biden’s tweet is proof that a helicopter crash that killed six Nigerian billionaires was planned by Biden.,pants-fire,false,"['false', 'pants-fire']",2,True
"GOP-backed ""racist disenfrachisement"" led to only five polling places being open in Milwaukee for April 7 election.",mostly-false,mostly-false,"['mostly-false', 'false', 'half-true', 'pants-fire']",4,True
"Under Florida’s voting law, a requirement to turn in voter registrations within 48 hours ""makes it impossible to meet the deadline if you’re working right to the end of the week.""",false,false,"['false', 'mostly-false', 'pants-fire']",3,True
"Says Rep. Steve Stockman ""basically wants gun-filled zones in schools.""",true,false,"['false', 'mostly-false', 'pants-fire', 'half-true']",4,False
"Marco Rubio controlled funds that ""out of the $600,000 that were raised,  only $4,000 went to candidates to try to improve their chances to be  elected to office.""",half-true,half-true,"['half-true', 'false', 'mostly-true', 'mostly-false']",4,True
"""Antifa"" is to blame for storming the U.S. Capitol.",pants-fire,false,"['false', 'pants-fire']",2,True
"As an example of voter fraud, “we have literally 9,000 people who voted in this election (in Nevada) who don’t live in Nevada.”",pants-fire,false,"['false', 'pants-fire', 'mostly-false']",3,True
Said Republicans made historic gains in state legislatures during last month’s election,true,true,['true'],1,True
"“Illegal immigrants now have the right to vote in New York.""",false,false,['false'],1,True
"""It's the first time in the nation this many members have been drawn (by a Legislature) into the same districts where it wasn't a court order.""",mostly-true,false,"['false', 'mostly-false', 'true', 'half-true', 'mostly-true', 'pants-fire']",6,True
"Says ""5 out of 10"" GOP candidates don’t live in North Carolina’s 9th Congressional District.",true,true,"['true', 'false', 'mostly-false', 'half-true', 'mostly-true']",5,True
"The Broward Republican Executive Committee ""had the liberal League of Women Voters Guide removed from the Broward Supervisor of Election's website.""",half-true,false,"['false', 'true', 'mostly-false', 'half-true', 'mostly-true']",5,True
"""Could I just point out that ... I seem to get the first question all the time?""",true,true,['true'],1,True
"Says Chris Christie was the ""first governor in America to endorse"" Mitt Romney.",false,false,"['false', 'mostly-false']",2,True
"""Ohio’s electricity rates are 10 percent below the national average.""",mostly-true,mostly-true,"['mostly-true', 'mostly-false', 'false', 'half-true']",4,True
Says he can be on the ballot for Congress while serving time in jail.,mostly-true,true,"['true', 'false', 'mostly-false', 'half-true']",4,False
Says “Kamala Harris is not able to be VP. Because she's a felon. She lied on her application to buy a gun here in CA.”,pants-fire,false,"['false', 'pants-fire']",2,True
"""We heard from the Department of Homeland Security ... that this was probably the most secure election that’s ever been run in the United States.”",true,false,"['false', 'mostly-false', 'pants-fire']",3,False
"California’s Proposition 63 would ""CRIMINALIZE the sharing of ammunition between friends who may be hunting or shooting together.""",mostly-false,false,"['false', 'mostly-false', 'pants-fire']",3,True
President Obama’s lawsuit claims it is unconstitutional for Ohio to allow servicemen and women extended early voting privileges during the state’s early voting period.,false,false,"['false', 'mostly-false', 'true', 'half-true', 'mostly-true', 'pants-fire']",6,True
"In New York, you need to show identification to buy whipped cream, but not to vote.",mostly-false,false,"['false', 'mostly-false']",2,True
"""Of the four statewide races this century within a 300-vote margin, three have been overturned in a recount.""",true,false,"['false', 'mostly-false', 'pants-fire', 'half-true']",4,False
"""Since 2000, when he entered politics, Jon Husted has been on the ballot six times for three different political offices.""",true,true,['true'],1,True
"Says Houston’s 18th  congressional district has been ""gentrified"" and is home to ""more Anglos  than African Americans.""",false,false,"['false', 'mostly-false', 'pants-fire']",3,True
"""President Trump is still supported by almost 85 percent of the Republican Party in the state of Ohio, and that's from recent polling, and still has a 58 percent approval rating in Ohio.""",mostly-true,false,"['false', 'mostly-false', 'half-true', 'mostly-true', 'pants-fire']",5,True
"A forensics examination of a Ware County, Ga., Dominion Voting Systems machine found votes were switched from Donald Trump to Joe Biden.",false,false,"['false', 'mostly-false']",2,True
"Voters in Maricopa County, Ariz., were forced to vote using Sharpie pens that aren’t read by voting machines.",false,false,"['false', 'pants-fire', 'mostly-false']",3,True
"Jennifer Carroll's an ""outsider.""",half-true,half-true,"['half-true', 'false', 'mostly-false', 'mostly-true', 'pants-fire']",5,True
"In Iowa, ""they have allowed a little over 300 people to re-vote.""",pants-fire,false,"['false', 'pants-fire']",2,True
"""The higher the education level, the more likely they are to vote Democratic.""",mostly-true,true,"['true', 'mostly-true', 'half-true', 'false', 'mostly-false']",5,True
"""Taxpayers are paying a fortune for the use of Air Force One on the campaign trail"" by President Barack Obama and Hillary Clinton.",mostly-true,false,"['false', 'mostly-false', 'half-true', 'mostly-true', 'pants-fire']",5,True
"If a 12-year-old girl became pregnant because of rape or incest, ""Tim Michels would force her to deliver the baby.""",mostly-true,false,"['false', 'mostly-false', 'half-true', 'pants-fire']",4,False
"""The president came in and campaigned against me 12 times.""",mostly-false,false,"['false', 'mostly-false', 'pants-fire']",3,True
"“In one of the states that determined the outcome” of the 2016 presidential race, “the winning margin averaged out to just two votes per precinct, two votes.”",true,false,"['false', 'true', 'mostly-false', 'half-true', 'mostly-true', 'pants-fire']",6,True
Wagon arriving at Detroit counting center after deadline “may have been a ballot box.”,false,false,"['false', 'mostly-false', 'pants-fire']",3,True
"MikeHuckabee.com gets ""more hits than virtually any other presidential candidate.""",true,true,"['true', 'false', 'mostly-true', 'half-true']",4,True
“People are less likely to just vote for party now. … They’re looking at the personalities.”,half-true,mostly-false,"['mostly-false', 'false', 'half-true', 'mostly-true', 'pants-fire']",5,True
"In New York City “local elections, illegal immigrants can vote.”",false,false,"['false', 'mostly-false']",2,True
"Says he has ""been able to attract independents and Democrats to win"" elections in Pennsylvania.",half-true,true,"['true', 'false', 'half-true', 'mostly-true', 'mostly-false']",5,True
Wisconsin elections administrator Meagan Wolfe “refuses to clean up our voter rolls”,pants-fire,false,"['false', 'pants-fire']",2,True
"Rob Portman has taken more than $125,000 from ""Big Oil.""",mostly-true,false,"['false', 'mostly-true', 'true', 'half-true', 'mostly-false']",5,True
"""If you want to vote in"" Texas, ""you can use a concealed-weapon permit as a valid form of identification, but a valid student ID isn’t good enough.""",true,false,"['false', 'true', 'mostly-false', 'half-true']",4,True
"""Taxpayer-funded benefits to illegals"" in California are ""a skyrocketing cost under Obamacare.""",false,false,"['false', 'mostly-false', 'pants-fire']",3,True
"Says Kate Cloonen ""needs that extra $68,000"" lawmaker salary on top of the ""$8.5 million in state contracts for her construction company.""",half-true,false,"['false', 'mostly-false', 'pants-fire', 'half-true']",4,True
The law governing the transition of presidential power “doesn’t require there to be an absolute winner. It says the ‘apparent' winner.”,mostly-true,true,"['true', 'mostly-true', 'false']",3,True
"Detroit’s Oct.15, 2024, absentee ballot return rate proves election fraud.",false,false,"['false', 'mostly-false', 'pants-fire']",3,True
"""We came out of the White House not only dead broke, but in debt.""",mostly-false,false,"['false', 'mostly-false', 'half-true']",3,True
"The Biden-Harris administration ""wants to hand out $450,000 to illegal immigrants.""",false,false,"['false', 'pants-fire']",2,True
"“Kamala cast the tiebreaking vote to hire 87,000 new IRS agents to go after your tip income.”",false,false,"['false', 'mostly-false', 'pants-fire', 'half-true']",4,True
"In Massachusetts, Scott Brown's Republican affiliation is ""not a secret, but clearly not on display.""",mostly-true,mostly-true,"['mostly-true', 'half-true', 'true', 'mostly-false', 'false']",5,True
"""700 jobs (were) lost because Allen Boyd"" voted for the health care bill.",mostly-false,false,"['false', 'mostly-false', 'pants-fire', 'half-true']",4,True
"On Nov. 7, 2023, Pennsylvania voting machines were “flipping votes,” which is evidence of “election fraud.”",false,false,"['false', 'mostly-false']",2,True
"A recall election for Wisconsin governor would cost ""$7.7 million -- $7.7 million that may already be allocated to merit raises for teachers or health care for the poor or school books for your kids.""",half-true,half-true,"['half-true', 'mostly-true', 'false', 'mostly-false']",4,True
"“Just last week, Ruben Gallego voted to let the millions of people who poured into our country illegally cast a ballot in this upcoming election.”",false,false,"['false', 'pants-fire', 'mostly-false']",3,True
"There was ""serious voter fraud"" in California.",pants-fire,false,"['false', 'mostly-false', 'pants-fire']",3,True
"""There are legitimate and widespread anomalies, and widespread questions about the conduct of (the Wisconsin Supreme Court) election, most visibly in Waukesha County, but also in counties around the state.""",mostly-false,mostly-false,"['mostly-false', 'mostly-true', 'false', 'half-true']",4,True
Donald Trump posted on Truth Social that Kamala Harris used to be a man named Kamal Aroush.,false,false,"['false', 'pants-fire']",2,True
"Legislators are ""ramming through a provision that’ll make investigations like #NC09 less transparent.""",mostly-false,mostly-false,"['mostly-false', 'false', 'half-true', 'mostly-true', 'pants-fire']",5,True
"Says Donald Trump's claim that ""there was insufficient evidence and therefore, in our country, a person is innocent"" directly contradicts Special Counsel Robert Mueller’s statement.",mostly-true,false,"['false', 'mostly-false', 'half-true', 'pants-fire', 'mostly-true']",5,True
Says MSNBC called the Florida governor’s race for Andrew Gillum before Election Day.,false,false,"['false', 'mostly-false', 'pants-fire']",3,True
"As a sitting Supreme Court justice, Daniel Kelly recused himself from a case, then “he pocketed $20,000 in contributions” from the plaintiff and family members and “unrecused himself so he could judge the case.”",half-true,false,"['false', 'mostly-false', 'half-true', 'pants-fire']",4,True
Says opponent Eric Hovde “just proposed cutting Social Security by 28%.”,mostly-false,false,"['false', 'mostly-false', 'half-true', 'pants-fire', 'mostly-true']",5,True
H.R. 1 would “prevent removal of ineligible voters from registration rolls.”,false,false,"['false', 'half-true', 'mostly-false', 'mostly-true', 'true']",5,True
"A “ballot mule” was caught on camera Nov. 2 in Lincoln, Nebraska.",pants-fire,false,['false'],1,False
"""This midterm (election), the president did better than the average president does in his first midterms.""",false,false,"['false', 'mostly-false', 'pants-fire']",3,True
Says “Democratic Mayors in some of Wisconsin's largest cities closed voting locations in April to cause chaos.”,false,false,"['false', 'mostly-false', 'pants-fire', 'half-true']",4,True
“Facts have now come out to show conclusively” that the 2020 presidential election wasn’t legitimate.,pants-fire,false,"['false', 'pants-fire']",2,True
"""Gov. Rick Scott signed into law a bill that gives Florida's public officials an easy way to avoid disclosing their personal finances.""",half-true,false,"['false', 'mostly-false', 'half-true', 'pants-fire']",4,True
The “‘Inflation Reduction Act’ increased inflation and drove prices sky high!”,false,false,"['false', 'mostly-false', 'pants-fire', 'half-true']",4,True
“Every pro-life Governor up for election in November won – by a large margin.”,mostly-true,false,"['false', 'mostly-false', 'half-true', 'pants-fire']",4,False
"Says Barack Obama ""referred to the carnage that took place in Benghazi as a conspiracy theory.""",pants-fire,false,['false'],1,False
"""The number of people who just got their voting rights restored in Florida is greater than the populations of Wyoming, Vermont, Alaska, North Dakota, South Dakota, Delaware, Rhode Island, Montana, Maine and New Hampshire.""",mostly-true,false,"['false', 'true', 'mostly-false', 'half-true', 'mostly-true', 'pants-fire']",6,True
"Says James Clapper ""and virtually everyone else"" said ""there is no collusion"" in the Russia investigation findings.",mostly-false,false,"['false', 'mostly-false']",2,True
"Ballot harvesting “altered the outcome” of a city council election in Yuma County, Arizona.",false,false,"['false', 'mostly-false', 'pants-fire']",3,True
Says opponent Tammy Baldwin ‘has had not one positive ad’ in the campaign for U.S. Senate.,half-true,false,"['false', 'half-true', 'mostly-false', 'mostly-true']",4,True
“Military ready to act on audit results!” in Arizona,false,false,"['false', 'pants-fire', 'mostly-false']",3,True
"“Statistics show that more people of color don't have cars than not. So how do (drive-thru voting centers) help those folks?""",false,false,"['false', 'mostly-false', 'pants-fire']",3,True
"Data shows some voters cast multiple votes, meaning ""at least 164,568 illegal votes have been cast” in Michigan.",false,false,"['false', 'pants-fire']",2,True
Says Gerald Daugherty is endorsed by the Austin American-Statesman.,false,false,"['false', 'mostly-false', 'pants-fire']",3,True
"""Donald Trump's strategy is pretty simple. They have even said in his campaign it's to get women to stay home, get young people to stay home, get people of color to stay home, and get a lot smart, intelligent men to stay home, too.""",half-true,false,"['false', 'mostly-false', 'half-true', 'pants-fire']",4,True
"Says an election clerk in Green Bay refused to allow early voting on the UW-Green Bay campus because she ""was afraid it would help Democrats,"" showing ""outrageous partisan bias.""",half-true,half-true,"['half-true', 'false', 'mostly-false', 'mostly-true']",4,True
“Bob Casey and Kamala Harris want to BAN fracking.”,false,false,"['false', 'mostly-false']",2,True
"Under the Trump administration's trade deal, “China's only fulfilled one-third of the promises of agricultural products that they were supposed to buy from our farmers.”",half-true,false,"['false', 'half-true', 'mostly-false', 'mostly-true', 'pants-fire']",5,True
GOP-authored elections bill “requires valid votes to be tossed out … if a computer rejects a signature.”,false,false,"['false', 'mostly-false', 'half-true', 'pants-fire']",4,True
“This is the third time we’ve won but this is the biggest win” in Iowa caucus.,false,false,['false'],1,True
"“Wisconsin has historically … and I think largely continues to be, a blue state.”",mostly-false,false,"['false', 'mostly-false', 'pants-fire', 'half-true']",4,True
"Taylor Swift was photographed holding a “Trump won, Democrats cheated!” flag.",pants-fire,false,"['false', 'pants-fire']",2,True
"“We indicted someone in Texas, 1,700 ballots collected from people who could vote, he made them out and voted for the person he wanted to.”",false,false,"['false', 'mostly-false', 'pants-fire']",3,True
Says Republicans supported legislation on early voting and in-person voting in 2005.,true,true,['true'],1,True
Says Sen. Kelly Loeffler said on Parler that “Black people shouldn’t be allowed to vote.”,pants-fire,false,['false'],1,False
"""Collusion is not illegal.""",mostly-false,false,"['false', 'mostly-false', 'pants-fire']",3,True
Sen. Bob Casey “voted to sell American oil to China.”,false,false,"['false', 'mostly-false', 'pants-fire']",3,True
Green Party presidential nominee Jill Stein cost Democratic nominee Kamala Harris an election win in Wisconsin.,false,false,"['false', 'pants-fire']",2,True
"""Ruben Gallego wanted to defund the police. He actually co-sponsored legislation to defund the police.”",false,false,"['false', 'mostly-false', 'pants-fire']",3,True
"Montana Democrats are ""suing to say, ‘You should be allowed to be registered to vote in two states.'”",mostly-false,false,"['false', 'mostly-false', 'pants-fire']",3,True
"“Nancy Pelosi busted, Speaker (Mike) Johnson just released it for everyone to see.”",false,false,"['false', 'pants-fire']",2,True
"Says ""Stacey Abrams wants to give illegal aliens the right to vote.""",mostly-false,false,"['false', 'mostly-false']",2,True
"“When it comes to how many votes (President) Joe Biden won, it was literally less than a few votes per ward.”",true,false,"['false', 'mostly-false', 'half-true', 'true', 'mostly-true']",5,True
"""At the Democratic convention, the Pledge of Allegiance was read with the words 'under God' removed.""",mostly-false,false,"['false', 'mostly-false', 'pants-fire']",3,True
“Boom! Georgia 1st to decertify election.”,pants-fire,false,"['false', 'pants-fire']",2,True
"Says in the 2016 presidential election, ""I won that one by 42 points -- 42 points -- West Virginia.""",true,true,"['true', 'false']",2,True
"Says Jeb Bush ""said he would take his pants off and moon everybody ... Nobody reports that.""",mostly-false,false,"['false', 'mostly-false', 'pants-fire']",3,True
"Says James Clapper said ""that the FBI was spying on (Trump's) campaign.""",false,false,"['false', 'mostly-false', 'pants-fire']",3,True
"North Carolina Secretary of State Elaine Marshall ""has won more statewide races than probably anyone else alive.""",true,false,"['false', 'mostly-false', 'true', 'half-true', 'pants-fire', 'mostly-true']",6,True
"Vice President Kamala Harris commented on President Joe Biden’s “mental fitness,” saying, “he’s not stable” and “we should all be concerned.”",pants-fire,false,"['false', 'pants-fire']",2,True
"“Elective abortions up to and including the moment of birth. Healthy, 9-month-year-old baby killed at the moment of birth. That’s what Jon Tester and the Democrats have voted for.”",false,false,"['false', 'mostly-false', 'pants-fire']",3,True
"""Maricopa County official purged machine records before audit started.""",false,false,"['false', 'mostly-false', 'half-true', 'pants-fire', 'mostly-true']",5,True
"""Dead people always vote Democrat.""",false,false,"['false', 'pants-fire']",2,True
“The mainstream media pretended there was a deadly surge in COVID cases thanks to Wisconsinites voting.”,pants-fire,false,"['false', 'mostly-false']",2,False
Says “Hugo Chavez’s family still owns” Dominion Voting Systems.,false,false,"['false', 'pants-fire']",2,True
Nikki Haley “raised taxes.”,mostly-false,false,"['false', 'mostly-false', 'half-true', 'pants-fire']",4,True
The 2020 election results in Pennsylvania “show a statistically impossible pattern” and votes were manufactured for Joe Biden.,false,false,"['false', 'pants-fire']",2,True
"""Do you know which state has the worst ratio of white voter turnout to African-American voter turnout? Massachusetts. Do you know what has the best, where African-American turnout actually exceeds white turnout? Mississippi.""",half-true,false,"['false', 'mostly-false', 'half-true', 'pants-fire', 'true', 'mostly-true']",6,True
"""Right now the Tea Party polls higher than the Republicans and the Democrats.""",false,false,"['false', 'pants-fire']",2,True
"Says Jason Carter has ""gotten David Axelrod to come down and be his campaign advisor.""",false,false,"['false', 'pants-fire']",2,True
"""Let’s say (Republicans) take away half of our delegates. They’re worth more than Iowa’s, New Hampshire’s and almost South Carolina’s combined.""",half-true,half-true,"['half-true', 'mostly-true', 'false', 'mostly-false', 'pants-fire']",5,True
"Steve Poizner ""increased his department's budget nearly 14 percent.""",false,false,"['false', 'pants-fire']",2,True
"House Democrats ""have a two-to-one advantage money-wise"" against House Republicans.",mostly-true,true,"['true', 'mostly-true', 'false', 'half-true']",4,True
"Austin’s Stop Abuse for Everyone has seen in its offices ""sexual assault survivors that report being attacked by their ridesharing drivers, at a rate of one per month.""",half-true,false,"['false', 'mostly-false', 'half-true', 'pants-fire', 'mostly-true']",5,True
"""This election marks the largest Senate gains for a president's party in a first midterm election since at least President Kennedy's in 1962.""",half-true,false,"['false', 'half-true', 'mostly-false', 'mostly-true', 'pants-fire']",5,True
"""We are within the margin of error.""",half-true,false,"['false', 'half-true', 'mostly-false', 'mostly-true', 'pants-fire']",5,True
"""I'm the only front-line prosecutor in this race that's actually used the resources of the Wisconsin Crime Lab in the prosecution of cases.""",mostly-true,false,"['false', 'mostly-false', 'half-true', 'mostly-true', 'pants-fire']",5,True
The Nashville bombing was an attempt to stop an AT&T audit into Dominion software and cover up election corruption.,pants-fire,false,"['false', 'pants-fire']",2,True
"Every former North Carolina governor opposes ""constitutional amendments Raleigh lawmakers put on the ballot this fall.""",false,false,"['false', 'mostly-false', 'pants-fire']",3,True
"“The cheat has begun” because “Michigan, Georgia and Pennsylvania have officially announced that they will not have election results available on election night.”",false,false,"['false', 'pants-fire', 'mostly-false']",3,True
The Freedom to Vote Act is “a sprawling takeover of our whole political system.”,false,false,"['false', 'mostly-false', 'pants-fire']",3,True
"Says Tony Thurmond was ""Reprimanded by the Obama Administration for failing to address widespread sexual harassment and assault in district schools.""",false,false,"['false', 'mostly-false']",2,True
"""Arizona officials caught changing ballots, have been arrested.”",false,false,"['false', 'pants-fire', 'mostly-false']",3,True
Says he “saved Kenosha” and the “governor wouldn’t move” on sending the National Guard.,pants-fire,false,"['false', 'pants-fire', 'mostly-false']",3,True
Cellphone data used to arrest the Idaho quadruple-murder suspect proves that criticism of the “2000 Mules” movie’s use of cell data is unfounded.,false,false,"['false', 'pants-fire', 'mostly-false']",3,True
"""It's factually correct to say"" that Jennifer Brunner inherited at least 18 lawsuits when she came into the office that were a result of Ken Blackwell’s ""mismanagement of the 2004 election.""",false,false,"['false', 'mostly-false', 'half-true', 'pants-fire']",4,True
"“Every single county in America, every single county, Kamala Harris did worse than Joe Biden did.”",false,false,"['false', 'mostly-false', 'pants-fire']",3,True
"""After filing a lawsuit in Rhode Island, we reached an agreement with state agencies that resulted in more voters being registered in the first full month after our lawsuit than in the entire previous two-year reporting period.""",true,true,"['true', 'false', 'mostly-true', 'half-true', 'mostly-false']",5,True
"Says that at a campaign rally President Barack Obama ""spent so much time screaming at a protester, and frankly it was a disgrace.""",pants-fire,false,"['false', 'mostly-false']",2,False
"Under Wisconsin law, ""anyone who knows anything about a John Doe"" secret criminal investigation ""can't talk about it.""",half-true,half-true,"['half-true', 'false', 'mostly-true', 'mostly-false']",4,True
Second lady Usha Vance “will have her citizenship revoked if (President Donald) Trump signs his executive order banning birthright citizenship.”,false,false,"['false', 'mostly-false']",2,True
Says the logo of a porn website appeared during a CNN broadcast.,false,false,['false'],1,True
"""Let me say that I don't think (Bernie Sanders has) had a single negative ad ever run against him.""",false,false,"['false', 'mostly-false', 'pants-fire', 'half-true']",4,True
"""58,000 non-citizens voted in Texas, with 95,000 non-citizens registered to vote.""",false,false,"['false', 'mostly-false']",2,True
"Texas A&M University - Commerce ""offers counseling, safe spaces for students who are afraid of President-elect Trump.""",half-true,false,"['false', 'mostly-false', 'pants-fire', 'half-true']",4,True
"In the 2018 Florida governor's race ""votes were being stolen by the corrupt election process in Broward. … I sent in the FBI and the U.S. Attorneys, and the ballot theft immediately ended. … I stopped his Election from being stolen.""",pants-fire,false,"['false', 'mostly-false', 'pants-fire']",3,True
"Says Hillary Clinton campaign chairman John Podesta’s email password was ""password.""",false,false,"['false', 'pants-fire']",2,True
"""I never said Russia did not meddle in the election.""",pants-fire,false,"['false', 'mostly-false', 'half-true', 'pants-fire']",4,True
"“When you look at Wisconsin, in their largest city they normally have roughly 500 polling places. They just had their election a week ago, and they had five. That is ludicrous.”",half-true,false,"['false', 'mostly-false', 'pants-fire']",3,False
"Says Paul Manafort ""played a very limited role"" in the Trump presidential campaign.",false,false,"['false', 'mostly-false', 'pants-fire', 'half-true']",4,True
"“The Arizona forensic audit found over 17,000 duplicates of votes.”",false,false,['false'],1,True
"On COVID-19, Donald Trump said that “maybe if you drank bleach you may be okay.”",mostly-false,false,"['false', 'mostly-false', 'half-true']",3,True
"""Eight out of the nine states with competitive Senate races, Hispanics make up less than 10 percent of the electorate.""",true,false,"['false', 'true', 'mostly-false', 'half-true', 'mostly-true']",5,True
"""California sends 440,000 ballots to ineligible voters.""",false,false,"['false', 'mostly-false', 'pants-fire']",3,True
"""Rick Scott got a majority of the Hispanic vote in Florida.""",mostly-false,false,"['false', 'mostly-false', 'half-true', 'pants-fire']",4,True
The problem with mail ballots in Lancaster County is a sign of “voter fraud.”,false,false,"['false', 'mostly-false']",2,True
"""Triggering leftists, Trump's reelection campaign is selling plastic straws.""",true,true,['true'],1,True
"""Absent from the news — Dominion lost their lawsuits against Rudy Giuliani and Sidney Powell.""",false,false,"['false', 'pants-fire']",2,True
"""Our race was the closest U.S. Senate race in Ohio in 36 years -- when Howard Metzenbaum defeated Robert Taft in 1976.""",true,true,"['true', 'false', 'mostly-false']",3,True
"""Of course, there is large scale voter fraud happening on and before election day.""",pants-fire,false,"['false', 'mostly-false', 'pants-fire']",3,True
"More than any Republican governor in the 2014 elections, ""I took a higher percentage of the Republican vote""and ""yet I also carried independents by 12 points.""",mostly-true,false,"['false', 'mostly-false', 'half-true', 'mostly-true']",4,True
"""Senator Obama has, in fact, never had a serious Republican challenger.""",true,true,"['true', 'false']",2,True
Says Wisconsin Republicans “pushed for long lines and polls open for one day only.”,mostly-false,false,"['false', 'mostly-false', 'half-true', 'pants-fire']",4,True
"Says Sherrod Brown in 1978 ""voted for stricter removal standards (for voter registration) and then enforced them as Secretary of State.""",half-true,mostly-false,"['mostly-false', 'false', 'half-true', 'mostly-true', 'pants-fire']",5,True
“The state of Washington has already sent out their ballots” for the 2024 presidential election.,false,false,"['false', 'mostly-false']",2,True
"""70 percent of Americans believe that we are on the wrong path.""",mostly-true,mostly-true,"['mostly-true', 'half-true', 'true', 'mostly-false']",4,True
"Despite opposition from national Club for Growth, Club for Growth Wisconsin ""has endorsed"" him for U.S. Senate.",pants-fire,false,"['false', 'pants-fire']",2,True
"""Four times, I said, he (John McCain) is a hero, but you know ... people choose selective pieces.""",mostly-false,false,"['false', 'mostly-false', 'pants-fire']",3,True
Joe Biden’s net worth was $41 million in 2022.,false,false,"['false', 'pants-fire']",2,True
"In 2020, “only nine NATO allies were spending 2%” of their GDP on defense. “This year, 23 will spend at least 2%.”",mostly-true,true,['true'],1,False
"""Mark Harris worked to stop Trump from being president.""",mostly-false,false,"['false', 'mostly-false', 'pants-fire', 'half-true']",4,True
"Says Deputy Comptroller Aycha Sawa ""blocked an audit"" of the Milwaukee lead program for three years that ""put our children in danger"" and spurred a criminal investigation.",pants-fire,false,"['false', 'mostly-false', 'pants-fire']",3,True
Texas Attorney General Ken Paxton was “caught on tape saying he discarded 2.5 million mail-in ballots in Texas.”,false,false,"['false', 'pants-fire']",2,True
"""Attorney General Eric Holder’s own Justice Department precleared the voting changes in the 2011 law"" about early voting in Florida.",half-true,false,"['false', 'mostly-false', 'half-true', 'pants-fire']",4,True
"In 2018, when he ran for senator, ""young voter turnout in early voting was up 500%. We won more votes than any Democrat has in the history of the state of Texas.""",true,true,"['true', 'false', 'mostly-true', 'half-true']",4,True
Gov. Tim Walz insulted Ann Coulter’s romantic history after she called his son “weird.”,false,false,['false'],1,True
"At a Wisconsin school, a 12-year-old girl ""was transitioned into a boy by school officials without parental consent,"" and Protasiewicz supports it.",pants-fire,false,"['false', 'mostly-false', 'pants-fire']",3,True
"""I sponsored the new Buy American law""",false,false,"['false', 'mostly-false']",2,True
The Electronic Registration Information Center is “a system that’s funded by George Soros.”,false,false,"['false', 'mostly-false']",2,True
"Says the U.S. House’s COVID-19 relief bill, advanced by Democrats, “strips states of their right to administer elections.”",false,false,"['false', 'mostly-false', 'pants-fire']",3,True
Says “Joe Biden is absolutely on board with defunding the police.”,false,false,"['false', 'mostly-false', 'pants-fire']",3,True
"“Biden lead disappears in NV, AZ, GA, PA.”",false,false,"['false', 'pants-fire']",2,True
"In 2020, “250,000 ballots were manufactured” in Georgia and “Biden was given win” by Secretary of State Brad Raffensperger",pants-fire,false,"['false', 'pants-fire', 'mostly-false']",3,True
"""If the impeachment reaches the house and passes to the senate and isn’t passed the first term is nullified and Trump can run two more terms.""",pants-fire,false,"['false', 'pants-fire']",2,True
A lawyer for former President Donald Trump released new proof of 2020 election fraud.,false,false,"['false', 'pants-fire']",2,True
"“We waited 24 hours and got a measly 62k votes"" in Maricopa County",false,false,"['false', 'mostly-false', 'pants-fire']",3,True
"""The GOP lawyer who helped Kanye West get on the ballot in Wisconsin is actively working for Donald Trump's campaign.""",true,false,"['false', 'mostly-false', 'half-true', 'pants-fire', 'mostly-true']",5,False
"Voting machines in Shelby County, Tennessee, are swapping votes from Kamala Harris to Donald Trump.",pants-fire,false,"['false', 'mostly-false']",2,False
"""Having an entirely Democrat congressional delegation in 2009, when the [federal stimulus] bill passed, increases the per capita stimulus dollars that the state receives per person by $460.""",half-true,false,"['false', 'mostly-false', 'pants-fire', 'half-true']",4,True
"""Only 20 percent of Americans admit to being Republicans anymore.""",mostly-true,mostly-true,"['mostly-true', 'false', 'half-true', 'mostly-false']",4,True
Document shows “Stormy Daniels exonerated Trump herself!”,false,false,"['false', 'pants-fire', 'mostly-false']",3,True
"""The race will tighten, just because that's what happens at the end of campaigns. They always have.""",mostly-true,mostly-true,"['mostly-true', 'true', 'half-true', 'mostly-false', 'false']",5,True
"Social media posts claim the U.S. Postal Service “says you should give mail in ballots at least 14 days roundtrip. So, if you plan to vote by mail, election day isn’t November 3. It’s October 20th.”",half-true,false,"['false', 'half-true', 'mostly-true', 'mostly-false', 'true']",5,True
"California ""admitted"" there were ""a million"" illegal votes in the 2016 presidential election.",pants-fire,false,"['false', 'pants-fire']",2,True
"""In Cuyahoga County ... 56 percent of weekend voters in 2008 were African American while adult African Americans comprise 28 percent of the county population.""",true,true,['true'],1,True
A Montana Democratic operative was caught tampering with a ballot box.,false,false,"['false', 'pants-fire', 'mostly-false']",3,True
"""Reports from Whitfield County, GA that Dominion machines are flipping votes. This is exactly the kind of fraud we saw in 2020.""",pants-fire,false,"['false', 'pants-fire']",2,True
"""'Wrong precinct' rules exacerbate our provisional ballot problems (and) HB 194 does nothing to solve the wrong-precinct problem.""",true,false,"['false', 'mostly-false', 'half-true', 'true']",4,True
"""I didn't campaign on a public option.""",mostly-false,false,"['false', 'mostly-false', 'pants-fire']",3,True
“Pennsylvania and Michigan didn’t allow our poll watchers and/or vote observers to watch or observe.”,pants-fire,false,"['false', 'pants-fire']",2,True
"""Liberal out-of-state special interests are spending millions on 5 and 6 to change the way Florida draws its congressional and legislative districts.""",half-true,half-true,"['half-true', 'false', 'mostly-false', 'mostly-true']",4,True
Vice President Kamala Harris has been “going so far as to call me Adolf Hitler.”,false,false,"['false', 'pants-fire', 'mostly-false']",3,True
“Pennsylvania had 2.6 million mail in votes that the court of appeals of PA held to be unconstitutional. Umm that alone means Biden lost PA.”,false,false,"['false', 'mostly-false', 'pants-fire']",3,True
"Says Michelle Obama ""said she was never proud of her country til they elected her husband POTUS.""",false,false,"['false', 'pants-fire']",2,True
''I have received more contributions than any other candidate in the race – Republican or Democrat.'',false,false,['false'],1,True
Says in Texas the “average age of the Republican voter is like 20 years older than the average Democrat.”,false,false,"['false', 'mostly-false', 'half-true', 'mostly-true', 'pants-fire']",5,True
"""Candidate Slotkin had presented herself as a moderate and as someone who’d be independent-minded, but her time in office was making it increasingly clear that no, she was very partisan, voting 96% of the time with Speaker Pelosi.""",mostly-false,false,"['false', 'mostly-false', 'half-true', 'mostly-true', 'pants-fire']",5,True
"“As soon as I endorsed (Supreme Court Justice Daniel Kelly), the Wisconsin Democrats said, let’s move the election to two months later.”",pants-fire,false,"['false', 'mostly-false']",2,False
Says Joe Biden has “written a letter of apology” for calling Trump’s travel restrictions from China “xenophobic.”,false,false,"['false', 'mostly-false', 'pants-fire']",3,True
"If Joe Biden can’t serve his full term, Kamala Harris “cannot by constitutional law become president.”",false,false,"['false', 'true']",2,True
"The ""error rates"" for the Fulton County elections department are ""well below the average.""",false,false,"['false', 'mostly-false', 'pants-fire', 'half-true']",4,True
"""The Koch brothers have given"" Paul Ryan ""$500,000 in campaign contributions.""",half-true,false,"['false', 'half-true', 'mostly-false', 'mostly-true']",4,True
"Says Jeb Bush ""significantly cut early voting prior to the 2008 presidential election.""",mostly-true,false,"['false', 'mostly-false', 'half-true', 'pants-fire']",4,False
"“Liz Cheney cries like kids after loses in ‘primary’ against Trump’s pick,” two days before the primary election.",pants-fire,false,"['false', 'mostly-false']",2,False
"Say Bernie Sanders ""won Nevada after all.""",false,false,"['false', 'mostly-false']",2,True
President-elect Donald Trump posted on X that he is “purchasing TikTok.”,false,false,"['false', 'pants-fire']",2,True
"Glitches with voting in Arizona, New Jersey and Texas are proof the election is rigged.",false,false,"['false', 'mostly-false']",2,True
"""Atheists are prohibited from holding office in 8 states.”",half-true,false,"['false', 'half-true', 'mostly-false', 'mostly-true']",4,True
Sen. Rick Scott does not support abortion exceptions.,false,false,"['false', 'true', 'half-true', 'mostly-true', 'mostly-false']",5,True
"Says a Republican-drawn map of proposed U.S. House districts for Texas ""gerrymanders more than nine million Latinos in Texas to make sure that we have no more electoral opportunity than we did in 1991.""",mostly-true,false,"['false', 'mostly-false', 'mostly-true', 'half-true', 'true']",5,True
“Eighty-two percent of the country understands that (the 2020 election) was a rigged election.”,false,false,"['false', 'pants-fire']",2,True
"Says U.S. Rep. Jamie Raskin said, “Let folks cast their votes for Trump if that’s their choice. But mark my words, we won’t be certifying the election. He might win, but we’ll ensure he doesn’t step foot in the Oval Office.”",false,false,['false'],1,True
Sam Brown “said abortion should be banned without any exceptions for rape or incest.”,half-true,false,"['false', 'mostly-false', 'half-true', 'pants-fire', 'mostly-true']",5,True
Says Texas voters are being asked to act this November on a proposed constitutional amendment affecting property taxes.,pants-fire,false,"['false', 'pants-fire']",2,True
Joe Biden resigned and “Trump is the new president.”,pants-fire,false,"['false', 'pants-fire']",2,True
My 2018 election was the first time Speaker Robin Vos has lost a Republican-held seat,true,false,"['false', 'mostly-false', 'pants-fire', 'half-true']",4,False
"Says Newt Gingrich said ""Spanish is the language of the ghetto.""",mostly-true,false,"['false', 'mostly-false', 'pants-fire']",3,False
"Says county parties representing more than half the state’s Republican voters approved resolutions ""demanding changes"" in Texas House leadership.",true,true,"['true', 'false', 'mostly-false', 'mostly-true', 'half-true', 'pants-fire']",6,True
"Says the Democratic Party created a debate schedule ""to maximize the opportunity for voters to see our candidates.""",false,false,"['false', 'mostly-false', 'pants-fire']",3,True
"Joe Biden “is letting millions of people from jails, from prisons, from insane asylums, from mental institutions, drug dealers pour in.”",pants-fire,false,"['false', 'mostly-false', 'pants-fire']",3,True
"""We have a guy who is going to be speaker of the House in four years, and his name has been on the ballot one time.""",false,false,"['false', 'pants-fire', 'mostly-false']",3,True
"Says Jon Ossoff ""doesn't even live in (his) district.""",true,false,"['false', 'mostly-false']",2,False
Michelle Nunn ranks agriculture issues as the 18th most important items facing Georgia.,mostly-false,false,"['false', 'mostly-false', 'half-true', 'mostly-true']",4,True
"""Kansas has not elected somebody other than a Republican (to the U.S. Senate) since before 'The Wizard of Oz' hit the movie theaters.""",true,false,"['false', 'pants-fire', 'mostly-false']",3,False
"Says ""Kurt Russell supports Trump"" by wearing a Trump T-shirt.",pants-fire,false,"['false', 'pants-fire']",2,True
"Says he ""won the popular vote if you deduct the millions of people who voted illegally.""",pants-fire,false,"['false', 'pants-fire', 'mostly-false']",3,True
Bags arriving at the Maricopa County vote counting site are evidence of “Democrats with the help of the media and GOP establishment stealing another election.”,pants-fire,false,"['false', 'mostly-false', 'pants-fire']",3,True
"""Every one of the 67 supervisors of elections"" in Florida refused to carry out the effort to remove noncitizens from the voter rolls.",false,false,"['false', 'mostly-false', 'pants-fire', 'half-true']",4,True
"The U.S. House Select Committee that investigated the Jan. 6, 2021, attack on the U.S. Capitol “deleted and destroyed all of the information that they collected over two years.”",false,false,"['false', 'pants-fire', 'mostly-false']",3,True
"""We are winning the popular vote.""",mostly-false,false,"['false', 'mostly-false']",2,True
"""The majority of my contributions have been from private individuals"" giving $125 on average, ""not from PACs, not from groups.""",mostly-true,mostly-true,"['mostly-true', 'half-true', 'true', 'false', 'mostly-false']",5,True
Says Joe Biden “abandoned Scranton.”,pants-fire,false,"['false', 'mostly-false', 'pants-fire', 'half-true']",4,True
"""The polling shows over and over again that, unlike Donald Trump, that with me as the nominee, we beat Hillary Clinton.""",mostly-false,false,"['false', 'mostly-false', 'pants-fire']",3,True
An election worker in Georgia threw away a ballot.,false,false,"['false', 'mostly-false']",2,True
The Chicago Cubs owner is bankrolling Brad Schimel.,mostly-true,false,"['false', 'mostly-false', 'pants-fire', 'half-true']",4,False
"On June 7, 2011, Kamala Harris was involved in a San Francisco hit-and-run crash that injured a woman named Alicia Brown.",pants-fire,false,"['false', 'pants-fire', 'mostly-false']",3,True
"""One of George Soros' companies has provided some of the (voting) machines"" for some states.",pants-fire,false,"['false', 'pants-fire']",2,True
"""During three and a half years of campaigning,"" Lamar Smith ""has never once appeared at a moderated debate to defend his positions on the issues.""",true,false,"['false', 'mostly-false', 'pants-fire']",3,False
"Twenty four states have voter ID or comparable restrictions; before Barack Obama was elected, it was two.",half-true,false,"['false', 'mostly-false', 'half-true', 'mostly-true', 'pants-fire']",5,True
"As part of his “charitable donations,” in 1990 Donald Trump “chartered a private plane to get Nelson Mandela to America when the U.S. government wouldn't help.""",false,false,"['false', 'mostly-false', 'pants-fire', 'half-true']",4,True
"Wisconsin is ""one of the bluest"" states, but under Scott Walker its unemployment rate ""is around 3.5%.""",false,false,"['false', 'mostly-false', 'pants-fire']",3,True
An Illinois couple who received five vote-by-mail applications can vote five times.,false,false,['false'],1,True
Mail-in voting requires no signature verification.,false,false,"['false', 'mostly-false']",2,True
"Ohio ""thought that our (voting) machines were so awful we got rid of them, but South Carolina bought them. This is true. South Carolina bought all the machines we got rid of because they were not effective.""",false,false,"['false', 'mostly-false', 'pants-fire']",3,True
"Says of disclosing his $20,000 speech about Syria, ""there was no hiding. I released it.""",half-true,false,"['false', 'mostly-false', 'half-true', 'mostly-true', 'pants-fire', 'true']",6,True
Says left-wing activist John Sullivan “incited (the) insurgence of (the) US Capitol.”,mostly-false,false,"['false', 'mostly-false', 'pants-fire']",3,True
Donald Trump lost the popular vote by 2%.,false,false,"['false', 'mostly-false']",2,True
"Charges on the Republican Party of Florida credit card were made with ""my money.""",mostly-false,false,"['false', 'mostly-false', 'half-true', 'pants-fire', 'mostly-true']",5,True
"Says the Austin City Council ""may give $4 million a year to subsidize a race track.""",mostly-true,mostly-true,"['mostly-true', 'half-true', 'mostly-false', 'false', 'true']",5,True
"In 2011, Alabama and Massachusetts passed legislation allowing non-citizens who are legal residents to vote in state and local elections.",false,false,"['false', 'pants-fire']",2,True
Wisconsin Legislature “Will Likely Decertify State and Award to President Trump.”,pants-fire,false,['false'],1,False
"Travis County is ""surrounded by red counties.""",true,false,"['false', 'mostly-false', 'pants-fire']",3,False
"Says Donald ""Trump got, you know, $1.8 billion worth of free media. I got, like, none.""",mostly-true,false,"['false', 'true', 'mostly-false', 'pants-fire']",4,False
"Says Clackamas County Measure 3-401 ""will hurt our county, cripple economic growth, and increase our taxes with excessive special elections.""",false,false,"['false', 'mostly-false', 'pants-fire', 'half-true']",4,True
"""Law firm @POTUS used to show he has no ties to Russia was named Russia Law Firm of the Year for their extensive ties to Russia. Unreal.""",mostly-true,false,"['false', 'mostly-false', 'half-true', 'pants-fire']",4,False
"""They just happened to find 50,000 ballots (in the Georgia U.S. Senate runoff elections) late last night.""",pants-fire,false,"['false', 'pants-fire']",2,True
"Says Obama said black people have the ""worst jobs, the worst housing"" and face rampant police brutality, ""but when so-called black committeemen came around election time we’d all line up and vote the straight Democratic ticket, sell our souls for a Christmas turkey.""",pants-fire,false,"['false', 'mostly-false']",2,False
Jon Tester “supported slashing Social Security benefits”,false,false,"['false', 'mostly-false', 'pants-fire']",3,True
"In the 2020 presidential election, “4,255 ballots in Fulton County, Georgia,  were scanned multiple times” and “3,390 went to Biden.”",false,false,"['false', 'pants-fire', 'mostly-false']",3,True
"""Most"" of the newspapers that endorsed Alex Sink also endorsed Barack Obama.",mostly-true,false,"['false', 'mostly-false', 'half-true', 'mostly-true']",4,True
"Says ""Karen Handel’s office budget increased a whopping 42 percent.""",mostly-false,false,"['false', 'mostly-false', 'half-true', 'mostly-true', 'pants-fire']",5,True
"Says ""a Republican hasn't won [an election] for a presidency in New Jersey since 1988.""",true,false,"['false', 'mostly-false', 'true']",3,True
A 1993 example of voter fraud in Philadelphia is “exactly what happened to us” in the 2020 election.,pants-fire,false,"['false', 'mostly-false']",2,False
Says President Joe Biden “recently said that 48.8% of Wisconsin voters are threats to democracy.”,false,false,"['false', 'mostly-false']",2,True
"Says NC absentee voters have ""no way"" to know if ballots are delivered",mostly-false,false,"['false', 'mostly-false', 'half-true', 'mostly-true']",4,True
"Says Barack Obama is the ""first president to appoint 45 czars to replace elected officials in his office.""",false,false,"['false', 'mostly-false', 'pants-fire']",3,True
"Says the recall elections that aimed to remove him and other Republican officials from office ""cost tens of millions of dollars to run.""",mostly-false,false,"['false', 'mostly-false', 'half-true']",3,True
"""The man who was in charge of the investigation of Hillary Clinton accepted essentially from Hillary Clinton $675,000 that went to his wife.""",mostly-false,false,"['false', 'mostly-false']",2,True
“No governor in Virginia has ever won when...he or she is the same party as the sitting president.”,false,false,"['false', 'mostly-false', 'pants-fire']",3,True
"""The @nytimes sent a letter to their subscribers apologizing for their BAD coverage of me.""",false,false,"['false', 'mostly-false', 'pants-fire']",3,True
“Nobody in any election in America gets 74% of the votes. Ever. It doesn’t happen.”,pants-fire,false,"['false', 'mostly-false', 'pants-fire']",3,True
“Project 2025 wants to get rid of NOAA” and the National Weather Service.,half-true,false,"['false', 'mostly-false', 'half-true', 'pants-fire']",4,True
"""We had a three-hour debate, no discussion about the national debt, very little about the economy.""",mostly-true,false,"['false', 'half-true', 'mostly-false', 'mostly-true', 'pants-fire', 'true']",6,True
"“70% of Americans don't believe a word the mainstream media puts out,” so “everyone who thinks Biden won are only 30% of the population.”",false,false,"['false', 'mostly-false', 'pants-fire']",3,True
Vice President Kamala Harris’ mother “worked the MK Ultra program” and was “involved in secret mind-control experiments.”,pants-fire,false,"['false', 'pants-fire']",2,True
"Same-day voter registration ""does not allow election officials to verify the validity and accuracy of voter information.""",false,false,"['false', 'mostly-false', 'pants-fire']",3,True
“The FBI tapped my phone” and those of other senators.,mostly-false,false,"['false', 'mostly-false', 'pants-fire']",3,True
"After President Donald Trump took office, the U.S. government approved a 2025 $1,000 stimulus program for all Americans.",false,false,"['false', 'pants-fire']",2,True
"""Right to Try"" experimental drug program saved ""thousands and thousands of lives.""",false,false,"['false', 'mostly-false', 'pants-fire', 'half-true']",4,True
The election in Brazil “was very clearly a rigged election.”,false,false,"['false', 'pants-fire', 'mostly-false']",3,True
"My support from young voters -- those 18 to 24 --  in November 2014 was ""largely unheard of for a Republican.""",half-true,half-true,"['half-true', 'false', 'mostly-false', 'mostly-true', 'pants-fire']",5,True
California law lets you “rob a store as long as it’s not more than $950” and “not get charged.” Kamala Harris “did that.”,false,false,"['false', 'mostly-false', 'pants-fire']",3,True
"Says Rebecca Dallet is a ""hypocrite"" because she ""took money from attorneys with over 100 cases before her.""",mostly-false,false,"['false', 'mostly-false', 'half-true', 'pants-fire']",4,True
"Says in regard to providing ""more tax cuts for the rich,"" Bill Pascrell said, ""Republicans had great ideas. I liked some of their ideas.""",pants-fire,false,"['false', 'mostly-false']",2,False
The Biden administration stole $1 billion “from FEMA to use it for illegal migrants. … And FEMA is now busted. They don’t have any money.”,pants-fire,false,"['false', 'pants-fire', 'mostly-false']",3,True
"Says Mahlon Mitchell ""received a massive raise on the backs of hard-working firefighters and turned the union into his own personal political slush fund.""",half-true,false,"['false', 'half-true', 'mostly-false', 'mostly-true', 'pants-fire']",5,True
"John Raese's wife ""is registered to vote in Florida so she can't even vote for him.""",true,false,"['false', 'mostly-false']",2,False
"The FBI targeted a woman and searched her home because she “protested local school board, elections.”",mostly-false,false,"['false', 'mostly-false', 'pants-fire']",3,True
"""I'm the only candidate in the Democratic primary, or actually on either side, who Wall Street financiers and hedge fund managers are actually running ads against.""",pants-fire,false,"['false', 'mostly-false']",2,False
"If Missouri Amendment 1 passes, the auditor's office ""could take one district, St. Louis here, and merge it with a district in southwest Missouri, a Republican district, and they don't even have to touch.""",mostly-false,false,"['false', 'mostly-false', 'half-true', 'pants-fire', 'mostly-true']",5,True
"Gov. Rick Scott ""tried to kick 180,000 people off the voter rolls.""",false,false,"['false', 'mostly-false', 'half-true', 'pants-fire', 'mostly-true']",5,True
"Both the Democratic and Republican candidates for president in 2016 are ""quite unpopular.""",true,true,"['true', 'false']",2,True
“Sam Brown publicly supported forcing massive cuts to Social Security and Medicare and was caught on tape saying he admires the plan to phase out Social Security and Medicare in five years.”,mostly-false,false,"['false', 'mostly-false', 'pants-fire', 'half-true', 'mostly-true']",5,True
"""The turnout on May 14th was just 7 percent -- the lowest turnout in decades.""",mostly-true,mostly-false,"['mostly-false', 'false', 'mostly-true', 'half-true', 'pants-fire']",5,True
"Says under his plan to end cash bail ""the Waukesha perpetrator wouldn’t have been released """,mostly-true,false,"['false', 'mostly-false', 'pants-fire', 'half-true', 'true']",5,False
Republican Senate candidate Sam Brown “wants to cut Medicaid and Social Security.”,half-true,false,"['false', 'mostly-false', 'pants-fire', 'half-true']",4,True
Lindsey Graham endorsed Charlie Crist for U.S. Senate.,pants-fire,false,"['false', 'pants-fire']",2,True
"""Wow, Report Just Out! Google manipulated from 2.6 million to 16 million votes for Hillary Clinton in 2016 Election!""",false,false,"['false', 'pants-fire', 'mostly-false']",3,True
"""The Russian state has never interfered ... into internal American affairs including election process.""",pants-fire,false,"['false', 'pants-fire']",2,True
“Trash bins discovered outside the Gloucester County Board of Elections containing blank ballots as well as bags of shredded ballots from Tuesday’s election!”,false,false,"['false', 'pants-fire']",2,True
CBS exposed “the fact” that Kamala Harris’ crowd sizes are inflated because her campaign bused hundreds of attendees to her New Hampshire rally.,mostly-false,false,"['false', 'mostly-false', 'pants-fire']",3,True
"The death of Rep. Sheila Jackson Lee, D-Texas, six days after the Trump rally shooting was linked to her “oversight of the Secret Service.”",false,false,"['false', 'mostly-false']",2,True
"""In 2020, more people voted in America than ever in the history of America, in the middle of a once-in-a-century pandemic.""",mostly-true,false,"['false', 'mostly-false', 'half-true', 'pants-fire']",4,False
“The New York City ballot form is a scam” because “mayoral candidates appear twice.”,false,false,"['false', 'mostly-false', 'pants-fire']",3,True
“We’re putting our great coal miners back to work.”,mostly-false,false,"['false', 'mostly-false', 'pants-fire']",3,True
"""Abolishing the Electoral College would make Los Angeles County stronger than 43 states.""",false,false,"['false', 'mostly-false', 'pants-fire']",3,True
"Says Sen. Mitch McConnell's delay in seating Alabama Sen.-elect Doug Jones ""is a flagrant violation of Senate policy, which requires Jones assume office the instant one of them wins the election.""",false,false,"['false', 'mostly-false', 'pants-fire', 'half-true']",4,True
"Says his elections proposal would allow ""a potential of 168 hours (of early voting), which I think is the most we’ve ever had.""",true,true,"['true', 'false', 'mostly-false', 'mostly-true', 'half-true', 'pants-fire']",6,True
"“Last night I was leading, often solidly, in many key States, in almost all instances Democrat run & controlled. Then, one by one, they started to magically disappear as surprise ballot dumps were counted.”",false,false,"['false', 'mostly-false', 'pants-fire']",3,True
"""Georgia has the most  restrictive ballot access laws in the country.""",true,true,"['true', 'false']",2,True
U.S. Senate candidate Mike Rogers “believes he should make that decision” about whether to end pregnancies.,mostly-false,false,"['false', 'mostly-false', 'half-true', 'mostly-true', 'pants-fire']",5,True
"""Before this law, any group could go out anywhere, register voters, sit on the voter registration forms for unlimited amount of time.""",mostly-false,false,"['false', 'mostly-false', 'half-true', 'pants-fire']",4,True
"In ""the past four or five"" presidential elections, ""people who poll high at the beginning are not the people who end up being the nominees.""",mostly-false,false,"['false', 'mostly-false', 'pants-fire', 'half-true']",4,True
"""IDC members also get tons of campaign money from real estate, charter school, and health care lobbyists, some of whom are Republicans with connections to Trump""",mostly-true,mostly-true,"['mostly-true', 'half-true', 'true', 'false', 'mostly-false']",5,True
"Says Chuck Schumer said ""it’s racist to only allow citizens to vote.""",false,false,"['false', 'pants-fire']",2,True
"The NRA is ""one of the biggest lobbyists here in the capital. They spend a ton of money during elections. …  they spent more than a million dollars here in Wisconsin on the 2018 elections. Most of that was for Walker, or more specifically against Evers.""",half-true,mostly-true,"['mostly-true', 'half-true', 'true', 'false', 'mostly-false']",5,True
A spy plane was circling the building of the Arizona election audit.,pants-fire,false,"['false', 'pants-fire']",2,True
“USPS failed to deliver 27% of mail-in ballots in South Florida”,pants-fire,false,"['false', 'mostly-false', 'pants-fire', 'half-true']",4,True
"""Scott Walker gave Wisconsin job creation money to his cronies: corporate friends who contributed to his campaigns"" and got $570 million in job-development incentives",false,false,"['false', 'mostly-false', 'pants-fire', 'half-true', 'mostly-true']",5,True
"Fifty percent of the votes to Joe Biden in Michigan’s presidential primary election were mail-in, unverified, no signature, no ID.",false,false,"['false', 'pants-fire']",2,True
"“As of today, there is not one member of the United States military who is in active duty in a combat zone, in any war zone around the world, for the first time this century.”",mostly-false,false,"['false', 'mostly-false', 'pants-fire']",3,True
"“Arizona was safe” when she moved to the state in 1994, but has become “unsafe.”",false,false,"['false', 'mostly-false', 'half-true', 'pants-fire']",4,True
Joe Biden was called for Michigan even though Donald Trump won more votes.,false,false,"['false', 'mostly-false', 'pants-fire']",3,True
David Perdue did not support the 2014 farm bill that U.S. Sens. Isakson and Chambliss did.,mostly-true,false,"['false', 'mostly-true', 'mostly-false', 'half-true', 'true']",5,True
"""The average margin of victory in the House of Representatives was 37%"" for Democrats and Republicans in the 2016 election.",true,false,"['false', 'true', 'half-true', 'mostly-false', 'mostly-true']",5,True
“That’s why they are allowing these people to come in — people that don’t speak our language — they are signing them up to vote.”,pants-fire,false,"['false', 'pants-fire', 'mostly-false']",3,True
"""Had the online change of address been in place in 2008 an estimated 130,000 voters who cast provisional ballots could have changed their address online and voted a regular ballot.""",mostly-true,mostly-true,"['mostly-true', 'half-true', 'true', 'false']",4,True
The 2024 election results show that Joe Biden’s 80 million votes in 2020 were a “lie.”,pants-fire,false,"['false', 'pants-fire']",2,True
"Sen. Kay Bailey Hutchison's  ""concession speech came with less than 20 percent of the precincts  having been counted.""",mostly-true,mostly-true,"['mostly-true', 'half-true', 'false', 'mostly-false']",4,True
“Wisconsin is one of the few states that doesn’t allow absentee ballots to be processed before Election Day.”,true,false,"['false', 'mostly-false', 'half-true', 'pants-fire']",4,False
"""[State Rep. Doug McKillip’s] donors deserve a refund.""",false,false,"['false', 'mostly-false', 'pants-fire']",3,True
Fewer Democrats were on the Georgia general election ballot in 2012 than in more than 100 years.,half-true,false,"['false', 'half-true', 'mostly-false', 'mostly-true', 'pants-fire']",5,True
U.S. tax dollars sent to help Ukraine were laundered back by cryptocurrency firm FTX to help Democrats in midterms.,false,false,"['false', 'mostly-false', 'pants-fire']",3,True
"Wisconsin is “run by Democrats right now,” so they should address election social distancing concerns.",mostly-false,false,"['false', 'mostly-false']",2,True
"“You had (4,925) out-of-state voters… in Georgia.”",false,false,"['false', 'mostly-false']",2,True
"The primary election results show Democrats are strong in Kentucky  because the Democratic candidates ""both got more votes than Rand Paul  did.""",half-true,half-true,"['half-true', 'mostly-true', 'false', 'mostly-false']",4,True
"Says that politicians who approved collective bargaining restrictions for public employees ""exploited a loophole exempting themselves from Senate Bill 5.""",mostly-false,false,"['false', 'mostly-false', 'half-true']",3,True
"“Anything that you lose on the tariff from the perspective of the consumer, you gain in higher wages, so you're ultimately much better off.”",false,false,"['false', 'mostly-false', 'pants-fire']",3,True
Former President Donald Trump is “against mail in voting.”,half-true,false,"['false', 'mostly-false', 'half-true', 'pants-fire']",4,True
Minnesota Gov. Tim Walz “forced schools to stock tampons in boys’ bathrooms.”,mostly-false,false,"['false', 'mostly-false', 'pants-fire']",3,True
“They removed your ability to go buy firearms the day of election.”,false,false,"['false', 'mostly-false', 'half-true', 'pants-fire']",4,True
"""Rick Perry had planned to retire from the legislature  until his best friend, David Weeks, and I talked him into switching  parties and running for the GOP nomination for agriculture  commissioner.""",mostly-true,mostly-true,"['mostly-true', 'true', 'half-true', 'false']",4,True
Forty percent of union members voted Republican in 2008.,mostly-true,mostly-true,"['mostly-true', 'half-true', 'false', 'mostly-false', 'true']",5,True
"""There was even a time when (Donald Trump) didn't get an Emmy for his TV program three years in a row and he started tweeting that the Emmys were rigged.""",half-true,false,"['false', 'mostly-false', 'half-true', 'mostly-true', 'true']",5,True
"Says state Supreme Court candidate Joe Donald twice ""supported"" incumbent Justice Rebecca Bradley.",mostly-true,mostly-true,"['mostly-true', 'half-true', 'false', 'mostly-false']",4,True
"""Paul Ryan’s already spent millions to try and permanently derail Brad (Schneider)’s progressive, energized campaign.""",half-true,false,"['false', 'mostly-false', 'half-true', 'mostly-true']",4,True
"Sarah Palin ""got more votes running for mayor of Wasilla, Alaska, than Joe Biden got running for president of the United States.""",pants-fire,false,"['false', 'pants-fire']",2,True
"""Richard Hayne, president and CEO of Urban Outfitters … (is) a supporter of Rick Santorum and donated over $13,000 to him.""",half-true,false,"['false', 'mostly-false', 'half-true', 'true']",4,True
"""Since the time of the Civil War, we've made a distinction in this country between the availability and the ability to access for people who were in the military, versus the rest of us, to vote.""",half-true,half-true,"['half-true', 'false', 'mostly-true', 'mostly-false', 'true']",5,True
"Harambe received 15,000 votes in the presidential election.",pants-fire,false,"['false', 'pants-fire', 'mostly-false']",3,True
"""Sherrod Brown and his special interest allies in Washington are plotting to spend over $13 million"" to defeat Josh Mandel.",half-true,half-true,"['half-true', 'false', 'mostly-false', 'mostly-true', 'pants-fire']",5,True
"A Florida elections bill “guts everything” “instead of getting tough, and doing what the people want (same day voting, Voter ID, proof of Citizenship, paper ballots, hand count, etc.).”",false,false,"['false', 'mostly-false', 'pants-fire', 'half-true']",4,True
Says there’s no language in the U.S. Constitution that prevents someone from running for Congress simultaneously in multiple states.,true,true,"['true', 'false', 'half-true']",3,True
"The Southern strategy is a ""myth"" that ""never happened.""",false,false,"['false', 'pants-fire']",2,True
Early vote counts after the polls closed in Georgia’s U.S. Senate runoff are evidence of election fraud.,pants-fire,false,"['false', 'pants-fire']",2,True
The media called the 2016 election for Hillary Clinton.,false,false,"['false', 'mostly-false']",2,True
"""I was banned from talking about"" Bill Ayers during the 2008 presidential campaign.",pants-fire,false,"['false', 'mostly-false', 'true', 'half-true', 'pants-fire']",5,True
"Says Democratic opponent Tammy Baldwin ""gave stimulus checks to illegals.""",false,false,"['false', 'mostly-false']",2,True
"Arizona Secretary of State Katie Hobbs “sent 6,000 wrong ballots to Republicans.”",false,false,"['false', 'mostly-false']",2,True
"“Inauguration Cancelled, Trump Remains in Office.”",pants-fire,false,['false'],1,False
Joe Biden told West Point graduates that “he is not planning to accept the results of the 2024 election” and he wants them to “stand back and stand by” to ensure Donald J. Trump doesn’t win.,false,false,"['false', 'pants-fire']",2,True
Quotes Joe Biden as saying “We need to teach our children the ISLAMIC FAITH in our schools!”,false,false,"['false', 'pants-fire', 'mostly-false']",3,True
"""There’s a hacking conference that’s held every year in Las Vegas, where I think a 14- or 15-year old-girl from Florida hacked into a replica of Florida’s election system in less than 15 minutes.""",mostly-false,false,"['false', 'mostly-false', 'half-true', 'mostly-true', 'pants-fire']",5,True
"""More than 9,000 Rhode Island voters used the Moderate Party master lever mechanism and they didn't have a single Moderate on their ballot.""",mostly-true,false,"['false', 'mostly-false', 'pants-fire', 'half-true']",4,False
Says unproven voter fraud claims didn’t play “any role” in the Capitol riot.,pants-fire,false,"['false', 'mostly-false', 'pants-fire']",3,True
"Says Donald Trump ""has supported a Canadian-style universal health care system.""",true,false,"['false', 'true']",2,True
Dominion Voting Systems “deleted 2.7 million Trump votes nationwide.”,pants-fire,false,"['false', 'pants-fire']",2,True
Screenshots of documents show a former student of Democratic vice presidential candidate Tim Walz has lodged sexual abuse allegations against him.,pants-fire,false,"['false', 'pants-fire']",2,True
Kamala Harris voted in favor of passing a law in 2022 to tax tips.,false,false,"['false', 'mostly-false', 'pants-fire']",3,True
"Says she debated her opponent ""multiple times.""",half-true,false,"['false', 'mostly-false', 'half-true', 'mostly-true', 'pants-fire', 'true']",6,True
"""Twenty-six men named William have been elected to statewide office and only seven women have had the honor.""",mostly-true,false,"['false', 'mostly-false', 'pants-fire']",3,False
"The DeWine campaign is ""receiving money from so many more people. (Cordray's) money is coming almost exclusively from the party, labor unions, and special counsel that he has given business to.""",half-true,half-true,"['half-true', 'false', 'mostly-true', 'mostly-false', 'true']",5,True
"“Every state that does not require voter ID, Kamala won.”",false,false,"['false', 'pants-fire', 'mostly-false']",3,True
Says Joe Biden said “dozens of police were killed” during the Jan. 6 attack on the U.S. Capitol but “exactly zero people” died that day.,pants-fire,false,['false'],1,False
"""China was behind the interference and the effort to overthrow our government and the election, election fraud.""",false,false,"['false', 'pants-fire', 'mostly-false']",3,True
"Says ""we’re losing one voter every 13 minutes.""",mostly-true,mostly-true,"['mostly-true', 'true', 'half-true', 'false', 'mostly-false']",5,True
Says the election results are suspicious because opponent U.S. Sen. Baldwin won “nearly 90%” of absentee ballots in Milwaukee.,false,false,"['false', 'mostly-false', 'pants-fire']",3,True
"Says the Texas House has ""a record number of new members joining our ranks.""",half-true,half-true,"['half-true', 'mostly-true', 'false']",3,True
"“In a majority of states, new voters are able to obtain a rifle quicker than they’re able to cast their first ballot.”",mostly-true,false,"['false', 'mostly-false', 'pants-fire']",3,False
“The great replacement theory is not some grand right-wing conspiracy theory. But a basic statement of the Democratic Party's platform.”,pants-fire,false,"['false', 'pants-fire']",2,True
"""The person in charge of the Hillary investigation, Andrew McCabe, got $700,000 from (Hillary Clinton) for wife!""",mostly-false,false,"['false', 'pants-fire', 'mostly-false']",3,True
"Online voter registration is a ""more secure"" way of doing voter registration.",mostly-true,true,"['true', 'mostly-true', 'half-true']",3,True
“Virginia Democrat operatives” and Terry McAuliffe campaign staffers posed as white supremacists and stood by Republican Glenn Youngkin’s bus.,false,false,"['false', 'mostly-false', 'pants-fire']",3,True
“No other country” is having a “second wave” of COVID-19 “because they are not trying to unseat a President in November.”,false,false,"['false', 'mostly-false', 'pants-fire']",3,True
"""The number of new businesses started per year has dropped by 100,000 during this president’s term.""",half-true,false,"['false', 'mostly-false', 'half-true']",3,True
Kari Lake’s lawsuit “exposes Arizona used no signature verification.”,false,false,"['false', 'mostly-false', 'pants-fire']",3,True
"Says Julie Parrish is ""one of Sarah Palin’s mama grizzlies.""",mostly-false,false,"['false', 'mostly-false', 'half-true', 'pants-fire']",4,True
"""They talk about this problem with binding arbitration. It doesn’t make a lot of sense to me to have somebody from Los Angeles fly into Zanesville and impose a wage settlement on you ... and then they’re on the plane back to Los Angeles.""",pants-fire,false,"['false', 'pants-fire', 'mostly-false']",3,True
“Conservative Supreme Court Justices vote remotely to deny Wisconsin voters their right to vote remotely.”,half-true,false,"['false', 'mostly-false', 'pants-fire', 'half-true']",4,True
A person is on film “burning 80 Trump ballots.”,false,false,['false'],1,True
"The U.S. Justice Department has ""taken on more than 100 voting rights cases since 2009.""",half-true,true,"['true', 'false', 'half-true', 'mostly-true', 'mostly-false']",5,True
Says it’s illegal to hold an absentee-only election or mail ballots to every registered voter,true,false,"['false', 'mostly-false', 'half-true']",3,False
The Commission on Presidential Debates wrote a letter after the 2016 presidential debates apologizing to Donald Trump.,false,false,"['false', 'mostly-false', 'pants-fire']",3,True
"A member of the redistricting commission proposed in Issue 2 ""could accept a bribe from somebody"" and ""couldn’t be removed from this commission.""",false,false,"['false', 'mostly-false', 'half-true', 'pants-fire']",4,True
“More fraud in New Jersey’s election uncovered – voting machines would not allow citizens to vote for Republican governor candidate.”,mostly-false,false,"['false', 'mostly-false', 'pants-fire', 'half-true']",4,True
"If African-Americans vote their percentage of the population in 2008, ""Mississippi is suddenly a Democratic state.""",false,false,"['false', 'pants-fire', 'mostly-false']",3,True
"""The real electoral map"" shows Donald Trump leading Joe Biden in electoral votes.",false,false,['false'],1,True
"Says delegates can't ""legally"" change the Republican National Convention rules to prevent Donald Trump’s nomination.",mostly-false,false,"['false', 'mostly-false', 'half-true', 'pants-fire']",4,True
"Sherrod Brown’s approval rating ""has plummeted to 38 percent among Ohio voters"" in a poll by a Democratic pollster.",mostly-true,false,"['false', 'mostly-false', 'half-true', 'mostly-true', 'pants-fire', 'true']",6,True
"CNN coverage has evidence of the “single most egregious, real-time example of electronic vote fraud.”",pants-fire,false,"['false', 'mostly-false', 'pants-fire']",3,True
"Winning enough pledged delegates is ""not impossible.""",mostly-true,false,"['false', 'mostly-false', 'half-true', 'pants-fire']",4,False
Elon Musk’s Starlink technology manipulated votes in the 2024 election to benefit Donald Trump.,pants-fire,false,"['false', 'pants-fire', 'mostly-false']",3,True
"California Gov. Gavin Newsom “just let 76,000 inmates out of jail.""",false,false,"['false', 'mostly-false']",2,True
"Gov. Terry McAuliffe ""has made several statements that he would love to be in a Cabinet secretary position with the Clinton administration.""",false,false,"['false', 'mostly-false', 'pants-fire', 'half-true']",4,True
“Taylor Swift has moved to Canada after leaving the U.S. following the big red wave.”,false,false,"['false', 'pants-fire', 'mostly-false']",3,True
Says Donald Trump posed as an anonymous “Nevada poll worker” on Laura Ingraham’s show.,false,false,"['false', 'pants-fire']",2,True
"John McCain ""said publicly that Hillary Clinton would make a good president.""",true,true,['true'],1,True
"""Governor Tony Evers gave counties the green light to defund Wisconsin's police departments.""",mostly-false,false,"['false', 'mostly-false', 'pants-fire']",3,True
"Says that when he first ran for office in the late 1980s, ""there were still folks who didn't have phone service. Soon I'd helped ensure that everyone in North Florida could access a dial tone.""",mostly-true,mostly-true,"['mostly-true', 'half-true', 'true']",3,True
Says a picture of stacked mailboxes is proof of voter suppression in Wisconsin,false,false,"['false', 'mostly-false', 'pants-fire', 'half-true']",4,True
“Under (the Biden) administration we have witnessed the fastest growth of Black-owned small businesses in more than 30 years.”,true,true,['true'],1,True
"""The entire Database of Maricopa County in Arizona has been DELETED!""",false,false,"['false', 'pants-fire']",2,True
Map proves the Pennsylvania Senate election was rigged.,pants-fire,false,"['false', 'pants-fire']",2,True
