statement,true_verdict,predicted_verdict,prediction_set,set_size,is_covered
"""Live cats have holes drilled into their skulls,"" posts put into their heads and coils put into their eyes, and some have had their ears cut off or are intentionally deafened or starved at UW-Madison labs that do research to improve hearing in humans.",half-true,half-true,['half-true'],1,True
"“Communicable diseases like HIV and TB (tuberculosis) have skyrocketed” after Haitian migrants came to Springfield, Ohio.",mostly-false,false,"['mostly-false', 'false']",2,True
"Massachusetts has ""less than 1 percent of our kids that are uninsured. You (Gov. Perry) have a million kids uninsured in Texas.""",mostly-true,false,"['half-true', 'mostly-false', 'false']",3,False
"41,200 veterans in Florida ""don’t have health care because Scott didn’t expand Medicaid.""",half-true,mostly-true,"['true', 'mostly-true', 'half-true', 'mostly-false']",4,True
"""We've had the lowest health care inflation in history because of Obamacare.""",mostly-false,mostly-false,['mostly-false'],1,True
"The Senate-passed health care bill ""is identical to the Massachusetts health care plan -- the same thing.""",mostly-true,mostly-true,"['true', 'mostly-true']",2,True
"""In Florida, Sen. Bill Nelson ... got a $25 billion to $30 billion carve-out for Medicare Advantage patients in their state.""",mostly-false,mostly-false,"['half-true', 'mostly-false', 'false']",3,True
"""A large number of the uninsured earn $75,000 or more a year.""",half-true,half-true,"['mostly-true', 'half-true', 'mostly-false']",3,True
"Says rejecting federal aid to expand Medicaid in Texas will ""send $9 billion in federal taxes paid by Texans to other states to insure their working poor.""",false,false,"['mostly-true', 'half-true', 'mostly-false', 'false']",4,True
"Says Bernie Sanders “opposed Obamacare, didn't like the fact we didn't push a single-payer option.”",mostly-false,half-true,"['true', 'mostly-true', 'half-true', 'mostly-false']",4,True
"""Almost every day another 9/11 survivor or responder dies from a 9/11-related cancer.""",mostly-false,true,"['true', 'mostly-true']",2,False
"""More Americans believe the moon landing was fake than believe Obamacare is affordable.""",half-true,half-true,['half-true'],1,True
"The Affordable Care Act is ""not the law of the land.""",false,false,"['mostly-false', 'false', 'pants-fire']",3,True
"""Romney adviser admits Romneycare was blueprint for Obamacare.""",mostly-true,true,"['true', 'mostly-true']",2,True
"""One out of 4 diabetes patients in our country cannot afford their insulin.""",mostly-true,mostly-true,"['true', 'mostly-true']",2,True
Project 2025 calls for restricting “access to IVF and contraception.”,mostly-false,false,"['half-true', 'mostly-false', 'false']",3,True
Says Joe Biden and Kamala Harris support abortion “up to the moment of birth.”,false,false,"['mostly-false', 'false']",2,True
"""Prior to Obamacare here in Wisconsin, 95 percent of Wisconsinites were covered by insurance. After Obamacare, 95 percent of Wisconsinites were covered by insurance. It hasn’t had an impact.""",false,false,['false'],1,True
"When Social Security, Medicare and Medicaid were created, ""Republicans stood on the sidelines""",false,false,"['half-true', 'mostly-false', 'false']",3,True
"Obamacare ""was the Republican plan in the early '90s.""",half-true,mostly-true,"['true', 'mostly-true', 'half-true', 'mostly-false']",4,True
"“You may be 55 years old in [Illinois] and a citizen and not eligible for Medicaid. But if you are an undocumented immigrant and 55 or older, you’re eligible for Medicaid.”",false,false,"['mostly-true', 'half-true', 'mostly-false', 'false']",4,True
"In the Wisconsin health insurance exchange, ""the Society of Actuaries points out that there'll be, according to them, an 82 percent increase in individual premiums over the next couple years under Obamacare.""",half-true,mostly-true,"['true', 'mostly-true', 'half-true']",3,True
"Says Tammy Baldwin ""voted to gut Medicare for seniors.""",false,mostly-false,"['mostly-false', 'false']",2,True
Rhode Island has taken its federal Medicaid funding and shown it can run the program more cost-effectively than the federal government.,mostly-true,false,"['half-true', 'mostly-false', 'false']",3,False
Says Joe Biden “tried to cut Social Security and Medicare for decades. … Now Biden’s promising your benefits to illegal immigrants.”,mostly-false,false,"['mostly-false', 'false']",2,True
"Says the Republican plan to replace Obamacare, ""absolutely does not eliminate protections for pre-existing conditions.""",mostly-false,false,['false'],1,False
"""Tommy Thompson wanted to implant data chips in humans.""",mostly-true,mostly-true,"['true', 'mostly-true']",2,True
"Says Tammy Baldwin’s ""Medicare for All"" plan means senior citizens would ""no longer have"" Medicare.",mostly-false,mostly-false,['mostly-false'],1,True
“Tens of millions of Americans live in communities where they cannot find a doctor while others have to wait months to be seen.”,mostly-true,true,"['true', 'mostly-true']",2,True
"""We have (people detained by ICE) that have to be seen within 24 hours, while veterans are seen within months.",false,mostly-false,"['mostly-true', 'half-true', 'mostly-false', 'false']",4,True
Warren Buffett says stop Obamacare now and start over.,pants-fire,pants-fire,['pants-fire'],1,True
"Brendan Doherty wants ""to repeal Obamacare, increasing drug prices for seniors.""",mostly-false,mostly-false,"['mostly-true', 'half-true', 'mostly-false', 'false']",4,True
Health care premiums for consumers have doubled since 2001.,true,true,['true'],1,True
"“The transgender thing is incredible... your kid goes to school and comes home a few days later with an operation. The school decides what’s going to happen with your child.""",pants-fire,false,['false'],1,False
"“Joe Biden and Kamala Harris’ government-run health care plan…  could lead to hospitals being closed, put Medicare coverage at risk, and give benefits to illegal immigrants.”",mostly-false,false,"['mostly-false', 'false', 'pants-fire']",3,True
“Private insurance gives … better coverage” than people would get under a Medicaid expansion.,false,false,"['mostly-false', 'false']",2,True
“The World Health Organization has been working since 1974 on vaccines to create permanent sterility.”,false,false,"['mostly-false', 'false']",2,True
"The growth in health care costs ""has been reined in through the Affordable Care Act.""",mostly-false,mostly-true,"['mostly-true', 'half-true', 'mostly-false']",3,True
"“The CDC is about to add the COVID vaccine to the childhood immunization schedule, which would make the vax mandatory for kids to attend school.”",mostly-false,false,['false'],1,False
"""The IRS is already planning on 19,500 new employees to administer"" Obama’s health care mandate.",pants-fire,false,['false'],1,False
"Says the Patient Protection and Affordable Care Act adopted last year contains ""a series of slush funds, set up to stay on the books automatically, with little or no oversight.""",pants-fire,pants-fire,['pants-fire'],1,True
"""President Obama's bill won't bring down the costs (of health care) for average Americans -- or really for very few Americans, if any.""",false,false,['false'],1,True
"Says his bill, HB 97, would prevent the use of taxpayer dollars on abortions.",false,false,"['half-true', 'mostly-false', 'false']",3,True
Says Wisconsin’s in-person election has caused a “surge” in new coronavirus cases,false,false,['false'],1,True
"""The New England Journal of Medicine released a survey the week that President Obama signed Obamacare stating that over 30 percent of American physicians would leave the profession if the government took over health care.""",false,false,['false'],1,True
"Health reform will ""give every American the same opportunity"" to buy health insurance the way members of Congress do.",false,false,['false'],1,True
"""I have not said that I was a single-payer supporter.""",false,false,['false'],1,True
"UPS left 15,000 employees’ spouses ""without health insurance"" and told them to, ""go on an exchange with no employer subsidy.""",false,mostly-false,"['mostly-false', 'false']",2,True
"Speaking of his restriction on travel from China, “I had (Joe) Biden calling me xenophobic. … He called me a racist, because of the fact that he felt it was a racist thing to stop people from China coming in.”",mostly-false,false,"['mostly-false', 'false']",2,True
"""Prescription drug companies are charging Americans prices that are on average 4x higher than what's charged in other countries.""",mostly-true,mostly-true,['mostly-true'],1,True
"""#GradInsurance debacle is a DIRECT result of #ObamaCare. #MIZZOU has to break the law to do the right thing.""",half-true,mostly-false,"['half-true', 'mostly-false', 'false']",3,True
"Says ""we are overcharging students . . . to help pay for the health care law.""",half-true,mostly-true,"['mostly-true', 'half-true', 'mostly-false', 'false']",4,True
"""Jeff Merkley was the deciding vote on Obamacare, which in Oregon has been an unmitigated disaster.""",false,false,"['mostly-false', 'false']",2,True
"""I want to give every American a $5,000 refundable tax credit.""",half-true,half-true,['half-true'],1,True
Says 50 million people would lose their health insurance if Obamacare is repealed.,mostly-false,mostly-true,"['true', 'mostly-true', 'half-true', 'mostly-false']",4,True
"Says it's ""estimated that 300 babies a year are sent home from the hospital with an unrecognized congenital heart defect; it is the most common birth defect in America.""",mostly-true,true,"['true', 'mostly-true']",2,True
"""Twenty-four percent of doctors in Virginia currently don’t accept new Medicaid patients because the reimbursement rates are so low.""",mostly-true,mostly-true,"['true', 'mostly-true', 'half-true']",3,True
"""Half of all adults have a pre-existing condition"" that could affect their health care coverage.",mostly-true,mostly-true,"['mostly-true', 'half-true', 'mostly-false']",3,True
"Says ""new estimates from the Congressional Budget Office conclude the final price-tag"" for the health care law ""will exceed $2 trillion — more than double what was initially reported.""",false,mostly-false,"['half-true', 'mostly-false', 'false']",3,True
"Says Scott Walker refused federal funds and ""Wisconsin families now pay nearly 50% more than Minnesotans for the same health care.""",mostly-false,mostly-false,['mostly-false'],1,True
"“So Oscar Health, the company tapped by Trump to profit from covid tests, is a Kushner company. Imagine that, profits over national safety.”",half-true,mostly-false,"['mostly-true', 'half-true', 'mostly-false', 'false']",4,True
"""Repealing and replacing Obamacare – that’s going to save $1 trillion over a 10-year period.""",false,false,['false'],1,True
"""CBO reports that delaying the Obamacare individual mandate will reduce the deficit by $35 billion over ten years.""",mostly-true,true,"['true', 'mostly-true']",2,True
"""PHARMACEUTICAL COMPANIES that manufacture vaccines have IMMUNITY FROM PROSECUTION!""",mostly-false,mostly-false,"['mostly-false', 'false']",2,True
"""As a result of the House Republican bill, the nonpartisan Congressional Budget Office now confirms that families will see their health care premiums reduced by up to 10 percent.""",half-true,half-true,['half-true'],1,True
"""The Department of Health and Human Services is considering a plan to adopt socialist price controls from foreign countries.""",mostly-false,mostly-false,"['mostly-false', 'false']",2,True
"The health care bill has ""six years of costs against 10 years of tax revenue.""",half-true,half-true,['half-true'],1,True
"""Mr. President, multiple times from your administration there have come statements that Republicans have no ideas and no solutions"" on health care.",true,true,['true'],1,True
"Obamacare includes ""a $63 charge every American will begin paying (in 2013) as a way to cover some of the increased costs associated with providing health insurance to those with pre-existing conditions.""",mostly-false,mostly-true,"['mostly-true', 'half-true', 'mostly-false']",3,True
"A bill to aid state and local governments ""is fully paid-for by closing costly corporate tax loopholes.""",mostly-false,mostly-false,"['mostly-false', 'false']",2,True
"""Some of the Democrats have been talking about ending (coverage for) pre-existing conditions.""",pants-fire,false,['false'],1,False
"A ""fairly limited number of people, 25 million to 30 million,"" will be allowed to access a national health insurance exchange.",true,true,['true'],1,True
"""In 2022, illegal immigrants will have MORE FREEDOMS and easier access to healthcare and ballot boxes than most Americans... Just think about that.""",pants-fire,false,"['mostly-false', 'false']",2,False
"Of hospitals in Rick Scott’s Columbia/HCA health care company, ""A top executive said they even turned away a poor man and left him to die outside their door.""",mostly-false,mostly-false,"['mostly-true', 'half-true', 'mostly-false']",3,True
"Says under Mitt Romney, ""Medicare could end as we know it, leaving Julia with nothing but a voucher to buy insurance, which means $6,350 extra per year for a similar plan.""",mostly-false,mostly-false,"['half-true', 'mostly-false']",2,True
"""ObamaCare will use your tax dollars to provide free Viagra to convicted rapists and registered sex offenders.""",half-true,false,"['mostly-false', 'false']",2,False
"""Baseball and insurance are the only industries exempt from antitrust laws.""",false,false,['false'],1,True
"“The average hospital stay for a case of COVID-19 costs about $17,064. The vaccine is free.”",mostly-true,true,"['true', 'mostly-true']",2,True
"""Obamacare"" represents ""the largest tax increase in the history of the world.""",pants-fire,false,"['false', 'pants-fire']",2,True
"""The difference between what I support and what you support, Vice President Biden, is that you require them to opt in (to a Medicare public option), and I would not require them to opt in. … They would automatically be enrolled. That’s a big difference. … Are you forgetting what you said two minutes ago?""",mostly-false,mostly-true,"['mostly-true', 'half-true', 'mostly-false']",3,True
"""We have a president who wanted to throw 32 million people off of the health care they had.""",half-true,mostly-true,"['true', 'mostly-true', 'half-true', 'mostly-false']",4,True
"Addressing the impact of the House GOP debt-ceiling bill on veterans’ programs, ""I'm dead serious that we're not cutting veterans, and I mean it.""",mostly-false,false,"['mostly-false', 'false']",2,True
"Florida state senators ""are pushing a new government program that allows prescription drugs from China without FDA inspection.""",false,false,['false'],1,True
"Says Tammy Baldwin supports a law ""in which government will take over your decisions on medicine, on doctors and on hospitals.""",false,false,['false'],1,True
"According to the CDC, ""110 million Americans now have a sexually transmitted illness.""",mostly-false,false,"['mostly-false', 'false']",2,True
Postpartum Medicaid coverage expanded from three states to 43 states because of the Biden administration.,true,true,['true'],1,True
"Says there are ""a half a trillion dollars in cuts to Medicare that are going to go in place"" as a result of health care reform.",mostly-false,mostly-false,['mostly-false'],1,True
“There's no downside” to avoiding Tylenol or acetaminophen use while pregnant.,pants-fire,false,"['false', 'pants-fire']",2,True
Says the Democrats told the Catholic Church that they’ll use federal powers to shut down church charities and hospitals if the church doesn’t change its beliefs.,pants-fire,mostly-false,"['mostly-false', 'false']",2,False
"""It's important to pay attention to the Russian spy drama, but let's not ignore the fact that the following (10) bills have been introduced"" in the House.",mostly-true,mostly-true,"['mostly-true', 'half-true', 'mostly-false']",3,True
"Barack Obama's health care plan ""will cost taxpayers $1,700 more to cover each new person.""",mostly-false,mostly-false,"['mostly-false', 'false']",2,True
"""Unlike you and me, Congress gets to keep up to $11,000 a year in taxpayer subsidies"" under Obamacare.",half-true,half-true,['half-true'],1,True
"The GOP tax plan ""Sabotages the health care of 13 MILLION Americans.""",half-true,mostly-false,"['mostly-true', 'half-true', 'mostly-false']",3,True
"""Sen. Hutchison abandoned Republicans and stood with Democrats to ensure health care legislation would pass quickly.""",pants-fire,pants-fire,['pants-fire'],1,True
"Under ""Trumpcare,"" the Republican replacement for Obamacare, ""$600 billion worth of tax breaks will go to the wealthiest in this country.""",half-true,half-true,['half-true'],1,True
"""All private healthcare plans must conform to government rules to participate in a Healthcare Exchange.""",true,true,['true'],1,True
"Mental health provisions related to mass shootings ""got over 90 votes in the Senate.""",true,false,"['true', 'mostly-true', 'half-true', 'mostly-false', 'false']",5,True
Sudden death in adults and Sudden Infant Death Syndrome are caused by vaccines.,false,false,['false'],1,True
"""Each year, 18,000 people die in America because they don't have health care.""",true,true,"['true', 'mostly-true']",2,True
"""Repealing the Affordable Care Act — and with it, Ohio’s Medicaid expansion — could cost Ohio more than 81,000 jobs, jeopardize nearly 1 million Ohioans’ health care coverage, and leave more than 220,000 Ohioans with mental illness or substance use disorders without insurance.""",half-true,mostly-true,"['true', 'mostly-true', 'half-true']",3,True
"Says Joe Manchin said ""yes to repealing Obamacare. He lied.""",mostly-false,false,"['mostly-false', 'false']",2,True
"""We were told there would never be a case of Ebola in the United States.""",false,false,"['mostly-true', 'half-true', 'mostly-false', 'false']",4,True
"""I helped write"" the Affordable Care Act.",mostly-false,half-true,"['mostly-true', 'half-true']",2,False
"""When they passed Obamacare, they put a bailout fund in Obamacare. … We led the effort and wiped out that bailout fund.""",mostly-false,false,"['half-true', 'mostly-false', 'false']",3,True
"""We’ve got an average of 5,600 soldiers committing suicide. That’s about 20 a day.""",half-true,half-true,['half-true'],1,True
"Democratic U.S. House candidate Julie Lassa pushed for a ""Canadian-style government takeover of health care.""",false,false,['false'],1,True
"The president's health care proposals will cause ""most Americans to have their premiums increased, not decreased, and hundreds of millions of people lose their current insurance coverage.""",pants-fire,pants-fire,['pants-fire'],1,True
"Says the American public ""overwhelmingly opposed"" Democratic-steered health care plan.",half-true,half-true,['half-true'],1,True
"""Scientists have shown us (that) the greater possibilities, the real science movement, has been with adult stem cell research. It has not been with embryonic.""",false,false,['false'],1,True
"Obamacare ""was invented by liberal academic theorists.""",mostly-false,false,"['mostly-false', 'false']",2,True
"""We spend almost twice as much per capita on health care as do the people of any other country.""",false,false,['false'],1,True
"""We had a waiting list in Chittenden County when I came into office of about 700. ... We opened a new treatment hub in St. Albans, and it reduced that number to zero.""",half-true,mostly-true,"['true', 'mostly-true', 'half-true']",3,True
“Kids who don’t even know what day it is or their colors can decide to permanently change themselves” through medical gender transition.,false,false,"['mostly-false', 'false']",2,True
"""President Obama has broken his pledge to the American people to be transparent throughout (health care reform negotiations).""",true,true,['true'],1,True
"For health risk exceptions in Florida’s abortion amendment, “You're not even talking to a doctor to make that determination.”",false,true,"['true', 'mostly-true', 'half-true', 'mostly-false', 'false']",5,True
"""They delayed my swearing-in here in Massachusetts for a couple weeks so they could ram (the health care law) through.""",false,false,"['mostly-false', 'false']",2,True
"""Almost 1 million children ... have no health insurance in this state.""",true,true,['true'],1,True
"Health care reform legislation is ""likely to mandate free ‘sex change’ surgeries.""",false,false,['false'],1,True
"Obamacare granted ""the protection against preexisting condition discrimination that extended to more than 150 million Americans, folks who get their health insurance through their employer.""",half-true,mostly-true,"['mostly-true', 'half-true', 'mostly-false', 'false']",4,True
"""In 1993 the Republicans embraced a health platform that proudly features an individual mandate as its main component.""",half-true,false,"['half-true', 'mostly-false', 'false']",3,True
"""Obamacare could force thousands of volunteer fire stations to cut service or close entirely!""",half-true,mostly-false,"['mostly-false', 'false']",2,False
"Says 15,000 IRS employees ""have to be added to administer ‘ObamaCare’ and look at the tax implications.""",mostly-false,mostly-false,"['mostly-false', 'false']",2,True
"""Under (Rick Perry’s) watch as governor, over six million Texans have no health care coverage, including one million children, homeowners suffer from the highest insurance rates in the country, and college tuition has skyrocketed 136 percent.""",half-true,half-true,['half-true'],1,True
"Says because of Texas lawmakers’ choices, ""hundreds of thousands of women no longer have access to basic medical care, life-saving cancer screenings and contraception.""",half-true,mostly-true,"['true', 'mostly-true', 'half-true']",3,True
"""The American people will be appalled to learn the health care bill exempts (congressional) leadership and committee staff.""",mostly-true,mostly-true,['mostly-true'],1,True
"""I cast the deciding vote extending Medicaid health care coverage to 50,000 of our fellow citizens,""",mostly-false,false,"['mostly-false', 'false']",2,True
"The majority of people in polls do ""not support Obamacare.""",half-true,half-true,['half-true'],1,True
"""By the time I left"" the State Department, ""economic growth was up and opium production was down"" in Afghanistan, while ""infant mortality declined"" and school enrollment rose by more than sevenfold.",mostly-true,mostly-true,['mostly-true'],1,True
"Says the United States has ""the world’s greatest health care system.""",half-true,false,"['mostly-false', 'false']",2,False
"""A strong bipartisan majority"" in the House of Representatives ""voted to defund Obamacare.""",false,mostly-false,"['mostly-false', 'false']",2,True
“We have 85 million Americans who have no health insurance.”,half-true,mostly-true,"['true', 'mostly-true']",2,False
"Says that under the new healthcare law, full- and part-time workers will be required to buy insurance costing $375 to $1,000 a month, starting in 2014.",half-true,false,"['half-true', 'mostly-false', 'false']",3,True
"Stimulus money funded a government board that made recommendations that would cost 378,000 jobs and $28.3 billion in sales.",false,false,['false'],1,True
Says Planned Parenthood provides about 140 visits for prenatal care in each state.,false,false,['false'],1,True
"The tax-cut deal ""adds more than $800 billion to the deficit over two years -- more than the cost of TARP and more than the cost of the Recovery Act"" and about the same as health care reform.",mostly-true,mostly-true,['mostly-true'],1,True
Switzerland banned mammograms.,false,false,['false'],1,True
"""Teddy Roosevelt first called for (health care) reform nearly a century ago.""",true,true,['true'],1,True
"Says ""President Obama just granted all of Congress an exception"" to Obamacare.",false,false,"['mostly-false', 'false']",2,True
"Former President Donald Trump could have destroyed the Affordable Care Act, but “he chose to build upon (it).""",false,false,"['half-true', 'mostly-false', 'false']",3,True
"Says Mike Huckabee appeared in diabetes infomercials to endorse ""cures and treatments that no health agency supports.""",true,true,"['true', 'mostly-true', 'half-true', 'mostly-false']",4,True
"Says the federal government ""tells health insurance companies how much money they're allowed to keep of what they receive in revenues -- 15 percent.""",half-true,mostly-true,"['true', 'mostly-true', 'half-true', 'mostly-false', 'false']",5,True
"Says that according to ""many reports and even our own data,"" the state of Texas spent more through Medicaid on orthodontia than all other states combined.",half-true,mostly-true,"['mostly-true', 'half-true', 'mostly-false', 'false']",4,True
"Obama says his health care plan is ""universal.""",mostly-false,mostly-false,"['mostly-true', 'half-true', 'mostly-false']",3,True
"Obamacare insurance cooperative failures ""should be expected"" because they're like any business, and ""when you start businesses in America, at the fifth year, half of the businesses have closed.""",half-true,mostly-true,"['true', 'mostly-true', 'half-true']",3,True
"""The costs for families (in the individual market) for the same type of coverage that they're currently receiving would go down 14 percent to 20 percent.""",half-true,half-true,"['mostly-true', 'half-true']",2,True
Orrin Hatch co-sponsored a 1993 health care bill that had an individual mandate.,true,true,['true'],1,True
"""About 8 out of 10 favor changing Obamacare significantly or replacing it altogether.""",mostly-true,mostly-true,"['mostly-true', 'half-true', 'mostly-false']",3,True
"40,000 veterans in Texas won’t get health care because Perry rejected Obamacare's Medicaid expansion.",mostly-true,mostly-true,"['mostly-true', 'half-true', 'mostly-false', 'false']",4,True
"Says Donald Trump ""wants to replace"" Obamacare ""with a single-payer system.""",half-true,half-true,"['half-true', 'mostly-false']",2,True
“More than 91% of the spending in this $1.9 trillion package is not used for pandemic relief.”,mostly-false,false,"['mostly-true', 'half-true', 'mostly-false', 'false']",4,True
"The Baucus bill ""contains provisions that would send massive federal subsidies directly to both private insurance plans and government-chartered cooperatives that pay for elective abortion.""",true,true,['true'],1,True
"More than 1 million Texans live without affordable health care because Rick Perry failed to ""partner with the Legislature to find a Texas solution to closing the coverage gap.""",mostly-true,true,"['true', 'mostly-true']",2,True
"""The biggest job of the surgeon general is to translate health care and health care needs into plain English.""",half-true,mostly-true,"['mostly-true', 'half-true']",2,True
"""As many as 22,000 Americans die each year because they don’t have health insurance.""",half-true,mostly-true,"['mostly-true', 'half-true']",2,True
"Because of the new health care law, ""17 million kids can no longer be denied for a pre-existing condition.""",mostly-false,mostly-false,"['half-true', 'mostly-false', 'false']",3,True
"The impact of the 2010 federal health care legislation will be ""huge"" on Georgia.",mostly-true,mostly-true,['mostly-true'],1,True
Says the April 22 jump in COVID-19 cases was related to the election.,false,false,"['mostly-false', 'false']",2,True
"Operating a health care exchange would be ""illegal"" in Georgia and some states because of legislation passed in those states.",false,false,['false'],1,True
"""Polls show that Floridians don't want to repeal the Affordable Care Act.""",mostly-false,mostly-false,"['mostly-false', 'false']",2,True
"""The Affordable Care Act is the single largest tax increase in my lifetime.""",false,false,"['mostly-false', 'false']",2,True
"""In order to sell insurance in Florida there are over 40 separate individual conditions that must be covered. ... far beyond the essential health benefits included in Obamacare.""",mostly-false,mostly-false,"['half-true', 'mostly-false', 'false']",3,True
"Says Democratic challenger Russ Feingold ""was the deciding vote on Obamacare.""",mostly-false,mostly-false,"['mostly-true', 'half-true', 'mostly-false']",3,True
"The Romney-Ryan plan for Medicare ""does not affect"" benefits for anyone 55 or older.",half-true,false,"['mostly-false', 'false']",2,False
"""Missouri has one of the highest rates of uninsured children in the country.""",half-true,mostly-true,"['mostly-true', 'half-true', 'mostly-false']",3,True
"For middle-class families under the Baucus plan, ""13 percent of what they make could be deducted directly from their paychecks . . . the so-called 'Max Tax.'""",half-true,half-true,['half-true'],1,True
"""Eighty-seven percent of private insurance plans currently include (abortion) coverage.""",mostly-true,mostly-true,['mostly-true'],1,True
"""A family of four can make up to $88,000 a year and still get a subsidy for health insurance"" under the new federal health care law.",true,true,"['true', 'mostly-true']",2,True
"Says ""as we sit right now, Medicare, if we do nothing, will be gone in eight years, if we do nothing to it.""",false,false,"['mostly-true', 'half-true', 'mostly-false', 'false']",4,True
"“As a condition for ending the Democrat shutdown, Democrats want hospitals (to be) paid MORE to treat illegal aliens than American citizens.”",false,false,"['mostly-false', 'false']",2,True
"On HealthCare.Gov, Texan Mark Sullivan ""found a good"" health insurance ""plan that includes dental, for less than $80 a month.""",mostly-false,mostly-true,"['mostly-true', 'half-true', 'mostly-false', 'false']",4,True
“71 out of 72 Wisconsin counties filed lawsuits against Purdue Pharma. Brad Schimel refused to join them.”,half-true,mostly-true,"['mostly-true', 'half-true', 'mostly-false', 'false']",4,True
"""This unit is the only one in the state that strives to implement the principles of Mother-Friendly care as outlined by the national Coalition for Improving Maternity Services Mother-Friendly Childbirth Initiative.""",false,false,"['half-true', 'mostly-false', 'false']",3,True
"“On February 7, the WHO warned about the limited stock of PPE. That same day, the Trump administration announced it was sending 18 tons of masks, gowns and respirators to China.”",true,true,"['true', 'mostly-true']",2,True
"""I'm 59. In either Canada or Great Britain, if I broke my hip, I couldn’t get it replaced.""",pants-fire,pants-fire,['pants-fire'],1,True
"Eric Hovde “wants to repeal the Affordable Care Act, and kick millions off their health insurance.”",true,true,"['true', 'mostly-true', 'half-true', 'mostly-false']",4,True
"""Idaho was the only Republican-led state in the nation that chose to partner with President Obama"" by creating a state-based marketplace under the Affordable Care Act.",false,false,"['mostly-true', 'half-true', 'mostly-false', 'false']",4,True
The health care reform bill -- on Page 16 -- outlaws private insurance.,pants-fire,pants-fire,['pants-fire'],1,True
"""Millions of dollars are spent by Planned Parenthood to elect Democrats to the House of Representatives and the Senate.""",mostly-true,mostly-true,['mostly-true'],1,True
"""We have empowered state insurance commissioners to review the rate hikes that are taking place in states. And in some states like North Carolina, they have already used it and rolled back premium increases by 25 percent.""",mostly-true,mostly-true,"['true', 'mostly-true']",2,True
"""Under ‘Trumpcare,’"" domestic violence and sexual assault ""could be considered pre-existing conditions.""",mostly-false,mostly-false,"['half-true', 'mostly-false', 'false']",3,True
"""Common welfare programs give income of $43,330 or $20.83 an hour.""",mostly-false,false,"['mostly-true', 'half-true', 'mostly-false', 'false']",4,True
“New $40K AIDS cure is nearly 100% effective and requires two shots yearly.”,false,false,['false'],1,True
"American taxpayer dollars provide “free housing, free medical, free state identification” to immigrants in the country illegally.",false,false,"['mostly-false', 'false']",2,True
"""A Florida judge ruled parts of Obamacare unconstitutional.""",mostly-true,mostly-false,"['true', 'mostly-true', 'half-true', 'mostly-false', 'false']",5,True
"Millions of Americans are ""paying more and getting less"" under Obamacare.",false,mostly-false,"['mostly-false', 'false']",2,True
"""You have almost half the counties in America that have one provider or no provider for insurance"" on the Obamacare exchanges.",mostly-false,false,"['mostly-false', 'false']",2,True
"""Originally, Democrats promised that if you liked your health care plan, you could keep it. One year later we know that you need a waiver to keep your plan.""",mostly-false,mostly-false,"['half-true', 'mostly-false', 'false']",3,True
"Texas has ""the nation's highest rate and highest number of uninsured.""",mostly-true,mostly-true,"['true', 'mostly-true', 'half-true', 'mostly-false']",4,True
"""Texas ranks: #1 in worker deaths, #1 carbon emissions, #50 in high school graduates, #50 in funding for mental health patients.""",half-true,mostly-false,"['true', 'mostly-true', 'half-true', 'mostly-false', 'false']",5,True
"Says ""Obamacare"" is ""the largest middle-class tax increase in history.""",pants-fire,pants-fire,['pants-fire'],1,True
"In 2010, uninsured voters made up ""about 5 percent of the electorate.""",true,mostly-true,"['true', 'mostly-true', 'half-true', 'mostly-false']",4,True
"""Speaker Gingrich for 20 years supported a federal individual mandate"" for health insurance.",mostly-true,true,"['true', 'mostly-true', 'half-true', 'mostly-false', 'false']",5,True
"“The flu killed 80,000 Americans last year according to the CDC.”",mostly-false,mostly-false,"['mostly-false', 'false']",2,True
"Republicans ""created a trillion dollar prescription drug entitlement program without paying for it.""",mostly-true,mostly-true,['mostly-true'],1,True
"""In July 2010 the government said small businesses -- 60 percent -- will lose their health care, 45 percent of big business and a large percentage of individual health.""",false,false,"['mostly-true', 'half-true', 'mostly-false', 'false']",4,True
"With Obamacare, ""we're fixing to get hit with the biggest entitlement program the American taxpayers have ever seen.""",mostly-false,mostly-false,"['mostly-true', 'half-true', 'mostly-false', 'false']",4,True
"""The Department of Health and Human Services is providing $160 million to the state of Pennsylvania to set up a new high-risk insurance pool program that would cover any abortion legal in the state.""",false,false,['false'],1,True
"“Since the COVID jabs were rolled out, at least 1.1 million Americans have 'died suddenly.'”",false,false,"['mostly-false', 'false']",2,True
"""Recent census data shows that the average American family spends over $13,000 a year for health care coverage.""",false,false,['false'],1,True
“Republicans are spiking health insurance premiums by 75% for everyday Americans” if they don’t extend enhanced Affordable Care Act subsidies.,mostly-true,mostly-true,"['mostly-true', 'half-true', 'mostly-false', 'false']",4,True
"Cervical cancer in Africa is ""fully preventable with basic education, screening and vaccines.""",mostly-true,mostly-true,"['true', 'mostly-true']",2,True
"""Under Gov. (Rick) Scott’s leadership, Florida has had much success in lowering the rate of uninsured children.""",half-true,false,"['mostly-true', 'half-true', 'mostly-false', 'false']",4,True
"""I personally am pro-choice. I always have been. And I made no qualms about that when I was elected governor.""",true,half-true,"['mostly-true', 'half-true', 'mostly-false', 'false']",4,False
"The Republican-authored state budget includes a provision ""forcing people earning as little as $12,000 to buy private health insurance that could cost them as much as $4,000 per year.""",false,false,['false'],1,True
"""Federal law requires that hospitals treat people whether or not they can pay. So someone (who) doesn’t have health insurance --  they can go to the hospital and get free care.""",mostly-false,mostly-false,"['mostly-true', 'half-true', 'mostly-false', 'false']",4,True
"Obamacare doesn’t require members of Congress ""to abide by the same rules that all of the other Americans do.""",false,false,['false'],1,True
"""Under the clear letter of the law, (Justice Clarence Thomas) must recuse himself"" from the case challenging the constitutionality of the health care law.",half-true,half-true,['half-true'],1,True
"A recent report from the president's deficit commission was ""completely empty"" on controlling health care costs.",false,false,['false'],1,True
"The Senate health care bill ""would leave 24 million people without insurance coverage.""",true,true,['true'],1,True
"According to the Congressional Budget Office, ""as many as 20 million Americans could lose their employer-based insurance thanks to Obamacare.""",half-true,half-true,"['mostly-true', 'half-true', 'mostly-false']",3,True
Florida's cost for the Medicaid expansion will be $1.6 billion a year or  more.,half-true,false,"['half-true', 'mostly-false', 'false']",3,True
"A new bill ""was written into the new health care reform initiative ensuring that Congress will be 100 percent exempt.""",false,false,['false'],1,True
A bill sponsored by U.S. Sen. Bernie Sanders would “increase government control” of pharmacy benefit managers and is a “radical health care takeover.”,mostly-false,mostly-false,"['mostly-false', 'false']",2,True
"""Obamacare covers 24 million fewer people than it was expected to, and the projected price tag has more than doubled at $2 trillion.""",mostly-false,false,"['mostly-false', 'false']",2,True
"""It's four or five states where the number of insurance options have narrowed"" under the Affordable Care Act.",false,false,"['mostly-false', 'false']",2,True
"""Obamacare is so flat-out unpopular, that even the Obama administration chose to reject part of Obamacare last Friday, when they tried to throw out the CLASS Act, which is the long-term care function.""",mostly-false,mostly-false,"['mostly-false', 'false']",2,True
"""If you want out of the individual mandate... all you have to do now is tick off the box that says 'hardship' and you're out.""",mostly-false,false,"['half-true', 'mostly-false', 'false']",3,True
"""Under (Obamacare), you can’t reward a person for better behavior. You can’t have incentives to be healthier.""",half-true,mostly-false,"['half-true', 'mostly-false', 'false']",3,True
"Says Houston is ""home to more doctors, more nurses, more researchers than any other place in the world.""",false,false,"['mostly-false', 'false']",2,True
"The Senate bill ""hands enormous tax cuts to the rich and to the drug and insurance industries, paid for by cutting health care for everybody else.""",mostly-true,mostly-true,"['true', 'mostly-true', 'half-true']",3,True
"""If you're a black woman, you're 320% more likely to die from complications in childbirth.""",true,mostly-true,"['true', 'mostly-true']",2,True
"""Since the passage of the Affordable Care Act, U.S. health care spending grew at 3.9 percent for the last three years, the lowest growth rate in over 50 years.""",half-true,half-true,['half-true'],1,True
"In the House health care bill, ""Something like 2 percent of the people would [be] eligible even to get the public option.""",false,false,['false'],1,True
"""7 million more Americans are uninsured now than when President Trump was elected.""",half-true,mostly-true,"['mostly-true', 'half-true', 'mostly-false']",3,True
Suggests root canals are linked to breast cancer.,false,false,['false'],1,True
"The administration has issued rules for ""$1 abortions in ObamaCare"" and ""requires all persons enrolled in insurance plans that include elective abortion coverage to pay"" an abortion premium.",false,false,"['mostly-true', 'half-true', 'mostly-false', 'false']",4,True
"""Congressman Bill Young voted to cut taxes for millionaires and end your Medicare.""",mostly-false,false,"['mostly-true', 'half-true', 'mostly-false', 'false']",4,True
"The Affordable Care Act is ""making families pay double-digit premium increases.""",half-true,mostly-false,"['mostly-false', 'false']",2,False
"""Why would our president close the embassy to the Vatican? Hopefully, it is not retribution for Catholic organizations opposing Obamacare.""",pants-fire,false,"['mostly-false', 'false']",2,False
"""The Affordable Care Act is bringing the cost of health care in our country down.""",half-true,mostly-true,"['mostly-true', 'half-true']",2,True
“The law in Wisconsin (on abortion time limit) is 20 weeks. That is way outside the international bounds.”,mostly-false,mostly-false,"['mostly-true', 'half-true', 'mostly-false', 'false']",4,True
"""In Congress, Ron DeSantis demanded that any new health law eliminate protections for people with pre-existing conditions.""",half-true,mostly-false,"['half-true', 'mostly-false', 'false']",3,True
"Says there is a report ""that showed that, should we move to cover more people to a Medicare for All system, we could actually save the system trillions over an extended period of time.""",half-true,mostly-true,"['true', 'mostly-true', 'half-true']",3,True
"""Mayor Bloomberg helped lower the number of uninsured by 40 percent, covering 700,000 more New Yorkers""",true,mostly-true,"['true', 'mostly-true']",2,True
Says Marco Rubio endorsed Obamacare for his own family.,mostly-false,false,"['mostly-true', 'half-true', 'mostly-false', 'false']",4,True
"The health care plan for members of Congress ""is no better than the janitor who cleans their offices.""",true,true,['true'],1,True
"Under the new health care law, ""the first person (a) patient has to go to is a bureaucrat. That is called a panel.""",pants-fire,pants-fire,['pants-fire'],1,True
"""The Obama Health and Human Services Department is planning to compile a federal health record on all U.S. citizens by 2014,"" including ""each individual’s Body Mass Index.""",false,false,['false'],1,True
"According to a federal report, Obamacare will increase the long-term federal deficit by $6.2 trillion.",mostly-false,false,"['mostly-false', 'false']",2,True
"""According to Congress, travel nurses need a pay cap.”",false,false,"['mostly-false', 'false']",2,True
"“First off, it’s in statute already in HIPAA that preexisting conditions are covered.”",mostly-false,false,['false'],1,False
"""Over 214,000 doctors opt out of Obamacare exchanges.""",false,false,"['mostly-false', 'false']",2,True
"""If I have affordable coverage in my workplace, I'm not eligible to go into the marketplace. ... It’s illegal.""",pants-fire,false,"['mostly-false', 'false']",2,False
"Says U.S. Senate rival Tommy Thompson said he wants to ""do away with Medicare.""",half-true,half-true,['half-true'],1,True
“Pete Buttigieg is a favorite candidate of Wall Street and the health care industry.”,half-true,mostly-false,"['mostly-true', 'half-true', 'mostly-false']",3,True
"There are ""10 or 20 deaths a year from foodborne illness"" in the United States.",false,false,['false'],1,True
"""Congressman Patrick Murphy voted to keep the scandal-ridden IRS in charge of enforcing Obamacare.""",mostly-false,false,"['mostly-false', 'false']",2,True
Republican legislatures “have targeted birth control” and in Wisconsin “refused to schedule a vote on a bill that would have codified a right to birth control.”,half-true,mostly-true,"['mostly-true', 'half-true', 'mostly-false']",3,True
"Says Mitt Romney and Paul Ryan ""want to turn Medicare into a voucher system.""",mostly-true,mostly-true,"['true', 'mostly-true', 'half-true', 'mostly-false']",4,True
"""Medicare and Medicaid are the single biggest drivers of the federal deficit and the federal debt by a huge margin.""",mostly-true,mostly-true,['mostly-true'],1,True
"Infertility is treated differently than other issues and ""often excluded from insurance coverage""",true,true,"['true', 'mostly-true']",2,True
"""Earlier this year, Dan Patrick and Republican leadership snatched millions of dollars in benefits from retired teachers.""",half-true,mostly-true,"['mostly-true', 'half-true', 'mostly-false', 'false']",4,True
Upton “voted a dozen times to kick thousands of Michigan families off their health insurance and eliminate protections for preexisting conditions”,mostly-true,true,"['true', 'mostly-true', 'half-true']",3,True
"Says Illinois Democrat David Gill ""would end Medicare.""",pants-fire,mostly-false,"['half-true', 'mostly-false', 'false']",3,False
"""The average student will be spending $1,700 to $1,800 more during the life of their loan because of this surcharge.""",false,false,['false'],1,True
The Trump administration has had “zero unfulfilled equipment and supply requests from state governors.”,false,false,['false'],1,True
"""Obamacare will drive 2.5 million Americans out of the workforce.""",mostly-false,false,"['mostly-false', 'false']",2,True
"""Black lung cases are at a 25-year high.""",true,mostly-true,"['true', 'mostly-true', 'half-true']",3,True
"""We have technology and medical advancements today that can tell you if you are pregnant the day after conception.""",false,false,['false'],1,True
"""Every Senate Democrat has voted to support unlimited abortions up to the moment of birth.”",false,false,['false'],1,True
"The Affordable Care Act ""provided over 200,000 West Virginians with health care coverage.""",true,true,['true'],1,True
"""Secretly, unbeknownst to members of Congress, over $105 billion was hidden in the Obamacare legislation.""",mostly-false,mostly-false,"['mostly-false', 'false']",2,True
"Says Dino Rossi ""stripped"" health care ""from 45,000 children.""",mostly-true,mostly-false,"['mostly-true', 'half-true', 'mostly-false', 'false']",4,True
"""We have been able to cut New York’s uninsured rate in half since 2013 from 10 percent to 5 percent of our population.""",true,mostly-true,"['true', 'mostly-true', 'half-true']",3,True
"Says if Texas abortion measure passes, ""someone living in El Paso would have to drive 550 miles each way to San Antonio for something as simple as cervical cancer screening.""",pants-fire,mostly-false,"['mostly-true', 'half-true', 'mostly-false', 'false']",4,False
"Says that even if you have no children, ""under Obamacare, you would still have to carry insurance that covers pediatric, maternity and newborn care even though you do not need it.""",mostly-false,mostly-false,['mostly-false'],1,True
Says Donald Trump said the government is going to pay for everybody to have health care.,false,false,"['mostly-false', 'false']",2,True
"""We currently have one guy who is in charge of painting the entire Milwaukee County parks system.""",half-true,false,['false'],1,False
“North Carolina has just approved a law permitting foreign doctors to practice without completing U.S. training or licensing exams.”,mostly-false,false,"['mostly-true', 'half-true', 'mostly-false', 'false']",4,True
"Says Republicans ""have declared that they’re going to convert the Medicare program into a voucher program.""",mostly-true,mostly-true,"['true', 'mostly-true']",2,True
"Says her health care plan would ""ensure Americans with preexisting conditions are protected.""",false,false,"['mostly-false', 'false']",2,True
"""Any government-run 'public' plan ... forces more employers to drop employee coverage due to rising costs and pay an additional 8% payroll tax for each worker.""",mostly-false,mostly-false,"['mostly-false', 'false']",2,True
"""I never had a filibuster-proof Senate.""",true,true,['true'],1,True
"“The true nature of cancer is a parasite, hence why, Ivermectin, in conjunction with mebendazole, and (fenbendazole) is so effective.”",false,false,['false'],1,True
"""Pfizer tries to hide 2.4K full-time hires handling vax injuries.""",mostly-false,false,"['mostly-false', 'false']",2,True
"Reauthorizing the Children’s Health Insurance Program ""for six years saves $1 billion"" and doing it for 10 years saves $6 billion.",true,true,"['true', 'mostly-true']",2,True
"""We’re talking right now about a $12 billion hole in our current, so-called balanced"" state ""budget.""",half-true,mostly-true,"['true', 'mostly-true']",2,False
Says Joe Biden is a socialist.,false,false,"['mostly-false', 'false']",2,True
"""In the United States alone we lose more than 3,000 people a day to cancer.""",false,mostly-true,"['true', 'mostly-true', 'half-true']",3,False
"The economic stimulus bill created a council that's ""modeled after the national board that controls Britain’s health system.""",mostly-false,mostly-false,"['mostly-false', 'false']",2,True
"Buried in the Affordable Care Act is ""a huge government bailout.""",half-true,mostly-false,"['mostly-true', 'half-true', 'mostly-false', 'false']",4,True
"""The vast majority of people in this country are keeping their (health insurance) plan.""",mostly-true,mostly-true,"['true', 'mostly-true', 'half-true', 'mostly-false']",4,True
Says Scott Brown co-sponsored legislation to let employers deny women coverage for mammograms.,mostly-false,mostly-false,"['mostly-true', 'half-true', 'mostly-false', 'false']",4,True
"""When (Ron DeSantis) was asked what cancer patients should do without health insurance, DeSantis said 'show up to the emergency room.'""",half-true,mostly-true,"['true', 'mostly-true', 'half-true', 'mostly-false', 'false']",5,True
"Insulin for Medicare beneficiaries ""was costing 400 bucks a month on average. It now costs $35 a month.""",half-true,mostly-true,"['mostly-true', 'half-true', 'mostly-false', 'false']",4,True
"""You don't know if this (the H1N1 vaccine) is gonna cause neurological damage like it did in the 1970s.""",mostly-false,mostly-false,"['mostly-false', 'false']",2,True
"Says his ""patents in ultrasound have revolutionized modern medicine.""",pants-fire,pants-fire,['pants-fire'],1,True
"Says Reps. Rush Holt, Frank Pallone and Bill Pascrell are ""willing to jeopardize seniors’ access to coverage by gutting $741 billion from Medicare"" to pay for a ""big-government healthcare takeover.""",pants-fire,mostly-false,"['mostly-false', 'false']",2,False
"If a lawsuit backed by Josh Hawley succeeds, ""nearly 2.5 million Missourians with pre-existing conditions could lose their health care coverage.""",half-true,mostly-false,"['mostly-true', 'half-true', 'mostly-false']",3,True
"""There’s no strings attached to that money that we’d be getting as an incentive to expand Medicaid.""",half-true,mostly-true,"['mostly-true', 'half-true']",2,True
"For the first time in U.S. history, a personal inaction will be deemed unlawful -- not purchasing a health-insurance plan",false,false,['false'],1,True
"""In Jeanne Shaheen, New Hampshire has a Senator who was the deciding vote to pass Obamacare.""",mostly-false,false,"['mostly-true', 'half-true', 'mostly-false', 'false']",4,True
"""Health reform eliminates co-pays, deductibles, and other costs for preventative care and provides for free annual wellness checkups starting next year.""",mostly-true,mostly-true,"['true', 'mostly-true']",2,True
"The GOP health bill ""would once again allow being a rape or domestic violence victim to be a pre-existing condition.""",mostly-false,mostly-false,"['half-true', 'mostly-false', 'false']",3,True
"""Florida is 49th in per capita spending on mental health care.""",true,true,['true'],1,True
"Seniors with coverage under Medicare Advantage will give up ""more than their share"" because of health care reform",half-true,half-true,['half-true'],1,True
"The U.S. deficit  ""increases at $3 million per second.""",false,false,['false'],1,True
"Says Republican gubernatorial candidate Adam Laxalt ""tried to cut a deal with big pharma"" in a lawsuit.",false,mostly-false,"['half-true', 'mostly-false', 'false']",3,True
"""We had a debate on whether ‘ObamaCare’ was the way to go to fix up health care and the American voters said no -- emphatically.""",mostly-false,mostly-false,"['half-true', 'mostly-false', 'false']",3,True
"""For people making between $50,000 and $75,000 a year, their taxes are going up about $5,000 because the fact is, they will pay more in new taxes"" for Medicare for All.",mostly-false,mostly-false,"['half-true', 'mostly-false']",2,True
"Many uninsured Americans are ""young.""",mostly-true,half-true,"['mostly-true', 'half-true', 'mostly-false']",3,True
"The health care bill ""cuts the deficit by over $1 trillion dollars.""",half-true,half-true,['half-true'],1,True
"Says Tennessee Senate candidate Phil Bredesen ""supports single-payer health care.""",mostly-false,false,"['mostly-false', 'false']",2,True
"Says on contraception, his plan is ""cheaper and easier for you"" than Sen. Mark Udall’s",mostly-false,mostly-false,"['mostly-false', 'false']",2,True
"""The $5 billion website for Obamacare … never worked. Still doesn't work.""",false,false,"['mostly-false', 'false']",2,True
"Says Dan Bishop ""took the only vote from either party — the only vote — against pharmacists being able to tell people about lower-cost drugs.""",half-true,mostly-true,"['true', 'mostly-true', 'half-true']",3,True
"""Thirteen hundred"" applicants in Rhode Island signed up for insurance through Obamacare.",mostly-true,mostly-true,"['true', 'mostly-true', 'half-true', 'mostly-false', 'false']",5,True
"A Republican proposal changes Medicare for those under age 55 so that they will  ""participate in the same kind of health plan that members of Congress do.""",mostly-false,mostly-true,"['true', 'mostly-true', 'half-true']",3,False
"""When the Republicans were in charge, they actually expanded government health care with the prescription drug program.""",true,true,['true'],1,True
"The United States has ""the best health care delivery system in the world.""",half-true,false,"['mostly-false', 'false']",2,False
Says property insurance rates are going up because Rick Scott signed a bill preventing the state from regulating insurance.,false,mostly-false,"['half-true', 'mostly-false', 'false']",3,True
"Says the state's Medicaid waiver proposal ""has languished in a file cabinet at the Centers for Medicare and Medicaid Services for more than two years.""",pants-fire,pants-fire,['pants-fire'],1,True
"""Congressman Nye voted against a bill which would have defunded the $5-10 billion"" the IRS needed to implement  health care legislation.",false,false,['false'],1,True
"""States have cumulatively cut over $1.8 billion from their mental health services between 2009 and 2011. This is the largest reduction in state mental health services in half a century.""",mostly-true,mostly-true,['mostly-true'],1,True
"""Six people in Florida die as a result of (not expanding Medicaid) every day.""",half-true,mostly-true,"['mostly-true', 'half-true', 'mostly-false', 'false']",4,True
"""She stood by ground zero workers who sacrificed their health after so many sacrificed their lives and kept standing till this administration took action.""",true,true,['true'],1,True
"""While Romney was a director of the Damon Corporation, the company was defrauding Medicare of millions.""",mostly-true,true,"['true', 'mostly-true', 'half-true']",3,True
"Young people ""have a greater chance of being killed by the HPV vaccine than COVID-19.”",pants-fire,false,['false'],1,False
"""Thirty million Americans, including a lot of people in Florida, are going to be able to get healthcare next year because of that law.""",false,false,"['mostly-true', 'half-true', 'mostly-false', 'false']",4,True
"""The law says that mental health must be treated the same as physical health,"" but coverage by health insurers is unequal.",true,mostly-true,"['true', 'mostly-true']",2,True
"AIDS was transmitted to humans because ""one guy"" had sex with ""a monkey"" and then started ""having sex with men.""",pants-fire,false,"['false', 'pants-fire']",2,True
"Says the Medicaid fraud rate in Virginia was ""fact-checked"" and found to be ""0.47 percent.""",false,false,"['mostly-false', 'false']",2,True
"If you ""already have health insurance through your job, or Medicare, or Medicaid, or the VA, nothing in this plan will require you or your employer to change the coverage or the doctor you have.""",true,true,['true'],1,True
"The Democratic health care bill will ""collect higher taxes for 10 years  and provide health care for only six years.""",half-true,half-true,['half-true'],1,True
"Says U.S. Rep. Bruce Poliquin voted to ""force seniors to pay more for prescription drugs.""",half-true,mostly-false,"['mostly-true', 'half-true', 'mostly-false']",3,True
"On the night of the Iowa caucuses, Obama ""promised the nation that he would do health care reform focused on cost containment, he opposed an individual mandate, and he said he was going to do it with Republicans.""",mostly-true,mostly-true,"['true', 'mostly-true', 'half-true']",3,True
"""Obamacare ... will kill jobs across America.""",false,false,"['mostly-false', 'false']",2,True
Almost every state has offered an insurance plan on its health exchange that does not cover abortion.,true,false,"['mostly-true', 'half-true', 'mostly-false', 'false']",4,False
"In the health care bill, ""The 'Health Choices Commissioner' will decide health benefits for you. You will have no choice. None.""",pants-fire,pants-fire,['pants-fire'],1,True
"Obamacare ""is not a popular law.""",mostly-true,mostly-true,['mostly-true'],1,True
"A public option for health care would end private insurance ""because the private insurance people will not be able to compete with a government option.""",mostly-false,mostly-false,"['mostly-false', 'false']",2,True
"""From 2000 to 2016, every major drug that was introduced came out of"" National Institutes of Health funding.",half-true,mostly-true,"['mostly-true', 'half-true', 'mostly-false', 'false']",4,True
"""Today and every day, an estimated 14,000 Americans will lose their health insurance coverage.""",false,false,['false'],1,True
“Wisconsin is 49th in public health spending.”,half-true,mostly-true,"['true', 'mostly-true', 'half-true', 'mostly-false']",4,True
"Says he ""turned down a Medicaid expansion under Obamacare,"" but because of actions he took, for the first time in Wisconsin's history ""everyone living in poverty is covered under Medicaid.""",mostly-true,mostly-true,['mostly-true'],1,True
"""Already, the Affordable Care Act is helping to slow the growth of (Medicare’s) health care costs.""",half-true,mostly-true,"['true', 'mostly-true']",2,False
"""The bill also provides full federal  funding for abortions…""",pants-fire,pants-fire,['pants-fire'],1,True
"Says North Carolina Republican Senate candidate Thom Tillis ""called Obamacare ‘a great idea.’ """,mostly-false,false,"['half-true', 'mostly-false', 'false']",3,True
"Members of Congress ""specifically exempted themselves from many of the laws they have passed, such as being exempt from any fear of prosecution for sexual harassment"" ... (and) from the healthcare reform.""",pants-fire,pants-fire,['pants-fire'],1,True
Drinking champagne could help prevent Alzheimer’s and other forms of dementia.,false,false,['false'],1,True
"Medicare monthly premiums will go up to $104.20 in 2012 and $247.00 in 2014 due to ""provisions incorporated in the Obamacare legislation, purposely delayed so as not to 'confuse' the 2012 re-election campaigns.""",pants-fire,false,"['mostly-false', 'false']",2,False
"Says Joni Ernst ""supports the lawsuit that's headed to the Supreme Court that will” repeal the Affordable Care Act.",half-true,false,"['half-true', 'mostly-false', 'false']",3,True
"""Obamacare premiums nationwide have increased by double and triple digits.""",half-true,mostly-false,"['half-true', 'mostly-false', 'false']",3,True
"Mitch McConnell opposed ""legislation to create and protect Kentucky jobs . . . help for the unemployed. . .  health care for Kentucky's children,"" and ""fair pay for women.""",mostly-false,mostly-false,"['mostly-true', 'half-true', 'mostly-false', 'false']",4,True
"""Speaker Pelosi's drug pricing plan would siphon $1 trillion or more from biopharmaceutical innovators over the next 10 years. CBO's preliminary estimate found this bill ‘would result in lower spending on research and development and thus reduce the introduction of new drugs.’""",mostly-false,mostly-false,"['mostly-true', 'half-true', 'mostly-false', 'false']",4,True
"Says Mark Pryor ""continues to insist"" that Obamacare is ""an amazing success.""",mostly-false,false,"['mostly-true', 'half-true', 'mostly-false', 'false']",4,True
"Says Obama ""exempted Congress and their staff from the full effect of the (health care) law.""",mostly-false,mostly-false,['mostly-false'],1,True
"""Obamacare"" is the ""biggest tax increase in American history.""",false,false,['false'],1,True
“The number of ICU beds is larger in Boone County by a factor of three” compared to Orange County for the University of North Carolina.,false,false,"['mostly-true', 'half-true', 'mostly-false', 'false']",4,True
"Says Thomas Jefferson said, ""You might be able to fool the people for awhile, and they may go astray, but sooner or later the American people are going to wake up and they will correct the course.""",half-true,mostly-true,"['mostly-true', 'half-true']",2,True
Says U.S. Senate opponent Tommy Thompson favors raising taxes on small businesses.,mostly-false,mostly-false,['mostly-false'],1,True
"The 2006 Massachusetts health care law has ""added (only) about 1 percent to our state budget.""",mostly-true,mostly-true,['mostly-true'],1,True
Oat milk “raises your blood sugar as much as drinking a Coke.”,false,false,['false'],1,True
"I am the only U.S. Senate candidate who spoke out against bombing Syria, and who challenged Georgia’s governor and insurance commissioner over obstruction to the Affordable Care Act.",false,false,['false'],1,True
"Obamacare ""is in what the actuaries call a death spiral.""",false,false,['false'],1,True
"Thirteen Democratic senators ""voted against cheaper medicines"" and took millions from ""big pharma since 2011.""",mostly-false,mostly-false,"['mostly-false', 'false']",2,True
"Eliminating ""Obamacare"" ... ""saves $95 billion a year.""",false,false,"['mostly-false', 'false']",2,True
"""For too long, Obamacare has caused high premiums and dismal coverage. ... Under Obamacare premiums in job-based coverage have increased by $3,775""",mostly-false,false,"['mostly-false', 'false']",2,True
"All members of Congress are required to be in Obamacare, but Obama and members of his administration ""have their own gold-plated health care plans that they're in.""",half-true,half-true,['half-true'],1,True
"""One in four Texans lacks health insurance, the highest proportion in the nation.""",true,true,['true'],1,True
"According to a recent poll, ""there are more young Republicans enrolled in their parents' (health insurance) plans than young Democrats.""",true,true,['true'],1,True
"""Abortion providers like Planned Parenthood do little other than provide abortions.""",pants-fire,pants-fire,['pants-fire'],1,True
"A small business receiving a federal tax credit ""to provide health care for its employees ... would be barred under the Stupak Amendment from allowing their employees to use ... the health care that they offer them for abortion.""",mostly-false,mostly-false,"['mostly-true', 'half-true', 'mostly-false']",3,True
"Says U.S. Rep. Paul Ryan promised to ""end health care for our seniors.""",pants-fire,pants-fire,['pants-fire'],1,True
"""It matters that we nominate a candidate who saw the destruction wrought by a broken health care system and gave people universal health care. … These things really matter. And these are the things that I've done in New York.""",mostly-false,mostly-false,"['half-true', 'mostly-false', 'false']",3,True
"After the Texas cutoff of aid to women’s health care services including Planned Parenthood clinics, ""over 150,000… women lost the only health care they had. Our Medicaid birth rate shot up. It cost taxpayers over $130 million in one year alone in extra Medicaid birth costs.""",mostly-false,mostly-true,"['true', 'mostly-true', 'half-true']",3,False
"Says Texas has been waiting for two years for the federal government to act on a proposal to allow the state to ""create insurance opportunities for those that are uninsured today.""",false,false,['false'],1,True
The COVID-19 vaccines were linked to the deaths of 80 Canadian doctors.,false,false,['false'],1,True
"Republican ideas on health care don’t give people ""an option to even enroll in something that they can afford.""",mostly-true,mostly-true,"['true', 'mostly-true', 'half-true', 'mostly-false']",4,True
"""I'm well aware that medical marijuana is a recognized, medical, viable treatment for this sort of [pancreas] pain condition.""",false,false,"['mostly-true', 'half-true', 'mostly-false', 'false']",4,True
"""Wisconsin pays 50% more than Minnesota for the same health care.""",mostly-false,mostly-false,['mostly-false'],1,True
"""There are 7,000 kids in New Hampshire who have health care because I helped to create the Children's Health Insurance Program.""",true,true,['true'],1,True
"Those who fail to buy health insurance under ""Obamacare"" face the threat of jail time.",pants-fire,false,"['mostly-false', 'false']",2,False
"Barack Obama ""wants the government to take over health care, spend hundreds of billions of dollars of new money for health insurance for everyone.""",mostly-false,mostly-false,['mostly-false'],1,True
"President Obama’s health-care law will ""add trillions of dollars in debt.""",false,false,['false'],1,True
"""Expanding Medicaid would create 63k jobs.""",half-true,true,"['true', 'mostly-true']",2,False
"John McCain would ""reduce oversight of health insurance.""",half-true,half-true,"['mostly-true', 'half-true']",2,True
"""Romneycare has … killed 18,000 Massachusetts jobs.""",mostly-false,mostly-false,"['half-true', 'mostly-false', 'false']",3,True
"Says Nevadans will have a ""double-digit hike in their Obamacare premiums for the year"" and ""10 of Nevada’s 16 counties will only have one Obamacare...exchange insurer""",mostly-true,mostly-false,"['mostly-true', 'half-true', 'mostly-false', 'false']",4,True
"The health care law could cost up to $2 trillion, ""double what we were promised.""",false,false,"['mostly-false', 'false']",2,True
"""13 percent of Americans, the lowest ever, are without health care.""",half-true,false,"['mostly-true', 'half-true', 'mostly-false', 'false']",4,True
"""In Wisconsin, abortion is still a crime.""",mostly-false,mostly-false,"['mostly-true', 'half-true', 'mostly-false']",3,True
"“California’s [COVID-19] death rate has remained one of the lowest per capita in the nation: 134 deaths per 100,000, compared to 158 nationally, 153 in Texas and 247 in New York.”",half-true,mostly-true,"['mostly-true', 'half-true']",2,True
"For people with insurance, the only impact of the health care law ""is that their insurance is stronger, better and more secure than it was before. Full stop. That's it. They don't have to worry about anything else.""",half-true,mostly-false,"['mostly-true', 'half-true', 'mostly-false', 'false']",4,True
"""The so-called ‘heartbeat’ law outlaws abortion before most women even know that they're pregnant. This is one of the most restrictive anti-abortion laws in our country.""",mostly-true,mostly-true,"['mostly-true', 'half-true']",2,True
"Health care is the ""No. 1 reason for bankruptcy.""",half-true,mostly-true,"['mostly-true', 'half-true', 'mostly-false']",3,True
"Edwards says if Congress won't pass universal health care, he'll tell Congress: ""I'm going to use my power as president to take your health care away from you.""",pants-fire,pants-fire,['pants-fire'],1,True
"""Obamacare is . . . the largest tax increase in the history of the world.""",pants-fire,pants-fire,['pants-fire'],1,True
76 percent of Americans want a public health care option.,false,false,['false'],1,True
"""The president of the United States already has the legal authority to reduce the price of many commonly used prescription drugs.""",true,true,['true'],1,True
"""In WI, over 79% of Title X patients rely on Planned Parenthood for their basic health care.""",mostly-true,mostly-true,"['mostly-true', 'half-true', 'mostly-false', 'false']",4,True
"Says the tax code is effectively subsidizing ""the marketing efforts of fast food and junk food companies by as much as $19 billion over 10 years.""",mostly-true,mostly-true,['mostly-true'],1,True
“Breaking news: The Trump administration just announced that Medicare will stop covering telehealth starting April 1. … We need to stand up to these Medicare cuts.”,half-true,false,"['mostly-true', 'half-true', 'mostly-false', 'false']",4,True
"""Right to Try"" experimental drug program saved ""thousands and thousands of lives.""",false,false,"['mostly-false', 'false']",2,True
"""President Obama has worked to change Medicare for the worse"" by ""creating an unelected, unaccountable panel with the power to deny coverage of certain treatments.""",mostly-false,mostly-false,['mostly-false'],1,True
"Under Barack Obama, ""the average cost of family health care premiums has increased by $4,154.""",mostly-false,mostly-false,['mostly-false'],1,True
"""Despite the administration telling us (health care reform) was going to reduce health care costs, they now acknowledge it's going to dramatically increase health care costs.""",false,false,['false'],1,True
"""There are, literally, two pharmaceutical lobbyists for every member of Congress.""",mostly-true,mostly-true,"['true', 'mostly-true', 'half-true']",3,True
"""They’ve seen employer-supported coverage increase in Massachusetts after this law (Romneycare) was implemented.""",true,true,['true'],1,True
"Says Wisconsin measures have ""prevented the death of at least 300 Wisconsinites, and perhaps as many as 1,400 lives.""",mostly-true,true,"['true', 'mostly-true']",2,True
The Build Back Better Act “includes $34.5 billion in cuts” for charity care funding to hospitals.,half-true,mostly-true,"['true', 'mostly-true', 'half-true']",3,True
"Between 2000 and 2006,  ""health insurance company profits quadrupled.""",mostly-true,mostly-true,['mostly-true'],1,True
"Missouri ""is leading the country when it comes to improving services for mental and behavioral health. Innovation is happening right here.""",mostly-true,mostly-true,"['true', 'mostly-true']",2,True
"Research shows the employer mandate in the House health reform bill would ""place millions 'at substantial risk of unemployment' — with minority workers losing their jobs at twice the rate of their white counterparts.""",half-true,half-true,['half-true'],1,True
"""This governor has cut funding repeatedly for people who have AIDS, who need drugs to save their life.""",mostly-true,mostly-true,['mostly-true'],1,True
"Says Cory Booker ""supports late-term and partial-birth abortion and opposes safety regulations.""",half-true,false,"['mostly-false', 'false']",2,False
"Says that Republicans ""bragged about how every bill was going to be paid for, right from the beginning"" and that the first vote, the repeal of health care reform, violated that rule.",mostly-true,mostly-true,['mostly-true'],1,True
"""Even the employees’ union for the IRS -- the very people in charge of enforcing this law -- are begging to be let out from under this law.""",mostly-false,mostly-false,"['half-true', 'mostly-false', 'false']",3,True
"""A single mother of two can’t qualify for basic healthcare through Medicaid if she makes more than $3,504 dollars a year.""",mostly-true,false,"['mostly-false', 'false']",2,False
"The health care bill ""dumps 15 to 18 million low-income Americans into a Medicaid program that none of us want to be a part of because 50 percent of doctors won't see new patients.""",half-true,half-true,['half-true'],1,True
"""Obamacare will question your sex life.""",pants-fire,false,"['false', 'pants-fire']",2,True
"Thirty percent of U.S. medical residents are international medical graduates, and 10,000 of 43,000 residency spots are filled by H-1B visa holders.",half-true,mostly-true,"['mostly-true', 'half-true', 'mostly-false', 'false']",4,True
"A proposed amendment ""allows a teenager to get a recommendation for medical marijuana without the consent of a parent.""",half-true,mostly-true,"['true', 'mostly-true', 'half-true', 'mostly-false', 'false']",5,True
The GOP health care proposal would slash more than $135 million in federal funding available to PA schools.,false,false,"['mostly-true', 'half-true', 'mostly-false', 'false']",4,True
"Nearly 6 in 10 uninsured Americans ""can get health insurance for what may be the equivalent of your cell phone bill.""",mostly-true,mostly-true,"['true', 'mostly-true']",2,True
"""This administration is slashing the Navy to pay for more Obamacare.""",pants-fire,false,"['mostly-false', 'false']",2,False
"""There's no rationing in any of these bills.""",false,false,"['mostly-false', 'false']",2,True
"Charlie Crist ""attacks me for positions he held, like, six months ago, (when) he was running in the Republican primary.""",mostly-false,mostly-true,"['true', 'mostly-true', 'half-true', 'mostly-false', 'false']",5,True
"Cover Florida ""is available to any Floridian, offering basic coverage for about $150 a month, instead of the typical $600 a month.""",mostly-false,mostly-false,"['mostly-true', 'half-true', 'mostly-false', 'false']",4,True
"Says ""Dan Bishop doubles down on removing coverage for people with pre-existing conditions. Under his sham ‘association health plans,’ insurance companies don't have to pay for medications for pre-existing conditions.""",half-true,mostly-false,"['half-true', 'mostly-false', 'false']",3,True
The fastest-rising expense in the U.S. Defense Department is health care.,true,true,['true'],1,True
"""The pharmaceutical industry has 1,400 lobbyists on Capitol Hill right now trying to stop"" Medicare drug price negotiation.",half-true,mostly-true,"['mostly-true', 'half-true', 'mostly-false']",3,True
"Around the world, people who exercise their ""health autonomy"" and don't get vaccinated are being put ""basically into internment camps.""",pants-fire,false,"['mostly-false', 'false']",2,False
Says the “1986 Vaccine protection act” resulted in “the biggest jump in shots” for children because it gave drug manufacturers “exemption for responsibility of killing people.”,false,false,['false'],1,True
Says Elissa Slotkin’s plan is to take Medicare away from current senior recipients.,false,false,"['mostly-false', 'false']",2,True
"""Medicare passed with virtually no Republican support.""",false,false,['false'],1,True
"The House Republican health care ""plan doesn't get rid of Medicaid expansion.""",mostly-false,mostly-false,"['mostly-false', 'false']",2,True
"""According to the Congressional Budget Office, repealing Obamacare would increase the budget deficit.""",mostly-true,true,"['true', 'mostly-true']",2,True
A majority of the American people opposed the health care law when it was signed and still oppose it today.,mostly-true,mostly-true,"['mostly-true', 'half-true', 'mostly-false', 'false']",4,True
"When Rick Scott was governor, Florida ""invested record funding in HIV/AIDS prevention.""",mostly-false,false,"['mostly-false', 'false']",2,True
"Vermont had to ""scrap"" its single-payer health insurance program because it was ""going bankrupt.""",false,false,['false'],1,True
Says the WIC program was created by the Black Panthers to help feed single mothers and children in their communities.,false,false,['false'],1,True
"Some doctors say Ebola can be transmitted through the air by ""a sneeze or some cough.""",false,false,"['mostly-false', 'false']",2,True
"Says many local governments in Wisconsin already require employees to pay 20 percent, 30 percent or even 40 percent of their health insurance premiums.",false,false,['false'],1,True
"U.S. Sen. Sheldon Whitehouse ""rewarded Wall Street executives with millions in bonuses.""",pants-fire,false,"['half-true', 'mostly-false', 'false']",3,False
"""If you became a Medicaid recipient through the Obamacare expansion, you are grandfathered in.""",mostly-false,false,"['mostly-false', 'false']",2,True
"Said state insurance commissioner candidate Ralph Hudgens ""fights hard"" to strip women of life-saving coverage such as mammograms.",half-true,half-true,['half-true'],1,True
"Says that Tim Pawlenty eliminated health insurance for 33,000 to 35,000 people when he was governor of Minnesota.",half-true,half-true,['half-true'],1,True
"Says Tommy Thompson favors Obama's health care mandate, was publicly thanked by Obama for health reform support and that Thompson ""says we can't repeal 'Obamacare.'""",false,false,['false'],1,True
"On the VA: ""Over 300,000 veterans have died waiting for care.""",mostly-false,mostly-true,"['mostly-true', 'half-true', 'mostly-false', 'false']",4,True
"""$21T in Pentagon accounting errors. Medicare for All costs ~$32T. That means 66% of Medicare for All could have been funded already by the Pentagon.""",false,false,"['mostly-false', 'false', 'pants-fire']",3,True
"""Matt Rosendale supports plans that don’t have to cover (pre-existing conditions).""",true,mostly-false,"['true', 'mostly-true', 'half-true', 'mostly-false', 'false']",5,True
"Doctors in the Netherlands “ordered” to euthanize “citizens with autism and other minor disabilities, even if the patient does not currently express any desire to die.""",false,false,"['mostly-false', 'false']",2,True
"Because of the new health care law, ""Americans no longer will see their coverage dropped or capped when illness strikes.""",mostly-true,mostly-true,"['mostly-true', 'half-true']",2,True
"""If we went back to the obesity rates that existed back in the 1980s, the Medicare system over several years could save as much as a trillion dollars.""",false,false,['false'],1,True
"People with the COVID-19 vaccine are being ""tracked in real time via 5G cellular, and all that data can be hacked into to track you.""",pants-fire,false,['false'],1,False
"""Twenty-three million Americans suffer from addiction, but only 1 in 10 get treatment.""",mostly-true,mostly-true,"['true', 'mostly-true']",2,True
"Health insurance companies are ""making record profits, right now.""",false,mostly-false,"['half-true', 'mostly-false', 'false']",3,True
"""Local law enforcement . . . will have access to the [Obamacare] Data Hub’s treasure trove of personal info.""",false,mostly-false,"['mostly-true', 'half-true', 'mostly-false', 'false']",4,True
"Says Congressman Bill Pascrell ""voted to remove the public option from the Affordable Health Care Act.""",false,true,"['true', 'mostly-true', 'half-true', 'mostly-false', 'false']",5,True
COVID-19 is “here to stay” and “we need to accept that and be prepared to deal with COVID long term.”,mostly-true,true,"['true', 'mostly-true']",2,True
"""You can't give a child an aspirin in school without permission. You can't do any kind of medication, but we can secretly take the child off and have an abortion.""",true,false,"['mostly-false', 'false']",2,False
"In the Senate version of the health reform bill, ""Every enrollee in the Office of Personnel Management enrolled plan, every enrollee has to pay a minimum of $1 per month towards reproductive rights, which includes abortion.""",false,false,"['mostly-false', 'false']",2,True
"New tax increases that went into effect on Jan. 1, 2015, ""all passed under the Affordable Care Act, aka Obamacare.""",pants-fire,false,"['mostly-false', 'false']",2,False
"The Obama administration ""was successful in rushing a massive spending bill through Congress in just two days — after which it sat on the president's desk for three days, while he was away on vacation.""",false,false,['false'],1,True
"The U.S. Supreme Court is ""five guys who start determining what contraceptions are legal.""",false,false,"['mostly-false', 'false']",2,True
"Says unions call Obamacare ""bad for workers.""",mostly-true,mostly-true,"['true', 'mostly-true', 'half-true', 'mostly-false']",4,True
"""Hillary stood up for universal health care when almost no one else would, and kept standing till 6-million kids had coverage.""",half-true,half-true,['half-true'],1,True
"Barack Obama's health care plan ""would leave 15-million Americans out.""",half-true,half-true,['half-true'],1,True
"The health care bill will subsidize families of four that make more than $80,000 a year.",true,true,['true'],1,True
"Says as a result of the national health care reform, ""the Congressional Budget Office says we save $250 million over the first 10 years. Over the next 10 years, we save $1.2 trillion in savings in terms of health care.""",mostly-false,mostly-false,"['half-true', 'mostly-false', 'false']",3,True
"""We are the only major country on Earth that doesn't guarantee health care to all people as a right.""",half-true,true,"['true', 'mostly-true', 'half-true', 'mostly-false']",4,True
"Says Bruce Braley took ""tens of thousands from his friends in the health insurance industry"" and gave them ""special favors"" by voting for Obamacare.",pants-fire,false,"['mostly-false', 'false']",2,False
"Families are paying $900, on average, ""in higher premiums because of uncompensated care.""",half-true,half-true,['half-true'],1,True
"Florida’s proposed Health Care Freedom Act ""will allow Floridians to opt out of Obama’s govt. takeover of healthcare!""",false,false,['false'],1,True
"""Nearly half of all pregnancies in the U.S. are unintended.""",true,true,['true'],1,True
Says he authored legislation “to guarantee coverage to people with pre-existing conditions -- no matter what happens to Obamacare.”,false,false,"['mostly-false', 'false']",2,True
"""Everyone in this country has access to health care.""",mostly-false,mostly-false,"['mostly-false', 'false']",2,True
"""400,000 Oregonians have gained access to health care"" through the Affordable Care Act.",half-true,mostly-true,"['true', 'mostly-true']",2,False
"""Obamacare raised premiums by 100 percent and after that 91 percent of the people were covered, but we’re all paying 100 percent more.""",false,false,"['mostly-false', 'false']",2,True
"Congressional Republicans ""want to take health care from millions of Americans in order to pay for"" a tax bill.",half-true,mostly-false,"['half-true', 'mostly-false', 'false']",3,True
"Under my platform, ""I will make no changes to the current (Medicare) system for current retirees and anyone approaching retirement.""",false,false,['false'],1,True
"Says 1 in 5 Texans did not have health insurance coverage before the pandemic, and now “nearly 1 in 3 Texans under the age of 65 don’t have access to health care insurance.”",true,mostly-true,"['mostly-true', 'half-true']",2,False
"""What we said was, you can keep (your plan) if it hasn’t changed since the law passed.""",pants-fire,false,"['mostly-true', 'half-true', 'mostly-false', 'false']",4,False
"Says the ""public option"" considered in the health care law backed by U.S. Senate candidate Tammy Baldwin was ""wildly unpopular.""",false,false,['false'],1,True
"""15 years ago, cancer drugs cost an average of $10,000 a year. Now it’s $10,000 a month.""",mostly-true,mostly-true,"['true', 'mostly-true', 'half-true']",3,True
"""The cost-sharing reductions (were) a gift (that) they gave the insurance companies.""",mostly-false,false,"['mostly-false', 'false']",2,True
"Says state budget deal between Texas House and Senate leaders ""funds nursing homes, our public schools and universities and provides financial aid for college students.""",half-true,half-true,['half-true'],1,True
"The government is ""going to have the right to get into your bank account with the health care bill and make transfers without you knowing it.""",mostly-false,mostly-false,"['mostly-false', 'false']",2,True
"Says Joe Straus ""was co-author of a bill that would have allowed Planned Parenthood to control public school sex education.""",pants-fire,pants-fire,['pants-fire'],1,True
“All ‘gender affirming care’ for children is 100% experimental. There are zero long term studies on the effects the drugs and surgeries will have on them.”,mostly-false,mostly-false,"['half-true', 'mostly-false', 'false']",3,True
"""Bill White ... supports the ‘ObamaCare’ socialized medicine plan, as well as ‘Cap and Trade’ legislation that would kill thousands of Texas jobs.""",pants-fire,pants-fire,['pants-fire'],1,True
"""We pay far more for health care than any other country in the world, yet we have far worse outcomes than any other country in the world.""",mostly-true,mostly-true,"['true', 'mostly-true']",2,True
"Texas ""ranks third in teen pregnancies... and it is No. 1 in repeat teen pregnancies.""",mostly-true,mostly-true,"['mostly-true', 'half-true']",2,True
"Thanks to the American Rescue Plan’s changes to the Affordable Care Act, “four out of five consumers (are) finding quality coverage for under $10 a month.”",mostly-false,mostly-false,"['mostly-false', 'false']",2,True
"The United States is ""50th in life expectancy"" in the world.",mostly-true,mostly-true,"['mostly-true', 'half-true', 'mostly-false']",3,True
"""Most of home care is paid by government programs.""",mostly-true,mostly-true,"['mostly-true', 'half-true', 'mostly-false']",3,True
"Congress gave an unelected board ""the power to deny care to seniors.""",half-true,half-true,['half-true'],1,True
"Twelve judges have thrown out legal challenges to the health care law because they rejected ""the notion that the health care law was unconstitutional.""",false,false,['false'],1,True
"""When (Marcy) Kaptur fought for the Democrats' prescription drug benefit for seniors, (Dennis) Kucinich voted no.""",false,false,['false'],1,True
"""The repeal of Roe v. Wade has exacerbated the state’s OB-GYN shortage as residency programs report a decline in enrollment due to the inability of residents to receive training in-state.""",half-true,mostly-true,"['mostly-true', 'half-true', 'mostly-false']",3,True
"""[A]n extra 8 million Americans [are] projected to join state Medicaid programs in the next few years.""",half-true,half-true,['half-true'],1,True
The Obama administration has cut taxes on small businesses 17 times.,mostly-true,mostly-true,['mostly-true'],1,True
"Says North Carolina Republican Senate candidate Thom Tillis ""supports a plan that would end Medicare as we know it.""",mostly-false,mostly-false,"['half-true', 'mostly-false', 'false']",3,True
"“With regard to the cost, let me be very clear: HHS has designated the coronavirus test as an essential health benefit.  That means, by definition, it's covered in the private health insurance of every American, as well as covered by Medicare and Medicaid.""",half-true,mostly-true,"['mostly-true', 'half-true', 'mostly-false', 'false']",4,True
"President Obama’s health care law ""represents a government takeover of health care.""",pants-fire,pants-fire,['pants-fire'],1,True
"""One in six Texans don’t have health care. We’re the most uninsured state in the U.S.""",mostly-true,mostly-true,"['true', 'mostly-true']",2,True
"There is a Republican ""plan to end Medicare.""",false,false,['false'],1,True
"Adam Laxalt ""supports eliminating Nevada's protections for legal abortions.""",half-true,mostly-false,"['mostly-true', 'half-true', 'mostly-false', 'false']",4,True
"""Many state and federal agencies have such ‘navigators’ involved in helping folks maneuver through the often complex processes associated with filing benefits claims, for example -- even buying health insurance.""",true,true,"['true', 'mostly-true']",2,True
"""If we had been on 'Obamacare' and a bureaucrat was trying to tell me when I could get that CAT scan, that would have delayed my treatment.""",false,false,['false'],1,True
"""Thanks to #ObamaCare, average E.R. wait in California is 5 hours.""",false,false,"['mostly-false', 'false']",2,True
"""Preventive care … saves money, for families, for businesses, for government, for everybody.""",false,false,"['half-true', 'mostly-false', 'false']",3,True
"""Medicare does just as good, if not better, at keeping people healthy"" as Medicare Advantage.",half-true,half-true,"['mostly-true', 'half-true']",2,True
"""The Democrat plan would just obliterate Medicare and terminate Medicare Advantage ... seniors who have been paying for this for years (and) will not be taken care of anymore.""",false,false,"['mostly-false', 'false']",2,True
"""Veterans can now download their electronic medical records with a click of the mouse.""",mostly-false,false,"['mostly-false', 'false']",2,True
"Says Kay Hagan ""supports waivers for friends of Obama and special treatment for Congress and their staffs.""",false,mostly-false,"['mostly-false', 'false']",2,True
"Under John McCain's health care plan, people get a $5,000 tax credit to buy a $12,000 health care policy, and ""that's a loss for you.""",false,false,['false'],1,True
"""Obamacare is going to increase the divorce rate.""",false,false,"['mostly-false', 'false']",2,True
"It's a good sign for Obamacare that in California, ""the proportion of kids who are signing up is the proportion of kids in the population.""",half-true,mostly-true,"['true', 'mostly-true', 'half-true']",3,True
“Government imposed lockdowns do NOT reduce [COVID-19] cases or stop spikes.”,false,true,"['true', 'mostly-true', 'half-true', 'mostly-false', 'false']",5,True
"Obama unilaterally announced he was delaying employer mandate ""through a blog post by a mid-level bureaucrat at the Department of Treasury.""",mostly-true,mostly-true,"['true', 'mostly-true', 'half-true', 'mostly-false']",4,True
"The health care law is ""job killing.""",false,false,['false'],1,True
"Says Hillary Clinton helped ""get done"" the Children's Health Insurance Program.",mostly-true,mostly-true,"['true', 'mostly-true', 'half-true']",3,True
"Says VA doctors are ""censored from being able to talk to their patients"" about marijuana, even in states where it is legal for medicinal use",mostly-false,mostly-false,"['half-true', 'mostly-false']",2,True
Pfizer made $37 billion in profit in its last quarter.,false,false,['false'],1,True
"""We have lost more lives in the last two years"" due to opioids ""than all of the lives lost during the Vietnam War.""",true,true,"['true', 'mostly-true']",2,True
"""The United States Senate — Democrats and Republicans — (voted) to keep our government open.""",mostly-false,half-true,"['mostly-true', 'half-true', 'mostly-false']",3,True
"Says Brett Kavanaugh ""refused to uphold key patient protections in the past.""",half-true,mostly-true,"['mostly-true', 'half-true', 'mostly-false']",3,True
“I never mentioned” wanting to end the Affordable Care Act.,pants-fire,false,"['mostly-false', 'false']",2,False
"Sen. Robert Bennett, R-Utah, cast votes for TARP, the stimulus, and an individual mandate for health care.",mostly-false,mostly-false,"['half-true', 'mostly-false', 'false']",3,True
"About 106,000 soldiers had ""a prescription of three weeks or more"" for pain, depression or anxiety medication.",true,true,['true'],1,True
"U.S. Sen. Jon Tester “voted to give taxpayer-funded health care to illegal immigrants.""",false,mostly-false,"['mostly-false', 'false']",2,True
"A measles outbreak in Gaines County, Texas, was caused by “a public health initiative” to “distribute free measles vaccines.”",false,false,['false'],1,True
"Elon Musk criticized the UnitedHealthcare CEO shooter on X, saying, “It’s disgusting how everyone is turning this guy into some kind of folk hero.”",false,false,['false'],1,True
"""They didn't allow"" Simone Biles ""to take her ADHD medication.""",false,false,['false'],1,True
"""Within the three miles surrounding the University Circle area, infant mortality exceeds some Third World countries.""",true,true,['true'],1,True
"""When I came into office, our vaccination rate in Texas was 65 percent. When I left two weeks ago, it was 95 percent.""",false,false,"['mostly-true', 'half-true', 'mostly-false', 'false']",4,True
"The Paul Ryan budget proposal would leave the country ""without Medicare.""",false,false,"['half-true', 'mostly-false', 'false']",3,True
"U.S. House opponent Paul Ryan supports ""cutting funding for veterans by 24 percent.""",false,false,['false'],1,True
"""Under the Baucus bill ... federal funds would subsidize coverage of elective abortions.""",false,false,"['true', 'mostly-true', 'half-true', 'mostly-false', 'false']",5,True
"“Dr. Ugur Sahin, CEO of BioNTech and inventor of the BIO N TECH Pfizer jab, refuses to take the jab for safety reasons.”",false,false,['false'],1,True
"""Rhode Island has the second highest per enrollee (Medicaid) cost of any state in the country, which is 60 percent higher than the national average.""",mostly-true,mostly-true,"['true', 'mostly-true']",2,True
"""The Ryan budget gets rid of Medicare in 10 years and turns it into a voucher program.""",false,false,"['half-true', 'mostly-false', 'false']",3,True
"""Doctors kill about 250,000 people a year in botched surgeries.""",false,false,['false'],1,True
Women pay 48 percent more for health insurance.,mostly-false,mostly-false,"['mostly-true', 'half-true', 'mostly-false']",3,True
“3.8% of Wisconsin’s coronavirus funding has been spent.”,half-true,mostly-true,"['true', 'mostly-true', 'half-true', 'mostly-false', 'false']",5,True
The diphtheria vaccine is a “poison dart” with side effects worse than the symptoms of diphtheria.,false,false,['false'],1,True
"State Sen. Alberta Darling ""voted to add more than $1 billion in additional spending"" while cutting programs such as education and health care",mostly-true,mostly-true,['mostly-true'],1,True
"""The folks in Washington"" are ""already forcing you to buy government health care.""",mostly-false,mostly-false,"['mostly-false', 'false']",2,True
"Republicans “have shown themselves willing to cut millions off their health insurance and eliminate preexisting condition protections for millions more, even in the middle of this public health crisis.""",true,true,['true'],1,True
"""African-American children are 500 percent more likely to die from asthma than white kids.""",true,true,"['true', 'mostly-true']",2,True
"""The number of individuals who actually got coverage through the exchange who didn't have coverage before, or who weren't eligible for Medicaid before is relatively small. So we've turned things upside down completely for 3 million, or 4 million, or 5 million individuals.""",false,mostly-false,"['mostly-true', 'half-true', 'mostly-false', 'false']",4,True
"Ohio taxpayers spent more than $67 million ""for the year"" on food stamps and Medicaid for Wal-Mart workers",half-true,half-true,['half-true'],1,True
"Says ""people who come to"" their dissent actions ""get a ‘cease and desist’ letter"" from Ron Johnson's office.",false,false,['false'],1,True
I've shut down pill mills.,mostly-false,false,"['mostly-true', 'half-true', 'mostly-false', 'false']",4,True
The COVID vaccine “has been proven to have negative efficacy.”,false,false,['false'],1,True
"""On day one, six people were able to sign up"" for health insurance through the federal marketplace.",mostly-true,true,"['true', 'mostly-true']",2,True
"Says Texas is ""last in mental health expenditures.""",mostly-true,mostly-true,"['mostly-true', 'half-true', 'mostly-false', 'false']",4,True
"Texas lawmakers ""left children able to be sterilized and mutilated at any point in their life"" by failing to adopt a law prohibiting minors from undergoing medical or surgical gender transitions.",mostly-false,false,"['mostly-false', 'false']",2,True
"With Obamacare, ""You have no options .. you can't get competitive bidding.""",mostly-false,mostly-false,"['mostly-false', 'false']",2,True
"Says Hillary Clinton's health care plan from the 1990s ""had a broader provision in favor of corporate right to back out"" of providing contraceptive coverage than the one created by the Hobby Lobby Supreme Court decision.",false,false,"['half-true', 'mostly-false', 'false']",3,True
"Prescription drugs ""are nearly 20 percent of our health care costs now when you include hospital prescription drugs.""",mostly-true,mostly-true,"['true', 'mostly-true']",2,True
"""It is estimated that more than 20 veterans die by suicide every day.""",mostly-true,true,['true'],1,False
"A recall election for Wisconsin governor would cost ""$7.7 million -- $7.7 million that may already be allocated to merit raises for teachers or health care for the poor or school books for your kids.""",half-true,half-true,['half-true'],1,True
"""Current projections indicate that Medicare will go bankrupt by 2017, while Social Security will bottom out by 2037.""",half-true,half-true,['half-true'],1,True
"Says Brett Kavanaugh is ""pro-Obamacare.""",mostly-false,false,"['half-true', 'mostly-false', 'false']",3,True
"""The claim ... that we plan to set up panels of bureaucrats with the power to   kill off senior citizens ... is a lie, plain and simple.""",true,true,"['true', 'mostly-true']",2,True
Says the number of Democrats who voted for the GOP measure allowing health plan renewals is close to the number who voted on GOP bills to delay mandates on employers and individuals.,half-true,half-true,['half-true'],1,True
"""Three of our cities are among the top five worst cities in the U.S. for asthma.""",true,true,"['true', 'mostly-true']",2,True
"Ann Kuster ""supports the government takeover of healthcare, which robs Medicare of over $700 billion.""",false,false,"['mostly-false', 'false']",2,True
"Some cardiologists estimate ""70 percent of all males over 50 have some form of heart disease.""",half-true,half-true,"['mostly-true', 'half-true']",2,True
"Wisconsin is ""not walking away from a dime"" in federal funds by rejecting the Obamacare Medicaid expansion.",mostly-false,mostly-false,"['mostly-false', 'false']",2,True
"Says uncompensated health care costs absorbed by Texas hospitals are adding $1,800 a year to Texas private insurance rates.",mostly-false,half-true,"['mostly-true', 'half-true', 'mostly-false', 'false']",4,True
"""Obamacare has failed.""",mostly-false,mostly-false,"['mostly-true', 'half-true', 'mostly-false']",3,True
"""74 percent of Republicans support the Affordable Care Act.""",false,false,"['half-true', 'mostly-false', 'false']",3,True
"""All non-US citizens, illegal or not, will be provided with free health care services.""",pants-fire,pants-fire,['pants-fire'],1,True
"The new health care law crushes small businesses ""with billions in penalties.""",false,false,['false'],1,True
"A lawsuit against the Affordable Care Act backed by West Virginia Attorney General Patrick Morrisey “would eliminate health care for over 800,000 West Virginians.”",mostly-false,mostly-false,"['mostly-true', 'half-true', 'mostly-false', 'false']",4,True
ColoradoCare would have higher revenues than McDonald’s.,mostly-true,true,"['true', 'mostly-true']",2,True
"""This (Independent Payment Advisory Board) board can ration care and deny certain Medicare treatments so Washington can fund more wasteful spending.""",pants-fire,false,"['mostly-false', 'false']",2,False
"Says that while President Barack Obama promised to ""work with your employer to lower your premiums by $2,500 per family per year,"" his health care law ""raises premiums in the individual market by $2,100 per family.""",mostly-false,mostly-false,"['half-true', 'mostly-false', 'false']",3,True
"""The State of Wisconsin thinks you should have to"" wash your hands ""at least 28 times to make one peanut butter-and-jelly sandwich.""",half-true,half-true,['half-true'],1,True
"Says Ann Kirkpatrick walked out ""on constituents when questioned"" on the Affordable Care Act.",half-true,mostly-false,"['half-true', 'mostly-false', 'false']",3,True
"""Ninety-five percent of Oregonians now have health insurance coverage, tens of thousands for the very first time.""",true,true,"['true', 'mostly-true']",2,True
"Says Romney wrote in the first edition of his book that his health care plan should be expanded nationwide and then, ""You took it out of your book.""",mostly-false,mostly-false,"['mostly-false', 'false']",2,True
"""The Obama Administration's own White House Council of Economic Advisers has estimated 4.7 million Americans will lose their jobs if the (health care) bill passes.""",false,false,['false'],1,True
"Texas leads ""the nation in the percentage of residents without health insurance.""",true,true,['true'],1,True
"Says he ""will protect your guaranteed benefits"" in Medicare while ""Mitt Romney would take away Medicare as guaranteed benefits.""",half-true,mostly-false,"['mostly-true', 'half-true', 'mostly-false']",3,True
"""Obama put a 10 percent tax on tanning.""",true,true,['true'],1,True
"""President Obama . . . wants to mandate circumcision.""",pants-fire,pants-fire,['pants-fire'],1,True
"""Do you know what the second sport with the most concussions is? Women’s soccer… And the third most dangerous sport? Cheerleading.""",half-true,mostly-true,"['true', 'mostly-true', 'half-true', 'mostly-false', 'false']",5,True
"Sen. Marco Rubio ""helped write the law to raise prescription prices.""",mostly-true,mostly-false,"['mostly-true', 'half-true', 'mostly-false', 'false']",4,True
"""Trump’s Health Secretary Pick Wants a Medicare Phaseout by Summer 2017.""",false,false,"['mostly-false', 'false']",2,True
"Under the House health care bill, the government ""will have to penalize citizens if we choose not to buy a plan that will cost a minimum of about $15,000 per family per year.""",mostly-false,mostly-false,"['mostly-false', 'false']",2,True
"""The soda tax can make a difference by reducing consumption of unhealthy soda pop and sugary beverages.""",mostly-true,true,"['true', 'mostly-true']",2,True
"""When Jeb (Bush) was governor, his first four years as governor, his Medicaid program grew twice as fast as mine.""",mostly-true,mostly-true,"['mostly-true', 'half-true', 'mostly-false', 'false']",4,True
"Before Obamacare, Wisconsin’s ""high-risk pool"" for health insurance ""had eight or nine"" plans to choose from, people ""could go to any doctor or any hospital they wanted, and their premiums and co-pays were cheaper than they are under Obamacare today.""",half-true,half-true,['half-true'],1,True
"""Doctors, nurses, hospitals, even the pharmaceutical industry, (and) AARP"" say that health reform ""makes sense to do.""",mostly-true,mostly-true,['mostly-true'],1,True
"Under President Obama’s health-care reforms, the premium for ""an average plan for a family didn't go down by $2,500 per year, it's gone up about $2,500 per year.""",half-true,half-true,['half-true'],1,True
"The Texas Senate ""approved a bill to put a special label on the insurance cards of anyone who bought a plan through Obamacare"" that includes the letter ""S"" for subsidy.",mostly-false,false,['false'],1,False
"""Obamacare Medical Codes Confirm: Execution by Beheading To Be Implemented in America.""",pants-fire,false,['false'],1,False
"""Eight in 10 people this year can find plans for $75 a month or less.""",half-true,mostly-false,"['mostly-true', 'half-true', 'mostly-false', 'false']",4,True
Says that Josh Mandel voted to let insurance companies deny coverage for autism,mostly-true,half-true,"['mostly-true', 'half-true']",2,True
"""One in three people who’s receiving treatment for (opioid) drug problems gets some help from Medicaid to pay for that.""",mostly-true,mostly-true,['mostly-true'],1,True
"""$700 billion was robbed (from Medicare) to pay for Obamacare.""",half-true,false,"['mostly-false', 'false']",2,False
State employees will have to pay 100 percent of their pensions and health insurance after 2012.,false,false,['false'],1,True
"""We have more hospitals that are children’s hospitals than any other state in the union."" ",false,false,['false'],1,True
California is leading the nation in holding drug companies accountable and fighting prescription drug prices.,half-true,mostly-true,"['true', 'mostly-true']",2,False
"""It's President Biden who is proposing to cut Medicare Advantage.""",false,false,"['mostly-false', 'false']",2,True
"John McCain and George Bush have ""absolutely no plan for universal health care.""",true,true,"['true', 'mostly-true']",2,True
"""Only three in 10 Texas doctors are currently accepting new Medicaid patients.""",mostly-false,false,"['mostly-true', 'half-true', 'mostly-false', 'false']",4,True
"Shows in a television ad that police took evidence from Solantic, Rick Scott's new health care company, after allegations emerged that the company was engaging in fraud.",false,false,['false'],1,True
Rise in U.S. infant mortality rate connected to COVID-19 vaccines.,false,false,['false'],1,True
"""Obamacare could cause 20 million people to lose their current coverage.""",mostly-false,mostly-false,"['mostly-true', 'half-true', 'mostly-false']",3,True
"Says Mark Warner told PolitiFact National's ""Lie of the Year"" in 2013.",false,false,"['half-true', 'mostly-false', 'false']",3,True
“We do not have an approved (COVID) vaccine in America … the Pfizer vaccine available in the U.S. is not FDA approved.”,false,false,['false'],1,True
"The federal government ""may put 16,500 IRS agents in charge of policing President Obama's health care bill.""",half-true,half-true,['half-true'],1,True
"""We are giving almost $2 billion of taxpayer money to the junk food and fast food industries every year to make the (childhood obesity) epidemic worse.""",false,false,['false'],1,True
"""Charlie Crist has six different positions on ObamaCare.""",half-true,false,"['mostly-true', 'half-true', 'mostly-false', 'false']",4,True
"Barack Obama's health care plan ""would leave 15 million Americans out.""",half-true,half-true,['half-true'],1,True
"Greg Abbott was ""charged with overseeing the state cancer research fund. But he let his wealthiest donors take tens of millions of taxpayer dollars without proper oversight. They showered Abbott with gifts and free vacations.""",half-true,mostly-true,"['mostly-true', 'half-true', 'mostly-false']",3,True
"""Romneycare … is a top-down, government-run health care system.""",mostly-false,mostly-false,"['mostly-false', 'false']",2,True
"Seniors and the disabled ""will have to stand in front of Obama's 'death panel' so his bureaucrats can decide, based on a subjective judgment of their 'level of productivity in society,' whether they are worthy of health care.""",pants-fire,pants-fire,['pants-fire'],1,True
"""A government panel that didn't include cancer specialists says women shouldn't  receive mammograms until age 50...If government takes over health care,  recommendations like these could become the law for all kinds of diseases.""",pants-fire,pants-fire,['pants-fire'],1,True
"Even after collective bargaining reforms, most Wisconsin public employees ""are still paying about 12 to 13 percent"" of their health insurance premiums, while most state residents who work in the private sector ""pay 20 to 25 percent.""",mostly-true,mostly-true,['mostly-true'],1,True
Says Texas has the most uninsured people of any state -- 6 million.,mostly-false,false,"['true', 'mostly-true', 'half-true', 'mostly-false', 'false']",5,True
"""There is no clinical evidence that vaccinating healthcare workers protects patients.""",false,false,"['mostly-false', 'false']",2,True
“I don’t think there’s any doubt (Joe) Biden’s senile.”,false,false,"['mostly-false', 'false', 'pants-fire']",3,True
"Says, ""In Oregon in 2010, 49 percent of all pregnancies were unintended.""",mostly-true,mostly-true,"['mostly-true', 'half-true', 'mostly-false', 'false']",4,True
Says more than 2 million Oregonians have received important medical services because of his health plan.,half-true,half-true,['half-true'],1,True
"Rob Portman shares ""radical, ideological views"" toward women.",false,false,['false'],1,True
Tennessee has become the first state in the U.S. to ban Bill Gates’ mRNA from being pumped into the food supply.,false,false,['false'],1,True
"Planned Parenthood is ""the only health care that a significant number of women get. About 30 percent of women, that's their health care.""",pants-fire,false,"['mostly-false', 'false']",2,False
"Says Jonathan Gruber was ""some adviser who never worked on our staff.""",mostly-false,false,"['mostly-false', 'false']",2,True
"Says Hillary Clinton ""wants to go to a single-payer plan"" for health care",false,false,"['mostly-false', 'false']",2,True
"""In Texas, Republicans passed a law allowing rapists to sue their victims for getting an abortion.""",false,false,"['mostly-false', 'false']",2,True
"Says Rick Perry wrote a letter ""supporting Hillarycare.""",mostly-false,true,"['true', 'mostly-true', 'half-true', 'mostly-false']",4,True
"""With the resources it takes to execute just over three months of the Iraq war, we could fully fund the expansion of health care for needy children that Bush vetoed.""",mostly-true,mostly-true,"['true', 'mostly-true', 'half-true']",3,True
"The health care marketplaces have ""no privacy protections.""",false,mostly-true,"['mostly-true', 'half-true', 'mostly-false', 'false']",4,True
"The cost of ""health care is now the single-biggest factor driving down"" the federal budget deficit.",mostly-true,true,"['true', 'mostly-true']",2,True
"""Individuals with mental illnesses die an average of 25 years earlier than those without a mental illness.""",true,true,['true'],1,True
"Eighty-five percent of Floridians who will benefit from expanding Medicaid are ""single, childless adults.""",mostly-false,false,"['half-true', 'mostly-false', 'false']",3,True
"""Three in four low-income workers don’t have any paid sick days available.""",true,true,['true'],1,True
"The United States is ""the only major country on earth that doesn't guarantee health care to all people as a right, not a privilege.""",half-true,mostly-true,"['true', 'mostly-true', 'half-true', 'mostly-false']",4,True
"Jim Renacci ""voted repeatedly to end Medicare.""",false,false,"['mostly-false', 'false']",2,True
"""Right now, the (Congressional Budget Office) says up to 20 million people will lose their insurance as Obamacare goes into effect next year.""",false,mostly-false,"['mostly-false', 'false']",2,True
"Says Cory Booker has accepted over $400,000 from the pharmaceutical industry during his political career.",mostly-true,mostly-true,"['mostly-true', 'half-true', 'mostly-false', 'false']",4,True
"""A small majority of Americans don’t think they like the Affordable Care Act, but a large majority of Americans don’t want to do away with the protections that are in the Affordable Care Act.""",mostly-true,mostly-true,"['true', 'mostly-true']",2,True
"""The White House removed its climate change web page. And the healthcare, civil rights and LGBT sections.""",mostly-true,false,"['mostly-true', 'half-true', 'mostly-false', 'false']",4,True
"People committed involuntarily for 72 hours under the Baker Act will get their guns back ""automatically and immediately upon discharge....and their commitment is never entered into a background check database.""",half-true,false,"['mostly-false', 'false']",2,False
"Says ""wealthy people in Canada donate to hospitals"" to get better health care treatment.",mostly-false,false,['false'],1,False
Says some Georgians can get health insurance for $105 a month.,mostly-true,mostly-true,['mostly-true'],1,True
"""More people are losing their insurance (due to Obamacare) than are becoming newly insured.""",false,false,"['mostly-false', 'false']",2,True
"Says Scott Walker ""has turned down $1 billion of Medicaid money over the course of his tenure.""",mostly-true,mostly-true,['mostly-true'],1,True
"""More than 25 million Americans are unemployed. More than 50 million live without health insurance. Perhaps 100 million live in poverty.""",half-true,mostly-true,"['mostly-true', 'half-true', 'mostly-false']",3,True
"Eliminating the state tax on health savings accounts will ""make it easier for small business owners to provide health insurance to their employees.""",mostly-false,mostly-false,"['half-true', 'mostly-false', 'false']",3,True
"The Democratic health care bill in the House would ""create 53 new government bureaucracies.""",mostly-false,mostly-false,"['mostly-true', 'half-true', 'mostly-false']",3,True
"In the 2014 elections, ""the American people overwhelmingly said we don't want Obamacare … and we don't want amnesty.""",false,false,"['mostly-false', 'false']",2,True
"Rhode Island spends ""52 percent more per capita on human service programs than the national average.""",true,true,"['true', 'mostly-true']",2,True
"""Before this (federal health care) law was enacted, Florida parents ... were able to purchase inexpensive 'child-only' coverage for their children. The law’s 'consumer protections' have now eliminated that choice in Florida.""",false,false,"['mostly-true', 'half-true', 'mostly-false', 'false']",4,True
"Ed Perlmutter voted for ""Viagra for rapists"" paid for with tax dollars.",pants-fire,pants-fire,['pants-fire'],1,True
"Under the American Health Care Act ""people with pre-existing conditions are protected.""",mostly-false,false,"['mostly-false', 'false']",2,True
"""We end the $100 billion a year that the health care industry makes.""",true,true,"['true', 'mostly-true']",2,True
"""Minnick voted to let the government fund abortion under Obamacare.""",false,false,['false'],1,True
"Says Sheldon Whitehouse said on Senate floor: ""Everybody in Rhode Island who disagrees with me about Obamacare is an Aryan, is a white supremacist.""",pants-fire,pants-fire,['pants-fire'],1,True
"Ann Kuster turned ""a blind eye to those in need of funding"" by voting ""against funding for our nation’s veterans, low-income women and children, the FDA and the National Institutes of Health.""",mostly-false,mostly-false,"['half-true', 'mostly-false', 'false']",3,True
"The employer mandate ""affects only 5 percent of businesses in this country.""",mostly-true,false,"['mostly-false', 'false']",2,False
"The Democrats propose ""a government-controlled health care plan that will deprive roughly 120 million Americans of their current health care coverage.""",false,false,['false'],1,True
"""(For) white working-class America, death rates among white men are up 20 percent.""",mostly-false,false,"['half-true', 'mostly-false', 'false']",3,True
"Without a Medicaid expansion, 275,000 more Ohioans could be getting their primary care in emergency rooms, costing ""everybody a lot of money.""",mostly-true,mostly-true,['mostly-true'],1,True
"Says ""David Schweikert took over $120,000 from the drug industry and voted against legislation to lower prescription drug prices.""",mostly-true,true,"['true', 'mostly-true']",2,True
"Two-thirds of the federal budget is ""permanent law ... it's permanently appropriated.""",mostly-true,mostly-true,['mostly-true'],1,True
"""We had (a bill) in Florida where we now are prohibiting doctors to talk -- particularly pediatricians -- to talk to their patients about gun safety in the home.""",mostly-false,false,"['mostly-true', 'half-true', 'mostly-false', 'false']",4,True
"Because of the health care law, ""by 2017, we will be funneling over $100 billion annually to private insurance companies.""",mostly-true,mostly-true,"['true', 'mostly-true', 'half-true']",3,True
"Rand Paul ""wants us to pay $2,000 just to get Medicare.""",mostly-true,mostly-true,"['mostly-true', 'half-true', 'mostly-false']",3,True
"""Millions could lose their health care coverage and be forced into a government pool"" under the new health care law.",false,false,"['mostly-true', 'half-true', 'mostly-false', 'false']",4,True
"Insulin prices have ""gone THRU THE ROOF for patients/taxpayers bc of manufacturer, health plan & PBM biz practices.""",true,true,"['true', 'mostly-true']",2,True
"""The Republicans are proposing to pay for their giant tax cut to the rich by gutting Medicare and Medicaid.""",half-true,mostly-true,"['mostly-true', 'half-true', 'mostly-false']",3,True
"""One of the most recent polls said 75 percent of the American people have said either don't do anything or start over (on health care reform).""",mostly-true,mostly-true,['mostly-true'],1,True
"""700 jobs (were) lost because Allen Boyd"" voted for the health care bill.",mostly-false,false,"['mostly-false', 'false']",2,True
"Says cuts to Medicare affect people who have already ""paid in. We paid for it.""",mostly-false,false,"['mostly-false', 'false']",2,True
"Says ""new mandates are already reducing full-time employment.""",mostly-false,false,"['mostly-false', 'false']",2,True
"""The Democrats are pushing for Universal HealthCare while thousands of people are marching in the UK because their U system is going broke and not working.""",mostly-false,false,"['mostly-false', 'false']",2,True
"""President Donald Trump even referred to one of (Kevin) Cramer’s health care repeal bills as 'mean' because the bill gutted protections for North Dakotans with preexisting conditions.""",mostly-true,true,"['true', 'mostly-true']",2,True
"Says Barack Obama ""knew half of the population of the United States would lose their health insurance.""",pants-fire,false,"['mostly-false', 'false']",2,False
"""Congress has cut funding, has slashed funding, for veterans' benefits over these last years.""",false,mostly-false,"['mostly-true', 'half-true', 'mostly-false', 'false']",4,True
"""Republicans have proposed dozens of (health care) solutions designed to help control costs and improve quality.""",half-true,mostly-true,"['mostly-true', 'half-true', 'mostly-false', 'false']",4,True
"Oregon Health Plan rations ""covered procedures under certain circumstances""",half-true,half-true,['half-true'],1,True
"Preventive care ""saves money.""",false,false,['false'],1,True
"The GOP’s Obamacare replacement would reduce subsidies that help lower-income people buy health insurance, but also ""expand the entitlement"" by giving subsidies to higher-income people ""that Obamacare never helped.""",true,true,['true'],1,True
"""Dems want billions to go to Insurance Companies to bail out donors""",false,mostly-false,"['half-true', 'mostly-false', 'false']",3,True
"A Congressional Budget Office estimate of people who stand to lose insurance from President Donald Trump’s tax and spending law said “about 5 million … have other insurance,” so “if they lose one (type of coverage), they're still insured.”",mostly-false,mostly-false,"['half-true', 'mostly-false', 'false']",3,True
"“The House voted to cap insulin prices to $35/month, just $420 each year! Richard Hudson voted NO.”",false,false,"['mostly-false', 'false']",2,True
"""Nobody on Medicaid"" will have their benefits taken away.",false,false,['false'],1,True
"Wisconsin bill ""grants drug companies and medical device manufacturers immunity from injuries and deaths caused by their products.""",mostly-true,mostly-true,['mostly-true'],1,True
"""When one person sneezes, it goes all the way through the aircraft.""",pants-fire,pants-fire,['pants-fire'],1,True
"""Obamacare was patterned after (Mitt Romney's) plan in Massachusetts.""",true,true,['true'],1,True
"An amendment to the House health reform bill ""puts new restrictions on women's access to abortion coverage in the private health insurance market even when they would pay premiums with their own money.""",false,false,['false'],1,True
"""In the state of Rhode Island 25 percent of our current physicians are graduates of for-profit medical schools.""",false,false,"['mostly-false', 'false']",2,True
"The polls ""show over half of Americans identify themselves as being pro-life.""",mostly-false,mostly-true,"['mostly-true', 'half-true', 'mostly-false', 'false']",4,True
"About two-thirds of Medicaid beneficiaries are children, but they account for one-third of the program’s cost, while one-third are elderly, and they account for two-thirds of the cost.",mostly-false,mostly-true,"['mostly-true', 'half-true', 'mostly-false']",3,True
"Federal law for Obamacare navigators ""does not bar — or even require screening for — convicted felons, including individuals convicted of identity theft or fraud.""",half-true,true,"['true', 'mostly-true', 'half-true', 'mostly-false', 'false']",5,True
"Under Obamacare, people who ""have a doctor they’ve been seeing for the last 15 or 20 years, they won’t be able to keep going to that doctor.""",mostly-false,false,"['mostly-false', 'false']",2,True
"Rick Scott ""was forced to resign as the head of a company that pled guilty to massive amounts of systematic fraud, including 14 felonies, leading to a historic $1.7 billion fine.""",true,true,"['true', 'mostly-true']",2,True
Says he didn't support the lawsuit to repeal the Affordable Care Act.,mostly-false,false,"['mostly-true', 'half-true', 'mostly-false', 'false']",4,True
"""Pre-existing conditions are covered under my (health care) plan.""",mostly-false,mostly-false,"['mostly-true', 'half-true', 'mostly-false', 'false']",4,True
"""According to a recent Congressional Budget Office report, under Obamacare, 7 million people will lose their employer-sponsored insurance.""",mostly-false,mostly-false,"['mostly-true', 'half-true', 'mostly-false', 'false']",4,True
"""Wisconsin (has) the highest infant mortality rate for black babies nationwide.""",true,true,['true'],1,True
"""Remember, Obamacare created a new category of eligibility. Working-age, able-bodied adults with no dependents for the first time became eligible for Medicaid if their income is below 138 percent of the poverty level. We’re going to continue that eligibility. No one loses coverage.""",half-true,mostly-false,"['mostly-true', 'half-true', 'mostly-false', 'false']",4,True
"""Just remember this: the president's health care bill put 30 million people on health care rolls that weren't there before.""",half-true,mostly-true,"['mostly-true', 'half-true', 'mostly-false']",3,True
"""There were more people at the Air and Space Museum"" than at a rally against the health care bills.",half-true,mostly-false,"['mostly-true', 'half-true', 'mostly-false', 'false']",4,True
"The Congressional Budget Office analysis of the health insurance reform legislation says the bill ""cuts the deficit by $1.2 trillion in the second 10 years.""",half-true,half-true,['half-true'],1,True
"""2.4 million people in Wisconsin have pre-existing conditions"" and Leah Vukmir supports letting insurance companies ""deny coverage to people with pre-existing conditions.""",half-true,half-true,['half-true'],1,True
"""We researched to find out if anybody on Fox News had ever said you're going to jail if you don't buy health insurance. Nobody's ever said it.""",pants-fire,pants-fire,['pants-fire'],1,True
"The proposed excise tax on ""Cadillac"" health plans will hit ""those making less than $200,000"" the hardest.",mostly-true,mostly-true,['mostly-true'],1,True
“There's never been a placebo-controlled study on childhood vaccines.”,false,false,['false'],1,True
"Says the CBO said ""it's not that people are getting pushed off a plan; it's that people will choose not to buy something they don't like or want.""",mostly-false,mostly-false,"['half-true', 'mostly-false', 'false']",3,True
Says Ohio Attorney General Mike DeWine is hypocritical for challenging the constitutionality of the new health care law.,false,false,"['true', 'mostly-true', 'half-true', 'mostly-false', 'false']",5,True
"Emergency rooms account for ""2 percent of all health care spending.""",mostly-true,mostly-true,"['true', 'mostly-true']",2,True
"""Was it 150 million people on private insurance? 50 million of those people lose their private insurance every year when they quit their jobs, or they go unemployed, or their employer changes their insurance policy.""",mostly-false,mostly-false,"['half-true', 'mostly-false', 'false']",3,True
"Says Mandela Barnes supports killing “preemies” – “infants born prior to 37 weeks of pregnancy""",pants-fire,false,"['mostly-false', 'false']",2,False
“We’re not cutting science. We’re not cutting research.”,pants-fire,false,"['mostly-false', 'false']",2,False
Wisconsin is “clearly seeing a decline in COVID infections”,mostly-false,false,"['mostly-false', 'false']",2,True
"""Whether the Amendment passes or not, the medical use of marijuana is a federal criminal offense.""",true,false,"['true', 'mostly-true', 'half-true', 'mostly-false', 'false']",5,True
"Obamacare medical device tax ""has led to the loss of thousands of jobs"" in U.S.",half-true,mostly-true,"['true', 'mostly-true', 'half-true', 'mostly-false']",4,True
"""The president’s health care law raids Medicare by more than $500 billion and creates a Medicare rationing board — a group of 15 unelected bureaucrats — to slow the growth of Medicare spending.""",mostly-false,mostly-false,"['half-true', 'mostly-false']",2,True
"David Perdue ""proposes rolling back the clock on women’s health care.""",half-true,mostly-false,"['mostly-true', 'half-true', 'mostly-false', 'false']",4,True
"Says Suzanne Bonamici ""supports the $500 billion cut to Medicare passed last year.""",false,false,"['mostly-false', 'false']",2,True
"Florida’s proposed amendment for medical marijuana would allow ""people who alleged minor ailments such as muscle spasms, neck pain, back pain and even menstrual cramps (to qualify) for government-sanctioned pot-smoking.""",mostly-true,mostly-true,"['true', 'mostly-true', 'half-true', 'mostly-false']",4,True
"7 million people the Congressional Budget Office says won't have health insurance coverage under the Senate health care bill ""don't exist.""",half-true,mostly-false,"['mostly-false', 'false']",2,False
"""People with pre-existing mental health conditions have access to firearms and not health care.""",half-true,false,"['mostly-false', 'false']",2,False
"""The IRS has been specifically forbidden ...  from ever actually pursuing either civil or criminal remedies"" for people who don’t purchase health insurance.",mostly-true,true,"['true', 'mostly-true', 'half-true', 'mostly-false']",4,True
"Says U.S. Rep. Steve Southerland ""voted himself health care for life.""",pants-fire,false,"['mostly-false', 'false']",2,False
"""Over 73% of all donations raised (from the ALS Ice Bucket Challenge) are going to fundraising, overhead, executive salaries, and external donations.""",pants-fire,true,"['true', 'mostly-true', 'half-true']",3,False
"""Nearly 7 million Floridians have pre-existing conditions — but Rick Scott and Florida Republicans wants to take away their health care coverage by ending the Affordable Care Act.""",half-true,mostly-true,"['mostly-true', 'half-true', 'mostly-false']",3,True
"""FDA finally admits dental fillings are toxic.""",mostly-false,false,"['true', 'mostly-true', 'half-true', 'mostly-false', 'false']",5,True
"Lower insulin prices were the work of the Trump administration, not “Crooked Joe Biden. He had NOTHING to do with it.”",false,false,"['mostly-false', 'false']",2,True
"Says the national heath care reform is ""a government takeover of health care.""",pants-fire,false,"['mostly-false', 'false']",2,False
"""Of the 25 wealthiest nations, we're the only one that doesn't provide basic health coverage.""",true,mostly-true,"['true', 'mostly-true']",2,True
"Obamacare ""will provide insurance to all non-U.S. residents, even if they are here illegally.""",pants-fire,false,['false'],1,False
"Obamacare ""already has caused millions of hardworking Virginians to lose their health insurance.""",false,mostly-false,"['half-true', 'mostly-false', 'false']",3,True
"The CBO says the cost of health care reform will rise to $1.8 trillion, ""increasing the price to far greater than the $900 billion"" originally projected.",mostly-false,mostly-true,"['mostly-true', 'half-true', 'mostly-false', 'false']",4,True
"Since 2009, ""millions of Americans have lost their health care plans.""",mostly-false,false,"['mostly-true', 'half-true', 'mostly-false', 'false']",4,True
Taking all the money of the top 1 percent wouldn’t keep Medicare going for three years.,mostly-false,false,"['mostly-true', 'half-true', 'mostly-false', 'false']",4,True
"Says that Sherrod Brown ""voted to cut Medicare by over $500 billion in order to fund government-run health care.""",false,false,['false'],1,True
"Republicans Chuck Grassley, John Boehner and John Mica flip-flopped on providing end-of-life counseling for the elderly.",half-true,half-true,"['mostly-true', 'half-true']",2,True
"John McCain ""took on the drug industry.""",mostly-true,mostly-true,['mostly-true'],1,True
"Washing your hands and covering your mouth when you cough ""makes a huge difference"" in reducing transmission of the flu.",true,true,['true'],1,True
"Says Milwaukee blacks have 55 percent male unemployment, 60 percent truancy, a 50 percent graduation rate, the ""worst"" reading scores and ""lead"" in infant mortality.",half-true,half-true,['half-true'],1,True
"Obama ""only wants your children to have health insurance.""",false,false,['false'],1,True
"""Nearly 46 million Americans don't have health insurance coverage today.""",mostly-true,mostly-true,['mostly-true'],1,True
"Says Barack Obama ""is the only president to ever cut $500 billion from Medicare.""",false,false,"['mostly-false', 'false']",2,True
"""Seventy-three percent of our veterans are graduating from drug courts. By contrast, I think most of the people in the very good drug court program — the graduation rate’s like 53, 55 percent. The point of that is that drug courts are working for veterans.""",mostly-true,mostly-true,"['true', 'mostly-true']",2,True
“Adults over 51 can receive $$$ in additional spending for groceries and expenses.”,false,false,['false'],1,True
"Says Dean Heller helped ""craft a partisan repeal bill that also would have slashed coverage protections for people with pre-existing conditions.""",half-true,half-true,"['mostly-true', 'half-true', 'mostly-false']",3,True
"Leticia Van de Putte ""voted to give illegal immigrants in this country free health care--not emergency health care but total free health care.""",false,false,"['mostly-false', 'false']",2,True
"""In the period from 2007 to 2011, the Office of Health Insurance Commissioner reported an 18 percent decline in the state’s total medical spending.""",half-true,mostly-true,"['true', 'mostly-true']",2,False
"Obamacare ""is the biggest job-killer in this country -- millions of Americans have lost their jobs, have been forced into part-time work.""",pants-fire,false,"['mostly-false', 'false']",2,False
"Under the new health care law, ""if a landscaper wants to buy a new lawnmower, or a restaurant needs a new ice-maker, they have to report that to the feds.""",true,true,['true'],1,True
"""The new beverage tax will increase the cost of sodas, juice drinks, sports drinks, iced teas, and flavored water up to 50%.""",half-true,half-true,"['mostly-true', 'half-true', 'mostly-false', 'false']",4,True
"""300,000 Floridians will lose their current health plans"" because of Obamacare, a plan Alex Sink supports.",half-true,false,"['mostly-false', 'false']",2,False
"Says a Josh Hawley lawsuit ""would take away important prescription drug coverage for seniors through Medicare and end all of the consumer protections under the ACA.""",true,mostly-false,"['mostly-true', 'half-true', 'mostly-false', 'false']",4,False
"""The vast majority of marketplace enrollees have experienced no average premium hike at all.""",mostly-true,true,"['true', 'mostly-true']",2,True
"Says Ted Budd ""voted to gut protections for pre-existing conditions … letting insurance companies deny coverage for (necessary) treatment.""",half-true,mostly-true,"['mostly-true', 'half-true', 'mostly-false']",3,True
The Senate Democrats’ reconciliation bill “will strip $300 billion from Medicare.”,false,false,"['mostly-false', 'false']",2,True
"""The American people support defunding Obamacare and oppose shutting down the government.""",mostly-false,false,"['mostly-false', 'false']",2,True
"""Ohioans can expect to pay up to 41 percent more for their insurance premiums when Obamacare takes effect next year.""",half-true,half-true,['half-true'],1,True
"Says Donald Trump “is pushing to slash Medicare benefits.""",half-true,mostly-false,"['mostly-false', 'false']",2,False
"""Anyone can die of a toothache.""",true,true,['true'],1,True
"""When you throw 23 million people off of health insurance -- people with cancer, people with heart disease, people with diabetes -- thousands of people will die. … This is study after study making this point.""",mostly-true,true,"['true', 'mostly-true']",2,True
"Says of the GOP health care proposal, ""pre-existing conditions are in the bill.""",mostly-false,false,"['mostly-false', 'false']",2,True
"""Women of childbearing age spend 68 percent more in out-of-pocket health care costs than men.""",mostly-true,false,"['mostly-true', 'half-true', 'mostly-false', 'false']",4,True
"Homeopathy, acupuncture and aromatherapy ""have been given elevated legitimacy under the Affordable Care Act.""",half-true,mostly-true,"['mostly-true', 'half-true', 'mostly-false']",3,True
"Says he ""got lobbied"" by a woman with late-stage cancer about vaccinating Texas girls against a virus that can cause cervical cancer.",false,true,"['true', 'mostly-true']",2,False
"During a town hall meeting on health care, ""ABC didn't even allow ads that opposed the president's health care plan to be aired.""",true,true,['true'],1,True
Insurance companies have seen their profits soar by more than 400 percent since 2001.,half-true,half-true,['half-true'],1,True
“There's 100 million people that have preexisting conditions.”,mostly-true,true,"['true', 'mostly-true']",2,True
"""According to (Barack) Obama’s newest unconstitutionally enacted law, health care professionals are now required to violate HIPAA privacy laws and submit medical data to the government,"" which is ""then used as justification for gun confiscation.""",false,false,"['mostly-false', 'false']",2,True
"""More people, almost twice as many, pay the penalty or take the waiver than signed up for (Obamacare).""",false,false,"['mostly-false', 'false']",2,True
"Domestic violence ""is seen as a pre-existing"" health condition and ""women had to pay 50 percent more for health care because of gender ratings,"" but under Obamacare, ""all of that is over.""",half-true,half-true,['half-true'],1,True
"""The VA negotiates prescription drug prices. Medicare doesn't do that.""",true,true,['true'],1,True
"Says Nancy Pelosi said, ""Waiting long hours in the emergency room will allow you to make new friends!""",pants-fire,false,['false'],1,False
"""Last year, 36 million Americans didn’t have a prescription filled because they couldn’t afford it.""",true,true,['true'],1,True
"""I (found) the Republican votes for the Recovery Act, Obamacare, help us from falling into a Great Depression.""",mostly-false,half-true,"['mostly-true', 'half-true', 'mostly-false']",3,True
"Says a Congressional Budget Office report found low-income seniors in Florida will face ""800 percent premium increases"" under the American Health Care Act.",half-true,false,"['mostly-false', 'false']",2,False
"""500,000 people have signed up for #Obamacare.""",half-true,mostly-true,"['true', 'mostly-true', 'half-true', 'mostly-false', 'false']",5,True
"""The fastest-growing part of the Pentagon’s budget are health care expenses.""",true,true,"['true', 'mostly-true']",2,True
"""Two million more people just dropped out of Obamacare. It is in a death spiral.""",mostly-false,false,"['mostly-false', 'false']",2,True
"Betty Sutton ""gutted Medicare by $500 billion"" with her vote for the president's health care bill.",mostly-false,mostly-false,"['mostly-true', 'half-true', 'mostly-false']",3,True
"Says he cured Charlie Sheen and the island of Comoros of HIV with ""milk from goats, which had arthritis.""",pants-fire,pants-fire,"['false', 'pants-fire']",2,True
"""Over the past decade, drug prices have risen at three times the rate of inflation.""",half-true,mostly-true,"['true', 'mostly-true']",2,False
"Attacks on Planned Parenthood ""come at a time when the poverty rate among women is the highest in nearly two decades and 1 in 5 women under 65 don’t have access to health care.""",mostly-true,mostly-true,['mostly-true'],1,True
"""Thirty percent of [Sheldon Whitehouse' campaign] money is coming from special interests.""",mostly-true,false,"['mostly-true', 'half-true', 'mostly-false', 'false']",4,True
"In the 1970s, ""the swine flu broke out . . . under another Democrat, President Jimmy Carter.""",pants-fire,pants-fire,['pants-fire'],1,True
"""Here in Wisconsin, prescription drug costs grew at a pace of nearly twice as much as the average Wisconsinite's income from 2015-2019.""",mostly-true,mostly-true,['mostly-true'],1,True
"Says Mandela Barnes ""supports stripping health care away from millions.""",false,false,"['mostly-false', 'false']",2,True
"Says his ""Act 10 reforms"" have ""saved the taxpayers some $3 billion.""",mostly-true,mostly-true,['mostly-true'],1,True
"""Even the (Congressional Budget Office) says if you lower Medicare to allow 50 year olds to get into it, you can not only save the government money, but you can lower premiums for all Americans.""",false,mostly-false,"['mostly-false', 'false']",2,True
“I have never sued a nun — any nuns.”,half-true,true,"['true', 'mostly-true', 'half-true']",3,True
"If the legislature refuses to expand Medicaid, ""27 states are going to get our money – Virginia taxpayer money – into their states to provide health care for their citizens, paid for by us.""",mostly-false,false,"['half-true', 'mostly-false', 'false']",3,True
"""We had an amendment in the health care law that said the federal government is going to take over education.""",false,false,['false'],1,True
"If the sequester hits, ""hundreds of thousands of Americans will lose access to primary care and preventive care like flu vaccinations and cancer screenings.""",half-true,mostly-true,"['true', 'mostly-true']",2,False
"Says the Washington Post fact-checked a charge he opposed pre-existing condition protections for health insurance ""and gave that Four Pinocchios.""",pants-fire,false,"['mostly-false', 'false']",2,False
"Says Joe Manchin displayed an ""unwillingness to change the failed Obamacare.""",half-true,false,"['mostly-true', 'half-true', 'mostly-false', 'false']",4,True
Says House Republicans spent $50 million on 33 votes to repeal Obamacare.,false,false,['false'],1,True
"""We don't need a separate (prescription drug) database ... Pharmacies already have a database in place.""",false,false,['false'],1,True
"The average person ""will pay $6,000 more a year"" under Rep. Paul Ryan's Medicare proposal.",true,true,['true'],1,True
"""Back when I was studying it, two out of three families that ended up in bankruptcy after a serious medical problem had health insurance.""",mostly-true,mostly-true,"['true', 'mostly-true']",2,True
"Says Bill Nelson ""cast the deciding vote for Obamacare cutting Medicare spending by $700 billion and letting an unelected board decide what gets covered here.""",mostly-false,false,"['mostly-false', 'false']",2,True
"Says Cathy Jordan was ""arrested"" and dragged out of her home by ""a SWAT team of hooligans"" for using medical marijuana.",mostly-false,false,"['mostly-false', 'false']",2,True
"""As governor of Florida, I used a combination of strategies to help reduce heroin use among youth in Florida by approximately 50 percent.""",half-true,mostly-true,"['mostly-true', 'half-true']",2,True
"Congress secured special Obamacare rules ""to prevent their healthcare costs from rising.""",half-true,half-true,['half-true'],1,True
"Among the money spent on health care in the United States, ""46 cents on every dollar spent is through Medicare and Medicaid.""",half-true,half-true,['half-true'],1,True
"Under Barack Obama's health care proposal, ""if you've got a health care plan that you like, you can keep it.""",true,true,['true'],1,True
"Texas “ranks 50th in baby wellness checks, ranks 50th in clinical care for infants, ranks 50th in uninsured women, ranks 43rd in maternal mortality, ranks 44th in school funding per child, and ranks 46th in child hunger.”",half-true,mostly-true,"['true', 'mostly-true']",2,False
"U.S. Rep. John Barrow’s plan ""puts the IRS in charge of your health care.""",mostly-false,mostly-false,"['mostly-false', 'false']",2,True
"""Every county in the state of Texas has a veterans court.""",false,false,['false'],1,True
"""This year, 97 Missouri counties have only one insurer participating in the Obamacare exchanges. Last year, every Missouri county had at least two insurance options. In addition, most Missourians will see an increase in their premiums, with some facing an increase upward of 40 percent""",half-true,mostly-true,"['true', 'mostly-true']",2,False
"A Medicaid provision added to the Senate health care reform bill ""is not a special deal for Nebraska.""",false,false,['false'],1,True
"If you're a small business and don't ""adopt the health care plan that Senator Obama mandates, he's going to fine you.""",false,false,['false'],1,True
"""Barack Hussein Obama will … force doctors to assist homosexuals in buying surrogate babies.""",pants-fire,pants-fire,['pants-fire'],1,True
“Small trials” to test convalescent plasma therapy for coronavirus patients “seem to have had some degree of success.”,true,true,"['true', 'mostly-true']",2,True
"When President Franklin D. Roosevelt started Social Security, ""it only affected widows and orphans,"" and when Medicare began, ""it was a small program.""",false,false,['false'],1,True
"Says it’s ""absurd"" to say there’s enough data to establish a link between playing football and Chronic Traumatic Encephalopathy.",pants-fire,false,"['mostly-true', 'half-true', 'mostly-false', 'false']",4,False
"Says Scott Walker's plan to replace Obamacare ""is a new entitlement"" program for ""every single American human being from the time they are born right up until they grow old and become eligible for Medicare.""",half-true,half-true,['half-true'],1,True
"The Democratic health care plan is a ""government takeover of our health programs.""",pants-fire,pants-fire,['pants-fire'],1,True
"Blue Cross’ new  $90-million Providence headquarters ""was outfitted with $25 million in  decor.""",pants-fire,pants-fire,"['false', 'pants-fire']",2,True
"Rhode Island gives undocumented pregnant women health insurance, plus a cash card ""with $400 a month on it"" and ""$250 a month or $275 a month to spend on food.""",mostly-false,mostly-false,"['mostly-false', 'false']",2,True
"""Kathleen Peters refuses to ‘take a stand’ to repeal Obamacare.""",mostly-false,true,"['true', 'mostly-true', 'half-true', 'mostly-false']",4,True
Says “black babies die at rates twice as high as white babies because of a lack of access to affordable health care.”,mostly-true,mostly-true,"['mostly-true', 'half-true', 'mostly-false']",3,True
"""We know that President Obama stole over $500 billion out of Medicare to switch it over to Obamacare.""",mostly-false,false,"['mostly-false', 'false']",2,True
"""National studies are already showing the negative effects that the health care law is having on businesses and our economy. Businesses across the country are raising their prices … (or) cutting jobs as a result of the added cost.""",false,mostly-false,"['mostly-false', 'false']",2,True
"""Expanding Medicaid will worsen health care options for the most vulnerable among us in Texas.""",false,false,"['mostly-false', 'false']",2,True
"""Massachusetts is reporting a trend far below the national trend in the escalation of health-care costs in this year.""",mostly-false,mostly-false,"['mostly-true', 'half-true', 'mostly-false', 'false']",4,True
"Obamacare ""is in a death spiral.""",false,false,"['mostly-true', 'half-true', 'mostly-false', 'false']",4,True
The federal health care law raises taxes and cuts Medicare.,mostly-true,mostly-false,"['mostly-true', 'half-true', 'mostly-false', 'false']",4,True
"Says North Carolinians are ""already paying for"" Medicaid expansion, even though the state hasn’t expanded Medicaid.",mostly-true,mostly-true,"['true', 'mostly-true', 'half-true']",3,True
"""Federal government reneging"" on Medicaid payments to Wisconsin caused about $240 million in extra costs in the 2013-’15 state budget.",false,false,['false'],1,True
"""The IRS will have the ability potentially"" to deny or delay health care.",mostly-false,mostly-false,"['half-true', 'mostly-false', 'false']",3,True
"A report from the nonpartisan Congressional Budget Office ""confirms that the American Health Care Act will lower premiums.""",half-true,half-true,['half-true'],1,True
"Just 6 percent of Americans say Russia is the country’s most important issue, yet the story receives ""75 percent of the coverage"" in the media.",mostly-false,false,"['mostly-false', 'false']",2,True
"Speaking of an HIV outbreak in Indiana during his time as governor, says “we immediately deployed health resources.”",half-true,mostly-false,"['half-true', 'mostly-false', 'false']",3,True
"In a ""sweetheart deal … members of Congress, thanks to the Obama administration, are going to be the only people in America to get subsidies in the Obamacare exchanges.""",pants-fire,false,"['mostly-false', 'false']",2,False
"""Our new (health care) plans are up to 60% less expensive and better"" than Obamacare.",mostly-false,mostly-false,"['mostly-false', 'false']",2,True
"Obamacare ""prevents (Florida) from regulating insurance.""",pants-fire,false,"['mostly-false', 'false']",2,False
"""If you’re getting your insurance through (your employer), nothing changes"" under Trumpcare.",half-true,false,"['mostly-false', 'false']",2,False
"""I don't know who (Jonathan Gruber) is.""",false,false,['false'],1,True
"""Americans increasingly want (the Affordable Care Act) to be repealed.""",mostly-false,mostly-false,"['mostly-true', 'half-true', 'mostly-false', 'false']",4,True
"Says the national health care law puts federal ""bureaucrats between an American citizen and her doctor.""",false,false,"['mostly-false', 'false']",2,True
"Says as a Schedule 1 drug, marijuana carries a designation that means it ""should not be researched""",mostly-false,mostly-false,"['mostly-false', 'false']",2,True
"""You’re paying for...(state Sen. Diane Allen’s) health care, and she took yours away.""",mostly-false,mostly-false,"['half-true', 'mostly-false', 'false']",3,True
"""Over 300K home owner suicides attributed to foreclosures.""",pants-fire,false,['false'],1,False
"""Diane Black voted to fund Obamacare.""",false,false,"['true', 'mostly-true', 'half-true', 'mostly-false', 'false']",5,True
"""A shocking 20 veterans are committing suicide each and every day, especially our older veterans.""",true,mostly-true,"['true', 'mostly-true']",2,True
"Under a proposal by Rep. Paul Ryan, people on Medicare will only have $15,000 from the federal government to spend on their health care.",false,false,"['mostly-true', 'half-true', 'mostly-false', 'false']",4,True
Says his policy is that “health insurance should always cover preexisting conditions. For anyone. Period.”,false,false,"['mostly-false', 'false']",2,True
"In the Affordable Care Act, Democrats ""cut $500 billion from Medicare"" and ""put in place the Independent Payment Advisory Board, 15 unelected bureaucrats, which will be making decisions about health care for our seniors and for all Americans.""",mostly-false,half-true,['half-true'],1,False
"""Nobody dies because they don’t have access to health care.""",pants-fire,false,['false'],1,False
"""Liberal Democrats"" who back Dan McCready ""cut $716 BILLION from Medicare to fund their healthcare scheme: Obamacare.""",mostly-false,false,['false'],1,False
"Says Scott Walker's defunding of Planned Parenthood ""left women across the state stranded with nowhere else to turn"" for cancer screenings, breast exams and birth control.",half-true,half-true,['half-true'],1,True
"Says Joni Ernst ""claims she ‘pushed for’ new funding for hospitals and COVID-19 testing after opposing It for weeks.”",half-true,mostly-true,"['true', 'mostly-true', 'half-true', 'mostly-false']",4,True
"""Drug prices in this country actually came down last year for the first time in 50 years. That’s because Donald Trump’s president.""",mostly-false,false,"['mostly-false', 'false']",2,True
"Says the word ""Dhimmitude"" is on page 107 of the health care law and means ""Muslims are specifically exempted from the government mandate to purchase insurance.""",pants-fire,pants-fire,['pants-fire'],1,True
"Says Walker ""wants to get rid of"" students’ ability to stay on their parents’ health insurance.",false,false,['false'],1,True
"In New York state, ""you cannot charge an older person even one dollar more than a younger person"" for health insurance.",true,false,"['true', 'mostly-true', 'half-true', 'mostly-false', 'false']",5,True
"""One-third of the health care dollar goes to no such thing as health care; it goes to the insurance companies.""",false,false,['false'],1,True
"Heroin and prescription opioids are ""the number one cause of accidental or preventable death in Wisconsin.""",false,false,['false'],1,True
"Democrats pledged to ""force all North Carolinians into a single-payer health insurance scheme"" that would cost $72 billion.",false,false,"['mostly-false', 'false']",2,True
"""95% of over-the-counter pharmaceuticals"" in the U.S. come from China.",false,false,['false'],1,True
"""Seniors will see $500 billion in Medicare cuts to fund Obamacare.""",mostly-false,mostly-false,"['mostly-false', 'false']",2,True
Most state employees could pay twice as much toward their health care premiums and it would still be half the national average,true,true,['true'],1,True
"Says four Democratic state senators voted to ""raise taxes on Wisconsin workers by another $510 a month so freeloaders can get free state-run health care.""",half-true,half-true,['half-true'],1,True
"""We now have about one-third of New York’s population on Medicaid.""",true,true,['true'],1,True
"A Koch brothers group is ""going to college campuses, giving away free booze to try to bribe young folks out of getting health insurance.""",half-true,mostly-false,"['half-true', 'mostly-false', 'false']",3,True
"""The reality is, with a $2 trillion-a-year health care budget, we're spending more on health care, nearly 17 percent of our gross domestic product, versus 3.8 percent of GDP on the entire military budget.""",mostly-false,mostly-false,['mostly-false'],1,True
"""I've always voted for keeping the government open. I’ve never cast a vote to shut down the government.""",mostly-false,false,"['mostly-false', 'false']",2,True
"Under Obamacare, ""premiums have doubled and tripled"" in Wisconsin.",mostly-true,mostly-true,['mostly-true'],1,True
"""At (Mike Braun’s) company, the deductible on his health care is $10,000.""",mostly-true,true,"['true', 'mostly-true', 'half-true']",3,True
"Says that in 2001, Rick Perry spoke favorably of binational health insurance between Mexico and Texas.",half-true,true,"['true', 'mostly-true', 'half-true']",3,True
"Ken ""Block supports Obamacare.""",pants-fire,false,"['mostly-false', 'false']",2,False
"Under the Graham-Cassidy health insurance bill, in ""states like Maine, Virginia, Florida, Missouri, there will be billions more dollars to provide health insurance coverage for those in those states who have been passed by by Obamacare.""",mostly-false,false,"['mostly-false', 'false']",2,True
"In Cover Florida ""thousands already enrolled and climbing.""",half-true,half-true,['half-true'],1,True
"Under the Affordable Care Act, ""some people were gaming the system"" by paying ""for nine months of insurance, get 12 -- the other three for free.""",mostly-false,false,"['half-true', 'mostly-false', 'false']",3,True
"Warren Buffett recently said ""Scrap Obamacare and Start All Over.""",pants-fire,false,"['mostly-false', 'false']",2,False
"Barack Obama's plan calls for ""mandates and fines for small businesses.""",false,false,['false'],1,True
"""Most people on Medicaid are kids, or seniors, or the disabled.""",mostly-true,true,"['true', 'mostly-true']",2,True
"""What does Trumpcare do? Yank tax credits away from veterans unlike any other American.""",half-true,mostly-false,"['mostly-true', 'half-true', 'mostly-false', 'false']",4,True
"“324,000 pregnant people experience domestic violence during their pregnancy.”",true,true,"['true', 'mostly-true']",2,True
"""Scientists tell us that we could have a cure in 10 years for Alzheimer's"" were it not for ""overzealous regulators, excessive taxation and greedy litigators.""",pants-fire,false,"['mostly-false', 'false']",2,False
"""Donald Trump and Hillary Clinton and Bernie Sanders have the identical position on health care, which is they want to put the government in charge of you and your doctor.""",false,false,"['mostly-false', 'false']",2,True
"Gov. Lincoln Chafee has imposed ""a mandatory abortion fee"" on all Rhode Islanders who buy health insurance through the state’s Obamacare exchange.",half-true,false,"['mostly-false', 'false']",2,False
"In the House bill, “we’re not changing Medicaid,” only cutting “waste, fraud and abuse.”",false,false,"['mostly-false', 'false']",2,True
"""After Texas cut"" its ""two-year family planning budget by $73 million, one in four clinics closed their doors.""",mostly-true,mostly-true,"['true', 'mostly-true']",2,True
"Says ""Mike DeWine wanted to allow insurance companies to refuse to pay for pre-existing conditions.""",half-true,mostly-false,"['mostly-true', 'half-true', 'mostly-false', 'false']",4,True
"""Elizabeth Warren doesn't think Obamacare goes far enough: ‘The next step is single payer.' Does Sen. Nelson agree? He has in the past ... Sen. Nelson votes with Warren 90 percent of the time.""",mostly-false,mostly-false,"['mostly-true', 'half-true', 'mostly-false', 'false']",4,True
"Says U.S. Rep. Mimi Walters ""took $213,000 from insurance interests"" and that she supported a plan that ""strips protections for people with pre-existing conditions and slaps an age tax on older Californians.""",half-true,mostly-false,"['mostly-true', 'half-true', 'mostly-false']",3,True
"President Barack Obama is ""ending Medicare as we know it.""",pants-fire,pants-fire,"['false', 'pants-fire']",2,True
"""Every other democracy in the world has a health care system that covers everybody, and we don't.""",false,false,['false'],1,True
"Says he ""led the effort to build a new (University of Wisconsin-Milwaukee) engineering campus in Wauwatosa.""",false,false,['false'],1,True
"Says President Barack Obama initially said the national health-care mandate isn't a tax, but his administration now says it is a tax.",mostly-true,mostly-true,"['mostly-true', 'half-true']",2,True
"Says Mitt Romney wants to ""get rid of Planned Parenthood.""",mostly-false,mostly-false,"['mostly-false', 'false']",2,True
"""Each vegan spares more than 100 animals every year.""",mostly-false,mostly-true,"['mostly-true', 'half-true']",2,False
"Says President Obama and his allies in Congress gave ""power"" to control Medicare patients’ health care decisions to ""a commission of 15 unelected bureaucrats in Washington.""",false,false,"['mostly-false', 'false']",2,True
"""HIV/AIDS among women is skyrocketing in Austin.""",false,false,"['mostly-false', 'false']",2,True
“Jen Kiggans’ campaign confirmed today that she would support a national abortion ban.”,half-true,false,"['half-true', 'mostly-false', 'false']",3,True
"President Obama plans to ""impose a tax of at least 23 percent on the Medicare prescription drug benefit for low-income beneficiaries.""",false,false,"['mostly-false', 'false']",2,True
"Texas ""spent close to a third of its budget on Medicaid last year, a third of all state spending.""",mostly-true,mostly-true,"['mostly-true', 'half-true', 'mostly-false', 'false']",4,True
"Says IBM leader told Obama that using IBM technology to cut fraud could ""pay for"" health care reform.",half-true,false,"['true', 'mostly-true', 'half-true', 'mostly-false', 'false']",5,True
"""We’ve saved over $100 million of (health care) costs"" in Milwaukee County. ""I did that.""",mostly-true,mostly-true,['mostly-true'],1,True
"John Adcock and Republicans’ plan for health care ""would get rid of coverage altogether for thousands of families and raise premiums on the rest of us.""",false,mostly-false,"['half-true', 'mostly-false', 'false']",3,True
"""FACT: Nothing in #Obamacare forces people out of their health plans.""",false,false,"['mostly-false', 'false']",2,True
Guantanamo Bay detainees will get the H1N1 vaccine.,true,true,['true'],1,True
"""California, New York and Massachusetts, they represent about 20 percent of the population, they get close to 36 percent of Obamacare funding. It's just simply inequitable.""",mostly-false,mostly-false,['mostly-false'],1,True
"The health care reform bill ""would make it mandatory — absolutely require — that every five years people in Medicare have a required counseling session that will tell them how to end their life sooner.""",pants-fire,false,"['mostly-false', 'false']",2,False
"Under a public health care option, 120 million Americans will ""lose what they now get from private companies and be forced onto the government-run rolls as businesses decide it is more cost-effective for them to drop coverage.""",false,false,['false'],1,True
"""If your plan is the result of collective bargaining, no subsequent changes by anybody -- insurance companies, Obamacare -- can force your grandfathered policy to change.""",mostly-false,false,"['half-true', 'mostly-false', 'false']",3,True
"McCain ""said he was 'stumped' when asked whether contraceptives help stop the spread of HIV.""",true,true,['true'],1,True
"Says Obama called Medicaid ""broken"" four years ago.",mostly-true,true,"['true', 'mostly-true', 'half-true', 'mostly-false']",4,True
"People with insurance through the Affordable Care Act will see a “75% increase in premiums starting Nov. 1” if enhanced subsidies are not extended, including “twice as much in the rural areas.”",mostly-true,mostly-true,"['mostly-true', 'half-true', 'mostly-false']",3,True
“Big drug companies charge as little as $7 for an inhaler overseas and nearly $500 for the exact same one here in the US.”,mostly-true,true,"['true', 'mostly-true']",2,True
"Says she ""brought together business, labor and hospitals to give 94,000 Oregon children health care.""",mostly-true,mostly-true,['mostly-true'],1,True
Donald Trump wants to terminate the Affordable Care Act.,half-true,false,"['true', 'mostly-true', 'half-true', 'mostly-false', 'false']",5,True
"""ObamaCare enrollment lie: Obama counts an enrollee as a web user putting a plan in ‘their online shopping carts.’""",false,mostly-false,"['mostly-true', 'half-true', 'mostly-false', 'false']",4,True
"""Last year, I stopped an Obamacare bailout and saved taxpayers $2.5 billion.""",mostly-false,false,"['mostly-true', 'half-true', 'mostly-false', 'false']",4,True
"""Hospitals have already begun layoffs, a direct result of Republican inaction"" on Medicaid expansion.",half-true,mostly-false,"['mostly-true', 'half-true', 'mostly-false']",3,True
"""The Obama administration ... would impose on every Catholic institution, every Jewish institution, every Protestant institution the Obamacare standard of what you have to buy as insurance.""",mostly-false,mostly-false,"['mostly-false', 'false']",2,True
"""70 percent of Americans believe in improved and expanded Medicare for All.""",half-true,mostly-true,"['mostly-true', 'half-true', 'mostly-false']",3,True
"""Obamacare … means that for up to 20 million Americans, they will lose the insurance they currently have, the insurance that they like and they want to keep.""",false,false,"['mostly-false', 'false']",2,True
"Says Bruce Poliquin ""voted to strip 117,000 Mainers of their insurance.""",half-true,mostly-false,"['mostly-true', 'half-true', 'mostly-false', 'false']",4,True
"Says Steve Chabot ""voted to strip insurance protections for pre-existing conditions.""",mostly-true,mostly-true,"['true', 'mostly-true', 'half-true', 'mostly-false']",4,True
"Says it’s a ""statistical reality that most single moms are very poor, under-educated, can't get a job, and if it weren't for government assistance, their kids would be starving to death.""",mostly-false,mostly-false,"['mostly-false', 'false']",2,True
"""In some states, it is still legal to deny a woman coverage because she's been the victim of domestic violence.""",true,true,['true'],1,True
"""Male birth control testing stopped after men’s testicles start exploding in India.""",pants-fire,pants-fire,['pants-fire'],1,True
"Paul Ryan’s Medicare plan ""could raise future retirees’ costs more than $6,000.""",half-true,mostly-true,"['true', 'mostly-true', 'half-true', 'mostly-false', 'false']",5,True
"""Two thirds to three quarters of people without [health] insurance in Rhode Island work.""",half-true,mostly-true,"['mostly-true', 'half-true', 'mostly-false']",3,True
"Says President Donald Trump’s fiscal year 2020 budget ""slashes investments in health care to pay for tax cuts to billionaires.""",half-true,mostly-false,"['mostly-true', 'half-true', 'mostly-false', 'false']",4,True
"Obamacare provision will allow ""forced home inspections"" by government agents.",pants-fire,false,['false'],1,False
"""You’re in danger” because the American Red Cross doesn’t label blood donations from donors vaccinated against COVID-19.",false,false,['false'],1,True
"Says Lamar Smith ""sponsored the bill that funded Obamacare.""",false,false,"['half-true', 'mostly-false', 'false']",3,True
"When the Milwaukee County mental health facility is full, ""cops sit out there in their squad cars with a mentally ill patient""  and sometimes ""spend an entire shift out there doing that.""",false,false,['false'],1,True
"""More than 30 cents of every state tax dollar goes to Medicaid.""",true,mostly-true,"['true', 'mostly-true', 'half-true']",3,True
"The health care reform bill ""is the largest tax increase in U.S. history.""",false,false,['false'],1,True
"The budget hole in Bernie Sanders’ plans “is bigger than the size of the entire economy of the United States.""",half-true,mostly-false,"['mostly-true', 'half-true', 'mostly-false']",3,True
"""Probably less than 4 percent"" of Wisconsin residents ""are enjoying the subsidies"" from Obamacare.",true,true,['true'],1,True
"""In the health care bill, we're now offering insurance for dogs.""",pants-fire,pants-fire,['pants-fire'],1,True
"""Amy, I looked online at your (health care) plan. It’s two paragraphs.""",false,mostly-true,"['true', 'mostly-true', 'half-true', 'mostly-false']",4,False
"“When I worked on the Affordable Care Act, I wrote the amendment that allows all young people to stay on their parents’ health insurance until they turn 26. Overnight, millions of young Americans got health care.”",mostly-true,mostly-true,"['true', 'mostly-true']",2,True
"A study says Massachusetts has lost 18,000 jobs because residents were required to obtain health insurance under an act signed into law by Mitt Romney.",mostly-false,mostly-false,"['half-true', 'mostly-false', 'false']",3,True
"""The No. 1 issue that the American people care about is getting America back to work.""",true,true,['true'],1,True
"The Democrats' health care bill ""gives a new Health Choices Commissioner the right to look at an individual's tax return to determine what medical benefits or subsidies that person qualifies for.""",half-true,half-true,['half-true'],1,True
"""Nearly 60 percent of women who use birth control do so for more than just family planning.""",mostly-true,mostly-true,"['true', 'mostly-true']",2,True
"""Every year in the United States between 3,000 and 4,500 severe vaccine reactions are reported to the Centers for Disease Control. Not mild reactions. Severe reactions that land somebody in the hospital, the intensive care unit or cause a permanent disability or death.""",mostly-false,mostly-false,"['mostly-true', 'half-true', 'mostly-false', 'false']",4,True
"""There are still more people uninsured today than when Obama was elected president.""",half-true,half-true,['half-true'],1,True
Federal health care reforms amounted to ‘the government takeover of health care.’,pants-fire,pants-fire,['pants-fire'],1,True
"""Health care mandate will require imprisonment and fines for Americans who can’t afford to purchase insurance or pay hefty government penalties.""",mostly-false,mostly-false,"['mostly-false', 'false']",2,True
"Sen. Sherrod Brown’s vote helped pass ""Barack Obama’s job-killing health care law, which slapped small businesses throughout Ohio with a $500 billion tax increase.""",pants-fire,pants-fire,['pants-fire'],1,True
"""The insurance commissioner can’t do squat about health care.""",mostly-true,mostly-true,"['mostly-true', 'half-true', 'mostly-false']",3,True
"New federal projections estimate that the health care overhaul ""will cost $1.76 trillion over 10 years -- well above the $940 billion Democrats originally claimed.""",false,false,['false'],1,True
"Says that under Mitt Romney, 89 million Americans could be denied coverage if they have a pre-existing condition.",half-true,mostly-false,"['mostly-true', 'half-true', 'mostly-false', 'false']",4,True
"""20 million people could lose their current coverage"" … ""including our senior citizens who are on Medicare.""",pants-fire,false,"['mostly-false', 'false']",2,False
"Says 3.5 million U.S. citizens lost their employer-tied health insurance in March, while zero lost their coverage in 20 other large nations combined.",mostly-true,mostly-true,"['true', 'mostly-true']",2,True
"The health care law imposes a federal mandate requiring middle-class Americans to buy health insurance ""whether they can afford it or not.""",mostly-false,mostly-false,"['mostly-false', 'false']",2,True
"""The average family in America forks over more of their hard-earned income to their local hospital than to the IRS.”",true,true,"['true', 'mostly-true']",2,True
Kamala Harris “wants to forcibly compel doctors and nurses against their will to give chemical castration drugs to young children.”,false,false,"['false', 'pants-fire']",2,True
"""In 45 out of 50 states, on average men are seeing their premiums double, going up 99 percent. Women up 62 percent.""",mostly-false,false,"['mostly-false', 'false']",2,True
"Says a man opted out of Obamacare after the marketplace launched on Oct. 1, 2013, and was informed he owed a $4,000 fine.",pants-fire,false,['false'],1,False
"""We have a host of issues associated with high B.M.I.s. But correlation doesn’t prove causation, and there’s a significant body of research showing that weight stigma and weight cycling can explain most if not all of the associations we see between higher weights and poor health outcomes.""",mostly-false,true,"['true', 'mostly-true']",2,False
"The federal health care law is ""probably the biggest tax increase ever in the history of our country.""",false,false,['false'],1,True
"Four million more people live in Florida, but New York gets $20 billion more for Medicaid, because it covers illegal immigrants and adults without chronic illness.",mostly-false,false,"['mostly-false', 'false']",2,True
"Says Leah Vukmir was ""just about the only legislator who stood with the insurance companies"" and ""voted against oral chemotherapy.""",mostly-true,mostly-true,['mostly-true'],1,True
"""We spent twice as much per capita for health care in this country as the next closest nation.""",mostly-false,mostly-false,"['mostly-true', 'half-true', 'mostly-false', 'false']",4,True
Insurance companies and Washington bureaucrats “are working together to swipe $500 billion from Medicare to pay for Pelosi and Schumer’s out-of-control spending spree.”,false,false,"['mostly-false', 'false']",2,True
"""I do provide universal health care.""",mostly-false,mostly-false,"['mostly-false', 'false']",2,True
"""Oregon is the only state out of the 50 states in the USA that continues to pay 100% of the medical benefits for its employees and their families.""",false,false,['false'],1,True
Says Charlie Crist could have expanded Medicaid after the health care law passed but didn't.,mostly-false,half-true,"['mostly-true', 'half-true', 'mostly-false']",3,True
"U.S. Rep. Alan Grayson ""compared a former vice president to a vampire ... and compared America's health care system to the Holocaust.""",mostly-true,mostly-true,['mostly-true'],1,True
The Senate health care bill is longer than Tolstoy's 'War and Peace.',mostly-false,mostly-false,"['half-true', 'mostly-false', 'false']",3,True
"Obama says his health care plan is ""universal.""",mostly-false,mostly-false,"['mostly-true', 'half-true', 'mostly-false']",3,True
"""There’s 400 more people working in health care today in New Hampshire than when we passed the budget.""",false,false,"['mostly-false', 'false']",2,True
"Says Scott Walker ""said that forcing women facing abortion to get invasive ultrasounds was 'just a cool thing.'""",mostly-false,mostly-false,['mostly-false'],1,True
"Says the individual mandate is ""highly unpopular.""",half-true,mostly-true,"['true', 'mostly-true', 'half-true', 'mostly-false']",4,True
"Says Ohio U.S. Rep. Steve Chabot ""voted to cut health care for kids, affecting up to half the families at Cincinnati’s own Children’s Hospital.""",half-true,mostly-false,"['half-true', 'mostly-false', 'false']",3,True
"""Boston Children’s Hospital is now offering 'gender-affirming hysterectomies' for young girls.""",false,false,"['mostly-false', 'false']",2,True
"U.S. Rep. John Barrow of Georgia has helped support the implementation of ""Obamacare.""",mostly-false,mostly-false,"['mostly-false', 'false']",2,True
"Says opponent Mary Burke says she ""supports Obamacare unequivocally and wants to expand it.""",half-true,half-true,['half-true'],1,True
"Says Rep. Martha McSally ""has repeatedly tried to limit women’s access to birth control, and she even cosponsored a bill to make contraception more expensive for women.""",half-true,mostly-false,"['mostly-true', 'half-true', 'mostly-false']",3,True
"""53 percent of Americans cut back on their health care in the last year because of costs.""",half-true,half-true,['half-true'],1,True
"""Texas has the highest rate of uninsured in the nation. ... And there are more uninsured children in Texas than in any other state.""",true,mostly-true,"['true', 'mostly-true', 'half-true']",3,True
"""I never was in favor of shutting down the government. … (I) voted to fund the government fully.""",mostly-false,false,"['mostly-false', 'false']",2,True
"“You know what’s in this bill? No medical malpractice suits until 2024, even if they’re not COVID related.”",mostly-false,false,"['mostly-false', 'false']",2,True
"“As of the last 24 hours this is the protocol regarding masks: Masks should only be used by healthcare workers, caretakers or by people who are sick with symptoms like fever and cough.”",false,false,['false'],1,True
"""In Wisconsin, only half of all the adults with serious psychological distress received mental health treatment or medication.""",mostly-true,mostly-true,['mostly-true'],1,True
"Says President Barack Obama’s health care law is ""expected to destroy 2.3 million jobs.""",mostly-false,false,"['mostly-false', 'false']",2,True
"""We now have driven (health care) costs down to the lowest they've been in 50 years.""",false,false,"['mostly-false', 'false']",2,True
"Sheldon Whitehouse voted for a ""$525-billion tax increase on the middle class.""",pants-fire,false,"['mostly-false', 'false']",2,False
"A ""massive"" federal computer network will make your medical records available to ""millions of people"" with a ""complete lack of privacy and confidentiality,"" while doctors and hospitals who don't take part face ""stiff penalties.""",mostly-false,mostly-false,"['mostly-true', 'half-true', 'mostly-false']",3,True
Florida will be the “hardest hit” state in the country if enhanced Affordable Care Act subsidies expire.,mostly-true,mostly-true,"['true', 'mostly-true']",2,True
"""83% of doctors have considered leaving the profession because of #Obamacare.""",false,mostly-false,"['mostly-false', 'false']",2,True
"In 1993, Newt Gingrich ""first advocated for the individual mandate in health care. And as recently as May of this year, he was still advocating"" for it.",mostly-true,mostly-false,"['half-true', 'mostly-false', 'false']",3,False
"""The Republicans have demanded deep cuts in education. They've demanded cuts in cancer research and other research to find cures and treatments to diseases.""",mostly-true,mostly-true,['mostly-true'],1,True
"Says Dave Brat ""voted against protecting pre-existing conditions.""",half-true,mostly-true,"['true', 'mostly-true', 'half-true', 'mostly-false']",4,True
"""The primary financing mechanism of the Affordable Care Act is a tax on wealthy people.""",half-true,mostly-true,"['mostly-true', 'half-true', 'mostly-false']",3,True
The Inflation Reduction Act expanded free health insurance to Americans under 65.,false,false,['false'],1,True
"""The fact is that right now the vast majority of Democrats do not support Medicare for All.""",mostly-false,false,"['mostly-true', 'half-true', 'mostly-false', 'false']",4,True
"""Nothing in any of the Democrat bills would require individuals to verify their citizenship or identity prior to receiving taxpayer-subsidized benefits.""",half-true,half-true,['half-true'],1,True
"""If you like your health care plan, you can keep your health care plan.""",half-true,half-true,['half-true'],1,True
"Says ""under Oregon law, girls from 15 years of age and up are given complete control over whether to be sterilized or not.""",false,false,['false'],1,True
"In 2007, Ed Gillespie ""was paid $300,000 to be the frontman for a coalition that made the individual mandate the centerpiece of its health reform plan.""",mostly-false,true,"['true', 'mostly-true', 'half-true', 'mostly-false']",4,True
"""New Jersey's poverty rate has increased since this governor took office and the number of New Jerseyans without health insurance has risen.""",half-true,true,"['true', 'mostly-true']",2,False
"""We essentially repealed Obamacare because we got rid of the individual mandate ... and that was a primary source of funding of Obamacare.""",false,false,"['mostly-false', 'false']",2,True
"The ""Health Care Compact bill would end Medicare's guaranteed benefit for Tennessee's Medicare recipients and shift management of the federal health care plan to the state's TennCare program.""",false,false,['false'],1,True
"Obama's plan for health care reform ""ends exorbitant out-of-pocket expenses, deductibles or co-pays.""",mostly-true,mostly-true,['mostly-true'],1,True
"""In many instances, (people's) health care costs are more than their mortgage costs or their rent, which, by the way, is a first in American history.""",mostly-false,false,"['mostly-true', 'half-true', 'mostly-false', 'false']",4,True
"""Bill Nelson was the deciding vote"" on the health care law.",mostly-false,false,"['mostly-false', 'false']",2,True
"The GOP’s health bill will protect people with pre-existing conditions ""every bit as well as Obamacare did.""",false,false,['false'],1,True
"""The CDC issued a report commissioned by President Obama just earlier this year, and it found some very inconvenient facts. Armed citizens are less likely harmed by attackers. Effectiveness of gun control laws is mixed. Gun buybacks don't work.""",half-true,true,"['true', 'mostly-true']",2,False
"The health bill's plan for comparative effectiveness research ""would be used by the government to ration care.""",false,false,"['mostly-true', 'half-true', 'mostly-false', 'false']",4,True
"""Explosive growth in Medicare"" is the reason federal deficit spending is predicted to top $1 trillion again after falling to $600 billion annually.",half-true,half-true,['half-true'],1,True
"Dan Helmer ""believes in abolishing our private insurance system.""",mostly-false,false,"['mostly-true', 'half-true', 'mostly-false', 'false']",4,True
“Wisconsin is one of the nine states with the highest rate of infection per capita.”,mostly-true,mostly-true,"['mostly-true', 'half-true', 'mostly-false']",3,True
"""Nearly 20 million Americans ... have gained health insurance since (the Affordable Care Act) passed in 2010.""",mostly-true,mostly-true,"['true', 'mostly-true']",2,True
"With Medicare for All, ""study after study has shown that ... the average middle-class families will save $3,000 each and every year on their health care bills.""",mostly-false,mostly-false,"['mostly-false', 'false']",2,True
"Under the health care law, ""everybody will have lower rates, better quality care and better access.""",false,mostly-true,"['mostly-true', 'half-true', 'mostly-false', 'false']",4,True
"""In Rick Perry’s Texas, we import nurses ... from other countries.""",half-true,half-true,['half-true'],1,True
"Says Donald Trump’s health care policies have ""left millions more Americans uninsured since he took office.""",half-true,mostly-true,"['true', 'mostly-true']",2,False
Sen. Mark Kelly “voted to legalize abortion up until the moment of birth.”,mostly-false,false,"['mostly-false', 'false']",2,True
"Says ""Scott Walker favors cutting up to 350,000 families and children off health care.""",half-true,half-true,['half-true'],1,True
"Homosexual behavior ""cuts your life by about 20 years.""",false,false,"['false', 'pants-fire']",2,True
"The measles vaccine has killed 108 people in the last decade, while no one has died of measles.",false,false,['false'],1,True
"Says abortion doctors are ""flying into this state, performing abortions and flying out.""",false,false,"['mostly-false', 'false']",2,True
"""Obamacare has caused millions of full-time jobs to become part-time.""",half-true,mostly-false,"['mostly-false', 'false']",2,False
"""Did you know under President Obama family health care premiums have increased $4,154 on the average?""",mostly-false,false,"['mostly-false', 'false']",2,True
"""Americans will get $1.1 B in rebates from health insurance companies this year cuz of a provision I wrote in the ACA.”",mostly-true,true,"['true', 'mostly-true']",2,True
New provisions of the health care law bar the use of flexible spending accounts and health savings accounts to pay for aspirin and other non-prescription health needs.,true,true,['true'],1,True
"Under the House health care bill, Medicaid spending ""actually goes up 20 percent over the next 10 years.""",half-true,false,"['mostly-false', 'false']",2,False
"During the 2005 fight over Social Security, ""there were noisy demonstrations — but they were outside the events,"" and opponents were ""not disruptive — crowds booed lines they didn’t like, but that was about it.""",false,false,"['half-true', 'mostly-false', 'false']",3,True
"Says the health care reform bill was paid for, in part, by taking money from students and the student loan system.",half-true,half-true,['half-true'],1,True
"""Rick Scott vetoed funding for 30 Florida rape crisis centers. Scott said the centers weren’t needed.""",mostly-false,mostly-true,"['true', 'mostly-true', 'half-true', 'mostly-false', 'false']",5,True
Says Republican lawmakers delayed COVID-19 testing,mostly-false,false,"['mostly-false', 'false']",2,True
"President Barack Obama’s health care reform ""slashed $500 billion from Medicare.""",mostly-false,mostly-false,['mostly-false'],1,True
"“According to the Congressional Budget Office,” the Inflation Reduction Act “will save the federal government $160 billion over the next 10 years because Medicare will be paying less for the prescription drugs they’re making available to seniors.”",mostly-true,mostly-true,"['true', 'mostly-true', 'half-true']",3,True
"Under the Democratic health plan, families ""will be forced to spend an additional $2,100 a year to keep their current health care.""",mostly-false,mostly-false,['mostly-false'],1,True
"Obamacare-caused paperwork will annually absorb 190 million hours or more--and Mount Rushmore could be built 1,547 times over ""with the paperwork.""",mostly-false,false,"['mostly-true', 'half-true', 'mostly-false', 'false', 'pants-fire']",5,True
"""Every survey shows strong satisfaction with private coverage.""",half-true,half-true,"['mostly-true', 'half-true']",2,True
Said his mother had to fight with health insurance companies for treatment because of a pre-existing condition.,mostly-false,mostly-false,"['mostly-true', 'half-true', 'mostly-false']",3,True
"Health insurance premiums ""have almost doubled ... since 2000.""",true,true,"['true', 'mostly-true']",2,True
“Donald Trump said he was going to allow Medicare to negotiate drug prices. He never did. We did.”,true,true,"['true', 'mostly-true']",2,True
"""Senator McCain would pay for part of his (health care) plan by making drastic cuts in Medicare — $882-billion worth.""",false,false,['false'],1,True
"As California's Insurance Commissioner, ""Steve Poizner pledged to block immigrant children from ever getting MediCal health insurance.""",half-true,false,"['mostly-false', 'false']",2,False
"A national poll found that among people who oppose the Democratic health care reform bill, ""almost 40 percent"" opposed it not because it goes too far, but because ""they don’t think it goes far enough. ... They will not be unhappy when we pass health care reform.""",half-true,half-true,['half-true'],1,True
"""Only 14 percent of Americans were able to keep these individual market plans for two years"" before Obamacare became law.",half-true,mostly-true,"['true', 'mostly-true', 'half-true']",3,True
"A study showed that President Barack Obama’s health-care reforms will ""devastate Wisconsin"" by pushing people off employer-sponsored insurance, driving up premiums, increasing dependency and making 122,000 people ineligible for Medicaid.",false,false,['false'],1,True
Missouri’s attorney general has a website “where people can report trans individuals and the people who help them.”,mostly-true,false,"['mostly-true', 'half-true', 'mostly-false', 'false']",4,True
"Obamacare is ""one big fat VA system.""",pants-fire,false,"['mostly-false', 'false']",2,False
"""The health insurance plan that (members of Congress) have is no different than any other federal employee's in the United States government.""",true,mostly-true,"['true', 'mostly-true', 'half-true', 'mostly-false']",4,True
“We cut the federal deficit by $160 billion because Medicare will no longer have to pay those exorbitant prices to Big Pharma.”,half-true,false,"['mostly-true', 'half-true', 'mostly-false', 'false']",4,True
"“Vice President, Kamala Harris cast the tie-breaking vote to cut, as you know, Medicare by $273 billion. She cast a vote to cut Medicare.”",false,false,"['mostly-false', 'false']",2,True
"Flu shot ingredients include aborted human cell cultures, monkey kidney cells and antifreeze.",false,false,['false'],1,True
"Says Joe Sestak ""voted to gut Medicare ... reducing benefits for 854,489 seniors"" and jeopardizing ""access to care for millions.""",mostly-false,mostly-false,['mostly-false'],1,True
"The WIC program ""is an incredibly cost effective program, serving nearly 10 million Americans each year and costing less than $100 per person. In my district, more than 18 percent of residents suffer from food insecurity and depend on WIC to make ends meet.""",pants-fire,mostly-false,"['mostly-true', 'half-true', 'mostly-false', 'false']",4,False
"Says President Barack Obama ""has amended, delayed, or repealed 19 components of his very own (health care) law.""",half-true,mostly-true,"['true', 'mostly-true', 'half-true', 'mostly-false', 'false']",5,True
"""By the year 2015 (Medicaid will) take up half our budget.""",mostly-false,mostly-false,"['mostly-false', 'false']",2,True
"Says ""by reducing chronic health care costs in the State of Georgia, we can reduce the $32.8 billion lost each year due to lack of productivity and economic costs.""",mostly-true,mostly-true,['mostly-true'],1,True
"""Under the president's plan, he cuts Medicare by $716 billion, takes that money out of the Medicare trust fund and uses it to pay for Obamacare.""",half-true,mostly-false,"['mostly-true', 'half-true', 'mostly-false']",3,True
