statement,true_verdict,predicted_verdict,prediction_set,set_size,is_covered
A pro-Kamala Harris website shows she supports a mandatory gun buyback program.,false,false,"['mostly-false', 'false']",2,True
"In Iowa, “since we have put a number of the voting laws into place over the last several years — voter ID is one of those — we've actually seen voter participation increase, even in off-election years.”",true,mostly-true,"['true', 'mostly-true', 'half-true', 'mostly-false']",4,True
CNN reported July 3 that “Joe has decided to drop out of the 2024 Presidential race and will be replaced by Hunter Biden.”,false,false,['false'],1,True
"The 2020 election could not have been fair because “Los Angeles County agreed, during litigation, that there were 1.2 million ineligible voters after the election.”",false,false,"['mostly-false', 'false']",2,True
“Trump can’t vote for himself in the November election.”,mostly-false,false,"['true', 'mostly-true', 'half-true', 'mostly-false', 'false']",5,True
“Breaking: Trump names Boebert secretary of education”,false,false,['false'],1,True
"“Smartmatic and Dominion systems ... were built to do this very thing, for changing the results of elections.”",pants-fire,pants-fire,['pants-fire'],1,True
"Says Michigan congressional candidate Elissa Slotkin ""just parachuted into the district to run for Congress"" and ""admitted that she doesn’t know our area.""",half-true,mostly-false,"['mostly-true', 'half-true', 'mostly-false', 'false']",4,True
A Republican bill in Michigan “would make it a crime for election officials … to share information about how to vote by mail and where to find a ballot drop box.”,half-true,mostly-false,"['true', 'mostly-true', 'half-true', 'mostly-false', 'false']",5,True
"“Wisconsin took a break, and when they returned, Biden coincidentally came back ahead by 100k.”",pants-fire,false,['false'],1,False
"""This guy didn't even support Ronald Reagan.""",true,true,['true'],1,True
"Detroit has “2,503 dead people registered” including “one voter born in 1823.”",false,false,"['mostly-true', 'half-true', 'mostly-false', 'false']",4,True
"“During Covid, Tim Walz rationed access to monoclonal antibody treatments based on skin color.”",mostly-false,false,"['mostly-false', 'false']",2,True
“Boom! Georgia 1st to decertify election.”,pants-fire,false,['false'],1,False
Adam Laxalt is “anti-DACA” and “fought against the protections for DACA recipients when he was attorney general.”,half-true,true,"['true', 'mostly-true', 'half-true', 'mostly-false', 'false']",5,True
"If African-Americans vote their percentage of the population in 2008, ""Mississippi is suddenly a Democratic state.""",false,false,"['half-true', 'mostly-false', 'false']",3,True
Michigan has “more registered voters than eligible citizens. This creates a huge risk of election fraud.”,false,false,"['true', 'mostly-true', 'half-true', 'mostly-false', 'false']",5,True
"Says Donald Trump's presidential victory was ""an electoral landslide.""",false,false,['false'],1,True
"When asked if she supports the Build Back Better bill, Abby Finkenauer said that she didn’t know what was in it.",mostly-false,true,"['true', 'mostly-true', 'half-true', 'false']",4,False
"“Donald Trump added more to the national debt than any other president, ever.”",half-true,mostly-true,"['true', 'mostly-true', 'half-true', 'mostly-false', 'false']",5,True
"Says ""Karen Handel’s office budget increased a whopping 42 percent.""",mostly-false,mostly-true,"['true', 'mostly-true', 'half-true', 'mostly-false', 'false']",5,True
"“The revelation of massive & widespread fraud & deception” in the 2020 election “allows for the termination of all rules, regulations, and articles, even those found in the Constitution.”",pants-fire,false,"['false', 'pants-fire']",2,True
Says Sen. Kelly Loeffler said on Parler that “Black people shouldn’t be allowed to vote.”,pants-fire,false,['false'],1,False
“President Trump and I lost an election in 2020 because of a rigged election.”,pants-fire,false,"['mostly-false', 'false', 'pants-fire']",3,True
Says a ballot can be emailed to Wisconsin voters even a day before the election.,false,false,['false'],1,True
"The U.S. Justice Department has ""taken on more than 100 voting rights cases since 2009.""",half-true,true,"['true', 'mostly-true']",2,False
Says there’s no language in the U.S. Constitution that prevents someone from running for Congress simultaneously in multiple states.,true,true,['true'],1,True
"""The Republican who was just elected governor of the great state of Florida paid his campaign staffers, not with money, but with American Express gift cards.""",half-true,half-true,['half-true'],1,True
"""The right to vote in this country has never been intrinsically tied to citizenship.""",mostly-true,true,"['true', 'mostly-true', 'half-true', 'false']",4,True
"A Nov. 5  ballot scanning error in Cambria County, Pennsylvania, shows ""the election steal is happening.""",false,false,"['mostly-false', 'false']",2,True
"""Historically, our spring elections (including for state Supreme Court) have a smaller turnout associated with them.""",true,true,"['true', 'mostly-true', 'half-true']",3,True
"""The candidates controlled by Madigan, all of them have said, ‘The answer to our problems is a massive income tax hike.’ """,mostly-false,true,"['true', 'mostly-true', 'half-true', 'mostly-false', 'false']",5,True
"""Putin Interference Could Give Courts Legal Right to Make Hillary President.""",false,false,"['mostly-false', 'false', 'pants-fire']",3,True
"Says immigrants with temporary protections in Springfield, Ohio, are “illegal immigrants.”",false,false,"['mostly-false', 'false']",2,True
"""The @nytimes sent a letter to their subscribers apologizing for their BAD coverage of me.""",false,false,"['mostly-false', 'false']",2,True
"""It is a commitment voters take very seriously: The only incumbent in Ohio to break his Pledge and vote for Ted Strickland's income tax hike was defeated soundly on Tuesday.""",mostly-true,mostly-true,"['mostly-true', 'half-true']",2,True
"Mike Rogers “left Michigan to trade on his D.C. connections, helping Chinese tech companies get access to the U.S.”",false,mostly-false,"['mostly-true', 'half-true', 'mostly-false', 'false']",4,True
"""My opponent, in 2008, had contributions investigated by the federal government.""",false,false,['false'],1,True
"“By federal law, if you sign someone up for Medicaid, you also give them the right to vote. … This is political patronage at the expense of Medicaid.”",false,false,['false'],1,True
"""Austin is the largest city in the U.S. or Texas with no geographic representation"" on its city council.",true,false,"['true', 'mostly-true', 'half-true', 'mostly-false', 'false']",5,True
"Florida ""passed a law where former felons can now vote. We've had more ex-felons register as Republicans than Democrats.""",mostly-false,false,"['mostly-false', 'false']",2,True
"Says a Republican-drawn map of proposed U.S. House districts for Texas ""gerrymanders more than nine million Latinos in Texas to make sure that we have no more electoral opportunity than we did in 1991.""",mostly-true,mostly-true,['mostly-true'],1,True
“Wisconsin 2020 election investigation finds more illegal votes were cast than Biden's margin of victory.”,false,false,['false'],1,True
Donald Trump posted on Truth Social that Kamala Harris used to be a man named Kamal Aroush.,false,false,['false'],1,True
"Fox News ""said the New Black Panther Party decided the election for Barack Obama.""",false,false,['false'],1,True
"Says that after she declared her candidacy for Congress, ""the redistricting process was manipulated to allow incumbent politicians to guarantee their re-election.""",mostly-false,mostly-false,"['mostly-true', 'half-true', 'mostly-false', 'false']",4,True
Says his Texas election fraud investigations have resulted in 50 convictions.,half-true,false,"['true', 'mostly-true', 'half-true', 'mostly-false', 'false']",5,True
"""America has more governors who’ve worn blackface than black governors.""",true,false,"['true', 'mostly-true', 'half-true', 'mostly-false', 'false']",5,True
Poll watchers in Philadelphia prevented from entering polling places.,half-true,mostly-true,"['true', 'mostly-true', 'half-true', 'mostly-false', 'false']",5,True
"Four Florida counties had “zero results” Oct. 26, and “something underhanded might be happening.”",false,false,['false'],1,True
"“If you vote by mail, your personal information will be part of a public database that will be used by police departments to track down old warrants and be used by credit card companies to collect outstanding debt. The CDC is even pushing to use records for mail-in voting to track people for mandatory vaccines.”",pants-fire,false,"['mostly-false', 'false']",2,False
HR 1 “gives the federal government the power to establish their own committees” to take over the redistricting process.,mostly-false,false,"['mostly-false', 'false']",2,True
"Approving the constitutional amendment on Illinois' November ballot “would let the politicians immediately implement their plan to increase taxes on small businesses, farmers and large employers.”",half-true,mostly-false,"['mostly-true', 'half-true', 'mostly-false', 'false']",4,True
"""In 2008 (Mandel) was re-elected to a second term, representing a district with a 2:1 Democrat to Republican voter ratio.""",mostly-true,mostly-true,"['true', 'mostly-true', 'half-true']",3,True
“Fairfax County is not requiring the last four digits of Social Security Numbers on absentee ballots in this election.”,mostly-false,false,"['mostly-false', 'false']",2,True
Says “Hugo Chavez’s family still owns” Dominion Voting Systems.,false,false,['false'],1,True
"Wisconsin’s Government Accountability Board ""ignored their duties and did not regularly audit"" voters to remove felons ""for a span of 16 elections.",half-true,half-true,['half-true'],1,True
“It begins. Wisconsin Assembly votes to remove electoral votes from Biden.”,false,false,['false'],1,True
Says Wisconsin Republicans “pushed for long lines and polls open for one day only.”,mostly-false,mostly-false,"['mostly-true', 'half-true', 'mostly-false', 'false']",4,True
"""Attorney General Eric Holder’s own Justice Department precleared the voting changes in the 2011 law"" about early voting in Florida.",half-true,mostly-true,"['true', 'mostly-true', 'half-true', 'mostly-false', 'false']",5,True
"“There is no campaigning going on, none whatsoever.”",false,false,['false'],1,True
"""The Electoral College is much more advantageous for Democrats.""",false,false,"['mostly-false', 'false']",2,True
"In Glynn County, Georgia, it was 'voter fraud' when poll workers found no record of a person who already voted.",false,false,['false'],1,True
"Detroit’s Oct.15, 2024, absentee ballot return rate proves election fraud.",false,false,"['mostly-true', 'mostly-false', 'false']",3,True
Forty percent of union members voted Republican in 2008.,mostly-true,mostly-true,['mostly-true'],1,True
"With voting by mail, “you get thousands and thousands of people sitting in somebody's living room, signing ballots all over the place.”",false,false,"['false', 'pants-fire']",2,True
"Says Holly Turner ""failed to vote in five straight Republican primaries.""",true,true,['true'],1,True
"U.S. Sen. Sherrod Brown voted to “give illegals taxpayer funded stimulus checks, health care, even Social Security.""",false,false,"['mostly-false', 'false', 'pants-fire']",3,True
“Joe Biden confirmed his plan to abolish the entire U.S. oil industry.”,false,false,"['mostly-false', 'false']",2,True
President Joe Biden “bans TikTok for government employees but creates an account for his own campaign.”,mostly-true,mostly-false,"['mostly-true', 'half-true', 'mostly-false']",3,True
"Discussing gender-affirming surgical care for minors, said that Sweden “shut it down.”",half-true,false,"['half-true', 'mostly-false', 'false']",3,True
"“This month alone, more than 16,000 non-citizens have been removed from the voter rolls in 3 states.”",half-true,mostly-true,"['true', 'mostly-true', 'half-true', 'mostly-false', 'false']",5,True
"""I didn't campaign on a public option.""",mostly-false,mostly-false,"['mostly-true', 'half-true', 'mostly-false', 'false']",4,True
"In Texas, a person can register a dead relative to vote and then cast a mail ballot in their name.",mostly-false,false,"['mostly-false', 'false']",2,True
“Breaking: Judiciary Democrats just voted to support non-citizens voting in our elections.”,false,false,"['mostly-false', 'false']",2,True
"Fired Milwaukee election leader “printed 64,000 ballots in a back room at City Hall in Milwaukee and had random employees fill them out,” giving Joe Biden the lead.",false,false,"['mostly-false', 'false']",2,True
"Of the approximately 6 million disenfranchised felons in the United States, ""one-quarter are Floridians.""",mostly-true,mostly-true,"['true', 'mostly-true', 'half-true', 'mostly-false', 'false']",5,True
"""700 jobs (were) lost because Allen Boyd"" voted for the health care bill.",mostly-false,false,"['half-true', 'mostly-false', 'false']",3,True
"""Every single day in this country, 1,000 people are deported and the vast majority of those people that are deported aren't criminals.""",half-true,mostly-true,"['mostly-true', 'half-true', 'mostly-false', 'false']",4,True
“Barack Obama signals That Democrats Intend to Cheat in the Virginia Governor’s Election.”,false,false,['false'],1,True
Vice President Kamala Harris “even wants to legalize fentanyl.”,false,false,"['mostly-false', 'false', 'pants-fire']",3,True
Says 18 states and the District of Columbia have voted Democratic in six consecutive presidential elections.,true,true,"['true', 'mostly-true', 'false']",3,True
Republican Senate candidate Dave McCormick “wants to outlaw abortions.”,mostly-false,false,"['mostly-true', 'half-true', 'mostly-false', 'false']",4,True
"""I have voted every year in Wisconsin.""",false,false,['false'],1,True
“Phony” ballots “were printed without my name on it.”,mostly-false,false,"['half-true', 'mostly-false', 'false']",3,True
"“There is no chain of custody” for ballots placed in Box No. 3 at Maricopa, Arizona, polling sites.",false,false,"['true', 'mostly-true', 'half-true', 'mostly-false', 'false']",5,True
"Says rival Jill Karofsky wants ""to disarm law abiding citizens.""",mostly-false,false,"['mostly-false', 'false']",2,True
The Democratic National Convention was “nearly empty” during its first day.,false,false,['false'],1,True
"Says history suggests sports will ""quickly subsume a lot of the attention span of the country"" in the presidential primary.",half-true,mostly-true,"['true', 'mostly-true', 'half-true', 'mostly-false', 'false']",5,True
"Says Democratic opponent is ""too Republican to stand up for us.""",mostly-false,mostly-false,"['mostly-false', 'false']",2,True
"Denies that he said the Obama campaign ""played the race card.""",pants-fire,pants-fire,"['false', 'pants-fire']",2,True
"“Biden failed to condemn far-left violent groups like Antifa, instead faulting only the brave men and women of law enforcement.”",false,mostly-false,"['half-true', 'mostly-false', 'false']",3,True
"""Tommy Thompson wanted to implant data chips in humans.""",mostly-true,mostly-true,"['true', 'mostly-true']",2,True
"""Washington, D.C., now has greater population than Wyoming and Vermont, more active duty military than 29 states, more tax revenue than 29 states (and) a larger domestic product than 27 states.""",half-true,mostly-false,"['true', 'mostly-true', 'half-true', 'mostly-false', 'false']",5,True
"In early voting in Miami-Dade County, ""there is a trickle of two or three people a day at a very high cost to keep those public libraries and polls open.""",false,false,['false'],1,True
"Vans filled with 50,000 ballots show up in Philadelphia during live MSNBC report.",false,false,['false'],1,True
A consent decree approved by Gov. Brian Kemp “invalidated all voter ID law” and “allowed fraudulent ballots to be accepted” in the 2020 race.,pants-fire,false,['false'],1,False
"As attorney general, Catherine Cortez Masto “opposed tougher laws on methamphetamine dealers.”",mostly-false,mostly-false,"['true', 'mostly-true', 'half-true', 'mostly-false', 'false']",5,True
"Says she debated her opponent ""multiple times.""",half-true,false,"['true', 'mostly-true', 'half-true', 'mostly-false', 'false']",5,True
Says Mike Pence was arrested.,false,false,['false'],1,True
"Wisconsin is “run by Democrats right now,” so they should address election social distancing concerns.",mostly-false,false,"['mostly-false', 'false']",2,True
"Says City Blue Imaging Services in Rochester, N.Y. “printed ballots there. If you search them you’ll see they’re the ones who had ballots misprint errors for the ballots sent to NYC.”",false,false,['false'],1,True
"“Trump won 18-to-24-year-olds in Wisconsin.""",half-true,false,"['half-true', 'mostly-false', 'false']",3,True
"""More than 32,000 Americans lose their lives to gun violence each year.""",mostly-true,mostly-true,"['true', 'mostly-true']",2,True
"Republicans offered Wisconsin bar patrons ""free shots (of alcohol) to sign recall petitions against"" Democrats.",mostly-false,mostly-false,"['mostly-true', 'half-true', 'mostly-false', 'false']",4,True
"“This trial that I have now, that’s a Biden trial.”",false,false,"['mostly-false', 'false', 'pants-fire']",3,True
"""I sponsored the new Buy American law""",false,false,"['half-true', 'mostly-false', 'false']",3,True
"""Texas is one of the most gerrymandered states in the union.""",mostly-true,true,"['true', 'mostly-true']",2,True
A Dominion representative in Gwinnett County improperly downloaded election data to “manipulate the data.”,pants-fire,false,"['mostly-false', 'false']",2,False
“Prices are up because these corporations are scheming to drive them up.”,mostly-false,mostly-false,"['mostly-true', 'half-true', 'mostly-false', 'false']",4,True
"""Ted Cruz is mathematically out of winning the race.""",mostly-true,mostly-false,"['true', 'mostly-true', 'half-true', 'mostly-false', 'false']",5,True
Mike Rogers supported “laws that could eliminate IVF and birth control.”,half-true,true,"['true', 'mostly-true', 'half-true', 'mostly-false', 'false']",5,True
“Major decision protecting voting rights in Pa. Ballots received after Election Day will not be counted.”,mostly-false,false,"['mostly-false', 'false']",2,True
"""Daniel Webster said he's out. Now he says he's in.""",true,true,['true'],1,True
The “‘Inflation Reduction Act’ increased inflation and drove prices sky high!”,false,false,"['mostly-true', 'mostly-false', 'false']",3,True
"“If you just count all the deaths in the red states, we are number two in the world in deaths, just behind Brazil.”",mostly-true,mostly-true,"['true', 'mostly-true']",2,True
The 2020 election is in “recount territory” and “I’ve seen elections change as a result of” recounts.,half-true,false,"['true', 'mostly-true', 'half-true', 'mostly-false', 'false']",5,True
The U.S. military seized servers in Germany tied to Dominion Election Systems.,pants-fire,false,"['mostly-false', 'false']",2,False
"""The Trump administration handed out taxpayer dollars to a foreign company. Hundreds of homes and farms were bulldozed, and over $500 million in taxpayer dollars were wasted preparing for Foxconn.""",half-true,mostly-false,"['mostly-true', 'half-true', 'mostly-false', 'false']",4,True
"“They call” Jan. 6 “an insurrection,” but “were FBI agents used as political agitators?""",false,false,"['mostly-false', 'false']",2,True
Arizona U.S. Senate candidate Kari Lake “was against” the child tax credit expansion “when the bill was on the floor.”,mostly-false,false,"['true', 'mostly-true', 'half-true', 'mostly-false', 'false']",5,True
"In Wisconsin, unions can essentially give ""unlimited"" contributions to political parties, but business can't give any.",mostly-true,mostly-true,['mostly-true'],1,True
"In the 2020 presidential election, “4,255 ballots in Fulton County, Georgia,  were scanned multiple times” and “3,390 went to Biden.”",false,false,"['mostly-false', 'false']",2,True
Document shows Rebekah Jones “demonstrated” a violation of Florida’s Whistleblower Act.,false,false,"['mostly-false', 'false']",2,True
Queens voters received pre-marked ballots for Joe Biden.,false,false,"['mostly-false', 'false']",2,True
"“Schaumburg, Illinois not recording votes, just putting votes ‘in a box.’”",false,false,['false'],1,True
"""How many federal rulings have NOW found intentional discrimination by #Txlege since 2011? 6.""",true,true,['true'],1,True
“The Republicans and Trump funded $400 million in March of 2020 for mail ballots.”,half-true,false,"['mostly-true', 'half-true', 'mostly-false', 'false']",4,True
"""After my first year as governor, I was one of the most unpopular governors, maybe the most unpopular governor in the country. ... It changed.""",true,mostly-true,"['true', 'mostly-true', 'half-true', 'mostly-false']",4,True
Says Osama bin Laden endorsed Joe Biden,false,false,"['mostly-false', 'false']",2,True
"At this point in 2012, ""Rick Perry was ahead at 29.9 percent, and we had seven more leads before it finally settled on Mitt Romney.""",mostly-true,true,"['true', 'mostly-true', 'half-true']",3,True
"""21% of 140,000 ballots were found to be in error in GA.”",mostly-false,false,"['mostly-false', 'false']",2,True
"""Second Roy Moore Accuser Works For Michelle Obama Right NOW""",pants-fire,pants-fire,['pants-fire'],1,True
“President Joe Biden admits to faking the election.”,false,false,"['false', 'pants-fire']",2,True
"""Mostly Democrat states refused to hand over data"" that could show election fraud.",half-true,mostly-false,"['mostly-false', 'false']",2,False
"Tim Sheehy “would let politicians like him ban abortion, with no exceptions for rape or to save a woman’s life, and criminalize women.”",mostly-false,mostly-false,"['mostly-true', 'half-true', 'mostly-false', 'false']",4,True
"""Governor (Perry), you were a Democrat, having worked for Al Gore as his campaign manager...""",half-true,half-true,"['mostly-true', 'half-true', 'mostly-false']",3,True
"""One of George Soros' companies has provided some of the (voting) machines"" for some states.",pants-fire,false,"['half-true', 'mostly-false', 'false']",3,False
Rob Portman won the fewest votes of all Ohio U. S. Senate victors since 2000.,mostly-true,mostly-true,"['mostly-true', 'half-true', 'mostly-false']",3,True
"""Thousands of politicians from across Ohio – along with their relatives, employees and friends – are still eligible to serve"" on the proposed redistricting commission.",mostly-true,mostly-true,"['mostly-true', 'half-true', 'mostly-false']",3,True
"Says he has ""been able to attract independents and Democrats to win"" elections in Pennsylvania.",half-true,mostly-true,"['true', 'mostly-true', 'half-true', 'mostly-false', 'false']",5,True
"""If Russia, or some other entity, was hacking, why did the White House wait so long to act? Why did they only complain after Hillary lost?""",pants-fire,false,"['mostly-true', 'half-true', 'mostly-false', 'false']",4,False
Mark Finchem “wants to strip Arizona’s citizens of their capacity to vote by mail.”,mostly-true,mostly-false,"['true', 'mostly-true', 'half-true', 'mostly-false', 'false']",5,True
"As part of his “charitable donations,” in 1990 Donald Trump “chartered a private plane to get Nelson Mandela to America when the U.S. government wouldn't help.""",false,false,"['mostly-false', 'false']",2,True
"""Many just call him 'Lyin' Ted.' ... His TV ad about John Kasich? Lie! Stations had to pull it off the air.""",false,false,['false'],1,True
“The millions (of immigrants) that have been paroled can simply go to their local welfare office or the DMV and register to vote.”,false,false,"['mostly-false', 'false']",2,True
"“President Biden is the first candidate in history, the first president in history, that has used the federal agencies to censor political speech ... to censor his opponent.""",false,false,"['mostly-false', 'false', 'pants-fire']",3,True
"Says the NC elections board “did not change state law.""",mostly-false,false,"['true', 'mostly-true', 'half-true', 'mostly-false', 'false']",5,True
“India has nearly 1.4 billion citizens. Nearly 800 million of them live in extreme poverty — less than $1.90 per day. Yet EVERY singly (sic) Indian citizen is required to have a valid form of ID to vote in national elections.”,half-true,false,"['mostly-true', 'half-true', 'mostly-false', 'false']",4,True
"The GOP-controlled Legislature has ""refused to act on at least 150"" appointees of Gov. Tony Evers.",true,true,"['true', 'mostly-true']",2,True
"Says Chuck Schumer said ""it’s racist to only allow citizens to vote.""",false,false,['false'],1,True
"""Maricopa County official purged machine records before audit started.""",false,false,"['true', 'mostly-true', 'half-true', 'mostly-false', 'false']",5,True
Michigan’s Proposal 2 “will permanently put in the Constitution that you never have to show an ID to vote ever again.”,mostly-false,false,['false'],1,False
"Says gubernatorial candidate Clay Pell ""hasn't spent a dime on advertising.""",pants-fire,false,"['mostly-false', 'false']",2,False
“Biden campaign director arrested for electoral fraud.”,false,false,['false'],1,True
"""We know there are more Democrats in Georgia than Republicans. We know that for a fact.""",mostly-false,mostly-false,"['mostly-true', 'mostly-false', 'false']",3,True
“It has just come out that Democrats in Washington and the Democrat Governor’s Office of North Carolina (Roy Cooper) were blocking people and money from coming into North Carolina.”,pants-fire,false,"['mostly-false', 'false', 'pants-fire']",3,True
"In 2011, Alabama and Massachusetts passed legislation allowing non-citizens who are legal residents to vote in state and local elections.",false,false,['false'],1,True
"Donald Trump “deported less, believe it or not, than Barack Obama even did.""",true,mostly-true,"['true', 'mostly-true', 'half-true', 'mostly-false', 'false']",5,True
“No state in the country verifies United States citizenship as a condition for voting in federal elections.”,mostly-false,false,"['true', 'mostly-true', 'half-true', 'mostly-false', 'false']",5,True
"“Elective abortions up to and including the moment of birth. Healthy, 9-month-year-old baby killed at the moment of birth. That’s what Jon Tester and the Democrats have voted for.”",false,false,"['mostly-false', 'false']",2,True
"""It was Dan Sullivan who wrote a bill to cut Alaskans out of those decisions"" about where they can hunt and fish.",half-true,mostly-false,"['mostly-true', 'half-true', 'mostly-false', 'false']",4,True
Says Raphael Warnock supports boycotts of Georgia to protest voting law.,false,false,"['mostly-false', 'false']",2,True
"Says state Supreme Court candidate Joe Donald twice ""supported"" incumbent Justice Rebecca Bradley.",mostly-true,mostly-true,['mostly-true'],1,True
"""In the last 6 years, there have been 420 elections for State Senator and State Representative. Only three incumbents have been defeated!""",true,true,"['true', 'mostly-true', 'false']",3,True
"Says Rick Perry is ""the guy that tracked"" down Democratic legislators who fled Texas in 2003.",mostly-false,mostly-false,"['half-true', 'mostly-false', 'false']",3,True
"In ""reality,"" there have ""been no problems whatsoever"" with the Texas voter ID law.",mostly-false,false,"['mostly-false', 'false']",2,True
The Biden administration stole $1 billion “from FEMA to use it for illegal migrants. … And FEMA is now busted. They don’t have any money.”,pants-fire,false,"['mostly-false', 'false', 'pants-fire']",3,True
Craigslist ad shows “every single person” at Kamala Harris’ Arizona rally was paid.,false,false,['false'],1,True
"""Derrick Van Orden is one of the only members of Congress who participated in the deadly January 6th insurrection. He now serves in the building he tried to burn down.""",mostly-false,false,"['true', 'mostly-true', 'half-true', 'mostly-false', 'false']",5,True
"“You had (4,925) out-of-state voters… in Georgia.”",false,false,"['mostly-false', 'false']",2,True
"Says the Texas House has ""a record number of new members joining our ranks.""",half-true,half-true,['half-true'],1,True
"There was ""serious voter fraud"" in New Hampshire.",pants-fire,pants-fire,['pants-fire'],1,True
"“15 days left to vote BUT if you are voting by mail, you need to vote TODAY. USPS says it needs a 14 day roundtrip to be counted on election day.”",half-true,false,"['mostly-false', 'false']",2,False
“We’re putting our great coal miners back to work.”,mostly-false,false,"['mostly-false', 'false']",2,True
"“If I mail in my ballot on Sunday and show up to the polling station on Tuesday, they won’t know if I’ve already voted or not. That, my friends, is a serious concern for all of us.”",false,false,"['mostly-false', 'false']",2,True
"Former President Donald Trump posted on Truth Social and addressed claims about his use of a microphone, saying “I was pretending to eat a corn dog.”",false,false,['false'],1,True
Ron DeSantis “wants to cut Social Security and Medicare.”,mostly-false,mostly-false,"['mostly-true', 'half-true', 'mostly-false', 'false']",4,True
"“118-year-old William Bradley voted via an absentee ballot in Wayne County, Michigan this year. William died in 1984. They’re trying to steal this election.”",false,false,"['mostly-false', 'false']",2,True
"Says ""Donald Trump was doing a rally in the state of Florida"" the day Trump's son and others met with a Russian lawyer in New York.",false,false,"['mostly-false', 'false']",2,True
"California Republican gubernatorial hopeful Meg Whitman ""contributed to, and campaigned, for"" Democratic Sen. Barbara Boxer.",mostly-true,mostly-true,"['mostly-true', 'half-true', 'mostly-false']",3,True
The problem with mail ballots in Lancaster County is a sign of “voter fraud.”,false,false,"['mostly-false', 'false']",2,True
"""All four on Mount Rushmore, they were all independents at one critical point in their career.""",false,false,"['half-true', 'mostly-false', 'false', 'pants-fire']",4,True
Kari Lake’s lawsuit “exposes Arizona used no signature verification.”,false,false,"['mostly-false', 'false']",2,True
Rep. Elissa Slotkin “voted recently to let illegals vote in U.S. elections.”,false,false,['false'],1,True
"Says Congresswoman Loretta Sanchez ""has passed one bill in her 20 years in Congress, and that was to rename a post office.""",half-true,true,"['true', 'mostly-true', 'half-true']",3,True
"Brian Kemp ""dismissed concerns about voter fraud in the 2020 election"" and ""widespread illegal ballot harvesting continued, electing two Democrat senators.""",false,false,"['mostly-false', 'false']",2,True
"A Republican bill that would change John Doe criminal investigations is ""creating exceptions in the law for politicians.""",mostly-true,mostly-true,"['mostly-true', 'half-true']",2,True
"California gubernatorial candidate Steve Poizner, a Republican, ""gave $10,000 to Al Gore's recount"" effort in 2000.",mostly-true,half-true,"['true', 'mostly-true', 'half-true', 'mostly-false', 'false']",5,True
Says he didn't tell viewers that the Obama campaign hid news about the motives behind the attack in Benghazi because Obama was running for re-election.,mostly-false,mostly-false,"['mostly-true', 'half-true', 'mostly-false', 'false']",4,True
"Sherrod Brown’s approval rating ""has plummeted to 38 percent among Ohio voters"" in a poll by a Democratic pollster.",mostly-true,mostly-true,"['mostly-true', 'half-true', 'mostly-false']",3,True
Says conservative mega-donor Richard Uihlein is a Wisconsin resident.,false,false,['false'],1,True
"""Four times, I said, he (John McCain) is a hero, but you know ... people choose selective pieces.""",mostly-false,false,"['mostly-false', 'false', 'pants-fire']",3,True
"Says the T.R.U.M.P. Act, which would force presidential candidates to release their tax returns to run in North Carolina, ""has a lot of support – by a majority of North Carolinians and members of both parties.""",mostly-true,mostly-true,"['true', 'mostly-true', 'half-true']",3,True
“Wisconsin found 112k votes at 3am.”,false,false,"['mostly-false', 'false']",2,True
"""Three hundred sixty thousand Pennsylvanians fought on the side of the Union to defeat the flag, that Confederate flag, including more Black soldiers coming from Pennsylvania than any other state in the nation.""",mostly-true,true,"['true', 'mostly-true']",2,True
“Myanmar used Dominion Voting Systems.”,false,false,['false'],1,True
"""I sponsored the amendment that expanded the hours of early voting so that people who have irregular work schedules could vote.""",half-true,true,"['true', 'mostly-true', 'half-true', 'mostly-false', 'false']",5,True
"Voter identification laws make it complicated and expensive to get an ID, essentially instituting a modern-day poll tax.",mostly-false,mostly-true,"['mostly-true', 'half-true', 'mostly-false', 'false']",4,True
"Wendy Davis is ""fighting to bring ... Bloomberg-style gun control to Texas.""",half-true,mostly-false,"['true', 'mostly-true', 'half-true', 'mostly-false', 'false']",5,True
"The ""Democratic Party is getting smaller and smaller and smaller.""",mostly-false,false,"['mostly-true', 'half-true', 'mostly-false', 'false']",4,True
Says Joe Biden stays in his basement.,false,false,"['true', 'mostly-true', 'half-true', 'mostly-false', 'false']",5,True
"""Atheists are prohibited from holding office in 8 states.”",half-true,half-true,['half-true'],1,True
An “anti-Black Lives Matter” flag replaced the American flag behind President Trump during a Waukesha campaign rally.,mostly-true,false,"['mostly-false', 'false']",2,False
"""We have 17 intelligence agencies, civilian and military, who have all concluded that these espionage attacks, these cyberattacks, come from the highest levels of the Kremlin, and they are designed to influence our election.""",true,mostly-true,"['true', 'mostly-true', 'half-true']",3,True
"""Law firm @POTUS used to show he has no ties to Russia was named Russia Law Firm of the Year for their extensive ties to Russia. Unreal.""",mostly-true,mostly-true,"['true', 'mostly-true', 'half-true', 'mostly-false', 'false']",5,True
"""One year ago, (Republicans) would not fill seats vacated for people who went to the administration because of the cost of those elections. Now, they’re talking about changing the rules to add additional elections that will cost millions of dollars of taxpayer expense.""",mostly-true,mostly-true,['mostly-true'],1,True
"San Francisco and Takoma Park, Md., are ""allowing illegals to vote.""",half-true,false,"['mostly-false', 'false', 'pants-fire']",3,False
"In ""the past four or five"" presidential elections, ""people who poll high at the beginning are not the people who end up being the nominees.""",mostly-false,mostly-false,['mostly-false'],1,True
"Says Tim Walz said he carried weapons in war, but “he has not spent a day in a combat zone.”",true,false,"['true', 'mostly-true', 'half-true', 'mostly-false', 'false']",5,True
Kamala Harris is planning to use the 25th Amendment against Joe Biden and appoint Mike Pence as her vice president.,false,false,['false'],1,True
"Says the Hawaii governor ""can’t find anything that says (President Barack Obama) was born in Hawaii.""",false,false,['false'],1,True
"""We are within the margin of error.""",half-true,half-true,"['mostly-true', 'half-true']",2,True
"""I have always been there with"" Donald Trump.",false,false,['false'],1,True
“One in six local election officials have received threats of violence” and threats against judges have doubled over four years and threats against members of Congress have increased by 10 times over five years.,mostly-true,true,"['true', 'mostly-true']",2,True
"""None of the polls being conducted right now have us on the top line. None of them. It's always Trump and Clinton and then second question, third question. ... If we were included in the top line, as Johnson/Trump/Clinton, we'd be at 20 percent.""",false,false,"['mostly-true', 'half-true', 'mostly-false', 'false']",4,True
The Lincoln Project is “using A.I. (Artificial Intelligence)” in its “television commercials.”,false,false,['false'],1,True
"Ten times, no Republican candidate for president had enough delegates to claim the nomination before the party’s convention, and seven of those times ""somebody who was not the leader of delegates was selected as the nominee of the party.""",mostly-true,mostly-true,['mostly-true'],1,True
The Freedom to Vote Act is “a sprawling takeover of our whole political system.”,false,mostly-false,"['true', 'mostly-true', 'half-true', 'mostly-false', 'false']",5,True
"The Biden-Harris administration ""wants to hand out $450,000 to illegal immigrants.""",false,false,"['mostly-false', 'false', 'pants-fire']",3,True
Says Joe Biden “abandoned Scranton.”,pants-fire,false,"['mostly-false', 'false']",2,False
"Says the person who Florida U.S. Rep. Allen West first hired as chief of staff told people attending a Tea Party rally that, 'We will use bullets if ballots don't work.'",true,true,['true'],1,True
"""‘Dark money’ spending"" in the 2016 election cycle ""is 10 times what it was at the same point in the 2012 election cycle,"" when it topped $308 million.",true,true,"['true', 'mostly-true']",2,True
"Russian annexation of Crimea ""removes a million residents of the Ukraine that have provided the margin of victory for (Viktor) Yanukovych, the pro-Moscow prime minister in his last election.""",mostly-true,mostly-true,"['mostly-true', 'half-true', 'mostly-false', 'false']",4,True
Billionaires “rigged” the California Senate primary election through “dishonest means.”,false,mostly-false,"['true', 'mostly-true', 'half-true', 'mostly-false', 'false']",5,True
Kamala Harris paid The Shade Room to interview her “for perceived support amongst black voters.”,false,false,['false'],1,True
"Says Mitch McConnell credits Republicans ""for recent economic improvements"" even though they took control of the Senate only ""days ago.""",mostly-true,mostly-true,"['mostly-true', 'half-true']",2,True
"""Collusion is not a crime.""",mostly-false,false,"['true', 'mostly-true', 'half-true', 'mostly-false', 'false', 'pants-fire']",6,True
The Las Vegas Sphere displayed a derogatory message directed at former President Donald Trump.,false,false,['false'],1,True
Voting in California is “rigged.”,pants-fire,false,"['false', 'pants-fire']",2,True
"“Judge Rules Over 200,000 Biden Votes Are Illegitimate In Wisconsin.”",false,false,"['false', 'pants-fire']",2,True
"""You can collude all you want with a foreign government in an election. There's no such statute"" (that makes collusion a crime).",false,false,"['mostly-true', 'half-true', 'mostly-false', 'false']",4,True
"Says Republican-approved changes to ""make it more difficult to participate in Ohio elections include reducing in-person early voting from 35 days to six.""",true,true,['true'],1,True
"""I am the only candidate that has endorsed Bernie Sanders for President. In PA, I've got Bernie's back.""",true,true,"['true', 'mostly-true', 'half-true', 'false']",4,True
The Georgia Secretary of State's Office and the Georgia State Elections Board investigate and penalize hundreds of people guilty of election fraud.,true,true,"['true', 'mostly-true']",2,True
"Charlie Crist's ""personal approval numbers are plummeting.""",mostly-false,mostly-false,"['mostly-true', 'half-true', 'mostly-false', 'false']",4,True
"""It is senior citizens, not Hispanics, who are the fastest-growing demographic in this country.""",mostly-false,false,"['true', 'mostly-true', 'half-true', 'mostly-false', 'false']",5,True
Glenn Youngkin is “the first sitting Governor in the modern era to have their party have less legislative seats than when they were elected.”,false,false,"['true', 'mostly-false', 'false']",3,True
Says U.S. Rep. Ron Kind has “spent more $ in 100+ days than was spent fighting WWII,false,false,"['false', 'pants-fire']",2,True
"Says Ohio Rep. Marcy Kaptur ""actually lives"" in ""a fancy condo in the Washington, D.C.  suburbs.""",false,false,['false'],1,True
"""Trump has selected his pick for running mate (and the) news stuns Republican Party.”",false,false,['false'],1,True
"In more than 60 cases, judges “looked at the allegations that Trump was making and determined they were without any merit.”",true,mostly-true,"['true', 'mostly-true', 'half-true']",3,True
"""The Russian state has never interfered ... into internal American affairs including election process.""",pants-fire,false,"['mostly-false', 'false']",2,False
"Say Bernie Sanders ""won Nevada after all.""",false,false,"['mostly-true', 'half-true', 'mostly-false', 'false']",4,True
"“60% of Alaska voters voted for a Republican, but thanks to a convoluted process and ballot exhaustion — which disenfranchises voters — a Democrat ‘won.’""",mostly-false,false,"['mostly-false', 'false']",2,True
"After a 2022 law, “the vast majority of colleges in New York State do not have on-campus poll sites.”",mostly-true,mostly-false,"['true', 'mostly-true', 'half-true', 'mostly-false', 'false']",5,True
Democrats paid Beyoncé $11 million for an endorsement.,false,false,['false'],1,True
"California’s rent control measure Proposition 10 would have ""No effect on homeowners""",half-true,false,"['mostly-false', 'false']",2,False
“Coca-Cola cuts ties with Taylor Swift over (Kamala) Harris endorsement.”,false,false,['false'],1,True
"""Thanks to you, in under one week we have the largest GOP (Facebook) page in the Governor's race!""",true,true,['true'],1,True
"“Illegal” Haitians in Springfield, Ohio, are “reportedly killing and eating pets.”",pants-fire,false,"['mostly-false', 'false', 'pants-fire']",3,True
Says he “saved Kenosha” and the “governor wouldn’t move” on sending the National Guard.,pants-fire,false,"['mostly-false', 'false', 'pants-fire']",3,True
"""70 percent of the people who voted"" on June 5, 2012, ""just didn’t feel comfortable with the recall of the governor,"" weakening any idea that Wisconsin is ""fully behind this Walker agenda.""",half-true,half-true,"['mostly-true', 'half-true']",2,True
“New York Mail-In voting is in a disastrous state of condition. Votes from many weeks ago are missing - a total mess. They have no idea what is going on. Rigged Election.”,mostly-false,mostly-false,"['mostly-false', 'false']",2,True
“Trump can’t be on the Texas ballot because of our state constitution.”,false,false,"['true', 'mostly-false', 'false']",3,True
“Netflix stock tumbles almost 40%” after the company donated to Kamala Harris’ campaign.,false,false,['false'],1,True
"""This race will be the Democrats’ top target this November.""",false,false,['false'],1,True
"Says Rick Santorum ""voted to let convicted felons vote.""",half-true,mostly-true,"['true', 'mostly-true', 'half-true', 'mostly-false', 'false']",5,True
"""Every month, another 50,000 U.S.-born Hispanics turn 18 and become eligible to vote.""",mostly-true,mostly-true,"['true', 'mostly-true']",2,True
Screenshots of documents show a former student of Democratic vice presidential candidate Tim Walz has lodged sexual abuse allegations against him.,pants-fire,false,"['mostly-false', 'false']",2,False
"Florida election officials’ requests to some residents to submit proof of citizenship is a ""backdoor poll tax.""",half-true,mostly-true,"['true', 'mostly-true', 'half-true', 'mostly-false', 'false']",5,True
"Voter ID ""is supported, if you look at any poll, by 70 to 80% of the public.""",true,mostly-true,"['true', 'mostly-true', 'half-true', 'mostly-false', 'false']",5,True
"Says Republican U.S. Senate candidate Eric Hovde claims he ""understands the tragedy of children being trafficked through Central America because he owns three homes there.""",mostly-false,half-true,"['mostly-true', 'half-true', 'mostly-false', 'false']",4,True
"""The majority last quarter of Sherrod Brown's campaign contributions came from outside of the state of Ohio.""",false,false,['false'],1,True
"""I have won more elections than any chairman since 1938.""",half-true,half-true,['half-true'],1,True
"""Unlike Mike Pence, (JD) Vance said he would have carried out Trump's plan to overturn the 2020 election.""",mostly-true,false,"['true', 'mostly-true', 'half-true', 'mostly-false', 'false']",5,True
"""Governor Christie also remains the only Governor since World War II, among both Democrats and Republicans, who failed to have his party win control of at least one legislative body over the course of his term.""",false,mostly-true,"['true', 'mostly-true', 'half-true', 'mostly-false', 'false']",5,True
"Women are ""disproportionately impacted by voter ID laws — especially married women who change their names, or those whose IDs do not accurately reflect their gender.""",mostly-true,true,"['true', 'mostly-true']",2,True
"He's been endorsed by ""every major newspaper here in the state of Texas.""",true,true,"['true', 'mostly-true']",2,True
"A Florida elections bill “guts everything” “instead of getting tough, and doing what the people want (same day voting, Voter ID, proof of Citizenship, paper ballots, hand count, etc.).”",false,false,"['mostly-false', 'false']",2,True
"Says that in the 1985 election former Gov. Tom Kean had ""the largest winning margin for a gubernatorial candidate in Jersey history.""",true,true,"['true', 'mostly-true']",2,True
"Claims that Democratic candidate for governor Matt Flynn ""told one child predator to ‘wait and see,’ when he should have turned him in to authorities.""",half-true,half-true,['half-true'],1,True
“I brought back Big Ten football.”,mostly-false,false,"['mostly-false', 'false']",2,True
"""This is not the first time (the Russians) have been involved in our elections.""",half-true,half-true,"['mostly-true', 'half-true', 'mostly-false', 'false']",4,True
"""Rick Scott got a majority of the Hispanic vote in Florida.""",mostly-false,mostly-false,"['mostly-true', 'half-true', 'mostly-false', 'false']",4,True
Says Denzel Washington supports Donald Trump and speaks out against Barack Obama.,pants-fire,false,"['false', 'pants-fire']",2,True
“They want to make our Army tanks all electric.”,false,false,"['mostly-false', 'false']",2,True
"""This is the first time a party has picked up multiple seats during a regular election since the mid 1980s, making this the largest majority of any party in more than 25 years.""",mostly-true,mostly-true,"['true', 'mostly-true']",2,True
"""We had a three-hour debate, no discussion about the national debt, very little about the economy.""",mostly-true,mostly-true,"['true', 'mostly-true', 'half-true', 'mostly-false', 'false']",5,True
Says left-wing activist John Sullivan “incited (the) insurgence of (the) US Capitol.”,mostly-false,false,"['mostly-false', 'false']",2,True
“I had zero emails that were classified.”,half-true,false,"['mostly-false', 'false']",2,False
"""We won (Wisconsin in 2016) not so late in the evening — a little bit early in the evening, actually, which is even better.""",false,false,"['half-true', 'mostly-false', 'false']",3,True
"Says 93,000 blacks didn’t vote in Milwaukee (in 2016)",mostly-true,false,"['mostly-false', 'false']",2,False
“CBS (News) is reporting cheating in the election.”,false,false,['false'],1,True
"Says that if Texas, California and New York all voted for Democratic presidential nominees, ""it would be mathematically impossible for Republicans to elect a president.""",false,false,"['true', 'mostly-true', 'half-true', 'mostly-false', 'false']",5,True
Proof of citizenship isn't necessary before you register to vote in Florida.,mostly-false,false,"['true', 'mostly-false', 'false']",3,True
"The Colorado caucus system for selecting Republican delegates is ""rigged.""",false,false,"['mostly-true', 'half-true', 'mostly-false', 'false']",4,True
"If Joe Biden steps down, Nancy Pelosi will become vice president.",false,false,"['mostly-false', 'false']",2,True
"""An April study found that about 70 percent of ads in this election cycle have been negative [due to SuperPACs], up from only 9 percent through the same period in 2008.""",mostly-true,true,"['true', 'mostly-true']",2,True
Says Donald Trump posed as an anonymous “Nevada poll worker” on Laura Ingraham’s show.,false,pants-fire,"['false', 'pants-fire']",2,True
"During the 2020 Minnesota riots after George Floyd’s murder, Gov. Tim Walz didn’t call in the National Guard, “so, I sent in the National Guard to save Minneapolis.”",false,false,"['mostly-false', 'false']",2,True
"Says conservative website Judicial Watch published a story about “elite” units of the National Guard recounting official ballots that were printed with “an invisible, unbreakable code watermark and registered on a Quantum Blockchain System.”",pants-fire,pants-fire,"['false', 'pants-fire']",2,True
Text message shows Turnout the Vote offering “$200 to vote for Kamala Harris.”,false,false,['false'],1,True
“USPS failed to deliver 27% of mail-in ballots in South Florida”,pants-fire,false,"['mostly-true', 'half-true', 'mostly-false', 'false']",4,False
"Says Joe Biden said, “Why am I doing this? Why? What is my real aim?”",false,false,"['mostly-false', 'false']",2,True
"""FEC charges (Beto O'Rourke's 2018 campaign) Illegal Campaign Contributions.""",mostly-false,false,"['mostly-false', 'false']",2,True
"Vice President Kamala Harris responded, “Next question please,” when asked about the economy during an Aug. 29 CNN interview.",pants-fire,false,"['true', 'false', 'pants-fire']",3,True
"""Joe Biden just confirmed that he is running for president in 2020 and it has America applauding!""",false,false,['false'],1,True
"""Early voting remains at 96 hours.""",mostly-false,false,"['mostly-false', 'false']",2,True
"“CNN will implement a 1-2 minute delay for tonight’s presidential debate instead of the standard 7-second delay, potentially allowing time to edit parts of the broadcast.”",false,false,['false'],1,True
“The racial wealth gap is the smallest it’s been in 20 years.”,half-true,mostly-true,"['true', 'mostly-true', 'half-true', 'mostly-false', 'false']",5,True
"""The use of ballot drop boxes and ballot harvesting is illegal.”",mostly-false,false,"['half-true', 'mostly-false', 'false']",3,True
"""The Inspector General’s report now makes clear that the FBI launched an intrusive investigation of a U.S. presidential campaign on the thinnest of suspicions.""",mostly-false,false,"['true', 'mostly-true', 'half-true', 'mostly-false', 'false']",5,True
Says he can be on the ballot for Congress while serving time in jail.,mostly-true,true,"['true', 'mostly-true', 'half-true', 'mostly-false', 'false']",5,True
"""Texas had the worst voter participation in the country"" in the November 2014 elections.",mostly-true,mostly-true,"['true', 'mostly-true', 'half-true', 'mostly-false', 'false']",5,True
“People don’t pretend to be someone else to go in and vote. You just don’t see that kind of fraud.”,mostly-true,true,"['true', 'mostly-true']",2,True
"""Mitt Romney received exactly zero votes in at least 12 Cuyahoga County precincts.""",true,true,['true'],1,True
"Says that to drive the length of the newly drawn 15th District ""you’d find yourself on the road as long as it would take to drive from Columbus to Niagara Falls.""",mostly-true,mostly-true,"['mostly-true', 'half-true']",2,True
"""A record number of Hispanics were elected to the U.S House of Representatives...""",mostly-true,mostly-true,['mostly-true'],1,True
"Democrats have ""lost more than 900 state legislators"" since Barack Obama has been president.",true,true,"['true', 'mostly-true']",2,True
"""Victory! Republicans by 2 to 1 vote to endorse Mark Neumann on first ballot at GOP convention.""",false,false,['false'],1,True
"""I have tremendous support from women.""",false,false,"['mostly-false', 'false']",2,True
"""The number of new businesses started per year has dropped by 100,000 during this president’s term.""",half-true,mostly-false,"['mostly-true', 'half-true', 'mostly-false', 'false']",4,True
"The Broward Republican Executive Committee ""had the liberal League of Women Voters Guide removed from the Broward Supervisor of Election's website.""",half-true,true,"['true', 'mostly-true', 'half-true', 'mostly-false', 'false']",5,True
"“Illegal immigrants now have the right to vote in New York.""",false,false,['false'],1,True
"The Republican Party has ""21 percent party ID and shrinking.""",mostly-true,mostly-true,"['mostly-true', 'half-true']",2,True
"There are “180,000 registered new Amish voters in Lancaster, Pennsylvania.”",false,false,['false'],1,True
Americans aren’t required to show IDs to vote.,mostly-false,false,"['mostly-false', 'false']",2,True
"""Before the Republican wave in 2010, Democrats had an advantage on the generic ballot in Congress. Even in 1994 with the Gingrich revolution ... Democrats had that advantage.""",true,true,"['true', 'mostly-true']",2,True
"Says the U.S. Attorney’s Office said ""that neither I nor my campaign had any idea what was going on"" regarding my father's illegal campaign contributions. ""And that’s why they closed this case.""",mostly-true,half-true,"['mostly-true', 'half-true', 'mostly-false', 'false']",4,True
“Project 2025 wants to get rid of NOAA” and the National Weather Service.,half-true,mostly-false,"['mostly-true', 'half-true', 'mostly-false', 'false']",4,True
"Says U.S. Senate candidate Michelle Nunn was ""handpicked"" by President Barack Obama",half-true,false,"['true', 'mostly-true', 'half-true', 'mostly-false', 'false']",5,True
Philadelphia is “clouding the vote counting in a shroud of darkness.”,false,false,"['mostly-false', 'false']",2,True
“We are now the only country in the world that uses mail-in voting.”,false,false,"['mostly-false', 'false', 'pants-fire']",3,True
"""This ban will only apply to Oregon commercial fishermen. Washington commercial fishermen would still be allowed to use gillnets on the Columbia River.""",half-true,half-true,['half-true'],1,True
"“JD Vance actually sent a letter last year to the Department of Justice saying, ‘enforce the Comstock Act.’”",true,true,"['true', 'mostly-true']",2,True
Pennsylvania Senate candidate John Fetterman’s tattoo references ‘heroin use’ and the Crips,mostly-false,false,"['mostly-true', 'half-true', 'mostly-false', 'false']",4,True
“Arizona BANS Electronic Voting Machines.”,false,false,"['mostly-false', 'false']",2,True
Says Republicans just won two congressional seats in North Carolina “that were not supposed to be won.”,mostly-false,false,"['true', 'mostly-true', 'half-true', 'mostly-false', 'false']",5,True
"""[Hillary Clinton]'s not trusted -- virtually at all.""",mostly-false,mostly-false,"['mostly-true', 'half-true', 'mostly-false', 'false']",4,True
"Says county parties representing more than half the state’s Republican voters approved resolutions ""demanding changes"" in Texas House leadership.",true,mostly-true,"['true', 'mostly-true', 'half-true', 'mostly-false', 'false']",5,True
"China has ""not acted so well with our elections. They’ve tampered with our elections quite a bit.""",false,false,"['mostly-false', 'false']",2,True
"""One in 13 Black Americans are deprived of the right to vote.""",half-true,mostly-true,"['true', 'mostly-true', 'half-true']",3,True
A Phoenix TV station aired the election results more than a week early.,half-true,half-true,['half-true'],1,True
"""Mickey Mouse was registered to vote (in Florida).""",false,false,"['true', 'false', 'pants-fire']",3,True
"""California sends 440,000 ballots to ineligible voters.""",false,false,"['mostly-false', 'false']",2,True
"“In a majority of states, new voters are able to obtain a rifle quicker than they’re able to cast their first ballot.”",mostly-true,mostly-true,"['true', 'mostly-true', 'half-true']",3,True
"Under the Trump administration's trade deal, “China's only fulfilled one-third of the promises of agricultural products that they were supposed to buy from our farmers.”",half-true,mostly-true,"['mostly-true', 'half-true', 'mostly-false']",3,True
"“We waited 24 hours and got a measly 62k votes"" in Maricopa County",false,false,"['mostly-true', 'half-true', 'mostly-false', 'false']",4,True
"Says Michelle Obama ""said she was never proud of her country til they elected her husband POTUS.""",false,false,['false'],1,True
"""The best estimate is that 200,000 people in Wisconsin were either denied or chilled in their efforts to vote"" in the 2016 presidential election.",mostly-false,mostly-false,"['mostly-false', 'false']",2,True
"Kamala Harris “returned” a $5,000 donation Donald Trump made to her campaign in 2011.",false,false,['false'],1,True
"“California voters to be able to download ballots at home for recall election, sparking security concerns.”",mostly-false,false,"['mostly-true', 'mostly-false', 'false']",3,True
Kamala Harris “wants to defund the police.”,mostly-false,false,"['mostly-false', 'false']",2,True
"In 2012, the state ""put together a list of over 100,000 people that they thought were ineligible to vote. Came out there were less than 10.""",mostly-false,mostly-true,"['true', 'mostly-true', 'half-true', 'mostly-false', 'false']",5,True
Kamala Harris has adopted the Nazi-rooted phrase “Strength Through Joy” as her campaign slogan.,false,false,['false'],1,True
"""In its current state, this bill is the most restrictive voter ID legislation in the nation.""",true,true,['true'],1,True
"Says “47 additional counties used the same software that caused a ‘glitch’ in Antrim County (that switched 6,000 votes from Trump to Biden in that county)” and votes in the state are “potentially fraudulent.”",mostly-false,false,"['mostly-false', 'false']",2,True
"""Any Floridian who has ever requested an absentee ballot henceforth gets one automatically.""",false,false,"['half-true', 'mostly-false', 'false']",3,True
"""I won the majority of the Republican vote in both New Hampshire and South Carolina.""",false,false,['false'],1,True
"Summer “protesters outside the White House were met with tear gas, rubber bullets, a full militarized response. While ... rioters were able to breach the Capitol.”",true,true,"['true', 'mostly-true']",2,True
"Says SJR 11 ""seeks to fix what is very quickly becoming a problem in Missouri — initiative petitions and referendums are being filed at record highs.""",mostly-true,true,"['true', 'mostly-true', 'half-true']",3,True
California’s registered independent voters “will not be able to vote republican come 2020.”,false,false,"['mostly-false', 'false']",2,True
"""Candidate Slotkin had presented herself as a moderate and as someone who’d be independent-minded, but her time in office was making it increasingly clear that no, she was very partisan, voting 96% of the time with Speaker Pelosi.""",mostly-false,true,"['true', 'mostly-true', 'half-true']",3,False
"“The recent statement by Chris Krebs on the security of the 2020 Election was highly inaccurate, in that there were massive improprieties and fraud.""",pants-fire,false,"['false', 'pants-fire']",2,True
"""There has never been an alderman who has defeated an incumbent mayor in the history of this great city.""",true,true,['true'],1,True
"Says that voter identification laws ""keep poor people from voting, minorities from voting, the elderly from voting, students from voting.""",half-true,mostly-true,"['mostly-true', 'half-true']",2,True
"Virginia Democrats recently enforced voter ID rules that were ""considerably more stringent than those contained in the state law they denounce.""",half-true,mostly-true,"['true', 'mostly-true', 'half-true', 'mostly-false', 'false']",5,True
"“If you use the US Postal Service certified mail or registered mail, they can do anything they want with those ballots."" They “can burn your mail and they won't get in any trouble.”",pants-fire,false,"['mostly-false', 'false']",2,False
Dominion Voting Systems “deleted 2.7 million Trump votes nationwide.”,pants-fire,false,"['false', 'pants-fire']",2,True
The 2020 election was the only time in American history that an election took more than 24 hours to count.,false,false,['false'],1,True
Says President Joe Biden “recently said that 48.8% of Wisconsin voters are threats to democracy.”,false,false,"['mostly-false', 'false']",2,True
"Says Paul Manafort ""played a very limited role"" in the Trump presidential campaign.",false,false,"['mostly-true', 'half-true', 'mostly-false', 'false']",4,True
These guys are now pretty much living up to the @BruceRauner standard. And falling dismally short of the @MittRomney standard. Even Romney released his full tax returns.,true,true,"['true', 'mostly-true', 'half-true', 'false']",4,True
Graph shows Gretchen Whitmer stole the Michigan gubernatorial election.,pants-fire,pants-fire,['pants-fire'],1,True
"""The turnout on May 14th was just 7 percent -- the lowest turnout in decades.""",mostly-true,mostly-true,"['mostly-true', 'half-true', 'mostly-false']",3,True
“The great replacement theory is not some grand right-wing conspiracy theory. But a basic statement of the Democratic Party's platform.”,pants-fire,false,"['mostly-false', 'false']",2,False
“CAN I CHANGE MY VOTE? ... The answer in most states is YES.”,mostly-false,false,"['mostly-false', 'false']",2,True
Says over 90 percent of Travis County’s eligible residents have registered to vote.,true,mostly-true,"['true', 'mostly-true', 'half-true']",3,True
The voting rights bill “would register millions of illegal aliens to vote. It is intended to do that.”,pants-fire,false,"['mostly-false', 'false']",2,False
"Data shows some voters cast multiple votes, meaning ""at least 164,568 illegal votes have been cast” in Michigan.",false,false,"['mostly-false', 'false']",2,True
"""This midterm (election), the president did better than the average president does in his first midterms.""",false,false,['false'],1,True
Suggests that an immigrant charged with sexually assaulting a child entered the U.S. illegally during the Biden administration.,false,false,"['mostly-false', 'false']",2,True
"“The weapons that Ukraine used in the early days of this war to fend off the Russian invasion are the weapons that Donald Trump sent, that Barack Obama and Joe Biden had refused to send.”",half-true,mostly-false,"['true', 'mostly-true', 'half-true', 'mostly-false', 'false']",5,True
"""Barack Obama said he would debate 'anywhere, anytime' but has rejected joint town hall meetings.""",half-true,half-true,"['mostly-true', 'half-true', 'mostly-false']",3,True
“CNN is now saying that Trump will win!”,false,false,['false'],1,True
Tim Walz “changed the Minnesota flag so it could resemble the Somalian flag.”,false,false,['false'],1,True
Says Joe Biden has “written a letter of apology” for calling Trump’s travel restrictions from China “xenophobic.”,false,false,['false'],1,True
"Democratic candidate Jeff Greene ""ran for Congress as a California Republican.""",true,true,['true'],1,True
"""When we go to vote, they ask for driver's license and verify that you are a voter and a citizen in the state of Texas.""",half-true,half-true,['half-true'],1,True
“It was just Biden and Trump in 2020” general election ballots.,false,false,['false'],1,True
Kamala Harris’ “plan to tax unrecognized Capital Gains mean(s) if your house goes up in value you will have to pay that Tax Even if you don’t sell your House!”,mostly-false,false,"['mostly-false', 'false']",2,True
"As of Dec. 12, 2023, Geert Wilders was the “new prime minister of the Netherlands.”",false,false,['false'],1,True
"Twenty four states have voter ID or comparable restrictions; before Barack Obama was elected, it was two.",half-true,mostly-true,"['true', 'mostly-true', 'half-true', 'mostly-false']",4,True
"Between 27,000 and 200,000 Wisconsinites were ""turned away"" from the polls in 2016 due to lack of proper identification.",pants-fire,false,"['mostly-false', 'false', 'pants-fire']",3,True
Kamala Harris voted in favor of passing a law in 2022 to tax tips.,false,false,"['mostly-false', 'false']",2,True
"Says Madison Mayor Paul Soglin's stated intent when proposing that city contractors disclose private political donations was to ""discourage contributions to organizations with which he disagrees.""",true,true,"['true', 'mostly-true', 'half-true', 'mostly-false', 'false']",5,True
"""Wisconsin is one of the few states in the country that do not currently require a photographic identification"" to vote.",false,false,['false'],1,True
"Texas found that 95,000 noncitizens were registered to vote.",false,false,['false'],1,True
Wisconsin elections administrator Meagan Wolfe “allowed for the use of illegal drop boxes and ballot harvesting.”,false,false,"['mostly-false', 'false']",2,True
"Tony Evers “wants to let out between 9,000 and 10,000 more” Wisconsin prisoners",false,false,"['mostly-false', 'false']",2,True
Says Republicans supported legislation on early voting and in-person voting in 2005.,true,true,['true'],1,True
"Said Dianne Feinstein said ""there is no collusion"" between the Trump campaign and Russia.",false,false,"['mostly-false', 'false']",2,True
"""The Democrats have over  20 field agents to our zero.""",half-true,half-true,['half-true'],1,True
"Says U.S. Sen. Ron Johnson, his prospective opponent, has received $1.2 million from the gun lobby.",half-true,mostly-false,"['mostly-true', 'half-true', 'mostly-false', 'false']",4,True
Sen. JD Vance admitted he has a ‘rent-a-dog’ from the Trump campaign to make him “seem like a dog person.”,false,false,['false'],1,True
Maxine Waters told her followers on X not to follow Omar Navarro because he is a “Hispanic Republican.”,pants-fire,pants-fire,['pants-fire'],1,True
"""Right now the Tea Party polls higher than the Republicans and the Democrats.""",false,false,['false'],1,True
"""Chris Christie has led New Jersey to a record-breaking 9 credit downgrades.""",mostly-true,true,"['true', 'mostly-true', 'half-true', 'false']",4,True
"Says Will Hurd ""cosponsored a bill that would militarize our border and allow 200 miles of new roads to be built in the Big Bend region -- cutting up our beloved park.""",half-true,mostly-true,"['true', 'mostly-true', 'half-true', 'mostly-false', 'false']",5,True
"In Iowa, ""they have allowed a little over 300 people to re-vote.""",pants-fire,pants-fire,['pants-fire'],1,True
"""There are hit squads being trained all over this country” to violently oppose a second term for President Donald Trump.",false,false,"['mostly-false', 'false', 'pants-fire']",3,True
"""I'm not a politician.""",half-true,half-true,['half-true'],1,True
"The Freedom to Vote Act ""automatically registers ineligible voters.""",false,false,"['mostly-false', 'false']",2,True
GOP-authored elections bill “requires valid votes to be tossed out … if a computer rejects a signature.”,false,false,"['true', 'mostly-true', 'half-true', 'mostly-false', 'false']",5,True
Biden’s strategy is to “get as many illegals in the country as possible” and “legalize them to create a permanent majority.”,false,false,"['mostly-false', 'false', 'pants-fire']",3,True
Say Sen. Lindsey Graham supports the Green New Deal.,pants-fire,false,"['mostly-false', 'false', 'pants-fire']",3,True
"Officials in Fairfax, Va., gave 100,000 Trump votes to Biden.",mostly-false,false,"['mostly-false', 'false']",2,True
"The ""error rates"" for the Fulton County elections department are ""well below the average.""",false,false,['false'],1,True
"An ongoing audit of the 2020 presidential election in Arizona “showed Trump ahead by 250,000” votes, and “nearly 950,000 ballots are declared illegal, nearly all for Biden.”",pants-fire,false,"['mostly-false', 'false']",2,False
"Says Beto O’Rourke did his father-in-law’s ""bidding on the El Paso City Council, pushing a downtown redevelopment scheme to bulldoze a poor Hispanic neighborhood while enriching developers like his father-in-law.""",half-true,mostly-false,"['mostly-true', 'half-true', 'mostly-false', 'false']",4,True
"When Mitt Romney chose Paul Ryan as his vice-presidential running mate, ""that was the end"" of Romney’s chances to win.",false,false,['false'],1,True
Minnesota Gov. Tim Walz “forced schools to stock tampons in boys’ bathrooms.”,mostly-false,false,"['mostly-false', 'false']",2,True
"“Electronic voting machines didn't allow people to vote” in Maricopa County, Arizona.",false,false,"['mostly-false', 'false']",2,True
"Gov. Rick Scott ""tried to kick 180,000 people off the voter rolls.""",false,false,"['true', 'mostly-true', 'half-true', 'mostly-false', 'false']",5,True
"“Just last week, Ruben Gallego voted to let the millions of people who poured into our country illegally cast a ballot in this upcoming election.”",false,false,"['mostly-false', 'false']",2,True
"""BP is setting up claims offices throughout the state.""",mostly-true,mostly-true,['mostly-true'],1,True
“Conservative Supreme Court Justices vote remotely to deny Wisconsin voters their right to vote remotely.”,half-true,false,"['half-true', 'mostly-false', 'false']",3,True
"North Carolina “always had nonpartisan judicial races, and when the Republicans took over several years ago they changed it.”",mostly-false,false,"['half-true', 'mostly-false', 'false']",3,True
"Says the Clinton Foundation ""accepted millions and millions of dollars from governments like Algeria, Saudi Arabia, Oman and the United Arab Emirates,"" which violated ""a ban on all contributions to the Foundation from foreign nations.""",mostly-false,mostly-true,"['true', 'mostly-true', 'half-true', 'mostly-false', 'false']",5,True
"Cher ""is moving to Canada because of President Trump.""",false,false,['false'],1,True
"Says Sen. Bob Casey, D-Pa., “is trying to change the outcome of the election by counting NON-CITIZEN votes.”",false,false,"['mostly-false', 'false', 'pants-fire']",3,True
"Rep. Alexandria Ocasio-Cortez “faces 5 Years in Jail For FEC Crimes.""",false,false,['false'],1,True
"New York state has ""no ID requirement"" to vote, and people could lie about their address and ""vote in multiple precincts.""",mostly-false,false,"['mostly-false', 'false']",2,True
"Says Greg Abbott ""converted over $1 million in federal grant money intended for use to prosecute online sexual predators and other cyber crimes and instead used it to harass and prosecute senior citizens who were assisting other senior citizens in applying for mail-in ballots.""",false,mostly-false,"['true', 'mostly-true', 'half-true', 'mostly-false', 'false']",5,True
Vice President Kamala Harris “is a communist. … She is really a Marxist.”,pants-fire,false,"['mostly-false', 'false', 'pants-fire']",3,True
"Says Wisconsin Gov. Scott Walker is making voting more difficult by closing Department of Motor Vehicles offices where ""low-income voters"" live.",false,false,['false'],1,True
"“In Nevada, the GOP is succeeding in throwing out the votes of thousands of young people.”",mostly-false,mostly-false,"['mostly-true', 'half-true', 'mostly-false', 'false']",4,True
"“Polling center tells some Republicans they ‘already voted’"" in the California recall election.",half-true,false,"['mostly-false', 'false']",2,False
"California’s Proposition 63 would ""CRIMINALIZE the sharing of ammunition between friends who may be hunting or shooting together.""",mostly-false,false,"['mostly-false', 'false']",2,True
"""When Deborah took office, the (Sellwood Bridge) project had languished for years, with only $11 million in funds. With her leadership the remaining funding was secured that got the project moving forward.""",mostly-true,true,"['true', 'mostly-true']",2,True
Gov. Tim Walz insulted Ann Coulter’s romantic history after she called his son “weird.”,false,false,['false'],1,True
Says the NAACP's Ohio chapter has endorsed Issue 2.,mostly-false,mostly-false,"['mostly-false', 'false']",2,True
"California ""admitted"" there were ""a million"" illegal votes in the 2016 presidential election.",pants-fire,false,"['false', 'pants-fire']",2,True
"“Feds Seize 19,888 Fake State Driver Licenses (Made in China) in Chicago O'Hare Airport - ALL Registered to Vote -- ALL Demorats!”",false,false,"['mostly-false', 'false']",2,True
"A forensics examination of a Ware County, Ga., Dominion Voting Systems machine found votes were switched from Donald Trump to Joe Biden.",false,false,"['mostly-false', 'false']",2,True
"""Reports from Whitfield County, GA that Dominion machines are flipping votes. This is exactly the kind of fraud we saw in 2020.""",pants-fire,pants-fire,['pants-fire'],1,True
"My support from young voters -- those 18 to 24 --  in November 2014 was ""largely unheard of for a Republican.""",half-true,half-true,['half-true'],1,True
"""Cuba has a lung cancer vaccine we in the US had no access to because we sanctioned Cuba.”",half-true,mostly-false,"['mostly-true', 'half-true', 'mostly-false', 'false']",4,True
"“A STOLEN ELECTION: State totals minus illegal ballot trafficking numbers give President Trump decisive victories in AZ, GA, MI, PA, and WI.”",false,false,"['mostly-false', 'false', 'pants-fire']",3,True
Says “Tim Michels wants to defund public education — calling it ‘the definition of insanity’ to continue to fund public schools.”,mostly-false,mostly-false,"['mostly-true', 'half-true', 'mostly-false', 'false']",4,True
A $2 million grant for Georgia’s DeKalb County amounts to a “private takeover of election offices.”,false,false,"['mostly-true', 'half-true', 'mostly-false', 'false']",4,True
"“MAGA Republicans like Kari Lake support Project 2025, which would raise the retirement age for 73% of Arizonans.”",mostly-false,false,"['mostly-false', 'false']",2,True
“Biden’s let in 8 million people just in four years.”,mostly-false,false,"['mostly-false', 'false']",2,True
"“In Montana, we cherish our public lands. But Tim Sheehy called to transfer them off, so the ultra-rich can buy them up.”",false,mostly-false,"['mostly-true', 'half-true', 'mostly-false', 'false']",4,True
"“Actually, I won Wisconsin.”",pants-fire,false,['false'],1,False
"""For the hour after the (Jan. 14) debate, 'Debra Medina' was the No. 1 search on Google and for the remainder of that night No. 3.""",false,false,['false'],1,True
Says H.R. 1 “allows minors to vote.”,false,false,"['mostly-false', 'false']",2,True
“They’re still counting the (2024 election) vote in some areas.”,false,false,"['mostly-false', 'false']",2,True
“Georgia and Kansas Capitol buildings have been stormed by protesters.”,false,false,"['true', 'mostly-true', 'half-true', 'mostly-false', 'false']",5,True
A Montana Democratic operative was caught tampering with a ballot box.,false,false,['false'],1,True
Wisconsin makes it more difficult for its citizens to vote than almost any state in the nation.,true,mostly-true,"['true', 'mostly-true', 'half-true', 'mostly-false']",4,True
The USPS backdated 100K ballots so they could be counted illegally.,false,false,"['mostly-false', 'false', 'pants-fire']",3,True
"""Ohio has one of the highest provisional ballot rates in the country, and many of them go uncounted each election.""",true,true,['true'],1,True
"“9,871,525 is the number of registered voters in AZ according to FB. AZ population is 7,270,000.”",mostly-false,false,"['mostly-false', 'false']",2,True
Says the April 22 jump in COVID-19 cases was related to the election.,false,false,"['mostly-false', 'false']",2,True
"""Mark Harris worked to stop Trump from being president.""",mostly-false,half-true,"['true', 'mostly-true', 'half-true', 'mostly-false', 'false']",5,True
"""Pennsylvania Federal Court grants legal authority to remove Trump after Russian Meddling.""",pants-fire,false,"['mostly-false', 'false']",2,False
"In 2018, when he ran for senator, ""young voter turnout in early voting was up 500%. We won more votes than any Democrat has in the history of the state of Texas.""",true,true,"['true', 'mostly-true']",2,True
An election worker in Georgia threw away a ballot.,false,false,"['mostly-false', 'false']",2,True
"Says Paul Workman ""voted in the Democrat primary, supporting Democrats with his vote.""",true,true,['true'],1,True
"""Two years ago, the longest serving leader of the California republic, Jerry Brown, boldly declared in China that California is a separate nation.""",pants-fire,false,"['mostly-false', 'false']",2,False
“Republican leadership has not been clear about whether they support Rep. Ramthun’s illegal and undemocratic resolution” on the 2020 election.,false,mostly-true,"['true', 'mostly-true', 'half-true', 'mostly-false', 'false']",5,True
"Under federal law, former President Donald Trump’s “felony convictions mean he can no longer possess guns.”",true,true,"['true', 'mostly-true']",2,True
"The typical elementary school teacher pays $7,239 in federal income taxes, and firefighters pay $5,328, while Donald Trump paid $750.",half-true,mostly-false,"['mostly-true', 'half-true', 'mostly-false', 'false']",4,True
Jussie Smollett is Kamala Harris’ nephew.,false,false,['false'],1,True
"Four members of the Rhode Island General Assembly ""went to vote in 2010 and were told they had already voted.""",false,false,"['true', 'mostly-true', 'half-true', 'mostly-false', 'false']",5,True
"""During the last election, Democrats won over a million votes more than Republicans, but because of the way districts are designed, the Republicans got 33 more members of the House of Representatives than the Democrats did.""",mostly-true,mostly-true,"['true', 'mostly-true', 'half-true']",3,True
"If an election worker writes anything on your ballot before you put it in the voting machine, “your ballot could be disqualified.”",false,false,['false'],1,True
Says Joe Biden took a knee during the national anthem.,false,false,"['mostly-true', 'half-true', 'mostly-false', 'false']",4,True
"""There are legitimate and widespread anomalies, and widespread questions about the conduct of (the Wisconsin Supreme Court) election, most visibly in Waukesha County, but also in counties around the state.""",mostly-false,mostly-false,"['mostly-true', 'half-true', 'mostly-false']",3,True
"The Southern strategy is a ""myth"" that ""never happened.""",false,false,"['mostly-false', 'false', 'pants-fire']",3,True
"“In Nevada, they want to have a thing where you don’t have to have any verification of the signature” on ballots.",false,false,"['mostly-false', 'false']",2,True
"Says Beto O’Rourke perpetuated stereotypes, ""casting aspersions on working women whose ‘only qualifications seemed to be large breasts and tight buttocks’.""",mostly-true,false,"['true', 'mostly-true', 'half-true', 'mostly-false', 'false']",5,True
"""The president won the youth vote 3 to 1, but his numbers have dropped 20, 30 percent among the youth.""",mostly-true,mostly-true,"['mostly-true', 'half-true', 'mostly-false', 'false']",4,True
"""Eleven states complete their [legislative] sessions within three calendar months, and another five only meet biennially.""",mostly-true,true,"['true', 'mostly-true', 'half-true']",3,True
"“Trump's convictions have all been overturned and he is getting his $500,000,000.00 back!”",false,false,['false'],1,True
"“Sen. Jacky Rosen voted to increase taxes on families making less than $75,000 a year.”",mostly-false,false,"['mostly-false', 'false']",2,True
"""In New York, when she ran for reelection, she carried 58 of our 62 counties. George Bush had won 40 counties in New York just two years earlier.""",true,true,"['true', 'mostly-true']",2,True
"North Carolina has ""the strictest anti-gerrymandering standards in the entire country.""",false,false,"['mostly-false', 'false']",2,True
“Democrats want open borders so they can bring in and amnesty tens of millions of illegal aliens — that’s their electoral strategy.”,false,false,"['mostly-false', 'false', 'pants-fire']",3,True
"""If West Virginia had voted for our Democratic nominee in 2000 and 2004, we wouldn't have had to put up with George Bush for the last 7 years.""",half-true,half-true,['half-true'],1,True
"""Attention hunters: Voting in North Dakota could cost you your out-of-state hunting licenses.""",pants-fire,false,"['mostly-false', 'false']",2,False
"""The average margin of victory in the House of Representatives was 37%"" for Democrats and Republicans in the 2016 election.",true,true,"['true', 'mostly-true', 'half-true']",3,True
"One of the ""main functions"" of the Department of Homeland Security’s SAVE database is ""checking voter registration citizenship status.""",false,true,"['true', 'mostly-true', 'half-true', 'mostly-false', 'false']",5,True
"""Ruben Gallego wanted to defund the police. He actually co-sponsored legislation to defund the police.”",false,false,"['mostly-false', 'false']",2,True
Rep. Tim Ryan “wanted to decriminalize fentanyl.”,pants-fire,false,"['mostly-false', 'false']",2,False
"“If you count the legal votes, I easily win. If you count the illegal votes, they can try to steal the election from us.”",pants-fire,false,"['mostly-false', 'false', 'pants-fire']",3,True
"""Indiana has purged no less than 20,000 voters in violation of a federal court order.""",mostly-false,mostly-false,"['true', 'mostly-true', 'half-true', 'mostly-false', 'false']",5,True
“22 states will not be certifying the (2024) election.”,false,false,['false'],1,True
"I am ""the first Latina to run for governor of Texas.""",false,true,"['true', 'mostly-true', 'half-true', 'mostly-false', 'false']",5,True
An “audit report” found that a voting system used in Michigan in the 2020 presidential election was designed to “create systemic fraud.”,false,false,"['mostly-false', 'false']",2,True
"A precinct in the Allen West-Patrick Murphy recount has ""7 registered voters in Guatemalan community and the tally showed 900 voted!!!!!""",false,false,"['mostly-false', 'false', 'pants-fire']",3,True
Poll watchers in Philadelphia “were thrown out.”,false,false,"['mostly-false', 'false']",2,True
"“Gina Haspel, CIA head is dead!”",pants-fire,pants-fire,['pants-fire'],1,True
“California is registering non-citizens to vote and has refused to cooperate with the Federal Election Integrity Program.”,false,false,"['mostly-false', 'false']",2,True
"Says Paul Ryan ""is still endorsing Trump.""",true,true,['true'],1,True
“Paper ballots and hand counting never breaks down.”,false,false,['false'],1,True
“Pennsylvania had 2.6 million mail in votes that the court of appeals of PA held to be unconstitutional. Umm that alone means Biden lost PA.”,false,false,"['mostly-false', 'false', 'pants-fire']",3,True
"After a “major water main break,” Georgia election workers counted “18,000 ballots, all for Biden” that they pulled from suitcases and with no election observers present.",pants-fire,false,"['false', 'pants-fire']",2,True
"""There hasn’t been a Republican in the legislature or the City Council in Providence in over 30 years.""",mostly-false,mostly-true,"['true', 'mostly-true', 'half-true', 'mostly-false', 'false']",5,True
“Dead people also voted.”,pants-fire,false,"['mostly-false', 'false', 'pants-fire']",3,True
"""I did very well with young people in Ohio, Massachusetts, California.""",half-true,half-true,['half-true'],1,True
A person is on film “burning 80 Trump ballots.”,false,false,['false'],1,True
"""Snitker has been virtually ignored by the major media.""",true,true,['true'],1,True
"""There's been no conclusive or specific report to say"" Russia was trying to muddy the election.",false,false,"['mostly-false', 'false']",2,True
"""The Koch brothers alone gave twice as much money to Scott Walker as the total amount of money raised by Tom Barrett.""",false,false,"['true', 'false']",2,True
"Of Bernie Moreno, “Now, he’s arguing for a national abortion ban, no exceptions.”",half-true,mostly-false,"['mostly-true', 'half-true', 'mostly-false', 'false']",4,True
"""Right now, I’m polling at about 8 percent"" against Barack Obama and Mitt Romney.",mostly-false,mostly-false,"['mostly-false', 'false']",2,True
“Pennsylvania is under a court order to count their ballots on election day and not after!!”,pants-fire,false,"['mostly-false', 'false']",2,False
Says she condemned violence at a campaign stop in Arizona in March.,true,true,['true'],1,True
Says Josh Mandel’s campaign is under FBI investigation,false,false,['false'],1,True
The Republican Party has not won a presidential election without either a Bush or a Nixon on the ticket since 1928.,true,true,['true'],1,True
"""Chicago now has City ID Cards which allow illegal immigrants to vote in local, state & federal elections.""",false,false,['false'],1,True
“They are trying to make it illegal to question the results of a bad election.”,false,false,"['mostly-false', 'false', 'pants-fire']",3,True
U.S. Rep. Matt “Cartwright proposes to defund the Wilkes-Barre police.”,false,false,"['mostly-false', 'false']",2,True
"Says he won the second debate with Hillary Clinton ""in a landslide"" in ""every poll.""",pants-fire,pants-fire,"['false', 'pants-fire']",2,True
Says Joe Biden said “dozens of police were killed” during the Jan. 6 attack on the U.S. Capitol but “exactly zero people” died that day.,pants-fire,false,"['true', 'mostly-false', 'false']",3,False
"""We will be the first party to elect a bald guy to governor.""",false,false,['false'],1,True
"""The United States is about 100th in voter turnout among the industrialized nations, and Texas is near the bottom in terms of voter registration and voter turnout.""",mostly-true,mostly-true,"['true', 'mostly-true', 'half-true']",3,True
H.R. 1 would “prevent removal of ineligible voters from registration rolls.”,false,false,"['true', 'mostly-true', 'half-true', 'mostly-false', 'false']",5,True
"North Carolina is one of ""very few states"" that give the governor sole discretion to pick judges.",mostly-true,false,"['true', 'mostly-true', 'half-true', 'mostly-false', 'false']",5,True
"""In every single country, she had a majority of the vote -- or more of those who'd already made up their minds.""",mostly-true,mostly-true,"['true', 'mostly-true', 'half-true', 'mostly-false', 'false']",5,True
"Wisconsin is ""the most -- if not Number 1, number 2 -- gerrymandered state in the country"" for state legislative boundaries.",mostly-true,mostly-true,"['true', 'mostly-true']",2,True
"Says former North Carolina elections board chairman ""tried to drag a cancer-stricken woman out of her hospital bed to testify at her son’s hearing on the first day of early voting over a bogus complaint that the board hadn’t even fully investigated.""",mostly-false,false,"['true', 'mostly-true', 'half-true', 'mostly-false', 'false', 'pants-fire']",6,True
Church bells rang in Paris and fireworks were set off in London to celebrate Joe Biden’s presidential win.,false,false,['false'],1,True
Vice Presidential nominee Tim Walz “says that if Democrats win they’ll make (U.S. Rep. Alexandria Ocasio-Cortez) speaker of the house.”,false,false,['false'],1,True
"""The chairman of the party of Florida, who is an avid and outward supporter of Marco Rubio, gets to appoint 30 of those delegates.""",false,false,"['mostly-false', 'false']",2,True
Vice President Kamala Harris’ mother “worked the MK Ultra program” and was “involved in secret mind-control experiments.”,pants-fire,pants-fire,"['false', 'pants-fire']",2,True
“Only one person died on that day” during the Jan. 6 U.S. Capitol riot.,false,false,['false'],1,True
"Says the Senate Intelligence Committee has held 10 public hearings this year, ""more than double that held by the committee in any recent year.""",true,true,"['true', 'mostly-true']",2,True
"""Most"" of the newspapers that endorsed Alex Sink also endorsed Barack Obama.",mostly-true,mostly-true,"['mostly-true', 'half-true', 'mostly-false']",3,True
"On COVID-19, Donald Trump said that “maybe if you drank bleach you may be okay.”",mostly-false,false,"['mostly-false', 'false', 'pants-fire']",3,True
“Not one court has looked at the evidence and said that Biden legally won” the presidential election.,pants-fire,pants-fire,"['false', 'pants-fire']",2,True
A Paul Ryan-Scott Walker (or Scott Walker-Paul Ryan) ticket for the White House in 2016 would be unconstitutional because both men live in Wisconsin.,false,false,['false'],1,True
Says Bill White is refusing to debate.,pants-fire,pants-fire,['pants-fire'],1,True
"""Ukraine blatantly interfered in our election.""",false,false,"['mostly-false', 'false', 'pants-fire']",3,True
“Rep. Dean Phillips received almost twice as many votes as Biden did in the New Hampshire primary.”,pants-fire,false,['false'],1,False
"A judge has ordered a ""HAND RECOUNT by an INDEPENDENT COMMISSION in the state of Michigan, following hard evidence of voting fraud by Detroit City Election Commission.""",false,false,['false'],1,True
Says Mike Pence “said he won’t debate Kamala Harris.”,false,false,['false'],1,True
"""Seven Milwaukee wards report more 2020 presidential votes than registered voters.”",pants-fire,false,['false'],1,False
"As Florida secretary of state, Kurt Browning ""allowed 1,800 illegal voters to register in Florida.""",pants-fire,false,"['half-true', 'mostly-false', 'false']",3,False
"Says Wisconsin ""hadn’t been won by a Republican since Dwight D. Eisenhower, in 1952. And I won Wisconsin. …  Ronald Reagan, remember, Wisconsin was the state that Ronald Reagan did not win.""",pants-fire,pants-fire,['pants-fire'],1,True
“System 'Glitch' ... In Wisconsin - Reversal of Swapped Votes Removes Lead from Joe Biden.”,pants-fire,false,"['mostly-false', 'false', 'pants-fire']",3,True
"""It's an absolute fact"" that China and North Korea ""have consistently over many, many years"" meddled in U.S. elections.",false,false,['false'],1,True
"""Ohio’s electricity rates are 10 percent below the national average.""",mostly-true,mostly-true,['mostly-true'],1,True
"Pinellas County voters ""elected me as their chief financial officer … (and) elected me as (their) governor four years ago.""",true,true,"['true', 'mostly-true', 'half-true', 'mostly-false', 'false']",5,True
"Scott Walker was elected governor on a promise not to take campaign contributions ""from the date of his inauguration until the signing of the state budget,"" but broke it by taking nearly $5.6 million.",false,false,"['true', 'false']",2,True
"Says President Barack Obama carried Congressional District 13 ""by 8.2 points in 2008 and 5.6 points in 2012.""",false,false,"['true', 'mostly-true', 'half-true', 'mostly-false', 'false']",5,True
“Kamala involved in P-Diddy’s rapes and assaults.”,pants-fire,pants-fire,['pants-fire'],1,True
"""Team Trump has accused Ted Cruz of fraud"" in Iowa, Texas, Colorado, Oklahoma, Louisiana, Kansas, Maine, Utah and Wisconsin.""",half-true,mostly-false,"['true', 'mostly-true', 'half-true', 'mostly-false', 'false']",5,True
Says a picture of stacked mailboxes is proof of voter suppression in Wisconsin,false,false,"['mostly-false', 'false']",2,True
"""I earned more votes in the state of Wisconsin than Donald Trump did in New York.""",true,true,"['true', 'mostly-true']",2,True
"""Update: van full of illegals caught voting at multiple Alabama polling locations.""",pants-fire,pants-fire,['pants-fire'],1,True
"“Joe Biden’s margin of the less than 21,000 votes in Wisconsin was the tightest of any state in 2020.”",false,false,"['half-true', 'mostly-false', 'false']",3,True
"“If you were forced to use a Sharpie” to fill out your ballot, “that is voter fraud.”",false,false,"['mostly-false', 'false']",2,True
"Milwaukee's Marcus Performing Arts Center – where 'The Daily Show' had been scheduled – “was originally located in the ‘soft perimeter,’ they called it, security-wise” but “was shifted, understandably so, to the ‘hard perimeter.’”",false,false,"['half-true', 'mostly-false', 'false']",3,True
“Joe Biden is no longer the President-elect according to RealClearPolitics.”,false,false,['false'],1,True
ColoradoCare would have higher revenues than McDonald’s.,mostly-true,true,"['true', 'mostly-true', 'half-true']",3,True
Jan. 6 defendants “are being held in prison without being charged.”,false,false,"['true', 'mostly-true', 'half-true', 'mostly-false', 'false']",5,True
"""We have my opponent Sam Olens to thank for [the Arizona immigration ruling] since he was on the team that got Clinton elected.""",pants-fire,false,"['mostly-true', 'half-true', 'mostly-false', 'false']",4,False
“Many elections in Bexar are being called with 0% of precincts reporting! I smell MAJOR FRAUD!”,false,false,['false'],1,True
"""Opponents of Section 5 (of the Voting Rights Act) complain of state expense, yet their only cost is the paper, postage and manpower required to send copies of legislation to the federal government for review.""",half-true,half-true,['half-true'],1,True
"""Docs: Wisconsin Governor Scott Walker took $1 million from a pro-Putin Ukrainian businessman—last election cycle.""",mostly-false,mostly-false,"['mostly-true', 'half-true', 'mostly-false']",3,True
Says President Barack Obama's parents were communists.,false,false,['false'],1,True
"“Two years ago, Bob Casey promised us his vote will reduce inflation. ... Casey’s vote for reckless spending” made inflation worse.",mostly-false,mostly-false,"['mostly-false', 'false', 'pants-fire']",3,True
"Wisconsin’s Government Accountability Board ""wanted to consider Mickey Mouse and Adolf Hitler as valid signatures on recall petitions.""",false,false,['false'],1,True
"“All the billionaires in America, their net worth combined … has increased by $800 billion” during the pandemic.",mostly-true,mostly-true,"['mostly-true', 'half-true', 'mostly-false']",3,True
“The Vice President has the power to reject fraudulently chosen electors.”,false,false,['false'],1,True
"""With a stroke of a pen, the (U.S. Supreme Court) decided to overrule the 100-year-old ban on corporate expenditures.""",mostly-false,true,"['true', 'mostly-true', 'half-true', 'mostly-false', 'false']",5,True
"""Could I just point out that ... I seem to get the first question all the time?""",true,true,['true'],1,True
"In negotiating releases of Americans held abroad, “(I) gave the opposing country NOTHING — and never any cash.”",mostly-false,false,"['true', 'mostly-true', 'half-true', 'mostly-false', 'false']",5,True
"""I would be the first Republican senator elected in New Jersey in 41 years.""",true,true,"['true', 'mostly-true', 'false']",3,True
“The Post Office advises never send cash in the mail. It’s not secure. Vote by mail?”,mostly-false,false,"['mostly-false', 'false']",2,True
"Human error, such as skipping a community in the Wisconsin Supreme Court race, ""is common in (the vote-tabulation) process.",mostly-false,mostly-true,"['mostly-true', 'half-true', 'mostly-false']",3,True
"""It takes quite a while on Election Day to load those ballots, which is why we have the 1 a.m. or 3 a.m. ballot dumping in Milwaukee.""",true,true,"['true', 'mostly-true', 'half-true', 'mostly-false', 'false']",5,True
Dominion and Smartmatic “have closed up shop” and executives are “on the run.”,false,false,['false'],1,True
"""The president's party always gets shellacked in midterms. It's only twice, 1934 and 2002, that the president's party actually gained in both the House and the Senate.""",mostly-true,mostly-true,"['mostly-true', 'half-true']",2,True
“Sephora donated BIG to Trump’s campaign.”,false,false,['false'],1,True
"Says ""we’re losing one voter every 13 minutes.""",mostly-true,mostly-true,"['true', 'mostly-true', 'half-true']",3,True
"California Gov. Gavin Newsom “just let 76,000 inmates out of jail.""",false,false,"['mostly-false', 'false']",2,True
"States with voter ID laws have seen ""zero decrease"" in participation. ""Most have seen an increase.""",mostly-false,mostly-false,"['mostly-false', 'false']",2,True
Joe Biden told West Point graduates that “he is not planning to accept the results of the 2024 election” and he wants them to “stand back and stand by” to ensure Donald J. Trump doesn’t win.,false,false,['false'],1,True
"""Final election 2016 numbers: Trump won"" the popular vote.",pants-fire,false,"['mostly-false', 'false']",2,False
"There was ""serious voter fraud"" in California.",pants-fire,false,"['mostly-false', 'false', 'pants-fire']",3,True
"“Biden’s Air Force One is not the same as Trump’s Air Force One,” which indicates Biden is not the real president.",pants-fire,false,"['true', 'half-true', 'mostly-false', 'false']",4,False
"With voting machines, ""They say we're going to have the results in two weeks. With paper ballots, you have the results that night.""",false,false,"['mostly-false', 'false', 'pants-fire']",3,True
"""The president … by executive order"" could grant voting rights to illegal immigrants who are newly legalized under pending legislation.",pants-fire,false,"['mostly-false', 'false']",2,False
"""The fact is voter fraud is rampant.""",pants-fire,false,"['mostly-false', 'false']",2,False
"“The Arizona forensic audit found over 17,000 duplicates of votes.”",false,false,"['mostly-false', 'false']",2,True
"The death of Rep. Sheila Jackson Lee, D-Texas, six days after the Trump rally shooting was linked to her “oversight of the Secret Service.”",false,false,"['mostly-false', 'false']",2,True
"Said they reached a  ""power-sharing agreement"" with Republican Lt. Gov. Casey Cagle",pants-fire,pants-fire,['pants-fire'],1,True
"Says Donald Trump ""won more counties than any candidate on our side since Ronald Reagan.""",mostly-true,true,"['true', 'mostly-true', 'half-true']",3,True
"Says Rick Scott’s proposal for election reform ""only mandates 48 hours of early voting.""",mostly-true,half-true,"['true', 'mostly-true', 'half-true', 'mostly-false', 'false']",5,True
"It doesn't make sense ""historically"" to drop out because the 1968 race was still competitive when ""Bobby Kennedy was assassinated in June in California.""",mostly-false,mostly-true,"['mostly-true', 'half-true', 'mostly-false', 'false']",4,True
"The audit of the 2020 presidential election in Maricopa County, Ariz., “cost the taxpayers $6 million.”",mostly-false,false,"['true', 'mostly-true', 'half-true', 'mostly-false', 'false']",5,True
"Georgia Gov. Brian Kemp was calling President Joe Biden after Hurricane Helene but ""hasn't been able to get him.”",false,false,"['mostly-false', 'false']",2,True
"""Taxpayers are paying a fortune for the use of Air Force One on the campaign trail"" by President Barack Obama and Hillary Clinton.",mostly-true,mostly-true,"['true', 'mostly-true', 'half-true', 'mostly-false', 'false']",5,True
Split election results show the Arizona governor’s race was rigged.,pants-fire,pants-fire,['pants-fire'],1,True
"In Wisconsin, because a key provision of the Voting Rights Act was not in effect,  ""somewhere between 40,000 and 80,000 people were turned away from the polls (in 2016) because of the color of their skin"" and other factors.",pants-fire,pants-fire,"['false', 'pants-fire']",2,True
"Says the U.S. House’s COVID-19 relief bill, advanced by Democrats, “strips states of their right to administer elections.”",false,false,"['mostly-false', 'false']",2,True
"The new 21st State Senate district was ""created in secret for Van Wanggaard. It was drawn within half a block of his house.""",true,true,['true'],1,True
"""I was banned from talking about"" Bill Ayers during the 2008 presidential campaign.",pants-fire,false,"['mostly-true', 'half-true', 'mostly-false', 'false']",4,False
"""When President Obama was elected, the market crashed … Trump was up 9%, President Obama was down 14.8% and President Bush was down almost 4%. There is an instant reaction on Wall Street.""",mostly-false,false,"['true', 'mostly-true', 'half-true', 'mostly-false', 'false']",5,True
"Democrats failed to flip the Wisconsin state Senate because recall elections were in the ""deepest red districts in the state.""",mostly-false,mostly-false,"['half-true', 'mostly-false', 'false']",3,True
"Says under his plan to end cash bail ""the Waukesha perpetrator wouldn’t have been released """,mostly-true,mostly-false,"['true', 'mostly-true', 'half-true', 'mostly-false', 'false']",5,True
"“Anything that you lose on the tariff from the perspective of the consumer, you gain in higher wages, so you're ultimately much better off.”",false,false,"['mostly-false', 'false', 'pants-fire']",3,True
“The lady who leaked passwords for voting systems in Colorado is the same person who tried to remove Trump from the ballot.”,mostly-false,false,"['mostly-false', 'false']",2,True
"The ""left"" is blatantly attempting to disrupt Georgia’s elections.",false,false,"['mostly-false', 'false']",2,True
"Because of voter fraud, Republican candidates ""need to do a point or two better"" to win statewide elections in Wisconsin.",false,false,['false'],1,True
"Says Doug Jones ""is for full-term abortion.""",false,false,"['mostly-false', 'false']",2,True
The storming of the Capitol was staged.,false,false,"['mostly-false', 'false']",2,True
"""Over 1,000 people were denied a ballot on Election Day"" in the 2016 North Carolina primaries.",half-true,mostly-true,"['true', 'mostly-true', 'half-true', 'mostly-false', 'false']",5,True
"By advocating new requirements for voters to show ID cards at the polls, Republicans ""want to literally drag us all the way back to Jim Crow laws.""",false,false,"['mostly-true', 'half-true', 'mostly-false', 'false']",4,True
Kanye West’s access to Wisconsin’s ballot was “denied by liberals.”,mostly-false,false,"['mostly-false', 'false']",2,True
"Says Pete Buttigieg ran statewide in Indiana and ""lost by 20 points.""",true,false,"['true', 'mostly-true', 'half-true', 'mostly-false', 'false']",5,True
"“About 400,000 manufacturing jobs in the state of Michigan will go away with EV mandates.”",false,false,"['mostly-false', 'false', 'pants-fire']",3,True
The 2020 election “was stolen from Donald J. Trump.”,pants-fire,false,['false'],1,False
Says someone tried to suppress votes by disguising trash cans as ballot boxes.,false,false,"['mostly-true', 'half-true', 'mostly-false', 'false']",4,True
"Says Charlie Crist wants felons who ""commit a heinous crime"" such as ""intentional permanent disfigurement of a child, you walk out of jail, you immediately get to vote.""",mostly-false,false,"['mostly-false', 'false']",2,True
"The last three days of early voting ""happen to be the most populated days of voting that we have in early voting.""",mostly-true,mostly-true,['mostly-true'],1,True
"""The real electoral map"" shows Donald Trump leading Joe Biden in electoral votes.",false,false,['false'],1,True
Joe Biden or Donald Trump dropped out of the 2024 presidential race as of Feb 15.,false,false,['false'],1,True
Clips of Nikki Haley speaking about Hillary Clinton show Haley supports Clinton and is “not who she says she is.”,false,mostly-false,"['mostly-false', 'false']",2,True
"""‘Simple math’ shows Biden claims 13 million more votes than there were eligible voters who voted in 2020 election.”",pants-fire,false,"['mostly-false', 'false', 'pants-fire']",3,True
"""Brad Schimel said that he wanted to be part of Donald Trump's support network.""",mostly-true,false,"['true', 'mostly-true', 'half-true', 'mostly-false', 'false']",5,True
"""In Florida, when Jeb Bush was governor, state authorities conducted a deeply flawed purge of voters before the presidential election in 2000"" and ""in 2004 a plan to purge even more voters was headed off.""",mostly-true,true,"['true', 'mostly-true', 'half-true']",3,True
Absentee voting is different from mail-in voting and has more protections against fraud.,false,false,"['mostly-false', 'false', 'pants-fire']",3,True
"""Our campaign staff was the first to unionize in the history of politics.""",mostly-true,mostly-true,"['mostly-true', 'half-true']",2,True
"""The fact of the matter is that my colleague from New York, Senator Clinton, there are 50 percent of the American public that say they're not going to vote for her.""",mostly-true,true,"['true', 'mostly-true']",2,True
Michigan U.S. Senate candidate Mike Rogers “wants to cut Medicare and Social Security.”,false,mostly-false,"['mostly-true', 'half-true', 'mostly-false', 'false']",4,True
"""UPDATE: ‘Thousands’ voted for Doug Jones in Alabama town with population of 2,256""",pants-fire,pants-fire,['pants-fire'],1,True
"""Half of all NC legislative candidates are unopposed because of gerrymandering.""",mostly-true,mostly-true,"['mostly-true', 'half-true']",2,True
Delayed election results are proof of fraud.,false,false,"['mostly-false', 'false']",2,True
"If Missouri Amendment 1 passes, the auditor's office ""could take one district, St. Louis here, and merge it with a district in southwest Missouri, a Republican district, and they don't even have to touch.""",mostly-false,false,"['mostly-true', 'half-true', 'mostly-false', 'false']",4,True
Michelle Nunn ranks agriculture issues as the 18th most important items facing Georgia.,mostly-false,mostly-false,"['mostly-true', 'mostly-false', 'false']",3,True
"Challenger Tim Tuggey ""is a lobbyist who donated over $41,000 to Democrats who support abortion and same-sex marriage.""",mostly-false,mostly-false,"['mostly-true', 'half-true', 'mostly-false', 'false']",4,True
"""California Has 1.8M More Registered Voters Than It Should”",pants-fire,pants-fire,['pants-fire'],1,True
The Nashville bombing was an attempt to stop an AT&T audit into Dominion software and cover up election corruption.,pants-fire,false,['false'],1,False
"""Rick Scott’s Administration spent over $100,000 of taxpayer money during their first voter purge attempt in 2012.""",mostly-false,mostly-true,"['true', 'mostly-true', 'half-true', 'mostly-false', 'false']",5,True
"""Amendment 4 will reduce Florida’s economic output by $34 billion annually.""",mostly-false,false,"['mostly-false', 'false', 'pants-fire']",3,True
"Democrat ""Russ Feingold announced his Wisconsin Senate run today from…California.""",pants-fire,pants-fire,"['false', 'pants-fire']",2,True
"""Across the state the rejection rate for ballots went way down” in the Nov. 3 election.",mostly-false,false,"['mostly-true', 'half-true', 'mostly-false', 'false']",4,True
"Hillary Clinton ""starts off with 47 percent of the country against her.""",true,true,['true'],1,True
"“In 12 states, children born alive after a failed abortion have no legal protection, and in three more states children born alive after an abortion had legal rights that governors — like Tim Walz — repealed.”",false,false,"['true', 'mostly-true', 'half-true', 'mostly-false', 'false']",5,True
Says Georgia’s secretary of state won’t let the people recounting ballots check the signatures for fraud.,pants-fire,false,"['mostly-false', 'false']",2,False
“Biden says he doesn’t need voters to get elected.”,false,false,"['half-true', 'mostly-false', 'false']",3,True
"""Mitt Romney is the first Massachusetts politician to run for president and not win the New Hampshire primary in a generation.""",mostly-true,true,"['true', 'mostly-true', 'half-true', 'mostly-false', 'false']",5,True
"The Washington Post was ""forced to correct what (Donald Trump) told the secretary of state of Georgia.”",false,false,"['mostly-false', 'false', 'pants-fire']",3,True
"""If you look at most of the polls, this is a margin-of-error race on Fourth of July between Mitt Romney and the president.""",true,mostly-true,"['true', 'mostly-true']",2,True
"The IRS ""also investigated liberal groups, groups that had progressive in their name. ... The IRS was basically looking at everybody.""",half-true,mostly-true,"['true', 'mostly-true', 'half-true', 'mostly-false', 'false']",5,True
"""More than 9,000 Rhode Island voters used the Moderate Party master lever mechanism and they didn't have a single Moderate on their ballot.""",mostly-true,false,"['mostly-true', 'half-true', 'mostly-false', 'false']",4,True
"Says signers of recall petitions against Wisconsin Gov. Scott Walker are at risk because of newly ""discovered"" provisions in state law.",mostly-false,mostly-false,"['mostly-false', 'false']",2,True
"""Had the online change of address been in place in 2008 an estimated 130,000 voters who cast provisional ballots could have changed their address online and voted a regular ballot.""",mostly-true,mostly-true,['mostly-true'],1,True
"""The son-in-law of the president met with Russian officials at the Trump Tower after having them come in the back door.""",mostly-true,mostly-true,['mostly-true'],1,True
"“So this is just a way they’re trying to steal the election, and everybody knows that. Because the only way they’re going to win is by a rigged election.”",pants-fire,false,"['mostly-false', 'false', 'pants-fire']",3,True
Newt Gingrich has been a proponent of selecting a president by popular vote instead of the Electoral College.,true,true,"['true', 'mostly-true', 'half-true']",3,True
"Says Democrats ""blocked the Iowa poll"" and ""blocked the Iowa caucus.""",false,false,"['mostly-false', 'false']",2,True
"""More than 250 (voter registration) groups, ranging across the entire political spectrum, have filed with the state and are registering voters right now.""",half-true,mostly-true,"['true', 'mostly-true', 'half-true', 'mostly-false', 'false']",5,True
"""Kansas has not elected somebody other than a Republican (to the U.S. Senate) since before 'The Wizard of Oz' hit the movie theaters.""",true,false,"['true', 'mostly-true', 'half-true', 'mostly-false', 'false']",5,True
“Pennsylvania and Michigan didn’t allow our poll watchers and/or vote observers to watch or observe.”,pants-fire,false,"['mostly-false', 'false']",2,False
Georgia didn’t update its voter rolls prior to the 2020 presidential election; “this means we (you!) won the presidential election in Georgia.”,pants-fire,false,"['mostly-false', 'false']",2,False
"The Senate seat won in a special election by a Democrat had been ""held for more than thirty years by Republicans.""",false,false,"['mostly-false', 'false']",2,True
"""I’ve got 15 days from my announcement to file paperwork with the FEC!""",half-true,false,"['mostly-true', 'half-true', 'mostly-false', 'false']",4,True
"A North Carolina study proves that ""probably over a million people voted twice in (the 2012) election.""",false,false,"['mostly-false', 'false']",2,True
"Says Republican Dan Bishop was ""down by 17"" points in NC congressional race and then won ""by a lot.""",false,false,"['mostly-false', 'false']",2,True
"""It happened under Obama, and it was lauded by the media as being genius. And now under the Trump campaign — it’s the Cambridge Analytica scandal.""",half-true,mostly-true,"['true', 'mostly-true', 'half-true', 'mostly-false']",4,True
"Noncitizens in Washington, D.C., “can vote in federal elections.”",false,false,['false'],1,True
"""Triggering leftists, Trump's reelection campaign is selling plastic straws.""",true,true,['true'],1,True
David Perdue did not support the 2014 farm bill that U.S. Sens. Isakson and Chambliss did.,mostly-true,mostly-true,"['true', 'mostly-true']",2,True
"Says NC absentee voters have ""no way"" to know if ballots are delivered",mostly-false,false,"['half-true', 'mostly-false', 'false']",3,True
"“Joe Biden’s open border” means that there are “more Democrat voters pouring into this country.""",false,false,"['mostly-false', 'false', 'pants-fire']",3,True
"""I'm not taking any corporate PAC money.""",half-true,mostly-true,"['true', 'mostly-true', 'half-true', 'mostly-false', 'false']",5,True
"""Voter FRAUD exposed in Georgia. Over 2600 votes 'FOUND.'""",mostly-false,mostly-false,"['mostly-false', 'false']",2,True
"Arizona Secretary of State Katie Hobbs “sent 6,000 wrong ballots to Republicans.”",false,false,"['mostly-false', 'false']",2,True
"“There were several states where outside actors dramatically changed the rules of the road, so to speak, two weeks out, one week out, on how elections would be run.”",mostly-false,mostly-true,"['true', 'mostly-true', 'half-true', 'mostly-false']",4,True
“The idea that there’s political violence or violence in America like this is just unheard of.”,false,false,"['mostly-true', 'mostly-false', 'false']",3,True
The election in Brazil “was very clearly a rigged election.”,false,false,"['mostly-false', 'false', 'pants-fire']",3,True
“There were no guns whatsoever” at the Capitol riot on Jan. 6.,false,false,['false'],1,True
"""Do you know which state has the worst ratio of white voter turnout to African-American voter turnout? Massachusetts. Do you know what has the best, where African-American turnout actually exceeds white turnout? Mississippi.""",half-true,mostly-false,"['true', 'mostly-true', 'half-true', 'mostly-false', 'false']",5,True
"""The majority of (the American people) voted for a Democratic House.""",mostly-true,true,"['true', 'mostly-true']",2,True
"In Michigan “we have over-votes in numerous precincts of 150%, 200%, and 300%.”",pants-fire,false,"['false', 'pants-fire']",2,True
"The voting bill known as H.R. 1 ""would force states to adopt universal mail-in ballots.”",false,false,"['true', 'mostly-true', 'half-true', 'mostly-false', 'false']",5,True
"""Abolishing the Electoral College would make Los Angeles County stronger than 43 states.""",false,false,"['mostly-false', 'false']",2,True
Wisconsin elections administrator Meagan Wolfe “permitted the ‘Zuckerbucks’ influence money.”,pants-fire,false,"['mostly-false', 'false']",2,False
"The U.S. House Select Committee that investigated the Jan. 6, 2021, attack on the U.S. Capitol “deleted and destroyed all of the information that they collected over two years.”",false,false,"['mostly-false', 'false']",2,True
"""This issue of busing voters in to New Hampshire is widely known by anyone who’s worked in New Hampshire politics. It’s very real, it’s very serious.""",pants-fire,pants-fire,"['false', 'pants-fire']",2,True
California voters who go to the polls to vote in person will be “TURNED AWAY & CANNOT VOTE” unless they change their voting preference to “NO to mail in voting.”,pants-fire,pants-fire,['pants-fire'],1,True
"""Voting in the wrong precinct led to over 14,000 registered voters statewide to lose their vote in 2008.""",true,true,['true'],1,True
"States ""haven't even begun to spend the (election security) money they have now.""",mostly-false,mostly-true,"['true', 'mostly-true', 'half-true', 'mostly-false', 'false']",5,True
Joe Biden was called for Michigan even though Donald Trump won more votes.,false,false,"['true', 'mostly-false', 'false']",3,True
"Four government agencies donated nearly $900,000 of taxpayer money to Kamala Harris’ presidential campaign.",false,false,['false'],1,True
Says Kamala Harris “advocated for restoring voting rights for the Boston bomber.”,mostly-false,false,"['half-true', 'mostly-false', 'false']",3,True
“Under (the Biden) administration we have witnessed the fastest growth of Black-owned small businesses in more than 30 years.”,true,true,"['true', 'mostly-true']",2,True
"“Since 1981, the state Senate has only rejected five executive appointments. The GOP today is more than doubling that number.”",true,mostly-true,"['true', 'mostly-true', 'half-true', 'mostly-false', 'false']",5,True
"""55 percent of the people who cast a provisional ballot (in Florida) in the last presidential election -- their vote did not count.""",mostly-true,mostly-true,"['mostly-true', 'half-true', 'mostly-false']",3,True
"Says there won't be a recount in Alabama because a Democratic judge said ""we're going to erase all the computer files ... on Wednesday morning.""",pants-fire,false,"['false', 'pants-fire']",2,True
"""They’re trying to rig the election again! Do not trust the Soros funded voting machines!!!”",false,false,"['mostly-false', 'false']",2,True
Ruben Gallego wants to “cut your Social Security.”,false,false,"['mostly-false', 'false']",2,True
"""The president of the United States came in the Tuesday before the election in a ward that went 99% for him in the last election and they couldn't even (increase) the vote there.""",true,true,['true'],1,True
"""Let’s say (Republicans) take away half of our delegates. They’re worth more than Iowa’s, New Hampshire’s and almost South Carolina’s combined.""",half-true,half-true,"['mostly-true', 'half-true', 'mostly-false']",3,True
"Because the Federal Reserve recently cut interest rates to near 0%, “the Fed will be of little consequence now. They’ve already used what leverage they have.”",false,false,"['true', 'mostly-true', 'half-true', 'mostly-false', 'false']",5,True
"Says Milwaukee County Executive Chris Abele ""eliminated"" sheriff’s office funding for providing security for presidential and presidential campaign visits.",half-true,half-true,['half-true'],1,True
"Says ""Hillary Clinton's rejection of efforts to make it easier to vote and harder to cheat not only defies logic, but the will of the majority of Americans.""",mostly-true,mostly-true,"['mostly-true', 'half-true', 'mostly-false']",3,True
"The DeWine campaign is ""receiving money from so many more people. (Cordray's) money is coming almost exclusively from the party, labor unions, and special counsel that he has given business to.""",half-true,half-true,['half-true'],1,True
"“Arizona audit” shows 86,391 voters “don’t appear to exist.”",false,false,"['mostly-false', 'false']",2,True
Says former President Donald Trump did not lose the 2020 election.,pants-fire,false,['false'],1,False
“The United States Postal Service recently changed the delivery method of absentee mail-in ballots” to hide “the evidence of absentee mail-in ballot fraud.”,false,false,"['mostly-false', 'false']",2,True
"""We have dozens of districts that go for 150 to 200 miles, splitting counties, splintering cities and connecting areas that have very little in common.""",mostly-true,mostly-true,['mostly-true'],1,True
"""The president and vice president can't be from the same state.""",false,false,['false'],1,True
Says more Austinites voted in the city’s 1973 election featuring a mayor’s race than in the city’s most recent mayoral election.,true,false,"['true', 'mostly-true', 'half-true', 'mostly-false', 'false']",5,True
"""I was the first elected Republican in Williamson County history.""",half-true,true,"['true', 'mostly-true', 'half-true', 'false']",4,True
"""In many places, like California, the same person votes many times. You probably heard about that. They always like to say 'oh that's a conspiracy theory.' Not a conspiracy theory, folks. Millions and millions of people.""",pants-fire,false,"['mostly-false', 'false']",2,False
"Says Donald Trump has ""given more money to Democratic candidates than Republican candidates.""",mostly-false,mostly-false,"['mostly-false', 'false']",2,True
"""California is home to the largest death row population in the Western Hemisphere.""",true,true,"['true', 'mostly-true']",2,True
"""Obama for President and Baldwin for Senate have kept their campaign offices up and running in Fox Valley, Eau Claire and La Crosse with their staffs preparing for the next battle.""",false,false,['false'],1,True
Donald Trump lost the popular vote by 2%.,false,false,['false'],1,True
A bodyguard of a high-ranking Democrat in Congress fired the shot that killed Ashli Babbitt on Jan. 6.,false,false,['false'],1,True
"""We actually made history in 2010. We came the closest in 24 years to defeating Frank Pallone.""",false,mostly-true,"['true', 'mostly-true', 'half-true', 'mostly-false', 'false']",5,True
"""In a 2014 case involving a man convicted of abusing two underage girls, Judge Roy Moore disagreed and wrote the dissenting opinion.""",mostly-false,true,"['true', 'mostly-true', 'half-true', 'mostly-false', 'false']",5,True
"“Swing State Hit With 2020 Voting Lawsuit - Accused Of Registering Over 1,500 Deceased People In Pennsylvania.”",mostly-false,false,"['mostly-true', 'half-true', 'mostly-false', 'false']",4,True
"""I am going to be on the ballot in all 50 states. There is no other third-party candidate that’s going to come close to achieving that.""",mostly-true,mostly-false,"['true', 'mostly-true', 'half-true', 'mostly-false', 'false']",5,True
“We won Georgia easily. We won it by hundreds of thousands of votes.”,pants-fire,pants-fire,['pants-fire'],1,True
"California’s proposed tobacco tax ""diverts 82 percent of the new taxes to line the pockets of wealthy special interests like insurance companies who don't have to help even one more patient.""",mostly-false,mostly-false,"['mostly-true', 'half-true', 'mostly-false', 'false']",4,True
"“Did you see President Trump’s RECORD TURNOUT? Iowa - 32,389 Republicans.”",half-true,false,"['true', 'mostly-true', 'half-true', 'mostly-false', 'false']",5,True
The American flag is missing from the Democratic National Convention in Chicago.,false,false,"['true', 'mostly-true', 'mostly-false', 'false']",4,True
The Electronic Registration Information Center is “a system that’s funded by George Soros.”,false,false,['false'],1,True
"""You have to be a citizen to vote,"" but with same-day voter registration, ""you have places where people just walk in and vote.""",false,false,"['mostly-true', 'half-true', 'mostly-false', 'false']",4,True
"""In 20 years there will be enough Muslim voters in the U.S. to elect the president by themselves.""",pants-fire,pants-fire,['pants-fire'],1,True
"""There’s no correlation between primary turnout and wins in the fall in the last 11 elections.""",true,true,"['true', 'mostly-true', 'half-true', 'mostly-false', 'false']",5,True
"“Your minor child can go to California without your knowledge or without your consent, and get hormone therapy, puberty blockers and a sex change operation.”",mostly-false,false,"['mostly-false', 'false']",2,True
"""FYI: the last statewide recount in WI was in 2016. After that recount, the vote margin changed by only 131 out of the 2.7 million votes cast.""",mostly-true,mostly-true,"['mostly-true', 'half-true']",2,True
"Virginia was named ""best managed state, best state for business and best state to raise a child"" while I was governor.",true,true,"['true', 'mostly-true']",2,True
"""I unsealed my records"" at Marquette University.",false,false,['false'],1,True
"Ohio Republicans made significant gains during [Chris McNulty’s] time at the ORP, including the extremely successful re-election of President Bush in Ohio.""",mostly-true,mostly-true,"['mostly-true', 'half-true']",2,True
Bags arriving at the Maricopa County vote counting site are evidence of “Democrats with the help of the media and GOP establishment stealing another election.”,pants-fire,false,"['mostly-false', 'false']",2,False
"California Gov. Gavin Newsom “is sending Ballots to millions of people, anyone living in the state, no matter who they are or how they got there, will get one"" and the election is ""Rigged.""",pants-fire,pants-fire,['pants-fire'],1,True
"""The most recent Associated Press poll has Nader-Gonzalez at 6 percent, without any national coverage, against McCain and Obama.""",mostly-true,mostly-true,"['mostly-true', 'half-true', 'mostly-false']",3,True
U.S. tax dollars sent to help Ukraine were laundered back by cryptocurrency firm FTX to help Democrats in midterms.,false,false,"['mostly-false', 'false']",2,True
"""Mike Pence endorsed Kamala Harris.”",false,false,['false'],1,True
Says it shows a “DNC Group” teaching “ILLEGAL VOTING in Arizona.”,false,false,"['mostly-false', 'false', 'pants-fire']",3,True
"Harambe received 15,000 votes in the presidential election.",pants-fire,false,['false'],1,False
"The Libertarian Party ""is the third-largest political party in the U.S.""",false,false,"['true', 'mostly-true', 'half-true', 'mostly-false', 'false']",5,True
"The COVID-19 vaccine for children is proving to be “not only ineffective, it’s also proving to be dangerous.”",false,false,"['mostly-false', 'false']",2,True
"""I’ve been through four campaigns and have not done any negative campaigning.""",mostly-true,mostly-true,['mostly-true'],1,True
"Fifty percent of the votes to Joe Biden in Michigan’s presidential primary election were mail-in, unverified, no signature, no ID.",false,false,['false'],1,True
U.S. Sen. Sherrod Brown “supported allowing puberty blockers and sex-change surgeries for minor children.”,mostly-false,false,"['half-true', 'mostly-false', 'false']",3,True
"Says in his three election campaigns, the early polls were ""wildly incorrect, all three times.""",mostly-true,mostly-true,"['true', 'mostly-true', 'half-true', 'mostly-false', 'false']",5,True
"""In order to be a poll worker on the conservative side, you have to register through the Republican Party of Wisconsin.""",mostly-true,false,"['half-true', 'mostly-false', 'false']",3,False
"“It’s not that there is no evidence the election was stolen, but that no court had the guts to HEAR the evidence. They dismissed the cases, NOT the evidence.”",false,false,"['mostly-true', 'half-true', 'mostly-false', 'false']",4,True
"Usha Vance, wife of Republican vice presidential nominee JD Vance, posted on X that Vice President Kamala Harris was “absolutely a DEI hire.”",false,false,['false'],1,True
"Online voter registration is a ""more secure"" way of doing voter registration.",mostly-true,true,"['true', 'mostly-true']",2,True
Says Donald Trump warned outgoing Ghana President against last-minute job appointments.,pants-fire,false,"['false', 'pants-fire']",2,True
Pens provided by Maricopa County are part of a plot to rig the Arizona primary.,false,false,"['mostly-false', 'false']",2,True
"""Nearly 200,000 Florida voters may not be citizens.""",false,false,"['mostly-false', 'false']",2,True
"Sarah Palin ""got more votes running for mayor of Wasilla, Alaska, than Joe Biden got running for president of the United States.""",pants-fire,false,"['false', 'pants-fire']",2,True
"An audit of the 2020 election in Maricopa County, Ariz., “is confirming the rumors that real ballots have a special watermark.”",false,false,"['mostly-false', 'false']",2,True
"""'Wrong precinct' rules exacerbate our provisional ballot problems (and) HB 194 does nothing to solve the wrong-precinct problem.""",true,true,"['true', 'mostly-true', 'half-true']",3,True
"""Taylor Swift unexpectedly lost a $125 million brand contract after a massive advertising campaign” endorsing Vice President Kamala Harris.",false,false,['false'],1,True
"Connecticut ballot initiative on early voting would ""remove the requirement of a certified seal from certain ballots.""",false,false,"['mostly-false', 'false']",2,True
"H.R. 1 “mandates practices nationwide” that include “ballot harvesting, universal mail-in voting and same-day registration.”",half-true,mostly-false,"['mostly-true', 'half-true', 'mostly-false', 'false']",4,True
Wisconsin Legislature “Will Likely Decertify State and Award to President Trump.”,pants-fire,false,['false'],1,False
"Says Ron Johnson ""is benefiting from several super PACs, I am not.""",false,false,['false'],1,True
"""Black Panthers Just Took Over City (Atlanta) – All Out War On Election Day""",pants-fire,pants-fire,['pants-fire'],1,True
"Broward County was one of three counties in the nation ""pivotal to an Obama victory"" in 2012.",mostly-false,mostly-false,"['true', 'mostly-true', 'half-true', 'mostly-false', 'false']",5,True
"""In 2022, illegal immigrants will have MORE FREEDOMS and easier access to healthcare and ballot boxes than most Americans... Just think about that.""",pants-fire,false,"['mostly-false', 'false', 'pants-fire']",3,True
"Jennifer Carroll is the ""first African-American Republican woman to be part of a statewide ticket in Florida.""",true,true,['true'],1,True
"“If you make less than $100,000, Trump is about to raise your taxes. Currently, you’re taxed at 10% and then 12%. He would raise that to a flat rate of 15%.”",false,false,"['half-true', 'mostly-false', 'false']",3,True
"""CNN reports DemDebate had 2.3 million viewers. Trump rally had 6.7 million last night!""",false,false,"['mostly-true', 'half-true', 'mostly-false', 'false']",4,True
“Evidence growing that fascist ANTIFA orchestrated Capitol attack with clever mob control tactics.”,pants-fire,false,"['mostly-false', 'false', 'pants-fire']",3,True
"“[Steve] Bullock’s health care plan will force rural hospitals to close. Medicare as we know it will change, replaced by a government-run program with fewer doctors and longer wait times.”",false,mostly-false,"['mostly-false', 'false']",2,True
“Voting machines found in bus in Arizona.”,false,false,['false'],1,True
“Nobody in any election in America gets 74% of the votes. Ever. It doesn’t happen.”,pants-fire,false,"['mostly-false', 'false', 'pants-fire']",3,True
"""In December of 2017, the Prince William board of supervisors had a meeting ... (Corey Stewart) skipped that meeting to go campaign in Alabama for Roy Moore to be a U.S. senator … You haven't disavowed Roy Moore's name yet.""",true,true,"['true', 'mostly-true']",2,True
"Says Hillary Clinton ""has been saying lately that she thinks that I am, 'not qualified to be president.' """,mostly-false,false,"['mostly-true', 'half-true', 'mostly-false', 'false']",4,True
"Says that U.S. Rep. Allen West is ""a constituent of mine.""",true,true,['true'],1,True
"During the spring 2020 election in Milwaukee, a reduction to only five polling locations “came days before the election and was done without proper notice to voters.”",mostly-true,mostly-true,"['true', 'mostly-true', 'half-true', 'mostly-false']",4,True
"“At least 450,000 ballots in the key states ... miraculously only have a mark for Joe Biden on them, and no other candidate.""",false,false,"['false', 'pants-fire']",2,True
"“Kamala cast the tiebreaking vote to hire 87,000 new IRS agents to go after your tip income.”",false,false,"['mostly-false', 'false', 'pants-fire']",3,True
"A Texas law requires every high school to have a voter registrar ""and part of their responsibility is to make sure that when children become 18 and become eligible to vote, that they vote.""",half-true,mostly-true,"['true', 'mostly-true', 'half-true', 'mostly-false', 'false']",5,True
"“As of today, there is not one member of the United States military who is in active duty in a combat zone, in any war zone around the world, for the first time this century.”",mostly-false,false,"['true', 'mostly-true', 'half-true', 'mostly-false', 'false']",5,True
HR 1 “automatically registers every welfare recipient to vote.”,mostly-false,false,"['mostly-false', 'false']",2,True
"""Going to public financing really disadvantages Democrats because you're not able to raise funds between the day you win the primaries and the time you're officially nominated.""",half-true,half-true,['half-true'],1,True
"In Massachusetts, Scott Brown's Republican affiliation is ""not a secret, but clearly not on display.""",mostly-true,mostly-true,"['true', 'mostly-true', 'half-true']",3,True
“The legislature has long maintained that the law never allowed these illegal drop boxes.”,mostly-false,false,"['mostly-false', 'false']",2,True
"""Twenty-seven out-of-state pharmaceutical companies have raised more campaign dollars (against a drug price control measure) than all other state ballot measures have raised to date, combined.""",half-true,mostly-false,"['mostly-true', 'half-true', 'mostly-false', 'false']",4,True
"“Jan. 6 is being used as a pretext to strip millions of Americans, disfavored Americans, of their core constitutional rights.”",pants-fire,false,"['mostly-false', 'false']",2,False
"""Since 2015, Scott Walker has not done a public event where you don't have to pay admission or be on an approved list.""",half-true,half-true,"['mostly-true', 'half-true']",2,True
"""This election marks the largest Senate gains for a president's party in a first midterm election since at least President Kennedy's in 1962.""",half-true,half-true,"['mostly-true', 'half-true', 'mostly-false']",3,True
“They removed your ability to go buy firearms the day of election.”,false,false,"['mostly-false', 'false']",2,True
"Says Mitt Romney ""was one of the first national Republican leaders to endorse"" Marco Rubio.",half-true,true,"['true', 'mostly-true', 'half-true', 'mostly-false', 'false']",5,True
"""Recently though, the media has reported on thousands of illegal voters here in the commonwealth.""",pants-fire,false,"['mostly-false', 'false']",2,False
"""You've got a medical report on me that meets the same standard as Mitt Romney and Barack Obama.""",mostly-true,mostly-true,"['true', 'mostly-true', 'half-true', 'mostly-false', 'false']",5,True
“Tim Sheehy told us his health care plan: ‘We need to return health care to pure privatization.’ That would eliminate Medicare.”,mostly-false,false,"['mostly-true', 'half-true', 'mostly-false', 'false']",4,True
"“Here in Nevada, the DMV registers everybody (to vote) and so that means illegals. They don’t check.”",false,false,['false'],1,True
"Sen. Bob Casey ""has voted in lockstep with his liberal party to defund the police.""",false,mostly-false,"['mostly-true', 'half-true', 'mostly-false', 'false']",4,True
"U.S. Sen. Jon Tester “voted to give taxpayer-funded health care to illegal immigrants.""",false,mostly-false,"['mostly-false', 'false']",2,True
“The DC looting was staged” by antifa,pants-fire,pants-fire,"['false', 'pants-fire']",2,True
"""Mass voter fraud just discovered, to the amount that could void Hillary’s victory In New Hampshire.""",false,false,"['mostly-false', 'false', 'pants-fire']",3,True
"""The president came in and campaigned against me 12 times.""",mostly-false,mostly-false,['mostly-false'],1,True
"""Dwayne 'The Rock' (Johnson) Has Officially Filed For The 2020 Presidential Campaign""",false,false,['false'],1,True
"""Michael Untermeyer has been a Democrat for more than 40 years.""",half-true,false,"['true', 'mostly-true', 'half-true', 'mostly-false', 'false']",5,True
"""Jeff Greene can buy anything"" ...  he owns two mansions.",true,true,['true'],1,True
"Says Charlie Crist's campaign bashed Sen. Bill Nelson's ""big-government solutions.""",pants-fire,false,"['true', 'mostly-true', 'half-true', 'mostly-false', 'false']",5,False
"""At nearly 19 million people, the population of Florida is larger than all the earlier primary and caucus states combined.""",true,true,['true'],1,True
"Ballot harvesting “altered the outcome” of a city council election in Yuma County, Arizona.",false,false,"['mostly-false', 'false']",2,True
"Says Julie Parrish is ""one of Sarah Palin’s mama grizzlies.""",mostly-false,mostly-false,"['mostly-true', 'half-true', 'mostly-false', 'false']",4,True
"""If Trump tries to lie in a TV ad, most networks will refuse to air it. But Facebook just cashes Trump’s checks.""",mostly-false,false,"['true', 'mostly-true', 'half-true', 'mostly-false', 'false']",5,True
"Wisconsin has only one county, Dane, ""that's hand counting the votes"" in the 2016 presidential recount.",pants-fire,pants-fire,"['false', 'pants-fire']",2,True
"""Missouri registered 78,421 in just one week of February of this year. Out of that number, 23,253 were dead people!""",false,false,"['mostly-false', 'false']",2,True
Says Texas proved in court that more than 200 dead people voted in the latest Texas election.,mostly-false,false,"['half-true', 'mostly-false', 'false']",3,True
"Voter turnout for some groups in the 2008 presidential general election in Georgia ""was far greater than it should have been demographically.""",mostly-true,mostly-true,"['mostly-true', 'half-true']",2,True
“Pelosi tried to block voter ID/absentee ballot protections.”,half-true,mostly-false,"['mostly-true', 'half-true', 'mostly-false', 'false']",4,True
“Bloomberg spent $500 million on ads. The U.S. population is 327 million. He could have given each American $1 million and still have money left over.”,pants-fire,false,"['false', 'pants-fire']",2,True
"Says ""EIGHT Iowa counties have more adults registered to vote than voting-aged adults living there.”",false,false,"['mostly-false', 'false', 'pants-fire']",3,True
“Twitter is completely stifling FREE SPEECH” by adding a fact-check label to Trump’s tweet.,pants-fire,false,"['mostly-false', 'false']",2,False
Elissa Slotkin “signed a secret agreement with a CCP-linked Chinese battery company.”,false,false,"['half-true', 'mostly-false', 'false']",3,True
"Says a Sanders campaign ad ""never said ... a newspaper endorsed us that did not.""",false,false,"['mostly-true', 'half-true', 'mostly-false', 'false']",4,True
"Says he is the ""ranking member"" of the House select committee investigating the Jan. 6 attack on the U.S. Capitol.",false,false,['false'],1,True
"""Apple and Amazon already operate in many states that require levels of voter ID.""",true,true,['true'],1,True
"Charges on the Republican Party of Florida credit card were made with ""my money.""",mostly-false,false,"['mostly-true', 'half-true', 'mostly-false', 'false']",4,True
"In 1928 ""school boards sent home letters with children saying that if Al Smith is elected president, you will not be allowed to have or read a Bible.""",half-true,mostly-false,"['mostly-true', 'half-true', 'mostly-false', 'false']",4,True
"Vice President Mike Pence on Jan. 6, 2021, could have approved the 2020 electoral votes on the condition that Congress pass an overhaul of election law.",false,false,"['mostly-false', 'false', 'pants-fire']",3,True
"""Let me say that I don't think (Bernie Sanders has) had a single negative ad ever run against him.""",false,false,"['mostly-false', 'false']",2,True
“CCTV captures the moment a Trump voter in (Wisconsin) is assaulted by two Kamala Harris thugs at a voting station.”,pants-fire,false,"['false', 'pants-fire']",2,True
Arizona ballots were shredded and burned in a chicken farm fire.,pants-fire,false,"['mostly-false', 'false']",2,False
“Trash bins discovered outside the Gloucester County Board of Elections containing blank ballots as well as bags of shredded ballots from Tuesday’s election!”,false,false,['false'],1,True
"The effort to recall California Gov. Gavin Newsom is ""a coup.""",pants-fire,false,"['mostly-false', 'false', 'pants-fire']",3,True
“Michigan just refused to certify the election results!”,false,false,"['mostly-false', 'false']",2,True
"Wisconsin is ""one of the bluest"" states, but under Scott Walker its unemployment rate ""is around 3.5%.""",false,false,['false'],1,True
"In Fordyce, Arkansas, voting machines changed votes from Republican to Democrat.",pants-fire,pants-fire,"['false', 'pants-fire']",2,True
McDonald’s “said they have no record whatsoever of Kamala Harris ever working at any of their locations.”,false,false,['false'],1,True
"""Absent from the news — Dominion lost their lawsuits against Rudy Giuliani and Sidney Powell.""",false,false,['false'],1,True
"An effort to repeal voting-reform legislation would be ""the first time in Ohio history where a bill has been passed to stop a referendum.""",true,true,['true'],1,True
Student ID cards are a “source of fraud” at the polls.,false,false,"['mostly-false', 'false']",2,True
"""H.B. 194, the Voter Suppression Bill, invalidates a vote where a voter properly marks the ballot in support of a particular candidate, but also writes in the name of that same candidate.""",mostly-true,mostly-true,['mostly-true'],1,True
"Texas A&M University - Commerce ""offers counseling, safe spaces for students who are afraid of President-elect Trump.""",half-true,false,"['true', 'mostly-true', 'half-true', 'mostly-false', 'false']",5,True
"Says Donald Trump “voted twice” in the Nov. 3, 2020 election",pants-fire,pants-fire,"['false', 'pants-fire']",2,True
"“Every single county in America, every single county, Kamala Harris did worse than Joe Biden did.”",false,false,"['mostly-false', 'false']",2,True
"""We had a massive landslide victory, as you know, in the Electoral College.""",false,false,"['mostly-false', 'false']",2,True
"In Detroit, “people are showing up to vote only to be told, ‘sorry, you have already voted.’”",false,false,"['mostly-true', 'half-true', 'mostly-false', 'false']",4,True
Pennsylvania drop boxes were “pre-loaded” with ballots.,half-true,false,"['true', 'mostly-true', 'half-true', 'mostly-false', 'false']",5,True
"A clip of Joe Biden shows him reading a response to an interview question from a teleprompter, saying “I lost that line.”",pants-fire,pants-fire,"['true', 'false', 'pants-fire']",3,True
"""The State Department asked all secretaries of state to send their emails over."" Hillary Clinton's ""the only one who’s done it.""",mostly-false,false,"['true', 'mostly-true', 'half-true', 'mostly-false', 'false']",5,True
"This Congress ""adjourned earliest of any time in congressional history before an election.""",false,false,"['mostly-false', 'false']",2,True
“Beyonce got paid $10 MILLION for her speech” at a Kamala Harris rally.,false,false,['false'],1,True
"Says Gov. Scott Walker has dropped Wisconsin ""to 45th in the nation in job growth prospects while campaigning for president out of state.""",mostly-false,mostly-false,['mostly-false'],1,True
"""Over 40 of our 100 (House of) Delegates seats go uncontested every year, and over 40 percent of our state senate seats go uncontested every year.""",mostly-true,half-true,"['mostly-true', 'half-true', 'mostly-false', 'false']",4,True
"Says Joe Biden and Democrats ""have not legitimately won"" the presidency.",pants-fire,pants-fire,"['false', 'pants-fire']",2,True
Sen. Kamala Harris “may have broken laws” when she visited a voting site in Ohio,false,false,"['true', 'mostly-true', 'half-true', 'mostly-false', 'false']",5,True
"""President Obama took more money from Wall Street in the 2008 campaign than anybody ever had.""",mostly-true,true,"['true', 'mostly-true', 'half-true', 'mostly-false', 'false']",5,True
"Gwinnett County, Georgia, sheriff's office said white supremacists “are planning to attack” Black people “from now until the Inauguration.”",pants-fire,pants-fire,"['false', 'pants-fire']",2,True
"Democrats have also used alternate slates of electors ""repeatedly in all kinds of different states.""",false,false,"['mostly-false', 'false']",2,True
"""We are coming up on our 40th anniversary of electing a Republican to the United States Senate. 1972 was the last time New Jersey sent a Republican to the United States Senate.""",true,true,"['true', 'mostly-true', 'half-true', 'mostly-false', 'false']",5,True
"Of Gaza, “I’ve been there.”",false,false,"['mostly-false', 'false', 'pants-fire']",3,True
"""The Pentagon reportedly failed to send absentee ballots to active military service members before the election.”",false,false,"['mostly-false', 'false']",2,True
“Two thirds of eligible voters don’t vote.”,false,false,"['mostly-true', 'mostly-false', 'false']",3,True
"Says Deputy Comptroller Aycha Sawa ""blocked an audit"" of the Milwaukee lead program for three years that ""put our children in danger"" and spurred a criminal investigation.",pants-fire,false,"['mostly-false', 'false', 'pants-fire']",3,True
No openly gay man has ever been elected to the Georgia Legislature.,true,false,"['true', 'mostly-true', 'mostly-false', 'false']",4,True
"There’s “evidence of a massive transfer of completed, curated ballots” that are fraudulent in the 2022 election.",false,false,['false'],1,True
"The list of voters that North Carolina Republicans ""tried to purge was two-thirds black and Democratic.""",half-true,mostly-false,"['true', 'mostly-true', 'half-true', 'mostly-false', 'false']",5,True
"In Florida, ""the number of voters who now register as ‘other’ has grown by a million in the last 10 years. Compare that with the Democrats, who only grew by 300,000 and the Republicans who grew by just 200,000.""",mostly-true,mostly-true,"['true', 'mostly-true', 'half-true', 'mostly-false']",4,True
"""They talk about this problem with binding arbitration. It doesn’t make a lot of sense to me to have somebody from Los Angeles fly into Zanesville and impose a wage settlement on you ... and then they’re on the plane back to Los Angeles.""",pants-fire,pants-fire,"['false', 'pants-fire']",2,True
"“Shredded Pennsylvania Mail in ballot Applications were discovered in a trailer.
The applications were for @realDonaldTrump.”",false,false,"['mostly-false', 'false']",2,True
"""I was the first member of Congress to contribute to Donald Trump.""",true,false,"['true', 'mostly-true', 'half-true', 'mostly-false', 'false']",5,True
"Says Joe Biden's plan for net-zero emissions ""would instantly shut down all fracking and all mining immediately in Pennsylvania.""",false,false,"['mostly-false', 'false']",2,True
"Says that during the Supreme Court campaign, Michael Screnock has ""vowed to uphold the platform of the NRA.""",half-true,half-true,['half-true'],1,True
"House Speaker Dean Cannon says that freshmen lawmakers account for one-third of the 120-member House, and that two-thirds of the chamber have two years or less experience.",true,true,['true'],1,True
"""Roy Moore takes the military vote, pulls ahead by 5,000 votes""",pants-fire,pants-fire,['pants-fire'],1,True
"California has seen a ""56 percent decline in the gun murder rate"" since the 1990s.",mostly-true,false,"['true', 'mostly-true', 'half-true', 'mostly-false', 'false']",5,True
"Bill McCollum has ""recovered $200 million in Medicaid fraud.""",true,true,['true'],1,True
"""I have something in common with my husband. He never carried caucuses either. He lost all of the ones that I've lost.""",mostly-true,mostly-true,"['mostly-true', 'mostly-false']",2,True
"The public health order Title 42 is ""the last tool Border Patrol has to stop the overwhelming flood of illegal immigrants pouring into our country.”",false,false,"['mostly-false', 'false']",2,True
"""There are less than two weeks until the deadline to register to vote in Wisconsin.""",mostly-false,mostly-true,"['true', 'mostly-true', 'half-true', 'mostly-false', 'false']",5,True
"""The State Election Board has issued nearly $275,000 in fines to violators of absentee ballot laws.""",true,true,['true'],1,True
"Says Jeb Bush ""extended early voting"" after seeing ""long lines.""",mostly-false,false,"['true', 'mostly-true', 'half-true', 'mostly-false', 'false']",5,True
Jon Tester “supported slashing Social Security benefits”,false,mostly-false,"['mostly-true', 'half-true', 'mostly-false', 'false']",4,True
"Taylor Swift was photographed holding a “Trump won, Democrats cheated!” flag at the Grammy Awards.",pants-fire,pants-fire,"['false', 'pants-fire']",2,True
"After being shot at a Milwaukee rally in 1912, former President Teddy Roosevelt “finished his speech and he kept fighting.”",mostly-true,false,"['true', 'mostly-true', 'half-true', 'mostly-false', 'false']",5,True
"At a Wisconsin school, a 12-year-old girl ""was transitioned into a boy by school officials without parental consent,"" and Protasiewicz supports it.",pants-fire,false,"['mostly-false', 'false', 'pants-fire']",3,True
"Says President Barack Obama “spied on my campaign, and got caught!”",false,false,"['mostly-false', 'false', 'pants-fire']",3,True
Kamala Harris “is not eligible to hold the office of president” because her parents were non-citizens.,pants-fire,false,"['false', 'pants-fire']",2,True
"In 2020, “only nine NATO allies were spending 2%” of their GDP on defense. “This year, 23 will spend at least 2%.”",mostly-true,true,"['true', 'mostly-true']",2,True
"Says Ron Johnson ""is supporting the Republican plan that phases out Social Security and Medicare.""",mostly-false,false,"['half-true', 'mostly-false', 'false']",3,True
"In Georgia, it's ""illegal to give people water within 150 feet of a polling place"" and ""punishable by up to a year in prison.""",true,true,"['true', 'mostly-true', 'false']",3,True
"""The Koch brothers have given"" Paul Ryan ""$500,000 in campaign contributions.""",half-true,half-true,['half-true'],1,True
"""John Kerry was at 4 percent in the polls in December of 2003...and he ended up becoming the nominee of the party.""",half-true,false,"['true', 'mostly-true', 'half-true', 'mostly-false', 'false']",5,True
"""Legally, it doesn't make any difference"" which state district you live in when running for Congress.",true,true,['true'],1,True
"""(Fritz) Kaegi managed a fund that invested nearly $30 million in private prisons.""",mostly-false,true,"['true', 'mostly-true', 'half-true', 'false']",4,False
"""This is the first time in Texas history -- and only the fourth time in United States history -- that two women are running for the top spots.""",half-true,mostly-true,"['true', 'mostly-true', 'half-true', 'mostly-false', 'false']",5,True
"""As the election tracker FiveThirtyEight has reported, whoever wins Pennsylvania will be our next President.""",mostly-false,false,"['half-true', 'mostly-false', 'false']",3,True
‘No Sharpies on ballots’ permitted for in-person voting in Illinois.,false,false,"['true', 'false']",2,True
“Nancy Pelosi stated today that if the Democrats get the House the first thing they’re going to do is impeach Donald Trump before he gets elected.”,false,false,['false'],1,True
“BREAKING: Police found ‘explosives’ in car near former President Donald Trump’s rally site on Long Island.”,false,false,['false'],1,True
Project 2025 would “cut” the Federal Emergency Management Agency and “kill federal-backed flood insurance.”,true,mostly-false,"['true', 'mostly-true', 'half-true', 'mostly-false', 'false']",5,True
"""The RI Board of Elections has heard official testimony from Providence residents who claim to have witnessed known illegal aliens voting in local elections.""",mostly-false,false,"['mostly-false', 'false']",2,True
"""There are 43 states that have now passed voter suppression laws.""",false,false,"['mostly-true', 'mostly-false', 'false']",3,True
"Says the U.S. election system is ""rigged.""",pants-fire,pants-fire,"['mostly-false', 'false', 'pants-fire']",3,True
“No other country” is having a “second wave” of COVID-19 “because they are not trying to unseat a President in November.”,false,false,"['mostly-false', 'false']",2,True
"""China was behind the interference and the effort to overthrow our government and the election, election fraud.""",false,false,['false'],1,True
Suggests that “since mostly Democrats vote early” then that represents “made-up ballots or dead people voting.”,false,false,"['mostly-false', 'false']",2,True
"Atlanta Mayor Kasim Reed became a city resident in the last annexation, opening the door to his candidacy.",mostly-true,mostly-true,['mostly-true'],1,True
"Says Kansas U.S. House candidate Paul Davis was caught with a stripper during a drug raid and later voted to ""allow strip clubs to open near homes, churches, schools and daycare facilities.""",half-true,mostly-false,"['mostly-true', 'half-true', 'mostly-false', 'false']",4,True
Project 2025 would defund K-12 schools.,half-true,mostly-false,"['mostly-true', 'half-true', 'mostly-false', 'false']",4,True
"“As soon as I endorsed (Supreme Court Justice Daniel Kelly), the Wisconsin Democrats said, let’s move the election to two months later.”",pants-fire,false,"['mostly-false', 'false']",2,False
"Last year, Democrats won nearly 50% of the vote, yet they hold only 38% of the seats in the state House and 30% of the seats in the state Senate.",mostly-true,mostly-true,"['mostly-true', 'half-true', 'mostly-false', 'false']",4,True
Nevada ballots “don’t even have to be postmarked to be counted” after the election.,false,false,['false'],1,True
"""The McCain campaign is roughly in the position where Vice President Gore was running against President Bush one week before the election of 2000.""",false,false,['false'],1,True
"The Republican National Convention ""is a Super Bowl times four.""",false,false,"['false', 'pants-fire']",2,True
Says ballots in Wisconsin “are being dumped in rivers” or creeks.,false,false,"['mostly-false', 'false', 'pants-fire']",3,True
“Lula's staff infiltrated and caused damage while the Brazilian Patriots cleaned up.”,pants-fire,false,"['mostly-false', 'false', 'pants-fire']",3,True
"Election results in Clark County, Nevada, and Arizona are not yet known because those places “want more time to cheat.”",pants-fire,false,"['mostly-false', 'false', 'pants-fire']",3,True
Facebook tried to “shut down” the campaign to recall California Gov. Gavin Newsom.,false,false,"['mostly-true', 'half-true', 'mostly-false', 'false']",4,True
"“Nevada AG admits to changing signature verifications manually for over 200,000 votes.”",false,false,['false'],1,True
"""The Democrats want to invite caravan after caravan of illegal aliens into our country. And they want to sign them up for free health care, free welfare, free education, and for the right to vote.""",false,false,"['mostly-false', 'false', 'pants-fire']",3,True
The Trump administration put secret watermarks on official ballots to trick cheating Democrats.,pants-fire,false,['false'],1,False
"Every time a Republican has been elected president over the last few decades, House Democrats have objected to the result",mostly-true,mostly-true,"['true', 'mostly-true', 'half-true', 'mostly-false']",4,True
"""In one county alone in Ohio, President Obama received 106,258 votes. But there were only 98,213 eligible voters.""",pants-fire,pants-fire,['pants-fire'],1,True
"Voting machines didn’t work in heavily GOP areas for the Georgia runoff elections, leaving some voters unable to cast ballots.",mostly-false,false,"['mostly-true', 'half-true', 'mostly-false', 'false']",4,True
"""Since 1904, the Ohio victor has won the presidency 25 out of 27 times """,true,true,['true'],1,True
Says it’s illegal to hold an absentee-only election or mail ballots to every registered voter,true,false,"['true', 'mostly-false', 'false']",3,True
"“Hollywood actor Kurt Russell just said: ‘It is now proven, beyond a shadow of a doubt that Kamala Harris and Joe Biden CHEATED in the 2020 election with mail-in ballots.’”",false,false,"['false', 'pants-fire']",2,True
"Claims that Obama said, ""For those who oppose our policies, you should just shut up and go away.""",false,false,['false'],1,True
Says opponent Eric Hovde “opposes efforts to negotiate with the big pharmaceutical companies to lower the price of prescription drugs.”,mostly-false,mostly-true,"['true', 'mostly-true', 'half-true', 'mostly-false', 'false']",5,True
"""In the history of Republican primaries, I’ve gotten the most votes in the history of the Republican party.""",false,false,"['mostly-false', 'false']",2,True
"North Carolina removed 747,000 voters from the voter rolls to try to “steal the election.”",false,false,"['mostly-false', 'false']",2,True
“No candidate has ever won both Florida and Ohio and lost.”,pants-fire,false,['false'],1,False
"""Donald Trump performed better than any presidential nominee since Gerald Ford.""",false,mostly-true,"['true', 'mostly-true', 'half-true', 'mostly-false', 'false']",5,True
"As of July 23, 2024, “Trump has announced he won’t debate Kamala Harris.”",false,false,['false'],1,True
Says Georgia Secretary of State Brad Raffensperger “to investigate himself over voter fraud.”,false,false,['false'],1,True
"In New York, you need to show identification to buy whipped cream, but not to vote.",mostly-false,false,"['mostly-false', 'false']",2,True
"""Only 20 percent of Americans admit to being Republicans anymore.""",mostly-true,mostly-true,"['mostly-true', 'half-true', 'mostly-false']",3,True
"""If you buy, you know, a box of cereal, if you do anything, you have a voter ID. … The only thing you don’t is if you’re a voter of the United States.""",pants-fire,false,"['mostly-false', 'false']",2,False
"""Over 20 percent of the electorate is Hispanic"" in Florida.",half-true,false,"['true', 'mostly-true', 'half-true', 'mostly-false', 'false']",5,True
“In 2020 we won (Wisconsin).”,pants-fire,false,"['false', 'pants-fire']",2,True
"Russia’s interference in the 2016 election amounted to ""a couple of Facebook ads.""",pants-fire,false,"['mostly-false', 'false']",2,False
Says U.S. Sen. Tammy Baldwin “has done absolutely nothing” about the fentanyl crisis.,false,mostly-false,"['mostly-true', 'half-true', 'mostly-false', 'false']",4,True
"""We heard from the Department of Homeland Security ... that this was probably the most secure election that’s ever been run in the United States.”",true,true,"['true', 'mostly-true', 'half-true']",3,True
"Austin’s Stop Abuse for Everyone has seen in its offices ""sexual assault survivors that report being attacked by their ridesharing drivers, at a rate of one per month.""",half-true,false,"['mostly-true', 'half-true', 'mostly-false', 'false']",4,True
"When McCain was questioned about hiring lobbyists to his campaign staff, ""his top lobbyist actually had the nerve to say, 'The American people won't care about this.' """,true,true,['true'],1,True
"Says U.S. Rep. Jamie Raskin said, “Let folks cast their votes for Trump if that’s their choice. But mark my words, we won’t be certifying the election. He might win, but we’ll ensure he doesn’t step foot in the Oval Office.”",false,false,['false'],1,True
Gov. Tim Walz delivered paid family leave in Minnesota but “Republicans are blocking” a Biden-Harris proposal.,mostly-true,true,"['true', 'mostly-true', 'half-true', 'mostly-false', 'false']",5,True
"“If you vote no on Prop 50 to stop the redistricting, it shows through the envelope,” making it easy for Democrats to cheat.",mostly-false,false,"['mostly-false', 'false']",2,True
"""The race will tighten, just because that's what happens at the end of campaigns. They always have.""",mostly-true,mostly-true,"['true', 'mostly-true']",2,True
Brazil’s presidential election was “stolen.”,false,false,['false'],1,True
"Barack Obama ""ended up getting re-elected by the largest gender gap in the history of American elections.""",half-true,false,"['true', 'mostly-true', 'half-true', 'mostly-false', 'false']",5,True
"""A day AFTER the election, Biden receives a dump of 143,379 votes at 3:42AM (in Wisconsin), when they learned he was losing badly. This is unbelievable!""",pants-fire,false,"['mostly-true', 'half-true', 'mostly-false', 'false']",4,False
"""Candidates for governor routinely disclose"" their spouses’ tax returns.",mostly-true,false,"['mostly-true', 'half-true', 'mostly-false', 'false']",4,True
"Scott Walker ""had a 2.3 GPA when he was asked to leave Marquette University for cheating.""",false,false,['false'],1,True
Elissa Slotkin “gave your hard-earned tax money to illegal immigrants.”,false,false,"['mostly-false', 'false']",2,True
“This is the third time we’ve won but this is the biggest win” in Iowa caucus.,false,false,"['mostly-false', 'false']",2,True
Says Ted Cruz distributed the ad showing a nude Melania Trump on a rug.,false,false,"['mostly-false', 'false', 'pants-fire']",3,True
"An aide ""acted on his own"" and ""was not representing the Thompson campaign"" when he sent an email criticizing the sexual orientation of U.S. Senate candidate Tammy Baldwin.",pants-fire,pants-fire,"['false', 'pants-fire']",2,True
Trump campaign rally gunman Thomas Matthew Crooks was “arrested more than once.”,false,false,['false'],1,True
"Says that while his plan would narrow the time for early voting, ""it still will be one of the most aggressive early voting time frames in America.""",pants-fire,pants-fire,"['false', 'pants-fire']",2,True
"""Republicans are attempting to remove Barack Obama from Georgia’s Presidential Ballot in 2012.""",half-true,half-true,['half-true'],1,True
U.S. Senate candidate Mike Rogers “believes he should make that decision” about whether to end pregnancies.,mostly-false,mostly-true,"['true', 'mostly-true', 'half-true', 'mostly-false', 'false']",5,True
"""Scott Walker gave Wisconsin job creation money to his cronies: corporate friends who contributed to his campaigns"" and got $570 million in job-development incentives",false,false,['false'],1,True
"Says Leah Vukmir ""claimed the open records law didn't apply to her, got sued, lost and cost taxpayers $15,000 in legal fees.""",true,true,['true'],1,True
"""@realDonaldTrump is coming to San Antonio, which is 60% Mexican-AMERICAN.""",mostly-true,mostly-false,"['mostly-true', 'half-true', 'mostly-false', 'false']",4,True
"""In three days last week, (Gov. Rick) Perry  flew to five cities at taxpayers’ expense, holding press conferences,  delivering $2,325,000 in checks.""",pants-fire,pants-fire,"['false', 'pants-fire']",2,True
Adam Laxalt took “campaign cash” from drug companies “and used his office to block local attempts at holding one of the worst offenders accountable.”,mostly-false,mostly-false,"['mostly-true', 'half-true', 'mostly-false', 'false']",4,True
Says Republican Sen. John McCain won more votes for president in Cuyahoga County in the 2008 general election than he did in seven states.,true,true,['true'],1,True
The Biden-Harris administration “brought over” 10 million migrants who got 9 million jobs.,false,false,['false'],1,True
"""It’s possible that non-citizen voters were responsible for Obama’s 2008 victory in North Carolina.""",pants-fire,false,"['mostly-false', 'false', 'pants-fire']",3,True
North Carolina’s new voting rules in response to Hurricane Helene amount to “cheating” or “stealing.”,pants-fire,false,"['mostly-false', 'false']",2,False
"“40,000+ votes for Libertarian candidate Jo Jorgensen magically become votes for Joe Biden.”",false,false,"['false', 'pants-fire']",2,True
"Robert F. Kennedy Jr. called voter ID “racist,” calls NRA a “terrorist organization” and supports affirmative action.",half-true,true,"['true', 'mostly-true', 'half-true', 'mostly-false', 'false']",5,True
"California firefighters decided ""to speak out"" against President Trump because his tweet about the state’s wildfires ""contained so much misinformation.""",true,true,"['true', 'mostly-true', 'half-true']",3,True
"Says Tony Thurmond was ""sued by the ACLU"" for leaving students in unsafe conditions.",false,mostly-false,"['mostly-true', 'half-true', 'mostly-false', 'false']",4,True
"""Nate McMurray wants to reward illegals with amnesty.""",mostly-false,mostly-false,"['mostly-true', 'half-true', 'mostly-false', 'false']",4,True
"Says Ohio's Issue 2 will create a redistricting commission that will ""have a blank check to spend our money.""",false,false,"['mostly-false', 'false']",2,True
"Ohio ""thought that our (voting) machines were so awful we got rid of them, but South Carolina bought them. This is true. South Carolina bought all the machines we got rid of because they were not effective.""",false,half-true,"['true', 'mostly-true', 'half-true', 'mostly-false', 'false']",5,True
"More than 500,000 mail in ballots in Virginia and 200,000 in Nevada were sent to dead people or pets",false,false,"['mostly-false', 'false']",2,True
"""There aren’t enough ballots in question to change the outcome"" of the Harris vs. McCready race in NC Congressional District 9.",mostly-false,mostly-false,"['true', 'mostly-true', 'half-true', 'mostly-false', 'false']",5,True
“The FBI tapped my phone” and those of other senators.,mostly-false,false,"['mostly-true', 'half-true', 'mostly-false', 'false']",4,True
Says there are “indications of grossly improper conduct from election officials right here in my district.”,false,false,"['mostly-true', 'half-true', 'mostly-false', 'false']",4,True
"Says in regard to providing ""more tax cuts for the rich,"" Bill Pascrell said, ""Republicans had great ideas. I liked some of their ideas.""",pants-fire,false,"['true', 'mostly-true', 'half-true', 'mostly-false', 'false']",5,False
"A proposed constitutional amendment ""will pave the way for making abortion illegal under North Carolina’s constitution.""",pants-fire,true,"['true', 'mostly-true', 'half-true', 'mostly-false', 'false']",5,False
Michigan election bills are “designed to make it easier for people to vote.”,mostly-false,false,"['mostly-true', 'half-true', 'mostly-false', 'false']",4,True
Rhode Island is the last state still using the Optech III P voting machines and they don’t meet suggested federal standards.,half-true,true,"['true', 'mostly-true', 'half-true', 'mostly-false', 'false']",5,True
Three thousand felons voted in Rhode Island in 2008.,true,true,"['true', 'mostly-true', 'half-true', 'mostly-false', 'false']",5,True
"Michelle Nunn ""spent most of her childhood"" in Perry, Ga.",mostly-false,false,"['mostly-false', 'false']",2,True
"""[State Rep. Doug McKillip’s] donors deserve a refund.""",false,false,['false'],1,True
"""The Koch network (is) spending more money (in a Senate race) in Ohio than anywhere else in the country.""",true,true,"['true', 'mostly-true', 'half-true']",3,True
Quotes Joe Biden as saying “We need to teach our children the ISLAMIC FAITH in our schools!”,false,false,['false'],1,True
Says opponent Tammy Baldwin ‘has had not one positive ad’ in the campaign for U.S. Senate.,half-true,half-true,['half-true'],1,True
"""Former Gov. Rick Perry signed a law that a federal court said was actually written with the purpose of discriminating against minority voters.""",mostly-true,true,"['true', 'mostly-true', 'half-true']",3,True
"As a sitting Supreme Court justice, Daniel Kelly recused himself from a case, then “he pocketed $20,000 in contributions” from the plaintiff and family members and “unrecused himself so he could judge the case.”",half-true,half-true,"['true', 'mostly-true', 'half-true', 'mostly-false', 'false']",5,True
“Mandela Barnes came out in favor of abortion up until the moment of birth.”,mostly-false,false,"['mostly-false', 'false']",2,True
"“We will be over 290 electoral votes on Election Night ... no matter what they (Democrats) try to do, what kind of hijinks or lawsuits or whatever kind of nonsense they try to pull off.”",false,false,"['mostly-false', 'false', 'pants-fire']",3,True
"""Trump Won Two-Thirds of Election Lawsuits Where Merits Considered""",false,false,"['mostly-true', 'half-true', 'mostly-false', 'false']",4,True
"""Wow, Report Just Out! Google manipulated from 2.6 million to 16 million votes for Hillary Clinton in 2016 Election!""",false,false,"['false', 'pants-fire']",2,True
“Republicans recently passed a bill to eliminate early voting on Sunday” in Georgia,mostly-false,false,"['mostly-false', 'false']",2,True
"""The number of people who just got their voting rights restored in Florida is greater than the populations of Wyoming, Vermont, Alaska, North Dakota, South Dakota, Delaware, Rhode Island, Montana, Maine and New Hampshire.""",mostly-true,true,"['true', 'mostly-true']",2,True
"""I'm the only front-line prosecutor in this race that's actually used the resources of the Wisconsin Crime Lab in the prosecution of cases.""",mostly-true,mostly-false,"['mostly-true', 'half-true', 'mostly-false', 'false']",4,True
"A bill passed by GOP legislators ""makes it harder to prosecute people and groups that violate campaign finance laws.""",true,mostly-true,"['true', 'mostly-true', 'half-true', 'mostly-false', 'false']",5,True
"Fulton County District Attorney Fani Willis “campaigned and raised money on, ‘I will get Trump.’”",false,false,"['mostly-false', 'false']",2,True
"Says at polling places in Texas on Super Tuesday “the Republican side gets 25 machines, the Democratic side gets 5 machines. People were literally standing in line for seven hours.”",mostly-false,false,"['true', 'mostly-true', 'half-true', 'mostly-false', 'false']",5,True
"""Ohio is not meeting its obligation to update voter registrations when voters change their address with the BMV.""",true,true,['true'],1,True
Says Tommy Tuberville “is for privatizing Social Security and cutting Medicare.”,half-true,mostly-false,"['mostly-true', 'half-true', 'mostly-false', 'false']",4,True
