statement,true_verdict,predicted_verdict,prediction_set,set_size,is_covered
The 2021 Georgia Senate runoff and the 2020 presidential election “were stolen.”,pants-fire,false,"['false', 'pants-fire', 'mostly-false']",3,True
"A printer error in Nassau County, New York, turned every registered voter Democratic.",mostly-false,false,"['false', 'mostly-false', 'pants-fire', 'half-true']",4,True
"Says the person who Florida U.S. Rep. Allen West first hired as chief of staff told people attending a Tea Party rally that, 'We will use bullets if ballots don't work.'",true,true,"['true', 'mostly-true', 'false', 'half-true']",4,True
"""I’m the only candidate for governor who’s rolled out any policies so far.""",false,false,"['false', 'mostly-false', 'mostly-true', 'half-true', 'true', 'pants-fire']",6,True
"“Active crime scene in Spalding County, Ga., where ballots for President Donald Trump were discovered in a dumpster.”",false,false,['false'],1,True
"""I was banned from talking about"" Bill Ayers during the 2008 presidential campaign.",pants-fire,false,"['false', 'mostly-false', 'half-true', 'mostly-true', 'true']",5,False
"Charleroi, Pennsylvania, “has grown by 2,000% due to an influx in migrants.”",false,false,"['false', 'mostly-false', 'half-true', 'mostly-true', 'pants-fire', 'true']",6,True
"""Michigan has requested a full forensic audit.""",false,false,"['false', 'mostly-false']",2,True
“Evidence growing that fascist ANTIFA orchestrated Capitol attack with clever mob control tactics.”,pants-fire,false,"['false', 'pants-fire', 'mostly-false', 'half-true']",4,True
Kamala Harris “is not eligible to hold the office of president” because her parents were non-citizens.,pants-fire,false,"['false', 'pants-fire', 'mostly-false', 'true']",4,True
"""Austin is the largest city in the U.S. or Texas with no geographic representation"" on its city council.",true,false,"['false', 'mostly-false', 'half-true', 'mostly-true', 'true', 'pants-fire']",6,True
“70% of Georgians said they would vote for Trump in 2024.”,false,false,"['false', 'mostly-false', 'pants-fire', 'half-true', 'mostly-true']",5,True
"""My husband didn't wrap up the nomination until June.""",mostly-false,mostly-false,"['mostly-false', 'false', 'half-true', 'mostly-true', 'pants-fire']",5,True
Says Gerald Daugherty is endorsed by the Austin American-Statesman.,false,false,"['false', 'mostly-false', 'half-true', 'mostly-true', 'true', 'pants-fire']",6,True
"In Wisconsin, unions can essentially give ""unlimited"" contributions to political parties, but business can't give any.",mostly-true,mostly-true,"['mostly-true', 'half-true', 'mostly-false']",3,True
"""UPDATE: ‘Thousands’ voted for Doug Jones in Alabama town with population of 2,256""",pants-fire,pants-fire,"['pants-fire', 'false']",2,True
"Says James Clapper ""and virtually everyone else"" said ""there is no collusion"" in the Russia investigation findings.",mostly-false,false,"['false', 'mostly-false', 'half-true', 'pants-fire', 'mostly-true', 'true']",6,True
"“Trump won 18-to-24-year-olds in Wisconsin.""",half-true,false,"['false', 'mostly-false', 'half-true', 'mostly-true', 'pants-fire', 'true']",6,True
"""Jeff Greene can buy anything"" ...  he owns two mansions.",true,true,"['true', 'mostly-true', 'half-true', 'false']",4,True
"Speaking about Hillary Clinton: “I didn’t say, ‘Lock her up.’ ”",pants-fire,false,"['false', 'pants-fire', 'mostly-false']",3,True
A Dominion representative in Gwinnett County improperly downloaded election data to “manipulate the data.”,pants-fire,false,"['false', 'mostly-false', 'half-true', 'mostly-true', 'pants-fire', 'true']",6,True
"Judge Jeff Davis ""spent years defending a convicted cop killer"" and ""tried to get him off the hook.""",half-true,mostly-false,"['mostly-false', 'false', 'half-true', 'mostly-true', 'true', 'pants-fire']",6,True
"Says HR 1 would ""legalize"" the kind of fraud found in North Carolina",false,false,"['false', 'mostly-false', 'pants-fire', 'half-true', 'mostly-true']",5,True
Pennsylvania Senate candidate John Fetterman’s tattoo references ‘heroin use’ and the Crips,mostly-false,false,"['false', 'mostly-false', 'half-true', 'mostly-true', 'pants-fire', 'true']",6,True
“I had zero emails that were classified.”,half-true,false,"['false', 'mostly-false', 'pants-fire', 'half-true', 'mostly-true']",5,True
"Steve Poizner ""increased his department's budget nearly 14 percent.""",false,false,['false'],1,True
"Says Hillary Clinton's ""campaign hasn't been clear about when she wiped her server of her work emails.""",mostly-true,mostly-true,"['mostly-true', 'true', 'half-true', 'mostly-false', 'false']",5,True
"Says he posted a ""win"" in the Republican Party of Wisconsin endorsement contest in the U.S. Senate primary.",mostly-true,mostly-true,"['mostly-true', 'half-true']",2,True
"""In 20 years there will be enough Muslim voters in the U.S. to elect the president by themselves.""",pants-fire,pants-fire,['pants-fire'],1,True
"""The number of new businesses started per year has dropped by 100,000 during this president’s term.""",half-true,mostly-false,"['mostly-false', 'false', 'mostly-true', 'half-true', 'true', 'pants-fire']",6,True
“No governor in Virginia has ever won when...he or she is the same party as the sitting president.”,false,false,"['false', 'half-true', 'mostly-false', 'mostly-true', 'true', 'pants-fire']",6,True
"Says ""Obama’s deadliest cover-up (in an explosion that killed 29 miners) has been uncovered"" by internal government documents.",pants-fire,false,"['false', 'pants-fire', 'mostly-false', 'half-true', 'mostly-true']",5,True
"""Breaking: woman says she was offered big money by Washington Post to accuse Roy Moore of misconduct.""",pants-fire,pants-fire,"['pants-fire', 'false', 'true']",3,True
"""Brad Schimel said that he wanted to be part of Donald Trump's support network.""",mostly-true,false,"['false', 'half-true', 'mostly-false', 'mostly-true', 'true', 'pants-fire']",6,True
"Democrats give ""Newports to the homeless to get them to the polls.""",half-true,false,"['false', 'pants-fire', 'mostly-false', 'half-true']",4,True
"""Going to public financing really disadvantages Democrats because you're not able to raise funds between the day you win the primaries and the time you're officially nominated.""",half-true,half-true,"['half-true', 'mostly-false', 'mostly-true']",3,True
"“Trump's convictions have all been overturned and he is getting his $500,000,000.00 back!”",false,false,['false'],1,True
Poll watchers in Philadelphia prevented from entering polling places.,half-true,mostly-true,"['mostly-true', 'mostly-false', 'false', 'half-true', 'true']",5,True
"""This Russia thing with Trump and Russia is a made-up story. It's an excuse by the Democrats for having lost an election that they should've won.""",pants-fire,false,"['false', 'mostly-false', 'pants-fire', 'half-true']",4,True
“They want to make our Army tanks all electric.”,false,false,"['false', 'mostly-false', 'half-true', 'pants-fire', 'mostly-true', 'true']",6,True
Sam Brown “said abortion should be banned without any exceptions for rape or incest.”,half-true,false,"['false', 'mostly-false', 'true', 'mostly-true', 'half-true', 'pants-fire']",6,True
"""The president … by executive order"" could grant voting rights to illegal immigrants who are newly legalized under pending legislation.",pants-fire,false,"['false', 'mostly-false', 'true', 'half-true', 'pants-fire', 'mostly-true']",6,True
"""There’s a section in the Constitution called the Emoluments Clause that says no one, nor their spouses, can take money from foreigners. (Hillary Clinton) has to be guilty of 70 or 100 counts just on that one charge.""",mostly-false,false,"['false', 'mostly-false', 'pants-fire', 'half-true', 'mostly-true']",5,True
The USPS backdated 100K ballots so they could be counted illegally.,false,false,"['false', 'pants-fire', 'mostly-false', 'half-true']",4,True
"""It's an absolute fact"" that China and North Korea ""have consistently over many, many years"" meddled in U.S. elections.",false,false,"['false', 'pants-fire']",2,True
"""The person in charge of the Hillary investigation, Andrew McCabe, got $700,000 from (Hillary Clinton) for wife!""",mostly-false,false,"['false', 'pants-fire', 'mostly-false', 'half-true']",4,True
Voting-rights legislation proposed by Democrats in Congress called H.R. 1 “would force states to restore the voting rights of convicted felons—including violent felons convicted of murder or rape.”,half-true,half-true,"['half-true', 'mostly-false', 'mostly-true', 'false']",4,True
"Stacey Abrams ""supported the MLB boycott.""",false,false,"['false', 'mostly-false', 'half-true', 'mostly-true', 'pants-fire', 'true']",6,True
"""There’s no correlation between primary turnout and wins in the fall in the last 11 elections.""",true,true,"['true', 'mostly-true', 'half-true', 'false', 'mostly-false', 'pants-fire']",6,True
"""We had a massive landslide victory, as you know, in the Electoral College.""",false,false,"['false', 'mostly-false', 'pants-fire', 'half-true', 'true', 'mostly-true']",6,True
"Says Missouri Democratic Senate candidate Jason Kander is ""attending fancy dinners all over the country.""",mostly-false,mostly-false,"['mostly-false', 'false', 'half-true', 'mostly-true', 'pants-fire', 'true']",6,True
“A Milwaukee election employee even acknowledged dropping off just the margin of ballots needed for a Biden win at 3 a.m.”,pants-fire,false,"['false', 'mostly-false', 'pants-fire', 'half-true']",4,True
Says U.S. Rep. Ron Kind has “spent more $ in 100+ days than was spent fighting WWII,false,false,"['false', 'pants-fire', 'mostly-false', 'half-true', 'mostly-true']",5,True
"“America has 133 million registered voters,” but “159 million votes” were cast in the 2020 presidential election.",false,false,"['false', 'pants-fire']",2,True
"""There aren’t enough ballots in question to change the outcome"" of the Harris vs. McCready race in NC Congressional District 9.",mostly-false,mostly-false,"['mostly-false', 'false', 'mostly-true', 'half-true', 'true', 'pants-fire']",6,True
“Beyonce got paid $10 MILLION for her speech” at a Kamala Harris rally.,false,false,['false'],1,True
"Says U.S. Sen. Tammy Baldwin ""believes taxpayer dollars should be used for abortion.""",half-true,mostly-false,"['mostly-false', 'half-true', 'mostly-true', 'false', 'true']",5,True
"November 2012 was ""a record year of turnout. More people voted before Election Day using absentee ballots and voting early than ever before in our history.""",mostly-true,true,"['true', 'mostly-true', 'false', 'half-true', 'mostly-false']",5,True
"""The fact is voter fraud is rampant.""",pants-fire,false,"['false', 'mostly-false', 'pants-fire', 'half-true', 'mostly-true']",5,True
Says Tony Evers is “a career politician.”,mostly-false,false,"['false', 'mostly-false', 'half-true', 'mostly-true', 'true', 'pants-fire']",6,True
"""The United States has a low voter turnout rate.""",true,true,"['true', 'mostly-true', 'half-true', 'mostly-false', 'false']",5,True
"President Trump was ""kicked off"" the California ballot",pants-fire,false,"['false', 'mostly-false', 'pants-fire']",3,True
Says Joe Biden said “dozens of police were killed” during the Jan. 6 attack on the U.S. Capitol but “exactly zero people” died that day.,pants-fire,false,"['false', 'mostly-false', 'true', 'half-true', 'mostly-true', 'pants-fire']",6,True
"A precinct in the Allen West-Patrick Murphy recount has ""7 registered voters in Guatemalan community and the tally showed 900 voted!!!!!""",false,false,"['false', 'mostly-false', 'pants-fire', 'half-true', 'mostly-true', 'true']",6,True
"Voters in Maricopa County, Ariz., were forced to vote using Sharpie pens that aren’t read by voting machines.",false,false,"['false', 'mostly-false', 'pants-fire', 'half-true', 'true']",5,True
"“Biden’s Air Force One is not the same as Trump’s Air Force One,” which indicates Biden is not the real president.",pants-fire,false,"['false', 'mostly-false', 'half-true', 'true', 'mostly-true', 'pants-fire']",6,True
"“Nothing has changed in the election code (under SB 7) regarding early voting. Nothing has changed.""",pants-fire,false,"['false', 'mostly-false', 'pants-fire', 'half-true', 'mostly-true']",5,True
"GOP-backed ""racist disenfrachisement"" led to only five polling places being open in Milwaukee for April 7 election.",mostly-false,mostly-false,"['mostly-false', 'false', 'mostly-true', 'half-true']",4,True
"""Over 60 percent of the provisional ballots cast in [the 2012] election were disqualified because those folks were not duly registered as voters.""",half-true,false,"['false', 'mostly-false', 'half-true', 'mostly-true']",4,True
"Gov. Rick Scott ""tried to kick 180,000 people off the voter rolls.""",false,false,"['false', 'mostly-false', 'mostly-true', 'half-true', 'true', 'pants-fire']",6,True
"""Collusion is not illegal.""",mostly-false,false,"['false', 'mostly-false', 'true', 'half-true', 'mostly-true', 'pants-fire']",6,True
Adam Laxalt took “campaign cash” from drug companies “and used his office to block local attempts at holding one of the worst offenders accountable.”,mostly-false,mostly-false,"['mostly-false', 'mostly-true', 'half-true', 'false', 'true']",5,True
Says Republican Sen. John McCain won more votes for president in Cuyahoga County in the 2008 general election than he did in seven states.,true,true,['true'],1,True
"Says Joe Biden said voting by mail is a way to “fundamentally change this country,” contradicting past statements by Barack Obama and Debbie Wasserman Schultz.",mostly-false,false,"['false', 'mostly-false', 'pants-fire', 'half-true', 'mostly-true']",5,True
"""Voting in the wrong precinct led to over 14,000 registered voters statewide to lose their vote in 2008.""",true,true,"['true', 'mostly-true']",2,True
A person is on film “burning 80 Trump ballots.”,false,false,"['false', 'mostly-false', 'pants-fire']",3,True
McDonald’s “said they have no record whatsoever of Kamala Harris ever working at any of their locations.”,false,false,"['false', 'mostly-false', 'true']",3,True
Says it shows a “DNC Group” teaching “ILLEGAL VOTING in Arizona.”,false,false,"['false', 'mostly-false', 'pants-fire', 'half-true', 'mostly-true']",5,True
"""Twenty-six men named William have been elected to statewide office and only seven women have had the honor.""",mostly-true,false,"['false', 'mostly-false', 'true', 'mostly-true', 'half-true', 'pants-fire']",6,True
"When McCain was questioned about hiring lobbyists to his campaign staff, ""his top lobbyist actually had the nerve to say, 'The American people won't care about this.' """,true,true,"['true', 'mostly-true']",2,True
“We have cut the flow of fentanyl by half.”,false,false,"['false', 'mostly-false', 'half-true', 'mostly-true', 'pants-fire', 'true']",6,True
"""Collusion is not a crime.""",mostly-false,false,"['false', 'true', 'mostly-false', 'mostly-true', 'half-true', 'pants-fire']",6,True
"""Update: van full of illegals caught voting at multiple Alabama polling locations.""",pants-fire,pants-fire,"['pants-fire', 'false']",2,True
"""Since 2000, only 10 cases of in-person voter fraud have been proven nationally.""",mostly-true,mostly-true,"['mostly-true', 'true', 'half-true']",3,True
"Says the Democratic Party created a debate schedule ""to maximize the opportunity for voters to see our candidates.""",false,false,"['false', 'mostly-false', 'half-true', 'mostly-true', 'true', 'pants-fire']",6,True
"Says Joe Biden said, “Why am I doing this? Why? What is my real aim?”",false,false,"['false', 'mostly-false', 'half-true', 'pants-fire', 'mostly-true', 'true']",6,True
The Michigan attorney general’s race was “stolen in the middle of the night from Matt DePerno.”,pants-fire,pants-fire,"['pants-fire', 'false']",2,True
"H.R. 1 “mandates practices nationwide” that include “ballot harvesting, universal mail-in voting and same-day registration.”",half-true,mostly-false,"['mostly-false', 'mostly-true', 'false', 'half-true', 'true', 'pants-fire']",6,True
"""H.B. 194, the Voter Suppression Bill, invalidates a vote where a voter properly marks the ballot in support of a particular candidate, but also writes in the name of that same candidate.""",mostly-true,mostly-true,"['mostly-true', 'half-true', 'mostly-false', 'true']",4,True
"""Last time Democrats removed a Republican from the ballot” was Abraham Lincoln in 1860.",false,false,"['false', 'mostly-false', 'half-true', 'true', 'mostly-true', 'pants-fire']",6,True
"""Well, I got 52% (of women voters). And I will tell you — in my opinion I might have won women. ... Hey, Hillary Clinton focused on women, and I did phenomenally well.""",mostly-false,false,"['false', 'mostly-false', 'half-true', 'mostly-true', 'pants-fire']",5,True
Says H.R. 1 “allows minors to vote.”,false,false,"['false', 'mostly-false', 'half-true', 'true', 'mostly-true']",5,True
"""Attention hunters: Voting in North Dakota could cost you your out-of-state hunting licenses.""",pants-fire,false,"['false', 'mostly-false', 'mostly-true', 'half-true', 'true', 'pants-fire']",6,True
Says she condemned violence at a campaign stop in Arizona in March.,true,true,"['true', 'mostly-true']",2,True
"""The majority support (raising) the minimum wage.""",true,true,"['true', 'mostly-true', 'half-true', 'mostly-false', 'false']",5,True
"""Putin Interference Could Give Courts Legal Right to Make Hillary President.""",false,false,"['false', 'pants-fire', 'mostly-false', 'half-true', 'mostly-true']",5,True
"Says Paul Workman ""voted in the Democrat primary, supporting Democrats with his vote.""",true,true,"['true', 'mostly-true']",2,True
"""In 2022, illegal immigrants will have MORE FREEDOMS and easier access to healthcare and ballot boxes than most Americans... Just think about that.""",pants-fire,false,"['false', 'mostly-false', 'pants-fire', 'half-true']",4,True
"""Black voter turnout in 2012 exceeded the rate of white voter turnout, even in the states with the strictest voter ID laws.""",true,true,"['true', 'mostly-true', 'half-true', 'false', 'mostly-false']",5,True
"There’s “evidence of a massive transfer of completed, curated ballots” that are fraudulent in the 2022 election.",false,false,"['false', 'mostly-false', 'pants-fire']",3,True
"""More Tennesseans have hunting and fishing licenses than vote.""",false,false,"['false', 'mostly-false', 'mostly-true', 'half-true', 'true', 'pants-fire']",6,True
"""14 percent of noncitizens are registered to vote.""",false,false,"['false', 'mostly-false', 'pants-fire', 'half-true', 'mostly-true']",5,True
"Says Hillary Clinton ""shows up in Broward County"" and had a private meeting with elections supervisor Brenda Snipes.",pants-fire,false,"['false', 'pants-fire', 'mostly-false', 'half-true']",4,True
"Says “every time"" the DSCC endorsed someone in North Carolina's U.S. Senate primary, ""and the person they didn’t support was black, the candidate they picked ended up losing.""",false,false,"['false', 'mostly-false', 'half-true', 'true', 'mostly-true', 'pants-fire']",6,True
Kamala Harris voted in favor of passing a law in 2022 to tax tips.,false,false,"['false', 'mostly-false', 'half-true', 'mostly-true', 'pants-fire']",5,True
“Stunning report: nearly 15 million mail-in ballots were not counted in the 2020 election.”,mostly-false,false,"['false', 'mostly-false', 'pants-fire', 'half-true']",4,True
The Lincoln Project is “using A.I. (Artificial Intelligence)” in its “television commercials.”,false,false,"['false', 'pants-fire', 'mostly-false']",3,True
"“There is no campaigning going on, none whatsoever.”",false,false,['false'],1,True
"""They’re trying to rig the election again! Do not trust the Soros funded voting machines!!!”",false,false,"['false', 'mostly-false', 'pants-fire']",3,True
"“You know how many convicted felons Scott Walker let out during his eight years early on parole? Zero. Tony Evers is approaching 1,000 of these that he’s let out early.""",pants-fire,false,"['false', 'pants-fire', 'mostly-false', 'half-true', 'mostly-true']",5,True
"Activities by foreign governments had ""absolutely no effect on the outcome of this election.""",mostly-false,false,"['false', 'mostly-false', 'pants-fire', 'half-true', 'mostly-true', 'true']",6,True
"Last year, Democrats won nearly 50% of the vote, yet they hold only 38% of the seats in the state House and 30% of the seats in the state Senate.",mostly-true,mostly-true,"['mostly-true', 'half-true', 'mostly-false', 'false', 'true', 'pants-fire']",6,True
Thousands of military ballots were found in the trash in Wisconsin.,false,false,['false'],1,True
"The list of voters that North Carolina Republicans ""tried to purge was two-thirds black and Democratic.""",half-true,mostly-false,"['mostly-false', 'mostly-true', 'half-true', 'false', 'true']",5,True
“People don’t pretend to be someone else to go in and vote. You just don’t see that kind of fraud.”,mostly-true,true,"['true', 'mostly-true', 'false', 'half-true', 'mostly-false']",5,True
Kamala Harris’ statements about Trump invoking Adolf Hitler were based on a “debunked hoax from The Atlantic.”,false,false,['false'],1,True
Queens voters received pre-marked ballots for Joe Biden.,false,false,"['false', 'mostly-false', 'pants-fire', 'mostly-true', 'half-true']",5,True
“It begins. Wisconsin Assembly votes to remove electoral votes from Biden.”,false,false,"['false', 'mostly-false', 'pants-fire']",3,True
"""The president of the United States came in the Tuesday before the election in a ward that went 99% for him in the last election and they couldn't even (increase) the vote there.""",true,true,['true'],1,True
"""Had the online change of address been in place in 2008 an estimated 130,000 voters who cast provisional ballots could have changed their address online and voted a regular ballot.""",mostly-true,mostly-true,"['mostly-true', 'half-true', 'true']",3,True
“Joe Biden confirmed his plan to abolish the entire U.S. oil industry.”,false,false,"['false', 'mostly-false', 'pants-fire']",3,True
“Pennsylvania had 2.6 million mail in votes that the court of appeals of PA held to be unconstitutional. Umm that alone means Biden lost PA.”,false,false,"['false', 'mostly-false', 'pants-fire', 'mostly-true', 'half-true', 'true']",6,True
"""Missouri registered 78,421 in just one week of February of this year. Out of that number, 23,253 were dead people!""",false,false,"['false', 'mostly-false', 'pants-fire', 'half-true', 'mostly-true']",5,True
Joe Biden told West Point graduates that “he is not planning to accept the results of the 2024 election” and he wants them to “stand back and stand by” to ensure Donald J. Trump doesn’t win.,false,false,"['false', 'mostly-false']",2,True
"""In every single country, she had a majority of the vote -- or more of those who'd already made up their minds.""",mostly-true,mostly-true,"['mostly-true', 'half-true', 'false', 'mostly-false', 'true']",5,True
Nevada ballots “don’t even have to be postmarked to be counted” after the election.,false,false,['false'],1,True
"""Ten retired nuns were barred from voting in the 2008 Indiana Democratic primary.""",half-true,half-true,"['half-true', 'mostly-true', 'mostly-false', 'false']",4,True
"""About half of the presidents have been governors; half of them, senators.""",false,false,"['false', 'half-true', 'mostly-false', 'mostly-true', 'true', 'pants-fire']",6,True
"""Ron DeSantis still hasn't condemned the Jan. 6 insurrection.""",false,true,"['true', 'mostly-true', 'half-true', 'false', 'mostly-false']",5,True
Joe Biden’s net worth was $41 million in 2022.,false,false,"['false', 'mostly-false', 'pants-fire']",3,True
Says Sen. Kelly Loeffler said on Parler that “Black people shouldn’t be allowed to vote.”,pants-fire,false,"['false', 'mostly-false', 'pants-fire', 'true', 'half-true']",5,True
"“39% of Americans … 31% of independents ... 17% of Democrats believe the election was rigged.""",mostly-false,mostly-false,"['mostly-false', 'false', 'half-true', 'mostly-true', 'pants-fire', 'true']",6,True
The storming of the Capitol was staged.,false,false,"['false', 'mostly-false', 'true', 'pants-fire', 'mostly-true', 'half-true']",6,True
"""Over 1,000 people were denied a ballot on Election Day"" in the 2016 North Carolina primaries.",half-true,mostly-true,"['mostly-true', 'true', 'half-true', 'false', 'mostly-false']",5,True
Says he was endorsed by the Valley News newspaper.,false,false,"['false', 'mostly-false', 'half-true', 'mostly-true', 'true', 'pants-fire']",6,True
“Kamala Harris said she will shut down X if elected.”,false,false,"['false', 'mostly-false']",2,True
"“The weapons that Ukraine used in the early days of this war to fend off the Russian invasion are the weapons that Donald Trump sent, that Barack Obama and Joe Biden had refused to send.”",half-true,mostly-false,"['mostly-false', 'mostly-true', 'half-true', 'true', 'false', 'pants-fire']",6,True
"In New York, you need to show identification to buy whipped cream, but not to vote.",mostly-false,false,"['false', 'mostly-false', 'half-true', 'mostly-true', 'true', 'pants-fire']",6,True
"""There's nothing in the voting instructions that we've been getting in the last several elections that lets you know"" about the limitations of the master lever.",false,false,"['false', 'mostly-false', 'pants-fire', 'mostly-true']",4,True
"Says that while his plan would narrow the time for early voting, ""it still will be one of the most aggressive early voting time frames in America.""",pants-fire,pants-fire,"['pants-fire', 'false']",2,True
Proposed changes to the Electoral Count act show Pence had the power and “could have overturned the election!”,false,false,"['false', 'mostly-false', 'pants-fire', 'half-true', 'mostly-true']",5,True
“Mandela Barnes came out in favor of abortion up until the moment of birth.”,mostly-false,false,"['false', 'mostly-false', 'half-true', 'pants-fire']",4,True
"""(Fritz) Kaegi managed a fund that invested nearly $30 million in private prisons.""",mostly-false,true,"['true', 'mostly-true', 'half-true', 'false', 'mostly-false']",5,True
"Says Obama said black people have the ""worst jobs, the worst housing"" and face rampant police brutality, ""but when so-called black committeemen came around election time we’d all line up and vote the straight Democratic ticket, sell our souls for a Christmas turkey.""",pants-fire,false,"['false', 'pants-fire', 'mostly-false', 'half-true', 'mostly-true']",5,True
Cellphone data used to arrest the Idaho quadruple-murder suspect proves that criticism of the “2000 Mules” movie’s use of cell data is unfounded.,false,false,"['false', 'mostly-false', 'pants-fire', 'half-true', 'mostly-true']",5,True
"""This midterm (election), the president did better than the average president does in his first midterms.""",false,false,"['false', 'mostly-false', 'pants-fire', 'mostly-true']",4,True
"""There was even a time when (Donald Trump) didn't get an Emmy for his TV program three years in a row and he started tweeting that the Emmys were rigged.""",half-true,true,"['true', 'mostly-true', 'half-true', 'mostly-false', 'false']",5,True
“Trash bins discovered outside the Gloucester County Board of Elections containing blank ballots as well as bags of shredded ballots from Tuesday’s election!”,false,false,"['false', 'mostly-false']",2,True
California S.B. 1174 eliminates the requirement for voter ID at polling places.,mostly-false,false,"['false', 'mostly-false', 'half-true', 'mostly-true', 'true', 'pants-fire']",6,True
"""There has not been a Democratic woman in Congress from New Jersey in almost four decades.""",true,true,"['true', 'mostly-true', 'false', 'half-true', 'mostly-false']",5,True
"""Washington, D.C., now has greater population than Wyoming and Vermont, more active duty military than 29 states, more tax revenue than 29 states (and) a larger domestic product than 27 states.""",half-true,mostly-false,"['mostly-false', 'false', 'mostly-true', 'half-true', 'true']",5,True
Says House candidate Jon Hoadley voted to defund the police,false,false,"['false', 'mostly-false', 'true', 'mostly-true', 'half-true', 'pants-fire']",6,True
"During the 2020 Minnesota riots after George Floyd’s murder, Gov. Tim Walz didn’t call in the National Guard, “so, I sent in the National Guard to save Minneapolis.”",false,false,"['false', 'mostly-false', 'pants-fire', 'half-true', 'mostly-true']",5,True
The Trump administration put secret watermarks on official ballots to trick cheating Democrats.,pants-fire,false,"['false', 'mostly-false', 'pants-fire']",3,True
"Pennsylvania rejected 372,000 mail-in ballots",false,false,"['false', 'mostly-false', 'half-true', 'mostly-true', 'pants-fire']",5,True
The 2020 election was the only time in American history that an election took more than 24 hours to count.,false,false,"['false', 'mostly-false', 'pants-fire']",3,True
"""Thousands of politicians from across Ohio – along with their relatives, employees and friends – are still eligible to serve"" on the proposed redistricting commission.",mostly-true,mostly-true,"['mostly-true', 'half-true', 'mostly-false', 'false', 'true']",5,True
“Ballots are not supposed to have fold lines or creases in the candidates name area” or it could invalidate your vote.,false,false,"['false', 'true', 'mostly-false']",3,True
Joe Biden resigned and “Trump is the new president.”,pants-fire,pants-fire,['pants-fire'],1,True
Document shows “Stormy Daniels exonerated Trump herself!”,false,false,"['false', 'mostly-false', 'pants-fire', 'half-true']",4,True
"""In Cuyahoga County ... 56 percent of weekend voters in 2008 were African American while adult African Americans comprise 28 percent of the county population.""",true,true,"['true', 'mostly-true']",2,True
"Says Mahlon Mitchell ""received a massive raise on the backs of hard-working firefighters and turned the union into his own personal political slush fund.""",half-true,half-true,"['half-true', 'mostly-true']",2,True
The Nashville bombing was an attempt to stop an AT&T audit into Dominion software and cover up election corruption.,pants-fire,false,"['false', 'mostly-false', 'pants-fire']",3,True
"""When President Obama was elected, the market crashed … Trump was up 9%, President Obama was down 14.8% and President Bush was down almost 4%. There is an instant reaction on Wall Street.""",mostly-false,false,"['false', 'mostly-false', 'mostly-true', 'half-true', 'true', 'pants-fire']",6,True
"Sarah Palin ""got more votes running for mayor of Wasilla, Alaska, than Joe Biden got running for president of the United States.""",pants-fire,false,"['false', 'pants-fire', 'mostly-false']",3,True
"""Last week Joe Biden flashed the ‘white power’ sign. President Trump condemned white supremacists yesterday. Why hasn't Joe Biden?”",pants-fire,pants-fire,"['pants-fire', 'false', 'mostly-false']",3,True
"""Karrin Taylor Robson gave illegals tuition discounts and made us pay for it.""",half-true,mostly-false,"['mostly-false', 'half-true', 'mostly-true', 'false']",4,True
"As attorney general, Catherine Cortez Masto “opposed tougher laws on methamphetamine dealers.”",mostly-false,mostly-false,"['mostly-false', 'false', 'half-true', 'mostly-true', 'true', 'pants-fire']",6,True
"""Fifty seats have already changed hands from the Republicans to the Democrats since Donald Trump was elected.""",mostly-true,mostly-false,"['mostly-false', 'mostly-true', 'false', 'half-true', 'true', 'pants-fire']",6,True
Says there were over 600 reports of Texas votes for Donald Trump in the state’s 2016 Republican primary virtually all getting tallied for Marco Rubio.,pants-fire,false,"['false', 'mostly-false', 'half-true', 'mostly-true', 'pants-fire', 'true']",6,True
“Dead people also voted.”,pants-fire,false,"['false', 'pants-fire', 'mostly-false', 'half-true', 'mostly-true']",5,True
“Biden did not win legally.”,pants-fire,pants-fire,"['pants-fire', 'false']",2,True
"Says 93,000 blacks didn’t vote in Milwaukee (in 2016)",mostly-true,false,"['false', 'mostly-false', 'half-true', 'mostly-true', 'pants-fire']",5,True
“Fairfax County is not requiring the last four digits of Social Security Numbers on absentee ballots in this election.”,mostly-false,false,"['false', 'mostly-false', 'half-true', 'pants-fire']",4,True
"""Attorney General Eric Holder’s own Justice Department precleared the voting changes in the 2011 law"" about early voting in Florida.",half-true,mostly-true,"['mostly-true', 'true', 'false', 'mostly-false', 'half-true', 'pants-fire']",6,True
"Says that in Texas, Republican nominees ""get 40 percent of the Latino vote on average.""",mostly-true,mostly-true,"['mostly-true', 'true', 'half-true', 'mostly-false', 'false']",5,True
The Supreme Court “has decided to take up the Texas case.”,false,false,"['false', 'mostly-false', 'pants-fire', 'mostly-true', 'half-true', 'true']",6,True
"To pay for extending the Trump tax cuts, Dave McCormick has “made clear he’ll slash your Medicare and Social Security, and cut Medicaid for nursing home care.”",false,false,"['false', 'mostly-false', 'mostly-true', 'half-true', 'true', 'pants-fire']",6,True
Says MSNBC called the Florida governor’s race for Andrew Gillum before Election Day.,false,false,"['false', 'mostly-false', 'true', 'mostly-true', 'half-true', 'pants-fire']",6,True
An Illinois couple who received five vote-by-mail applications can vote five times.,false,false,"['false', 'mostly-false', 'pants-fire', 'mostly-true', 'true', 'half-true']",6,True
"""Every one of the 67 supervisors of elections"" in Florida refused to carry out the effort to remove noncitizens from the voter rolls.",false,mostly-false,"['mostly-false', 'false', 'mostly-true', 'half-true', 'true', 'pants-fire']",6,True
"U.S. Rep. Bill Young ""has accepted $737,000 from lobbyists and recipients of his earmarks.""",half-true,mostly-true,"['mostly-true', 'half-true', 'mostly-false', 'false', 'true', 'pants-fire']",6,True
"The Biden-Harris administration ""wants to hand out $450,000 to illegal immigrants.""",false,false,"['false', 'mostly-false', 'pants-fire', 'half-true', 'mostly-true']",5,True
"Ten times, no Republican candidate for president had enough delegates to claim the nomination before the party’s convention, and seven of those times ""somebody who was not the leader of delegates was selected as the nominee of the party.""",mostly-true,mostly-true,"['mostly-true', 'true', 'half-true']",3,True
“It’s now been confirmed by Dominion that their voting machines have a programming issue that will affect vote counts.”,false,false,"['false', 'mostly-false', 'half-true', 'mostly-true', 'true', 'pants-fire']",6,True
"Says attorney general candidate Jon Richards ""went so far to say he would only enforce the laws with which he personally agreed.""",false,false,"['false', 'pants-fire']",2,True
Knopp says he upheld a campaign promise not to join the Public Employees Retirement System (PERS).,mostly-true,mostly-true,"['mostly-true', 'half-true', 'true', 'mostly-false']",4,True
"""Governor Tony Evers gave counties the green light to defund Wisconsin's police departments.""",mostly-false,false,"['false', 'mostly-false', 'half-true', 'mostly-true', 'true', 'pants-fire']",6,True
"""Bruce Rauner is of record that he will fully support the Trump candidacy. It's documented. It’s available.""",mostly-true,false,"['false', 'mostly-false', 'half-true', 'true', 'mostly-true', 'pants-fire']",6,True
“Major decision protecting voting rights in Pa. Ballots received after Election Day will not be counted.”,mostly-false,false,"['false', 'mostly-false', 'mostly-true', 'half-true', 'true', 'pants-fire']",6,True
"Says Christopher Little has ""a history of working against environmental protection by defending the worst types of corporate polluters""",false,mostly-true,"['mostly-true', 'true', 'half-true', 'mostly-false', 'false']",5,True
A fake Nancy Pelosi said she won’t seek the speaker position again because the real Pelosi was arrested in 2021.,pants-fire,pants-fire,['pants-fire'],1,True
Says the April 22 jump in COVID-19 cases was related to the election.,false,false,"['false', 'mostly-false', 'half-true', 'mostly-true', 'pants-fire', 'true']",6,True
Alina Habba said New York Supreme Court Justice Arthur Engoron took a “$10 million bribe from Joe Biden’s shell companies to convict Donald Trump.”,false,false,['false'],1,True
"Says Rick Perry is ""the guy that tracked"" down Democratic legislators who fled Texas in 2003.",mostly-false,mostly-false,"['mostly-false', 'false', 'half-true', 'mostly-true']",4,True
Georgia ranks 49th for women serving in elected state and federal offices.,true,true,"['true', 'mostly-true']",2,True
"""Most Texans aren't millionaires.""",true,true,"['true', 'mostly-true', 'half-true']",3,True
"“Joe Biden’s open border” means that there are “more Democrat voters pouring into this country.""",false,false,"['false', 'mostly-false', 'pants-fire', 'half-true']",4,True
"Kamala Harris’ X post said the Olympics’ opening ceremony “made France look great! America, this is what we need to strive towards!”",false,false,"['false', 'mostly-false', 'pants-fire', 'mostly-true', 'true']",5,True
"Five Wisconsin cities received money for the 2020 election from Mark Zuckerberg, which amounted to ""a wave of massive election bribery.""",pants-fire,pants-fire,"['pants-fire', 'false']",2,True
Newt Gingrich has been a proponent of selecting a president by popular vote instead of the Electoral College.,true,true,"['true', 'mostly-true', 'half-true', 'mostly-false', 'false']",5,True
"The new 21st State Senate district was ""created in secret for Van Wanggaard. It was drawn within half a block of his house.""",true,true,"['true', 'mostly-true', 'half-true']",3,True
"“The cheat has begun” because “Michigan, Georgia and Pennsylvania have officially announced that they will not have election results available on election night.”",false,false,"['false', 'mostly-false', 'true', 'mostly-true', 'half-true', 'pants-fire']",6,True
“Boom! Georgia 1st to decertify election.”,pants-fire,false,"['false', 'mostly-false']",2,False
Says George Soros was arrested in Philadelphia for election interference.,pants-fire,false,"['false', 'pants-fire']",2,True
"""Since 2000, when he entered politics, Jon Husted has been on the ballot six times for three different political offices.""",true,true,['true'],1,True
Donald Trump “intends to cut” Medicare.,mostly-false,false,"['false', 'mostly-false', 'half-true', 'mostly-true', 'true', 'pants-fire']",6,True
Says a picture of stacked mailboxes is proof of voter suppression in Wisconsin,false,false,"['false', 'mostly-false', 'half-true', 'pants-fire', 'mostly-true']",5,True
"Says as GOP was picking a convention city, ""I recommended Ohio.""",false,false,"['false', 'mostly-false', 'pants-fire', 'half-true', 'mostly-true']",5,True
"Pinellas County voters ""elected me as their chief financial officer … (and) elected me as (their) governor four years ago.""",true,true,"['true', 'mostly-true', 'half-true', 'false', 'mostly-false']",5,True
"Despite what Donald Trump claims, ""there weren’t 15,000 people who turned out in Phoenix"" to see Trump speak.",true,true,"['true', 'mostly-true', 'false', 'half-true', 'mostly-false']",5,True
"Says that voter identification laws ""keep poor people from voting, minorities from voting, the elderly from voting, students from voting.""",half-true,mostly-true,"['mostly-true', 'half-true', 'true', 'mostly-false']",4,True
"Florida election officials’ requests to some residents to submit proof of citizenship is a ""backdoor poll tax.""",half-true,mostly-true,"['mostly-true', 'mostly-false', 'half-true', 'true', 'false']",5,True
"A Republican bill that would change John Doe criminal investigations is ""creating exceptions in the law for politicians.""",mostly-true,mostly-true,"['mostly-true', 'half-true', 'true', 'mostly-false']",4,True
"""The number of people who just got their voting rights restored in Florida is greater than the populations of Wyoming, Vermont, Alaska, North Dakota, South Dakota, Delaware, Rhode Island, Montana, Maine and New Hampshire.""",mostly-true,true,"['true', 'mostly-true', 'false', 'mostly-false', 'half-true']",5,True
"Says ""Kurt Russell supports Trump"" by wearing a Trump T-shirt.",pants-fire,pants-fire,"['pants-fire', 'false']",2,True
President Obama’s lawsuit claims it is unconstitutional for Ohio to allow servicemen and women extended early voting privileges during the state’s early voting period.,false,false,"['false', 'pants-fire', 'mostly-false', 'mostly-true', 'true']",5,True
"Vice President Kamala Harris commented on President Joe Biden’s “mental fitness,” saying, “he’s not stable” and “we should all be concerned.”",pants-fire,pants-fire,"['pants-fire', 'false']",2,True
Craigslist ad shows “every single person” at Kamala Harris’ Arizona rally was paid.,false,false,['false'],1,True
"After President Donald Trump took office, the U.S. government approved a 2025 $1,000 stimulus program for all Americans.",false,false,['false'],1,True
"""BP is setting up claims offices throughout the state.""",mostly-true,mostly-true,"['mostly-true', 'half-true', 'true']",3,True
"“Illegal” Haitians in Springfield, Ohio, are “reportedly killing and eating pets.”",pants-fire,false,"['false', 'pants-fire', 'mostly-false']",3,True
"""Sen. Obama's campaign announced that he's choosing his  cabinet.""",false,false,['false'],1,True
"""They talk about this problem with binding arbitration. It doesn’t make a lot of sense to me to have somebody from Los Angeles fly into Zanesville and impose a wage settlement on you ... and then they’re on the plane back to Los Angeles.""",pants-fire,pants-fire,"['pants-fire', 'false', 'mostly-false']",3,True
Republican election challengers were unfairly barred from observing absentee ballot processing and counting in Detroit.,false,mostly-false,"['mostly-false', 'false', 'half-true', 'mostly-true', 'true']",5,True
"Says Madison Mayor Paul Soglin's stated intent when proposing that city contractors disclose private political donations was to ""discourage contributions to organizations with which he disagrees.""",true,true,"['true', 'mostly-true', 'false', 'half-true', 'mostly-false', 'pants-fire']",6,True
"""When Trump won, we had the lowest voter turnout in 20 years.""",false,false,"['false', 'mostly-false', 'mostly-true', 'half-true', 'true', 'pants-fire']",6,True
"""California is home to the largest death row population in the Western Hemisphere.""",true,true,"['true', 'mostly-true', 'half-true', 'mostly-false', 'false']",5,True
Vice President Kamala Harris’ “60 Minutes” interview may be “a major Campaign Finance Violation.”,false,false,"['false', 'mostly-false', 'pants-fire', 'half-true', 'mostly-true']",5,True
"Democratic Party candidates for the state Assembly ""actually received 200,000 more votes statewide"" than their Republican counterparts in the 2012 election",mostly-true,mostly-true,"['mostly-true', 'half-true', 'mostly-false', 'false', 'true']",5,True
Says Josh Mandel’s campaign is under FBI investigation,false,false,"['false', 'pants-fire', 'mostly-false', 'true', 'mostly-true']",5,True
"“Elective abortions up to and including the moment of birth. Healthy, 9-month-year-old baby killed at the moment of birth. That’s what Jon Tester and the Democrats have voted for.”",false,false,"['false', 'mostly-false', 'pants-fire', 'half-true', 'mostly-true', 'true']",6,True
"China has ""not acted so well with our elections. They’ve tampered with our elections quite a bit.""",false,false,"['false', 'mostly-false', 'half-true', 'mostly-true', 'pants-fire']",5,True
"Election officials are “sending 80 million ballots all over the country. Eighty million ballots, non-requested. I call them ‘unsolicited ballots.’”",mostly-false,false,"['false', 'mostly-false', 'pants-fire']",3,True
“Deadlines have passed in … Wisconsin” to replace President Joe Biden on the ballot.,false,false,"['false', 'mostly-false', 'half-true', 'mostly-true', 'true', 'pants-fire']",6,True
"Says Beto O'Rourke's ""father-in-law, a billionaire real estate developer who bankrolled a Super PAC to buy Beto a congressional seat…""",mostly-false,mostly-false,"['mostly-false', 'false', 'half-true', 'mostly-true', 'true']",5,True
“The legislature has long maintained that the law never allowed these illegal drop boxes.”,mostly-false,false,"['false', 'mostly-false', 'pants-fire', 'half-true', 'mostly-true']",5,True
"Marco Rubio controlled funds that ""out of the $600,000 that were raised,  only $4,000 went to candidates to try to improve their chances to be  elected to office.""",half-true,half-true,"['half-true', 'mostly-true', 'mostly-false']",3,True
"Nancy Pelosi said ""Congress shall not vote remotely because it is not secure!"" while also saying that “Americans should all vote for president by mail!”",mostly-false,false,"['false', 'mostly-false', 'half-true', 'pants-fire', 'mostly-true', 'true']",6,True
"Missouri ""had the largest amount of millennial Democrats running than any other state in the country.""",true,mostly-true,"['mostly-true', 'half-true', 'false', 'mostly-false', 'true']",5,True
"Democrats failed to flip the Wisconsin state Senate because recall elections were in the ""deepest red districts in the state.""",mostly-false,mostly-false,"['mostly-false', 'false', 'half-true', 'mostly-true']",4,True
Student ID cards are a “source of fraud” at the polls.,false,false,"['false', 'mostly-false', 'half-true', 'pants-fire', 'mostly-true', 'true']",6,True
"If Missouri Amendment 1 passes, the auditor's office ""could take one district, St. Louis here, and merge it with a district in southwest Missouri, a Republican district, and they don't even have to touch.""",mostly-false,false,"['false', 'mostly-false', 'half-true', 'mostly-true', 'pants-fire', 'true']",6,True
"""By registration fewer than 20 percent of Florida voters are Independents.""",true,true,"['true', 'mostly-true', 'false', 'half-true']",4,True
"""Let’s say (Republicans) take away half of our delegates. They’re worth more than Iowa’s, New Hampshire’s and almost South Carolina’s combined.""",half-true,half-true,"['half-true', 'mostly-true', 'mostly-false', 'false', 'true']",5,True
Says the logo of a porn website appeared during a CNN broadcast.,false,false,"['false', 'mostly-false']",2,True
"In Iowa, ""they have allowed a little over 300 people to re-vote.""",pants-fire,pants-fire,"['pants-fire', 'false']",2,True
Another great endorsement! Barrow Journal explains the difference between me and Jody Hice.,half-true,half-true,"['half-true', 'mostly-true', 'mostly-false', 'false']",4,True
"North Carolina “always had nonpartisan judicial races, and when the Republicans took over several years ago they changed it.”",mostly-false,false,"['false', 'mostly-false', 'half-true', 'mostly-true', 'true', 'pants-fire']",6,True
"In voting by mail, “hundreds of thousands of ballots have been rejected for defects and millions more end up missing or in landfills.”",mostly-false,mostly-false,"['mostly-false', 'mostly-true', 'false', 'half-true', 'true', 'pants-fire']",6,True
"""Do you know which state has the worst ratio of white voter turnout to African-American voter turnout? Massachusetts. Do you know what has the best, where African-American turnout actually exceeds white turnout? Mississippi.""",half-true,mostly-false,"['mostly-false', 'mostly-true', 'half-true', 'false', 'true', 'pants-fire']",6,True
"Says Scott Walker ""cut back early voting and signed legislation that would make it harder for college students to vote.""",mostly-true,mostly-true,"['mostly-true', 'half-true', 'mostly-false']",3,True
Michelle Nunn ranks agriculture issues as the 18th most important items facing Georgia.,mostly-false,mostly-false,"['mostly-false', 'false', 'mostly-true', 'half-true']",4,True
Georgia has elected more African-American leaders than any other state in the country.,mostly-false,false,"['false', 'mostly-false', 'half-true', 'mostly-true']",4,True
"The 2020 election could not have been fair because “Los Angeles County agreed, during litigation, that there were 1.2 million ineligible voters after the election.”",false,false,"['false', 'mostly-false', 'pants-fire', 'half-true', 'mostly-true']",5,True
“Paper ballots and hand counting never breaks down.”,false,false,"['false', 'mostly-false', 'pants-fire', 'half-true']",4,True
“Fani Willis has just confessed to collusion with J6 committee.”,false,false,['false'],1,True
Ballot drop boxes 'were only used for a pandemic.',false,false,"['false', 'mostly-false', 'half-true', 'pants-fire', 'mostly-true']",5,True
"""Half of all NC legislative candidates are unopposed because of gerrymandering.""",mostly-true,mostly-true,"['mostly-true', 'half-true', 'mostly-false', 'true']",4,True
People in Germany saw this electoral map that shows Trump beating Biden with 410 electoral votes before Dominion’s servers were seized.,pants-fire,false,"['false', 'pants-fire', 'mostly-false']",3,True
“Bob Casey and Kamala Harris want to BAN fracking.”,false,false,"['false', 'mostly-false', 'pants-fire', 'half-true', 'mostly-true', 'true']",6,True
"""Eleven states complete their [legislative] sessions within three calendar months, and another five only meet biennially.""",mostly-true,true,"['true', 'mostly-true', 'half-true', 'mostly-false', 'false']",5,True
"""I have voted every year in Wisconsin.""",false,false,"['false', 'mostly-false']",2,True
"Says Russ Feingold ""wanted to get money out of politics. Now he's profiting from that same dark money.""",half-true,half-true,"['half-true', 'mostly-false', 'mostly-true', 'false']",4,True
"Rob Portman has taken more than $125,000 from ""Big Oil.""",mostly-true,mostly-true,"['mostly-true', 'half-true', 'mostly-false', 'true']",4,True
Says Robin Vos wore protective gear that “election workers he forced to work … do not have.”,mostly-false,mostly-false,"['mostly-false', 'false', 'half-true', 'mostly-true', 'true', 'pants-fire']",6,True
"Gov. Charlie Crist ""sought for and got approved the automatic restoration of felon rights for nonviolent offenders for the first time in Florida history.""",false,mostly-true,"['mostly-true', 'true', 'half-true', 'false', 'mostly-false', 'pants-fire']",6,True
"""13,000 Floridians are able to vote -- but their governor won't tell them.""",false,true,"['true', 'mostly-true', 'half-true', 'mostly-false', 'false']",5,True
"Says immigrants with temporary protections in Springfield, Ohio, are “illegal immigrants.”",false,false,"['false', 'mostly-false', 'half-true', 'true', 'mostly-true', 'pants-fire']",6,True
"""Wow, Report Just Out! Google manipulated from 2.6 million to 16 million votes for Hillary Clinton in 2016 Election!""",false,false,"['false', 'pants-fire', 'mostly-false']",3,True
"""Rick Perry had planned to retire from the legislature  until his best friend, David Weeks, and I talked him into switching  parties and running for the GOP nomination for agriculture  commissioner.""",mostly-true,mostly-true,"['mostly-true', 'true', 'half-true', 'mostly-false', 'false']",5,True
"""Democrats have forced a special election""",false,false,"['false', 'mostly-false', 'half-true', 'mostly-true', 'true', 'pants-fire']",6,True
"Rep. Ruben Gallego is “controlled by the cartels. His own father was a Colombian drug trafficker, and so he’s got links to the cartel.”",pants-fire,false,"['false', 'mostly-false', 'pants-fire', 'half-true']",4,True
Says ballots in Wisconsin “are being dumped in rivers” or creeks.,false,false,"['false', 'pants-fire', 'mostly-false', 'half-true']",4,True
"Says Rick Scott’s proposal for election reform ""only mandates 48 hours of early voting.""",mostly-true,half-true,"['half-true', 'mostly-true', 'mostly-false', 'false', 'true']",5,True
"A CNN headline says “75,000 votes were write-ins for ‘Hawk Tuah’ and ‘Talk Tuah.’”",pants-fire,pants-fire,['pants-fire'],1,True
"In 2020, Trump “did much better” in the Wisconsin election than 2016, and “after the wrongdoing was found, people said, ‘Well, he actually did win.’”",pants-fire,false,"['false', 'pants-fire', 'mostly-false']",3,True
“We are now the only country in the world that uses mail-in voting.”,false,false,"['false', 'pants-fire', 'mostly-false', 'half-true', 'mostly-true']",5,True
"Says ""EIGHT Iowa counties have more adults registered to vote than voting-aged adults living there.”",false,false,"['false', 'mostly-false', 'pants-fire', 'mostly-true', 'true', 'half-true']",6,True
"“We will be over 290 electoral votes on Election Night ... no matter what they (Democrats) try to do, what kind of hijinks or lawsuits or whatever kind of nonsense they try to pull off.”",false,false,"['false', 'mostly-false', 'pants-fire', 'half-true', 'mostly-true']",5,True
"""Antifa"" is to blame for storming the U.S. Capitol.",pants-fire,pants-fire,['pants-fire'],1,True
“Two mail in ballots in PA (were) sent to the same person with their names on both a week and a half apart.”,half-true,false,"['false', 'mostly-false', 'half-true', 'mostly-true', 'true', 'pants-fire']",6,True
"“There is no chain of custody” for ballots placed in Box No. 3 at Maricopa, Arizona, polling sites.",false,false,"['false', 'mostly-false', 'true', 'mostly-true', 'half-true', 'pants-fire']",6,True
An “anti-Black Lives Matter” flag replaced the American flag behind President Trump during a Waukesha campaign rally.,mostly-true,false,"['false', 'mostly-false', 'half-true', 'mostly-true', 'true', 'pants-fire']",6,True
"""The Democrats have over  20 field agents to our zero.""",half-true,half-true,"['half-true', 'mostly-false', 'mostly-true']",3,True
"""Newspapers have framed this election as my fight against the Illinois mafia.""",false,false,"['false', 'mostly-false', 'half-true', 'mostly-true', 'true', 'pants-fire']",6,True
The 2024 election results show that Joe Biden’s 80 million votes in 2020 were a “lie.”,pants-fire,false,"['false', 'pants-fire', 'mostly-false']",3,True
Voting in California is “rigged.”,pants-fire,false,"['false', 'pants-fire', 'mostly-false']",3,True
"""Dallas County Texas (tells) election workers to (illegally) lie on registration & use a church address to register homeless people to vote!”",pants-fire,false,"['false', 'mostly-false', 'pants-fire', 'mostly-true', 'half-true', 'true']",6,True
“The lady who leaked passwords for voting systems in Colorado is the same person who tried to remove Trump from the ballot.”,mostly-false,false,"['false', 'mostly-false', 'pants-fire', 'half-true']",4,True
"""[State Rep. Doug McKillip’s] donors deserve a refund.""",false,false,"['false', 'mostly-false', 'true', 'mostly-true', 'half-true', 'pants-fire']",6,True
"Says Chris Christie was the ""first governor in America to endorse"" Mitt Romney.",false,false,"['false', 'mostly-false', 'half-true', 'true', 'mostly-true']",5,True
Says Tommy Tuberville “is for privatizing Social Security and cutting Medicare.”,half-true,mostly-false,"['mostly-false', 'mostly-true', 'false', 'half-true', 'true', 'pants-fire']",6,True
"When Donald Trump lost the Iowa caucus to Ted Cruz in 2016, ""he immediately cried that Cruz cheated.”",true,false,"['false', 'true', 'mostly-true', 'mostly-false', 'half-true', 'pants-fire']",6,True
"Every former North Carolina governor opposes ""constitutional amendments Raleigh lawmakers put on the ballot this fall.""",false,false,"['false', 'mostly-false', 'half-true', 'mostly-true', 'pants-fire', 'true']",6,True
"""The @nytimes sent a letter to their subscribers apologizing for their BAD coverage of me.""",false,false,"['false', 'mostly-false', 'pants-fire', 'half-true', 'mostly-true']",5,True
"""Seventy-four percent of Rhode Islanders support [a] national popular vote [for president] because they, as I, believe in one person-one vote.""",half-true,false,"['false', 'mostly-false', 'half-true', 'mostly-true', 'pants-fire', 'true']",6,True
"""Cuba has a lung cancer vaccine we in the US had no access to because we sanctioned Cuba.”",half-true,mostly-false,"['mostly-false', 'false', 'half-true', 'mostly-true', 'true']",5,True
The problem with mail ballots in Lancaster County is a sign of “voter fraud.”,false,false,"['false', 'mostly-false', 'half-true', 'mostly-true', 'pants-fire']",5,True
"Says Wisconsin GOP U.S. Senate candidate Eric Hovde ""brags about being in the 1%.""",mostly-true,half-true,"['half-true', 'mostly-false', 'false', 'mostly-true', 'true']",5,True
An obscure filing with the Federal Election Commission shows Biden has formally announced his bid for another term.,false,false,"['false', 'mostly-false', 'true', 'half-true', 'pants-fire']",5,True
"“During Covid, Tim Walz rationed access to monoclonal antibody treatments based on skin color.”",mostly-false,false,"['false', 'mostly-false', 'half-true', 'mostly-true', 'pants-fire', 'true']",6,True
Pacific Gas & Electric Co. deliberately shut off power “on Republican voters” in California on Election Day.,false,false,"['false', 'mostly-false']",2,True
"“Jan. 6 is being used as a pretext to strip millions of Americans, disfavored Americans, of their core constitutional rights.”",pants-fire,false,"['false', 'mostly-false', 'pants-fire', 'half-true']",4,True
"Says Jeb Bush ""said he would take his pants off and moon everybody ... Nobody reports that.""",mostly-false,false,"['false', 'mostly-false', 'pants-fire', 'half-true', 'mostly-true']",5,True
"Wisconsin is “run by Democrats right now,” so they should address election social distancing concerns.",mostly-false,false,"['false', 'mostly-false', 'half-true', 'pants-fire', 'mostly-true']",5,True
“They’re still counting the (2024 election) vote in some areas.”,false,false,"['false', 'mostly-false', 'pants-fire', 'mostly-true', 'half-true', 'true']",6,True
"Says the U.S. House’s COVID-19 relief bill, advanced by Democrats, “strips states of their right to administer elections.”",false,false,"['false', 'mostly-false', 'half-true', 'true', 'mostly-true']",5,True
"Says no elections protest was filed, McCready conceded and ""every"" county board certified its results from the Mark Harris, Dan McCready race.",mostly-true,mostly-false,"['mostly-false', 'false', 'mostly-true', 'half-true', 'true', 'pants-fire']",6,True
Pallets of bricks were left all over the streets of Chicago before the Democratic National Convention.,false,false,"['false', 'pants-fire']",2,True
"Says the Hawaii governor ""can’t find anything that says (President Barack Obama) was born in Hawaii.""",false,false,"['false', 'mostly-false', 'true', 'pants-fire', 'mostly-true']",5,True
"Discussing gender-affirming surgical care for minors, said that Sweden “shut it down.”",half-true,false,"['false', 'mostly-false', 'half-true', 'mostly-true', 'true', 'pants-fire']",6,True
"Says his elections proposal would allow ""a potential of 168 hours (of early voting), which I think is the most we’ve ever had.""",true,true,"['true', 'mostly-true', 'half-true', 'false', 'mostly-false']",5,True
"""Issue 2 makes it illegal for us to negotiate for enough firefighters to do the job.""",mostly-true,mostly-true,"['mostly-true', 'half-true', 'mostly-false']",3,True
U.S. Sen. Sherrod Brown “supported allowing puberty blockers and sex-change surgeries for minor children.”,mostly-false,false,"['false', 'mostly-false', 'half-true', 'mostly-true', 'pants-fire', 'true']",6,True
“Dave McCormick is fully against abortion.”,mostly-false,false,"['false', 'mostly-false', 'half-true', 'mostly-true', 'true', 'pants-fire']",6,True
"""There are no rules governing"" the 2016 Republican convention, ""the rules have not been set.""",mostly-true,mostly-true,"['mostly-true', 'half-true', 'true', 'mostly-false']",4,True
"""Obama for President and Baldwin for Senate have kept their campaign offices up and running in Fox Valley, Eau Claire and La Crosse with their staffs preparing for the next battle.""",false,false,['false'],1,True
Rob Portman won the fewest votes of all Ohio U. S. Senate victors since 2000.,mostly-true,mostly-true,"['mostly-true', 'half-true', 'mostly-false', 'true', 'false']",5,True
"With voting machines, ""They say we're going to have the results in two weeks. With paper ballots, you have the results that night.""",false,false,"['false', 'mostly-false', 'pants-fire', 'half-true', 'mostly-true']",5,True
"The DeWine campaign is ""receiving money from so many more people. (Cordray's) money is coming almost exclusively from the party, labor unions, and special counsel that he has given business to.""",half-true,half-true,"['half-true', 'mostly-true', 'mostly-false']",3,True
"""Many just call him 'Lyin' Ted.' ... His TV ad about John Kasich? Lie! Stations had to pull it off the air.""",false,false,"['false', 'mostly-false', 'pants-fire', 'true']",4,True
"“The Arizona forensic audit found over 17,000 duplicates of votes.”",false,false,"['false', 'mostly-false', 'half-true', 'mostly-true']",4,True
"The probability of Biden winning in Wisconsin, Georgia, Michigan and Pennsylvania “given President Trump’s early lead ... is less than one in a quadrillion” in each state.",pants-fire,pants-fire,"['pants-fire', 'false', 'mostly-false']",3,True
"Says people in Africa ""literally walk two and three hundred miles"" in order to vote.",pants-fire,pants-fire,"['pants-fire', 'false']",2,True
"""Nicki Minaj just endorsed Donald Trump for President.”",false,false,"['false', 'mostly-false', 'pants-fire']",3,True
"Says his Jan. 6, 2021, speech on the White House Ellipse drew the “same number of people,” as the 1963 March on Washington where  Martin Luther King Jr. gave his “I Have a Dream” speech.",false,false,"['false', 'mostly-false', 'pants-fire', 'half-true']",4,True
Police report shows “massive 2020 voter fraud uncovered in Michigan.”,false,false,"['false', 'mostly-false', 'pants-fire']",3,True
"""An analysis showed that Bernie Sanders would have won the Democratic nomination if it were not for the Super Delegates.""",false,false,"['false', 'mostly-false', 'half-true', 'pants-fire', 'mostly-true', 'true']",6,True
"In South Philadelphia, people are “getting paid $700 a week to go to wherever Kamala’s campaign tells them to go to.”",false,false,['false'],1,True
Vice President Kamala Harris was fired from McDonald’s for stealing.,pants-fire,pants-fire,"['pants-fire', 'false']",2,True
"""70 percent of Americans believe that we are on the wrong path.""",mostly-true,mostly-true,"['mostly-true', 'half-true']",2,True
Wisconsin elections administrator Meagan Wolfe “allowed for the use of illegal drop boxes and ballot harvesting.”,false,false,"['false', 'mostly-false', 'pants-fire', 'half-true', 'mostly-true']",5,True
"Officials in Fairfax, Va., gave 100,000 Trump votes to Biden.",mostly-false,false,"['false', 'mostly-false', 'half-true', 'mostly-true', 'true', 'pants-fire']",6,True
“A federal judge just ordered Wisconsin must have all ballots counted by 8 p.m. on the day of the election.”,pants-fire,false,['false'],1,False
“President Trump and I lost an election in 2020 because of a rigged election.”,pants-fire,false,"['false', 'pants-fire', 'mostly-false', 'half-true']",4,True
"Says Deputy Comptroller Aycha Sawa ""blocked an audit"" of the Milwaukee lead program for three years that ""put our children in danger"" and spurred a criminal investigation.",pants-fire,false,"['false', 'mostly-false', 'pants-fire', 'half-true', 'mostly-true', 'true']",6,True
"It’s legal to ""sign a recall petition (against Gov. Scott Walker) even if you have already signed another recall petition,"" but only one signature counts",true,true,"['true', 'mostly-true']",2,True
“Something stinks” that Donald Trump won in several battleground states while Democrats won Senate or governor races in those states.,false,mostly-true,"['mostly-true', 'true', 'half-true', 'mostly-false', 'false', 'pants-fire']",6,True
"When elected Georgia governor in 2018, “Brian Kemp was over $7 million in debt.” Kemp “cut a deal” to select Dominion Voting Systems as Georgia’s voting machine vendor and “has never been in debt since.”",false,false,"['false', 'mostly-false', 'pants-fire', 'half-true', 'mostly-true']",5,True
"Says Kanye West got 40,000 votes in the presidential election in Kentucky.",false,false,"['false', 'pants-fire']",2,True
Florida’s Amendment 3 is “the monopoly amendment.”,false,mostly-false,"['mostly-false', 'mostly-true', 'half-true', 'false', 'true']",5,True
"""You've got a medical report on me that meets the same standard as Mitt Romney and Barack Obama.""",mostly-true,mostly-true,"['mostly-true', 'true', 'half-true', 'mostly-false', 'false', 'pants-fire']",6,True
"""The FBI is involved in an investigation about people in the Rio Grande Valley who are using cocaine to buy votes.""",mostly-true,true,"['true', 'mostly-true', 'half-true', 'mostly-false', 'false']",5,True
"""Could I just point out that ... I seem to get the first question all the time?""",true,true,"['true', 'mostly-true']",2,True
"""There are hit squads being trained all over this country” to violently oppose a second term for President Donald Trump.",false,false,"['false', 'pants-fire', 'mostly-false', 'half-true']",4,True
"Scott Walker ""had a 2.3 GPA when he was asked to leave Marquette University for cheating.""",false,false,"['false', 'pants-fire', 'mostly-false']",3,True
"“In one of the states that determined the outcome” of the 2016 presidential race, “the winning margin averaged out to just two votes per precinct, two votes.”",true,true,"['true', 'mostly-true', 'half-true']",3,True
"""The president and vice president can't be from the same state.""",false,false,"['false', 'true', 'mostly-false', 'pants-fire', 'half-true']",5,True
"""In her first appellate argument, Ms. Kagan told the court that the speech and press guarantees in the First Amendment would allow the federal government to ban the publication of pamphlets discussing political issues before an election.""",half-true,half-true,"['half-true', 'mostly-true', 'mostly-false', 'false', 'true']",5,True
"Says Charlie Crist wants felons who ""commit a heinous crime"" such as ""intentional permanent disfigurement of a child, you walk out of jail, you immediately get to vote.""",mostly-false,false,"['false', 'mostly-false', 'mostly-true', 'half-true', 'true', 'pants-fire']",6,True
"Legislators are ""ramming through a provision that’ll make investigations like #NC09 less transparent.""",mostly-false,false,"['false', 'mostly-false', 'half-true', 'mostly-true', 'true', 'pants-fire']",6,True
"“We indicted someone in Texas, 1,700 ballots collected from people who could vote, he made them out and voted for the person he wanted to.”",false,false,"['false', 'mostly-false', 'half-true', 'mostly-true', 'pants-fire', 'true']",6,True
"Says ""over 1 million signatures"" were submitted in attempt to recall Gov. Scott Walker.",false,false,"['false', 'mostly-false', 'mostly-true', 'true']",4,True
"The Libertarian Party ""is the third-largest political party in the U.S.""",false,false,"['false', 'mostly-false', 'true', 'mostly-true', 'half-true', 'pants-fire']",6,True
"Says Donald Trump ""spent the least amount of money of any of the competitive primary contenders that he beat so badly.""",mostly-true,mostly-true,"['mostly-true', 'mostly-false', 'half-true', 'false', 'true', 'pants-fire']",6,True
"Says she debated her opponent ""multiple times.""",half-true,false,"['false', 'half-true', 'mostly-false', 'mostly-true', 'true', 'pants-fire']",6,True
Dominion Voting Systems employee Eric Coomer told an Antifa meeting he “made sure” Donald Trump wouldn’t win.,false,false,"['false', 'pants-fire', 'mostly-false', 'true', 'mostly-true']",5,True
"Voter fraud provided ""a portion"" of the margin of victory of Democrat John Lehman over Republican Sen. Van Wanggaard in a state Senate recall election.",false,false,"['false', 'pants-fire']",2,True
"“[Steve] Bullock’s health care plan will force rural hospitals to close. Medicare as we know it will change, replaced by a government-run program with fewer doctors and longer wait times.”",false,mostly-false,"['mostly-false', 'false', 'half-true', 'mostly-true', 'pants-fire']",5,True
“Biden says he doesn’t need voters to get elected.”,false,false,"['false', 'mostly-false', 'half-true', 'mostly-true', 'true', 'pants-fire']",6,True
"""In Florida felonies can be things like buying weed, tampering with an odometer or disturbing a lobster trap. So basically spring break.""",mostly-true,true,"['true', 'mostly-true', 'half-true', 'mostly-false', 'false']",5,True
"Says of disclosing his $20,000 speech about Syria, ""there was no hiding. I released it.""",half-true,true,"['true', 'mostly-true', 'false', 'half-true', 'mostly-false', 'pants-fire']",6,True
“Joe Rogan says he will not be voting for Trump after having him on the podcast.”,false,false,"['false', 'mostly-false', 'true', 'mostly-true', 'pants-fire', 'half-true']",6,True
"""Reports from Whitfield County, GA that Dominion machines are flipping votes. This is exactly the kind of fraud we saw in 2020.""",pants-fire,pants-fire,['pants-fire'],1,True
"""Most"" of the newspapers that endorsed Alex Sink also endorsed Barack Obama.",mostly-true,mostly-true,"['mostly-true', 'mostly-false', 'half-true', 'false']",4,True
"""We will be the first party to elect a bald guy to governor.""",false,false,"['false', 'pants-fire', 'mostly-false', 'true', 'half-true', 'mostly-true']",6,True
"""We got the highest vote count in the history of the Republican Party.""",mostly-true,mostly-true,"['mostly-true', 'half-true', 'mostly-false']",3,True
"“Polling center tells some Republicans they ‘already voted’"" in the California recall election.",half-true,false,"['false', 'mostly-false', 'half-true', 'mostly-true', 'pants-fire', 'true']",6,True
"Says Republican gubernatorial candidate Adam Laxalt ""tried to cut a deal with big pharma"" in a lawsuit.",false,mostly-false,"['mostly-false', 'false', 'half-true', 'mostly-true', 'pants-fire', 'true']",6,True
Says “Hugo Chavez’s family still owns” Dominion Voting Systems.,false,false,"['false', 'mostly-false', 'true']",3,True
"Robert Prevost, the Roman Catholic cardinal who was chosen to be the new pope, is a “registered Republican.”",mostly-false,false,"['false', 'mostly-false', 'half-true', 'mostly-true', 'true', 'pants-fire']",6,True
"“Kamala cast the tiebreaking vote to hire 87,000 new IRS agents to go after your tip income.”",false,false,"['false', 'mostly-false', 'pants-fire', 'mostly-true', 'true', 'half-true']",6,True
“The Montana Secretary of State left Kamala Harris off the ballot.”,half-true,false,"['false', 'mostly-false', 'half-true', 'true', 'mostly-true']",5,True
"""We have a tax code that allows groups to use their political operations within the tax code, under the guise of a charity, to use undisclosed millions of dollars to do political campaigns.""",mostly-true,mostly-true,"['mostly-true', 'true', 'half-true', 'mostly-false', 'false']",5,True
Says a ballot can be emailed to Wisconsin voters even a day before the election.,false,false,"['false', 'mostly-false', 'pants-fire']",3,True
"“In Project 2025, you’re going to have to register with a new federal agency when you get pregnant.”",false,false,"['false', 'mostly-false', 'pants-fire', 'true', 'mostly-true']",5,True
"""Taxpayers are paying a fortune for the use of Air Force One on the campaign trail"" by President Barack Obama and Hillary Clinton.",mostly-true,mostly-true,"['mostly-true', 'mostly-false', 'half-true', 'false', 'true', 'pants-fire']",6,True
"""Taxpayer-funded benefits to illegals"" in California are ""a skyrocketing cost under Obamacare.""",false,false,"['false', 'mostly-false', 'pants-fire']",3,True
"""Candidate Slotkin had presented herself as a moderate and as someone who’d be independent-minded, but her time in office was making it increasingly clear that no, she was very partisan, voting 96% of the time with Speaker Pelosi.""",mostly-false,true,"['true', 'mostly-true', 'half-true', 'mostly-false', 'false']",5,True
"""Under the ruling of the Supreme Court, any lobbyist could go into any legislator and say, if you don't vote our way on this bill, we're going to run a million-dollar campaign against you in your district.""",half-true,true,"['true', 'mostly-true', 'half-true', 'mostly-false', 'false', 'pants-fire']",6,True
"""One year ago, (Republicans) would not fill seats vacated for people who went to the administration because of the cost of those elections. Now, they’re talking about changing the rules to add additional elections that will cost millions of dollars of taxpayer expense.""",mostly-true,mostly-true,"['mostly-true', 'true', 'half-true']",3,True
Arizona U.S. Senate candidate Kari Lake “was against” the child tax credit expansion “when the bill was on the floor.”,mostly-false,false,"['false', 'mostly-false', 'mostly-true', 'true', 'half-true']",5,True
ColoradoCare would have higher revenues than McDonald’s.,mostly-true,true,"['true', 'mostly-true', 'half-true', 'false', 'mostly-false']",5,True
“We’re putting our great coal miners back to work.”,mostly-false,false,"['false', 'mostly-false', 'half-true', 'pants-fire', 'mostly-true']",5,True
"The voting bill known as H.R. 1 would mean “that millions of illegal immigrants are quickly registered to vote.""",false,false,"['false', 'mostly-false', 'half-true', 'mostly-true', 'true', 'pants-fire']",6,True
"Before ""our last three presidents, you have to go back to the 1800s, early 1800s to find three presidents in a row being consecutively re-elected.""",true,false,"['false', 'half-true', 'mostly-false', 'mostly-true', 'true', 'pants-fire']",6,True
"“Wisconsin has historically … and I think largely continues to be, a blue state.”",mostly-false,false,"['false', 'mostly-false', 'mostly-true', 'half-true', 'pants-fire', 'true']",6,True
"""The entire Database of Maricopa County in Arizona has been DELETED!""",false,false,"['false', 'mostly-false', 'pants-fire']",3,True
"In Iowa, “since we have put a number of the voting laws into place over the last several years — voter ID is one of those — we've actually seen voter participation increase, even in off-election years.”",true,mostly-true,"['mostly-true', 'true', 'half-true', 'mostly-false', 'false']",5,True
“They are trying to make it illegal to question the results of a bad election.”,false,false,"['false', 'mostly-false', 'pants-fire', 'mostly-true', 'half-true', 'true']",6,True
Quotes Joe Biden as saying “We need to teach our children the ISLAMIC FAITH in our schools!”,false,false,"['false', 'mostly-false', 'pants-fire', 'half-true']",4,True
"""You’re more likely to get struck by lightning in Texas"" than find in-person voter fraud.",true,true,"['true', 'false', 'mostly-true', 'mostly-false', 'half-true', 'pants-fire']",6,True
Michigan has “more registered voters than eligible citizens. This creates a huge risk of election fraud.”,false,false,"['false', 'mostly-false', 'half-true', 'mostly-true', 'true', 'pants-fire']",6,True
"Says North Carolina’s ""Democratic Secretary of State"" controls the state's elections.",false,false,"['false', 'mostly-false', 'half-true', 'mostly-true', 'true']",5,True
"Online voter registration is a ""more secure"" way of doing voter registration.",mostly-true,true,"['true', 'mostly-true', 'half-true', 'mostly-false']",4,True
"Says ""Brenda Snipes in Broward County is a Republican.""",false,false,"['false', 'mostly-false', 'true', 'half-true']",4,True
"A clip of Joe Biden shows him reading a response to an interview question from a teleprompter, saying “I lost that line.”",pants-fire,pants-fire,"['pants-fire', 'false', 'true', 'mostly-false', 'mostly-true', 'half-true']",6,True
"""Everything I have said (on the campaign trail) has been factually accurate.""",false,false,['false'],1,True
Trump campaign rally gunman Thomas Matthew Crooks was “arrested more than once.”,false,false,['false'],1,True
"A recall election for Wisconsin governor would cost ""$7.7 million -- $7.7 million that may already be allocated to merit raises for teachers or health care for the poor or school books for your kids.""",half-true,half-true,"['half-true', 'mostly-true']",2,True
"The Colorado caucus system for selecting Republican delegates is ""rigged.""",false,false,"['false', 'mostly-false', 'half-true', 'mostly-true', 'pants-fire', 'true']",6,True
"When Haitians go to school in Springfield, Ohio, they “take the place of our children in school” and “each one will have a private interpreter.""",false,false,"['false', 'mostly-false', 'pants-fire']",3,True
"An email from Hillary Clinton to Donna Brazile Oct.17th, 2016 stated: ""If that f-----’ bastard wins, we’re all going to hang from nooses! You better fix this s---!""",pants-fire,pants-fire,['pants-fire'],1,True
“The DC looting was staged” by antifa,pants-fire,pants-fire,"['pants-fire', 'false']",2,True
CBS exposed “the fact” that Kamala Harris’ crowd sizes are inflated because her campaign bused hundreds of attendees to her New Hampshire rally.,mostly-false,mostly-false,"['mostly-false', 'false']",2,True
"Liberty University students ""were mandated"" to attend Sen. Ted Cruz’s presidential announcement ""or they would be fined.""",true,true,"['true', 'mostly-true', 'half-true', 'false', 'mostly-false']",5,True
"Says it probably costs more than $300,000 to run for a seat on the Pedernales Electric Cooperative board of directors.",pants-fire,pants-fire,['pants-fire'],1,True
"While previous clemency boards granted restoration of civil rights to thousands of Floridians,  ""so far this year, under this clemency board, four (felons) have gotten their rights back.""",mostly-true,mostly-true,"['mostly-true', 'true', 'half-true', 'mostly-false', 'false']",5,True
"House Democrats ""have a two-to-one advantage money-wise"" against House Republicans.",mostly-true,mostly-true,"['mostly-true', 'true', 'half-true']",3,True
"In the Georgia House district that hosted a special election on June 20, ""Trump won by 20+ points.""",false,false,"['false', 'mostly-false', 'half-true', 'pants-fire', 'mostly-true', 'true']",6,True
"""There has never been an alderman who has defeated an incumbent mayor in the history of this great city.""",true,true,"['true', 'mostly-true']",2,True
"The ""left"" is blatantly attempting to disrupt Georgia’s elections.",false,false,"['false', 'mostly-false', 'pants-fire', 'mostly-true', 'half-true', 'true']",6,True
"“Arizona trooper found 50,000 ballots in dumpster all for President Trump!!”",false,false,['false'],1,True
"Says Tim Walz said he carried weapons in war, but “he has not spent a day in a combat zone.”",true,false,"['false', 'mostly-false', 'half-true', 'true', 'mostly-true', 'pants-fire']",6,True
"After a “major water main break,” Georgia election workers counted “18,000 ballots, all for Biden” that they pulled from suitcases and with no election observers present.",pants-fire,false,"['false', 'pants-fire', 'mostly-false']",3,True
"John Raese's wife ""is registered to vote in Florida so she can't even vote for him.""",true,true,"['true', 'false', 'mostly-true', 'mostly-false', 'half-true', 'pants-fire']",6,True
"Voting machines didn’t work in heavily GOP areas for the Georgia runoff elections, leaving some voters unable to cast ballots.",mostly-false,false,"['false', 'mostly-false', 'mostly-true', 'half-true', 'true', 'pants-fire']",6,True
Ninety percent of the people in Arkansas still love Bill Clinton.,half-true,half-true,"['half-true', 'mostly-true']",2,True
"“Inauguration Cancelled, Trump Remains in Office.”",pants-fire,false,"['false', 'mostly-false', 'pants-fire']",3,True
"Vans filled with 50,000 ballots show up in Philadelphia during live MSNBC report.",false,false,"['false', 'mostly-false', 'pants-fire', 'half-true']",4,True
"""This race will be the Democrats’ top target this November.""",false,false,"['false', 'pants-fire', 'mostly-false', 'true', 'mostly-true']",5,True
“It was just Biden and Trump in 2020” general election ballots.,false,false,['false'],1,True
"“Illegal immigrants now have the right to vote in New York.""",false,false,"['false', 'mostly-false', 'half-true']",3,True
"""We have a guy who is going to be speaker of the House in four years, and his name has been on the ballot one time.""",false,false,"['false', 'pants-fire', 'mostly-false']",3,True
“Prices are up because these corporations are scheming to drive them up.”,mostly-false,mostly-false,"['mostly-false', 'false', 'half-true', 'mostly-true', 'pants-fire', 'true']",6,True
"On the day of the Dec. 6 runoff, “armed groups of Black Panthers” were “reportedly patrolling certain voting locations” in Georgia.",false,false,"['false', 'mostly-false', 'pants-fire', 'mostly-true', 'half-true']",5,True
"States with voter ID laws have seen ""zero decrease"" in participation. ""Most have seen an increase.""",mostly-false,mostly-false,"['mostly-false', 'false', 'half-true', 'mostly-true']",4,True
"""Since 2007 David Jolly has given almost $30,000 to keep Democrats in Congress!""",mostly-true,mostly-true,"['mostly-true', 'true', 'false', 'half-true', 'mostly-false']",5,True
"Says Paul Manafort’s alleged crimes were ""years ago, before Paul Manafort was part of the Trump campaign.""",mostly-false,false,"['false', 'mostly-false', 'half-true', 'mostly-true', 'pants-fire', 'true']",6,True
Democrats used “47 million mail-in ballots” to steal “every election in the country.”,pants-fire,pants-fire,"['pants-fire', 'false']",2,True
"Sen. Kay Bailey Hutchison's  ""concession speech came with less than 20 percent of the precincts  having been counted.""",mostly-true,mostly-true,"['mostly-true', 'half-true', 'mostly-false', 'true']",4,True
"""8 years of the Clintons, major losses for Democrats across the nation.""",mostly-true,mostly-true,"['mostly-true', 'half-true', 'mostly-false']",3,True
Suggests that “since mostly Democrats vote early” then that represents “made-up ballots or dead people voting.”,false,false,"['false', 'mostly-false', 'pants-fire']",3,True
"""Republicans are attempting to remove Barack Obama from Georgia’s Presidential Ballot in 2012.""",half-true,half-true,['half-true'],1,True
"""Eight out of the nine states with competitive Senate races, Hispanics make up less than 10 percent of the electorate.""",true,mostly-true,"['mostly-true', 'true', 'half-true', 'mostly-false', 'false']",5,True
Vice President Kamala Harris’ mother “worked the MK Ultra program” and was “involved in secret mind-control experiments.”,pants-fire,pants-fire,"['pants-fire', 'false']",2,True
"Says the NC elections board received ""no calls"" after alerting Bladen County voters to possible absentee ballot fraud.",false,false,"['false', 'mostly-false', 'half-true', 'mostly-true', 'true']",5,True
"Bird flu in the U.S. is a ""scamdemic"" timed to coincide with the 2024 presidential elections “by design.”",false,false,"['false', 'mostly-false', 'pants-fire']",3,True
Says Biden “didn’t win in Arizona. He lost in Arizona based on the forensic audit.”,pants-fire,false,"['false', 'mostly-false', 'pants-fire']",3,True
"""We are within the margin of error.""",half-true,half-true,"['half-true', 'mostly-true', 'mostly-false', 'false']",4,True
Sen. Raphael Warnock “voted for welfare for politicians plan. Up to $25 million of government money for Warnock’s own political campaign.”,false,mostly-false,"['mostly-false', 'false', 'half-true', 'mostly-true', 'pants-fire', 'true']",6,True
"On June 7, 2011, Kamala Harris was involved in a San Francisco hit-and-run crash that injured a woman named Alicia Brown.",pants-fire,false,"['false', 'pants-fire', 'mostly-false', 'true', 'half-true']",5,True
"""Social Security beneficiaries count on the post office to get their checks.”",half-true,mostly-false,"['mostly-false', 'false', 'half-true', 'mostly-true']",4,True
"""I'm not a politician.""",half-true,half-true,"['half-true', 'mostly-true', 'mostly-false']",3,True
Footage shows Dallas pollbooks fraudulently “adding hundreds of voters in real time as the poll was being closed.”,false,false,"['false', 'mostly-false', 'mostly-true', 'true', 'half-true']",5,True
"“Nancy Pelosi busted, Speaker (Mike) Johnson just released it for everyone to see.”",false,false,['false'],1,True
"""I did very well with young people in Ohio, Massachusetts, California.""",half-true,half-true,['half-true'],1,True
"""I didn't say"" it doesn't really matter whether Gore or Bush is president.",mostly-false,false,"['false', 'mostly-false', 'mostly-true', 'half-true', 'true', 'pants-fire']",6,True
Says he didn't tell viewers that the Obama campaign hid news about the motives behind the attack in Benghazi because Obama was running for re-election.,mostly-false,mostly-false,"['mostly-false', 'false', 'half-true', 'mostly-true', 'pants-fire', 'true']",6,True
"""The turnout on May 14th was just 7 percent -- the lowest turnout in decades.""",mostly-true,mostly-true,"['mostly-true', 'mostly-false', 'half-true', 'false', 'true']",5,True
The order of candidate names on North Carolina’s ballot shows a “clear attempt at voter manipulation.”,false,false,"['false', 'mostly-false', 'half-true', 'mostly-true', 'true']",5,True
"""I earned more votes in the state of Wisconsin than Donald Trump did in New York.""",true,true,"['true', 'mostly-true', 'half-true', 'false']",4,True
"Says Jeb Bush ""significantly cut early voting prior to the 2008 presidential election.""",mostly-true,true,"['true', 'mostly-true', 'half-true', 'false', 'mostly-false']",5,True
“Many elections in Bexar are being called with 0% of precincts reporting! I smell MAJOR FRAUD!”,false,false,"['false', 'mostly-false', 'pants-fire']",3,True
"Voter turnout for some groups in the 2008 presidential general election in Georgia ""was far greater than it should have been demographically.""",mostly-true,mostly-true,"['mostly-true', 'half-true', 'mostly-false', 'true']",4,True
Says he “is the only candidate in the Wisconsin Attorney General race with experience as a prosecutor.”,false,false,"['false', 'mostly-false', 'half-true', 'mostly-true', 'true']",5,True
"""The Russian state has never interfered ... into internal American affairs including election process.""",pants-fire,false,"['false', 'mostly-false', 'pants-fire', 'half-true']",4,True
"“In 2016, Democrats suggested that the election was stolen.”",half-true,mostly-false,"['mostly-false', 'mostly-true', 'false', 'half-true', 'true', 'pants-fire']",6,True
Maxine Waters told her followers on X not to follow Omar Navarro because he is a “Hispanic Republican.”,pants-fire,pants-fire,['pants-fire'],1,True
Says it’s illegal to hold an absentee-only election or mail ballots to every registered voter,true,false,"['false', 'mostly-false', 'true', 'mostly-true', 'half-true']",5,True
Says “we will know which candidate you voted for.”,pants-fire,false,"['false', 'mostly-false', 'pants-fire', 'half-true']",4,True
Says Kamala Harris “advocated for restoring voting rights for the Boston bomber.”,mostly-false,false,"['false', 'mostly-false', 'half-true', 'mostly-true', 'true']",5,True
"""The servers of the Pakistani gentleman that worked on the DNC"" are ""missing.""",false,false,"['false', 'pants-fire', 'mostly-false', 'half-true']",4,True
“Not one court has looked at the evidence and said that Biden legally won” the presidential election.,pants-fire,pants-fire,"['pants-fire', 'false']",2,True
California voters who go to the polls to vote in person will be “TURNED AWAY & CANNOT VOTE” unless they change their voting preference to “NO to mail in voting.”,pants-fire,pants-fire,"['pants-fire', 'false']",2,True
“Lula's staff infiltrated and caused damage while the Brazilian Patriots cleaned up.”,pants-fire,false,"['false', 'mostly-false', 'pants-fire', 'half-true', 'mostly-true', 'true']",6,True
"""Any Floridian who has ever requested an absentee ballot henceforth gets one automatically.""",false,false,"['false', 'mostly-false', 'half-true', 'mostly-true', 'true']",5,True
“Rogue” Michigan official sent absentee ballots to 7.7 million people “illegally and without authorization” ahead of the primaries and general election.,pants-fire,false,"['false', 'mostly-false', 'pants-fire', 'mostly-true', 'half-true', 'true']",6,True
A Melania Trump impostor accompanied former President Donald Trump to the polls Nov. 5.,false,false,"['false', 'true', 'mostly-false', 'mostly-true', 'half-true']",5,True
‘No Sharpies on ballots’ permitted for in-person voting in Illinois.,false,false,"['false', 'true', 'mostly-false', 'mostly-true']",4,True
"“They call” Jan. 6 “an insurrection,” but “were FBI agents used as political agitators?""",false,false,"['false', 'mostly-false', 'half-true', 'mostly-true', 'pants-fire']",5,True
"A bill passed by GOP legislators ""makes it harder to prosecute people and groups that violate campaign finance laws.""",true,mostly-true,"['mostly-true', 'mostly-false', 'half-true', 'false', 'true']",5,True
Former President Jimmy Carter said “don’t ever use” mail in ballots because “they can be so easily corrupted.”,false,false,"['false', 'mostly-false', 'pants-fire', 'half-true', 'mostly-true']",5,True
"“As a lawyer working in Korea, Nate McMurray helped send American jobs to Asia”",false,mostly-true,"['mostly-true', 'half-true', 'mostly-false', 'false', 'true', 'pants-fire']",6,True
"""A witness will testify against Hillary Clinton.""",false,false,"['false', 'mostly-false', 'half-true', 'mostly-true', 'pants-fire', 'true']",6,True
"JD Vance “literally wrote the foreword for the architect of the Project 2025 agenda.""",true,true,"['true', 'false', 'mostly-true', 'mostly-false', 'half-true', 'pants-fire']",6,True
"Of Gaza, “I’ve been there.”",false,false,"['false', 'pants-fire', 'mostly-false', 'true', 'half-true']",5,True
"Under Florida’s voting law, a requirement to turn in voter registrations within 48 hours ""makes it impossible to meet the deadline if you’re working right to the end of the week.""",false,false,"['false', 'mostly-false', 'half-true', 'true', 'mostly-true']",5,True
"""We've won twice as many states. We've won a greater share of the popular vote.""",mostly-true,mostly-true,['mostly-true'],1,True
"“As soon as I endorsed (Supreme Court Justice Daniel Kelly), the Wisconsin Democrats said, let’s move the election to two months later.”",pants-fire,false,"['false', 'mostly-false', 'pants-fire', 'half-true', 'mostly-true']",5,True
"Hillary Clinton ""starts off with 47 percent of the country against her.""",true,true,"['true', 'mostly-true']",2,True
"Conservative groups have spent $5 million ""against"" Tammy Baldwin -- five times more than against all other Democratic U.S. Senate incumbents up for election in 2018 combined.",mostly-true,mostly-true,"['mostly-true', 'half-true', 'true']",3,True
"""Atheists are prohibited from holding office in 8 states.”",half-true,half-true,['half-true'],1,True
"""In one county alone in Ohio, President Obama received 106,258 votes. But there were only 98,213 eligible voters.""",pants-fire,pants-fire,"['pants-fire', 'false']",2,True
“Taylor Swift forced to cancel Eras Tour dates following endorsement backlash.”,false,false,['false'],1,True
"""We didn't go out and take"" information from the Hillary Clinton campaign.",mostly-false,false,"['false', 'mostly-false', 'half-true', 'mostly-true', 'pants-fire', 'true']",6,True
"Robert F. Kennedy Jr. called voter ID “racist,” calls NRA a “terrorist organization” and supports affirmative action.",half-true,true,"['true', 'mostly-true', 'mostly-false', 'half-true', 'false', 'pants-fire']",6,True
"“Actually, I won Wisconsin.”",pants-fire,false,"['false', 'pants-fire', 'mostly-false']",3,True
"""I think I received more votes in the Democratic primary than any governor in history.""",true,false,"['false', 'mostly-false', 'half-true', 'mostly-true', 'true', 'pants-fire']",6,True
“Virginia Democrat operatives” and Terry McAuliffe campaign staffers posed as white supremacists and stood by Republican Glenn Youngkin’s bus.,false,false,"['false', 'mostly-false', 'true', 'mostly-true', 'half-true', 'pants-fire']",6,True
"""No one in American history has moved from a June 16 announcement to a May 26 winning of a majority. Trump's achievement is remarkable.""",pants-fire,half-true,"['half-true', 'mostly-false', 'mostly-true', 'false', 'true', 'pants-fire']",6,True
"""New York consistently ranks as one of the worst voting turnout states in the nation.""",true,true,"['true', 'mostly-true', 'half-true', 'mostly-false']",4,True
Brian Kemp and Secretary of State Brad Raffensperger “perhaps in collusion with the Radical Left Democrats” are attempting to “unseat” U.S. Rep. Marjorie Taylor Greene.,false,false,"['false', 'mostly-false', 'pants-fire', 'half-true']",4,True
"Says Donald Trump ""has supported a Canadian-style universal health care system.""",true,true,"['true', 'mostly-true', 'half-true', 'false', 'mostly-false']",5,True
"Fifty percent of the votes to Joe Biden in Michigan’s presidential primary election were mail-in, unverified, no signature, no ID.",false,false,['false'],1,True
"""There are less than two weeks until the deadline to register to vote in Wisconsin.""",mostly-false,mostly-true,"['mostly-true', 'true', 'false', 'half-true', 'mostly-false']",5,True
"Says at polling places in Texas on Super Tuesday “the Republican side gets 25 machines, the Democratic side gets 5 machines. People were literally standing in line for seven hours.”",mostly-false,false,"['false', 'mostly-false', 'mostly-true', 'half-true', 'true', 'pants-fire']",6,True
"Says Dean Heller ""has voted for a GOP bill that funded efforts to revive Yucca Mountain.""",mostly-false,true,"['true', 'mostly-true', 'half-true', 'false', 'mostly-false']",5,True
"""Ballot dumps"" in Pennsylvania, California, North Carolina, Alaska and Wisconsin show election officials are improperly “flipping"" down-ballot seats for Democrats.",pants-fire,false,"['false', 'mostly-false', 'pants-fire', 'half-true', 'mostly-true', 'true']",6,True
"Under the SAVE Act, “as long as you have a Real ID … it should be easy for you to register to vote.”",mostly-false,false,"['false', 'mostly-false', 'half-true', 'mostly-true', 'true', 'pants-fire']",6,True
Donald Trump offered “food for everyone” at his McDonald’s press conference and then left without paying.,false,false,"['false', 'mostly-false', 'true']",3,True
“CCTV captures the moment a Trump voter in (Wisconsin) is assaulted by two Kamala Harris thugs at a voting station.”,pants-fire,false,"['false', 'pants-fire', 'mostly-false']",3,True
"""The fundraising numbers are in, and our grassroots support is unmatched!""",false,false,"['false', 'mostly-false', 'half-true', 'pants-fire', 'mostly-true']",5,True
"Says U.S. Rep. Jamie Raskin said, “Let folks cast their votes for Trump if that’s their choice. But mark my words, we won’t be certifying the election. He might win, but we’ll ensure he doesn’t step foot in the Oval Office.”",false,false,"['false', 'mostly-false', 'true', 'mostly-true']",4,True
"""The real electoral map"" shows Donald Trump leading Joe Biden in electoral votes.",false,false,['false'],1,True
"""Right now, I’m polling at about 8 percent"" against Barack Obama and Mitt Romney.",mostly-false,mostly-false,"['mostly-false', 'false', 'half-true', 'mostly-true']",4,True
"""More than once, I've actually had a conversation with the protesters on substance.""",true,true,"['true', 'mostly-true', 'half-true', 'mostly-false']",4,True
"""In its current state, this bill is the most restrictive voter ID legislation in the nation.""",true,true,"['true', 'mostly-true']",2,True
"There is ""substantial evidence of voter fraud.""",false,false,"['false', 'pants-fire', 'mostly-false', 'half-true']",4,True
"Says Barack Obama ""referred to the carnage that took place in Benghazi as a conspiracy theory.""",pants-fire,pants-fire,"['pants-fire', 'false']",2,True
Goodyear Tires “announced a BAN ON MAGA HATS…This is what the Radical Left Democrats do.”,mostly-false,false,"['false', 'mostly-false', 'pants-fire', 'half-true', 'mostly-true']",5,True
"Unemployment numbers ""are artificial numbers. These are numbers that are massaged to make the existing economy look good, to make this administration look good when, in fact, it's a total disaster.""",pants-fire,false,"['false', 'mostly-false', 'pants-fire', 'half-true', 'mostly-true']",5,True
Georgia’s new voting law “makes it a JAIL-TIME CRIME to drop off grandma’s absentee ballot in a dropbox.”,false,false,"['false', 'mostly-false', 'pants-fire', 'half-true', 'mostly-true']",5,True
"“Just last week, Ruben Gallego voted to let the millions of people who poured into our country illegally cast a ballot in this upcoming election.”",false,false,"['false', 'mostly-false', 'pants-fire', 'half-true', 'mostly-true']",5,True
"A judge has ordered a ""HAND RECOUNT by an INDEPENDENT COMMISSION in the state of Michigan, following hard evidence of voting fraud by Detroit City Election Commission.""",false,false,['false'],1,True
"Women are ""disproportionately impacted by voter ID laws — especially married women who change their names, or those whose IDs do not accurately reflect their gender.""",mostly-true,true,"['true', 'mostly-true', 'half-true']",3,True
"A “ballot mule” was caught on camera Nov. 2 in Lincoln, Nebraska.",pants-fire,pants-fire,"['pants-fire', 'false', 'true', 'mostly-true', 'mostly-false']",5,True
“Only one person died on that day” during the Jan. 6 U.S. Capitol riot.,false,false,"['false', 'mostly-false']",2,True
"Says Paul Ryan ""is still endorsing Trump.""",true,true,"['true', 'mostly-true']",2,True
"""Two years ago, the longest serving leader of the California republic, Jerry Brown, boldly declared in China that California is a separate nation.""",pants-fire,false,"['false', 'mostly-false', 'pants-fire', 'half-true', 'true', 'mostly-true']",6,True
"Says Tony Thurmond was ""sued by the ACLU"" for leaving students in unsafe conditions.",false,mostly-false,"['mostly-false', 'half-true', 'false', 'mostly-true', 'true']",5,True
AOC posted that Trump’s election victory emboldened a conservative news outlet to call for her resignation because she’s a woman.,false,false,['false'],1,True
"An April 7, 2015 referendum would take ""the choice of chief justice"" of the Wisconsin Supreme Court ""away from the people.""",mostly-false,mostly-false,"['mostly-false', 'false', 'half-true', 'mostly-true']",4,True
"“This month alone, more than 16,000 non-citizens have been removed from the voter rolls in 3 states.”",half-true,mostly-true,"['mostly-true', 'mostly-false', 'half-true', 'false', 'true']",5,True
"At a Wisconsin school, a 12-year-old girl ""was transitioned into a boy by school officials without parental consent,"" and Protasiewicz supports it.",pants-fire,false,"['false', 'mostly-false', 'pants-fire', 'half-true']",4,True
"“Joe Biden’s margin of the less than 21,000 votes in Wisconsin was the tightest of any state in 2020.”",false,false,"['false', 'mostly-false', 'half-true', 'mostly-true', 'true']",5,True
"""Today roughly half of born-again Christians aren’t voting. They’re staying home.""",mostly-false,mostly-true,"['mostly-true', 'half-true', 'true', 'mostly-false', 'false']",5,True
"""If you buy, you know, a box of cereal, if you do anything, you have a voter ID. … The only thing you don’t is if you’re a voter of the United States.""",pants-fire,false,"['false', 'mostly-false', 'pants-fire', 'mostly-true', 'half-true', 'true']",6,True
"The primary election results show Democrats are strong in Kentucky  because the Democratic candidates ""both got more votes than Rand Paul  did.""",half-true,half-true,"['half-true', 'mostly-false', 'mostly-true', 'false']",4,True
CNN reported July 3 that “Joe has decided to drop out of the 2024 Presidential race and will be replaced by Hunter Biden.”,false,false,['false'],1,True
Joe Biden’s tweet is proof that a helicopter crash that killed six Nigerian billionaires was planned by Biden.,pants-fire,false,"['false', 'pants-fire']",2,True
"In 2020, “250,000 ballots were manufactured” in Georgia and “Biden was given win” by Secretary of State Brad Raffensperger",pants-fire,false,"['false', 'pants-fire', 'mostly-false']",3,True
“Pennsylvania is under a court order to count their ballots on election day and not after!!”,pants-fire,false,"['false', 'mostly-false', 'pants-fire', 'half-true', 'mostly-true']",5,True
"Says Republican Dan Bishop was ""down by 17"" points in NC congressional race and then won ""by a lot.""",false,false,"['false', 'mostly-false', 'pants-fire', 'half-true', 'mostly-true']",5,True
"Texas found that 95,000 noncitizens were registered to vote.",false,false,"['false', 'mostly-false', 'mostly-true', 'half-true']",4,True
"Milwaukee's Marcus Performing Arts Center – where 'The Daily Show' had been scheduled – “was originally located in the ‘soft perimeter,’ they called it, security-wise” but “was shifted, understandably so, to the ‘hard perimeter.’”",false,false,"['false', 'mostly-false', 'half-true', 'mostly-true', 'pants-fire']",5,True
"""FYI: the last statewide recount in WI was in 2016. After that recount, the vote margin changed by only 131 out of the 2.7 million votes cast.""",mostly-true,mostly-true,"['mostly-true', 'half-true', 'mostly-false']",3,True
"""The State Department asked all secretaries of state to send their emails over."" Hillary Clinton's ""the only one who’s done it.""",mostly-false,false,"['false', 'mostly-false', 'mostly-true', 'half-true', 'true', 'pants-fire']",6,True
"""Exit polls indicate that Democrats get over 70 percent of LGBT votes in federal elections.""",true,true,"['true', 'mostly-true', 'half-true', 'false']",4,True
"New York state has ""no ID requirement"" to vote, and people could lie about their address and ""vote in multiple precincts.""",mostly-false,false,"['false', 'mostly-false', 'mostly-true', 'true', 'half-true', 'pants-fire']",6,True
Douglass Mackey was convicted “because he made a meme in the 2016 election.”,mostly-false,false,"['false', 'mostly-false', 'half-true', 'mostly-true', 'pants-fire']",5,True
"Says Marco Rubio said that ""felons should not have their voting rights restored"" but that ""convicted felons should be allowed to own guns after they have done their time.""",false,false,"['false', 'mostly-false', 'true', 'mostly-true', 'half-true', 'pants-fire']",6,True
"“California voters to be able to download ballots at home for recall election, sparking security concerns.”",mostly-false,false,"['false', 'mostly-false', 'mostly-true', 'half-true', 'true', 'pants-fire']",6,True
"There was ""serious voter fraud"" in California.",pants-fire,false,"['false', 'mostly-false', 'pants-fire']",3,True
"McCain ""hired some of the biggest lobbyists in Washington to run his campaign.""",true,true,"['true', 'mostly-true']",2,True
"""More than 9,000 Rhode Island voters used the Moderate Party master lever mechanism and they didn't have a single Moderate on their ballot.""",mostly-true,false,"['false', 'mostly-false', 'half-true', 'mostly-true', 'true']",5,True
"""Over time there have been 160-some carve-outs to the filibuster.""",mostly-true,true,"['true', 'mostly-true', 'half-true']",3,True
"""58,000 non-citizens voted in Texas, with 95,000 non-citizens registered to vote.""",false,false,"['false', 'mostly-false', 'pants-fire', 'half-true', 'mostly-true']",5,True
“Antifa gearing up for false flag violence disguised as Trump-supporters.”,false,false,"['false', 'mostly-false', 'pants-fire']",3,True
Minnesota Gov. Tim Walz signed a bill “redefining ‘sexual orientation’ to include pedophiles.”,false,false,"['false', 'pants-fire', 'mostly-false']",3,True
"""We are winning the popular vote.""",mostly-false,mostly-true,"['mostly-true', 'mostly-false', 'false', 'half-true', 'true', 'pants-fire']",6,True
"""Since the time of the Civil War, we've made a distinction in this country between the availability and the ability to access for people who were in the military, versus the rest of us, to vote.""",half-true,half-true,['half-true'],1,True
"""Triggering leftists, Trump's reelection campaign is selling plastic straws.""",true,true,"['true', 'mostly-true', 'false']",3,True
Mail-in voting requires no signature verification.,false,false,"['false', 'mostly-false', 'true', 'mostly-true', 'half-true']",5,True
The Democratic National Convention was “nearly empty” during its first day.,false,false,['false'],1,True
"""The candidates controlled by Madigan, all of them have said, ‘The answer to our problems is a massive income tax hike.’ """,mostly-false,true,"['true', 'mostly-true', 'false', 'half-true', 'mostly-false', 'pants-fire']",6,True
"Says a poll shows that ""without a name attached, Democrats are just one point behind"" Gov. John Kasich.",true,true,"['true', 'mostly-true']",2,True
"“This trial that I have now, that’s a Biden trial.”",false,false,"['false', 'pants-fire', 'mostly-false']",3,True
"A Florida elections bill “guts everything” “instead of getting tough, and doing what the people want (same day voting, Voter ID, proof of Citizenship, paper ballots, hand count, etc.).”",false,false,"['false', 'mostly-false', 'pants-fire', 'half-true', 'mostly-true']",5,True
“No candidate has ever won both Florida and Ohio and lost.”,pants-fire,false,"['false', 'mostly-false', 'pants-fire', 'true']",4,True
"“Here in Nevada, the DMV registers everybody (to vote) and so that means illegals. They don’t check.”",false,false,"['false', 'mostly-false', 'pants-fire', 'half-true']",4,True
"""Iowa, for good reason, for constitutional reasons, for reasons related to the Lord, should be the first caucus and primary.""",pants-fire,pants-fire,['pants-fire'],1,True
"""Right now the Tea Party polls higher than the Republicans and the Democrats.""",false,false,"['false', 'pants-fire']",2,True
"Voting machines in Shelby County, Tennessee, are swapping votes from Kamala Harris to Donald Trump.",pants-fire,false,"['false', 'mostly-false', 'half-true', 'mostly-true', 'pants-fire']",5,True
“Antifa is the culprit” in the Capitol riot.,pants-fire,false,"['false', 'pants-fire', 'mostly-false', 'half-true']",4,True
"""Legally, it doesn't make any difference"" which state district you live in when running for Congress.",true,true,"['true', 'mostly-true', 'half-true', 'mostly-false']",4,True
Rep. Elissa Slotkin “voted recently to let illegals vote in U.S. elections.”,false,false,"['false', 'mostly-false', 'pants-fire', 'true', 'half-true', 'mostly-true']",6,True
"On COVID-19, Donald Trump said that “maybe if you drank bleach you may be okay.”",mostly-false,false,"['false', 'mostly-false', 'pants-fire', 'true', 'half-true', 'mostly-true']",6,True
Says Georgia’s secretary of state won’t let the people recounting ballots check the signatures for fraud.,pants-fire,false,"['false', 'mostly-false', 'pants-fire', 'half-true', 'mostly-true']",5,True
Democrats “manufactured votes from low income voters to steal the battleground states.”,pants-fire,false,"['false', 'mostly-false', 'pants-fire']",3,True
"According to the Census Bureau, “5 million more people voted than were registered to vote” in the 2020 election.",pants-fire,false,"['false', 'mostly-false', 'pants-fire', 'mostly-true']",4,True
"“JD Vance actually sent a letter last year to the Department of Justice saying, ‘enforce the Comstock Act.’”",true,true,"['true', 'mostly-true', 'half-true', 'mostly-false', 'false']",5,True
"""Debate moderators made the false claim to Donald Trump that there is nowhere in the United States where abortion is legal up until birth.""",false,false,"['false', 'mostly-false', 'true', 'half-true', 'mostly-true']",5,True
Rhode Island is the last state still using the Optech III P voting machines and they don’t meet suggested federal standards.,half-true,true,"['true', 'mostly-true', 'half-true', 'false', 'mostly-false', 'pants-fire']",6,True
"Alison Alter ""has exploited a campaign finance loophole to obtain over $64,000 in public dollars to fund her campaign.""",half-true,mostly-false,"['mostly-false', 'half-true', 'false', 'mostly-true', 'true', 'pants-fire']",6,True
"""There's been no conclusive or specific report to say"" Russia was trying to muddy the election.",false,false,"['false', 'mostly-false', 'half-true', 'mostly-true', 'pants-fire']",5,True
Rep. Tim Ryan “wanted to decriminalize fentanyl.”,pants-fire,false,"['false', 'mostly-false', 'true', 'pants-fire', 'mostly-true', 'half-true']",6,True
"In Fordyce, Arkansas, voting machines changed votes from Republican to Democrat.",pants-fire,pants-fire,"['pants-fire', 'false', 'mostly-false']",3,True
"In Hawaii, ""they don't have a history of throwing incumbents out of office.""",true,true,"['true', 'mostly-true', 'false', 'half-true', 'mostly-false']",5,True
"In 1928 ""school boards sent home letters with children saying that if Al Smith is elected president, you will not be allowed to have or read a Bible.""",half-true,mostly-false,"['mostly-false', 'false', 'half-true', 'mostly-true', 'pants-fire']",5,True
"In 2016, after Donald Trump won the presidency, then-President Barack Obama was “trying to lead a coup” with Trump’s opponent, Hillary Clinton.",pants-fire,false,"['false', 'pants-fire', 'mostly-false', 'half-true']",4,True
"""Our campaign staff was the first to unionize in the history of politics.""",mostly-true,mostly-true,"['mostly-true', 'half-true', 'mostly-false', 'true', 'false']",5,True
"Says Hillary Clinton spent 30 days in the hospital in 2012 and appeared ""wearing glasses that are only for people who have traumatic brain injury.""",false,false,"['false', 'mostly-false', 'pants-fire', 'half-true', 'mostly-true', 'true']",6,True
"House Speaker Dean Cannon says that freshmen lawmakers account for one-third of the 120-member House, and that two-thirds of the chamber have two years or less experience.",true,true,"['true', 'mostly-true', 'half-true']",3,True
"""You can collude all you want with a foreign government in an election. There's no such statute"" (that makes collusion a crime).",false,false,"['false', 'mostly-false', 'half-true', 'mostly-true', 'true', 'pants-fire']",6,True
"The voting bill known as H.R. 1 ""would force states to adopt universal mail-in ballots.”",false,false,"['false', 'mostly-false', 'half-true', 'mostly-true', 'true']",5,True
“The idea that there’s political violence or violence in America like this is just unheard of.”,false,false,"['false', 'mostly-false', 'mostly-true', 'half-true', 'true', 'pants-fire']",6,True
“Miami-Dade reporting 23% of early ballots being rejected for missing signatures.”,false,false,"['false', 'mostly-false', 'half-true', 'mostly-true', 'pants-fire']",5,True
“Coca-Cola cuts ties with Taylor Swift over (Kamala) Harris endorsement.”,false,false,['false'],1,True
"""THOUSANDS of fake votes found at Wisconsin Recount in Dane County.""",pants-fire,false,"['false', 'mostly-false', 'pants-fire']",3,True
"Says Scott Walker left college ""under an ethical cloud for having tried to fix"" the election for student body president.",false,false,"['false', 'mostly-false']",2,True
"Says Mitch McConnell credits Republicans ""for recent economic improvements"" even though they took control of the Senate only ""days ago.""",mostly-true,mostly-true,"['mostly-true', 'half-true', 'mostly-false']",3,True
"“Gasoline prices are now $5, $6, $7 and even $8 a gallon.”",mostly-false,false,"['false', 'pants-fire', 'mostly-false']",3,True
“Biden’s DOJ was authorized to use DEADLY FORCE” in Mar-a-Lago raid. Biden was “locked and loaded” and “ready to take me out.”,pants-fire,false,"['false', 'pants-fire', 'mostly-false', 'half-true']",4,True
Nearly 90% of Travis County government races will be settled by the time of the Democratic primary.,mostly-true,mostly-true,"['mostly-true', 'true', 'half-true', 'false', 'mostly-false', 'pants-fire']",6,True
"Both the Democratic and Republican candidates for president in 2016 are ""quite unpopular.""",true,true,"['true', 'mostly-true', 'half-true', 'mostly-false', 'false']",5,True
Says a lack of transparency for small-dollar donations is the “same thing” as dark money,mostly-false,mostly-false,"['mostly-false', 'false', 'half-true', 'mostly-true', 'pants-fire', 'true']",6,True
"Nevada Democratic Party leaders ""hijacked the process on the floor"" of the state convention ""ignoring the regular procedure and ramming through what they wanted to do.""",false,mostly-true,"['mostly-true', 'true', 'half-true', 'mostly-false', 'false', 'pants-fire']",6,True
Wisconsin voter turnout jumped from 67% in 2016 to 89% in 2020.,pants-fire,false,"['false', 'mostly-false', 'pants-fire', 'half-true', 'mostly-true']",5,True
"""I won the South Carolina primary in 2004, and I was way behind in the polls at this stage in 2004.""",half-true,mostly-true,"['mostly-true', 'half-true', 'true', 'mostly-false']",4,True
"Says Missouri needs a voter I.D. law because ""there’s over 16 people in the state of Missouri who have been convicted of some type of voter fraud.""",half-true,false,"['false', 'mostly-false', 'half-true', 'mostly-true', 'pants-fire', 'true']",6,True
“Jaime Harrison is being left off of South Carolina ballots”,false,false,"['false', 'mostly-false', 'half-true', 'mostly-true', 'true']",5,True
Florida “had a year-over-year reduction” in overdose deaths.,mostly-true,mostly-true,"['mostly-true', 'true', 'half-true', 'mostly-false', 'false']",5,True
"Barack Obama is ""only the second Democrat in the last 75 years to win Ohio twice with more than 50 percent of the vote.""",true,true,"['true', 'mostly-true']",2,True
"Connecticut ballot initiative on early voting would ""remove the requirement of a certified seal from certain ballots.""",false,false,"['false', 'mostly-false', 'half-true', 'mostly-true', 'true']",5,True
“Biden’s let in 8 million people just in four years.”,mostly-false,false,"['false', 'mostly-false', 'pants-fire', 'half-true']",4,True
"""How many federal rulings have NOW found intentional discrimination by #Txlege since 2011? 6.""",true,true,"['true', 'mostly-true']",2,True
“Congress has one job here: to count electoral votes that have in fact been cast by any state.”,true,true,"['true', 'mostly-true', 'half-true', 'false']",4,True
"Social media posts stated: “Remember Kamala telling Joe during the debate, ‘You will do whatever the Chinese tell you! They gave your son over a billion dollars.’”",pants-fire,false,"['false', 'pants-fire', 'mostly-false']",3,True
"If a ballot has a small dot in the box for Vice President Kamala Harris, “any other box filled in, will be void.”",false,false,"['false', 'mostly-false', 'true', 'mostly-true', 'half-true', 'pants-fire']",6,True
The “‘Inflation Reduction Act’ increased inflation and drove prices sky high!”,false,false,"['false', 'mostly-false', 'mostly-true', 'half-true', 'true', 'pants-fire']",6,True
"Says Congresswoman Loretta Sanchez ""has passed one bill in her 20 years in Congress, and that was to rename a post office.""",half-true,true,"['true', 'mostly-true', 'half-true', 'mostly-false', 'false']",5,True
"""CNN reports DemDebate had 2.3 million viewers. Trump rally had 6.7 million last night!""",false,false,"['false', 'mostly-false', 'half-true', 'mostly-true', 'pants-fire', 'true']",6,True
"""In three days last week, (Gov. Rick) Perry  flew to five cities at taxpayers’ expense, holding press conferences,  delivering $2,325,000 in checks.""",pants-fire,pants-fire,"['pants-fire', 'false', 'mostly-false', 'true', 'mostly-true', 'half-true']",6,True
"""We need an ID"" to ""buy a beer.""",mostly-false,mostly-false,"['mostly-false', 'false', 'half-true', 'mostly-true']",4,True
Says Georgia “has more day-of voting rights than Colorado.”,mostly-false,false,"['false', 'mostly-false', 'half-true', 'mostly-true', 'pants-fire', 'true']",6,True
"At Vice President Kamala Harris’ Houston campaign rally, when an attendee had a medical emergency, none of the “abortion doctors” onstage helped.",false,false,"['false', 'mostly-false', 'true', 'half-true']",4,True
"Says the Austin City Council ""may give $4 million a year to subsidize a race track.""",mostly-true,mostly-true,"['mostly-true', 'half-true', 'mostly-false', 'true']",4,True
"Says Tony Thurmond was ""Reprimanded by the Obama Administration for failing to address widespread sexual harassment and assault in district schools.""",false,false,"['false', 'mostly-false', 'half-true', 'mostly-true', 'true']",5,True
"Says Jon Ossoff ""doesn't even live in (his) district.""",true,false,"['false', 'mostly-false', 'half-true', 'mostly-true', 'true', 'pants-fire']",6,True
"""I never said Russia did not meddle in the election.""",pants-fire,false,"['false', 'mostly-false', 'mostly-true', 'half-true', 'true', 'pants-fire']",6,True
"""Maricopa County official purged machine records before audit started.""",false,false,"['false', 'mostly-false', 'mostly-true', 'true', 'half-true', 'pants-fire']",6,True
"""Attorney General Eric Holder is involved in the dismissal of the criminal charges"" against the New Black Panther Party for voter intimidation",false,false,"['false', 'mostly-false', 'pants-fire', 'true', 'mostly-true', 'half-true']",6,True
"""In many places, like California, the same person votes many times. You probably heard about that. They always like to say 'oh that's a conspiracy theory.' Not a conspiracy theory, folks. Millions and millions of people.""",pants-fire,false,"['false', 'mostly-false', 'pants-fire', 'half-true', 'mostly-true']",5,True
"""President Trump is still supported by almost 85 percent of the Republican Party in the state of Ohio, and that's from recent polling, and still has a 58 percent approval rating in Ohio.""",mostly-true,mostly-true,"['mostly-true', 'half-true', 'true', 'mostly-false', 'false']",5,True
"""Indiana has purged no less than 20,000 voters in violation of a federal court order.""",mostly-false,mostly-false,"['mostly-false', 'mostly-true', 'half-true', 'false', 'true']",5,True
"“15 days left to vote BUT if you are voting by mail, you need to vote TODAY. USPS says it needs a 14 day roundtrip to be counted on election day.”",half-true,false,"['false', 'mostly-false', 'half-true', 'mostly-true', 'pants-fire']",5,True
"“Liz Cheney cries like kids after loses in ‘primary’ against Trump’s pick,” two days before the primary election.",pants-fire,false,"['false', 'mostly-false', 'pants-fire', 'half-true', 'mostly-true']",5,True
"We’ve broken ""by millions"" the all-time record for votes in a GOP presidential primary election.",false,false,"['false', 'mostly-false', 'half-true', 'mostly-true', 'pants-fire', 'true']",6,True
"In Aberdeen, Miss., “Massive 78% of mail-in ballots proved fraudulent, judge orders election do-over.”",mostly-true,false,"['false', 'mostly-false', 'half-true', 'mostly-true', 'pants-fire']",5,True
“NOT A JOKE: Ilhan Omar Tells Residents ‘You Don’t Have to be Registered to Vote’ in Minnesota.”,false,false,"['false', 'mostly-false', 'pants-fire', 'half-true', 'mostly-true']",5,True
Split election results show the Arizona governor’s race was rigged.,pants-fire,pants-fire,"['pants-fire', 'false']",2,True
"Under Wisconsin law, ""anyone who knows anything about a John Doe"" secret criminal investigation ""can't talk about it.""",half-true,half-true,['half-true'],1,True
"“Gina Haspel, CIA head is dead!”",pants-fire,pants-fire,['pants-fire'],1,True
"Every time a Republican has been elected president over the last few decades, House Democrats have objected to the result",mostly-true,mostly-true,"['mostly-true', 'true', 'half-true', 'mostly-false', 'false']",5,True
“Ballots in Ohio are showing Trump’s name misspelled!”,false,false,['false'],1,True
"Says there won't be a recount in Alabama because a Democratic judge said ""we're going to erase all the computer files ... on Wednesday morning.""",pants-fire,false,"['false', 'pants-fire', 'mostly-false']",3,True
"Superdelegates ""have never been a determining factor in who our nominee is since they've been in place since 1984.""",mostly-true,false,"['false', 'mostly-false', 'half-true', 'pants-fire', 'mostly-true', 'true']",6,True
"In ""the past four or five"" presidential elections, ""people who poll high at the beginning are not the people who end up being the nominees.""",mostly-false,mostly-false,"['mostly-false', 'half-true', 'mostly-true']",3,True
“Trump can’t be on the Texas ballot because of our state constitution.”,false,false,"['false', 'mostly-false', 'true', 'mostly-true', 'half-true', 'pants-fire']",6,True
"""I released way more (tax) information than Bruce Rauner has.""",false,false,"['false', 'mostly-false', 'mostly-true', 'half-true', 'true', 'pants-fire']",6,True
Says Denzel Washington supports Donald Trump and speaks out against Barack Obama.,pants-fire,false,"['false', 'pants-fire', 'mostly-false']",3,True
"Says Paul Ryan ""has not had a public town hall within the district for over 600 days.""",mostly-true,mostly-true,"['mostly-true', 'half-true', 'true', 'mostly-false']",4,True
"Says Leah Vukmir said: ""I’m not endorsing Donald Trump.""",false,false,"['false', 'mostly-false', 'pants-fire']",3,True
"""About 70 percent of Republicans nationwide ... don't think Donald Trump is the right guy"" to take on Hillary Clinton in November.",mostly-true,mostly-false,"['mostly-false', 'mostly-true', 'false', 'half-true', 'true', 'pants-fire']",6,True
"""Mitt Romney received exactly zero votes in at least 12 Cuyahoga County precincts.""",true,true,"['true', 'mostly-true', 'false', 'half-true']",4,True
"Barack Obama ""ended up getting re-elected by the largest gender gap in the history of American elections.""",half-true,false,"['false', 'mostly-false', 'true', 'mostly-true', 'half-true', 'pants-fire']",6,True
"California’s rent control measure Proposition 10 would have ""No effect on homeowners""",half-true,false,"['false', 'mostly-false', 'half-true', 'mostly-true', 'pants-fire']",5,True
"There are “180,000 registered new Amish voters in Lancaster, Pennsylvania.”",false,false,['false'],1,True
"Says the U.S. Constitution ""doesn’t say anything about (redistricting) being fair. … it’s set up to be partisan.""",half-true,false,"['false', 'mostly-false', 'half-true', 'mostly-true', 'true', 'pants-fire']",6,True
"""War for the soul of the TxDems: 57% of  Dem incumbents for Tx House LOST their primary.""",mostly-false,mostly-false,"['mostly-false', 'false', 'half-true', 'mostly-true', 'pants-fire']",5,True
"The IRS ""also investigated liberal groups, groups that had progressive in their name. ... The IRS was basically looking at everybody.""",half-true,mostly-true,"['mostly-true', 'half-true', 'mostly-false', 'true', 'false', 'pants-fire']",6,True
"""The Democrats are very sly. … (in New Hampshire) we have same day voter registration, and to be honest, when Massachusetts elections are not very close, they’re busing them in all over the place.""",pants-fire,false,"['false', 'mostly-false', 'pants-fire', 'half-true', 'mostly-true', 'true']",6,True
"﻿﻿""Since Mayor Kennedy O’Brien took office Sayreville has issued 22,081 building permits! Now O’Brien is holding secret meetings with big developers.""",mostly-false,mostly-true,"['mostly-true', 'mostly-false', 'half-true', 'false', 'true', 'pants-fire']",6,True
"""Michael Untermeyer has been a Democrat for more than 40 years.""",half-true,false,"['false', 'mostly-true', 'true', 'half-true', 'mostly-false', 'pants-fire']",6,True
"“In the 2020 election, President Trump voted from behind the desk in the White House in Florida.”",half-true,false,"['false', 'mostly-false', 'pants-fire', 'half-true', 'true', 'mostly-true']",6,True
"Approving the constitutional amendment on Illinois' November ballot “would let the politicians immediately implement their plan to increase taxes on small businesses, farmers and large employers.”",half-true,mostly-false,"['mostly-false', 'mostly-true', 'false', 'half-true', 'true', 'pants-fire']",6,True
"""One in 13 Black Americans are deprived of the right to vote.""",half-true,mostly-true,"['mostly-true', 'true', 'half-true', 'mostly-false', 'false']",5,True
Says Dominion Voting System flipped votes to Joe Biden in states where Trump is bringing legal challenges.,pants-fire,false,"['false', 'pants-fire', 'mostly-false']",3,True
"Texas is ""the state that has now gone the longest without electing a Democrat statewide.""",true,true,"['true', 'mostly-true', 'false', 'half-true', 'mostly-false']",5,True
"Montana Democrats are ""suing to say, ‘You should be allowed to be registered to vote in two states.'”",mostly-false,false,"['false', 'mostly-false', 'half-true', 'mostly-true', 'pants-fire', 'true']",6,True
"""If the impeachment reaches the house and passes to the senate and isn’t passed the first term is nullified and Trump can run two more terms.""",pants-fire,false,"['false', 'pants-fire', 'mostly-false']",3,True
A 1993 example of voter fraud in Philadelphia is “exactly what happened to us” in the 2020 election.,pants-fire,false,"['false', 'mostly-false', 'half-true', 'pants-fire', 'mostly-true', 'true']",6,True
"“Wisconsin took a break, and when they returned, Biden coincidentally came back ahead by 100k.”",pants-fire,false,"['false', 'mostly-false', 'pants-fire']",3,True
"Says 40 years ago, the U.S. placed Texas under Voting Rights Act for failing to print ballots in Spanish.",half-true,mostly-true,"['mostly-true', 'false', 'mostly-false', 'half-true', 'true']",5,True
"""Biden concedes 6 million votes.""",pants-fire,pants-fire,['pants-fire'],1,True
"""Over 240,000 'unverified' ballots have already been sent out in Pennsylvania, a total mess. The Democrats are playing games again.”",false,false,"['false', 'mostly-false', 'half-true', 'pants-fire', 'mostly-true']",5,True
"""In the history of Republican primaries, I’ve gotten the most votes in the history of the Republican party.""",false,false,"['false', 'mostly-false', 'half-true', 'pants-fire', 'mostly-true']",5,True
"Says Jim Renacci ran against the Washington establishment in the election, but is now ""hypocritically embracing it with big money, special interest fundraisers.""",half-true,half-true,"['half-true', 'mostly-true', 'mostly-false', 'false']",4,True
Kamala Harris “supported abolishing ICE.”,false,false,"['false', 'mostly-false', 'pants-fire', 'true', 'mostly-true', 'half-true']",6,True
"""All four on Mount Rushmore, they were all independents at one critical point in their career.""",false,false,"['false', 'mostly-false', 'half-true', 'pants-fire', 'true', 'mostly-true']",6,True
"St. Pete Beach's local version of Amendment 4 resulted in ""seemingly endless lawsuits (that) decimated the city's legal budget and forced the city to raise the property tax rate.""",half-true,half-true,"['half-true', 'mostly-true']",2,True
"Florida ""passed a law where former felons can now vote. We've had more ex-felons register as Republicans than Democrats.""",mostly-false,false,"['false', 'mostly-false', 'pants-fire', 'half-true', 'mostly-true']",5,True
"Says conservative website Judicial Watch published a story about “elite” units of the National Guard recounting official ballots that were printed with “an invisible, unbreakable code watermark and registered on a Quantum Blockchain System.”",pants-fire,pants-fire,"['pants-fire', 'false', 'mostly-false']",3,True
"The Hispanic population in Gwinnett and Henry counties has increased by 153 percent and 339 percent, respectively, since 2000 while Republican presidential candidates are getting a smaller percentage of the vote in those counties.",mostly-true,mostly-true,"['mostly-true', 'true', 'half-true', 'mostly-false', 'false']",5,True
"Says Chuck Schumer said ""it’s racist to only allow citizens to vote.""",false,false,"['false', 'mostly-false']",2,True
"Says Wisconsin Gov. Scott Walker ""is denying Democrats the right to vote.""",pants-fire,pants-fire,['pants-fire'],1,True
"""Breaking: Voters in Tarrant County, Texas are reporting that the voting machines are flipping their votes from Trump to Kamala Harris.""",pants-fire,pants-fire,"['pants-fire', 'false']",2,True
"“In a majority of states, new voters are able to obtain a rifle quicker than they’re able to cast their first ballot.”",mostly-true,mostly-true,"['mostly-true', 'true', 'half-true', 'mostly-false', 'false']",5,True
Kamala Harris has adopted the Nazi-rooted phrase “Strength Through Joy” as her campaign slogan.,false,false,['false'],1,True
"""5.7 million -- that’s how many illegal immigrants might have voted"" in 2008.",false,false,"['false', 'pants-fire', 'mostly-false', 'half-true', 'mostly-true']",5,True
"""We won. We won in a landslide. This was a landslide.”",pants-fire,false,"['false', 'pants-fire', 'mostly-false', 'half-true']",4,True
"Says the T.R.U.M.P. Act, which would force presidential candidates to release their tax returns to run in North Carolina, ""has a lot of support – by a majority of North Carolinians and members of both parties.""",mostly-true,mostly-true,"['mostly-true', 'true', 'half-true', 'mostly-false', 'false']",5,True
"Jennifer Carroll's an ""outsider.""",half-true,half-true,"['half-true', 'mostly-false', 'mostly-true']",3,True
"As of July 23, 2024, “Trump has announced he won’t debate Kamala Harris.”",false,false,"['false', 'true', 'mostly-false']",3,True
"""Every single day in this country, 1,000 people are deported and the vast majority of those people that are deported aren't criminals.""",half-true,mostly-true,"['mostly-true', 'half-true', 'mostly-false', 'false', 'true']",5,True
"""Early voting remains at 96 hours.""",mostly-false,false,"['false', 'mostly-false', 'mostly-true', 'half-true', 'pants-fire']",5,True
"“So this is just a way they’re trying to steal the election, and everybody knows that. Because the only way they’re going to win is by a rigged election.”",pants-fire,false,"['false', 'pants-fire', 'mostly-false']",3,True
“India has nearly 1.4 billion citizens. Nearly 800 million of them live in extreme poverty — less than $1.90 per day. Yet EVERY singly (sic) Indian citizen is required to have a valid form of ID to vote in national elections.”,half-true,false,"['false', 'mostly-false', 'mostly-true', 'half-true', 'true', 'pants-fire']",6,True
"In more than 60 cases, judges “looked at the allegations that Trump was making and determined they were without any merit.”",true,mostly-true,"['mostly-true', 'true', 'half-true', 'mostly-false', 'false']",5,True
"""Scott Walker gave Wisconsin job creation money to his cronies: corporate friends who contributed to his campaigns"" and got $570 million in job-development incentives",false,false,"['false', 'pants-fire', 'mostly-false']",3,True
"“2,038 suicides have been reported (Nov. 6) following Donald Trump’s election win.”",false,false,['false'],1,True
"“By federal law, if you sign someone up for Medicaid, you also give them the right to vote. … This is political patronage at the expense of Medicaid.”",false,false,"['false', 'mostly-false', 'pants-fire', 'half-true', 'mostly-true']",5,True
The Electronic Registration Information Center is “a system that’s funded by George Soros.”,false,false,"['false', 'mostly-false', 'pants-fire', 'half-true']",4,True
"Says under his plan to end cash bail ""the Waukesha perpetrator wouldn’t have been released """,mostly-true,mostly-false,"['mostly-false', 'mostly-true', 'half-true', 'true', 'false', 'pants-fire']",6,True
“I think they found a way to target Democratic districts and send millions of votes into a black hole. The numbers aren't adding up.”,pants-fire,false,"['false', 'mostly-false', 'half-true', 'mostly-true', 'pants-fire', 'true']",6,True
"""In 2016, when Hillary Clinton appeared to have a firm lead in the polls — oh, just before the election, it was President Obama who laughed off any notion that American elections could possibly be tampered with.""",mostly-false,false,"['false', 'mostly-false', 'pants-fire', 'half-true', 'mostly-true']",5,True
"""California Has 1.8M More Registered Voters Than It Should”",pants-fire,pants-fire,"['pants-fire', 'false', 'true']",3,True
"Says Bernie Sanders ""is the most popular politician in America today.""",mostly-true,mostly-true,"['mostly-true', 'true', 'half-true', 'mostly-false']",4,True
“The Post Office advises never send cash in the mail. It’s not secure. Vote by mail?”,mostly-false,false,"['false', 'mostly-false', 'half-true', 'mostly-true', 'pants-fire', 'true']",6,True
"""We actually made history in 2010. We came the closest in 24 years to defeating Frank Pallone.""",false,mostly-true,"['mostly-true', 'half-true', 'mostly-false', 'false', 'true']",5,True
“Bloomberg spent $500 million on ads. The U.S. population is 327 million. He could have given each American $1 million and still have money left over.”,pants-fire,false,"['false', 'pants-fire', 'mostly-false', 'half-true', 'true', 'mostly-true']",6,True
"In Wisconsin, because a key provision of the Voting Rights Act was not in effect,  ""somewhere between 40,000 and 80,000 people were turned away from the polls (in 2016) because of the color of their skin"" and other factors.",pants-fire,pants-fire,"['pants-fire', 'false']",2,True
"U.S. Sen. Jon Tester “voted to give taxpayer-funded health care to illegal immigrants.""",false,mostly-false,"['mostly-false', 'false', 'half-true', 'mostly-true', 'pants-fire']",5,True
"Says Joe Biden received a sudden influx of 138,339 votes in Michigan while Donald Trump received none.",false,false,"['false', 'mostly-false', 'half-true', 'pants-fire', 'mostly-true', 'true']",6,True
The U.S. “could easily count every vote in every state on election night until a few years ago.”,mostly-false,false,"['false', 'mostly-false', 'half-true', 'mostly-true', 'pants-fire', 'true']",6,True
"North Carolina has ""the strictest anti-gerrymandering standards in the entire country.""",false,false,"['false', 'mostly-false', 'pants-fire', 'half-true']",4,True
"""Beyonce and Jay Z, I like them, I like them ... I get bigger crowds than they do. It's true. I get far bigger crowds.""",false,false,"['false', 'mostly-false', 'pants-fire']",3,True
"A forensics examination of a Ware County, Ga., Dominion Voting Systems machine found votes were switched from Donald Trump to Joe Biden.",false,false,"['false', 'mostly-false', 'pants-fire', 'half-true']",4,True
"Says the ""last non-partisan commission to improve the voting experience in America concluded that #VoterID was necessary.""",true,false,"['false', 'mostly-false', 'mostly-true', 'half-true', 'true', 'pants-fire']",6,True
Elissa Slotkin “gave your hard-earned tax money to illegal immigrants.”,false,false,"['false', 'mostly-false', 'pants-fire', 'half-true']",4,True
Says over 90 percent of Travis County’s eligible residents have registered to vote.,true,mostly-true,"['mostly-true', 'true', 'half-true', 'mostly-false', 'false']",5,True
"""In Minnesota, well over 6,200 election-day registrations from 2008 proved fraudulent.""",false,false,"['false', 'pants-fire']",2,True
"“MAGA Republicans like Kari Lake support Project 2025, which would raise the retirement age for 73% of Arizonans.”",mostly-false,false,"['false', 'mostly-false', 'half-true', 'mostly-true', 'pants-fire', 'true']",6,True
"U.S. Sen. Sherrod Brown voted to “give illegals taxpayer funded stimulus checks, health care, even Social Security.""",false,false,"['false', 'mostly-false', 'pants-fire', 'half-true', 'mostly-true']",5,True
"Says the Club for Growth tries to defeat Republicans, and that its president called Nancy Pelosi ""the person I respect the most in Washington.""",mostly-false,false,"['false', 'half-true', 'mostly-true', 'true', 'mostly-false', 'pants-fire']",6,True
"San Francisco and Takoma Park, Md., are ""allowing illegals to vote.""",half-true,false,"['false', 'mostly-false', 'pants-fire', 'half-true', 'mostly-true']",5,True
Project 2025 would “cut” the Federal Emergency Management Agency and “kill federal-backed flood insurance.”,true,mostly-false,"['mostly-false', 'mostly-true', 'true', 'false', 'half-true', 'pants-fire']",6,True
"The election bill ""allows persons to correct an absentee ballot if they did not sign it and requires an extra two hours a day for early voting. Everything else in this bill is discretionary.""",half-true,mostly-true,"['mostly-true', 'true', 'half-true', 'false', 'mostly-false']",5,True
"Says Mandela Barnes supports killing “preemies” – “infants born prior to 37 weeks of pregnancy""",pants-fire,false,"['false', 'mostly-false', 'pants-fire', 'half-true']",4,True
Says that Secretary of State Jon Husted and former secretary Jennifer Brunner both have supported a provision in Senate Bill 47 that would limit the days organizers have to collect signatures for initiative and referendum petitions.,half-true,half-true,"['half-true', 'mostly-true', 'mostly-false']",3,True
"Gavin Newsom was ""the first to take on the National Rifle Association and win.""",false,false,"['false', 'mostly-false', 'half-true', 'mostly-true', 'pants-fire', 'true']",6,True
"""For the hour after the (Jan. 14) debate, 'Debra Medina' was the No. 1 search on Google and for the remainder of that night No. 3.""",false,false,"['false', 'mostly-false', 'true']",3,True
HR 1 “automatically registers every welfare recipient to vote.”,mostly-false,false,"['false', 'mostly-false', 'pants-fire']",3,True
"""The NSA and FBI tell Congress that Russia did not influence electoral process.""",false,false,"['false', 'mostly-false', 'pants-fire', 'half-true', 'mostly-true']",5,True
"""Kay Bailey Hutchison was elected state treasurer,  succeeding Ann Richards. Democrats then abolished the position ...  Hutchison later became a U.S. senator.""",false,false,"['false', 'mostly-false', 'true']",3,True
"The audit of the 2020 presidential election in Maricopa County, Ariz., “cost the taxpayers $6 million.”",mostly-false,false,"['false', 'mostly-false', 'half-true', 'mostly-true', 'true']",5,True
"“Did you see President Trump’s RECORD TURNOUT? Iowa - 32,389 Republicans.”",half-true,false,"['false', 'mostly-true', 'mostly-false', 'half-true', 'true', 'pants-fire']",6,True
"""Scott Walker raises nearly 70 percent of his money from out of state""",mostly-false,mostly-false,"['mostly-false', 'half-true', 'false', 'mostly-true', 'true']",5,True
"Wendy Davis is ""fighting to bring ... Bloomberg-style gun control to Texas.""",half-true,mostly-false,"['mostly-false', 'mostly-true', 'half-true', 'false', 'true', 'pants-fire']",6,True
“Fox News went from 97% reporting to 94% in Virginia. The fraud is so blatant it's not funny anymore.”,false,false,"['false', 'mostly-false', 'true', 'mostly-true', 'pants-fire', 'half-true']",6,True
"""You know what Truman said, ‘You want a friend in Washington, buy a dog.’ """,false,false,"['false', 'mostly-false', 'half-true', 'pants-fire', 'true', 'mostly-true']",6,True
"""Second Roy Moore Accuser Works For Michelle Obama Right NOW""",pants-fire,pants-fire,"['pants-fire', 'false']",2,True
"Four government agencies donated nearly $900,000 of taxpayer money to Kamala Harris’ presidential campaign.",false,false,"['false', 'mostly-false', 'mostly-true', 'true']",4,True
“There were no guns whatsoever” at the Capitol riot on Jan. 6.,false,false,"['false', 'mostly-false', 'pants-fire']",3,True
"North Carolina is one of ""very few states"" that give the governor sole discretion to pick judges.",mostly-true,false,"['false', 'mostly-true', 'true', 'mostly-false', 'half-true', 'pants-fire']",6,True
"""Taylor Swift unexpectedly lost a $125 million brand contract after a massive advertising campaign” endorsing Vice President Kamala Harris.",false,false,['false'],1,True
Says Joe Biden stuck a gun in an elderly woman’s mouth at a Wisconsin rally,pants-fire,false,"['false', 'pants-fire']",2,True
"""Corrupt political bosses. Money laundering. Fraud. It’s just another day at the office for Vin Gopal.""",pants-fire,false,"['false', 'mostly-false', 'mostly-true', 'half-true', 'true', 'pants-fire']",6,True
"Proposition 2 on November’s Texas ballot ""does not cost state taxpayers any money.""",half-true,half-true,"['half-true', 'false', 'mostly-false', 'mostly-true']",4,True
"""Opponents of Section 5 (of the Voting Rights Act) complain of state expense, yet their only cost is the paper, postage and manpower required to send copies of legislation to the federal government for review.""",half-true,half-true,"['half-true', 'mostly-true']",2,True
Ranked choice voting in Alaska is a “total rigged deal.”,pants-fire,false,"['false', 'pants-fire', 'mostly-false', 'half-true', 'mostly-true']",5,True
"""The higher the education level, the more likely they are to vote Democratic.""",mostly-true,mostly-true,"['mostly-true', 'true', 'half-true']",3,True
"An audit of the 2020 election in Maricopa County, Ariz., “is confirming the rumors that real ballots have a special watermark.”",false,false,"['false', 'mostly-false', 'pants-fire', 'half-true']",4,True
"The Senate seat won in a special election by a Democrat had been ""held for more than thirty years by Republicans.""",false,false,"['false', 'mostly-false', 'half-true', 'mostly-true']",4,True
"“Only sign outside Bucks County voting place. Democrats shown, republicans blurred out. … More scamming in Pennsylvania!”",false,false,"['false', 'mostly-false', 'half-true', 'mostly-true', 'pants-fire']",5,True
"""In New Hampshire, I spent $3 million. Jeb Bush spent $44 million. He came in five, and I came in number one.""",mostly-true,false,"['false', 'mostly-true', 'mostly-false', 'half-true', 'true', 'pants-fire']",6,True
Says Georgia Secretary of State Brad Raffensperger “to investigate himself over voter fraud.”,false,false,['false'],1,True
"A zero-tolerance policy during the Trump administration ""led to less family separation than under Kamala Harris' border policies.”",false,false,"['false', 'mostly-false', 'half-true', 'pants-fire', 'mostly-true', 'true']",6,True
"The media ""never show crowds.""",false,false,"['false', 'mostly-false', 'half-true', 'pants-fire', 'mostly-true']",5,True
"""It is senior citizens, not Hispanics, who are the fastest-growing demographic in this country.""",mostly-false,false,"['false', 'mostly-false', 'mostly-true', 'half-true', 'true', 'pants-fire']",6,True
"Says Republican-approved changes to ""make it more difficult to participate in Ohio elections include reducing in-person early voting from 35 days to six.""",true,true,"['true', 'mostly-true']",2,True
Says “Tim Michels wants to defund public education — calling it ‘the definition of insanity’ to continue to fund public schools.”,mostly-false,mostly-false,"['mostly-false', 'mostly-true', 'half-true', 'false']",4,True
"Austin’s Stop Abuse for Everyone has seen in its offices ""sexual assault survivors that report being attacked by their ridesharing drivers, at a rate of one per month.""",half-true,false,"['false', 'mostly-false', 'half-true', 'mostly-true', 'true', 'pants-fire']",6,True
“Pelosi tried to block voter ID/absentee ballot protections.”,half-true,mostly-false,"['mostly-false', 'false', 'half-true', 'mostly-true', 'true', 'pants-fire']",6,True
"""Nazi imagery [was used] by the Block for Governor campaign to describe supporters of Allan Fung for Governor.""",false,false,"['false', 'mostly-false', 'true', 'mostly-true', 'half-true', 'pants-fire']",6,True
"Four members of the Rhode Island General Assembly ""went to vote in 2010 and were told they had already voted.""",false,false,"['false', 'mostly-false', 'half-true', 'mostly-true', 'true', 'pants-fire']",6,True
"Detroit’s Oct.15, 2024, absentee ballot return rate proves election fraud.",false,false,"['false', 'mostly-false', 'mostly-true', 'true', 'half-true', 'pants-fire']",6,True
“California is registering non-citizens to vote and has refused to cooperate with the Federal Election Integrity Program.”,false,false,"['false', 'mostly-false', 'pants-fire', 'half-true', 'mostly-true']",5,True
"""The son-in-law of the president met with Russian officials at the Trump Tower after having them come in the back door.""",mostly-true,mostly-true,"['mostly-true', 'half-true', 'mostly-false']",3,True
A pro-Kamala Harris website shows she supports a mandatory gun buyback program.,false,false,"['false', 'mostly-false', 'half-true', 'mostly-true', 'true', 'pants-fire']",6,True
"In 2008, ""33.2 percent of those who voted early on the last Sunday before Election Day were African-American, while 23.6 percent were Hispanic.""",true,true,"['true', 'mostly-true', 'half-true', 'false', 'mostly-false']",5,True
"""The Pentagon reportedly failed to send absentee ballots to active military service members before the election.”",false,false,"['false', 'mostly-false', 'half-true', 'mostly-true', 'true', 'pants-fire']",6,True
"Says under U.S. Rep. Alexandria Ocasio-Cortez’s Green New Deal proposal, “Cows are out.”",false,false,"['false', 'mostly-false', 'pants-fire', 'half-true', 'true', 'mostly-true']",6,True
"GOP candidate for California governor Travis Allen ""on the floor vote … refused to join Republicans opposing driver licenses for illegal aliens.""",half-true,mostly-true,"['mostly-true', 'half-true', 'true', 'mostly-false', 'false']",5,True
“Phony” ballots “were printed without my name on it.”,mostly-false,false,"['false', 'mostly-false', 'half-true', 'pants-fire', 'mostly-true', 'true']",6,True
Says unproven voter fraud claims didn’t play “any role” in the Capitol riot.,pants-fire,false,"['false', 'mostly-false', 'mostly-true', 'half-true', 'pants-fire', 'true']",6,True
"""The White House is won in the swing states, and I am winning the swing states.""",mostly-false,mostly-false,"['mostly-false', 'false', 'half-true', 'mostly-true']",4,True
"""It's the first time in the nation this many members have been drawn (by a Legislature) into the same districts where it wasn't a court order.""",mostly-true,true,"['true', 'mostly-true', 'half-true', 'mostly-false', 'false']",5,True
"""This ban will only apply to Oregon commercial fishermen. Washington commercial fishermen would still be allowed to use gillnets on the Columbia River.""",half-true,half-true,['half-true'],1,True
Says Joe Biden took a knee during the national anthem.,false,false,"['false', 'mostly-false', 'half-true', 'mostly-true', 'true', 'pants-fire']",6,True
“Voter fraud investigations are being banned by Michigan lawmakers!”,false,false,"['false', 'mostly-false', 'half-true', 'pants-fire', 'true', 'mostly-true']",6,True
"“9,871,525 is the number of registered voters in AZ according to FB. AZ population is 7,270,000.”",mostly-false,false,"['false', 'mostly-false', 'half-true']",3,True
"Says that U.S. Rep. Allen West is ""a constituent of mine.""",true,true,"['true', 'mostly-true', 'false', 'half-true']",4,True
"""The person that shot Ashli Babbitt — boom — right through the head — just boom — there was no reason for that.""",false,false,"['false', 'mostly-false', 'pants-fire', 'half-true', 'mostly-true', 'true']",6,True
Jacky Rosen “said ending taxes on tips would ‘hurt working Nevada families.’”,false,mostly-true,"['mostly-true', 'true', 'half-true', 'false', 'mostly-false']",5,True
“Breaking: Judiciary Democrats just voted to support non-citizens voting in our elections.”,false,false,"['false', 'mostly-false', 'pants-fire', 'half-true', 'mostly-true']",5,True
"""In New Jersey, Gov. Christie vetoed legislation to extend early voting.""",mostly-true,true,"['true', 'mostly-true', 'half-true', 'mostly-false', 'false']",5,True
Early vote counts after the polls closed in Georgia’s U.S. Senate runoff are evidence of election fraud.,pants-fire,pants-fire,"['pants-fire', 'false']",2,True
Says “some people in the Great State of North Carolina have been sent TWO BALLOTS. RIGGED ELECTION in waiting!”,mostly-false,mostly-false,"['mostly-false', 'false']",2,True
"MikeHuckabee.com gets ""more hits than virtually any other presidential candidate.""",true,true,"['true', 'mostly-true', 'half-true', 'false', 'mostly-false']",5,True
"“70% of Americans don't believe a word the mainstream media puts out,” so “everyone who thinks Biden won are only 30% of the population.”",false,false,"['false', 'mostly-false', 'pants-fire']",3,True
"I am ""the first Latina to run for governor of Texas.""",false,true,"['true', 'false', 'mostly-true', 'mostly-false', 'half-true', 'pants-fire']",6,True
“Voting machines found in bus in Arizona.”,false,false,"['false', 'mostly-false']",2,True
"""In December of 2017, the Prince William board of supervisors had a meeting ... (Corey Stewart) skipped that meeting to go campaign in Alabama for Roy Moore to be a U.S. senator … You haven't disavowed Roy Moore's name yet.""",true,true,"['true', 'mostly-true', 'half-true', 'mostly-false', 'false']",5,True
"""In order to be a poll worker on the conservative side, you have to register through the Republican Party of Wisconsin.""",mostly-true,false,"['false', 'mostly-false', 'half-true', 'mostly-true', 'pants-fire']",5,True
The law governing the transition of presidential power “doesn’t require there to be an absolute winner. It says the ‘apparent' winner.”,mostly-true,true,"['true', 'mostly-true', 'half-true']",3,True
"""Of course, there is large scale voter fraud happening on and before election day.""",pants-fire,false,"['false', 'pants-fire', 'mostly-false', 'half-true', 'mostly-true']",5,True
"""This guy didn't even support Ronald Reagan.""",true,true,"['true', 'mostly-true', 'false', 'half-true', 'mostly-false']",5,True
Says Raphael Warnock supports boycotts of Georgia to protest voting law.,false,false,"['false', 'mostly-false', 'half-true', 'mostly-true', 'pants-fire']",5,True
Graph shows Gretchen Whitmer stole the Michigan gubernatorial election.,pants-fire,pants-fire,"['pants-fire', 'false']",2,True
“Two stamps needed for mail-in ballots.”,half-true,false,"['false', 'mostly-false', 'half-true', 'mostly-true', 'true', 'pants-fire']",6,True
"""Nate McMurray wants to reward illegals with amnesty.""",mostly-false,mostly-false,"['mostly-false', 'false', 'mostly-true', 'half-true', 'pants-fire', 'true']",6,True
The voting rights bill “would register millions of illegal aliens to vote. It is intended to do that.”,pants-fire,false,"['false', 'mostly-false', 'pants-fire', 'half-true', 'mostly-true', 'true']",6,True
Delayed election results are proof of fraud.,false,false,"['false', 'mostly-false', 'pants-fire', 'half-true']",4,True
"""If you survey, most (North Carolina) Democrats also agree with our (election) laws and voter ID.""",mostly-false,mostly-false,"['mostly-false', 'false', 'half-true', 'mostly-true', 'true', 'pants-fire']",6,True
"""The right to vote in this country has never been intrinsically tied to citizenship.""",mostly-true,true,"['true', 'mostly-true', 'false', 'half-true', 'mostly-false', 'pants-fire']",6,True
"The Wisconsin Supreme Court decision declaring ballot drop boxes illegal ""includes the 2020 Presidential Election.""",pants-fire,false,"['false', 'mostly-false', 'pants-fire', 'half-true']",4,True
"If an election worker writes anything on your ballot before you put it in the voting machine, “your ballot could be disqualified.”",false,false,"['false', 'mostly-false', 'true', 'mostly-true', 'half-true', 'pants-fire']",6,True
"In 2012, the state ""put together a list of over 100,000 people that they thought were ineligible to vote. Came out there were less than 10.""",mostly-false,mostly-true,"['mostly-true', 'half-true', 'mostly-false', 'false', 'true']",5,True
"“The revelation of massive & widespread fraud & deception” in the 2020 election “allows for the termination of all rules, regulations, and articles, even those found in the Constitution.”",pants-fire,false,"['false', 'pants-fire', 'mostly-false']",3,True
"""Since 1904, the Ohio victor has won the presidency 25 out of 27 times """,true,true,"['true', 'mostly-true']",2,True
"“ICE officials have been ordered NOT to wear their uniforms or badges when they vote today"" so as not to intimidate noncitizens.",mostly-false,mostly-false,"['mostly-false', 'half-true', 'false', 'mostly-true']",4,True
The Arizona gubernatorial race was a “fraudulent election.”,pants-fire,pants-fire,"['pants-fire', 'false']",2,True
“CAN I CHANGE MY VOTE? ... The answer in most states is YES.”,mostly-false,false,"['false', 'mostly-false', 'pants-fire', 'mostly-true', 'half-true']",5,True
"Says history suggests sports will ""quickly subsume a lot of the attention span of the country"" in the presidential primary.",half-true,mostly-true,"['mostly-true', 'false', 'half-true', 'mostly-false', 'true', 'pants-fire']",6,True
"""There’s a hacking conference that’s held every year in Las Vegas, where I think a 14- or 15-year old-girl from Florida hacked into a replica of Florida’s election system in less than 15 minutes.""",mostly-false,mostly-false,"['mostly-false', 'false', 'half-true', 'mostly-true', 'pants-fire', 'true']",6,True
"“If you were forced to use a Sharpie” to fill out your ballot, “that is voter fraud.”",false,false,"['false', 'mostly-false', 'pants-fire', 'half-true', 'mostly-true', 'true']",6,True
"""California is once again the sixth-largest economy in the world. If you add the GDP’s of Washington and Oregon, California would surpass the United Kingdom to become the fifth-largest economy in the world.""",mostly-true,mostly-true,"['mostly-true', 'half-true', 'true', 'mostly-false', 'false']",5,True
"California has seen a ""56 percent decline in the gun murder rate"" since the 1990s.",mostly-true,false,"['false', 'mostly-true', 'mostly-false', 'half-true', 'true', 'pants-fire']",6,True
"""Over 40 of our 100 (House of) Delegates seats go uncontested every year, and over 40 percent of our state senate seats go uncontested every year.""",mostly-true,half-true,"['half-true', 'mostly-true', 'mostly-false', 'false', 'true']",5,True
"Says the Senate Intelligence Committee has held 10 public hearings this year, ""more than double that held by the committee in any recent year.""",true,true,"['true', 'mostly-true', 'half-true', 'mostly-false', 'false']",5,True
"If African-Americans vote their percentage of the population in 2008, ""Mississippi is suddenly a Democratic state.""",false,false,"['false', 'mostly-false', 'half-true', 'mostly-true', 'pants-fire', 'true']",6,True
"After Fahrenheit 9/11 came out, ""Bush's approval rating never was better, it only got worse.""",mostly-false,mostly-false,"['mostly-false', 'false', 'half-true', 'mostly-true']",4,True
“USPS failed to deliver 27% of mail-in ballots in South Florida”,pants-fire,false,"['false', 'mostly-false', 'half-true', 'mostly-true', 'true']",5,False
“I am not banning fracking.”,mostly-true,true,"['true', 'mostly-true', 'false', 'half-true', 'mostly-false']",5,True
"Says Gov. Scott Walker has dropped Wisconsin ""to 45th in the nation in job growth prospects while campaigning for president out of state.""",mostly-false,mostly-false,"['mostly-false', 'mostly-true', 'half-true', 'false']",4,True
"""A day AFTER the election, Biden receives a dump of 143,379 votes at 3:42AM (in Wisconsin), when they learned he was losing badly. This is unbelievable!""",pants-fire,false,"['false', 'mostly-false', 'half-true', 'mostly-true', 'pants-fire', 'true']",6,True
“Military ready to act on audit results!” in Arizona,false,false,"['false', 'mostly-false', 'pants-fire']",3,True
"""Kansas has not elected somebody other than a Republican (to the U.S. Senate) since before 'The Wizard of Oz' hit the movie theaters.""",true,false,"['false', 'true', 'half-true', 'mostly-false', 'mostly-true', 'pants-fire']",6,True
"""Ohio has one of the highest provisional ballot rates in the country, and many of them go uncounted each election.""",true,true,"['true', 'mostly-true']",2,True
"Under federal law, former President Donald Trump’s “felony convictions mean he can no longer possess guns.”",true,true,"['true', 'mostly-true', 'false', 'half-true', 'mostly-false']",5,True
Americans aren’t required to show IDs to vote.,mostly-false,false,"['false', 'mostly-false', 'half-true', 'pants-fire', 'mostly-true', 'true']",6,True
"Donald Trump “deported less, believe it or not, than Barack Obama even did.""",true,mostly-true,"['mostly-true', 'true', 'half-true', 'false', 'mostly-false']",5,True
"""Wisconsin is one of several states where you can change your early ballot if you think you've made a mistake.""",true,true,"['true', 'mostly-true']",2,True
"""If you look at most of the polls, this is a margin-of-error race on Fourth of July between Mitt Romney and the president.""",true,mostly-true,"['mostly-true', 'true', 'half-true', 'mostly-false']",4,True
"""Since 2015, Scott Walker has not done a public event where you don't have to pay admission or be on an approved list.""",half-true,half-true,"['half-true', 'mostly-true', 'mostly-false', 'true']",4,True
Vice President Kamala Harris “was born in Canada.”,pants-fire,pants-fire,"['pants-fire', 'false']",2,True
Donald Trump posted on Truth Social that Kamala Harris used to be a man named Kamal Aroush.,false,false,['false'],1,True
"Says he ""fought Obama twice and won to stop illegal immigrants from voting.""",false,false,"['false', 'mostly-false', 'pants-fire', 'half-true', 'mostly-true']",5,True
Michigan’s Proposal 2 “will permanently put in the Constitution that you never have to show an ID to vote ever again.”,mostly-false,false,"['false', 'pants-fire', 'mostly-false']",3,True
"“Last night I was leading, often solidly, in many key States, in almost all instances Democrat run & controlled. Then, one by one, they started to magically disappear as surprise ballot dumps were counted.”",false,false,"['false', 'mostly-false', 'pants-fire', 'half-true', 'mostly-true']",5,True
“Hoadley called women ‘breeders.’... wanted to learn about crystal meth and wrote that his sexual partners were his victims. Hoadley even wrote about a four year-old wearing a thong.”,mostly-false,mostly-false,"['mostly-false', 'false', 'mostly-true', 'true', 'half-true', 'pants-fire']",6,True
"""Red Alert: Major Signs of Voter Fraud Uncovered In Ohio.""",mostly-false,false,"['false', 'mostly-false', 'pants-fire', 'half-true', 'mostly-true', 'true']",6,True
Minnesota Gov. Tim Walz “forced schools to stock tampons in boys’ bathrooms.”,mostly-false,false,"['false', 'mostly-false', 'pants-fire', 'half-true']",4,True
“I cooperated far more” than Joe Biden in the classified documents investigations.,pants-fire,false,"['false', 'mostly-false', 'pants-fire', 'half-true']",4,True
“BREAKING: Police found ‘explosives’ in car near former President Donald Trump’s rally site on Long Island.”,false,false,"['false', 'mostly-false']",2,True
"Virginia Democrats recently enforced voter ID rules that were ""considerably more stringent than those contained in the state law they denounce.""",half-true,mostly-true,"['mostly-true', 'false', 'mostly-false', 'half-true', 'true', 'pants-fire']",6,True
"Of Bernie Moreno, “Now, he’s arguing for a national abortion ban, no exceptions.”",half-true,mostly-false,"['mostly-false', 'false', 'half-true', 'mostly-true', 'true', 'pants-fire']",6,True
"""In Florida, when Jeb Bush was governor, state authorities conducted a deeply flawed purge of voters before the presidential election in 2000"" and ""in 2004 a plan to purge even more voters was headed off.""",mostly-true,true,"['true', 'mostly-true', 'half-true', 'mostly-false', 'false']",5,True
"Virginia was named ""best managed state, best state for business and best state to raise a child"" while I was governor.",true,true,"['true', 'mostly-true', 'half-true', 'mostly-false']",4,True
"“A STOLEN ELECTION: State totals minus illegal ballot trafficking numbers give President Trump decisive victories in AZ, GA, MI, PA, and WI.”",false,false,"['false', 'pants-fire', 'mostly-false', 'half-true']",4,True
Georgia Gov. Brian Kemp “allowed 7.5 million ballots to be sent to every registered voter.”,false,false,"['false', 'mostly-false', 'pants-fire', 'half-true']",4,True
"North Carolina's Democratic primary is open to ""all registered voters, regardless of registration.""",false,false,"['false', 'mostly-false', 'half-true', 'mostly-true', 'pants-fire', 'true']",6,True
“This is the California model spreading across the country. When you need to flip things blue there’s always some mysterious mail-in ballots lying around that’ll do the trick. Shameful!”,false,false,"['false', 'mostly-false', 'pants-fire', 'half-true', 'mostly-true']",5,True
"Celebrities including Bruce Springsteen, Robert De Niro, Robert Downey Jr., John Legend and Tom Hanks have announced they are leaving the U.S. following the 2024 election.",false,false,"['false', 'pants-fire', 'mostly-false']",3,True
"“In Wisconsin, there are approximately 70,000 absentee ballots that do not have matching ballot applications as required by law.”",pants-fire,false,"['false', 'mostly-false', 'pants-fire', 'mostly-true', 'half-true', 'true']",6,True
"""The Democrats want to invite caravan after caravan of illegal aliens into our country. And they want to sign them up for free health care, free welfare, free education, and for the right to vote.""",false,false,"['false', 'mostly-false', 'pants-fire', 'half-true', 'mostly-true']",5,True
"""Every time we put a ballot issue on, it costs a million dollars.""",half-true,half-true,"['half-true', 'mostly-true']",2,True
"""Nearly 200,000 Florida voters may not be citizens.""",false,false,"['false', 'mostly-false', 'pants-fire', 'half-true', 'mostly-true']",5,True
"""John Kerry was at 4 percent in the polls in December of 2003...and he ended up becoming the nominee of the party.""",half-true,false,"['false', 'half-true', 'mostly-false', 'mostly-true', 'true']",5,True
"After a 2022 law, “the vast majority of colleges in New York State do not have on-campus poll sites.”",mostly-true,mostly-false,"['mostly-false', 'false', 'half-true', 'mostly-true', 'true', 'pants-fire']",6,True
"Says state Supreme Court candidate Joe Donald twice ""supported"" incumbent Justice Rebecca Bradley.",mostly-true,mostly-true,"['mostly-true', 'half-true', 'mostly-false']",3,True
"There was ""serious voter fraud"" in Virginia.",pants-fire,false,"['false', 'pants-fire', 'mostly-false', 'mostly-true', 'half-true']",5,True
These guys are now pretty much living up to the @BruceRauner standard. And falling dismally short of the @MittRomney standard. Even Romney released his full tax returns.,true,true,"['true', 'mostly-true', 'half-true', 'false', 'mostly-false', 'pants-fire']",6,True
"""We continue to see these isolated incidents of people trying to vote five, six times a day.""",false,false,"['false', 'pants-fire', 'mostly-false']",3,True
"Says Donald Trump's claim that ""there was insufficient evidence and therefore, in our country, a person is innocent"" directly contradicts Special Counsel Robert Mueller’s statement.",mostly-true,mostly-true,"['mostly-true', 'half-true', 'mostly-false', 'false', 'true']",5,True
"“Since 1981, the state Senate has only rejected five executive appointments. The GOP today is more than doubling that number.”",true,mostly-true,"['mostly-true', 'true', 'half-true', 'false', 'mostly-false', 'pants-fire']",6,True
Says Republican leaders “are working hard to cover up election corruption in Wisconsin.”,pants-fire,false,"['false', 'mostly-false', 'half-true', 'mostly-true', 'pants-fire', 'true']",6,True
"""Since 2010, Republicans have won unaffiliated voters in every general election.""",mostly-true,true,"['true', 'mostly-true', 'half-true', 'false', 'mostly-false', 'pants-fire']",6,True
"""The Koch brothers alone gave twice as much money to Scott Walker as the total amount of money raised by Tom Barrett.""",false,false,"['false', 'true', 'mostly-false', 'mostly-true', 'half-true']",5,True
“The state of Washington has already sent out their ballots” for the 2024 presidential election.,false,false,"['false', 'mostly-false', 'half-true', 'true']",4,True
“Jurisdictions representing about 80% of WI residents have passed referendums or resolutions in favor of fair maps.”,true,mostly-true,"['mostly-true', 'true', 'half-true', 'mostly-false', 'false']",5,True
"""When we say ‘one vote matters,’ it’s not just a saying – it has proven true 141 times in #Ohio over the last five years.""",true,mostly-true,"['mostly-true', 'true', 'half-true', 'false', 'mostly-false']",5,True
Glenn Youngkin is “the first sitting Governor in the modern era to have their party have less legislative seats than when they were elected.”,false,false,"['false', 'mostly-false', 'true', 'half-true', 'pants-fire', 'mostly-true']",6,True
"""There have been 30 published polls in this election cycle and Harry Reid's been trailing in every single one.""",false,false,"['false', 'mostly-false', 'pants-fire', 'half-true', 'mostly-true']",5,True
No openly gay man has ever been elected to the Georgia Legislature.,true,false,"['false', 'true', 'mostly-false', 'mostly-true', 'half-true', 'pants-fire']",6,True
"The Koch Brothers are ""spending more money than either the Democratic or Republican parties"" in the 2016 elections.",false,false,"['false', 'mostly-false', 'mostly-true', 'half-true', 'true', 'pants-fire']",6,True
"Cher ""is moving to Canada because of President Trump.""",false,false,"['false', 'mostly-false', 'pants-fire', 'half-true']",4,True
"""Breaking: four million Democrat votes just declared fraudulent.""",pants-fire,pants-fire,['pants-fire'],1,True
“The millions (of immigrants) that have been paroled can simply go to their local welfare office or the DMV and register to vote.”,false,false,"['false', 'mostly-false', 'half-true', 'mostly-true', 'pants-fire', 'true']",6,True
"The Southern strategy is a ""myth"" that ""never happened.""",false,false,"['false', 'pants-fire', 'mostly-false', 'half-true', 'mostly-true']",5,True
“Trump has won the election with 294 electoral votes.”,false,false,"['false', 'pants-fire']",2,True
"Sherrod Brown’s approval rating ""has plummeted to 38 percent among Ohio voters"" in a poll by a Democratic pollster.",mostly-true,mostly-true,"['mostly-true', 'half-true', 'mostly-false', 'true', 'false']",5,True
"""The president's party always gets shellacked in midterms. It's only twice, 1934 and 2002, that the president's party actually gained in both the House and the Senate.""",mostly-true,mostly-true,"['mostly-true', 'half-true', 'mostly-false', 'true']",4,True
Michigan U.S. Senate candidate Mike Rogers “wants to cut Medicare and Social Security.”,false,mostly-false,"['mostly-false', 'false', 'mostly-true', 'half-true', 'true', 'pants-fire']",6,True
"“You had (4,925) out-of-state voters… in Georgia.”",false,false,"['false', 'mostly-false', 'pants-fire', 'half-true', 'mostly-true']",5,True
“Jan. 6 was NOT an insurrection…but Nov. 4 at 3 a.m. was!”,pants-fire,false,"['false', 'mostly-false', 'pants-fire', 'half-true']",4,True
"Says Wisconsin Gov. Scott Walker is making voting more difficult by closing Department of Motor Vehicles offices where ""low-income voters"" live.",false,false,['false'],1,True
"Ohio Republicans made significant gains during [Chris McNulty’s] time at the ORP, including the extremely successful re-election of President Bush in Ohio.""",mostly-true,mostly-true,"['mostly-true', 'half-true', 'mostly-false', 'true']",4,True
Says Joe Biden stays in his basement.,false,false,"['false', 'mostly-false', 'true', 'mostly-true', 'half-true', 'pants-fire']",6,True
"“We waited 24 hours and got a measly 62k votes"" in Maricopa County",false,false,"['false', 'mostly-true', 'mostly-false', 'half-true', 'true']",5,True
"""I unsealed my records"" at Marquette University.",false,false,['false'],1,True
"""Facts have come to light that indicate that a pivotal, close election was likely changed through voter fraud on November 8, 2016: New Hampshire’s U.S. Senate Seat, and perhaps also New Hampshire’s four Electoral College votes in the presidential election.""",false,false,"['false', 'mostly-false', 'half-true', 'mostly-true', 'pants-fire', 'true']",6,True
"""Roy Moore takes the military vote, pulls ahead by 5,000 votes""",pants-fire,pants-fire,['pants-fire'],1,True
"“States run elections, not the federal government.”",mostly-false,mostly-false,"['mostly-false', 'half-true', 'false', 'mostly-true', 'pants-fire']",5,True
Says former President Donald Trump did not lose the 2020 election.,pants-fire,false,"['false', 'mostly-false', 'pants-fire', 'half-true', 'true']",5,True
"In Texas, a person can register a dead relative to vote and then cast a mail ballot in their name.",mostly-false,false,"['false', 'mostly-false', 'half-true', 'mostly-true', 'true']",5,True
"In 2011, Alabama and Massachusetts passed legislation allowing non-citizens who are legal residents to vote in state and local elections.",false,false,"['false', 'mostly-false']",2,True
Map proves the Pennsylvania Senate election was rigged.,pants-fire,pants-fire,"['pants-fire', 'false']",2,True
Said that man wearing racist shirt was working at a polling station in Mississippi.,false,false,"['false', 'mostly-false', 'mostly-true']",3,True
"Russian annexation of Crimea ""removes a million residents of the Ukraine that have provided the margin of victory for (Viktor) Yanukovych, the pro-Moscow prime minister in his last election.""",mostly-true,mostly-true,"['mostly-true', 'half-true', 'false', 'mostly-false', 'true', 'pants-fire']",6,True
Clips of Nikki Haley speaking about Hillary Clinton show Haley supports Clinton and is “not who she says she is.”,false,mostly-false,"['mostly-false', 'false', 'pants-fire', 'half-true', 'mostly-true']",5,True
"By advocating new requirements for voters to show ID cards at the polls, Republicans ""want to literally drag us all the way back to Jim Crow laws.""",false,false,"['false', 'mostly-false', 'mostly-true', 'half-true', 'true', 'pants-fire']",6,True
The Georgia House passed a bill that “makes it a misdemeanor to give food or water to voters waiting in line.”,true,true,"['true', 'mostly-true', 'false', 'half-true', 'mostly-false']",5,True
"Bryan County, Ga., has ""corrupted voter rolls.""",false,mostly-false,"['mostly-false', 'mostly-true', 'false', 'half-true', 'true']",5,True
"""For the first time in over 40 years, Republicans don’t hold a single statewide office"" in Virginia.",true,true,"['true', 'mostly-true', 'false', 'half-true', 'mostly-false', 'pants-fire']",6,True
“Project 2025 wants to get rid of NOAA” and the National Weather Service.,half-true,mostly-false,"['mostly-false', 'half-true', 'false', 'mostly-true', 'true', 'pants-fire']",6,True
"""Recently though, the media has reported on thousands of illegal voters here in the commonwealth.""",pants-fire,false,"['false', 'mostly-false', 'half-true', 'mostly-true', 'pants-fire', 'true']",6,True
"CNN coverage has evidence of the “single most egregious, real-time example of electronic vote fraud.”",pants-fire,false,"['false', 'mostly-false', 'pants-fire', 'mostly-true', 'half-true', 'true']",6,True
"“President Biden is the first candidate in history, the first president in history, that has used the federal agencies to censor political speech ... to censor his opponent.""",false,false,"['false', 'mostly-false', 'pants-fire', 'half-true', 'mostly-true', 'true']",6,True
"""Law firm @POTUS used to show he has no ties to Russia was named Russia Law Firm of the Year for their extensive ties to Russia. Unreal.""",mostly-true,mostly-true,"['mostly-true', 'half-true', 'mostly-false', 'false', 'true']",5,True
“Tim Sheehy told us his health care plan: ‘We need to return health care to pure privatization.’ That would eliminate Medicare.”,mostly-false,false,"['false', 'mostly-false', 'half-true', 'mostly-true', 'true', 'pants-fire']",6,True
"Says Beto O’Rourke perpetuated stereotypes, ""casting aspersions on working women whose ‘only qualifications seemed to be large breasts and tight buttocks’.""",mostly-true,false,"['false', 'mostly-false', 'half-true', 'true', 'mostly-true']",5,True
"""Governor Christie also remains the only Governor since World War II, among both Democrats and Republicans, who failed to have his party win control of at least one legislative body over the course of his term.""",false,mostly-true,"['mostly-true', 'half-true', 'true', 'mostly-false', 'false']",5,True
"""Snitker has been virtually ignored by the major media.""",true,true,"['true', 'mostly-true', 'false', 'half-true']",4,True
"The Broward Republican Executive Committee ""had the liberal League of Women Voters Guide removed from the Broward Supervisor of Election's website.""",half-true,true,"['true', 'false', 'mostly-true', 'mostly-false', 'half-true', 'pants-fire']",6,True
"Public employees receive ""something like 25 percent of the paychecks that are issued in Rhode Island.""",false,false,"['false', 'mostly-false', 'half-true', 'mostly-true', 'true']",5,True
“Myanmar used Dominion Voting Systems.”,false,false,['false'],1,True
"""Seven Milwaukee wards report more 2020 presidential votes than registered voters.”",pants-fire,false,"['false', 'pants-fire', 'mostly-false', 'true', 'half-true']",5,True
"""I’ve been through four campaigns and have not done any negative campaigning.""",mostly-true,mostly-true,['mostly-true'],1,True
Says it was “unquestionably” not within his “legal authority” to postpone Illinois’ primary election by changing the date or shifting to vote-by-mail.,mostly-true,mostly-true,"['mostly-true', 'true', 'half-true', 'false', 'mostly-false']",5,True
"""There are ‘sore loser’ laws that would bar Luther Strange from pursuing a seat"" because he already lost the Alabama Republican Senate runoff to Roy Moore.",false,false,"['false', 'mostly-false', 'mostly-true', 'half-true', 'true', 'pants-fire']",6,True
"""Typically you have three to four debates in a U.S. Senate race. (Sen. Tammy Baldwin, D-Wis. has) given me one debate, almost a month after early voting has started.""",mostly-true,mostly-true,"['mostly-true', 'half-true', 'mostly-false', 'true', 'false']",5,True
"""Tommy Thompson wanted to implant data chips in humans.""",mostly-true,mostly-true,"['mostly-true', 'true', 'half-true', 'mostly-false']",4,True
"Says he ""never"" donates to Democrats while Paul Workman ""contributes to Democrat Kirk Watson and other Democrats running against Republicans.""",half-true,half-true,"['half-true', 'mostly-true', 'mostly-false']",3,True
"Says he ""won the popular vote if you deduct the millions of people who voted illegally.""",pants-fire,false,"['false', 'pants-fire', 'mostly-false']",3,True
Ron DeSantis “wants to cut Social Security and Medicare.”,mostly-false,mostly-false,"['mostly-false', 'false', 'mostly-true', 'half-true', 'true', 'pants-fire']",6,True
"Nevada Sen. Jacky Rosen said the Biden administration did a ""tremendous job"" on the U.S. military’s Afghanistan withdrawal.",mostly-false,mostly-true,"['mostly-true', 'true', 'half-true', 'mostly-false', 'false', 'pants-fire']",6,True
"""It's factually correct to say"" that Jennifer Brunner inherited at least 18 lawsuits when she came into the office that were a result of Ken Blackwell’s ""mismanagement of the 2004 election.""",false,false,"['false', 'mostly-false', 'mostly-true']",3,True
"At this point in 2012, ""Rick Perry was ahead at 29.9 percent, and we had seven more leads before it finally settled on Mitt Romney.""",mostly-true,true,"['true', 'mostly-true', 'half-true', 'false', 'mostly-false']",5,True
"In Georgia, it's ""illegal to give people water within 150 feet of a polling place"" and ""punishable by up to a year in prison.""",true,true,"['true', 'mostly-true', 'false', 'half-true', 'mostly-false']",5,True
"Says Julie Parrish is ""one of Sarah Palin’s mama grizzlies.""",mostly-false,mostly-false,"['mostly-false', 'false', 'mostly-true', 'half-true', 'pants-fire']",5,True
Says there is an upcoming vote to preserve benefits of Texas homestead exemption for seniors and the disabled.,pants-fire,pants-fire,['pants-fire'],1,True
"""When Deborah took office, the (Sellwood Bridge) project had languished for years, with only $11 million in funds. With her leadership the remaining funding was secured that got the project moving forward.""",mostly-true,true,"['true', 'mostly-true', 'half-true', 'mostly-false', 'false']",5,True
"""Before the Republican wave in 2010, Democrats had an advantage on the generic ballot in Congress. Even in 1994 with the Gingrich revolution ... Democrats had that advantage.""",true,true,"['true', 'mostly-true', 'half-true', 'mostly-false', 'false']",5,True
"In the 2020 presidential election, “4,255 ballots in Fulton County, Georgia,  were scanned multiple times” and “3,390 went to Biden.”",false,false,"['false', 'mostly-false', 'half-true', 'mostly-true', 'pants-fire', 'true']",6,True
"Says ""I was the first governor in America to endorse Mitt Romney.""",pants-fire,false,"['false', 'mostly-false', 'half-true', 'true', 'mostly-true']",5,False
Says Joe Biden has “written a letter of apology” for calling Trump’s travel restrictions from China “xenophobic.”,false,false,"['false', 'pants-fire', 'mostly-false']",3,True
"""Report: 3 million votes in presidential election cast by illegal aliens.""",false,false,"['false', 'pants-fire', 'mostly-false']",3,True
"Says Hillary Clinton campaign chairman John Podesta’s email password was ""password.""",false,false,"['false', 'mostly-false']",2,True
Says Nancy Pelosi has “suspicious ties” to a voting software company that was involved in glitches that favored Joe Biden.,mostly-false,mostly-false,"['mostly-false', 'false', 'half-true', 'mostly-true', 'pants-fire', 'true']",6,True
"Rhode Island’s voter identification law was pushed by ""a black Democrat in the House, a black Democrat in the Senate. That's a fact.""",true,true,"['true', 'mostly-true', 'half-true', 'false', 'mostly-false']",5,True
“The KKK officially endorses Trump 2020.”,false,false,"['false', 'pants-fire', 'mostly-false', 'mostly-true', 'half-true', 'true']",6,True
Elissa Slotkin “signed a secret agreement with a CCP-linked Chinese battery company.”,false,false,"['false', 'mostly-false', 'half-true', 'mostly-true', 'pants-fire', 'true']",6,True
"Says that after she declared her candidacy for Congress, ""the redistricting process was manipulated to allow incumbent politicians to guarantee their re-election.""",mostly-false,mostly-false,"['mostly-false', 'half-true', 'mostly-true', 'false']",4,True
“Rep. Dean Phillips received almost twice as many votes as Biden did in the New Hampshire primary.”,pants-fire,false,"['false', 'mostly-false', 'true', 'mostly-true', 'half-true', 'pants-fire']",6,True
“One in six local election officials have received threats of violence” and threats against judges have doubled over four years and threats against members of Congress have increased by 10 times over five years.,mostly-true,true,"['true', 'mostly-true', 'half-true']",3,True
“Twitter is completely stifling FREE SPEECH” by adding a fact-check label to Trump’s tweet.,pants-fire,false,"['false', 'mostly-false', 'half-true', 'pants-fire', 'mostly-true', 'true']",6,True
"Says that politicians who approved collective bargaining restrictions for public employees ""exploited a loophole exempting themselves from Senate Bill 5.""",mostly-false,mostly-false,"['mostly-false', 'half-true', 'false', 'mostly-true']",4,True
"In 2018, when he ran for senator, ""young voter turnout in early voting was up 500%. We won more votes than any Democrat has in the history of the state of Texas.""",true,true,"['true', 'mostly-true', 'half-true', 'mostly-false', 'false']",5,True
"Says no one from the Bush family attended the 2012 Republican National Convention and ""there was no President Bush"" at the 2008 convention.",false,false,"['false', 'mostly-false', 'half-true', 'true', 'pants-fire', 'mostly-true']",6,True
"Noncitizens in Washington, D.C., “can vote in federal elections.”",false,false,"['false', 'true', 'mostly-false', 'mostly-true', 'half-true', 'pants-fire']",6,True
"“Smartmatic and Dominion systems ... were built to do this very thing, for changing the results of elections.”",pants-fire,pants-fire,"['pants-fire', 'false']",2,True
"""In an interview with the Chicago Tribune's Editorial Board, Comptroller Leslie Munger says that in order to balance a budget, the state would have to 'cut social services completely.'""",false,mostly-true,"['mostly-true', 'true', 'half-true', 'false', 'mostly-false', 'pants-fire']",6,True
"""Pelosi sinks to new low, tells Dems: if you have to lie to voters to win, do it.""",false,false,"['false', 'mostly-false', 'half-true', 'pants-fire', 'mostly-true', 'true']",6,True
"Says ""a Republican hasn't won [an election] for a presidency in New Jersey since 1988.""",true,true,"['true', 'mostly-true', 'false', 'half-true', 'mostly-false']",5,True
"Says Supreme Court rival Michael Screnock ""is running with the Koch brothers support.""",half-true,half-true,"['half-true', 'mostly-true']",2,True
"""The president came in and campaigned against me 12 times.""",mostly-false,mostly-false,"['mostly-false', 'false', 'mostly-true', 'half-true']",4,True
"""Any Republican that has led for two months and led every state has won the GOP nomination.""",half-true,false,"['false', 'mostly-true', 'half-true', 'mostly-false', 'true', 'pants-fire']",6,True
"California ""admitted"" there were ""a million"" illegal votes in the 2016 presidential election.",pants-fire,false,"['false', 'pants-fire', 'mostly-false']",3,True
"""Mass voter fraud just discovered, to the amount that could void Hillary’s victory In New Hampshire.""",false,false,"['false', 'pants-fire', 'mostly-false']",3,True
"""Trump Won Two-Thirds of Election Lawsuits Where Merits Considered""",false,false,"['false', 'mostly-false', 'mostly-true', 'half-true', 'true', 'pants-fire']",6,True
“North Carolina has the longest voting period in the country … and we have the most ways of voting.”,half-true,mostly-true,"['mostly-true', 'mostly-false', 'half-true', 'false', 'true', 'pants-fire']",6,True
"A Nov. 5  ballot scanning error in Cambria County, Pennsylvania, shows ""the election steal is happening.""",false,false,"['false', 'mostly-false', 'pants-fire', 'mostly-true', 'true', 'half-true']",6,True
A “ballot dump” around 4 a.m. in Milwaukee shows the Wisconsin Senate election was stolen from the Republican candidate.,pants-fire,false,"['false', 'mostly-false', 'pants-fire', 'half-true']",4,True
Biden Executive Order 14019  “requires our taxpayer-funded federal agencies to violate the Hatch Act and engage in illegal vote harvesting.”,pants-fire,false,"['false', 'mostly-false', 'true', 'half-true', 'mostly-true', 'pants-fire']",6,True
Joe Biden was called for Michigan even though Donald Trump won more votes.,false,false,"['false', 'mostly-false', 'true', 'mostly-true', 'half-true', 'pants-fire']",6,True
Says there’s no language in the U.S. Constitution that prevents someone from running for Congress simultaneously in multiple states.,true,true,"['true', 'mostly-true', 'false', 'half-true']",4,True
Sen. Bob Casey “voted to sell American oil to China.”,false,false,"['false', 'mostly-false', 'half-true', 'mostly-true', 'true', 'pants-fire']",6,True
"""In the 2000 Florida election, at least 1,100 eligible voters were wrongly dropped from voting rolls in an attempt to purge a list of felons. Many of those who were dropped showed up to vote and were told they could not.""",true,mostly-true,"['mostly-true', 'true', 'half-true', 'mostly-false']",4,True
"Texas A&M University - Commerce ""offers counseling, safe spaces for students who are afraid of President-elect Trump.""",half-true,false,"['false', 'mostly-false', 'half-true', 'mostly-true', 'true', 'pants-fire']",6,True
"Kamala Harris was “Indian all the way, and then all of a sudden, she made a turn and she went, she became a Black person.”",pants-fire,false,"['false', 'pants-fire', 'mostly-false']",3,True
"Says Donald ""Trump decided to *not* work with Cambridge Analytica during the election.""",mostly-false,false,"['false', 'mostly-false', 'pants-fire', 'half-true', 'true', 'mostly-true']",6,True
"Says that several times in the last 15 years, Austin City Council candidates have won seats after trailing by more than 4,000 votes in the election prompting the runoff.",half-true,half-true,"['half-true', 'mostly-false']",2,True
"""Chicago now has City ID Cards which allow illegal immigrants to vote in local, state & federal elections.""",false,false,['false'],1,True
"""IDC members also get tons of campaign money from real estate, charter school, and health care lobbyists, some of whom are Republicans with connections to Trump""",mostly-true,true,"['true', 'mostly-true', 'half-true', 'mostly-false']",4,True
Rhode Island voters are moving away from the Democratic party to  non-affiliation,false,false,"['false', 'pants-fire', 'mostly-false']",3,True
A discrepancy in the number of ballots and voters in the 2022 general election in New York “appears to be a federal crime.”,false,false,"['false', 'mostly-false', 'mostly-true', 'half-true', 'true', 'pants-fire']",6,True
"""America has more governors who’ve worn blackface than black governors.""",true,false,"['false', 'true', 'mostly-true', 'mostly-false', 'half-true', 'pants-fire']",6,True
It’s proof of “voter fraud” that it takes some states days to count 2 million votes while Florida results were available on election night.,false,false,"['false', 'mostly-false', 'half-true', 'mostly-true', 'pants-fire', 'true']",6,True
"Republican challenger Bill Flores ""has never once voted  in a general election in our district.""",true,true,"['true', 'mostly-true', 'false']",3,True
"“40,000+ votes for Libertarian candidate Jo Jorgensen magically become votes for Joe Biden.”",false,false,"['false', 'pants-fire', 'mostly-false']",3,True
“Nevada ranks 50th in election integrity ratings.”,mostly-false,mostly-false,"['mostly-false', 'false', 'mostly-true', 'half-true', 'pants-fire', 'true']",6,True
"""I won the majority of the Republican vote in both New Hampshire and South Carolina.""",false,false,['false'],1,True
Pennsylvania officials are “attempting to silence voters” by sending them letters that say they’ve been exposed to COVID-19 and “must remain quarantined and not vote in person on Election Day.”,mostly-false,false,"['false', 'mostly-false', 'half-true', 'mostly-true', 'true', 'pants-fire']",6,True
The media called the 2016 election for Hillary Clinton.,false,false,"['false', 'mostly-false', 'true']",3,True
"""Rick Scott’s Administration spent over $100,000 of taxpayer money during their first voter purge attempt in 2012.""",mostly-false,mostly-true,"['mostly-true', 'true', 'false', 'half-true', 'mostly-false']",5,True
"As an example of voter fraud, “we have literally 9,000 people who voted in this election (in Nevada) who don’t live in Nevada.”",pants-fire,false,"['false', 'pants-fire', 'mostly-false']",3,True
"""Democrats have now become the party of the [Atlanta] metro area and of blacks.""",mostly-true,mostly-true,"['mostly-true', 'true', 'half-true']",3,True
"""Did you know Wisconsin's AFSCME union has lost 50%+ of its members since no longer requiring membership?""",mostly-true,mostly-true,"['mostly-true', 'half-true', 'mostly-false', 'true']",4,True
Says Mike Pence was arrested.,false,false,['false'],1,True
Says the election results are suspicious because opponent U.S. Sen. Baldwin won “nearly 90%” of absentee ballots in Milwaukee.,false,false,"['false', 'mostly-false', 'half-true', 'mostly-true']",4,True
A Georgia law has not “criminalized giving people bottles of water.” It pertains to political organizations.,mostly-false,false,"['false', 'mostly-false', 'half-true', 'mostly-true', 'pants-fire']",5,True
"Says U.S. Rep. Steve Southerland ""voted himself health care for life.""",pants-fire,false,"['false', 'mostly-false', 'half-true', 'mostly-true', 'true', 'pants-fire']",6,True
"""Trump has selected his pick for running mate (and the) news stuns Republican Party.”",false,false,['false'],1,True
“The racial wealth gap is the smallest it’s been in 20 years.”,half-true,mostly-true,"['mostly-true', 'false', 'mostly-false', 'half-true', 'true', 'pants-fire']",6,True
"""There are 43 states that have now passed voter suppression laws.""",false,false,"['false', 'mostly-false', 'mostly-true', 'half-true', 'true']",5,True
"In Oklahoma, ""I won 77 out of 77 counties. Ronald Reagan is second with 56.""",mostly-false,false,"['false', 'mostly-false', 'pants-fire', 'half-true', 'mostly-true']",5,True
“Joe Biden is no longer the President-elect according to RealClearPolitics.”,false,false,['false'],1,True
Says President Joe Biden said that Democrats should not vote in the New Hampshire primary.,pants-fire,false,"['false', 'pants-fire', 'mostly-false']",3,True
"As Florida secretary of state, Kurt Browning ""allowed 1,800 illegal voters to register in Florida.""",pants-fire,false,"['false', 'mostly-false', 'half-true', 'mostly-true', 'true', 'pants-fire']",6,True
"“You’ve probably heard that Taylor Swift is endorsing Joe B.""",false,false,"['false', 'mostly-false', 'true', 'mostly-true', 'half-true', 'pants-fire']",6,True
A Social Security Administration database shows “how many people each of the 43 states are registering to vote who DO NOT HAVE IDs.”,false,false,"['false', 'pants-fire', 'mostly-false']",3,True
"Texas ""had the highest level of turnout than ever before in the primary.""",half-true,false,"['false', 'mostly-false', 'mostly-true', 'half-true', 'true', 'pants-fire']",6,True
"""Mitt Romney is the first Massachusetts politician to run for president and not win the New Hampshire primary in a generation.""",mostly-true,true,"['true', 'mostly-true', 'false', 'half-true', 'mostly-false', 'pants-fire']",6,True
Wisconsin elections administrator Meagan Wolfe “refuses to clean up our voter rolls”,pants-fire,false,"['false', 'mostly-false', 'pants-fire']",3,True
"""The most recent Associated Press poll has Nader-Gonzalez at 6 percent, without any national coverage, against McCain and Obama.""",mostly-true,mostly-true,"['mostly-true', 'half-true', 'mostly-false', 'false']",4,True
North Carolina’s new voting rules in response to Hurricane Helene amount to “cheating” or “stealing.”,pants-fire,false,"['false', 'mostly-false', 'pants-fire', 'half-true', 'mostly-true', 'true']",6,True
No one showed up for this Joe Biden and Kamala Harris joint campaign event in Arizona.,mostly-false,mostly-false,"['mostly-false', 'false']",2,True
