statement,true_verdict,predicted_verdict,prediction_set,set_size,is_covered
"""In the rest of the world, there have been 18 school shootings in the last twenty years. In the U.S., there have been 18 school shootings since January 1.""",mostly-false,false,"['false', 'mostly-false', 'pants-fire', 'half-true', 'true']",5,True
"""Pier 39 terrorist was an anti-Trump antifa supporter.""",half-true,false,"['false', 'pants-fire', 'mostly-false', 'true']",4,False
"""Rhode Island’s teen binge drinking rate is double the national average.""",false,false,"['false', 'mostly-false', 'pants-fire', 'half-true', 'true']",5,True
"Last year, ""244 suspected terrorists walked into gun shops and attempted to purchase a firearm; 223 were able to get the firearm.""",mostly-true,false,"['false', 'mostly-false', 'half-true', 'pants-fire', 'true', 'mostly-true']",6,True
"""... study after study has shown that the death penalty deters murders.""",half-true,false,"['false', 'mostly-false', 'half-true', 'pants-fire', 'mostly-true', 'true']",6,True
"Research found that ""over the course of the existence of the Brady Bill ban, the use of assault weapons in crimes decreased by two thirds.""",half-true,half-true,"['half-true', 'mostly-true', 'false', 'true', 'mostly-false', 'pants-fire']",6,True
"Says three Ukrainians recently captured on a West Texas ranch are among ""individuals from countries that have strong terrorist ties being apprehended"" near the state’s border with Mexico.",half-true,false,"['false', 'mostly-false', 'half-true', 'pants-fire', 'mostly-true', 'true']",6,True
"""When the mayor of Providence's brother wrote over 100 grand in bad checks to the city, Joe Fernandez didn't have the guts to prosecute him. He let him off the hook.""",pants-fire,false,"['false', 'mostly-false', 'pants-fire', 'half-true', 'true', 'mostly-true']",6,True
The Obama administration shut down the Amber Alert program because of the government shutdown.,false,false,"['false', 'mostly-false', 'pants-fire', 'half-true']",4,True
"It ""is Hillary Clinton's agenda"" to ""release the violent criminals from jail. She wants them all released.""",pants-fire,false,"['false', 'mostly-false', 'pants-fire', 'true']",4,True
“Violent crime in South Bend doubled during Mayor Pete’s tenure.”,mostly-false,false,"['false', 'mostly-false', 'pants-fire', 'half-true', 'true']",5,True
"“If I didn’t INSIST on having the National Guard activate and go into Kenosha, Wisconsin, there would be no Kenosha right now.”",pants-fire,false,"['false', 'pants-fire', 'mostly-false', 'true', 'half-true']",5,True
Idaho shooting suspect Wess Roley faced criminal charges and had a no-contact order from his family.,false,false,"['false', 'pants-fire', 'mostly-false', 'true']",4,True
"""In 2010, 48,000 felons and fugitives lied and illegally tried to purchase guns. They [The Obama administration] prosecuted only 44 of them.""",mostly-true,false,"['false', 'mostly-false', 'pants-fire', 'half-true', 'true', 'mostly-true']",6,True
"Rifles “were involved in 297 deaths” in the U.S. in 2022 and “constipation killed 2,167.”",false,false,"['false', 'pants-fire', 'mostly-false']",3,True
"My ""border security efforts have led to a 60 percent  decrease in border crime.""",pants-fire,false,"['false', 'pants-fire', 'mostly-false', 'true', 'half-true']",5,True
"""The vast, overwhelming majority of [crimes that occur with a firearm] are committed by people who don’t legally possess that firearm in the first place.""",mostly-true,false,"['false', 'mostly-false', 'pants-fire', 'half-true', 'true', 'mostly-true']",6,True
Seattle authorities are investigating a string of serial killings.,false,false,"['false', 'pants-fire', 'mostly-false']",3,True
"""Just last May, the Department of Justice inspector general found that these (‘sanctuary city’) policies also violate federal law.""",mostly-false,false,"['false', 'mostly-false', 'half-true', 'pants-fire', 'true', 'mostly-true']",6,True
"""I brought down crime more than anyone in this country -- maybe in the history of this country -- while I was mayor of New York City."" -",mostly-false,false,"['false', 'mostly-false', 'pants-fire', 'true', 'half-true']",5,True
"Says North Carolina Rep. Renee Ellmers was the only Republican to vote against ""an amendment to prioritize the deportation of sexual criminals who are illegal immigrants.""",half-true,false,"['false', 'mostly-false', 'half-true', 'mostly-true', 'pants-fire', 'true']",6,True
"The Super Bowl has ""one of the highest levels of human sex trafficking activity of any event in the country.""",mostly-false,false,"['false', 'mostly-false', 'pants-fire', 'half-true', 'true']",5,True
"Sen. Kamala Harris is ""supporting the animals of MS-13.""",pants-fire,false,"['false', 'pants-fire', 'mostly-false']",3,True
"""90% of Americans want national background checks that close loopholes.""",true,true,"['true', 'false', 'mostly-true', 'half-true', 'mostly-false', 'pants-fire']",6,True
"Nevada is No. 1 in unemployment, violent crime, car theft, divorce, robberies and foreclosures.",mostly-true,false,"['false', 'mostly-false', 'pants-fire', 'half-true', 'true']",5,False
"""I'm well aware that medical marijuana is a recognized, medical, viable treatment for this sort of [pancreas] pain condition.""",false,false,"['false', 'mostly-false', 'pants-fire', 'half-true']",4,True
"Says Hillary Clinton ""wants sanctuary cities.""",mostly-true,false,"['false', 'mostly-false', 'half-true', 'pants-fire', 'mostly-true', 'true']",6,True
"""You can absolutely get a gun if you have several felonies as long as you buy it on the Internet or at a gun show.""",half-true,false,"['false', 'mostly-false', 'pants-fire', 'half-true', 'true']",5,True
"Raphael Warnock ""called police thugs, then cut their funding.""",mostly-false,false,"['false', 'mostly-false', 'pants-fire', 'half-true']",4,True
"""It was revealed in court” on Feb. 23, 2022 “that Tory Lanez DNA WAS NOT found on the weapon in the Meg Thee Stallion case.""",false,false,"['false', 'mostly-false', 'pants-fire', 'half-true', 'true', 'mostly-true']",6,True
"Says the ""bones of children"" were found on Jeffrey Epstein’s island.",false,false,"['false', 'pants-fire', 'mostly-false']",3,True
"""We fixed a loophole in the (gun) background record check system so that we could make our commonwealth safer.""",true,mostly-true,"['mostly-true', 'true', 'half-true', 'false', 'mostly-false', 'pants-fire']",6,True
"""In the last five years, 28,000 people have been killed along the U.S.-Mexico border.""",false,false,"['false', 'mostly-false', 'pants-fire', 'true', 'half-true']",5,True
"""Three of the 11 most violent cities in the U.S. are in Missouri — St. Louis, Kansas City, and Springfield.""",half-true,false,"['false', 'mostly-false', 'true', 'half-true', 'mostly-true', 'pants-fire']",6,True
"Says Leah Vukmir ""wrote a letter seeking leniency for a fellow state legislator convicted of sexual assault.""",mostly-true,false,"['false', 'true', 'mostly-false', 'half-true', 'pants-fire']",5,False
"""We have killed lots of innocent people in the state of Texas.""",false,false,"['false', 'mostly-false', 'pants-fire', 'half-true', 'true']",5,True
“They are trying to make it illegal to question the results of a bad election.”,false,false,"['false', 'pants-fire', 'mostly-false']",3,True
Three white former police officers were sentenced to less prison time — combined — for killing three Black people than a Black man was for selling marijuana.,half-true,false,"['false', 'mostly-false', 'half-true', 'pants-fire', 'true', 'mostly-true']",6,True
"""Here are the stats: Per population, we kill each other with guns at a rate 297x more than Japan, 49x more than France, 33x more than Israel.""",mostly-true,true,"['true', 'false']",2,False
"""The average age a child is trafficked into the commercial sex trade industry is between 11 and 14 years old.""",half-true,false,"['false', 'mostly-false', 'half-true', 'true', 'mostly-true', 'pants-fire']",6,True
"""It is shocking to me that Police Commissioner Richard Ross and Mayor Jim Kenney allowed this illegal occupation to go on for hours without taking any action to enforce the law…""",false,false,"['false', 'mostly-false', 'pants-fire', 'half-true', 'true']",5,True
"El Paso is the ""safest city in the state of Texas, safest city in the United States.""",half-true,false,"['false', 'mostly-false', 'pants-fire', 'half-true', 'true', 'mostly-true']",6,True
"On Jan. 6, 2021, 274 FBI agents were “probably acting as agitators and insurrectionists, but certainly not as ‘law enforcement officials.’”",pants-fire,false,"['false', 'mostly-false', 'pants-fire', 'half-true', 'true']",5,True
"""Florida is now the No. 1 state in the country for automobile accident fraud.""",mostly-true,mostly-true,"['mostly-true', 'false', 'half-true', 'true', 'mostly-false', 'pants-fire']",6,True
"""There are hit squads being trained all over this country” to violently oppose a second term for President Donald Trump.",false,false,"['false', 'pants-fire', 'mostly-false', 'true']",4,True
A 0.05 standard for drunken driving means having a glass of wine at dinner could make a person drunk.,mostly-true,mostly-true,"['mostly-true', 'false', 'half-true', 'true', 'mostly-false', 'pants-fire']",6,True
"""It is a greater crime to have an untagged alligator than to host an open house party (for kids).""",true,false,"['false', 'mostly-false', 'pants-fire', 'half-true', 'true', 'mostly-true']",6,True
"""Ten percent of violent deaths in the U.S. each year are due to strangulation.""",mostly-false,false,"['false', 'mostly-false', 'pants-fire', 'true', 'half-true']",5,True
"In Parkland, Fla. ""the mass murderer was immersed in Islamic and leftwing hate.""",pants-fire,false,"['false', 'pants-fire', 'mostly-false']",3,True
"""The crime decline in the United States would be fairly small if it wasn't for the crime decline in New York City.""",false,false,"['false', 'mostly-false', 'pants-fire', 'half-true']",4,True
"Says Debbie Wasserman Schultz ""going to mental hospital after what she did overnight desperate to escape arrest.""",pants-fire,false,"['false', 'pants-fire', 'mostly-false']",3,True
"""From the release of a child rapist from the Dominican Republican to that of an Italian drug smuggler, Philadelphians have already been put in direct danger by Mayor Kenney’s policy of blocking local law enforcement from participating with federal immigration authorities.""",mostly-false,false,"['false', 'mostly-false', 'half-true', 'pants-fire', 'mostly-true', 'true']",6,True
"""Parents that go to school board meetings"" and question the curriculum are being ""flagged by the Department of Justice and the FBI for attending a meeting.""",false,false,"['false', 'mostly-false', 'pants-fire', 'true']",4,True
"""Political violence, it's just a statistical fact that it's a bigger problem on the left.”",mostly-false,false,"['false', 'mostly-false', 'pants-fire', 'half-true', 'mostly-true', 'true']",6,True
"""This type of mass violence does not happen in other advanced countries. It doesn’t happen in other places with this kind of frequency.""",mostly-false,false,"['false', 'mostly-false', 'half-true', 'pants-fire', 'mostly-true', 'true']",6,True
"""$53 million a week is coming across the border in drugs.""",mostly-true,false,"['false', 'half-true', 'mostly-false', 'mostly-true', 'pants-fire', 'true']",6,True
Says El Chapo testified in court that he paid off Nancy Pelosi to keep the U.S.-Mexico border open for drug cartels.,pants-fire,false,"['false', 'mostly-false', 'pants-fire']",3,True
"""Our larger domestic threat is from racial supremacist groups.""",false,false,"['false', 'mostly-false', 'half-true', 'pants-fire', 'mostly-true', 'true']",6,True
"""By the time I finish this speech, two Americans will be slain, six women will be raped, 27 of us will be robbed, and 50 more will be beaten.""",mostly-true,false,"['false', 'mostly-false', 'pants-fire', 'half-true', 'true']",5,False
"Says George Floyd’s criminal history includes “23 arrests,” “3 car thefts” and many violent crimes.",false,false,"['false', 'mostly-false', 'pants-fire', 'true', 'half-true']",5,True
"""The job [of correctional officer] lowers your life expectancy . . . Metropolitan did a study in, I believe it was 1998, and the life expectancy was 58.""",false,false,"['false', 'pants-fire', 'mostly-false', 'true']",4,True
"Huckabee ""granted 1,033 pardons and commutations . . . more clemencies than the previous three governors combined.""",true,true,"['true', 'false']",2,True
Says Nancy Pelosi was arrested after ripping a copy of the State of the Union speech.,pants-fire,false,"['false', 'pants-fire']",2,True
"""Gangs have increased by 40 percent since this president was elected.""",half-true,false,"['false', 'mostly-false', 'half-true', 'pants-fire', 'mostly-true', 'true']",6,True
Says the Obama administration catches and releases nonviolent illegal immigrants.,half-true,false,"['false', 'mostly-false', 'pants-fire', 'half-true', 'true', 'mostly-true']",6,True
"Female students at UVA ""have a 20 percent chance of being sexually assaulted.""",mostly-false,false,"['false', 'mostly-false', 'pants-fire', 'half-true', 'true']",5,True
"In states that have private-sale background checks for handguns ""49 percent fewer women are shot and killed.""",half-true,false,"['false', 'half-true', 'mostly-true', 'mostly-false', 'true', 'pants-fire']",6,True
"""No other city in America did what (New York) did. We reduced murders by 50%, reduced police shootings to historic lows, reduced the number of people incarcerated by nearly 40%.""",mostly-true,false,"['false', 'mostly-false', 'half-true', 'mostly-true', 'pants-fire', 'true']",6,True
"""Defendants charged with producing, directing or promoting an obscene sexual performance by a child will be arraigned & set free.""",mostly-true,false,"['false', 'mostly-false', 'pants-fire', 'half-true', 'true']",5,False
"Says Paul Manafort’s alleged crimes were ""years ago, before Paul Manafort was part of the Trump campaign.""",mostly-false,false,"['false', 'mostly-false', 'pants-fire', 'half-true', 'true']",5,True
“Florida man charged with a hate crime” for defacing pride crosswalk.,mostly-false,false,"['false', 'mostly-false', 'half-true', 'pants-fire', 'true']",5,True
"“On (Josh) Stein’s watch, rapes in North Carolina are up 53%.”",mostly-false,false,"['false', 'mostly-false', 'pants-fire', 'half-true', 'true']",5,True
“Portland is burning to the ground.”,false,false,"['false', 'mostly-false', 'pants-fire', 'true']",4,True
"""Clinton campaign official arrested by FBI on child rape/trafficking charges""",false,false,"['false', 'pants-fire', 'mostly-false']",3,True
“President Obama and Vice President Biden never even tried to fix this (police reforms) during their eight-year period.”,false,false,"['false', 'mostly-false', 'pants-fire', 'true']",4,True
"""Studies have shown that voter fraud is non-existent in Texas.""",false,false,"['false', 'mostly-false', 'pants-fire', 'half-true', 'true']",5,True
"Because of violence spreading from Mexico, ""you’ve got bullets hitting the city hall in El Paso. You’ve got bombs exploding in El Paso.""",half-true,false,"['false', 'half-true', 'mostly-false', 'true', 'pants-fire', 'mostly-true']",6,True
"""‘The largest bust in U.S. history’ 412 Muslims arrested from Michigan!""",false,false,"['false', 'mostly-false', 'pants-fire', 'half-true', 'true']",5,True
Says carbon monoxide is still employed to euthanize dogs and cats in 29 Texas animal shelters.,true,true,"['true', 'false', 'half-true', 'mostly-false', 'mostly-true', 'pants-fire']",6,True
"The stories from women saying he groped or forced himself on them ""largely have been debunked.""",false,false,"['false', 'mostly-false', 'pants-fire', 'true']",4,True
"Says ""Nancy Pelosi came out in favor of MS-13.""",false,false,"['false', 'mostly-false', 'pants-fire']",3,True
Georgia ranks No. 9 in the rate of women murdered by men.,true,true,"['true', 'false', 'mostly-true', 'mostly-false', 'half-true', 'pants-fire']",6,True
"Says Travis County Sheriff Sally Hernandez ""declared that she would not detain known criminals accused of violent crimes.""",pants-fire,false,"['false', 'mostly-false', 'half-true', 'pants-fire', 'true', 'mostly-true']",6,True
"""Seventy four percent of Californians are absolutely against sanctuary state"" policies.",false,false,"['false', 'mostly-false', 'pants-fire', 'true', 'half-true']",5,True
"Rhode Island's graduated driving license ""has saved hundreds of lives.""",false,false,"['false', 'mostly-false', 'half-true', 'mostly-true', 'true', 'pants-fire']",6,True
"Says Beto O’Rourke ""has a criminal record that includes DWI and burglary arrests.""",true,false,"['false', 'mostly-false', 'true', 'half-true', 'pants-fire', 'mostly-true']",6,True
Crime statistics “no longer include data from 30% of the country including the biggest and most violent cities.”,false,false,"['false', 'mostly-false', 'pants-fire', 'half-true', 'mostly-true', 'true']",6,True
Three churches were targeted during arson attacks over the summer “because they protect unborn babies and women in need.”,mostly-false,false,"['false', 'mostly-false', 'pants-fire', 'half-true', 'true']",5,True
"""Elijah Cummings’ house was broken into after Trump publicly attacked him on Twitter.""",false,false,"['false', 'pants-fire', 'mostly-false', 'true']",4,True
"The Justice Department has been investigating fraud in Minnesota “for months. So far, we have charged 98 individuals.”",half-true,false,"['false', 'mostly-false', 'half-true', 'true', 'pants-fire', 'mostly-true']",6,True
"Violent crime in Manhattan is ""now at a record level.""",false,false,"['false', 'pants-fire', 'mostly-false']",3,True
"""At a minimum, 40 percent of those who view child pornography end up molesting children as a result.""",mostly-false,false,"['false', 'mostly-false', 'half-true', 'pants-fire', 'mostly-true', 'true']",6,True
The Bipartisan Safer Communities Act led to “a 12% reduction in urban homicides in this country.”,half-true,true,"['true', 'false', 'half-true', 'mostly-true', 'mostly-false']",5,True
"Speaking about Hillary Clinton: “I didn’t say, ‘Lock her up.’ ”",pants-fire,false,"['false', 'pants-fire', 'mostly-false', 'true']",4,True
"""FBI Uniform Crime Report for 2016 shows more than four times as many people were stabbed to death than were killed with rifles of any kind.""",mostly-true,false,"['false', 'mostly-false', 'pants-fire', 'half-true', 'true']",5,False
Caitlyn Jenner “literally killed someone 6 years ago in the streets and was released by a District Attorney.”,mostly-false,false,"['false', 'mostly-false', 'pants-fire', 'true', 'half-true']",5,True
"""The two worst counties for (Medicaid) fraud in the country -- not state -- are Dade and Broward county.""",mostly-true,false,"['false', 'mostly-false', 'half-true', 'mostly-true', 'pants-fire', 'true']",6,True
"""Sixty percent of the auto thefts that we have in (St. Petersburg) are caused by people leaving their keys in the car.""",true,false,"['false', 'true', 'mostly-false', 'half-true', 'pants-fire']",5,True
"""Over 22,000 unique Internet Protocol addresses -- in Wisconsin alone -- have downloaded child pornography.""",mostly-true,false,"['false', 'mostly-false', 'half-true', 'pants-fire', 'mostly-true', 'true']",6,True
"Sarah Palin endorsed a Wasilla policy that charged sexual assault victims for their ""rape kits.""",half-true,half-true,"['half-true', 'false', 'mostly-false', 'mostly-true', 'true', 'pants-fire']",6,True
"Says Virginia, Florida and Georgia are the three states that are the principal source for gun trafficking.",mostly-true,mostly-true,"['mostly-true', 'false', 'half-true', 'mostly-false', 'true', 'pants-fire']",6,True
"""We're pretty much at the 50 percent mark"" on deportations of MS-13 gang members.",false,false,"['false', 'mostly-false', 'pants-fire', 'half-true']",4,True
"Under the House Republican health plan, sexual assault is a pre-existing condition.",mostly-false,false,"['false', 'mostly-false', 'pants-fire', 'half-true']",4,True
"Since parole abolition, Virginia's ""crime rate has fallen to third lowest in the country, our recidivism rate is down 20 percent and that’s the second lowest in the country.""",mostly-true,false,"['false', 'half-true', 'mostly-false', 'mostly-true', 'true', 'pants-fire']",6,True
"""As of 2014, illegal aliens made up roughly 3.5 percent of our population, and committed over 10 percent of all murders.""",mostly-false,false,"['false', 'mostly-false', 'pants-fire', 'true']",4,True
Says George Floyd has “hair in one shot but is bald in the shots of him laying on the ground.”,pants-fire,false,"['false', 'pants-fire', 'mostly-false', 'true']",4,True
“More cops are killed responding to domestic violence calls than anything else.”,false,false,"['false', 'mostly-false', 'pants-fire', 'true']",4,True
"Says ""Ron Johnson calls Social Security a Ponzi scheme and wants to privatize the program.""",half-true,false,"['false', 'half-true', 'mostly-false', 'mostly-true', 'pants-fire', 'true']",6,True
"Chris Koster ""opposed protecting the women of Missouri"" because he ""was one of only four senators to vote against"" a bill ending the practice of making rape victims pay for their own rape kits.",half-true,false,"['false', 'mostly-false', 'half-true', 'true', 'mostly-true', 'pants-fire']",6,True
"""The United States has the highest incarceration rate in the world.""",mostly-true,false,"['false', 'true', 'mostly-false', 'pants-fire', 'half-true']",5,False
"Says Andrew Gillum is running ""from the FBI.""",false,false,"['false', 'mostly-false', 'pants-fire', 'true']",4,True
"""Jasper County in Texas raised property taxes by 7 percent in order to pay for one death penalty case.""",true,false,"['false', 'mostly-false', 'pants-fire', 'true', 'half-true']",5,True
"""The murder rate in our country is the highest it’s been in 47 years.""",false,false,"['false', 'mostly-false', 'pants-fire', 'half-true']",4,True
"California has ""the largest death row in the Western Hemisphere, the largest death row in the United States of America — two times the size of the next largest state: Florida.""",true,true,"['true', 'false', 'mostly-false', 'half-true', 'mostly-true', 'pants-fire']",6,True
"""An organized crime syndicate was extorting money from his (Tom Ganley’s) business, threatening his family, but he fought back and won the FBI's highest civilian award""",true,true,"['true', 'false']",2,True
"Netflix show “Adolescence” is based on Southport, England, knife attacker but the show “race swapped the actual killer from a black man/migrant to a white boy.”",false,false,"['false', 'pants-fire', 'mostly-false', 'true']",4,True
The crime rate in some Atlanta neighborhoods has dropped by 35 to 51 percent.,false,false,"['false', 'mostly-false', 'half-true', 'pants-fire', 'true', 'mostly-true']",6,True
Felony crimes in the city of Atlanta are the lowest they have been since 1969.,true,true,"['true', 'false']",2,True
"Under the Hate Crimes bill, ""any pastor, preacher, priest, rabbi or imam who gives a sermon out of their moral traditions about sexual practices could be found guilty of a federal crime.""",false,false,"['false', 'mostly-false', 'pants-fire', 'true', 'half-true', 'mostly-true']",6,True
"""There was almost a 70 percent reduction in police-related shootings under my tenure because of training, supervision and policy decisions.""",half-true,false,"['false', 'mostly-false', 'half-true', 'mostly-true', 'pants-fire', 'true']",6,True
"Police defunding is to blame for “skyrocketing murder rates” in Philadelphia, Minneapolis, Portland, New York City, Chicago, Los Angeles and Washington, D.C.",mostly-false,false,"['false', 'mostly-false', 'half-true', 'pants-fire', 'true']",5,True
"Says President Donald Trump ""cut funding from the Justice Department to investigate these domestic terrorist groups, these white supremacist groups.""",mostly-false,false,"['false', 'mostly-false', 'pants-fire', 'half-true']",4,True
"""Las Vegas shooting witnesses report multiple gunmen dressed as security guards.""",pants-fire,false,"['false', 'mostly-false', 'pants-fire', 'half-true', 'true', 'mostly-true']",6,True
"""Florida man on drugs kills imaginary friend and turns himself in.”",pants-fire,false,"['false', 'pants-fire']",2,True
"By clicking on a link from a fake USPS text message, “you are sending your precise location to sex traffickers in your local area” so they can kidnap you.",false,false,"['false', 'mostly-false', 'pants-fire']",3,True
"Secure Communities ""has a proven track record of enhancing public safety by focusing on violent offenders and those that pose a threat to our communities and our national security.""",half-true,half-true,"['half-true', 'mostly-true', 'false', 'mostly-false', 'true']",5,True
"""What has happened since 2005? We’ve seen violent crime continuously go down"" due to Florida's ""stand your ground"" law.",mostly-false,false,"['false', 'mostly-false', 'pants-fire', 'half-true', 'true']",5,True
"Says the fertilizer plant that exploded in West, Texas,""had not been inspected by the state of Texas since 2006.""",false,false,"['false', 'mostly-false', 'pants-fire', 'half-true', 'mostly-true', 'true']",6,True
Police made ‘no arrests’ of protesters who blocked Durham Freeway,false,false,"['false', 'mostly-false', 'pants-fire', 'half-true', 'true', 'mostly-true']",6,True
"""According to a recent study from the University of California Riverside, (sanctuary) cities with these policies have more violent crime on average than those that don’t.""",mostly-false,false,"['false', 'mostly-false', 'pants-fire', 'half-true', 'true']",5,True
"The slaying of two Israeli embassy employees in Washington, D.C., is a false flag.",pants-fire,false,"['false', 'pants-fire']",2,True
"""When I was U.S. Attorney we wound up putting 10 percent of the state Legislature in jail during my seven years.""",false,false,"['false', 'mostly-false', 'pants-fire', 'half-true']",4,True
"Says Georgia’s 5th congressional district, represented by John Lewis, is ""in horrible shape and falling apart (not to mention crime infested).""",mostly-false,false,"['false', 'mostly-false', 'half-true', 'pants-fire', 'true']",5,True
"Sharron Angle supported ""a Scientology plan to give massages to prisoners.""",half-true,false,"['false', 'half-true', 'mostly-false', 'mostly-true', 'pants-fire', 'true']",6,True
"""The White House fully cooperated with the Special Counsel’s investigation.""",false,false,"['false', 'mostly-false', 'pants-fire', 'half-true']",4,True
"Gov. Scott Walker is helping pay for the criminal defense of a man accused of ""boy rape.""",pants-fire,false,"['false', 'pants-fire', 'mostly-false', 'true']",4,True
"""Almost half of all vehicles stolen in Texas each year had keys left inside.""",false,false,"['false', 'mostly-false', 'pants-fire', 'half-true', 'true', 'mostly-true']",6,True
"""Toledo … is fourth in the nation behind much bigger cities — Miami, Las Vegas, Portland — in number of human trafficking arrests and rescues.""",mostly-false,false,"['false', 'mostly-false', 'half-true', 'pants-fire', 'true', 'mostly-true']",6,True
"""(Jeff) Atwater's busy helping his friends and wasting our tax dollars -- $48 million for a government building so lavish it's dubbed the 'Taj Mahal,' $100,000 for a golf musuem, and $110 million to build a private prison to help a big contributor.""",false,false,"['false', 'mostly-false', 'pants-fire', 'half-true', 'true', 'mostly-true']",6,True
"""In Atlanta, since 1994 when the ‘Seven Deadly Sins’ (mandatory minimum sentences) took effect, the violent crime rate has dropped 62 percent.""",mostly-true,true,"['true', 'false', 'mostly-true', 'half-true', 'mostly-false']",5,True
"Says 85 percent of Milwaukee shootings involve ""people with extensive criminal records shooting other people with extensive criminal records.""",half-true,half-true,"['half-true', 'false', 'mostly-true', 'mostly-false', 'pants-fire', 'true']",6,True
"""Ohioans want an end to pay-to-play politics.""",false,false,"['false', 'mostly-false', 'pants-fire', 'half-true', 'true', 'mostly-true']",6,True
"An X post that said, “I did it” was “the last thing O.J. Simpson tweeted before he passed.”",false,false,"['false', 'pants-fire', 'mostly-false']",3,True
"""We've got 40 years of study now that show that, with a good preschool start, you're less likely to be on public dole, you're less likely to be in prison.""",mostly-true,true,"['true', 'mostly-true', 'half-true', 'false', 'mostly-false']",5,True
"Says Gov. Rick Perry has been ""begging"" for the federal government to send the Coast Guard to patrol two lakes on the U.S.-Mexico border.",false,false,"['false', 'mostly-false', 'half-true', 'pants-fire', 'true', 'mostly-true']",6,True
"""In Chicago, they've had thousands of shootings, thousands since Jan. 1. Thousands of shootings.""",true,false,"['false', 'mostly-false', 'pants-fire', 'half-true', 'true']",5,True
Says he took down the mob in Northeast Ohio,mostly-false,true,"['true', 'false', 'mostly-true']",3,False
"""The attorney general requires that rape victims pay for the rape kit.""",pants-fire,false,"['false', 'mostly-false', 'pants-fire', 'true']",4,True
"""In 2008, when Flint had 265 sworn officers on their police force, there were 35 murders and 91 rapes in this city. In 2010, when Flint had only 144 police officers, the murder rate climbed to 65, and rapes … climbed to 229.""",half-true,false,"['false', 'half-true', 'mostly-false', 'pants-fire', 'true', 'mostly-true']",6,True
"Says NBC News reported that Hillary Clinton ""covered up elite pedophile ring at state department.""",false,false,"['false', 'pants-fire', 'mostly-false']",3,True
"If Milwaukee approves reducing its maximum forfeiture for marijuana possession to $50, the city would have ""23 different bicycle violations that have a higher forfeiture.""",half-true,half-true,"['half-true', 'false', 'mostly-true', 'mostly-false', 'true', 'pants-fire']",6,True
"""The conviction rate is almost exactly the same"" for whites and blacks who commit murder.",false,false,"['false', 'mostly-false', 'pants-fire', 'true', 'half-true']",5,True
"""There are nearly 500,000 registered sex offenders across the country and at any one time about 100,000 are unaccounted for.""",mostly-false,false,"['false', 'mostly-false', 'pants-fire', 'half-true', 'true', 'mostly-true']",6,True
"Says Marco Rubio said that ""felons should not have their voting rights restored"" but that ""convicted felons should be allowed to own guns after they have done their time.""",false,false,"['false', 'mostly-false', 'pants-fire', 'half-true', 'true', 'mostly-true']",6,True
Says Donald Trump “proposes cutting a half a billion dollars of local police support.”,mostly-true,false,"['false', 'mostly-false', 'half-true', 'true', 'mostly-true', 'pants-fire']",6,True
Vice President Kamala Harris “even wants to legalize fentanyl.”,false,false,"['false', 'mostly-false', 'pants-fire', 'true']",4,True
"North Carolina could save ""literally tens of millions of dollars"" if it stopped prosecuting 16-year-olds as adults.",mostly-true,true,"['true', 'mostly-true', 'half-true', 'false', 'mostly-false']",5,True
"""The U.S. gun homicide rate is 20 times the combined rate of other western nations.""",mostly-true,false,"['false', 'true', 'mostly-false', 'half-true', 'mostly-true', 'pants-fire']",6,True
"""Everywhere that we have more citizens carrying guns, crime is less. There's a study showing that where states have open carry or concealed carry, but particularly open carry, the crime is down 25 percent.""",mostly-false,false,"['false', 'mostly-false', 'pants-fire', 'half-true', 'true']",5,True
"The ""House-passed budget proposal could cut funding for programs that help keep local neighborhoods safe, slash more than $1.7 million in anti-terror funds for Ohio.""",true,true,"['true', 'mostly-true', 'false', 'half-true', 'mostly-false', 'pants-fire']",6,True
"""You're more likely to be the victim of a violent crime in Milwaukee than in 96 percent of the country.""",half-true,false,"['false', 'half-true', 'mostly-false', 'mostly-true', 'pants-fire', 'true']",6,True
"A University of Texas ""student pulled out a concealed handgun"" on a knife-wielding suspect ""and made him back down.""",pants-fire,false,"['false', 'mostly-false', 'pants-fire', 'true']",4,True
"""Biden is adding more IRS agents to investigate your taxes than we have detectives investigating every crime in the country.”",false,false,"['false', 'mostly-false', 'pants-fire', 'half-true', 'true']",5,True
"""In Mobile, it’s something like, 1,700 families generate 80 percent of the crime. We know who those families are.""",half-true,false,"['false', 'mostly-false', 'half-true', 'pants-fire', 'mostly-true', 'true']",6,True
"Says ""Bob Casey voted in favor of deadly sanctuary cities that released thousands upon thousands of illegal alien criminals and vicious gang members to prey on Pennsylvania streets, to prey all over this country.""",false,false,"['false', 'mostly-false', 'pants-fire', 'half-true', 'true']",5,True
"“Arizona was safe” when she moved to the state in 1994, but has become “unsafe.”",false,false,"['false', 'mostly-false', 'half-true', 'pants-fire', 'mostly-true']",5,True
"""Crime is escalating to a level we haven’t seen in decades as a direct result of Democrats’ defund the police movement and Biden-Harris open-border policies.""",false,false,"['false', 'pants-fire', 'mostly-false', 'true', 'half-true']",5,True
"Of the approximately 6 million disenfranchised felons in the United States, ""one-quarter are Floridians.""",mostly-true,false,"['false', 'true', 'mostly-false', 'half-true', 'mostly-true', 'pants-fire']",6,True
A document shows Minnesota shooting victim Renee Good had a record of child abuse.,false,false,"['false', 'pants-fire', 'mostly-false']",3,True
“A dangerous Hispanic couple” is “on the run after killing 3 female police officers.”,false,false,"['false', 'pants-fire', 'true', 'mostly-false']",4,True
"""James Comey Memos just out and show clearly that there was NO COLLUSION and NO OBSTRUCTION""",pants-fire,false,"['false', 'mostly-false', 'pants-fire', 'half-true', 'true']",5,True
"African-Americans don't use drugs at a higher level than whites but ""wind up going to prison six times more.""",mostly-true,half-true,"['half-true', 'false', 'mostly-true', 'mostly-false', 'true', 'pants-fire']",6,True
"""California won’t let law enforcement officers like you and your people transfer prisoners to ICE custody or even to communicate with ICE that you’re about to release them from your custody — people that ICE is looking for.""",mostly-false,false,"['false', 'mostly-false', 'half-true', 'pants-fire', 'true', 'mostly-true']",6,True
"Says Dan Sullivan approved a ""light sentence"" for a sex offender who got out of prison and is now charged with a gruesome murder and sexual assault.",pants-fire,false,"['false', 'mostly-false', 'half-true', 'pants-fire', 'true', 'mostly-true']",6,True
The city of Pembroke Pines doesn't have a vote in a plan to build a detention center in Southwest Ranches.,mostly-false,true,"['true', 'false', 'mostly-false', 'half-true', 'pants-fire', 'mostly-true']",6,True
"A flight from Atlanta to Houston was canceled due to a ""terrorist dry run.""",pants-fire,false,"['false', 'pants-fire', 'mostly-false']",3,True
"Says drug dealers have ""overdosed on purpose"" to avoid prosecution.",false,false,"['false', 'mostly-false', 'pants-fire', 'half-true', 'true']",5,True
"Russia’s interference in the 2016 election amounted to ""a couple of Facebook ads.""",pants-fire,false,"['false', 'pants-fire', 'mostly-false', 'true']",4,True
"""Since the passage of (the Violence Against Women Act), annual rates of domestic violence have dropped by 63 percent.""",half-true,false,"['false', 'half-true', 'mostly-true', 'mostly-false', 'true', 'pants-fire']",6,True
"""Human trafficking is the third-biggest criminal enterprise in the world.""",mostly-true,false,"['false', 'mostly-false', 'half-true', 'mostly-true', 'true', 'pants-fire']",6,True
Scores of politicians and others are on a “list” of sex cases from newly unsealed Ghislaine Maxwell court documents.,false,false,"['false', 'pants-fire', 'mostly-false', 'true']",4,True
"No one “with a concealed carry permit ever committed a mass shooting.""",false,false,"['false', 'pants-fire', 'mostly-false', 'true']",4,True
"""In 2017, we had more marijuana possession arrests in our country than all other violent crimes combined.""",true,false,"['false', 'true', 'mostly-false', 'half-true', 'pants-fire']",5,True
"Says ""our indicted Attorney General Ken Paxton is back to being the only statewide official in the country under indictment.""",true,false,"['false', 'true', 'mostly-false', 'half-true', 'pants-fire', 'mostly-true']",6,True
"""Recent news reports indicate DWI crashes in Austin dropped 23 percent since ridesharing entered the market.""",mostly-true,false,"['false', 'mostly-false', 'half-true', 'pants-fire', 'mostly-true', 'true']",6,True
"Donald Trump staged the shooting at his rally in Butler, Pennsylvania.",pants-fire,false,"['false', 'pants-fire', 'mostly-false']",3,True
“I cooperated far more” than Joe Biden in the classified documents investigations.,pants-fire,false,"['false', 'pants-fire', 'mostly-false']",3,True
"""Black people are eight times more likely to be arrested than white people"" in Madison.",half-true,false,"['false', 'mostly-false', 'half-true', 'mostly-true', 'pants-fire', 'true']",6,True
“The 9/11 Memorial in NYC was just defaced with graffiti.”,false,false,"['false', 'pants-fire']",2,True
"""No one was taken into custody"" for feeding the homeless.",mostly-true,false,"['false', 'true', 'mostly-false', 'half-true', 'mostly-true', 'pants-fire']",6,True
"""A number of Democrats running for governor want to cut the prison population by 50%"" and ""that would require the release of thousands of violent felons.""",half-true,false,"['false', 'half-true', 'mostly-false', 'mostly-true', 'pants-fire', 'true']",6,True
"Say a ""left wing extremist, chases down, rams car over Trump bumper sticker.""",mostly-true,false,"['false', 'mostly-false', 'pants-fire', 'half-true', 'true']",5,False
"Says ""the No. 2 cause of death in the U.S. (for) women under 50 is being killed by their spouse or domestic partner.""",false,false,"['false', 'mostly-false', 'pants-fire', 'true']",4,True
"""Republicans want to restore #gunrights to felons""",mostly-true,false,"['false', 'mostly-false', 'half-true', 'pants-fire', 'true']",5,False
Say North Carolina Gov. Roy Cooper was arrested for driving while intoxicated in Stanly County.,false,false,"['false', 'pants-fire', 'mostly-false']",3,True
"Says El Paso was named America’s ""Safest Large City"" a year after San Antonio, Houston and Dallas had the nation’s highest crime rates.",mostly-false,false,"['false', 'mostly-false', 'half-true', 'true', 'mostly-true', 'pants-fire']",6,True
"Says when Bernie Sanders was in college, Sanders said ""something very similar"" to what conservative Wisconsin Supreme Court Justice Rebecca Bradley had written as a college student in the 1990s -- that ""women have a legitimate role in date rape.""",half-true,half-true,"['half-true', 'false', 'mostly-true', 'true', 'mostly-false']",5,True
"“Both murderers in Texas were not only illegals, but gang members” and were “most likely tied to MS-13.”",false,false,"['false', 'mostly-false', 'pants-fire']",3,True
"A record number of immigrants not from Mexico are ""being apprehended at the border.""",true,false,"['false', 'true', 'mostly-false', 'half-true', 'mostly-true', 'pants-fire']",6,True
"""African Americans are three to four times more likely to be arrested for drug crimes, and nine times more likely to be imprisoned.""",mostly-true,false,"['false', 'mostly-false', 'half-true', 'pants-fire', 'mostly-true', 'true']",6,True
"Democrats ""booed families of children murdered by MS13.""",pants-fire,false,"['false', 'pants-fire', 'true']",3,True
"""Hollywood is #1 in Broward homicides in 2013. Thanks Chief Fernandez!""",half-true,false,"['false', 'mostly-false', 'pants-fire', 'half-true', 'true']",5,True
The city of Atlanta ranks 25th among U.S. cities with the highest crime rates.,half-true,false,"['false', 'half-true', 'mostly-true', 'mostly-false', 'true', 'pants-fire']",6,True
"New York is ""leading the nation with the lowest imprisonment rate of any large state”",true,true,"['true', 'false', 'mostly-true', 'half-true', 'mostly-false']",5,True
"Says ""About 7 in 10 of Oregon’s inmates are in prison for violent crimes and serious sex offenses.""",true,true,"['true', 'false']",2,True
"Says ""in our gun laws we’re allowing domestic abusers to sidestep this ban on getting a gun. The loophole allows a convicted abuser to walk into a gun show and walk out with a gun, no questions asked.""",true,false,"['false', 'mostly-false', 'half-true', 'true', 'pants-fire', 'mostly-true']",6,True
"Says the Central Park Five ""admitted their guilt.""",mostly-false,false,"['false', 'mostly-false', 'pants-fire', 'true', 'half-true']",5,True
"""Super Bowl Sunday has the highest rate of domestic violence.""",pants-fire,false,"['false', 'pants-fire', 'mostly-false']",3,True
"""We are now seeing a decrease in violent crime.""",true,true,['true'],1,True
"Says Raphael Warnock ""ran over his wife"" and was ""arrested for obstructing an investigation into child abuse.""",mostly-false,false,"['false', 'mostly-false', 'pants-fire']",3,True
"""Under the federal Controlled Substance Act, marijuana is listed in the same Schedule I as heroin,"" even though ""marijuana is not a killer drug like heroin.""",mostly-true,false,"['false', 'mostly-false', 'half-true', 'mostly-true', 'true', 'pants-fire']",6,True
Says he led the fight to add 200 new police officers to make the City of Milwaukee safer.,half-true,false,"['false', 'mostly-false', 'half-true', 'mostly-true', 'pants-fire', 'true']",6,True
"""There have been multiple media reports about (Donald Trump's) business dealings with the mob, with the mafia.""",true,false,"['false', 'mostly-false', 'half-true', 'pants-fire', 'true', 'mostly-true']",6,True
"""Hillary in hiding as police discover dead body hidden in Huma Abedin’s dumpster.""",false,false,"['false', 'pants-fire', 'mostly-false']",3,True
"Says the United States has the highest incarceration rate in the world with 2.3 million inmates, and the majority of Americans are imprisoned because they sold small amounts of drugs.",half-true,half-true,"['half-true', 'false', 'mostly-false', 'mostly-true', 'true', 'pants-fire']",6,True
"""Husbands rarely beat up their wives. Single women get beaten up more.""",half-true,half-true,"['half-true', 'false', 'mostly-false', 'mostly-true', 'true', 'pants-fire']",6,True
"""Many firearms experts determined the Las Vegas shooter’s use of a bump stock actually prevented more casualties and (injuries) due to its inconsistency, inaccuracy, and lack of control.""",false,false,"['false', 'mostly-false', 'half-true', 'pants-fire', 'mostly-true', 'true']",6,True
"In Wisconsin, ""deaths from domestic violence are at the highest in 10 years.""",true,true,"['true', 'false']",2,True
"""There are over 2,000 crimes recorded per 100,000 population in the U.K.,"" compared to ""466 violent crimes per 100,000"" in the United States.",false,false,"['false', 'mostly-false', 'pants-fire', 'half-true', 'true']",5,True
"Says Beto O’Rourke described police as ""modern-day Jim Crow.""",mostly-false,false,"['false', 'mostly-false', 'pants-fire', 'true', 'half-true', 'mostly-true']",6,True
"""Since I was elected, crime rates have been at their lowest in over a decade.""",mostly-true,false,"['false', 'mostly-false', 'half-true', 'true', 'mostly-true', 'pants-fire']",6,True
"Transporting drugs ""is the price of admission"" for people crossing the border illegally.",pants-fire,false,"['false', 'pants-fire', 'mostly-false', 'half-true', 'true']",5,True
"""Saturday's shootings reflect a disturbing trend. Mass shootings have become commonplace since the Virginia Tech massacre in 2007. There have been dozens of incidents where three or more people have been fatally wounded. Hundreds have died.""",half-true,true,"['true', 'half-true', 'mostly-true', 'false', 'mostly-false', 'pants-fire']",6,True
"Says Measure 11 is ""one of the most significant reasons"" for decrease in violent crime.",mostly-true,false,"['false', 'mostly-false', 'half-true', 'mostly-true', 'pants-fire', 'true']",6,True
"""Police discover meth lab in back room of Alabama Walmart.""",pants-fire,false,"['false', 'pants-fire']",2,True
"""There's no evidence that white supremacists were responsible for what happened on Jan. 6. That's a lie.”",false,false,"['false', 'pants-fire', 'mostly-false', 'true']",4,True
"Says Charlie Crist signed ""the nation’s harshest marijuana laws.""",mostly-false,false,"['false', 'mostly-false', 'pants-fire', 'half-true', 'true']",5,True
"Says in Chicago, ""we take more guns off the streets than New York or L.A.""",true,true,"['true', 'false', 'mostly-false', 'half-true', 'mostly-true', 'pants-fire']",6,True
"""In the states that allow open carry, violent crime was 23 percent lower.""",half-true,false,"['false', 'mostly-false', 'pants-fire', 'half-true', 'true']",5,True
"Antonio Villaraigosa's ""recklessness (as mayor of Los Angeles)  ... left no funding to test 7,000 rape kits, putting public safety at risk.""",false,false,"['false', 'mostly-false', 'half-true', 'pants-fire', 'mostly-true', 'true']",6,True
"There were ""63 murders this weekend"" in Chicago and Mayor Rahm Emanuel’s legacy is ""more murders in his city than ever before.""",pants-fire,false,"['false', 'mostly-false', 'pants-fire', 'true', 'half-true']",5,True
"""Foster children are disproportionately victims of identity theft.""",false,false,"['false', 'mostly-false', 'half-true', 'pants-fire', 'mostly-true', 'true']",6,True
"Laurie Monnes Anderson ""voted to let violent criminals out of jail early.""",mostly-true,false,"['false', 'mostly-false', 'pants-fire', 'half-true', 'mostly-true', 'true']",6,True
“We’re facing situations these days where you have to have two officers in the evidence room in case there’s an accidental (fentanyl) exposure.”,true,true,"['true', 'false', 'mostly-true']",3,True
"Domestic violence ""is seen as a pre-existing"" health condition and ""women had to pay 50 percent more for health care because of gender ratings,"" but under Obamacare, ""all of that is over.""",half-true,half-true,"['half-true', 'mostly-true', 'false', 'mostly-false', 'true', 'pants-fire']",6,True
"The Las Vegas shooting was the ""273rd mass shooting"" in the United States so far in 2017.",half-true,false,"['false', 'half-true', 'mostly-false', 'pants-fire', 'mostly-true', 'true']",6,True
"""Crime in Atlanta is down 18 percent since 2009.""",true,true,['true'],1,True
"In 2016, there were 5,570 people in Wisconsin ""who committed crimes on probation and they were not revoked.""",half-true,false,"['false', 'half-true', 'mostly-false', 'mostly-true', 'pants-fire', 'true']",6,True
"Says Donald Trump ""thinks stop-and-frisk is fine.""",true,true,"['true', 'false']",2,True
"""Since the passage of Proposition 47 by voters in 2014 and the signing of AB 109 in 2011, violent crime has been on the rise in California, up 12 percent in 2015 statewide according to the FBI.""",half-true,false,"['false', 'mostly-false', 'half-true', 'pants-fire', 'mostly-true', 'true']",6,True
"Says the ""South African Government is now seizing land from white farmers"" and alleges a ""large scale killing of farmers"" in the country.",mostly-false,false,"['false', 'mostly-false', 'pants-fire', 'half-true', 'true']",5,True
"Says getting ex-cons to successfully return to society is important ""so we are not always faced constantly with recidivism, which is a big problem in the penitentiary today – in the 70 to 80 percent range.""",pants-fire,false,"['false', 'pants-fire', 'mostly-false', 'true', 'half-true']",5,True
"""More whites than blacks are victims of deadly police shootings.""",half-true,false,"['false', 'mostly-false', 'pants-fire', 'half-true', 'true']",5,True
"Says that in Illinois, ""fewer than 20% of those actually deported have been charged with any serious crime.""",mostly-true,true,"['true', 'false', 'half-true', 'mostly-false', 'mostly-true', 'pants-fire']",6,True
"""In Catherine Cortez Masto's last term as attorney general, Nevada murder went up 11 percent, robbery went up 28 percent, rape 51 percent. When Cortez Masto left office, Nevada ranked as America's third most dangerous state.""",mostly-false,false,"['false', 'mostly-false', 'pants-fire', 'half-true', 'true', 'mostly-true']",6,True
"During Gov. Hochul’s tenure, there has been “more crime on our streets.”",mostly-true,false,"['false', 'mostly-false', 'half-true', 'pants-fire', 'mostly-true', 'true']",6,True
"""President Obama became the first president since Carter to leave the White House with a smaller federal prison population than when he took office.""",true,true,"['true', 'false', 'mostly-true']",3,True
"""Brock Turner’s early release will be a regular occurrence if Prop. 57 passes.""",mostly-false,false,"['false', 'mostly-false', 'half-true', 'pants-fire', 'true', 'mostly-true']",6,True
"""PEDOPHILIA is now LEGAL in CALIFORNIA. Now a 21 year old can have sex with an 11 year old, and not be listed on the sex registry as a sex offender.""",pants-fire,false,"['false', 'pants-fire', 'true', 'mostly-false']",4,True
"About ""3 percent of murders and crimes are committed with guns from people who actually (legally) purchase those guns.""",half-true,false,"['false', 'mostly-false', 'half-true', 'pants-fire', 'mostly-true', 'true']",6,True
"""In 1992, the Democratic Party had in their platform provisions that said that illegal aliens were coming in this country, committing felonies, sent back and then they were right back across the border to do the same thing.""",mostly-true,false,"['false', 'mostly-false', 'half-true', 'pants-fire', 'true', 'mostly-true']",6,True
"""We’ve had a dramatic drop in violent crime since this law (‘stand your ground’) has been in effect.""",half-true,false,"['false', 'mostly-false', 'half-true', 'mostly-true', 'true', 'pants-fire']",6,True
A test last month at the MAX station at 162nd Avenue and East Burnside saw crime down 41 percent compared with December 2009,mostly-true,mostly-true,"['mostly-true', 'true', 'half-true', 'false', 'mostly-false']",5,True
"""The law says ... when a police officer stops you, do whatever he says and then deal with it later.""",false,false,"['false', 'mostly-false', 'half-true', 'pants-fire', 'mostly-true', 'true']",6,True
"Chicago city officials ""have adopted an official policy of protecting criminal aliens who prey on their own residents.""",false,false,"['false', 'mostly-false', 'pants-fire', 'half-true', 'true', 'mostly-true']",6,True
"Says Hillary Clinton ""is the one that labeled African-American youth as ‘superpredators.’""",mostly-true,false,"['false', 'mostly-false', 'half-true', 'pants-fire', 'mostly-true', 'true']",6,True
"Austin mayoral candidate Steve Adler has ""never been active in anything that has to do with City Hall.""",pants-fire,false,"['false', 'mostly-false', 'pants-fire', 'half-true', 'true', 'mostly-true']",6,True
"Action by the Milwaukee County Board will ""provide the County Executive with the same level of security as the Governor and the Mayor of Milwaukee while saving taxpayers $300,000.""",pants-fire,false,"['false', 'pants-fire', 'mostly-false', 'true', 'half-true']",5,True
On Gov. Tony “Evers’ watch…the efficiency of the state crime lab has plummeted.”,mostly-false,false,"['false', 'mostly-false', 'half-true', 'pants-fire', 'mostly-true', 'true']",6,True
"From 2014 to 2015, Austin’s ""murder rate is up a whopping 83 percent.""",mostly-false,false,"['false', 'mostly-false', 'pants-fire', 'half-true', 'true']",5,True
"""The city of… is being warned to be alert & vigilant as there is a serial killer on the run,”  Robert Thibodeau.",false,false,"['false', 'pants-fire', 'mostly-false']",3,True
"""Only half of the murders in the city of St. Louis get solved.""",true,false,"['false', 'half-true', 'mostly-false', 'true', 'pants-fire', 'mostly-true']",6,True
"U.S. and Virginia murders are ""usually gangbangers killing gangbangers.""",false,false,"['false', 'mostly-false', 'pants-fire', 'half-true']",4,True
"""It’s nothing I do, but the probation office here in the Eastern District of Missouri is the best in the country. They have about a 7.5% recidivism rate, compared to national averages of 70 or 80%""",half-true,false,"['false', 'mostly-false', 'half-true', 'mostly-true', 'pants-fire', 'true']",6,True
"""One out of every five law enforcement officers that's killed is killed with an assault weapon.""",mostly-true,false,"['false', 'mostly-false', 'half-true', 'mostly-true', 'pants-fire', 'true']",6,True
California law lets you “rob a store as long as it’s not more than $950” and “not get charged.” Kamala Harris “did that.”,false,false,"['false', 'mostly-false', 'pants-fire', 'true', 'half-true']",5,True
"""Only in the Third World do you see this habitual use of prosecutions of former leaders.”",false,false,"['false', 'mostly-false', 'pants-fire', 'true']",4,True
"""When we passed (the stand your ground law), we said it portends horrific events when people's lives were put into these situations.""",true,true,"['true', 'false']",2,True
"Says Milwaukee County Executive Chris Abele ""eliminated"" sheriff’s office funding for providing security for presidential and presidential campaign visits.",half-true,false,"['false', 'half-true', 'mostly-true', 'mostly-false', 'true', 'pants-fire']",6,True
"A Scott Rothstein victim says that he was ""swindled"" by Charlie Crist.",pants-fire,false,"['false', 'mostly-false', 'pants-fire', 'half-true', 'true', 'mostly-true']",6,True
"""I’m running the second-largest county district attorney’s office … at 1985 staffing levels.""",half-true,half-true,"['half-true', 'false', 'mostly-false', 'mostly-true', 'true', 'pants-fire']",6,True
"Says Ted Cruz ""never denied"" his father was photographed with Lee Harvey Oswald.",pants-fire,false,"['false', 'mostly-false', 'pants-fire', 'true']",4,True
"""Violent crime is now going down for the first time in a long while.""",mostly-false,false,"['false', 'mostly-false', 'half-true', 'pants-fire', 'mostly-true', 'true']",6,True
"""In New England, Rhode Island has the second highest number of police officers being assaulted.""",mostly-false,false,"['false', 'mostly-false', 'pants-fire', 'half-true', 'true']",5,True
"""Switzerland (where the government) issues every household a gun . . . has the lowest gun related crime rate of any civilized country in the world!!!""",pants-fire,false,"['false', 'pants-fire', 'mostly-false', 'true']",4,True
"""The UK has an unarmed police force and a firearm fatality rate that is 40 times lower per capita than in the U.S.""",mostly-true,false,"['false', 'true', 'mostly-false', 'half-true', 'pants-fire', 'mostly-true']",6,True
“Epstein List” shows 166 people connected to convicted sex offender Jeffrey Epstein.,false,false,"['false', 'pants-fire', 'mostly-false', 'true', 'half-true']",5,True
"Says Travis County Sheriff Greg Hamilton has accepted $42,000 from strip-club interests and $10,000 from local alcohol distributors.",mostly-true,false,"['false', 'mostly-false', 'half-true', 'true', 'mostly-true', 'pants-fire']",6,True
Says she never tweeted comments linking pedophilia and Islam.,pants-fire,false,"['false', 'pants-fire', 'mostly-false', 'true']",4,True
"""How many people have with a concealed carry permit have committed a crime in Virginia? ...The answer is zero.""",false,false,"['false', 'pants-fire', 'mostly-false', 'true']",4,True
"Regarding sexual assault against women, ""It’s actually safer not to be in college than it is to be in college.""",mostly-false,false,"['false', 'mostly-false', 'pants-fire', 'half-true', 'true']",5,True
"""25% of human trafficking victims are located in Texas.""",pants-fire,false,"['false', 'mostly-false', 'true', 'half-true', 'pants-fire', 'mostly-true']",6,True
"Says Tallahassee ""is experiencing a five-year low in our crime rate.""",mostly-true,false,"['false', 'mostly-false', 'half-true', 'mostly-true', 'true', 'pants-fire']",6,True
"""There's no statistical evidence that"" a waiting period for handgun purchases ""reduces violence whatsoever.""",mostly-true,false,"['false', 'half-true', 'mostly-false', 'mostly-true', 'pants-fire', 'true']",6,True
Aaron Salter Jr. was killed by a mass shooter because he was working on creating a water-powered car engine.,false,false,"['false', 'mostly-false', 'pants-fire', 'true']",4,True
“California store owner prices all items at $951 so thieves can be prosecuted.”,false,false,"['false', 'pants-fire', 'true']",3,True
“Joe Biden called Black youth super predators.”,false,false,"['false', 'pants-fire', 'mostly-false']",3,True
Says Oregon ranks 30th in the nation with regard to its incarceration rate.,true,false,"['false', 'true', 'mostly-false', 'half-true', 'mostly-true', 'pants-fire']",6,True
"It's ""not true"" that since he's been the president, executions in Iran have increased by four times.",false,false,"['false', 'pants-fire', 'mostly-false', 'true']",4,True
"""It’s against the law in Texas to let any loaded gun get in the hands of a child.""",true,false,"['false', 'true', 'mostly-false', 'half-true', 'mostly-true', 'pants-fire']",6,True
"""Reporters have uncovered another Scott company accused of criminal acts. But Scott won't come clean.""",false,false,"['false', 'mostly-false', 'pants-fire', 'half-true', 'true', 'mostly-true']",6,True
"Says ""one in four women and one in seven men have been victims of domestic violence in their lifetime.""",true,true,['true'],1,True
"President Donald Trump ""announced that he would reinstate a national day of remembrance for fallen officers that the traitor before him had done away with.""",pants-fire,false,"['false', 'pants-fire', 'mostly-false']",3,True
"Says the impeachment of President Donald Trump would be the first in U.S. history ""without a specific criminal statute or crime that the president who is impeached would have allegedly committed.""",half-true,false,"['false', 'mostly-false', 'true', 'half-true', 'pants-fire', 'mostly-true']",6,True
"""You have to have congressional authority"" to close Guantanamo Bay prison.",mostly-true,false,"['false', 'mostly-false', 'half-true', 'mostly-true', 'pants-fire', 'true']",6,True
"""We give (foreign aid) to developing countries, and 70 percent of it's stolen off the top.""",false,false,"['false', 'mostly-false', 'half-true', 'pants-fire', 'true']",5,True
"""Roughly 25% of RI has a criminal record""",pants-fire,false,"['false', 'pants-fire', 'mostly-false', 'true']",4,True
Says the Obamas are connected to the Varsity Blues college admissions scandal.,false,false,"['false', 'pants-fire', 'mostly-false']",3,True
"""As Alaska’s attorney general, (U.S. Senate candidate Dan) Sullivan successfully fought to protect our Second Amendment rights and passed ‘stand your ground.’ """,false,false,"['false', 'mostly-false', 'half-true', 'pants-fire', 'mostly-true', 'true']",6,True
"""Even members of the NRA, when they were polled recently, were under the impression that everyone has a criminal background check.""",mostly-true,false,"['false', 'mostly-false', 'half-true', 'pants-fire', 'mostly-true', 'true']",6,True
"""Under Abbott, Texas leads the nation in rape offenses while the rate of arrests for rape has fallen by nearly half.""",mostly-true,false,"['false', 'mostly-false', 'half-true', 'pants-fire', 'mostly-true', 'true']",6,True
"""Well over 90 percent of felony cases, all over the nation, are committed by defendants who grew up in father-absent households.""",mostly-false,false,"['false', 'mostly-false', 'pants-fire', 'true', 'half-true']",5,True
"Says David Clarke reduced the number of Milwaukee County sheriff's deputies ""from about 700 and something to 300 and something.""",half-true,false,"['false', 'mostly-false', 'half-true', 'mostly-true', 'pants-fire', 'true']",6,True
"The Justice Department has been “calling parents that are concerned about what their kids are being taught, they are labeling them terrorists.”",false,false,"['false', 'mostly-false', 'pants-fire']",3,True
"""Violent crime is up since the last year of Sharpe James’ administration. This year it’s higher. … The unemployment rate is almost 15 percent. The high school dropout rate is over 50 percent.""",half-true,false,"['false', 'mostly-false', 'half-true', 'pants-fire', 'mostly-true', 'true']",6,True
“There is a serial killer in Cincinnati.” Seven bodies were found “chopped up.”,false,false,"['false', 'pants-fire']",2,True
"As a mayor, ""John Fetterman chased down an innocent, unarmed Black man,"" wielded a shotgun and ""falsely accused the man, triggering a confrontation with police.""",mostly-true,false,"['false', 'mostly-false', 'pants-fire', 'half-true', 'true']",5,False
"""In 2012, 123 African-Americans were shot dead by police. ... Same year, 326 whites were killed by police.""",mostly-false,false,"['false', 'mostly-false', 'pants-fire', 'half-true', 'true']",5,True
"""A black person is four times as likely as a white person to be incarcerated for the exact same crime.""",mostly-false,false,"['false', 'mostly-false', 'half-true', 'pants-fire', 'true']",5,True
"Says Mark Pocan’s proposal to eliminate the U.S. Immigration and Customs Enforcement (ICE) would ""eliminate border enforcement.""",pants-fire,false,"['false', 'mostly-false', 'pants-fire', 'half-true', 'true']",5,True
"""Team Trump has accused Ted Cruz of fraud"" in Iowa, Texas, Colorado, Oklahoma, Louisiana, Kansas, Maine, Utah and Wisconsin.""",half-true,false,"['false', 'mostly-false', 'half-true', 'pants-fire', 'mostly-true', 'true']",6,True
"""We have seized more currency, more drugs, more outbound arms in the past year than any year in our country’s history.""",half-true,half-true,"['half-true', 'mostly-true', 'false', 'mostly-false', 'true', 'pants-fire']",6,True
"""Semi-automatic weapons, whether pistol or rifle, were designed for use by the military on the battlefield.""",false,false,"['false', 'mostly-false', 'pants-fire', 'half-true', 'true']",5,True
"""Neighborhoods have become more violent"" under President Barack Obama's ""watch.""",mostly-false,false,"['false', 'mostly-false', 'half-true', 'pants-fire', 'true', 'mostly-true']",6,True
"""More than one person, on average, a day is murdered in Philadelphia.""",half-true,half-true,"['half-true', 'false', 'mostly-true', 'mostly-false']",4,True
"More ""than 80 percent of sex trafficking victims in America are U.S. citizens.""",half-true,false,"['false', 'mostly-false', 'half-true', 'true', 'mostly-true', 'pants-fire']",6,True
"Georgia has more than 700 law enforcement agencies, and fewer than 20 percent of them are state-certified.",mostly-true,false,"['false', 'half-true', 'mostly-false', 'mostly-true', 'true', 'pants-fire']",6,True
“Violent crime is near a record 50-year low.”,true,true,"['true', 'false', 'mostly-true']",3,True
"The Milwaukee County sheriff’s department  ""plays only a limited role as a traditional law enforcement agency"" and in 2009 reported far fewer crimes to the FBI than the University of Wisconsin-Milwaukee police did.",half-true,mostly-true,"['mostly-true', 'half-true', 'false', 'mostly-false', 'true', 'pants-fire']",6,True
"""The truth is David Cicilline voted for tougher laws against child abusers, domestic abusers and abusers of the elderly.""",true,true,['true'],1,True
"Even though Chicago has ""the most stringent gun laws on the books,"" it still ""has the highest murder rate"" in the country.",half-true,false,"['false', 'half-true', 'mostly-false', 'mostly-true', 'true', 'pants-fire']",6,True
"The Rhode Island Parole Board ""never received an objection from the attorney general"" to the parole of  convicted murder Alfred Brissette.",true,false,"['false', 'true', 'mostly-false', 'half-true', 'mostly-true', 'pants-fire']",6,True
"""50% of the DUIs on Interstate 35 are from illegals. Ninety percent of the 50% have absolutely no identification.""",pants-fire,false,"['false', 'pants-fire', 'mostly-false', 'true']",4,True
"The mass shooting in Buffalo, New York was a “false flag event.”",pants-fire,false,"['false', 'pants-fire', 'mostly-false']",3,True
"""Animal abuse is often an indicative trait of future acts of violence against humans.""",true,true,"['true', 'false']",2,True
"For every $1 spent on afterschool programs, ""we can save over $5, almost $6, in crime costs down the line.""",half-true,false,"['false', 'half-true', 'mostly-false', 'pants-fire', 'true', 'mostly-true']",6,True
"""I deployed the Texas National Guard"" to the Texas-Mexico border. ""And the policy worked; apprehensions at the border declined 74 percent.""",mostly-false,false,"['false', 'mostly-false', 'half-true', 'true', 'mostly-true', 'pants-fire']",6,True
"Federal law for Obamacare navigators ""does not bar — or even require screening for — convicted felons, including individuals convicted of identity theft or fraud.""",half-true,false,"['false', 'mostly-false', 'pants-fire', 'half-true', 'true', 'mostly-true']",6,True
"""The American murder rate is 50 times that of any other developed nation.""",false,false,"['false', 'mostly-false', 'pants-fire', 'half-true']",4,True
Says his Texas election fraud investigations have resulted in 50 convictions.,half-true,false,"['false', 'mostly-false', 'half-true', 'true', 'mostly-true', 'pants-fire']",6,True
"Says 194 people were killed in mass shootings in 2018 while undocumented immigrants killed 83,211 people.",false,false,"['false', 'pants-fire', 'mostly-false', 'true']",4,True
"A ""ghost bus … filled with FBI informants dressed as Trump supporters deployed onto our Capitol on January 6th.”",false,false,"['false', 'pants-fire', 'mostly-false', 'true']",4,True
"There were ""50 percent more murders"" in Orlando and Orange County, Fla., last year ""than in all of Sweden.""",mostly-true,false,"['false', 'mostly-false', 'pants-fire', 'half-true', 'true', 'mostly-true']",6,True
"""In the eight years that I was mayor, (there was a) nearly 50 percent drop in violent crime, gang crime — crime went down because we grew our police department, we focused on constitutional community policing, we did some of the most innovative prevention, intervention, job re-entry programs in the nation.""",mostly-true,true,"['true', 'mostly-true', 'half-true', 'false', 'mostly-false']",5,True
"In 2009, the FBI ""referred more than 71,000"" cases of people failing background checks when trying to buy a gun to another federal agency, ""but U.S. attorneys ultimately prosecuted only 77 of them.""",half-true,half-true,"['half-true', 'mostly-true', 'false', 'true', 'mostly-false', 'pants-fire']",6,True
"""The homicide rate in Baltimore is significantly higher than El Salvador, Honduras, Guatemala. ...  I believe it’s higher than Afghanistan.""",half-true,false,"['false', 'true', 'mostly-false', 'half-true', 'pants-fire', 'mostly-true']",6,True
The Buffalo protester pushed to the ground “had been previously arrested 300 times. 82 times for incitement. Riots is what he does for a living.”,false,false,"['false', 'mostly-false', 'pants-fire', 'true']",4,True
"Right now, if Rhode Island police come across a young person with a gun, ""they really don't legally have the right to take it away from them.""",half-true,false,"['false', 'mostly-false', 'pants-fire', 'half-true']",4,True
"""To call what happened on January 6 an armed insurrection, I just think is not accurate.""",pants-fire,false,"['false', 'pants-fire', 'mostly-false', 'true']",4,True
"University of Texas students ""signed a petition seeking the legal right to abort newborn babies up to five-years-old.""",half-true,false,"['false', 'pants-fire', 'mostly-false', 'half-true', 'true']",5,True
"Statistics show ""you are about nine times more likely to be assaulted by a taxi driver"" in Austin than a driver for a ride-hailing service.",pants-fire,false,"['false', 'mostly-false', 'pants-fire', 'half-true', 'true']",5,True
"Rhode Island is ""almost dead last"" among Northeastern states in the length of time first-degree murderers must spend in prison before they’re eligible for parole.",true,false,"['false', 'mostly-false', 'half-true', 'mostly-true', 'pants-fire', 'true']",6,True
Says drug cartels are using social media to offer rebates so more children from Central America get smuggled to the United States.,mostly-false,false,"['false', 'mostly-false', 'half-true', 'pants-fire', 'mostly-true', 'true']",6,True
"""Washington has incentivized the militarization of local police precincts.""",true,false,"['false', 'mostly-false', 'half-true', 'mostly-true', 'pants-fire', 'true']",6,True
"Democrat Stephen Webber ""voted to allow sex offenders to be within 500 feet of childcare centers and playgrounds, and even voted to allow sex offenders to be coaches.""",mostly-false,false,"['false', 'mostly-false', 'half-true', 'pants-fire', 'mostly-true', 'true']",6,True
"""Only Duterte’s Philippines and Trump’s United States of America have money bail.""",mostly-true,false,"['false', 'mostly-false', 'half-true', 'mostly-true', 'pants-fire', 'true']",6,True
"""It was a 100 percent lie that (Donald Trump’s) election unleashed anti-Semitism. … Hundreds of Jewish community centers had bomb threats called in. To the best of our knowledge to this day, 90 percent of them were called in by an American Jewish kid living in Israel, and the other 10 percent were a black radical who was trying to impress his girlfriend.""",half-true,false,"['false', 'mostly-false', 'half-true', 'pants-fire', 'mostly-true', 'true']",6,True
People are participating in “National Rape Day’” on April 24.,false,false,"['false', 'pants-fire', 'mostly-false', 'true']",4,True
"“Police budgets are at their highest they've ever been, there hasn’t actually been any defunding the police.”",mostly-false,false,"['false', 'mostly-false', 'half-true', 'pants-fire', 'mostly-true', 'true']",6,True
"“Maxine Waters just introduced a bill to re-name Memorial Day — George Floyd Day.""",pants-fire,false,"['false', 'pants-fire', 'mostly-false']",3,True
"""We continue to see these isolated incidents of people trying to vote five, six times a day.""",false,false,"['false', 'pants-fire', 'mostly-false', 'true']",4,True
We’ve reduced crime to its lowest level in 27 years.,true,true,['true'],1,True
"""Bill White spent his city billions of dollars into debt (and) saw crime rates soar while he backed gun control.""",mostly-false,false,"['false', 'mostly-false', 'half-true', 'pants-fire', 'true', 'mostly-true']",6,True
"""Two years ago Providence alone spent $50,000 a year notifying the school department"" about residents in the state's sex offender registry.",half-true,false,"['false', 'true', 'mostly-false', 'half-true', 'mostly-true', 'pants-fire']",6,True
"""Missouri, in general, has more crime, percentage-wise, than the rest of the country. So, we are seeing overall crime throughout the country is going down but not here in Missouri.""",half-true,false,"['false', 'mostly-false', 'half-true', 'pants-fire', 'true', 'mostly-true']",6,True
"""According to the state of Florida, you are almost twice as likely to be attacked by an alligator than by someone who happens to carry a conceal-and-carry permit.""",mostly-false,false,"['false', 'mostly-false', 'pants-fire', 'half-true', 'true', 'mostly-true']",6,True
"""We lose an average of 90 Americans every day because of guns.""",mostly-true,false,"['false', 'true', 'mostly-false', 'half-true', 'mostly-true', 'pants-fire']",6,True
"Providence has ""the lowest crime rate in three decades.""",true,false,"['false', 'mostly-false', 'half-true', 'mostly-true', 'true', 'pants-fire']",6,True
"""Some of the safest communities in the United States are along the border.""",mostly-true,mostly-true,"['mostly-true', 'true', 'half-true', 'false', 'mostly-false', 'pants-fire']",6,True
"""There have been at least 100 shootings each year [Angel Taveras] has been mayor"" of Providence.",mostly-true,false,"['false', 'mostly-false', 'pants-fire', 'half-true']",4,False
"""Once a woman enters into the sex trade, her average life expectancy is seven years.""",false,false,"['false', 'pants-fire', 'mostly-false']",3,True
"In the U.S., “you’re not allowed to own a machine gun.”",mostly-false,false,"['false', 'pants-fire', 'mostly-false', 'true']",4,True
"""In 2016, counties hosting a Trump rally saw a 226% spike in hate crimes.""",half-true,false,"['false', 'mostly-false', 'half-true', 'pants-fire', 'mostly-true', 'true']",6,True
"Gov. Charlie Crist ""sought for and got approved the automatic restoration of felon rights for nonviolent offenders for the first time in Florida history.""",false,false,"['false', 'mostly-false', 'true', 'mostly-true', 'half-true', 'pants-fire']",6,True
"""Last year,"" Obama ""administration officials released into our neighborhoods more than 36,000 criminal immigrants who had nearly 88,000 convictions. The crimes included hundreds of convictions for murder, rape and kidnapping and thousands of drug-related crimes.""",half-true,false,"['false', 'mostly-false', 'half-true', 'pants-fire', 'true', 'mostly-true']",6,True
"""Phoenix is already one of the kidnapping capitals of the world.""",false,false,"['false', 'pants-fire', 'mostly-false', 'true']",4,True
"Rhode Island is ""at the top of the country for alcohol-related fatalities.""",mostly-true,mostly-true,"['mostly-true', 'mostly-false', 'false', 'half-true', 'true']",5,True
"""Crime is rising.""",pants-fire,false,"['false', 'mostly-false', 'pants-fire', 'true']",4,True
"In Washington, D.C., “We always have a murder a week.”",false,false,"['false', 'mostly-false', 'pants-fire', 'half-true', 'true', 'mostly-true']",6,True
"Says he's arrested more criminals, ""including thousands of child predators and sex offenders,"" than any previous Texas attorney general.",mostly-true,mostly-true,"['mostly-true', 'true', 'half-true', 'false', 'mostly-false', 'pants-fire']",6,True
"Says Texas has ""had over 600,000 crimes committed by illegals since 2011. Over 1,200 homicides.""",pants-fire,false,"['false', 'pants-fire', 'mostly-false', 'true', 'half-true']",5,True
"A Texas police department bought an ad telling drug dealers, ""We can take your competition off the streets for FREE.""",true,false,"['false', 'true', 'mostly-false', 'pants-fire', 'half-true', 'mostly-true']",6,True
"The “president of Drag Queen Story Hour” was “arrested, charged with child pornography.”",false,false,"['false', 'pants-fire', 'mostly-false']",3,True
"Milwaukee has seen ""an uptick in violence"" since 2010, and ""the only period of calm we get is when winter sets in.""",mostly-true,false,"['false', 'mostly-false', 'half-true', 'mostly-true', 'pants-fire', 'true']",6,True
"Says ""overwhelming majorities of Americans"" support gun legislation ""like background checks.""",mostly-true,true,"['true', 'false', 'mostly-true']",3,True
"""Illegal immigration and the crime rate are as low as they’ve been in decades.""",mostly-true,false,"['false', 'mostly-false', 'half-true', 'pants-fire', 'mostly-true', 'true']",6,True
"""This incident of supposed feces depicting a swastika on the wall of a bathrooms in one of the halls ... has been supported by zero fact.""",pants-fire,false,"['false', 'mostly-false', 'pants-fire', 'half-true', 'true', 'mostly-true']",6,True
"Says Rep. Jon Runyan ""voted to redefine rape.""",false,false,"['false', 'mostly-false', 'pants-fire']",3,True
Says a young Texas rapper charged with capital crimes faces the death penalty but the alleged Santa Fe High School shooter faces prison and then parole after 40 years.,false,false,"['false', 'mostly-false', 'pants-fire', 'true', 'half-true', 'mostly-true']",6,True
“Many law enforcement agencies didn’t submit their (hate crime) data to the FBI.”,true,false,"['false', 'mostly-false', 'half-true', 'mostly-true', 'true', 'pants-fire']",6,True
"""African Americans are twice as likely to be arrested and almost four times as likely to experience the use of force during encounters with the police.""",mostly-true,false,"['false', 'half-true', 'mostly-true', 'mostly-false', 'true', 'pants-fire']",6,True
"""The entire state of Florida led the nation last year with the most prison inmates committing tax fraud.""",true,true,"['true', 'false']",2,True
"""My Treasury team eliminated a 900-case backlog in the Crime Victim Compensation Program.""",true,true,"['true', 'false', 'mostly-true', 'half-true', 'mostly-false', 'pants-fire']",6,True
Says federal law enforcement officers cut off questioning of the Christmas Day underwear bomber by giving him a Miranda warning after 30 minutes of questioning.,half-true,half-true,"['half-true', 'mostly-true', 'false', 'mostly-false', 'true', 'pants-fire']",6,True
"“California Democrats have proposed Bill 553, which makes it ILLEGAL to confront or fight back against looters, burglars and shoplifters.”",false,false,"['false', 'mostly-false', 'pants-fire', 'true']",4,True
"""In 2013,"" Dan Patrick voted ""against funding to test the backlog of rape kits, allowing rapists to walk free.""",pants-fire,false,"['false', 'mostly-false', 'true', 'half-true', 'mostly-true', 'pants-fire']",6,True
"Says Rick Santorum ""voted to let convicted felons vote.""",half-true,false,"['false', 'mostly-false', 'pants-fire', 'half-true', 'true', 'mostly-true']",6,True
"A Joe Biden-Bernie Sanders “unity” policy document shows “they want to abolish our police departments. They want to abolish our prisons, I guess.”",pants-fire,false,"['false', 'mostly-false', 'pants-fire', 'true']",4,True
Georgia has the country’s second highest number of fraudulent tax refund claims.,half-true,half-true,"['half-true', 'mostly-true', 'false', 'mostly-false', 'true', 'pants-fire']",6,True
"Says crime is on the rise in Austin and a new study showed that it “is the No. 1 city in America in the year-to-year percentage increase in murders, with a percentage increase of more than 64% for the first half of this year.”",half-true,false,"['false', 'mostly-false', 'half-true', 'pants-fire', 'mostly-true', 'true']",6,True
"The “Franklin scandal” broke in 1989 “when hundreds of children were apparently flown around the US to be abused by high ranking ‘Establishment’ members.""",false,false,"['false', 'pants-fire', 'mostly-false', 'true']",4,True
“There are people trying to make legal age of consent 4 years old.”,false,false,"['false', 'pants-fire', 'mostly-false', 'true']",4,True
"In the immediate wake of a fire and vandalism at the Madison headquarters of an anti-abortion group, Democrats had not condemned “activists who are engaging in this repugnant illegal activity.”",mostly-false,false,"['false', 'mostly-false', 'pants-fire', 'half-true', 'true', 'mostly-true']",6,True
"""There's a tax credit of $2,400 to bond [former inmates] that an employer would get for hiring a convicted felon. There's a federal bonding program -- you can get $5,000 to $25,000 in federal money to hire a convicted felon. And there's federal grants for felons to set up their own small businesses.""",mostly-false,false,"['false', 'mostly-false', 'half-true', 'pants-fire', 'mostly-true', 'true']",6,True
"""Since 1978, California has spent $5 billion to put 13 people to death.""",mostly-false,false,"['false', 'mostly-false', 'pants-fire', 'true', 'half-true', 'mostly-true']",6,True
"In America, ""more people die from"" prescription narcotic painkillers ""than from heroin and cocaine combined.""",half-true,false,"['false', 'half-true', 'mostly-false', 'mostly-true', 'pants-fire', 'true']",6,True
"""There have been three people tried and convicted by the last administration in military courts. Two are walking the street right now.""",true,true,"['true', 'false']",2,True
"By the end of 2015, more than 1,300 people will have died on Georgia roads. One of out evey four fatalities resulted from drunken driving.",mostly-true,mostly-true,"['mostly-true', 'true', 'false', 'half-true', 'mostly-false', 'pants-fire']",6,True
"""There are more African American men in prison, jail, on probation or parole than were enslaved in 1850.""",true,false,"['false', 'true', 'pants-fire', 'mostly-false']",4,True
"The death penalty ""is a deterrent that does affect and impact people.""",mostly-false,false,"['false', 'mostly-false', 'pants-fire', 'half-true', 'true']",5,True
"In Milwaukee, ""murder is up an astonishing 57 percent.""",mostly-false,false,"['false', 'mostly-false', 'half-true', 'pants-fire', 'mostly-true', 'true']",6,True
"Emails show Democrats, Hillary Clinton and George Soros instigated and orchestrated racial protests in Charlottesville by trying to ""control"" and keep people ""desperate.""",pants-fire,false,"['false', 'pants-fire', 'mostly-false', 'true']",4,True
"Says a study indicates up to $8.5 billion in lost GDP and up to 185,000 lost jobs if Texas lawmakers approve a measure limiting transgender bathroom choices.",mostly-false,false,"['false', 'mostly-false', 'half-true', 'mostly-true', 'pants-fire', 'true']",6,True
"Federal agents directly incited people on Jan. 6, 2021, and ""intentionally entrapped"" American citizens.",false,false,"['false', 'pants-fire', 'mostly-false']",3,True
“Cities in notoriously ‘tough on crime’ states like Texas and Florida saw a more significant increase in violent crime than cities in NYS.”,half-true,false,"['false', 'mostly-false', 'half-true', 'mostly-true', 'true', 'pants-fire']",6,True
"""The Australia bushfires have nothing to do with climate change; it was arson.""",false,false,"['false', 'mostly-false', 'pants-fire', 'true']",4,True
"If the sequester hits, federal prosecutors will have to ""let criminals go.""",mostly-false,false,"['false', 'mostly-false', 'half-true', 'mostly-true', 'pants-fire', 'true']",6,True
The Jeffrey Epstein plea agreement “was a sweetheart plea deal that was made under the Obama administration.”,false,false,"['false', 'mostly-false', 'pants-fire', 'half-true', 'true']",5,True
"""US representatives promise implement of UN gun-control plans""",mostly-false,false,"['false', 'pants-fire', 'mostly-false']",3,True
A person is on film “burning 80 Trump ballots.”,false,false,"['false', 'pants-fire', 'mostly-false', 'true']",4,True
“New California bill charges parents with child abuse for refusing to ‘affirm’ their kid’s gender identity.”,false,false,"['false', 'mostly-false', 'pants-fire', 'half-true']",4,True
"Says ""the most dangerous time for children"" is from ""3 to 6 p.m., during which time juvenile crime rates triple""",half-true,half-true,"['half-true', 'false', 'mostly-true', 'mostly-false', 'pants-fire', 'true']",6,True
"In Cranston, it costs $5,000 to $6,000 to send out community notifications on just one Level 3 sex offender.",false,false,"['false', 'mostly-false', 'pants-fire', 'half-true', 'mostly-true', 'true']",6,True
"Says that ""perpetrators of domestic violence accounted for 54% of mass shootings between 2009 and 2016, according to the advocacy group Everytown for Gun Safety.""",false,false,"['false', 'mostly-false', 'half-true', 'pants-fire', 'mostly-true', 'true']",6,True
"Kamala Harris ""let in the 13,099 convicted murderers and opposes all efforts to find them and to remove them.""",false,false,"['false', 'mostly-false', 'pants-fire', 'half-true', 'true']",5,True
"""58,000 non-citizens voted in Texas, with 95,000 non-citizens registered to vote.""",false,false,"['false', 'mostly-false', 'pants-fire', 'half-true']",4,True
"Says Paul Soglin took Madison backward -- ""businesses have left and murders have gone up.""",mostly-false,false,"['false', 'mostly-false', 'half-true', 'pants-fire', 'mostly-true', 'true']",6,True
"""Maxine Waters Is Getting Criminally Charged!""",false,false,"['false', 'pants-fire', 'mostly-false', 'true']",4,True
"A Republican bill that would change John Doe criminal investigations is ""creating exceptions in the law for politicians.""",mostly-true,mostly-true,"['mostly-true', 'half-true', 'false', 'mostly-false', 'true', 'pants-fire']",6,True
"""Over the past twenty years, the number of homicides committed with a firearm in the United States has decreased by nearly 40 percent. The number of other crimes involving the use of a firearm has also plummeted, declining by nearly 70 percent.""",true,true,['true'],1,True
"""The proportion of Rhode Islanders entering substance abuse treatment primarily due to marijuana use has reached its highest point in 20 years.""",false,false,"['false', 'mostly-false', 'half-true', 'pants-fire', 'mostly-true', 'true']",6,True
"""The FBI is involved in an investigation about people in the Rio Grande Valley who are using cocaine to buy votes.""",mostly-true,false,"['false', 'mostly-false', 'half-true', 'true', 'mostly-true', 'pants-fire']",6,True
"""Inner-city crime is reaching record levels.""",pants-fire,false,"['false', 'mostly-false', 'pants-fire', 'true']",4,True
"Says he ""voted for even stronger protections (in the Violence Against Women Act) than Obama's agenda will allow.""",mostly-false,false,"['false', 'mostly-false', 'half-true', 'mostly-true', 'pants-fire', 'true']",6,True
"""Broward County Sheriff fired for lying about Parkland.""",pants-fire,false,"['false', 'pants-fire', 'mostly-false', 'true']",4,True
"On Jan. 6, 2021, U.S. Capitol “protestors carried no weapons.”",pants-fire,false,"['false', 'pants-fire', 'mostly-false', 'true']",4,True
"Black Lives Matter ""injures 1000 police officers kills 36 people and does $8 billion in damage.""",false,false,"['false', 'pants-fire', 'mostly-false']",3,True
"Says Donald Trump ""says organized crime runs wild on reservations.""",half-true,false,"['false', 'mostly-false', 'pants-fire', 'half-true', 'true']",5,True
"""If you're a terrorist you can't fly,"" but ""an assault weapon you can buy.""",mostly-true,mostly-true,"['mostly-true', 'false', 'mostly-false', 'half-true', 'true', 'pants-fire']",6,True
"""As a result of National Rifle Association and other private-sector (safety-education) programs, fatal firearms accidents are at the lowest level in 100 years.""",half-true,false,"['false', 'mostly-false', 'half-true', 'true', 'mostly-true', 'pants-fire']",6,True
"""There have been no hearings"" on a criminal justice bill being considered in the Senate.",mostly-false,false,"['false', 'mostly-false', 'pants-fire', 'half-true', 'true']",5,True
"In Milwaukee County, juveniles arrested for car theft ""get sent immediately home, because under the point system in juvenile court"" on holding suspects, ""a stolen car gets zero points.""",mostly-false,false,"['false', 'mostly-false', 'half-true', 'pants-fire', 'true', 'mostly-true']",6,True
"An Army report stated Allen West ""performed illegal acts, merited court martial, faced 11 years in prison.'""",half-true,false,"['false', 'mostly-false', 'pants-fire', 'half-true', 'true', 'mostly-true']",6,True
"Says that unless the recipient called back about ""your tax filings,"" you ""will be taken into custody by the local cops as there are more serious allegations pressed on your name.""",pants-fire,false,"['false', 'pants-fire', 'mostly-false']",3,True
"Texas has ""the lowest crime rate in this state since 1968"" because of changes in law regarding nonviolent drug offenders.",half-true,true,"['true', 'mostly-true', 'half-true', 'false', 'mostly-false']",5,True
"Says former President Barack Obama ""pardoned a traitor who gave U.S. enemies state secrets, he also pardoned a terrorist who killed Americans.""",mostly-false,false,"['false', 'mostly-false', 'pants-fire']",3,True
"""If you look at what we’ve done over the last several years, the crime rate has actually gone down in [Providence] and . . . the number of shootings has been going down.""",half-true,mostly-false,"['mostly-false', 'false', 'half-true', 'mostly-true', 'true', 'pants-fire']",6,True
"News interview proves that the Buffalo, New York supermarket shooting was staged.",pants-fire,false,"['false', 'pants-fire', 'mostly-false']",3,True
"""In the city of Milwaukee, we’ve still got a mayor and a police chief who are furloughing police officers at a time when we have violence all across the city.""",mostly-true,mostly-true,"['mostly-true', 'half-true', 'mostly-false', 'false', 'true', 'pants-fire']",6,True
"Says “Lucy McBath voted to release criminals from prison. Murderers, rapists.”",false,false,"['false', 'mostly-false', 'half-true', 'pants-fire']",4,True
"Says Nicole Galloway's campaign “is being bankrolled by the same extremists who want to defund our police.""",false,false,"['false', 'mostly-false', 'pants-fire', 'half-true', 'true']",5,True
Under New York’s Clean Slate Act “violent crimes … will now be automatically sealed after a set time - like they never happened.”,mostly-false,false,"['false', 'mostly-false', 'half-true', 'mostly-true', 'pants-fire', 'true']",6,True
"""Studies have consistently failed to establish the existence of a link between the harshness of a country’s drug laws and its levels of drug use.""",mostly-true,true,"['true', 'mostly-true', 'half-true', 'false', 'mostly-false']",5,True
"""There have been more than 270 mass shootings in the United States in the last year alone. That’s where four or more are killed.""",false,false,"['false', 'mostly-false', 'pants-fire', 'half-true', 'true']",5,True
"Says the Obama administration plans to reduce the number of beds devoted to holding individuals violating immigration laws and to ""release hundreds of dangerous criminals into our communities.""",mostly-false,false,"['false', 'mostly-false', 'half-true', 'pants-fire', 'mostly-true', 'true']",6,True
"Says the proposed Texas Privacy Act ""is very different from"" North Carolina’s law ""in that theirs covers a whole list of things that the Texas Privacy Act does not.""",half-true,mostly-false,"['mostly-false', 'false', 'half-true', 'mostly-true', 'pants-fire', 'true']",6,True
The suspect in the Minnesota lawmakers’ shootings was driven by “Marxist” ideology.,pants-fire,false,"['false', 'mostly-false', 'pants-fire', 'half-true', 'true']",5,True
"Says Cathy Jordan was ""arrested"" and dragged out of her home by ""a SWAT team of hooligans"" for using medical marijuana.",mostly-false,false,"['false', 'mostly-false', 'pants-fire', 'half-true', 'true']",5,True
"""The president has been very clear. All forms of abuse, all forms of battery against women are deplorable and disgusting. ... He’s said that multiple times in the past.""",false,false,"['false', 'mostly-false', 'half-true', 'mostly-true', 'pants-fire', 'true']",6,True
“A proposal in Syracuse would pay gang members $100-$200 per week to stay out of trouble.”,mostly-true,false,"['false', 'mostly-false', 'half-true', 'true', 'pants-fire', 'mostly-true']",6,True
"Preliminary murder rates in Philadelphia ""will put the murder rate at the highest of this decade in the city.""",mostly-false,false,"['false', 'mostly-false', 'pants-fire', 'half-true']",4,True
"""The average rate of fraud"" in the Earned Income Tax Credit, Medicare, Medicaid and food stamps programs ""is 20 to 25 percent.""",pants-fire,false,"['false', 'mostly-false', 'pants-fire', 'true', 'half-true']",5,True
"""You’ve got almost twice as many cops in New York City as you do on our entire border. That’s nuts.""",half-true,half-true,"['half-true', 'false', 'mostly-true', 'mostly-false', 'true', 'pants-fire']",6,True
"""In American history since 9/11, we've had 85 major attacks in our country, 73 percent of them have been by white nationalist hate groups.""",half-true,false,"['false', 'mostly-false', 'half-true', 'mostly-true', 'pants-fire', 'true']",6,True
"Decriminalizing marijuana ""will save the state anywhere from $4 (million) to $11 million dollars.""",false,false,"['false', 'mostly-false', 'half-true', 'mostly-true', 'pants-fire', 'true']",6,True
“QAnon violence! There is none.”,false,false,"['false', 'pants-fire', 'mostly-false', 'true']",4,True
"""Over the last 40 years, this country’s prison population has grown by 500 percent.""",mostly-true,true,"['true', 'false']",2,False
"During his tenure as mayor, he ""saw Houston’s crime rates drop to the lowest levels in more than 25 years.""",true,true,['true'],1,True
"""Virginia Democrats Push Legislation to Make Criticism of Government Officials a Criminal Offense.""",pants-fire,false,"['false', 'mostly-false', 'pants-fire', 'true']",4,True
"""Of all cities in the United States with more than 100,000 people, Providence is the 183rd safest.""",mostly-true,false,"['false', 'mostly-false', 'pants-fire', 'half-true', 'true']",5,False
"Six convictions are connected to an allegation by prosecutors ""that Gov. Scott Walker is at the center of a criminal scheme.""",false,false,"['false', 'mostly-false', 'pants-fire', 'true', 'half-true']",5,True
"Before April 22, ""we have restored the rights of more than 18,000 individuals, which is more than the past seven governors combined in their four-year terms.""",true,true,['true'],1,True
"A ""study showed as many as one in four people have had a package stolen from their residence.""",true,false,"['false', 'true', 'half-true', 'mostly-false', 'mostly-true', 'pants-fire']",6,True
"“Watching the TV footage of those who entered the Capitol. … If you didn't know the TV footage was from Jan. 6, you would actually think it was a normal tourist visit.”",pants-fire,false,"['false', 'pants-fire', 'mostly-false', 'true']",4,True
"""Because of (the 1994 crime bill), we had a 25-year low in crime, a 33-year low in the murder rate, and listen to this, because of that and the background check law, a 46-year low in the deaths of people of gun violence.""",mostly-false,mostly-false,"['mostly-false', 'false', 'half-true', 'mostly-true', 'pants-fire', 'true']",6,True
"“Violent crime (is) at an all-time high.""",false,false,"['false', 'mostly-false', 'pants-fire', 'true']",4,True
"Says a gun bill before the Senate would make it a federal felony to ""leave town for more than seven days, and leave someone else at home with your firearms.""",half-true,false,"['false', 'mostly-false', 'half-true', 'pants-fire', 'true', 'mostly-true']",6,True
"""134,000 (criminal) aliens have been released by the (Obama) administration in just the past two years.""",half-true,false,"['false', 'mostly-false', 'half-true', 'pants-fire', 'true', 'mostly-true']",6,True
"""Last year, there were nine unarmed black people killed (by law enforcement). Nineteen unarmed white people.”",mostly-false,false,"['false', 'mostly-false', 'pants-fire', 'half-true', 'true', 'mostly-true']",6,True
"Mexico is ""now rated the number one most dangerous country in the world.""",mostly-false,false,"['false', 'pants-fire', 'mostly-false', 'true']",4,True
"Says Austin is the ""safest big city in Texas with an unemployment rate under 3% that has been named the best place to live in the entire United States two years running.""",mostly-true,mostly-false,"['mostly-false', 'false', 'half-true', 'mostly-true', 'pants-fire', 'true']",6,True
"Judging by a recent vote, Rep. Debbie Wasserman Schultz ""thinks it's okay for medical marijuana patients to go to federal prison.""",mostly-false,false,"['false', 'mostly-false', 'pants-fire', 'half-true', 'true', 'mostly-true']",6,True
President Trump greenlighted Congress to ramp up Clinton investigation.,pants-fire,false,"['false', 'mostly-false', 'pants-fire']",3,True
"""Florida's new fingerprint identification system is improving our rate of solving cold cases by 300 percent.""",mostly-false,false,"['false', 'mostly-false', 'half-true', 'pants-fire', 'mostly-true', 'true']",6,True
"Says U.S. Sen. Ron Johnson ""threatens citizens with arrest if they continue asking for a town hall.""",pants-fire,false,"['false', 'pants-fire', 'true', 'mostly-false']",4,True
"In Ferguson, Mo., ""you've got three black officers and 50 white officers with a town that is 67 percent African-American.""",mostly-true,true,"['true', 'false', 'half-true', 'mostly-false']",4,False
"""Eric Schneiderman helped NXIVM sell child sex slaves to the Clintons""",pants-fire,false,"['false', 'pants-fire', 'true']",3,True
"Says Michael Screnock ""let a child predator walk without time and let a rapist who preyed on an underage girl go free after only an eight-month sentence.""",mostly-true,false,"['false', 'mostly-false', 'half-true', 'mostly-true', 'pants-fire', 'true']",6,True
"""Earlier this year, [John DePetro] was accused of sexually assaulting a female co-worker.""",pants-fire,false,"['false', 'mostly-false', 'pants-fire', 'half-true', 'true']",5,True
BREAKING: Illegal Muslim From Iran Arrested For Starting California Wildfire,pants-fire,false,"['false', 'pants-fire', 'mostly-false']",3,True
The southern U.S. border “is now open to anyone from anywhere in the world who wishes to enter our country.”,false,false,"['false', 'pants-fire', 'true', 'mostly-false']",4,True
"Says the Central Ohio Human Trafficking Task Force ""is the first task force of its kind in Central Ohio""",mostly-true,false,"['false', 'mostly-false', 'pants-fire', 'half-true', 'mostly-true', 'true']",6,True
Says Merrick Garland is investigating Donald Trump’s “tax evasion case.”,false,false,"['false', 'pants-fire', 'mostly-false']",3,True
"""I've been here almost every day.""",mostly-false,false,"['false', 'mostly-false', 'pants-fire', 'half-true', 'true']",5,True
"""In 2016, an officer was assaulted in America on an average of every 10 minutes.""",mostly-true,false,"['false', 'mostly-false', 'pants-fire', 'half-true', 'true']",5,False
"Says a study shows that children who live with a biological parent and the parent's boyfriend or girlfriend ""have a 20 times greater chance of being sexually abused.""",true,true,"['true', 'false', 'pants-fire', 'half-true', 'mostly-false']",5,True
They were “never my comments” that a woman can’t get pregnant from rape.,half-true,false,"['false', 'mostly-false', 'pants-fire', 'half-true', 'true']",5,True
"""Chicago experienced its deadliest weekend of the year...With 7 dead and 52 wounded near a playground.""",mostly-false,false,"['false', 'mostly-false', 'pants-fire', 'half-true', 'true']",5,True
The officers who beat Tyre Nichols targeted him because he was “allegedly dating” one of their wives.,false,false,"['false', 'pants-fire', 'mostly-false']",3,True
"""When I was growing up as a kid in the city of Milwaukee, if we averaged 4 homicides a year in the entire city that was a record number.""",false,false,"['false', 'mostly-false', 'pants-fire', 'true']",4,True
"""In the last six years of Cianci’s administration violent crime was down in the United States. It was down in the region. It was down in Rhode Island. But it was up in Providence.""",mostly-true,false,"['false', 'mostly-false', 'half-true', 'pants-fire', 'mostly-true', 'true']",6,True
“There’s been a 43% increase in violent crimes since I left office.”,mostly-false,false,"['false', 'mostly-false', 'pants-fire', 'half-true', 'true']",5,True
"Says that each year, about 25,000 American women become pregnant through rape or incest.",half-true,false,"['false', 'mostly-false', 'half-true', 'true', 'mostly-true', 'pants-fire']",6,True
"In Springfield, Ohio, “murders are up by 81%.”",mostly-false,false,"['false', 'mostly-false', 'pants-fire', 'half-true']",4,True
"""Harvard Study Finds States With Most Gun Laws Have Fewest Gun Deaths.""",half-true,false,"['false', 'mostly-false', 'half-true', 'pants-fire', 'true']",5,True
"""A third of the budget for the city of Ferguson (Missouri) was being reaped by civil fines.""",mostly-false,false,"['false', 'mostly-false', 'pants-fire']",3,True
"Says ""Monica Lewinsky Found Dead"" in a burglary.",pants-fire,false,"['false', 'pants-fire']",2,True
"""Crime in Germany is way up.""",false,false,"['false', 'mostly-false', 'pants-fire', 'half-true']",4,True
"Under the current procedure, if someone ""on a terror watch list"" tries to buy a gun, authorities are notified.",half-true,half-true,"['half-true', 'mostly-true', 'false', 'true', 'mostly-false']",5,True
“These mass shootings happen so much that Ted Cruz really got a template ready to tweet whenever they occur.”,false,false,"['false', 'pants-fire', 'mostly-false', 'half-true', 'true']",5,True
"Says Tony Evers ""wants to cut Wisconsin's prison population in half, a dangerous plan that today would mean releasing thousands of violent criminals back into our communities.""",half-true,false,"['false', 'mostly-false', 'half-true', 'pants-fire', 'mostly-true', 'true']",6,True
Suspect in July 28 New York City shooting “was shouting Free Palestine and wearing a Keffiyeh.”,false,false,"['false', 'pants-fire', 'true']",3,True
"""Rick Scott's prison plan would cut Florida's prison budget in half, close prisons, and release tens of thousands of prisoners early -- murderers, rapists, sex offenders, armed robbers, drug dealers.""",mostly-false,false,"['false', 'mostly-false', 'pants-fire', 'half-true', 'true', 'mostly-true']",6,True
"Dozens of artists, including Justin Timberlake, Jay Z and Rihanna, are canceling Florida shows like Stevie Wonder in protest of  ""stand your ground.""",false,false,"['false', 'pants-fire', 'mostly-false', 'true', 'half-true']",5,True
"""You can be an NFL player with murder charges and not be suspended.""",half-true,false,"['false', 'mostly-false', 'pants-fire', 'half-true', 'mostly-true', 'true']",6,True
"""Crime has been getting worse since Jerry Brown was elected governor.""",mostly-false,false,"['false', 'mostly-false', 'half-true', 'mostly-true', 'pants-fire', 'true']",6,True
"""There are so many data that demonstrate that poor people, surprisingly, are less likely to use drugs than people with means.""",false,false,"['false', 'pants-fire', 'mostly-false']",3,True
“Jan. 6 now does look like it was an inside job.”,pants-fire,false,"['false', 'pants-fire', 'mostly-false']",3,True
"California has lower homicide rates than Alabama, Arkansas and Oklahoma.",mostly-true,true,"['true', 'false']",2,False
"Phoenix is the kidnapping capital ""of the Western Hemisphere.""",false,false,"['false', 'pants-fire', 'mostly-false']",3,True
"""There is a 34 percent increase in violent crime in the state of California. … And that’s just within the last year.""",false,false,"['false', 'mostly-false', 'pants-fire']",3,True
"Says imposters in hazmat suits are going door to door in Stockton, Calif., saying they are checking residents for fever or COVID-19, but they “will enter your home and physically attempt robbery.”",false,false,"['false', 'mostly-false', 'pants-fire']",3,True
"""82-year-old who killed a Muslim in self-defense gets the death penalty.""",pants-fire,false,"['false', 'pants-fire', 'true']",3,True
Says Williamson County District Attorney John Bradley reduces 36 percent of felonies to misdemeanors and hands them off to her.,mostly-false,false,"['false', 'mostly-false', 'half-true', 'pants-fire', 'mostly-true', 'true']",6,True
Says Milwaukee County buses are no less safe now than a year or two ago.,mostly-false,false,"['false', 'mostly-false', 'half-true', 'pants-fire', 'mostly-true', 'true']",6,True
“The Biden administration is engaging in human trafficking because they are enabling this to happen” at the southern border.,false,false,"['false', 'pants-fire', 'mostly-false', 'true']",4,True
"""If you are in Las Vegas and you get a knock on your door from NV Power, 2020 Census or CVD-19 testers, do not open your door. They are robbing people at gunpoint.""",false,false,"['false', 'pants-fire', 'mostly-false']",3,True
“My opponent wants to abolish” law enforcement.,false,false,"['false', 'mostly-false', 'pants-fire', 'half-true', 'mostly-true', 'true']",6,True
"A bill backed by Sean Duffy and other House Republicans ""could actually require the Internal Revenue Service to conduct audits of rape victims"" who get an abortion.",false,false,"['false', 'pants-fire', 'mostly-false', 'true', 'half-true']",5,True
"Says ""we brought crime rate down by 30 percent"" when he was mayor of Dallas.",mostly-true,true,"['true', 'false', 'mostly-true', 'mostly-false', 'half-true', 'pants-fire']",6,True
"“When we discovered, I discovered, that we were doing many, many, too many stop and frisks, we cut 95% of it out.”",half-true,false,"['false', 'mostly-false', 'half-true', 'pants-fire', 'mostly-true', 'true']",6,True
Minnesota incarcerates “about a third of what Wisconsin does.”,true,true,"['true', 'false', 'mostly-true']",3,True
"""It costs us about $33,000 a year (on average nationally) to lock somebody up. In California it costs about $75,000 a year.""",true,true,"['true', 'false', 'mostly-true']",3,True
"Germany ""is crime-riddled right now"" because of migration to Europe.",mostly-false,false,"['false', 'mostly-false', 'pants-fire', 'half-true']",4,True
"""I had to lay off 48 people last year,"" which has exacerbated the lack of law enforcement officers in the county that respond quickly to crime calls.",mostly-false,false,"['false', 'mostly-false', 'half-true', 'pants-fire', 'mostly-true', 'true']",6,True
Venezuelan leader Nicolás Maduro “was releasing people from his prisons and sending them to our southern border under the Biden administration.”,false,false,"['false', 'pants-fire', 'mostly-false', 'true']",4,True
"""The number of SWAT raids have gone up by 1,400 percent since the 1980s.""",mostly-true,true,"['true', 'false', 'half-true', 'mostly-false', 'mostly-true']",5,True
Says a Senate resolution would restore $140 in monthly general assistance payments and prevent people from committing crime.,pants-fire,false,"['false', 'mostly-false', 'half-true', 'pants-fire', 'true']",5,True
"Says Milwaukee County Sheriff David Clarke has ""deputies collecting overtime while sitting passively in chairs watching courthouse security personnel work.""",mostly-true,false,"['false', 'mostly-false', 'half-true', 'mostly-true', 'true', 'pants-fire']",6,True
"""Last year, we prosecuted a record number of firearms offenses.""",mostly-true,false,"['false', 'true', 'mostly-false', 'half-true', 'mostly-true', 'pants-fire']",6,True
"Joe Biden “is letting millions of people from jails, from prisons, from insane asylums, from mental institutions, drug dealers pour in.”",pants-fire,false,"['false', 'mostly-false', 'pants-fire', 'true', 'half-true']",5,True
"The shooting at an elementary school in Uvalde County, Texas, was a false flag.",pants-fire,false,"['false', 'pants-fire', 'true']",3,True
"""America’s gun-related homicide rate … would be about the same as Belgium’s if you left out California, Illinois, D.C. and New Jersey, places with some of the strictest gun control laws in the U.S.""",pants-fire,false,"['false', 'mostly-false', 'pants-fire', 'true', 'half-true']",5,True
"""There are approximately 18,000 (police) departments in the United States.""",mostly-true,true,"['true', 'false', 'mostly-false', 'half-true', 'mostly-true', 'pants-fire']",6,True
"Says Rand Paul thinks drug-dealing, theft, burglary and prostitution should be decriminalized.",false,false,"['false', 'pants-fire', 'mostly-false', 'true']",4,True
"""Hate crimes against American Muslims and mosques have tripled after Paris and San Bernardino.""",mostly-true,false,"['false', 'half-true', 'mostly-false', 'mostly-true', 'true', 'pants-fire']",6,True
The No. 1 cause of death for African-American males 15-34 is murder.,true,true,"['true', 'false', 'mostly-false', 'pants-fire', 'half-true']",5,True
"""Every day, 34 Americans are murdered with guns.""",mostly-true,mostly-true,"['mostly-true', 'mostly-false', 'false', 'half-true', 'pants-fire', 'true']",6,True
"There are ""paid protesters"" involved in the Stephon Clark demonstrations.",false,false,"['false', 'mostly-false', 'half-true', 'pants-fire', 'true', 'mostly-true']",6,True
"""I have watched ICE liberate towns from the grasp of MS-13.""",false,false,"['false', 'pants-fire', 'mostly-false', 'true']",4,True
Sullivan County “has the highest opioid death rate in all of New York state” yet “it’s the only county in the Hudson Valley not included in the federal High-Intensity Drug Trafficking Area” program.,mostly-true,false,"['false', 'true', 'mostly-false', 'half-true', 'mostly-true', 'pants-fire']",6,True
"Says House Republicans ""tried to change the definition of rape.""",mostly-false,mostly-false,"['mostly-false', 'false', 'half-true', 'mostly-true', 'pants-fire', 'true']",6,True
Says a Michigan funeral home employee was “cremated by mistake while taking a nap.”,pants-fire,false,"['false', 'pants-fire']",2,True
"Says Rick Scott has ""teamed up with a felon convicted of running a Ponzi scheme to smear Charlie Crist.""",false,false,"['false', 'mostly-false', 'pants-fire', 'half-true', 'mostly-true', 'true']",6,True
Four out of 10 homicides are committed by gun in this city.,true,true,"['true', 'false', 'mostly-true', 'half-true']",4,True
"In the U.S., ""African-Americans continue to be arrested at nearly three and one half times the rate of whites"" on marijuana charges.",true,true,"['true', 'false']",2,True
Hacker Hamza Bendelladj was executed.,false,false,"['false', 'pants-fire', 'mostly-false', 'true']",4,True
"Says Brendan Kelly ""allowed half of the criminals he faced to walk free"" and ""failed to protect women who were violently assaulted,"" allowing ""those guilty of sexual assault to cut inexcusable plea deals.""",mostly-false,false,"['false', 'mostly-false', 'half-true', 'pants-fire', 'mostly-true', 'true']",6,True
A list shows violent crimes in Los Angeles that “people will be set free on as of today.”,false,false,"['false', 'pants-fire', 'true']",3,True
"From 2000 to 2008, we averaged ""about five mass shootings a year. We're now averaging 15. So that's a three-fold increase.""",mostly-false,false,"['false', 'mostly-false', 'half-true', 'pants-fire', 'mostly-true', 'true']",6,True
