statement,true_verdict,predicted_verdict,prediction_set,set_size,is_covered
Says Florida Gov. Rick Scott’s cuts to education are the same as his proposed corporate income tax rate reduction.,mostly-false,false,"['half-true', 'mostly-false', 'false', 'pants-fire']",4,True
Florida has “the second lowest tax burden per capita in the United States.”,mostly-true,true,"['true', 'false']",2,False
"""Governor Scott Cut Taxes 40 Times For Florida Families""",half-true,false,"['true', 'mostly-true', 'half-true', 'mostly-false', 'false', 'pants-fire']",6,True
"""I released way more (tax) information than Bruce Rauner has.""",false,false,"['true', 'mostly-true', 'half-true', 'mostly-false', 'false', 'pants-fire']",6,True
"The IRS ""also investigated liberal groups, groups that had progressive in their name. ... The IRS was basically looking at everybody.""",half-true,false,"['mostly-true', 'half-true', 'mostly-false', 'false', 'pants-fire']",5,True
"Says Barack Obama has pension investments that include Chinese firms, and ""investments through a Caymans trust.""",mostly-true,false,"['mostly-true', 'half-true', 'mostly-false', 'false']",4,True
"“Biden’s tax rate on a family making 75,000 dollars would go from 12% to 25%.”",false,false,"['mostly-false', 'false', 'pants-fire']",3,True
"""The elimination of income and sales taxes in New York is equal to 9 percent of taxable income, meaning that if you make $100,000 a year you lose $9,000""",false,half-true,"['true', 'mostly-true', 'half-true', 'mostly-false', 'false', 'pants-fire']",6,True
"Dan Gecker voted to ""double vehicle registration fees, costing (Chesterfield) county residents over $6 million annually.""",false,false,"['half-true', 'mostly-false', 'false', 'pants-fire']",4,True
"""Scott Walker has given a $10,000 tax deduction to millionaires who send their kids to exclusive private schools.""",mostly-false,false,"['true', 'mostly-true', 'half-true', 'mostly-false', 'false', 'pants-fire']",6,True
Say Gov. Tony Evers ‘canceled’ the sales tax holiday this year,false,false,"['mostly-false', 'false', 'pants-fire']",3,True
"""No president in history has imposed larger personal lifestyle costs on the taxpayer than Donald Trump.""",mostly-false,false,"['half-true', 'mostly-false', 'false', 'pants-fire']",4,True
"""From a standpoint of the county government, neither school system has received an increase in funding over the past six years.""",true,false,"['true', 'half-true', 'mostly-false', 'false', 'pants-fire']",5,True
"Democratic tax hikes led $70 billion of wealth to leave New Jersey between 2004 and 2008, and mainly relocate to Florida, North Carolina, Virginia and Pennsylvania.",mostly-false,false,"['mostly-true', 'half-true', 'mostly-false', 'false', 'pants-fire']",5,True
"""Bob Menendez actually voted in favor of higher taxes more than 70 times!""",mostly-false,false,"['half-true', 'mostly-false', 'false', 'pants-fire']",4,True
"""If you have an investment for your child's education or own a mutual fund or a stock in a retirement plan, (Obama) is going to raise your taxes.""",false,false,"['mostly-false', 'false', 'pants-fire']",3,True
“In Congress Ron DeSantis pushed a 23% national sales tax.”,half-true,false,"['mostly-false', 'false', 'pants-fire']",3,False
"""In Springfield, Susana Mendoza voted to hit working families with a massive new soda tax.""",mostly-false,false,"['half-true', 'mostly-false', 'false', 'pants-fire']",4,True
"""Grateful insurance company executives and their lobbyists"" from Bermuda gave McCain $50,000.",true,true,"['true', 'false']",2,True
"""Americans will spend more on taxes in 2014 than they will on food, clothing and housing combined.""",half-true,false,"['true', 'half-true', 'mostly-false', 'false', 'pants-fire']",5,True
"Says Republican U.S. Senate candidate Tommy Thompson ""supports massive tax cuts for corporations that outsource Wisconsin jobs.""",half-true,half-true,"['true', 'mostly-true', 'half-true', 'mostly-false', 'false', 'pants-fire']",6,True
"""I’ve released 22 years of my tax returns. You can go online and look. (Donald Trump) hasn’t released one.”",true,true,"['true', 'false']",2,True
The government is arming up the IRS because “Joe Biden is raising taxes and disarming Americans.”,false,false,"['mostly-false', 'false', 'pants-fire']",3,True
"According to David Cay Johnston, ""the average American pays about 22 percent of their income to federal taxes. The richest 400 Americans … pay about 16 percent of their income to federal taxes.""",half-true,true,"['true', 'mostly-true', 'half-true', 'false']",4,True
"Says Ronald Reagan ""reversed his world’s ‘largest tax cut’ and raised taxes when revenues did not match the expectations.""",mostly-true,false,"['true', 'mostly-true', 'half-true', 'mostly-false', 'false', 'pants-fire']",6,True
"""Fifty-two counties have average taxes of above the SALT $10,000 cap.""",mostly-false,false,"['half-true', 'mostly-false', 'false', 'pants-fire']",4,True
"""Mitt Romney’s pledged to protect (oil companies') record profits – and their billions in special tax breaks, too.""",half-true,false,"['half-true', 'mostly-false', 'false', 'pants-fire']",4,True
"Says New Jersey is ""50th in return of our federal tax dollars.""",mostly-true,false,"['mostly-false', 'false']",2,False
"""You can fill out your tax return in Estonia online in five minutes.""",true,true,"['true', 'false']",2,True
"Under the House Republican tax proposal, ""the average family of four earning median income ($59,000/year) will receive an additional $1,182 in their pocket every year.""",half-true,false,"['mostly-true', 'half-true', 'mostly-false', 'false', 'pants-fire']",5,True
The Republican replacement for Obamacare does not give massive tax cuts to wealthy Americans.,false,false,"['mostly-false', 'false', 'pants-fire']",3,True
"Says Donald Trump ""hasn’t broken his promise"" to release his tax returns.",false,false,"['half-true', 'mostly-false', 'false', 'pants-fire']",4,True
"Says ""Every time the Legislature 'suspended' the kicker, most recently the corporate kicker in 2007, Salem spent every penny and failed to stabilize the state's revenues.""",mostly-false,mostly-false,"['mostly-true', 'half-true', 'mostly-false', 'false', 'pants-fire']",5,True
"The Buffett Rule ""will bring in less than $5 billion per year. ... Enough to pay one week’s interest on the national debt.""",true,true,['true'],1,True
"The Obama-GOP compromise ""raises taxes, it raises the death tax.""",mostly-false,false,"['mostly-true', 'half-true', 'mostly-false', 'false']",4,True
"""I used tax cuts to help create over 80,000 jobs in New Mexico.""",mostly-true,false,"['half-true', 'mostly-false', 'false']",3,False
"""We spend in tax loopholes annually $1.1 trillion. That's more than we spend on our defense budget in a year, on Medicare or Medicaid in a year.""",mostly-false,true,"['true', 'false']",2,False
"In West Virginia, ""personal income tax collections (were) up 14% from 2017.""",true,true,['true'],1,True
"""Under Republican Governor Chris Christie, tolls cost more. Train and bus rides cost more. College tuition goes up. But Christie protected a tax cut for millionaires.""",mostly-true,false,"['true', 'mostly-true', 'half-true', 'mostly-false', 'false', 'pants-fire']",6,True
"Says Kelli Ward hosted a town hall on ""chemtrail conspiracy theories"" and is open to sponsoring chemtrails legislation.",mostly-false,false,"['half-true', 'mostly-false', 'false', 'pants-fire']",4,True
"""Crime has been getting worse since Jerry Brown was elected governor.""",mostly-false,false,"['mostly-true', 'half-true', 'mostly-false', 'false', 'pants-fire']",5,True
"The Democrats plan ""to raise your tax rates to 70 or 80 percent.""",false,false,"['mostly-false', 'false', 'pants-fire']",3,True
"President Donald Trump’s tax law has “tax breaks for billionaires, permanent; tax breaks for everybody else, expire.”",half-true,false,"['mostly-true', 'half-true', 'mostly-false', 'false', 'pants-fire']",5,True
"""Of the 14 wealthy OECD countries with a wealth tax in 1996, 10 have since then abandoned it.""",mostly-true,false,"['true', 'mostly-true', 'half-true', 'mostly-false', 'false', 'pants-fire']",6,True
"""There are parts of I-80 near Joliet that school buses are not allowed to cross because of the fragile nature of a bridge.""",mostly-false,false,"['mostly-true', 'half-true', 'mostly-false', 'false', 'pants-fire']",5,True
"""Richard Burr voted to protect tax breaks for companies that ship jobs overseas but voted against a tax break to help working people.""",half-true,false,"['mostly-true', 'half-true', 'mostly-false', 'false', 'pants-fire']",5,True
"Obama ""says he'll raise taxes on electricity.""",mostly-false,false,"['mostly-false', 'false', 'pants-fire']",3,True
"""We worked together to enact ... the largest tax cut in Florida history.""",false,false,"['mostly-false', 'false', 'pants-fire']",3,True
"The Miami Dolphins ""are the only NFL team in the entire nation that pays property taxes.""",false,false,"['half-true', 'mostly-false', 'false', 'pants-fire']",4,True
"On taxes, ""if you go back and look 50 years ago, individuals paid about 7 percent of the total and corporations paid 5 percent. Fast forward 50 years: individuals still 7 percent, corporations (are) down to 2 percent.""",mostly-true,false,"['mostly-true', 'half-true', 'mostly-false', 'false', 'pants-fire']",5,True
"""We got [the Quonset Business Park] for free and we’re getting zero dollars out of it into the state coffers … other than the fact that it produces the jobs.""",half-true,false,"['half-true', 'mostly-false', 'false', 'pants-fire']",4,True
"""For the last 10 years, our economy has grown at less than 2 percent on average every single year for 10 years. We have not had a decade like that in a century in America.""",half-true,false,"['mostly-true', 'half-true', 'mostly-false', 'false', 'pants-fire']",5,True
"""The bill reported out of committee sets up a $50 billion slush fund that, while intended for resolving failing firms, is available for virtually any purpose that the treasury secretary sees fit.""",false,false,"['true', 'mostly-true', 'half-true', 'mostly-false', 'false', 'pants-fire']",6,True
"Says the Democratic Party ""took Social Security from the independent ‘Trust Fund’ and put it into the general fund so that Congress could spend it"" and ""eliminated the income tax deduction for Social Security (FICA) withholding.""",false,false,"['mostly-false', 'false', 'pants-fire']",3,True
Says New Hampshire has the third-highest property tax in the country.,true,false,"['true', 'mostly-false', 'false']",3,True
"""Ohio is losing over 700 family farms a year, some of them just to pay the inheritance tax.""",true,false,"['true', 'mostly-true', 'half-true', 'mostly-false', 'false', 'pants-fire']",6,True
"Under Donald Trump's tax plan, ""the top 0.1 percent of taxpayers -- people earning multiple millions of dollars a year, on average --  would get more tax relief than the bottom 60 percent of taxpayers combined.""",true,true,"['true', 'false', 'pants-fire']",3,True
"""The fact is, in the past year we have had more tax cuts than almost any time in our nation's history.""",half-true,half-true,"['true', 'mostly-true', 'half-true', 'mostly-false', 'false']",5,True
"""I created a flat tax in the state of Utah. It took that state to the number-one position in terms of job creation.""",half-true,false,"['true', 'mostly-true', 'half-true', 'mostly-false', 'false', 'pants-fire']",6,True
"The state constitution ""clearly says there’s not to be a state income tax in Tennessee.""",false,false,"['half-true', 'mostly-false', 'false', 'pants-fire']",4,True
"""By the end of this budget I'm in right now, taxes will have been cut $4.7 billion in my state.""",true,true,['true'],1,True
"Thanks to actions by the Milwaukee County Board on the 2013 budget, the amount of county taxes on the average home in the city of Milwaukee ""would be a $19 decrease.""",mostly-false,false,"['mostly-true', 'half-true', 'mostly-false', 'false', 'pants-fire']",5,True
"The states that are doing ""better"" are the ones that have no state income tax.",half-true,false,"['mostly-true', 'half-true', 'mostly-false', 'false', 'pants-fire']",5,True
"""Taxpayers earning $1 million pay an effective tax rate that is about four times what taxpayers earning $100,000 pay.""",true,true,"['true', 'false']",2,True
"A private school tax break in the Wisconsin state budget is ""the most generous in the nation.""",half-true,half-true,"['true', 'mostly-true', 'half-true', 'mostly-false', 'false']",5,True
"The Affordable Care Act ""will likely go down as the biggest tax increase in history.""",pants-fire,false,"['half-true', 'mostly-false', 'false', 'pants-fire']",4,True
"In the wake of the Republican-backed tax bill, ""more than 100,000 American workers have already been laid off in 2018.""",mostly-false,false,"['mostly-false', 'false', 'pants-fire']",3,True
"""Alabama is operating government on the lowest amount of tax revenue of any state in the nation.""",mostly-true,false,"['true', 'mostly-false', 'false']",3,False
"""When you look at all the state and local taxes we pay in Wisconsin, the wealthiest 1 percent pay the lowest overall tax rate.""",mostly-true,false,"['true', 'half-true', 'mostly-false', 'false']",4,False
"Says he ""cut taxes by more than $600 million"" when he was governor.",true,false,"['true', 'mostly-true', 'half-true', 'mostly-false', 'false', 'pants-fire']",6,True
"Scott Walker's income ""tax plan is a tax hike. It increases taxes for nearly 80% of the people in the state.""",pants-fire,false,"['mostly-false', 'false', 'pants-fire']",3,True
"""Barbara Buono by the numbers: As a Trenton politician, she voted to raise taxes 154 times. Under her, property taxes up 70 percent. Backed a 16 percent sales tax increase. Utilities, nursing homes, cell phones, parking lots, lottery wins, gyms – She taxed them all. Architect of Corzine’s budget, she drove New Jersey $2 billion into debt. Barbara Buono by the numbers: taking New Jersey backwards.""",mostly-true,false,"['half-true', 'mostly-false', 'false', 'pants-fire']",4,False
“FUN FACT: West Virginia is home to zero billionaires.”,true,false,"['true', 'false']",2,True
Says the University of Texas can afford to build a medical school because it has a $7 billion endowment and its football program had a $50 million profit last year.,half-true,false,"['half-true', 'mostly-false', 'false', 'pants-fire']",4,True
"The ""Buffett rule"" ""raises virtually no money, maybe a day and a half of our borrowing per year.""",mostly-true,false,"['mostly-true', 'half-true', 'mostly-false', 'false', 'pants-fire']",5,True
Says Texas is the only state that exempts jet fuel from its state motor fuels tax.,false,false,"['true', 'mostly-true', 'half-true', 'mostly-false', 'false', 'pants-fire']",6,True
"Peter DeFazio ""will sneak in a 1 percent tax on all banking transactions.""",pants-fire,false,"['false', 'pants-fire']",2,True
"Californians pay ""the highest electricity bills"" in the nation.",false,false,"['half-true', 'mostly-false', 'false']",3,True
"""Our country's got this huge debt, and (President Barack) Obama says raise taxes and keep spending more.""",half-true,half-true,"['mostly-true', 'half-true', 'false']",3,True
"""We cut property taxes by one-third.""",mostly-false,false,"['mostly-false', 'false', 'pants-fire']",3,True
Says Joe Biden “wants to put a 3% annual federal tax on your home.”,false,false,"['false', 'pants-fire']",2,True
"""The truth is this tax [plan] raises middle-class taxes.""",half-true,false,"['mostly-true', 'half-true', 'mostly-false', 'false', 'pants-fire']",5,True
"Under the 2017 tax law, “people who make under $75,000 will have their taxes raised in 2021 and every 2 years after that until 2027.”",mostly-false,false,"['mostly-false', 'false', 'pants-fire']",3,True
Voucher schools have increased property taxes by $1 billion since 2011,mostly-false,false,"['half-true', 'mostly-false', 'false', 'pants-fire']",4,True
"I turned ""a $110 million deficit into a $1.6 million surplus for our city.""",mostly-false,false,"['mostly-true', 'half-true', 'mostly-false', 'false']",4,True
"Says businesses ""already pay most of the taxes.""",mostly-true,true,"['true', 'mostly-true', 'half-true', 'mostly-false', 'false']",5,True
Says the estate tax is a threat to family farms.,mostly-false,false,"['mostly-true', 'half-true', 'mostly-false', 'false', 'pants-fire']",5,True
"Bernie Sanders’s plan is ""to raise your taxes to 90 percent.""",pants-fire,false,"['mostly-false', 'false', 'pants-fire']",3,True
"""Most"" of the Bush tax cuts went to people ""in the top 3 percent of this country.""",half-true,half-true,"['mostly-true', 'half-true', 'mostly-false', 'false']",4,True
David Perdue said he’d raise taxes.,half-true,half-true,"['mostly-true', 'half-true', 'mostly-false', 'false']",4,True
"Claims credit for food tax reductions that ""previous Democrat regimes refused to make.""",pants-fire,false,"['mostly-false', 'false', 'pants-fire']",3,True
"Under Gov. Scott Walker, Wisconsin ""projected a $1 billion (budget) surplus and it turns out to be a deficit of $2.2 billion.""",mostly-false,false,"['half-true', 'mostly-false', 'false']",3,True
"""Nancy Pelosi vows Democrats will raise taxes if they take back the House.""",half-true,false,"['true', 'mostly-true', 'half-true', 'mostly-false', 'false', 'pants-fire']",6,True
"Says Democratic challenger for his N.C. House seat ""raised taxes on clothing, school supplies – even baby diapers!""",pants-fire,false,"['mostly-false', 'false', 'pants-fire']",3,True
“Trump passed a new law that whoever is paying the child support will get to declare those children on their taxes.”,false,false,"['false', 'pants-fire']",2,True
"""Forty-six cents of every dollar"" Ohio could get for Medicaid expansion ""is going to come from China or some other country that doesn’t like us very much.""",false,false,"['mostly-false', 'false', 'pants-fire']",3,True
"""His new running mate, Congressman Ryan, put forward a plan that would let Governor Romney pay less than 1 percent in taxes each year.""",mostly-true,false,"['true', 'mostly-true', 'half-true', 'mostly-false', 'false', 'pants-fire']",6,True
"U.S. tariffs on China are ""not hurting anybody"" in the United States.",pants-fire,false,"['mostly-false', 'false', 'pants-fire']",3,True
"For the new state budget, ""Floridians have sent us $3 billion less of their funding.""",false,false,"['mostly-false', 'false', 'pants-fire']",3,True
"Every general City of Milwaukee employee ""pays toward his or her pension, but approximately 88 percent of our police officers and firefighters do not.""",mostly-true,false,"['true', 'mostly-true', 'half-true', 'mostly-false', 'false', 'pants-fire']",6,True
"The Obama administration has been ""raising taxes.""",half-true,false,"['half-true', 'mostly-false', 'false']",3,True
"Vice President Kamala Harris' plan “will raise taxes for the typical American family by an estimated $3,000.""",false,false,"['mostly-false', 'false', 'pants-fire']",3,True
"""The amount of interest"" paid on the federal debt exceeds ""total tax revenue.""",false,false,"['false', 'pants-fire']",2,True
"""Our debt now is about $140,000 per household.""",mostly-true,mostly-true,"['true', 'mostly-true', 'half-true', 'false']",4,True
"If voters agree in November to approve a one-cent sales tax increase, that will give ""Hillsborough County the highest sales tax of all Florida counties.""",true,false,"['true', 'mostly-true', 'half-true', 'mostly-false', 'false', 'pants-fire']",6,True
"Says ""Mimi Walters raised taxes on middle-class Californians.""",mostly-false,false,"['mostly-true', 'half-true', 'mostly-false', 'false', 'pants-fire']",5,True
"""Wisconsin does not have a deficit. Thanks to Republican reforms, the 2014 budget will begin with a $443 million surplus.""",half-true,false,"['mostly-true', 'half-true', 'mostly-false', 'false']",4,True
"Under Donald Trump's tax plan, ""51 percent of single parents would see their taxes go up.""",true,false,"['mostly-false', 'false']",2,False
"""GDP is booming. Let’s spread the prosperity to the middle class with big #TaxCuts. Our #TaxReform package doubles standard deduction, brings $$$ back home, and reduces rates for ALL taxpayers. We will #MAGA.""",mostly-false,false,"['mostly-true', 'half-true', 'mostly-false', 'false']",4,True
"America’s federal business tax rate is the highest ""in the world.""",mostly-true,false,"['half-true', 'mostly-false', 'false', 'pants-fire']",4,False
"""The top one-tenth of 1 percent now owns almost as much wealth as the bottom 90 percent.""",mostly-true,true,"['true', 'false']",2,False
"Says he ""balanced the budget without raising taxes.""",mostly-false,false,"['half-true', 'mostly-false', 'false']",3,True
"""Come February (2018), Americans will see their paychecks grow at the tune of saving $1,000 or more a year.""",half-true,false,"['half-true', 'mostly-false', 'false', 'pants-fire']",4,True
"""The top 1 percent of income-earners pay about 40 percent of all taxes into the federal government.""",false,false,"['mostly-false', 'false', 'pants-fire']",3,True
"""We did not even have a federal income tax in this country until 1913.""",half-true,false,"['true', 'half-true', 'mostly-false', 'false', 'pants-fire']",5,True
"Says the Southwest Florida Water Management District has $850 million in reserves, enough money in savings to run without levying taxes for more than two years.",false,false,"['mostly-false', 'false']",2,True
"Says Mitt Romney is proposing a ""tax cut that gives an average of $250,000 to every millionaire in this country.""",true,false,"['mostly-false', 'false']",2,False
"Gov. Ron DeSantis “signed a $1 billion tax increase on the people of our state, on our consumers, yet gave a $500 million tax break to our corporations.""",mostly-false,false,"['half-true', 'mostly-false', 'false', 'pants-fire']",4,True
Says a majority of Americans -- and Republicans -- support his approach for deficit reduction.,mostly-true,true,"['true', 'mostly-true', 'half-true', 'mostly-false', 'false']",5,True
"Says that as Wisconsin governor he ""never raised taxes.""",false,false,"['mostly-false', 'false']",2,True
"Paul Ryan’s budget ""keeps the Obamacare taxes and spending cuts that paid for Obamacare, but then cuts all of the benefits.""",mostly-true,false,"['true', 'mostly-true', 'half-true', 'mostly-false', 'false', 'pants-fire']",6,True
"""There was virtually no new business investment"" after the 2017 tax law. ""The bulk was used to buy back their own stock.""",half-true,mostly-false,"['mostly-true', 'half-true', 'mostly-false', 'false', 'pants-fire']",5,True
Gubernatorial candidate Maggie Hassan supported 33 tax and fee increases as Senate Majority Leader.,half-true,false,"['true', 'mostly-true', 'half-true', 'mostly-false', 'false']",5,True
"""There is nothing that we have done on Amazon that we have not done with hundreds of other projects.""",true,mostly-true,"['true', 'mostly-true', 'half-true', 'mostly-false', 'false', 'pants-fire']",6,True
"""A grant for $5,000 [from the Governor’s Workforce Board] went to teach an employee at a company that makes ornamental business card holders how to use Facebook and Twitter.""",mostly-false,false,"['true', 'mostly-true', 'half-true', 'mostly-false', 'false', 'pants-fire']",6,True
"Says Gov. Tony Evers ""proposed raising taxes on the agriculture industry to pay for expanded welfare programs.""",mostly-false,false,"['half-true', 'mostly-false', 'false', 'pants-fire']",4,True
Says six studies verify that the math adds up for Mitt Romney’s tax plan.,mostly-false,false,"['half-true', 'mostly-false', 'false', 'pants-fire']",4,True
"""Steve Southerland did not pay his taxes in '05, '06, '07, '08 or '09.""",false,false,"['true', 'mostly-false', 'false', 'pants-fire']",4,True
"The Affordable Care Act ""basically puts a penalty or a tax on employers for every new job they create.""",half-true,false,"['half-true', 'mostly-false', 'false', 'pants-fire']",4,True
"""Richard Cordray wants to raise your taxes by reversing President Trump's tax reform.""",mostly-false,false,"['mostly-false', 'false', 'pants-fire']",3,True
"""Under our (2011-’13) budget, the average (Wisconsin) property taxpayer will save $700.""",false,false,"['mostly-false', 'false', 'pants-fire']",3,True
"""Tim Kaine announced he wants to raise taxes on everyone.""",false,false,"['half-true', 'mostly-false', 'false', 'pants-fire']",4,True
"The “average federal income tax” paid by the richest Americans is “8%. … If you’re a cop, a teacher, a firefighter, union worker, you probably pay two to three times that.”",false,false,"['mostly-false', 'false', 'pants-fire']",3,True
"""Every dropout costs us $72,000 for the life of that person.""",half-true,false,"['true', 'mostly-true', 'half-true', 'mostly-false', 'false', 'pants-fire']",6,True
Says businesses pay roughly 60 percent of taxes in Texas.,mostly-true,false,"['true', 'mostly-true', 'half-true', 'mostly-false', 'false', 'pants-fire']",6,True
"""America has more people employed as tax preparers (1.2 million) than as police and firefighters.""",false,false,"['mostly-false', 'false', 'pants-fire']",3,True
"Says ""while state leaders have cut funding for our schools and other basic priorities, the amount of money the state is projected to give away through tax breaks increased by a whopping $3.4 billion.""",mostly-true,mostly-true,"['true', 'mostly-true', 'half-true']",3,True
"Wisconsin is ""guaranteeing Foxconn almost $3 billion, but Foxconn is not contractually guaranteeing how many full-time employees it will hire, for how long and at what pay.""",half-true,half-true,"['true', 'mostly-true', 'half-true', 'mostly-false', 'false', 'pants-fire']",6,True
"John Boehner wants to reopen a tax loophole ""that actually rewarded corporations for shipping jobs and profits overseas.""",half-true,half-true,"['true', 'mostly-true', 'half-true', 'false']",4,True
"Says Bernie Sanders is going to ""tax you people at 90 percent.""",pants-fire,false,"['half-true', 'mostly-false', 'false', 'pants-fire']",4,True
"""More than 30 cents of every state tax dollar goes to Medicaid.""",true,true,"['true', 'mostly-true', 'half-true', 'mostly-false', 'false']",5,True
"""In America, there is a father who is holding down two jobs and paying more taxes than the richest 400 families in America.""",mostly-false,false,"['half-true', 'mostly-false', 'false', 'pants-fire']",4,True
"Rubio's tax swap proposal ""would have been a massive tax increase.""",false,false,"['half-true', 'mostly-false', 'false', 'pants-fire']",4,True
"Says for the first time in the history of the United States, the government cut taxes during wartime",mostly-true,false,"['half-true', 'mostly-false', 'false', 'pants-fire']",4,False
"The IRS is adding 87,000 new agents, making the IRS “larger than (the) Pentagon, Federal Bureau of Investigation, Customs and Border Protection and the State Department combined.”",mostly-false,false,"['half-true', 'mostly-false', 'false', 'pants-fire']",4,True
"""If we don't spend money on a pier, then that money does wipe into the general funds of the city or the county, and if you send it to the county, you never see it again.""",half-true,half-true,"['mostly-true', 'half-true', 'mostly-false', 'false']",4,True
"Gwinnett County government has made ""significant cutbacks in staffing.""",half-true,half-true,"['true', 'mostly-true', 'half-true', 'mostly-false', 'false']",5,True
“California provides $83.1 billion more than we receive from the federal government. Texas? Receives $71.1 billion more than they provide to the federal government. 71% of the U.S. GDP comes from blue counties.”,mostly-true,false,"['true', 'mostly-true', 'half-true', 'mostly-false', 'false', 'pants-fire']",6,True
“Tariffs are a tax cut for the American people.”,false,false,"['mostly-false', 'false', 'pants-fire']",3,True
"Says taxing more services, taxing retirement income and increasing the flat-rate income tax would ""fall disproportionately on the working poor and the middle class.""",mostly-false,false,"['mostly-true', 'half-true', 'mostly-false', 'false', 'pants-fire']",5,True
"This year’s state budget ""continues to direct millions in taxpayer dollars in advertising to the failing Start-Up NY program""",false,false,"['true', 'mostly-true', 'half-true', 'mostly-false', 'false', 'pants-fire']",6,True
"""I'm the only candidate on this stage who has actually cut taxes.""",false,false,"['true', 'mostly-true', 'half-true', 'mostly-false', 'false', 'pants-fire']",6,True
"""You've got a building in the Cayman Islands that supposedly houses 12,000 corporations. That's either the biggest building or the biggest tax scam on record.""",half-true,half-true,"['mostly-true', 'half-true', 'false']",3,True
"""Rhode Island has the second highest per enrollee (Medicaid) cost of any state in the country, which is 60 percent higher than the national average.""",mostly-true,true,"['true', 'false']",2,False
Says the Georgia Dome would need up to $350 million in work over the next five to seven years.,half-true,half-true,"['true', 'mostly-true', 'half-true', 'mostly-false', 'false']",5,True
"""We've cut taxes 50 times and look what has happened to our revenues. They've grown.""",mostly-true,false,"['half-true', 'mostly-false', 'false', 'pants-fire']",4,False
"Says, ""Carl proposed a 'windfall' tax on real estate development when he was a Metro Councilor.""",mostly-false,mostly-false,"['mostly-true', 'half-true', 'mostly-false', 'false']",4,True
"Barack Obama supports plans to raise ""income taxes ... payroll taxes.""",half-true,half-true,"['mostly-true', 'half-true', 'false']",3,True
"Milwaukee Mayor Tom Barrett ""has held the line on property taxes.""",mostly-false,false,"['mostly-false', 'false', 'pants-fire']",3,True
"Economic Development Commission Executive Director Keith Stokes ""sent me a letter and he said the taxpayers will never be on the hook for these bonds"" for 38 Studios.",true,false,"['true', 'mostly-true', 'half-true', 'mostly-false', 'false', 'pants-fire']",6,True
"Kathryn Starkey ""joined forces with liberal Democrats on a historic sales tax hike.""",false,false,"['mostly-false', 'false', 'pants-fire']",3,True
"Republican state lawmakers ""are refusing to give the people of their own states their own tax dollars back in the form of (expanded) Medicaid.""",mostly-true,half-true,"['true', 'mostly-true', 'half-true', 'mostly-false', 'false', 'pants-fire']",6,True
"""In 1986, President Ronald Reagan"" cut the business tax rate to 34 percent and ""it worked -- our economy boomed, the middle class thrived and median family income increased.""",mostly-false,false,"['mostly-true', 'half-true', 'mostly-false', 'false', 'pants-fire']",5,True
"""Even Richard Nixon released his tax returns to the public when he was running for president ...""",mostly-false,false,"['mostly-false', 'false', 'pants-fire']",3,True
"The stimulus program ""cut taxes for 95 percent of the American people.""",half-true,false,"['mostly-true', 'half-true', 'mostly-false', 'false', 'pants-fire']",5,True
"Says Gov. Tony Evers ""wanted to increase your taxes by $1 billion just for heating your homes. Instead, Republicans cut your taxes by more than $2 billion.""",half-true,false,"['true', 'mostly-true', 'half-true', 'mostly-false', 'false', 'pants-fire']",6,True
"""Most people below $50,000 don’t pay any income tax. The top 1 percent in our country pay 40%.""",mostly-true,false,"['true', 'mostly-true', 'half-true', 'mostly-false', 'false']",5,True
Says the top 20 percent of income earners pay nearly 70 percent of all federal taxes.,true,true,"['true', 'mostly-true', 'half-true', 'false']",4,True
"Says Donald Trump’s ""only economic agenda is imposing massive taxes on the American people with a 40 percent tax hike of a giant tariff.""",half-true,false,"['mostly-true', 'half-true', 'mostly-false', 'false', 'pants-fire']",5,True
"""One of the other inaccuracies ... is that we have raised taxes multiple times and run up the budget. Absolutely not true. One tax increase since I’ve been in office. It was a quarter mill tax in the unincorporated area only.""",false,false,"['mostly-false', 'false']",2,True
"The Republican tax bill ""lets every American keep more of what they earned.""",false,false,"['half-true', 'mostly-false', 'false', 'pants-fire']",4,True
"The FCC’s net neutrality policy includes what is ""essentially a massive tax increase.""",half-true,false,"['half-true', 'mostly-false', 'false', 'pants-fire']",4,True
The proposed transportation tax plan revokes a tax-credit for consumers’ electric cars while the state retains similar credits for similar vehicles for businesses.,true,false,"['true', 'mostly-false', 'false']",3,True
"""If you sell your house after 2012 you will pay a 3.8 percent sales tax on it.""",pants-fire,false,"['false', 'pants-fire']",2,True
"""There have been literally hundreds of new tax preferences and loopholes added to the code since 1986, last time we did this.""",true,true,"['true', 'false']",2,True
"""Florida sends $135 billion and D.C. returns $150 billion.""",mostly-true,false,"['half-true', 'mostly-false', 'false', 'pants-fire']",4,False
"Bill Nelson ""leased land that he owned for six cows, taking advantage of an agricultural tax loophole to dodge $43,000 in taxes just last year.""",half-true,false,"['mostly-true', 'half-true', 'mostly-false', 'false', 'pants-fire']",5,True
"When it comes to transportation funds, Georgians spend more in taxes and on red tape than they get back from the federal government.",half-true,half-true,"['mostly-true', 'half-true', 'false']",3,True
"Says Charlie Crist ""raised taxes on the middle class"" by $2.2 billion.",mostly-true,false,"['mostly-false', 'false', 'pants-fire']",3,False
"""The years that I was speaker, the Florida House consistently offered leaner budgets than the governor offered.""",mostly-true,true,"['true', 'mostly-true', 'half-true', 'mostly-false', 'false', 'pants-fire']",6,True
"""There's no money in Social Security.""",false,false,"['half-true', 'mostly-false', 'false', 'pants-fire']",4,True
"John McCain ""voted against the Bush tax cuts, both times.""",mostly-true,mostly-true,"['mostly-true', 'half-true']",2,True
"When the New Hampshire Legislature raised the gasoline tax, gas prices in the state were ""skyrocketing.""",false,false,"['mostly-false', 'false', 'pants-fire']",3,True
"Marc Molinaro ""has cut taxes, his budget now is lower than it was six years ago"" in Dutchess County",half-true,mostly-false,"['mostly-true', 'half-true', 'mostly-false', 'false', 'pants-fire']",5,True
"""Scott Walker cut school funding more per student than any governor in America.""",mostly-true,false,"['true', 'mostly-true', 'half-true', 'mostly-false', 'false', 'pants-fire']",6,True
"""Texans have some of the highest property taxes in the nation”",mostly-true,false,"['true', 'mostly-true', 'half-true', 'mostly-false', 'false', 'pants-fire']",6,True
"It’s ""typical"" for a presidential candidate to release 10 or 11 years of tax returns.",half-true,false,"['half-true', 'mostly-false', 'false', 'pants-fire']",4,True
"Tariffs are a “direct, regressive tax on Americans” and President Joe Biden’s new tariffs on Chinese goods will “hit every family.”",half-true,false,"['mostly-true', 'half-true', 'mostly-false', 'false', 'pants-fire']",5,True
"The fiscal cliff deal ""ultimately raised taxes.""",half-true,half-true,"['true', 'mostly-true', 'half-true', 'mostly-false', 'false']",5,True
"Says Tony Evers will ""raise the gas tax by as much as a dollar a gallon.""",mostly-false,false,"['half-true', 'mostly-false', 'false', 'pants-fire']",4,True
"President Joe Biden and Democrats ""send a fortune to Ukraine but nothing for our children.""",pants-fire,false,"['false', 'pants-fire']",2,True
"""The income tax that started at 2 percent under Governor Byrne is now 9 percent.""",half-true,false,"['half-true', 'mostly-false', 'false']",3,True
"Says when New York ""implemented a program"" to tax the wealthy at higher rates it saw a revenue shortfall ""because of the outward migration of their top earners.""",false,false,"['half-true', 'mostly-false', 'false', 'pants-fire']",4,True
"Says Oregon’s political tax credit is something ""every state should have and no other state does.""",false,false,"['half-true', 'mostly-false', 'false', 'pants-fire']",4,True
"Rhode Island has invested less in tourism, economic development and economic development personnel than four nearby states.",mostly-false,true,"['true', 'mostly-true', 'half-true', 'mostly-false', 'false']",5,True
"""The expiration of the Bush-era tax cuts ... would be the biggest tax increase in the history of the country, about $4.6 trillion over 10 years.""",mostly-false,false,"['true', 'mostly-true', 'half-true', 'mostly-false', 'false', 'pants-fire']",6,True
"""I am the only one onstage who has never voted to raise your taxes. These two, each, a billion dollars worth of votes to raise your taxes.""",half-true,false,"['mostly-true', 'half-true', 'mostly-false', 'false', 'pants-fire']",5,True
"""A far different picture from the prior eight years, which saw 115 increases in taxes and fees.""",true,true,"['true', 'false']",2,True
"Medicare is ""going broke. The trust fund goes bankrupt in 2026.""",mostly-false,false,"['half-true', 'mostly-false', 'false']",3,True
"""In the month since Republicans took the House majority,"" they are trying to ""impose a 30% tax on everything.""",mostly-false,mostly-false,"['half-true', 'mostly-false', 'false']",3,True
"Says that under his tax plan, ""no matter where you are in the stratosphere, you're going to be getting a tax cut.""",false,false,"['mostly-false', 'false', 'pants-fire']",3,True
"""He voted twice for a budget resolution that increases the taxes on individuals making $42,000 a year.""",half-true,half-true,"['mostly-true', 'half-true', 'mostly-false', 'false']",4,True
"""Tax dodging costs developing countries $200 billion every year.""",half-true,false,"['true', 'mostly-true', 'half-true', 'mostly-false', 'false', 'pants-fire']",6,True
"""As mayor, [Allan Fung] raised taxes three times.""",mostly-true,false,"['true', 'mostly-true', 'half-true', 'mostly-false', 'false', 'pants-fire']",6,True
"Under the compromise tax agreement, ""99.7% of American families will not pay 1 nickel in an estate tax.""",true,true,['true'],1,True
"""In 1950, corporations paid $3 in taxes for every $1 by a worker. Today, they pay 22 cents for every $1 by a worker.""",mostly-false,false,"['mostly-false', 'false', 'pants-fire']",3,True
"In 2004, ""20 percent of U.S. households were getting about 75 percent of their income from the federal government. ... Another 20 percent were receiving almost 40 percent.""",mostly-false,false,"['mostly-false', 'false', 'pants-fire']",3,True
"Says Scott Walker's plan to replace Obamacare ""is a new entitlement"" program for ""every single American human being from the time they are born right up until they grow old and become eligible for Medicare.""",half-true,false,"['mostly-true', 'half-true', 'mostly-false', 'false', 'pants-fire']",5,True
"Says Mitt Romney’s carried interest income was a tax ""trick.""",mostly-false,false,"['true', 'mostly-true', 'half-true', 'mostly-false', 'false', 'pants-fire']",6,True
"""Nobody is leaving Memphis. That's a myth.""",pants-fire,false,"['mostly-false', 'false', 'pants-fire']",3,True
"Says Congress gave Wall Street ""trillions of dollars of zero interest loans.""",half-true,false,"['half-true', 'mostly-false', 'false', 'pants-fire']",4,True
"""Pres. Obama's finance team is recommending a . . . 1% tax on all transactions at any financial institution.""",pants-fire,false,"['false', 'pants-fire']",2,True
"Says Gov. Scott Walker approved a ""gutting"" of two tax credits that help the poor and elderly.",false,false,"['mostly-true', 'half-true', 'mostly-false', 'false', 'pants-fire']",5,True
"""We know that tax cuts are remarkably un-stimulative when you compare them with different kinds of government spending.""",half-true,half-true,"['true', 'mostly-true', 'half-true', 'false']",4,True
"A proposed revenue smart cap ""gives Floridians a voice, requiring a 60 percent vote by citizens in order to impose a new tax, fee, license, fine, charge or assessment.""",false,false,"['half-true', 'mostly-false', 'false', 'pants-fire']",4,True
"California ""is hemorrhaging population.""",mostly-false,false,"['half-true', 'mostly-false', 'false', 'pants-fire']",4,True
"Jorge Elorza ""wants to impose a municipal income tax.""",false,false,"['mostly-false', 'false']",2,True
"""Jane Norton supported the largest tax hike in Colorado history.""",half-true,false,"['mostly-true', 'half-true', 'mostly-false', 'false']",4,True
"Says the Austin City Council ""may give $4 million a year to subsidize a race track.""",mostly-true,mostly-true,"['true', 'mostly-true', 'half-true', 'mostly-false', 'false']",5,True
"""Governor Christie, his idea of jumpstarting the economy is to propose a trickle-down income tax cut last year and in his budget address this year, he stated his support for it again.""",mostly-false,false,"['half-true', 'mostly-false', 'false', 'pants-fire']",4,True
"California will have the ""highest gas tax in the nation"" once its 12 cent gas tax hike goes into effect.",false,false,"['half-true', 'mostly-false', 'false', 'pants-fire']",4,True
"In the House Republican bill, ""70 percent of the tax relief goes to those families making less than 200,000.""",half-true,false,"['mostly-false', 'false', 'pants-fire']",3,False
"A ""legacy of taxing and borrowing … crippled the economy we inherited two years ago.""",false,false,"['half-true', 'mostly-false', 'false', 'pants-fire']",4,True
"Tim Kaine proposed ""over $6 billion in tax increases from the time he entered the governor’s mansion until the time he left.""",half-true,half-true,"['mostly-true', 'half-true', 'mostly-false', 'false']",4,True
"Frank Guinta voted to make middle class taxpayers pay over a $1,000 more a year in taxes.",mostly-false,false,"['half-true', 'mostly-false', 'false', 'pants-fire']",4,True
"By releasing only basic tax information, former U.S. Congressman Nathan Deal is ""hiding more than he's disclosed"" about his business dealing with the state.",half-true,half-true,"['mostly-true', 'half-true', 'mostly-false', 'false']",4,True
"Says that in 2009 ExxonMobil ""paid no federal income taxes, received a $156 million rebate.""",false,false,"['half-true', 'mostly-false', 'false', 'pants-fire']",4,True
"On taxes, President Barack Obama wants to raise ""the top rate to 44.8 percent.""",mostly-true,false,"['true', 'mostly-true', 'half-true', 'mostly-false', 'false']",5,True
"Under a law proposed by Wisconsin Gov. Scott Walker, businesses that move into Wisconsin ""don't have to pay any taxes"" on their income for two years.",true,true,['true'],1,True
"Says Mitt Romney ""has a corporation in Bermuda (but) failed to disclose that on seven different financial disclosures.""",true,true,"['true', 'mostly-true', 'half-true', 'mostly-false', 'false']",5,True
"Corporate tax holidays pushed by Presidents John F. Kennedy and George W. Bush brought ""billions"" of dollars back into the United States.",half-true,half-true,"['mostly-true', 'half-true', 'mostly-false', 'false']",4,True
"Says Jim Frishe wanted to ""tax us for doing our taxes"" through an accountant.",true,false,"['half-true', 'mostly-false', 'false', 'pants-fire']",4,False
"""The IRS is about to double in size, with 87,000 new armed agents and an additional $80 billion in order to primarily enhance IRS enforcement and operations.”",mostly-false,false,"['half-true', 'mostly-false', 'false', 'pants-fire']",4,True
"Under the House health care bill, the government ""will have to penalize citizens if we choose not to buy a plan that will cost a minimum of about $15,000 per family per year.""",mostly-false,false,"['half-true', 'mostly-false', 'false']",3,True
"Says Ron Johnson ""voted five times for tax breaks that help companies ship Wisconsin jobs overseas.""",false,false,"['half-true', 'mostly-false', 'false', 'pants-fire']",4,True
"""The IRS will have the ability potentially"" to deny or delay health care.",mostly-false,false,"['half-true', 'mostly-false', 'false', 'pants-fire']",4,True
"Historically, the Social Security tax has been assessed on about 90% of U.S. income. Now it captures 83% because there's been such a growth of income among the highest earners.",mostly-false,false,"['mostly-true', 'half-true', 'mostly-false', 'false']",4,True
"""Large majorities"" of the public ""oppose major changes to Medicare"" and favor higher taxes on the wealthy.",true,true,['true'],1,True
"""Richard Nixon released tax returns when he was under audit.""",true,false,"['mostly-false', 'false']",2,False
"A ""Delta Force” seized a shipment of weapons headed to the IRS.",pants-fire,false,"['false', 'pants-fire']",2,True
"""With the tax controls we already put in place, property taxes on a typical home in December of 2014 will actually be lower than they were in December of 2010.""",mostly-true,mostly-true,"['true', 'mostly-true', 'half-true', 'mostly-false', 'false']",5,True
"The richest 400 taxpayers are taxed at a lower rate than a $29,000-a-year worker",mostly-true,mostly-true,"['true', 'mostly-true', 'half-true', 'mostly-false', 'false']",5,True
"""I have cut taxes 63 times, including a 2006 property tax reduction that ranks as the largest in state history.""",mostly-false,true,"['true', 'mostly-true', 'half-true', 'mostly-false', 'false', 'pants-fire']",6,True
"""In fact New Jersey is a donor state, we get 61 cents back on every dollar we send to Washington. And interestingly Kentucky gets $1.51 on every dollar they send to Washington.""",true,true,"['true', 'mostly-true', 'half-true', 'mostly-false', 'false', 'pants-fire']",6,True
"Says Donald Trump ""proposes tax cuts, too -- $3 trillion for millionaires like himself and $2 trillion for corporations like his.""",mostly-true,false,"['true', 'mostly-true', 'half-true', 'mostly-false', 'false', 'pants-fire']",6,True
"""According to the Tax Foundation, the top 10 percent of earners already pay almost 80 percent of all taxes.""",mostly-false,false,"['mostly-false', 'false', 'pants-fire']",3,True
"""The people who were running the budget, in the Corzine years, decided to steal from the unemployment trust fund. … As did other Governors before. We simply don’t do that, haven’t done it, and won’t permit it.""",mostly-false,false,"['mostly-true', 'half-true', 'mostly-false', 'false', 'pants-fire']",5,True
"A tax plan promoted by North Carolina Senate candidate Thom Tillis will ""overwhelmingly benefit the wealthy.""",mostly-true,false,"['half-true', 'mostly-false', 'false', 'pants-fire']",4,False
"Says Jim Renacci has ""consistently voted"" for loopholes that ""encourage outsourcing of our jobs.""",half-true,half-true,"['mostly-true', 'half-true', 'mostly-false', 'false', 'pants-fire']",5,True
Says Kevin Cramer wants to cut Social Security and Medicare to pay for tax cuts.,half-true,false,"['mostly-true', 'half-true', 'mostly-false', 'false', 'pants-fire']",5,True
"Says President Donald ""Trump’s budget gives a $100 billion tax break to three of the wealthiest families.""",mostly-false,false,"['half-true', 'mostly-false', 'false', 'pants-fire']",4,True
"Says Warren Buffett has publicly said his secretary ""should not be paying a higher tax rate"" than him.",true,true,"['true', 'mostly-false', 'false', 'pants-fire']",4,True
"""Republicans fought to protect tax loopholes for corporations that send our jobs overseas.""",half-true,false,"['true', 'mostly-true', 'half-true', 'mostly-false', 'false', 'pants-fire']",6,True
"Sherrod Brown ""failed to pay his own taxes three separate times.""",true,false,"['true', 'half-true', 'mostly-false', 'false']",4,True
"""People who wash cars at home will use approximately 80 percent more water than they do in a car wash.""",pants-fire,false,"['mostly-true', 'half-true', 'mostly-false', 'false', 'pants-fire']",5,True
Says Nick Kahl made it harder for many families to cover basic health care expenses.,mostly-false,false,"['mostly-true', 'half-true', 'mostly-false', 'false', 'pants-fire']",5,True
"""The Obama Administration's own White House Council of Economic Advisers has estimated 4.7 million Americans will lose their jobs if the (health care) bill passes.""",false,false,"['mostly-false', 'false', 'pants-fire']",3,True
"""Trump tax cut benefits all congressional districts, up to $44,697 per family.""",half-true,false,"['mostly-false', 'false', 'pants-fire']",3,False
"""Kewpie burgers are delicious. An Ohio institution. And they'll cost less thanks to John Kasich's tax cut.""",mostly-true,mostly-true,"['true', 'mostly-true', 'half-true']",3,True
"""Property and income taxes will be lower in 2018 than they were in 2010.""",mostly-true,mostly-true,"['true', 'mostly-true', 'half-true', 'mostly-false', 'false', 'pants-fire']",6,True
"""We cut taxes 24 times.""",half-true,false,"['true', 'mostly-true', 'half-true', 'mostly-false', 'false', 'pants-fire']",6,True
"""One-half of undocumented workers pay federal income taxes, which means they are paying more federal income taxes than Donald Trump pays.""",half-true,false,"['true', 'mostly-true', 'half-true', 'mostly-false', 'false']",5,True
"Says Paul Ryan ""voted for two wars that were unpaid for, voted for the Bush tax cuts that were unpaid for, voted for the prescription drug bill that cost as much as my health care bill -- but wasn't paid for.""",mostly-true,mostly-true,"['true', 'mostly-true', 'half-true', 'mostly-false', 'false', 'pants-fire']",6,True
"Americans spend ""6.1 billion hours a year"" on tax preparation.",true,false,"['true', 'half-true', 'mostly-false', 'false']",4,True
Says she balanced a $10 billion budget shortfall without raising taxes.,mostly-false,true,"['true', 'false']",2,False
"""Western New Yorkers pay some of the highest property taxes in the state.""",half-true,false,"['true', 'mostly-true', 'half-true', 'mostly-false', 'false']",5,True
"""There haven't been tax cuts for the rich"" in Rhode Island.",false,false,"['mostly-false', 'false', 'pants-fire']",3,True
"Says Democratic gubernatorial candidate Mary Burke ""has proven on the Madison Board of Education"" that she supports raising taxes and spending.",half-true,false,"['half-true', 'mostly-false', 'false']",3,True
"Under Obamacare, ""The IRS will have access to the American people’s protected health care information.""",pants-fire,false,"['mostly-false', 'false']",2,False
"Says that ""data from the Center on Budget and Policy Priorities suggest that the Texas budget gap is worse than New York’s, about as bad as California’s, but not quite up to New Jersey levels.""",mostly-true,true,"['true', 'mostly-true']",2,True
"Cheri Beasley “backs tax hikes — even on families making under $75,000.”",mostly-false,false,"['mostly-false', 'false', 'pants-fire']",3,True
"Even high estimates for an early draft of the health care plan are ""less than the $1.8 trillion cost of the Bush tax cuts.""",mostly-true,true,"['true', 'mostly-true', 'half-true', 'mostly-false', 'false']",5,True
Property tax exemptions can be granted to small businesses that move into Milwaukee County.,false,false,"['mostly-false', 'false', 'pants-fire']",3,True
"“When a basketball player or football or baseball player from another team plays in Wisconsin, that one game's salary, they pay Wisconsin income tax on it. ... So, if for some reason we do not have the Brewers in Wisconsin all of those player salaries that generate dollars for the State of Wisconsin go away.""",true,false,"['half-true', 'mostly-false', 'false', 'pants-fire']",4,False
Hillary Clinton and Barack Obama want to raise taxes on all income brackets.,false,false,"['false', 'pants-fire']",2,True
"Says Bill White ""didn't pay taxes while earning $133,600 annual salary as deputy secretary of energy.""",false,false,"['true', 'mostly-true', 'half-true', 'mostly-false', 'false', 'pants-fire']",6,True
"Amazon has a ""no-tax monopoly.""",pants-fire,false,"['mostly-false', 'false']",2,False
"""This year, the federal government will have more revenue than any year in the history of our country.""",half-true,false,"['half-true', 'mostly-false', 'false', 'pants-fire']",4,True
"""In almost every state with an income tax, wealthy people pay a higher tax rate than the middle class.""",mostly-false,false,"['half-true', 'mostly-false', 'false', 'pants-fire']",4,True
"""We now have about one-third of New York’s population on Medicaid.""",true,true,"['true', 'false']",2,True
"""As governor, Mike Huckabee supported higher income taxes, sales taxes, gas taxes, grocery taxes, tobacco taxes, beer taxes, Internet taxes, nursing home bed taxes.""",half-true,half-true,"['mostly-true', 'half-true', 'false']",3,True
"Says economists Harvey Rosen and Martin Feldstein have said that ""paying for (Mitt) Romney’s tax cuts would require large tax increases on families making between $100,000 and $200,000.""",mostly-false,false,"['true', 'mostly-true', 'half-true', 'mostly-false', 'false', 'pants-fire']",6,True
"When the United States ""first created the federal income tax, frankly, nobody below a million dollars a year paid anything.""",false,false,"['mostly-false', 'false', 'pants-fire']",3,True
"Says Damascus’ disincorporation would produce ""NO significant tax savings.""",false,false,"['true', 'mostly-false', 'false']",3,True
"""Fully half the people — our research is showing half the people — in (California) want to leave.""",half-true,false,"['mostly-true', 'half-true', 'mostly-false', 'false', 'pants-fire']",5,True
"""There is no tax increase in the governor’s budget plan.""",mostly-false,false,"['mostly-false', 'false', 'pants-fire']",3,True
"If Austin voters reject Proposition 1, a ""completely new City-run"" criminal background check ""process will cost millions in processing fees, additional staff, and bureaucracy"" with taxpayers getting ""the bill.""",false,mostly-false,"['true', 'mostly-true', 'half-true', 'mostly-false', 'false', 'pants-fire']",6,True
Lee Zeldin “voted for Cuomo’s Billion Dollar Tax hike and every Cuomo budget.”,half-true,false,"['half-true', 'mostly-false', 'false']",3,True
"""(Romney's) record was that he raised taxes by $730-million.""",half-true,half-true,"['mostly-true', 'half-true', 'mostly-false', 'false']",4,True
"""We're the highest developed nation taxed in the world.""",false,false,"['mostly-false', 'false', 'pants-fire']",3,True
"""Richmond was one of the only cities in the state that did not (increase) their real estate tax to those pre-recession rates.""",mostly-true,false,"['true', 'mostly-true', 'half-true', 'mostly-false', 'false', 'pants-fire']",6,True
Between 40 and 50 percent of tax filers do not owe any income tax.,mostly-true,mostly-true,"['mostly-true', 'half-true', 'mostly-false', 'false']",4,True
"Under ""Trumpcare,"" the Republican replacement for Obamacare, ""$600 billion worth of tax breaks will go to the wealthiest in this country.""",half-true,false,"['true', 'mostly-true', 'half-true', 'mostly-false', 'false', 'pants-fire']",6,True
"""Undocumented immigrants pay $12 billion of taxes every single year.""",true,false,"['mostly-true', 'half-true', 'mostly-false', 'false', 'pants-fire']",5,False
“Republicans on the Joint Finance Committee removed more than $8 billion in spending increases from Gov. Evers' budget proposal.”,mostly-true,false,"['true', 'mostly-true', 'half-true', 'mostly-false', 'false', 'pants-fire']",6,True
"""This is the first time in our state, and one of the first times in the country, where benefit reductions . . . has happened to people who are retired.""",half-true,false,"['half-true', 'mostly-false', 'false', 'pants-fire']",4,True
"Bing Energy said it decided to move to Florida because of Gov. Rick Scott’s ""plan to eliminate the corporate tax.""",half-true,half-true,"['true', 'mostly-true', 'half-true', 'false']",4,True
"Says ""the governor is going around the state talking about [how] we should fund an income tax cut"" that benefits higher income earners and not lower income earners",false,mostly-false,"['true', 'mostly-true', 'half-true', 'mostly-false', 'false', 'pants-fire']",6,True
"Says Gov. Chris Christie’s proposal to reduce state income taxes ""would be the second tax cut for the rich by the governor in two years.""",half-true,false,"['true', 'mostly-true', 'half-true', 'mostly-false', 'false', 'pants-fire']",6,True
"Patrick Rose ""voted to explore a state income tax.""",pants-fire,false,"['true', 'mostly-false', 'false', 'pants-fire']",4,True
"""Without representation, (the IRS) can increase taxes.""",pants-fire,false,"['false', 'pants-fire']",2,True
"""We wiped out a $3.6 billion deficit without raising taxes.""",half-true,false,"['true', 'mostly-true', 'half-true', 'mostly-false', 'false', 'pants-fire']",6,True
"""Raising taxes on investment income has actually lowered the revenue received from the tax, while cutting capital gains tax rates has increased revenue.""",half-true,half-true,"['true', 'mostly-true', 'half-true', 'mostly-false', 'false']",5,True
"Under Cuccinelli’s tax cut plan, ""school divisions across Virginia could be forced to fire over 8,000 teachers.""",false,false,"['half-true', 'mostly-false', 'false', 'pants-fire']",4,True
"""The 1% is paying less in taxes than everyone else.""",half-true,false,"['true', 'mostly-true', 'half-true', 'mostly-false', 'false', 'pants-fire']",6,True
Democrats do not have a plan for extending the Bush tax cuts.,false,false,"['true', 'half-true', 'mostly-false', 'false', 'pants-fire']",5,True
"""Undocumented immigrants paid more taxes last year than Amazon, GM, IBM & Netflix combined.""",mostly-true,false,"['true', 'mostly-true', 'half-true', 'mostly-false', 'false', 'pants-fire']",6,True
"""They didn’t even put up a fight against SALT""",false,false,"['mostly-true', 'half-true', 'mostly-false', 'false']",4,True
"Dan Patrick ""got caught not paying his taxes"" and ""pocketed his employees’ payroll taxes.""",half-true,false,"['half-true', 'mostly-false', 'false', 'pants-fire']",4,True
Says income tax rates under Eisenhower were as high as 90 percent.,true,false,"['true', 'false']",2,True
"Says she ""stood up to"" Gov. Scott Walker on tax cuts ""for wealthy corporations"" while her congressional opponent voted with Walker.",half-true,half-true,"['mostly-true', 'half-true', 'false']",3,True
"""Every state that has put in a graduated income tax, the middle class always pays more.""",false,false,"['mostly-false', 'false', 'pants-fire']",3,True
"""We have a tax code that allows groups to use their political operations within the tax code, under the guise of a charity, to use undisclosed millions of dollars to do political campaigns.""",mostly-true,false,"['true', 'mostly-true', 'half-true', 'mostly-false', 'false', 'pants-fire']",6,True
"""If you're earning under $100,000 a year and you commute to New York every day you pay more to the Port Authority in tolls than you pay to the state of New Jersey in income tax.""",true,true,"['true', 'mostly-true', 'half-true', 'mostly-false', 'false']",5,True
"Says U.S. Senate rival Eric Hovde ""refused to pay his property taxes until he was taken to court.""",mostly-true,false,"['mostly-true', 'half-true', 'mostly-false', 'false', 'pants-fire']",5,True
"Says ""I've authored the first bipartisan tax reform bill in a quarter-century.""",mostly-true,false,"['true', 'half-true', 'mostly-false', 'false', 'pants-fire']",5,False
"Taxpayers pay $18,000 a month for House Speaker Nancy Pelosi's district office in downtown San Francisco.",true,false,"['true', 'false']",2,True
"""We have provided at least 16 tax cuts to small businesses.""",mostly-true,true,"['true', 'mostly-true', 'half-true', 'false']",4,True
"""Trump: police officers and firefighters make too much money…hits them with tax penalty.""",false,false,"['mostly-false', 'false', 'pants-fire']",3,True
"""In 1952, the corporate income tax accounted for 33 percent of all federal tax revenue. Today, despite record-breaking profits, corporate taxes bring in less than 9 percent.""",mostly-true,true,"['true', 'mostly-true', 'false']",3,True
"Says Gov. Tony Evers' budget includes tax and fee increases even while spending ""more on his way to a nearly $2 billion deficit.""",half-true,false,"['true', 'mostly-true', 'half-true', 'mostly-false', 'false']",5,True
“Joe Biden wants to raise taxes on 82% of all Americans.”,false,false,"['half-true', 'mostly-false', 'false', 'pants-fire']",4,True
A $5-a-night hotel/motel tax that’s part of the transportation bill will hurt Georgia’s convention business by adding extra costs for large groups coming to the state.,mostly-true,mostly-true,"['mostly-true', 'half-true', 'mostly-false', 'false']",4,True
"Says Mike Gallagher’s plan ""would cut Social Security benefits for two-thirds of seniors.""",half-true,half-true,"['mostly-true', 'half-true', 'mostly-false', 'false']",4,True
"Says his tax and fee cuts will save households ""$540 over two years.""",mostly-false,false,"['mostly-false', 'false', 'pants-fire']",3,True
"""With this plan, the typical family of four will save $1,182 a year on their taxes.""",half-true,false,"['half-true', 'mostly-false', 'false', 'pants-fire']",4,True
"The health care law includes ""a 3.8% sales tax"" on ""all real estate transactions.""",pants-fire,false,"['mostly-false', 'false', 'pants-fire']",3,True
"""For decades before I was elected, governors tried and failed to get Minnesota out of the top 10 highest-taxed states in the country. I actually did it.""",half-true,half-true,"['true', 'mostly-true', 'half-true', 'mostly-false', 'false']",5,True
"California’s proposed tobacco tax ""diverts 82 percent of the new taxes to line the pockets of wealthy special interests like insurance companies who don't have to help even one more patient.""",mostly-false,false,"['mostly-true', 'half-true', 'mostly-false', 'false', 'pants-fire']",5,True
Says he has never voted for raising taxes.,true,true,"['true', 'false']",2,True
"""Last year the IRS audited Americans earning less than $25,000 a year at five times the rate of other groups.""",mostly-true,false,"['half-true', 'mostly-false', 'false', 'pants-fire']",4,False
"""Not a dollar would be paid out until jobs in the Foxconn development area were created.""",mostly-true,mostly-false,"['mostly-true', 'half-true', 'mostly-false', 'false']",4,True
"The sales tax increase, if approved, will cost taxpayers ""up to $300 million per year, in perpetuity, to finance a rail system for the City of Tampa.""",mostly-false,false,"['half-true', 'mostly-false', 'false']",3,True
“I can send every qualified person to a four-year college in their state for $150 billion.”,false,false,"['half-true', 'mostly-false', 'false', 'pants-fire']",4,True
"Extending current tax rates would ""average more than $100,000 a year to millionaires and even billionaires.""",mostly-true,true,"['true', 'mostly-true', 'false']",3,True
"“As soon as Biden took office, he eliminated all subsidies for fossil fuels.”",mostly-false,false,"['mostly-false', 'false', 'pants-fire']",3,True
"Rhode Island spends ""52 percent more per capita on human service programs than the national average.""",true,true,"['true', 'mostly-true', 'half-true', 'mostly-false', 'false']",5,True
"Charlie Crist ""raised taxes in 2009 and won't rule out raising taxes again.""",mostly-true,false,"['true', 'mostly-true', 'half-true', 'mostly-false', 'false', 'pants-fire']",6,True
"""We've got more revenue than we ever have.""",false,false,"['mostly-false', 'false']",2,True
"As Tennessee governor, Phil Bredesen ""supported higher taxes on us. Higher gas taxes. Higher sales taxes.""",false,false,"['mostly-false', 'false']",2,True
"""We're the highest taxed nation in the world.""",false,false,"['mostly-false', 'false', 'pants-fire']",3,True
"""The average person only pays about $1,800 in state taxes — which is the lowest of all 50 states.""",mostly-true,false,"['true', 'mostly-true', 'half-true', 'mostly-false', 'false', 'pants-fire']",6,True
"""The primary financing mechanism of the Affordable Care Act is a tax on wealthy people.""",half-true,false,"['mostly-true', 'half-true', 'mostly-false', 'false']",4,True
"""I am the only candidate who ran in either the Democratic or the Republican primary who said from the very beginning (that) I will not raise taxes on the middle class.""",pants-fire,false,"['mostly-false', 'false', 'pants-fire']",3,True
"Potential Foxconn changes are due to ""the wave of economic uncertainty"" from Evers administration",pants-fire,false,"['false', 'pants-fire']",2,True
"The United States has ""10,000 IRS agents making sure that you don't take an improper charity deduction,"" but to fight terrorism, it has ""less than two dozen people focusing on countering violent extremism at home.""",mostly-false,false,"['mostly-true', 'half-true', 'mostly-false', 'false', 'pants-fire']",5,True
"""As Governor, Wolf has already proposed more than $8B in tax increases.""",half-true,false,"['true', 'half-true', 'mostly-false', 'false', 'pants-fire']",5,True
"Says Beto O'Rourke ""voted in favor of a $10 a barrel tax on every barrel of oil produced in the state of Texas.""",mostly-false,false,"['half-true', 'mostly-false', 'false', 'pants-fire']",4,True
"""Under my predecessor, they cut funding for education, but they didn't give them anything in return to make up for that,"" leading to ""less money"" for school districts",half-true,half-true,"['mostly-true', 'half-true', 'mostly-false', 'false']",4,True
"""Senator Obama has voted 94 times to either increase your taxes or against tax cuts.""",false,false,"['mostly-false', 'false', 'pants-fire']",3,True
"Trump’s plan “would suspend the 7.65% your employer matches. See? You will NOT get that, nor will your wage or salary increase by 7.65%”",half-true,false,"['half-true', 'mostly-false', 'false', 'pants-fire']",4,True
"""After how hard you work and how much you pay in taxes, New York City ends up getting the money. I'm Chris Jacobs. I think it's time we have someone in Albany that's making sure our region gets our fair share""",false,false,"['true', 'mostly-true', 'half-true', 'mostly-false', 'false', 'pants-fire']",6,True
"""For decades, the state’s gas tax has been among the highest in the nation.""",true,true,['true'],1,True
"""Since taking office, Andrew Cuomo has given massive tax breaks to corporations and the super rich.""",mostly-false,false,"['mostly-true', 'half-true', 'mostly-false', 'false', 'pants-fire']",5,True
"During the three times the top marginal tax rates were lowered in the 20th century, ""revenues actually went up while the economy improved in America.""",mostly-false,false,"['half-true', 'mostly-false', 'false', 'pants-fire']",4,True
"Says he has a plan for ""$1 billion in tax relief for Illinois.""",mostly-false,false,"['half-true', 'mostly-false', 'false', 'pants-fire']",4,True
The city of Atlanta has either the highest or second-highest average water bills in the country.,true,true,"['true', 'false']",2,True
"Says President Donald Trump ""has given more financial disclosure than anybody else.""",false,false,"['mostly-false', 'false', 'pants-fire']",3,True
"McCain and Bush are millionaires who are ""for tax cuts for millionaires.""",mostly-true,mostly-true,"['mostly-true', 'half-true', 'mostly-false', 'false']",4,True
The new tax will make soda sold in Chicago among the most expensive in the country.,true,false,"['true', 'mostly-true', 'half-true', 'mostly-false', 'false', 'pants-fire']",6,True
"""Not one tax has been raised since I've been governor.""",half-true,false,"['mostly-false', 'false']",2,False
Says his plan would cut taxes without increasing the deficit.,false,false,"['mostly-false', 'false', 'pants-fire']",3,True
"Says Sen. Bill Nelson ""voted for higher taxes"" 349 times.",false,false,"['mostly-false', 'false', 'pants-fire']",3,True
"""2014 Federal Tax Refunds To Be Delayed Until October 2015.""",pants-fire,false,"['false', 'pants-fire']",2,True
"""Close to half of the voters in America, the only tax they pay is the payroll tax.""",half-true,false,"['mostly-true', 'half-true', 'mostly-false', 'false', 'pants-fire']",5,True
"In 2009, Democratic Wisconsin state senators ""rammed through a billion-dollar tax hike in 24 hours with no public input.""",true,false,"['true', 'half-true', 'mostly-false', 'false']",4,True
"""The Congressional Budget Office, a nonpartisan office, did an analysis and said that passing comprehensive immigration reform will reduce the federal deficit by $200 billion over the next decade.""",true,true,['true'],1,True
"""Gov. Scott Walker and the Republican-controlled state legislature have added over $140 million in new special interest spending""",pants-fire,false,"['true', 'half-true', 'mostly-false', 'false', 'pants-fire']",5,True
"""Teachers spend $1.6 BILLION per year on school supplies. The Republican tax bill ELIMINATES their ability to deduct those expenses.""",half-true,false,"['mostly-true', 'half-true', 'mostly-false', 'false', 'pants-fire']",5,True
"Coca-Cola’s CEO ""said he finds it easier to do work in China than in the United States.""",half-true,half-true,"['mostly-true', 'half-true', 'mostly-false', 'false']",4,True
"""We do not want to raise anybody's tax rates. That's never been on the table.""",mostly-false,false,"['half-true', 'mostly-false', 'false', 'pants-fire']",4,True
"Under Obama's tax plan, ""95 percent of you will get a tax cut.""",half-true,half-true,"['half-true', 'mostly-false', 'false']",3,True
"Sen. Sherrod Brown’s vote helped pass ""Barack Obama’s job-killing health care law, which slapped small businesses throughout Ohio with a $500 billion tax increase.""",pants-fire,false,"['mostly-false', 'false', 'pants-fire']",3,True
"Says Alabama Senate candidate Doug Jones ""wants to raise taxes.""",mostly-false,false,"['half-true', 'mostly-false', 'false', 'pants-fire']",4,True
"""Right now we are spending at an all-time high, close to 25 percent of our GDP [is] being spent on the federal government. But our revenues are at an almost all-time low of about 15 percent [of GDP].""",true,true,"['true', 'mostly-true', 'false']",3,True
"""Currently we have some 40-45% of Americans who are not paying any taxes.""",mostly-false,false,"['mostly-false', 'false', 'pants-fire']",3,True
"""A trip to Mar-a-Lago costs taxpayers approximately $3.6 million, according to a Government Accountability Office report.""",half-true,false,"['mostly-false', 'false', 'pants-fire']",3,False
"""Mitt Romney is the first major party candidate for president of the United States in modern times not to release at least 12 years of tax returns.""",false,false,"['mostly-false', 'false', 'pants-fire']",3,True
"""Hidden in the CARES Act was an obscure $135 billion tax break for 43,000 millionaires.""",mostly-true,mostly-true,"['true', 'mostly-true', 'half-true', 'mostly-false', 'false']",5,True
"""We have the highest tax rate anywhere in the world.""",false,false,"['mostly-false', 'false', 'pants-fire']",3,True
"Says Donald Trump’s tax plan gives the wealthy and corporations ""more than the Bush tax cuts by at least a factor of two.""",true,false,"['true', 'mostly-false', 'false']",3,True
"""The American people don't want us to raise taxes.""",mostly-false,false,"['mostly-false', 'false', 'pants-fire']",3,True
"Tim Kaine, as governor, proposed tax increases on people earning ""as little as $17,000.""",true,false,"['half-true', 'mostly-false', 'false', 'pants-fire']",4,False
"Says an illegal immigrant fraudulently claimed children who actually lived in Mexico on income tax forms to collect more than $29,000.",mostly-true,false,"['mostly-true', 'half-true', 'mostly-false', 'false', 'pants-fire']",5,True
"""We have the highest (corporate tax rates) in the world right now.""",mostly-true,mostly-true,"['true', 'mostly-true', 'half-true', 'mostly-false', 'false', 'pants-fire']",6,True
"Tom Barrett ""voted for the largest tax increase in history ... raising taxes on gas and Social Security.""",mostly-false,false,"['half-true', 'mostly-false', 'false']",3,True
Says Susan Collins “pushed for policies that benefited her husband’s lobbying business.”,mostly-false,false,"['mostly-true', 'half-true', 'mostly-false', 'false', 'pants-fire']",5,True
"Says Charlie Bass supports Paul Ryan plan that forces seniors to pay $6,400 a year more for health care so millionaires can pay less in taxes.",mostly-false,false,"['half-true', 'mostly-false', 'false', 'pants-fire']",4,True
"A bill to eliminate Delta Air Lines’ jet fuel tax breaks ""violates federal law and puts the state at risk of losing critical funding from the Federal Aviation Administration.""",true,false,"['true', 'mostly-true', 'half-true', 'mostly-false', 'false', 'pants-fire']",6,True
"""The Alternative Minimum Tax...was created by Congress in 1969 to affect 155 wealthy Americans. Because it was never indexed for inflation, those original 155 taxpayers has increased to affect about 3.5-million in 2006.""",true,true,"['true', 'false']",2,True
"Says when Republicans took over the state legislature in 2010, New Hampshire’s tax rate for employers was 50th in the nation, and unemployment had more than doubled under Democrats.",half-true,false,"['true', 'mostly-true', 'half-true', 'mostly-false', 'false', 'pants-fire']",6,True
"Says the state’s rainy day fund is ""our insurance policy against a major natural disaster.""",mostly-false,false,"['mostly-false', 'false', 'pants-fire']",3,True
“Tim Michels pushed for years to raise (Wisconsin’s) gas tax.”,mostly-false,false,"['half-true', 'mostly-false', 'false', 'pants-fire']",4,True
"""Pat Toomey advocated for eliminating all corporate taxes.""",true,false,"['true', 'mostly-true', 'half-true', 'mostly-false', 'false']",5,True
"The House tax bill has ""a lot more permanent relief for middle-income and even lower-income families"" than the Senate bill does.",mostly-true,mostly-true,"['true', 'mostly-true', 'half-true', 'mostly-false', 'false', 'pants-fire']",6,True
"""I will keep taxes low and cut them where I can. My opponent will raise them.""",half-true,half-true,"['mostly-true', 'half-true']",2,True
Abigail Spanberger and other Democrats “voted to spend public funds on their political campaigns; up to $5 million...”,half-true,false,"['half-true', 'mostly-false', 'false', 'pants-fire']",4,True
"Says Lee Fisher ""wanted a $1.1 billion tax increase which could have driven countless jobs out of state.""",half-true,false,"['mostly-true', 'half-true', 'mostly-false', 'false']",4,True
"Jim Justice “broke his pledge, raised the gas tax.”",false,false,"['half-true', 'mostly-false', 'false', 'pants-fire']",4,True
Tax increases under Michigan Gov. Jennifer Granholm led to state unemployment going from 6.8 percent to 15.3 percent.,mostly-false,false,"['mostly-true', 'half-true', 'mostly-false', 'false', 'pants-fire']",5,True
"""Two-thirds of Wisconsin corporations don't pay state income taxes.""",mostly-true,true,"['true', 'mostly-true', 'half-true', 'mostly-false', 'false']",5,True
"Say that according to the Los Angeles Times, “95% of warrants for murder in Los Angeles are for illegal aliens,” more than two-thirds of all births in Los Angeles County “are to illegal alien Mexicans” on Medicaid, “nearly 60% of all occupants of HUD properties are illegal,” and Nancy Pelosi “wants to put a windfall tax” on retirement fund profits.",pants-fire,false,"['mostly-false', 'false', 'pants-fire']",3,True
Says a change in law he carried stopped a $100 million tax increase in the Dallas school district.,true,true,"['true', 'mostly-true', 'half-true', 'mostly-false', 'false', 'pants-fire']",6,True
"""Last week Senator Obama's running mate said, get this, 'Raising taxes is patriotic.' """,mostly-false,false,"['mostly-false', 'false', 'pants-fire']",3,True
"""We have the lowest corporate tax rate since 1968.""",true,false,"['true', 'mostly-false', 'false']",3,True
"Says President Barack Obama initially said the national health-care mandate isn't a tax, but his administration now says it is a tax.",mostly-true,mostly-false,"['true', 'mostly-true', 'half-true', 'mostly-false', 'false', 'pants-fire']",6,True
"The IRS is ""going to be in charge of our health care.""",false,false,"['mostly-false', 'false', 'pants-fire']",3,True
"""If you make the average amount of people in Wisconsin, $50,000, you got $1.60 less a week in taxes"" under the state income-tax cut, but ""it didn’t show up in your paycheck.""",mostly-true,mostly-true,"['true', 'mostly-true', 'half-true', 'mostly-false', 'false']",5,True
"""Over the next two years, this $1.8 billion deficit will cost individual Wisconsinites $300 each, or $1,200 for families of four.""",false,false,"['mostly-false', 'false', 'pants-fire']",3,True
"""This will be the last time — April — that you’re going to (fill out) that old-fashioned, big, lots of pages, complicated tax form. Because next April you’re going to, in many cases, (file) one page, one card. It’s going to be very, very different. Very, very different.""",mostly-false,false,"['mostly-true', 'half-true', 'mostly-false', 'false', 'pants-fire']",5,True
"""When you add a dollar value to mandates,"" government took almost 50 percent ""of the American people’s money.""",mostly-false,false,"['half-true', 'mostly-false', 'false', 'pants-fire']",4,True
"Says Tony Evers will ""raise property taxes, raise income taxes and raise gas taxes by as much as a dollar a gallon.""",half-true,false,"['mostly-true', 'half-true', 'mostly-false', 'false', 'pants-fire']",5,True
“Biden’s Treasury Department declares IRS will monitor” all accounts over $600.,mostly-false,false,"['mostly-false', 'false']",2,True
"""George LeMieux voted against the majority of Republicans and joined with Democrats to create a 'Task Force For Responsible Fiscal Action' that looks strikingly similar to the 'Super Committee' now being set up in Washington to justify massive tax hikes.""",half-true,false,"['true', 'mostly-true', 'half-true', 'mostly-false', 'false', 'pants-fire']",6,True
"""I cut spending while serving in the state Legislature""",mostly-true,true,"['true', 'mostly-true', 'false']",3,True
"Says Mitt Romney belittled middle-class tax cuts ""as nothing more than 'little Band-Aids.' """,mostly-false,false,"['true', 'mostly-true', 'half-true', 'mostly-false', 'false', 'pants-fire']",6,True
"""We have a governor who's vetoed measures like increasing our minimum wage and restoring the earned income tax cut.""",mostly-true,false,"['true', 'mostly-true', 'half-true', 'mostly-false', 'false']",5,True
"""Americans will spend more on taxes in 2015 than on food, clothing and housing combined.""",half-true,false,"['half-true', 'mostly-false', 'false']",3,True
"""Joe Biden is proposing that any family who tries to pass a business or a farm down to their son or daughter or grandson or granddaughter are going to pay a huge new tax.""",mostly-false,false,"['half-true', 'mostly-false', 'false', 'pants-fire']",4,True
"""I don't think the argument can be credibly made that the United States of America is undertaxed compared to our competitors.""",false,false,"['mostly-false', 'false']",2,True
"""Even with a permanent income tax increase... the budget is more than $1 billion out of balance…""",mostly-true,false,"['true', 'mostly-true', 'half-true', 'mostly-false', 'false', 'pants-fire']",6,True
"Says Bill Nelson ""voted to raise our taxes 150 times.""",false,false,"['mostly-false', 'false', 'pants-fire']",3,True
"Under Republican-backed state budget, the state education agency estimates expansion of Wisconsin’s school voucher program ""could cost nearly $2 billion annually""",pants-fire,false,"['mostly-false', 'false', 'pants-fire']",3,True
"""The 'New York Times' writes this long story"" about Donald Trump’s tax returns but ""didn't point out there was no wrongdoing"" until paragraph 18.",false,false,"['false', 'pants-fire']",2,True
"""We are the only advanced industrialized nation that bases our educational funding on property taxes.""",half-true,false,"['mostly-true', 'half-true', 'mostly-false', 'false']",4,True
"Says Milwaukee Mayor Tom Barrett is responsible for the roughly $7,800 ""I pay in property taxes per year.""",false,false,"['mostly-false', 'false', 'pants-fire']",3,True
"""Scott Walker to cut $300 million from universities, spend $500 million on a pro basketball stadium.""",half-true,half-true,"['mostly-true', 'half-true', 'mostly-false', 'false']",4,True
"President Donald Trump signed an executive order to replace the IRS with the External Revenue Service, eliminating tax returns and income tax.",false,false,"['mostly-false', 'false', 'pants-fire']",3,True
"""Sherrod Brown supported President Obama's $453 billion tax increase.""",mostly-false,false,"['mostly-false', 'false']",2,True
"In first week as governor, Tim Kaine ""proposed a nearly $4 billion tax increase, $4 billion, including a tax increase on people earning as little as $17,000 a year.""",mostly-true,false,"['mostly-true', 'half-true', 'mostly-false', 'false', 'pants-fire']",5,True
"""The Legislature passed Gov. Walker’s so-called property tax relief bill,"" but the Republicans ""are still raising your property taxes.""",half-true,half-true,"['mostly-true', 'half-true', 'mostly-false', 'false']",4,True
"""Not one penny of (California’s Prop 67) bag ban tax goes to the environment.""",half-true,false,"['mostly-false', 'false', 'pants-fire']",3,False
"Says his plan to raise car registration to $56 would still leave Virginia with a fee that’s ""equal to or lower than most states.""",pants-fire,mostly-true,"['true', 'mostly-true', 'half-true', 'mostly-false', 'false']",5,False
"Says ""President Obama’s proposed oil tax would cost consumers 24 cents a gallon.""",mostly-true,mostly-true,"['mostly-true', 'half-true', 'mostly-false', 'false']",4,True
"""More than a million Wisconsinites have voted to raise their own property taxes because Republicans have failed to fully fund our public schools for the past eight years.""",half-true,false,"['mostly-true', 'half-true', 'mostly-false', 'false', 'pants-fire']",5,True
"Says since 2000, Austin’s ""tax burden"" rose more than 40 percent while family income rose more than 20 percent.",mostly-true,true,"['true', 'mostly-true', 'half-true', 'false']",4,True
"The health care bill has ""six years of costs against 10 years of tax revenue.""",half-true,half-true,"['true', 'mostly-true', 'half-true', 'mostly-false', 'false', 'pants-fire']",6,True
"""Jeanne Shaheen was principally involved in a plot with Lois Lerner and President Barack Obama’s political appointee at the IRS to lead a program of harassment against conservative nonprofit groups during the 2012 election""",false,false,"['mostly-false', 'false', 'pants-fire']",3,True
"""It is a commitment voters take very seriously: The only incumbent in Ohio to break his Pledge and vote for Ted Strickland's income tax hike was defeated soundly on Tuesday.""",mostly-true,mostly-true,"['mostly-true', 'half-true', 'mostly-false', 'false']",4,True
"People in the top tax bracket, ""these so-called wealthy, most of them are small-business owners.""",mostly-false,false,"['mostly-false', 'false', 'pants-fire']",3,True
"A transaction tax in countries like the UK ""didn't affect their financial markets at all.""",mostly-false,false,"['half-true', 'mostly-false', 'false', 'pants-fire']",4,True
“The Inflation Reduction Act led to higher taxes.”,mostly-false,false,"['half-true', 'mostly-false', 'false']",3,True
"Huckabee ""was one of the highest taxing governors that we had in this country and rivaling Bill Clinton in terms of the Cato ratings.""",mostly-true,false,"['mostly-false', 'false', 'pants-fire']",3,False
"""Democrats are kind of falling over each other seeing who can raise taxes faster. It looks like they're going to raise taxes anywhere between 20 to 30 percent.""",half-true,false,"['half-true', 'mostly-false', 'false', 'pants-fire']",4,True
"Says Ohio law gives tax breaks ""to rich people who own private jets.""",mostly-true,mostly-true,"['true', 'mostly-true', 'half-true', 'mostly-false', 'false']",5,True
PolitiFact Oregon gave Rob Cornilles a Pants on Fire for a claim about taxes and fees.,pants-fire,false,"['false', 'pants-fire']",2,True
"Gov. Chris Christie caused a 4.1 percent increase in property taxes in 2010, marking the highest increase since 2007.",half-true,true,"['true', 'mostly-true', 'half-true', 'false']",4,True
"“After the referendum, Milwaukee Public Schools has a larger tax levy than the City of Milwaukee.”",true,false,"['true', 'half-true', 'mostly-false', 'false', 'pants-fire']",5,True
"If the legislature refuses to expand Medicaid, ""27 states are going to get our money – Virginia taxpayer money – into their states to provide health care for their citizens, paid for by us.""",mostly-false,false,"['mostly-true', 'half-true', 'mostly-false', 'false', 'pants-fire']",5,True
Foxconn “is the largest taxpayer in Racine County.”,true,false,"['half-true', 'mostly-false', 'false', 'pants-fire']",4,False
"Val Demings ""voted with Pelosi to raise taxes over $4,000 on Florida families.""",mostly-false,false,"['mostly-false', 'false', 'pants-fire']",3,True
Says Georgia Democratic Senate hopeful Michelle Nunn supports higher taxes.,mostly-false,false,"['mostly-true', 'half-true', 'mostly-false', 'false', 'pants-fire']",5,True
"Says Mike Bloomberg “opposed modest proposals during Barack Obama’s presidency to raise taxes on the wealthy, while advocating for cuts to Medicare and Social Security.”",mostly-false,false,"['true', 'mostly-true', 'half-true', 'mostly-false', 'false', 'pants-fire']",6,True
"A $10 million fire fee proposal in St. Petersburg was ""inspired"" by Gov. Rick Scott.",pants-fire,false,"['mostly-false', 'false', 'pants-fire']",3,True
"Says Marilinda Garcia supports ""$150 billion in new taxes.""",pants-fire,false,"['mostly-true', 'half-true', 'mostly-false', 'false', 'pants-fire']",5,True
"""I am the only candidate who ran in either primary who said, ‘I will not raise taxes on the middle class.’""",pants-fire,false,"['half-true', 'mostly-false', 'false', 'pants-fire']",4,True
"""Obama has proposed 442 tax hikes since taking office.""",mostly-false,false,"['mostly-false', 'false', 'pants-fire']",3,True
Says two-thirds of groups targeted for IRS scrutiny were not conservative.,pants-fire,false,"['half-true', 'mostly-false', 'false', 'pants-fire']",4,True
"Gov. Wolf is trying to implement ""a severance tax that would be financed by Pennsylvania’s working class""",mostly-false,false,"['half-true', 'mostly-false', 'false', 'pants-fire']",4,True
"With his proposal to cut income and property taxes, Scott Walker is ""increasing the state deficit at a time when borrowing is already at record levels.""",mostly-false,false,"['mostly-true', 'half-true', 'mostly-false', 'false', 'pants-fire']",5,True
Up until 1913 Americans kept all of their earnings.,half-true,false,"['half-true', 'mostly-false', 'false', 'pants-fire']",4,True
The federal health care law raises taxes and cuts Medicare.,mostly-true,false,"['half-true', 'mostly-false', 'false']",3,False
"""98 percent of American families"" make ""under $250,000 a year.""",true,true,"['true', 'false']",2,True
"The Bush-era tax cuts failed to increase employment and ""work-force participation fell in 2001 and has never returned to the record level set in 2000.""",mostly-true,false,"['true', 'mostly-true', 'half-true', 'mostly-false', 'false']",5,True
"Says Mitt Romney has put forward a plan ""that would cut taxes for millionaires while raising them for the middle class.""",half-true,false,"['mostly-true', 'half-true', 'mostly-false', 'false', 'pants-fire']",5,True
Twenty percent of housing in Portland’s Pearl District is ‘affordable.’,mostly-true,false,"['true', 'mostly-true', 'half-true', 'mostly-false', 'false', 'pants-fire']",6,True
"""Taxes went down under Jerry Brown.""",mostly-true,false,"['mostly-true', 'half-true', 'mostly-false', 'false', 'pants-fire']",5,True
"Abigail Spanberger ""wants a tax increase of $32 trillion - that’s with a `T,’ to pay for her socialist health care plan.""",false,false,"['mostly-false', 'false', 'pants-fire']",3,True
"""The richest 1 percent of America will get a bigger tax cut through this bill than the family income of the average family here in Central Texas.""",mostly-true,mostly-true,"['true', 'mostly-true', 'half-true', 'mostly-false', 'false', 'pants-fire']",6,True
"Says Sen. Sherrod Brown ""voted to block American energy production and increase energy taxes.""",mostly-false,false,"['half-true', 'mostly-false', 'false', 'pants-fire']",4,True
"""Almost half of every dollar that we spend on gas, it goes to New York State.""",false,false,"['half-true', 'mostly-false', 'false']",3,True
"Recommendations for a major tax overhaul for Georgia are an ""overall tax hike.""",mostly-false,false,"['half-true', 'mostly-false', 'false', 'pants-fire']",4,True
"""Four balanced budgets in a row, with no new taxes for anyone. The best job growth in 12 years. Nearly 130,000 new private-sector jobs. Merit pay to reward New Jersey’s best teachers, and the most education funding ever.""",mostly-true,mostly-true,"['true', 'mostly-true', 'half-true', 'mostly-false', 'false']",5,True
"""Ninety-eight percent of the American people will not see their taxes go up"" due to the House health care bill.",mostly-false,false,"['half-true', 'mostly-false', 'false', 'pants-fire']",4,True
"""Ben Franklin once quipped that only two things in life were certain: death and taxes. I think even he didn't envision that the tax man would visit on the day of your death.""",false,false,"['true', 'mostly-true', 'half-true', 'mostly-false', 'false', 'pants-fire']",6,True
"The IRS scandal ""clearly showed some criminal behavior.""",mostly-false,false,"['half-true', 'mostly-false', 'false', 'pants-fire']",4,True
"The ""working tax cut"" created ""over 40,000 new jobs in just the last four years.""",pants-fire,false,"['mostly-false', 'false', 'pants-fire']",3,True
"The health care reform bill ""is the largest tax increase in U.S. history.""",false,false,"['mostly-false', 'false', 'pants-fire']",3,True
"The GOP tax plan ""Sabotages the health care of 13 MILLION Americans.""",half-true,false,"['mostly-true', 'half-true', 'mostly-false', 'false', 'pants-fire']",5,True
"""The state’s tax burden has, according to census figures released today, cost our state another 190,000 residents in 2009.""",false,false,"['mostly-true', 'half-true', 'mostly-false', 'false', 'pants-fire']",5,True
"The ""mega-rich"" pay about 15 percent in taxes, while the middle class ""fall into the 15 percent and 25 percent income tax brackets, and then are hit with heavy payroll taxes to boot.""",true,true,"['true', 'mostly-true']",2,True
"Twenty percent of single adults, ages 21 to 25 with no kids, ""are not working or even in school trying to find a job.""",false,false,"['half-true', 'mostly-false', 'false', 'pants-fire']",4,True
"""Income taxes are voluntary.""",pants-fire,false,"['mostly-false', 'false', 'pants-fire']",3,True
"Says Joe Biden told Americans, ‘If you elect me, your taxes are going to be raised, not cut.”",mostly-false,false,"['half-true', 'mostly-false', 'false', 'pants-fire']",4,True
"Barack Obama said ""people making less than $250,000 would benefit from his plan"" then said ""if you're a family making less than $200,000, you'll benefit.""",mostly-true,false,"['true', 'mostly-true', 'half-true', 'mostly-false', 'false', 'pants-fire']",6,True
"Under President Donald Trump’s newly signed tax law, “Those making less than $50,000 receive the largest (tax) cuts.”",mostly-false,false,"['mostly-true', 'half-true', 'mostly-false', 'false', 'pants-fire']",5,True
"""As soon as Chris Christie was governor, he gave tax cuts to millionaires.""",half-true,false,"['half-true', 'mostly-false', 'false']",3,True
Says U.S. Senate candidate David Perdue flip-flopped on releasing his tax returns.,mostly-true,mostly-true,"['true', 'mostly-true', 'half-true', 'mostly-false', 'false', 'pants-fire']",6,True
"“If you make $50,000/year, $36 of your taxes goes to food stamps. $4,000 goes to corporate subsidies.”",false,false,"['mostly-false', 'false', 'pants-fire']",3,True
"Says Republican opponent Jason Isaac is peddling a plan meaning Texans ""would pay the highest sales taxes in America, up to 14.5 percent.""",mostly-false,false,"['half-true', 'mostly-false', 'false', 'pants-fire']",4,True
"""[E]xcise tax increases drive commerce across state lines.""",mostly-true,mostly-true,"['true', 'mostly-true', 'half-true', 'mostly-false', 'false']",5,True
“Fifty-one percent of our taxes are paid by 2% of New Yorkers.”,mostly-true,false,"['true', 'half-true', 'mostly-false', 'false']",4,False
"Says the state’s budget shortfall is ""not that much different"" than it was in 2003.",false,false,"['false', 'pants-fire']",2,True
Cobb is one of the largest school systems (in the nation) that is debt free.,true,true,"['true', 'false']",2,True
The U.S. loses more on tax breaks than it collects in personal income taxes.,true,true,"['true', 'false']",2,True
"""Obamacare (hit) Americans with over $500 billion in new taxes.""",half-true,false,"['true', 'half-true', 'mostly-false', 'false', 'pants-fire']",5,True
"Under the new health care law, ""all real estate transactions will be subject to a 3.8% Sales Tax""",pants-fire,false,"['false', 'pants-fire']",2,True
"Says ""One of the state’s largest governments made charging this tax one of their top priorities just this year.""",pants-fire,false,"['mostly-false', 'false', 'pants-fire']",3,True
"""The party in the White House"" is responsible for ""a massive tax increase on the middle class.""",mostly-false,false,"['mostly-false', 'false', 'pants-fire']",3,True
President Donald Trump’s tax and spending bill “does not add to the deficit.”,false,false,"['mostly-false', 'false', 'pants-fire']",3,True
President Joe Biden “cheated on his taxes and got away with it.”,false,false,"['half-true', 'mostly-false', 'false', 'pants-fire']",4,True
"Says ""Bill Pascrell voted to eliminate all estate taxes for billionaires, and I voted no.""",mostly-false,false,"['mostly-false', 'false']",2,True
Film and television productions generated a $6 billion economic impact for Georgia’s economy in the most recent fiscal year.,half-true,false,"['true', 'mostly-true', 'half-true', 'mostly-false', 'false', 'pants-fire']",6,True
"The Green New Deal ""would put a $600,000 tax burden on every household.""",false,false,"['mostly-false', 'false', 'pants-fire']",3,True
"Providence has ""amongst the highest tax rate(s) in the entire country.""",mostly-true,false,"['true', 'mostly-false', 'false']",3,False
"Says that Wall Street hedge fund managers ""pay a lower tax rate than does a sheet metal worker in Parma or a school teacher in Cleveland.""",true,true,"['true', 'false']",2,True
"Says Charlie Crist ""was pro-life, pro-gun and vehemently anti-tax.""",mostly-true,false,"['true', 'mostly-true', 'half-true', 'mostly-false', 'false', 'pants-fire']",6,True
"""I've never supported a payroll tax.""",false,false,"['mostly-false', 'false', 'pants-fire']",3,True
"""More astronauts have been to the moon than farmers who paid the inheritance tax in 2013.""",mostly-true,false,"['half-true', 'mostly-false', 'false', 'pants-fire']",4,False
"""The difference over the (previous) four years between where things were headed and where we brought them to over the last four years is a total of $816 in saved property tax money.""",mostly-false,false,"['mostly-false', 'false', 'pants-fire']",3,True
"Says Jeanne Shaheen ""got behind the idea of using the IRS to target American citizens for their political views.""",mostly-false,false,"['half-true', 'mostly-false', 'false', 'pants-fire']",4,True
"Says raising the state income tax rate on millionaires to offset property taxes for other residents is ""not a tax increase. It's a tax shift.""",pants-fire,false,"['mostly-false', 'false', 'pants-fire']",3,True
"""Over half of the people who would be taxed under (a millionaire surtax) are, in fact, small businesspeople.""",false,false,"['half-true', 'mostly-false', 'false', 'pants-fire']",4,True
"""The Internal Revenue code has ballooned to a 5,600-page, 4 million-word complicated mess that is seven times as long as the Bible with none of the good news.""",mostly-true,false,"['true', 'mostly-true', 'half-true', 'mostly-false', 'false', 'pants-fire']",6,True
"""Americans received the biggest tax cut in history last year.""",false,false,"['mostly-false', 'false', 'pants-fire']",3,True
"“$400,000 ... is more money than I’ve ever made” in a year.",mostly-false,false,"['true', 'mostly-true', 'half-true', 'mostly-false', 'false', 'pants-fire']",6,True
"With the Trump tax law, ""70 percent of the benefits went to the wealthiest 1 percent.""",half-true,false,"['mostly-true', 'half-true', 'mostly-false', 'false']",4,True
"Says Paul Ryan is leading the effort to ""pass a tax bill with divisive conception language by disguising it as a college savings plan"" in ""another attempt to ban abortion and rob women of their reproductive rights.""",half-true,false,"['half-true', 'mostly-false', 'false', 'pants-fire']",4,True
"""70 percent of the income tax that the state collects happens to come from Westchester, Nassau, Suffolk and New York City""",true,false,"['true', 'mostly-true', 'half-true', 'mostly-false', 'false', 'pants-fire']",6,True
"""In terms of the wealthiest Americans, we're at the lowest tax rate since the 1950s.""",mostly-true,false,"['true', 'mostly-true', 'half-true', 'mostly-false', 'false', 'pants-fire']",6,True
"""You don’t see Norway losing population, and its taxes are astronomical.""",mostly-true,false,"['mostly-false', 'false', 'pants-fire']",3,False
"Says tax revenue was lower than expected in May and ""that's basically a clear indication the governor's counselors are probably right -- that we are still not out of the woods yet.""",mostly-false,mostly-false,"['mostly-true', 'half-true', 'mostly-false', 'false', 'pants-fire']",5,True
"""The (Wisconsin) governor has proposed tax giveaways to corporations.""",mostly-true,mostly-true,"['true', 'mostly-true', 'half-true', 'mostly-false', 'false']",5,True
"A bill backed by Sean Duffy and other House Republicans ""could actually require the Internal Revenue Service to conduct audits of rape victims"" who get an abortion.",false,false,"['mostly-false', 'false', 'pants-fire']",3,True
"$65 billion ""would be added to the deficit if we keep the cuts for people on the highest incomes.""",mostly-true,mostly-true,"['true', 'mostly-true', 'half-true']",3,True
Says Tennessee has some of the lowest beer excise tax rates in the country.,half-true,false,"['true', 'mostly-true', 'half-true', 'mostly-false', 'false', 'pants-fire']",6,True
"""We’re taxing our small businesses now at rates higher than corporations.""",mostly-false,mostly-false,"['mostly-true', 'half-true', 'mostly-false', 'false']",4,True
"Says Thom Tillis ""gives tax breaks to yacht and jet owners.""",false,false,"['half-true', 'mostly-false', 'false', 'pants-fire']",4,True
"The Republican tax reform proposal is focused on tax breaks for the middle class ""and not about people who are really high-income earners getting a tax break.""",mostly-false,false,"['half-true', 'mostly-false', 'false', 'pants-fire']",4,True
“We’re the only major gas-producing state in the US that doesn’t have a severance tax.”,true,false,"['true', 'mostly-false', 'false']",3,True
"Rick Perry ""has advocated abandoning Social Security, scuttling Medicaid and ending the federal income tax.""",half-true,false,"['mostly-true', 'half-true', 'mostly-false', 'false']",4,True
Arizona U.S. Senate candidate Kari Lake “was against” the child tax credit expansion “when the bill was on the floor.”,mostly-false,false,"['mostly-true', 'half-true', 'mostly-false', 'false', 'pants-fire']",5,True
"Says Pennsylvania charges a top income tax rate of 3 percent and Delaware ""has no state income tax at all.""",half-true,false,"['mostly-false', 'false']",2,False
"""Each [Corbett administration] budget finished in the black.""",half-true,false,"['true', 'mostly-true', 'half-true', 'mostly-false', 'false', 'pants-fire']",6,True
"""It's estimated we leave somewhere north of $350 billion a year - that's billion - a year on the table uncollected because IRS doesn't have the resources.""",half-true,false,"['true', 'mostly-true', 'half-true', 'mostly-false', 'false', 'pants-fire']",6,True
"Jules Bailey ""was instrumental in creating the Business Energy Tax Credit that let companies like Wal-Mart profit by $11 million while costing the Oregon general fund $33 million.""",pants-fire,false,"['mostly-false', 'false', 'pants-fire']",3,True
"Wisconsin has ""one of the most progressive tax codes in the country.""",mostly-true,mostly-true,"['true', 'mostly-true', 'half-true', 'mostly-false', 'false']",5,True
"Says an arts tax would provide ""funding for certified arts and music teachers for every elementary school serving Portland residents.""",half-true,half-true,"['mostly-true', 'half-true', 'mostly-false', 'false']",4,True
"In the 1950s,  ""A lot of people got rich — and they had to pay a top tax rate of 90 percent.""",mostly-true,mostly-true,"['true', 'mostly-true', 'half-true', 'mostly-false', 'false']",5,True
"Says proponents of a bond package for the Austin school district say the district has the second-lowest bond tax rate ""among the Central Texas area school districts.""",half-true,false,"['true', 'mostly-true', 'half-true', 'mostly-false', 'false', 'pants-fire']",6,True
"""The Kenosha casino would be one of the state’s largest employers and pay more to the state than any other company or Tribe – essentially, it would be Wisconsin’s biggest taxpayer.""",mostly-true,true,"['true', 'mostly-true', 'half-true', 'mostly-false', 'false', 'pants-fire']",6,True
"Under President George W. Bush, the U.S. ""spent $1.3 trillion on tax cuts for the wealthy"" and ""trillions"" each on a war and on Medicare drug benefits.",half-true,half-true,"['mostly-true', 'half-true', 'false']",3,True
"Says Gov. Tony Evers ""tried to make us pay even more at the pump by hiking the gas tax.""",half-true,false,"['half-true', 'mostly-false', 'false', 'pants-fire']",4,True
"""The state is set to recapture an additional $500 million in Robin Hood payments from taxpayers and not one penny of it will go to public education in Texas.""",false,false,"['mostly-true', 'half-true', 'mostly-false', 'false', 'pants-fire']",5,True
"New York state has the ""second highest millionaires tax in the nation.""",mostly-false,false,"['true', 'half-true', 'mostly-false', 'false']",4,True
"Says 70 percent of benefits in Donald Trump’s proposal for child care ""go to the people making over $100,000 a year.""",true,false,"['mostly-false', 'false']",2,False
"The proposed excise tax on ""Cadillac"" health plans will hit ""those making less than $200,000"" the hardest.",mostly-true,mostly-true,"['true', 'mostly-true', 'half-true', 'mostly-false', 'false']",5,True
"""If you look at our tax mix, the share of corporate revenues as a percentage of our overall revenue mix has declined by about half over the last 30 years.""",half-true,half-true,"['true', 'mostly-true', 'half-true', 'false']",4,True
"""You worked hard for your money and you paid your taxes when you earned it. Now, (Indiana Republican congressional candidate) Todd Young wants to tax it again when you spend it.""",half-true,false,"['mostly-true', 'half-true', 'mostly-false', 'false', 'pants-fire']",5,True
"The Great Recession emerged ""in large part because of tax policies that slashed taxes on the wealthy, failed to invest in the middle class, took their eyes off of Wall Street, and created a perfect storm.""",mostly-false,mostly-false,"['mostly-true', 'half-true', 'mostly-false', 'false', 'pants-fire']",5,True
"Says Tom Nelson ""backed higher taxes on Social Security, costing Wisconsin seniors $95 million.""",false,false,"['mostly-false', 'false', 'pants-fire']",3,True
"Nevada lawmakers ""permanently cut taxes for over 95 percent of Nevada’s businesses.""",false,false,"['half-true', 'mostly-false', 'false', 'pants-fire']",4,True
"The General Assembly ""has no explicit constitutional authority to impose income, sales, estate and the myriad of other taxes upon us.""",true,false,"['half-true', 'mostly-false', 'false']",3,False
"""Property taxes had increased 70 percent in the previous 10 years.""",mostly-true,false,"['mostly-false', 'false', 'pants-fire']",3,False
"""We bailed out"" Johnson Controls when ""we saved the auto industry"" and ""now they want to avoid paying taxes.""",mostly-true,mostly-false,"['mostly-true', 'half-true', 'mostly-false', 'false', 'pants-fire']",5,True
"""In Florida, for eight years we cut taxes every year, totaling $19 billion.""",half-true,false,"['true', 'mostly-true', 'half-true', 'mostly-false', 'false', 'pants-fire']",6,True
"""And delivered more tax relief than the other Republicans combined.""",mostly-true,mostly-true,"['true', 'mostly-true', 'half-true', 'mostly-false', 'false']",5,True
“NYT is correcting their lies..Trump paid $1M in 2016 & $3.8M in 2017-18..THEY LIED..AGAIN. INFO ON TWITTER THIS AM.”,false,false,"['false', 'pants-fire']",2,True
"""U.S. Olympic medal winners will owe up to $9,000 to the IRS.""",mostly-false,false,"['mostly-true', 'half-true', 'mostly-false', 'false', 'pants-fire']",5,True
"Geithner's failure to pay self-employment taxes while working for the IMF ""is a mistake that is commonly made for people who are working internationally or for international institutions.""",mostly-true,false,"['true', 'mostly-true', 'half-true', 'mostly-false', 'false', 'pants-fire']",6,True
"With the Republican tax law, ""the rich folks got $1.5 trillion.""",half-true,false,"['true', 'mostly-true', 'half-true', 'mostly-false', 'false', 'pants-fire']",6,True
"“This ‘infrastructure bill’ on page 2,385 presents a federal property tax of 3 percent on all homes and land - both residential and commercial.”",pants-fire,false,['false'],1,False
"""About 80 percent of (the manufacturing and agriculture) tax credit goes to claimants who are making $1 million or more.""",true,true,"['true', 'false']",2,True
"The Greenlight Pinellas 1-cent sales tax ""is permanent, we never get to vote on this again.""",half-true,false,"['half-true', 'mostly-false', 'false', 'pants-fire']",4,True
"“If every one of the 340 million people in America paid a new $35 copay to visit the doctor, that still wouldn’t be enough to cover how much Meta would get from just one tax break in Donald Trump's ‘Big Beautiful Bill.’""",half-true,false,"['true', 'mostly-true', 'half-true', 'mostly-false', 'false', 'pants-fire']",6,True
"“The state of Illinois has a lower income tax rate than we do, and a flat tax. It’s almost half of what the top bracket here in Wisconsin is.”",mostly-true,false,"['mostly-true', 'half-true', 'mostly-false', 'false', 'pants-fire']",5,True
"""We see a quarter-billion dollars in a pension fund that needs to be funded at $1.2 billion.""",mostly-true,false,"['mostly-true', 'half-true', 'mostly-false', 'false', 'pants-fire']",5,True
"""President Obama has raised taxes 19 times.""",half-true,false,"['mostly-false', 'false', 'pants-fire']",3,False
"""Anybody who is familiar with the historical data from the IRS knows that raising income tax rates will likely actually reduce federal revenues.""",false,false,"['half-true', 'mostly-false', 'false', 'pants-fire']",4,True
"""Your family"" will pay $2,500 ""after Kara Eastman eliminates your tax cut.""",false,false,"['half-true', 'mostly-false', 'false', 'pants-fire']",4,True
"In 2009, ""the state Legislature passed more than $5 billion in tax increases.""",false,false,"['false', 'pants-fire']",2,True
"""Should Democrats get their way, every income tax bracket will increase on Jan. 1, 2011. Every single one.""",false,false,"['mostly-false', 'false', 'pants-fire']",3,True
"""As governor of Arkansas, I cut taxes and fees almost 100 times, saving the taxpayers almost $380-million. I left a surplus of nearly $850-million.""",half-true,half-true,"['mostly-true', 'half-true', 'mostly-false', 'false']",4,True
"Says that in Curry County, ""if you make a 911 call you’re likely to wait for an hour for a response.""",half-true,half-true,"['mostly-true', 'half-true', 'mostly-false', 'false']",4,True
“Congress just voted to exempt themselves from IRS auditing of their personal finances.”,false,false,"['false', 'pants-fire']",2,True
“Harvard is sitting on top of a $54 billion hedge fund they call an ‘endowment’ that they pay zero taxes on. Yale has $31 Billion. Stanford $29 Billion. Princeton $26 Billion.”,half-true,false,"['true', 'mostly-true', 'half-true', 'mostly-false', 'false', 'pants-fire']",6,True
"""The pope and Donald Trump and Tammy Baldwin all agree"" on eliminating the ""carried-interest"" tax break.",half-true,false,"['true', 'mostly-true', 'half-true', 'mostly-false', 'false', 'pants-fire']",6,True
"I ""helped pass what, if enacted, would be the largest tax cut in Texas history through the State Senate.""",mostly-false,false,"['true', 'mostly-true', 'half-true', 'mostly-false', 'false', 'pants-fire']",6,True
"Wisconsin’s ""rainy day fund"" is ""165 times bigger than when we first took office.""",true,true,"['true', 'false']",2,True
Says taxes paid by the poorest residents of Texas are above the national average.,true,true,"['true', 'false']",2,True
"""HR 1 is going to take your hard-earned tax dollars and millions more and send them to (a political candidate’s) campaign so (they) can put ads on TV.""",mostly-false,false,"['half-true', 'mostly-false', 'false', 'pants-fire']",4,True
"According to ""independent experts,"" Donald Trump's tax plan ""would blow up the debt by over $5 trillion and would in some instances disadvantage middle-class families compared to the wealthy.""",true,true,"['true', 'mostly-true', 'half-true', 'mostly-false', 'false', 'pants-fire']",6,True
"""For decades, Madigan kept property taxes high and made a fortune helping cronies like Pritzker dodge them.""",mostly-false,false,"['half-true', 'mostly-false', 'false', 'pants-fire']",4,True
"""When Nancy Nusbaum was Brown County executive, spending went up nearly 50 percent.""",mostly-true,mostly-true,"['true', 'mostly-true', 'half-true', 'mostly-false', 'false']",5,True
"""Our tax code is . . . 80,000 pages.""",false,false,"['mostly-false', 'false', 'pants-fire']",3,True
"""Obama has (a) new Christmas tree tax.""",mostly-false,false,"['mostly-false', 'false', 'pants-fire']",3,True
“Paying taxes is optional!!”,pants-fire,false,"['false', 'pants-fire']",2,True
"The Baucus health care bill would require taxes on medical devices such as X-ray machines, female condoms, HIV tests and surgical needles.",mostly-true,false,"['half-true', 'mostly-false', 'false']",3,False
"""We cut property taxes by one-third in the state of Texas while I’ve been governor.""",mostly-false,false,"['half-true', 'mostly-false', 'false', 'pants-fire']",4,True
"""The federal government is spending 25 percent of our entire economy versus 100 years ago we spent only 2 percent.""",true,false,"['true', 'mostly-true', 'half-true', 'mostly-false', 'false', 'pants-fire']",6,True
"The health care law ""imposes the largest tax increase in history on the middle class.""",pants-fire,false,"['mostly-false', 'false', 'pants-fire']",3,True
"Independent analysts ""found that Trump's tax plan, given to the wealthy and big corporations, would rack up $30 trillion in debt.""",half-true,false,"['true', 'mostly-true', 'half-true', 'mostly-false', 'false', 'pants-fire']",6,True
"Starting in 2011, ""you will be required to pay taxes"" on ""the value of whatever health insurance you are given by the company.""",pants-fire,false,"['false', 'pants-fire']",2,True
"A three-cents-per-ounce soda tax in Philadelphia ""would result in the loss of 2,000 family-sustaining Teamster Union jobs and countless other jobs in the beverage industry.""",false,false,"['half-true', 'mostly-false', 'false', 'pants-fire']",4,True
"Says Republican recall challenger Jonathan Steitz ""failed to pay his taxes.""",half-true,half-true,"['mostly-true', 'half-true', 'mostly-false', 'false']",4,True
A hidden provision in Obamacare taxes sporting goods as medical devices.,pants-fire,false,"['false', 'pants-fire']",2,True
"""Only 25 percent of what people buy is subject to Rhode Island’s sales tax.""",false,false,"['half-true', 'mostly-false', 'false', 'pants-fire']",4,True
"The federal tax code includes ""deductions for birds flying across America.""",true,false,"['true', 'half-true', 'mostly-false', 'false']",4,True
Brookhaven homeowners pay hundreds of dollars less in property taxes compared with owners of the same-value homes in unincorporated DeKalb County.,half-true,false,"['half-true', 'mostly-false', 'false']",3,True
"Says ""Austin has the lowest property tax rate by far of the five major cities in Texas.""",half-true,true,"['true', 'false']",2,False
"The House tax plan ""would provide permanent tax cuts for individuals who are multi-millionaires and billionaires,"" but ""all middle-class families will eventually face a tax increase, since tax relief for them expires.""",half-true,half-true,"['mostly-true', 'half-true', 'mostly-false', 'false']",4,True
"""Since taking office, we have enacted more than $8 billion in cumulative tax relief.""",true,true,['true'],1,True
"""Taxpayers are paying a fortune for the use of Air Force One on the campaign trail"" by President Barack Obama and Hillary Clinton.",mostly-true,false,"['mostly-true', 'half-true', 'mostly-false', 'false', 'pants-fire']",5,True
"Says Jacky Rosen promised ""to repeal middle-class tax cut.""",mostly-false,false,"['mostly-false', 'false', 'pants-fire']",3,True
"""While Hillary Clinton plans a massive, and I mean massive, tax increase, I have proposed the largest tax reduction of any candidate who has run for president this year, Democrat or Republican.""",mostly-true,false,"['true', 'mostly-true', 'half-true', 'mostly-false', 'false', 'pants-fire']",6,True
"""Americans now spend 100 days out of the year working for government before we even start working for ourselves.""",mostly-true,half-true,"['true', 'mostly-true', 'half-true', 'mostly-false', 'false', 'pants-fire']",6,True
"""The Trump administration handed out taxpayer dollars to a foreign company. Hundreds of homes and farms were bulldozed, and over $500 million in taxpayer dollars were wasted preparing for Foxconn.""",half-true,false,"['mostly-true', 'half-true', 'mostly-false', 'false', 'pants-fire']",5,True
Nikki Haley “raised taxes.”,mostly-false,false,"['half-true', 'mostly-false', 'false', 'pants-fire']",4,True
"""Obama voted to raise taxes on people making just $42,000.""",mostly-false,false,"['mostly-false', 'false', 'pants-fire']",3,True
"In Florida, “68 to 70% of property tax revenue” is from “second homes, investment properties, commercial properties, Airbnb,” not primary residences.",mostly-true,false,"['true', 'mostly-false', 'false']",3,False
"""Every taxpayer, their taxes are going down, except rich people in Manhattan and San Francisco. Some of them, their taxes may go up.""",half-true,false,"['true', 'mostly-true', 'half-true', 'mostly-false', 'false', 'pants-fire']",6,True
"“Americans who worked through the pandemic are being paid up to $26,000 by qualifying for the Employee Retention Credit.”",false,false,"['false', 'pants-fire']",2,True
Letting the Bush tax cuts expire would raise taxes on small businesses.,mostly-false,false,"['mostly-false', 'false', 'pants-fire']",3,True
"""I have never voted for a tax increase.""",false,false,"['mostly-false', 'false', 'pants-fire']",3,True
"""If you got rid of the income tax today you'd have about as much revenue as we had 10 years ago.""",mostly-true,false,"['mostly-true', 'half-true', 'mostly-false', 'false']",4,True
"Under President George W. Bush, the U.S. had ""52 months of ... uninterrupted job creation"" and ""revenues were at an all-time high in 2007.""",mostly-true,mostly-true,"['mostly-true', 'half-true', 'mostly-false', 'false']",4,True
"Says the inspector general for the IRS said there was ""no political motivation"" and ""no outside influence"" for targeting of tax-exempt applications from tea party groups",mostly-true,true,"['true', 'mostly-true', 'half-true', 'mostly-false', 'false', 'pants-fire']",6,True
"""Kelly Ayotte voted to give big oil more than $20 billion in tax breaks.""",mostly-true,false,"['true', 'mostly-true', 'half-true', 'mostly-false', 'false', 'pants-fire']",6,True
"President Obama plans to ""impose a tax of at least 23 percent on the Medicare prescription drug benefit for low-income beneficiaries.""",false,false,"['true', 'mostly-true', 'half-true', 'mostly-false', 'false', 'pants-fire']",6,True
"Says Robert Hurt ""supports the tax loopholes that send American jobs overseas.""",false,false,"['mostly-false', 'false', 'pants-fire']",3,True
"""New Mexico is the second Hollywood"" because of tax incentives for the film industry.",half-true,half-true,"['true', 'mostly-true', 'half-true', 'mostly-false', 'false']",5,True
"Says U.S. Senate rival Tommy Thompson ""wants to give a new $265,000 tax cut to millionaires like himself while raising taxes on the middle class.""",half-true,false,"['true', 'mostly-true', 'half-true', 'mostly-false', 'false', 'pants-fire']",6,True
"Ken Cuccinelli would ""take money away from public schools to fund private schools.""",mostly-false,false,"['half-true', 'mostly-false', 'false', 'pants-fire']",4,True
"Kathy Manning got ""$30 million of your tax dollars plus $2.3 million a year"" to build a luxury hotel and parking lot",false,false,"['half-true', 'mostly-false', 'false', 'pants-fire']",4,True
"""Due to ... tax cuts and lower (property) values, 2009 property taxes were almost $3 billion below 2007 property taxes.""",true,true,"['true', 'mostly-true']",2,True
"Says state Senate President Stephen ""Sweeney gave us the nation's highest income tax rates, driving out jobs.""",false,false,"['mostly-false', 'false']",2,True
"Bill Heller ""raises taxes. Property taxes. Small business taxes. He even wants to tax the Internet. Mr. Heller said no to balancing the federal budget, that puts more debt on our kids.""",mostly-true,mostly-false,"['true', 'mostly-true', 'half-true', 'mostly-false', 'false']",5,True
"“If you make less than $100,000, Trump is about to raise your taxes. Currently, you’re taxed at 10% and then 12%. He would raise that to a flat rate of 15%.”",false,false,"['half-true', 'mostly-false', 'false', 'pants-fire']",4,True
"When he was Milwaukee County executive, ""eight years in a row we pushed through budgets that did not increase the tax levy from the previous year.""",mostly-false,false,"['half-true', 'mostly-false', 'false']",3,True
"Ed Gillespie’s 2006 book ""promoted an individual health care mandate, and recommends that it be enforced by the IRS through the income tax code.""",mostly-true,false,"['true', 'mostly-true', 'half-true', 'mostly-false', 'false', 'pants-fire']",6,True
"""The Republican plan for tax cuts is to give each millionaire -- the top 1 percent of income in this country -- $83,347 a year in tax cuts.""",mostly-true,mostly-true,"['true', 'mostly-true', 'half-true', 'mostly-false', 'false']",5,True
"""Under Trump’s new tax plan … 99.8% of Americans"" get ""not one nickel"" in tax cuts.",pants-fire,false,"['false', 'pants-fire']",2,True
"In Manchester, N.H., gubernatorial candidate Joyce Craig “pushed for a city sales tax. Then, Joyce Craig overrode the tax cap and tried to raise taxes six times.”",half-true,false,"['mostly-true', 'half-true', 'mostly-false', 'false', 'pants-fire']",5,True
"""I cut taxes 23 times when I was mayor of New York City.""",half-true,half-true,"['half-true', 'mostly-false', 'false']",3,True
"""(Ronald Reagan) raised taxes a billion dollars in his first year as governor of California.""",true,false,"['mostly-false', 'false']",2,False
"Says U.S. corporate tax rate is ""highest in the world at 35 percent.""",mostly-true,false,"['true', 'mostly-true', 'half-true', 'mostly-false', 'false', 'pants-fire']",6,True
"Republican politicians are pushing a plan ""that could raise taxes on almost one in three Wisconsinites and sunset Social Security and Medicare in five years.""",mostly-false,false,"['mostly-true', 'half-true', 'mostly-false', 'false', 'pants-fire']",5,True
"Reconciliation was used ""for tax cuts for the rich twice under Bush.""",mostly-true,mostly-true,"['mostly-true', 'half-true', 'mostly-false', 'false']",4,True
"""There's no real evidence in the last 20 years that"" growth from tax cuts has made up lost revenue.",true,false,"['mostly-false', 'false', 'pants-fire']",3,False
"""Gov. Kay Ivey gave nearly $1 million of taxpayers’ money to a liberal activist organization that promotes alternative lifestyles and transgenderism.""",mostly-false,false,"['half-true', 'mostly-false', 'false', 'pants-fire']",4,True
Kamala Harris’ “plan to tax unrecognized Capital Gains mean(s) if your house goes up in value you will have to pay that Tax Even if you don’t sell your House!”,mostly-false,false,"['half-true', 'mostly-false', 'false', 'pants-fire']",4,True
"Gas is under $1 in 13 states, but $2.27 in Pennsylvania, because of the governor.",mostly-false,false,"['half-true', 'mostly-false', 'false', 'pants-fire']",4,True
"""I’ve got the spending down, I’ve got the debt down a little bit, I’ve got the reserves up.""",mostly-true,mostly-true,"['true', 'mostly-true', 'half-true']",3,True
"""(Assembly Democrats) wanted to raise the gas tax by $2.4 billion. We said no to that....They’re down on the ground. They’re sweating. They’re twitching. It’s ugly, ‘cause I keep saying no.""",mostly-false,false,"['mostly-false', 'false', 'pants-fire']",3,True
The accuracy of the Obama tax calculator,half-true,mostly-true,"['true', 'mostly-true', 'half-true', 'mostly-false', 'false', 'pants-fire']",6,True
"""I've traveled the country advocating for the FairTax ...""",mostly-false,mostly-false,"['half-true', 'mostly-false', 'false', 'pants-fire']",4,True
"""The administration raises revenue for nationalized health care through a series of new taxes, including a light switch tax that would cost every American household $3,128 a year.""",pants-fire,false,"['false', 'pants-fire']",2,True
"Under Obamacare, Virginia taxpayers would have been ""forced to pay for abortions"" if the General Assembly had not recently intervened.",false,false,"['half-true', 'mostly-false', 'false', 'pants-fire']",4,True
"""Check out the record of #jobs created by #TaxCuts 7.8 million new jobs after Bush’s 2003 tax cuts 12 million new jobs after Kennedy's 1964 tax cuts 14.8 MILLION new jobs after Ronald Reagan’s tax cuts in 1981.""",mostly-false,false,"['true', 'mostly-true', 'half-true', 'mostly-false', 'false', 'pants-fire']",6,True
"Michael Thurmond ""authored major legislation that has provided more than $250 million in tax relief to Georgia’s senior citizens and working families.""",true,true,['true'],1,True
"Says ""tanking"" Rick Perry’s federal tax plan has ""huge tax cuts for rich people and big tax hikes for everyone else.""",mostly-false,false,"['true', 'mostly-true', 'half-true', 'mostly-false', 'false', 'pants-fire']",6,True
"“Democrat’s New Plan: Tax billionaires to lower the deficit by $1 TRILLION and fund clean energy independence. Republican’s New Plan: Raise taxes on households earning less than $50,000 by an ADDITIONAL $4,500 after CUTTING taxes for the rich.”",mostly-false,false,"['mostly-true', 'half-true', 'mostly-false', 'false', 'pants-fire']",5,True
"Says ""A baby in Coos County is two times as likely to be born to a mother who is someone who used tobacco during her pregnancy as is the average baby born in Oregon or the U.S.""",true,false,"['true', 'mostly-true', 'half-true', 'mostly-false', 'false']",5,True
Says Sal Esquivel wants a 5 percent state sales tax on groceries.,pants-fire,false,"['mostly-false', 'false', 'pants-fire']",3,True
One-third of the economic stimulus package was tax cuts.,mostly-true,mostly-true,"['mostly-true', 'half-true', 'mostly-false', 'false']",4,True
"Sheldon Whitehouse voted for a ""$525-billion tax increase on the middle class.""",pants-fire,false,"['half-true', 'mostly-false', 'false', 'pants-fire']",4,True
"Mitt Romney has ""proposed cutting his own taxes while raising them on 18 million working families.""",mostly-true,false,"['mostly-false', 'false']",2,False
"Says Aaron Rodgers ""is not the highest tax rate payer"" in Wisconsin, it's ""the single mom getting 24 grand in benefits with two kids who will lose 80 cents on the dollar if she goes and takes a job.""",mostly-false,false,"['mostly-true', 'half-true', 'mostly-false', 'false', 'pants-fire']",5,True
"Says ""the money is in the budget"" to give a tax break to ""everyone,"" including people making more than $1 million.",false,false,"['half-true', 'mostly-false', 'false', 'pants-fire']",4,True
"""Over the past decade, the big five oil companies --- BP, Chevron, ConocoPhillips, ExxonMobil and Shell -- made a total profit of nearly $1 trillion.""",mostly-true,mostly-false,"['mostly-true', 'half-true', 'mostly-false', 'false']",4,True
"Says his transportation plan ""would make Virginia the first state in the nation to eliminate the state tax on gasoline.""",true,false,"['half-true', 'mostly-false', 'false', 'pants-fire']",4,False
"Even a 100 percent tax on millionaires would only fund four months of government operations, failing to seriously address budget deficits and debt.",half-true,false,"['mostly-true', 'half-true', 'mostly-false', 'false', 'pants-fire']",5,True
"""The missiles that were launched at American forces in Iraq from Iran, were funded by Barack Obama, with American tax dollars.""",false,false,"['false', 'pants-fire']",2,True
"Sixteen thousand new Internal Revenue Service agents will be ""empowered to enforce"" the new health care legislation.",mostly-false,false,"['half-true', 'mostly-false', 'false']",3,True
"Says Scott Walker rejected legislation to make college loan payments tax deductible and the result was ""to raise taxes on students.""",false,false,"['half-true', 'mostly-false', 'false', 'pants-fire']",4,True
"With Medicare for All, ""study after study has shown that ... the average middle-class families will save $3,000 each and every year on their health care bills.""",mostly-false,false,"['half-true', 'mostly-false', 'false', 'pants-fire']",4,True
"“America now has a government that forbids border agents from using deadly force, but is training IRS agents to use SWAT-team tactics on law-abiding citizens.”",false,false,"['mostly-false', 'false', 'pants-fire']",3,True
"Says ""the typical homeowner will pay $4 more per month"" if library district passes.",true,true,['true'],1,True
“Biden signs 45% capital gains tax. Kiss your inheritance goodbye.”,false,false,"['mostly-false', 'false', 'pants-fire']",3,True
"""Today, property taxes are lower than they were in 2010.""",mostly-true,true,"['true', 'mostly-true', 'half-true', 'mostly-false', 'false']",5,True
Vice President Kamala Harris “wants struggling seniors to pay more Social Security taxes while she gives Medicare and Social Security to illegals.”,false,false,"['mostly-false', 'false', 'pants-fire']",3,True
"If Rhode Island raises the meal and beverage tax to 10 percent, it would be the ""fourth-highest in the nation.""",half-true,false,"['true', 'mostly-true', 'half-true', 'mostly-false', 'false', 'pants-fire']",6,True
"George Allen cast ""the deciding vote"" for the 2003 Bush tax cuts.",false,false,"['mostly-false', 'false', 'pants-fire']",3,True
"""We have the highest corporate income tax in the world right now.""",mostly-true,false,"['mostly-true', 'half-true', 'mostly-false', 'false']",4,True
"Says Texas tax legislation would ""save the average homeowner in Texas $20,000 a year over the next 20 years or so.""",pants-fire,false,"['mostly-true', 'half-true', 'mostly-false', 'false', 'pants-fire']",5,True
Says the U.S. federal income tax rate was 0 percent until 1913.,half-true,false,"['mostly-false', 'false', 'pants-fire']",3,False
"As state Commerce secretary, Mary Burke drafted, sponsored and promoted ""budgets that raised taxes by billions, created high structural deficits and raided funds to finance huge spending hikes.""",mostly-false,false,"['mostly-true', 'half-true', 'mostly-false', 'false', 'pants-fire']",5,True
"""Because of #TaxReform, 4 million American workers have received raises and bonuses, and 90% of Americans are seeing bigger paychecks this month.""",mostly-true,false,"['true', 'mostly-true', 'half-true', 'mostly-false', 'false', 'pants-fire']",6,True
“The loss of SALT deductibility cost our state $15 billion in revenue. So New Yorkers are paying more in taxes and receiving fewer services because of Donald Trump.”,mostly-false,mostly-false,"['true', 'mostly-true', 'half-true', 'mostly-false', 'false', 'pants-fire']",6,True
"""We have the lowest beer tax in the nation.""",false,false,"['mostly-false', 'false', 'pants-fire']",3,True
"""A cashier earning $20,000 per year pays the same (Virginia) income tax rate as a hedge fund manager earning $20 million per year.""",false,false,"['half-true', 'mostly-false', 'false']",3,True
"""The latest round of tariffs now means that the total tax increase on Americans from enacted tariffs exceeds the tax increases from the Affordable Care Act.""",half-true,false,"['mostly-true', 'half-true', 'mostly-false', 'false', 'pants-fire']",5,True
Says Will Rasmussen supported a sales tax as recently as last spring.,false,false,"['mostly-true', 'half-true', 'mostly-false', 'false', 'pants-fire']",5,True
"Nevada Republicans ""didn’t do one single thing to cut spending"" in 2015.",mostly-false,false,"['half-true', 'mostly-false', 'false', 'pants-fire']",4,True
"""Travis County now has the highest urban county tax rate in Texas.""",mostly-true,true,"['true', 'false']",2,False
"""The annual cost of free tax credits alone paid to illegal immigrants quadrupled to $4.2 billion in 2011.""",half-true,false,"['half-true', 'mostly-false', 'false', 'pants-fire']",4,True
"Says Chicagoans ""live in one of the most taxed cities and the most taxed county, unfortunately, in the country.""",mostly-false,false,"['true', 'mostly-true', 'half-true', 'mostly-false', 'false', 'pants-fire']",6,True
"""Paul Workman wants to raise the sales tax.""",false,false,"['mostly-false', 'false', 'pants-fire']",3,True
"""Mitt Romney’s platform ...won't protect the mortgage interest (tax) deduction for middle-class families.""",mostly-false,false,"['mostly-true', 'half-true', 'mostly-false', 'false', 'pants-fire']",5,True
"""One percent of the American people make over 21 percent of all the income in America. That wasn’t the way before George Bush became president.""",half-true,false,"['true', 'mostly-true', 'half-true', 'mostly-false', 'false']",5,True
"""Mark Sharpe has lowered property taxes by 17 percent.""",mostly-false,false,"['half-true', 'mostly-false', 'false', 'pants-fire']",4,True
"""Of the 18 stadiums built from 2004 to 2013, 47 percent of the total cost came from public sources.""",mostly-true,true,"['true', 'mostly-true']",2,True
"The health care reform law ""offset[s] 6 years of benefits with 10 years of tax increases.""",half-true,half-true,"['true', 'mostly-true', 'half-true', 'mostly-false', 'false']",5,True
"“This one here has subsidies for people making as much as $800,000 to be able to buy a Tesla.”",mostly-false,false,"['mostly-true', 'half-true', 'mostly-false', 'false', 'pants-fire']",5,True
"The GOP’s Obamacare replacement would reduce subsidies that help lower-income people buy health insurance, but also ""expand the entitlement"" by giving subsidies to higher-income people ""that Obamacare never helped.""",true,true,"['true', 'mostly-true', 'half-true', 'mostly-false', 'false', 'pants-fire']",6,True
"President Donald Trump’s tax returns show “what any wealthy person's tax history is, if you can believe it — which is good years and bad years, years of immense taxes and years of almost no taxes at all because you carry over losses.”",mostly-false,false,"['half-true', 'mostly-false', 'false', 'pants-fire']",4,True
"Wisconsin property taxes, as a percentage of personal income, ""are the lowest that they've been since the end of World War II.""",true,true,"['true', 'false']",2,True
"""Barack Obama and Hillary Clinton have left us with $19 trillion in debt.""",mostly-false,false,"['mostly-true', 'half-true', 'mostly-false', 'false', 'pants-fire']",5,True
"Says ""there is a plan formulated by Chair (Lynn) Peterson and the cities in Clackamas County to further increase this fee in three years and split it up on projects between the county and cities.""",half-true,half-true,"['mostly-true', 'half-true', 'mostly-false', 'false']",4,True
"""A tax on soda and juice drinks would disproportionately increase taxes on low-income families in Philadelphia.""",true,false,"['half-true', 'mostly-false', 'false', 'pants-fire']",4,False
"""My plan actually gives the middle class the greatest break: $2,000 per family.""",mostly-false,false,"['half-true', 'mostly-false', 'false', 'pants-fire']",4,True
"Says President Barack Obama has ""not proposed one thing that would change"" the fact that Warren Buffett pays a lower tax rate than his secretary.",false,false,"['true', 'half-true', 'mostly-false', 'false', 'pants-fire']",5,True
"""Trump’s tax reform plan was nothing more than a middle-class tax increase.""",false,false,"['half-true', 'mostly-false', 'false', 'pants-fire']",4,True
"California taxes are ""among the highest in the nation.""",mostly-true,false,"['true', 'mostly-true', 'half-true', 'mostly-false', 'false', 'pants-fire']",6,True
"Deficit spending ‘exploded during the Obama administration’ to $5.3 trillion over four years, compared to $2 trillion in eight years under President George W. Bush.",mostly-true,mostly-true,"['true', 'mostly-true', 'half-true', 'mostly-false', 'false']",5,True
"For people in the top 1 percent for income, ""your effective tax burden is in the low 20s, the lowest it’s been in decades and decades and decades -- lower than somebody who might make substantially less money.""",half-true,false,"['true', 'mostly-true', 'half-true', 'mostly-false', 'false', 'pants-fire']",6,True
"""Thanks to Washington, nearly everyone will pay more in taxes in 2013. Somehow people think it's just the wealthy. It's not.""",half-true,false,"['mostly-true', 'half-true', 'mostly-false', 'false', 'pants-fire']",5,True
"""The candidates controlled by Madigan, all of them have said, ‘The answer to our problems is a massive income tax hike.’ """,mostly-false,false,"['true', 'mostly-true', 'half-true', 'mostly-false', 'false', 'pants-fire']",6,True
"""There are no tax increases in this debt limit bill. Period.""",mostly-true,false,"['mostly-true', 'half-true', 'mostly-false', 'false']",4,True
"Says the Koch brothers want to ""protect tax cuts for companies that ship our jobs overseas.""",false,false,"['half-true', 'mostly-false', 'false', 'pants-fire']",4,True
"""Ron Johnson pushed through a special tax loophole that benefited his own family's business … Then he cashed out of the company for $5 million … (he has) doubled his wealth since taking office.""",half-true,false,"['mostly-true', 'half-true', 'mostly-false', 'false', 'pants-fire']",5,True
"Says California Republican Young Kim is ""a tax cheat"" who ""illegally claimed a $7,000 annual homestead exemption on a house she wasn’t living in,"" had ""multiple tax liens placed on her"" as a result and ""owes over $10,000 in unpaid federal income taxes.""",mostly-false,false,"['mostly-false', 'false', 'pants-fire']",3,True
"In the 1980s, ""The lowest income people had the biggest gains.""",false,false,"['mostly-false', 'false', 'pants-fire']",3,True
"“As a Californian, we have given more to the recovery of other states than any other state in the union.”",mostly-true,true,"['true', 'mostly-true', 'half-true', 'mostly-false', 'false']",5,True
"Stimulus tax cuts ""began showing up in paychecks of 4.8 million Indiana households about three months ago.""",false,false,"['false', 'pants-fire']",2,True
"""I have fought for our shared values without being an ideologue or a partisan""",mostly-false,false,"['mostly-true', 'half-true', 'mostly-false', 'false', 'pants-fire']",5,True
"The Baucus health care bill ""would drastically restrict the use of flexible spending accounts (FSAs) in order to help pay for health care reform.""",half-true,half-true,"['mostly-true', 'half-true', 'mostly-false', 'false']",4,True
"""Mark Kirk: Lied about going to war. Opposed middle class tax cuts. And said unemployment’s not that big an issue.""",mostly-false,false,"['true', 'mostly-true', 'half-true', 'mostly-false', 'false', 'pants-fire']",6,True
"Says that over the last decade, the state's population grew three times faster than the Texas state tax system.",mostly-true,mostly-true,"['true', 'mostly-true', 'half-true', 'mostly-false', 'false']",5,True
"If the “Big Beautiful Bill” passes, ""hardworking Americans and families will see an average increase in take-home pay of OVER $10,000 per year.""",mostly-false,false,"['mostly-false', 'false', 'pants-fire']",3,True
"""In Rhode Island, a recent study showed that among a group of people who had been homeless for a year or more, Medicaid costs averaged about $60,000 per person.""",false,false,"['mostly-true', 'half-true', 'mostly-false', 'false', 'pants-fire']",5,True
Georgia has the country’s second highest number of fraudulent tax refund claims.,half-true,half-true,"['true', 'mostly-true', 'half-true', 'mostly-false', 'false']",5,True
"“Democrats' new army of 87,000 IRS agents will be coming for you — with 710,000 new audits for Americans who earn less than $75k.”",mostly-false,false,"['half-true', 'mostly-false', 'false', 'pants-fire']",4,True
"""The majority of Austinites rent"" the places they live.",true,true,"['true', 'false']",2,True
"On key issues including taxes, health care, the Green New Deal, abortion, and guns, there is “no daylight between” Bernie Sanders and Joe Biden.",half-true,false,"['mostly-true', 'half-true', 'mostly-false', 'false', 'pants-fire']",5,True
“The CBO says (the Build Back Better Act) is $3 trillion of deficit spending.”,false,false,"['mostly-false', 'false', 'pants-fire']",3,True
"""For years, they have not been able to get tax cuts -- many, many years, since Reagan.""",pants-fire,false,"['false', 'pants-fire']",2,True
"Delaware Democratic Senate candidate Chris Coons ""thought that a 911 call should be taxed.""",mostly-false,false,"['mostly-false', 'false', 'pants-fire']",3,True
"""During the Bush administration, liberal groups were targeted"" by the IRS, similar to recent targeting.",mostly-false,false,"['true', 'half-true', 'mostly-false', 'false', 'pants-fire']",5,True
"""If you make more than $250,000 a year … you only really take home about $125,000.""",false,false,"['half-true', 'mostly-false', 'false', 'pants-fire']",4,True
"""When I left the Senate, we were on a trajectory towards a balanced budget.""",half-true,false,"['mostly-true', 'half-true', 'mostly-false', 'false', 'pants-fire']",5,True
"Says Mitt Romney ""paid only 14 percent in taxes — probably less than you.""",half-true,false,"['true', 'mostly-true', 'half-true', 'mostly-false', 'false', 'pants-fire']",6,True
"""$500 billion of the extension of the Bush tax cuts for the wealthy goes to 120,000 families.""",mostly-true,mostly-true,"['true', 'mostly-true', 'half-true', 'mostly-false', 'false']",5,True
"""Jim Renacci supports a national sales tax of 23 percent.""",half-true,half-true,"['mostly-true', 'half-true', 'mostly-false', 'false', 'pants-fire']",5,True
"Says Daniel Webster ""used taxpayer funds to build a lobbyist lounge.""",mostly-false,false,"['true', 'mostly-true', 'half-true', 'mostly-false', 'false', 'pants-fire']",6,True
"Says that when President Bill Clinton raised the top tax rates to levels now proposed by Obama, the country experienced significant job growth.",half-true,half-true,"['true', 'mostly-true', 'half-true', 'mostly-false', 'false']",5,True
"Says Florida has ""the second-lowest taxes, per capita, state taxes of any state in the country.""",mostly-true,true,"['true', 'mostly-true', 'half-true', 'mostly-false', 'false']",5,True
"The Congressional Budget Office ""has already doubled its estimate for the cost (of Obamacare) so far from roughly $800 billion to $1.7 trillion.""",false,false,"['mostly-false', 'false', 'pants-fire']",3,True
"A 50-50 public-private split for paying for a new Milwaukee Bucks arena would ""be much better -- in terms of the portion of the public financing -- than most of the other arena projects done around the country.""",true,true,"['true', 'mostly-true', 'false']",3,True
"""When Jim Doyle was governor and Mary Burke was commerce secretary,"" Wisconsin saw ""billions in middle-class tax hikes on nursing home beds, gas, phones and garbage.""",false,false,"['mostly-false', 'false', 'pants-fire']",3,True
"""We have the highest corporate tax rate in the world. It’s 35 percent.""",true,true,"['true', 'false']",2,True
"Says “Joe & Jill Biden’s income went from $396,456 in 2016, to $16,596,979 in 2017-2019. Anyone else want to know where that money is coming from?”",half-true,false,"['true', 'mostly-true', 'half-true', 'mostly-false', 'false']",5,True
"""We cut business taxes so today 70 percent of our businesses don't pay a business tax.""",mostly-true,false,"['mostly-false', 'false', 'pants-fire']",3,False
"Says he first unveiled his new legislative agenda in Wisconsin, not in California as critics complain",mostly-false,mostly-false,"['true', 'mostly-true', 'half-true', 'mostly-false', 'false', 'pants-fire']",6,True
"Property taxes ""are now 18% higher than when (Mark Sharpe) first took office.""",false,false,"['mostly-false', 'false', 'pants-fire']",3,True
"""Corporate taxes will soon be the highest in the industrialized world.""",mostly-true,mostly-true,"['true', 'mostly-true', 'half-true', 'mostly-false', 'false', 'pants-fire']",6,True
"""The top 1 percent pay 45 percent of all taxes in the country.""",half-true,false,"['half-true', 'mostly-false', 'false']",3,True
"Democrats on the House Ways and Means Committee weren’t ""even entitled to bring an expert witness on any aspect of the tax code that affects 100 percent of our economy.""",half-true,false,"['mostly-true', 'half-true', 'mostly-false', 'false', 'pants-fire']",5,True
"Says Tim Kaine ""actually tried to raise taxes by about $4 billion.""",mostly-true,false,"['true', 'mostly-false', 'false', 'pants-fire']",4,False
"Boston is just 60 minutes away and it’s offering subsidies to developers who can charge higher rent than you can get in Providence while construction costs are more or less equal. As a result, the Boston skyline ""is completely dominated by the cranes.""",true,false,"['true', 'mostly-true', 'half-true', 'mostly-false', 'false', 'pants-fire']",6,True
"Says the Treasury Department ""says 41 percent of all business income reported on individual returns would be hit by the [millionaires’] surtax"" that ""would harm small businessmen and women, the very people we are counting on to create new jobs.""",mostly-false,mostly-false,"['mostly-true', 'half-true', 'mostly-false', 'false']",4,True
"Obama ""has voted in the United States Senate to increase taxes on people who make as low as $42,000 a year.""",mostly-false,false,"['mostly-false', 'false', 'pants-fire']",3,True
"""The tax on job creating businesses is 35 percent in the United States, second worst in the entire world.""",mostly-true,false,"['mostly-true', 'half-true', 'mostly-false', 'false', 'pants-fire']",5,True
"""In his very first budget, (Milwaukee) Mayor Tom Barrett broke his pledge to keep a lid on property taxes and has continued increasing taxes and fees ever since.""",mostly-false,false,"['mostly-true', 'half-true', 'mostly-false', 'false', 'pants-fire']",5,True
"After Ronald Reagan cut taxes in 1981 the U.S. enjoyed ""exponential growth.""",mostly-false,mostly-false,"['half-true', 'mostly-false', 'false', 'pants-fire']",4,True
Says his campaign has released his past tax returns.,false,false,"['half-true', 'mostly-false', 'false']",3,True
"""We have one of the most expensive General Assemblies, per capita, in the entire country.""",true,true,"['true', 'false']",2,True
"""For Social Security, which is projected to remain solvent through 2033, Whitehouse has cosponsored [a bill that] . . . would extend the life of the program by an additional 75 years.""",mostly-true,true,"['true', 'mostly-true', 'half-true', 'false']",4,True
"Using a surcharge on the cigarette tax to help pay for a new downtown sports arena ""is not feasible under state law.""",half-true,false,"['true', 'mostly-true', 'half-true', 'mostly-false', 'false', 'pants-fire']",6,True
"""Contrary to media reports, Georgia’s gas tax change led to no price increase at the pump.""",half-true,false,"['true', 'half-true', 'mostly-false', 'false', 'pants-fire']",5,True
"""There are corporations in this nation, some of the biggest corporations in this nation, who do not pay taxes.""",true,true,"['true', 'mostly-true', 'false']",3,True
"Says she ""would bring 186,740 new jobs to Wisconsin"" and ""Donald Trump would cost Wisconsin 61,050 jobs.""",half-true,half-true,"['mostly-true', 'half-true', 'false']",3,True
"Obama ""said (the individual mandate) wasn't a tax.""",true,false,"['half-true', 'mostly-false', 'false', 'pants-fire']",4,False
"Says Andrew Gillum ""wants to increase Florida taxes by a billion dollars.""",mostly-true,false,"['mostly-false', 'false']",2,False
"""While the country’s economy was battered, nine states with no income tax actually grew jobs from 2001 to 2010.""",half-true,false,"['half-true', 'mostly-false', 'false']",3,True
A 5-cent charge on paper bags is a tax.,false,false,"['true', 'mostly-true', 'half-true', 'mostly-false', 'false', 'pants-fire']",6,True
"Property taxes have ""nothing to do with the state.""",half-true,false,"['half-true', 'mostly-false', 'false', 'pants-fire']",4,True
"A proposal to reduce the deficit ""involved large tax cuts for the top bracket.""",half-true,false,"['true', 'mostly-true', 'half-true', 'mostly-false', 'false', 'pants-fire']",6,True
"The federal tax code has ""loopholes that are giving incentives for companies that are shipping jobs overseas.""",true,false,"['mostly-true', 'half-true', 'mostly-false', 'false', 'pants-fire']",5,False
"When oil and gas prices sent state revenues up, Palin sent ""a large share of that revenue directly back to the people of Alaska.""",true,true,['true'],1,True
"Under Gov. Scott Walker’s proposals, ""Money is being taken away from workers, and the tax breaks given to major corporations. """,mostly-true,mostly-true,"['mostly-true', 'half-true', 'mostly-false', 'false']",4,True
"The Green New Deal “costs an average American household almost $700,000 through 2029.”",false,false,"['mostly-false', 'false', 'pants-fire']",3,True
"President Obama ""promised"" families making less than $250,000 a year would not see taxes go up, but ""Obamacare raises 18 different taxes.""",mostly-false,false,"['half-true', 'mostly-false', 'false', 'pants-fire']",4,True
"“A new, independent study put out last week found that at least 55 of our largest corporations used various loopholes to pay zero federal income tax in 2020.”",mostly-true,false,"['true', 'mostly-true', 'half-true', 'mostly-false', 'false', 'pants-fire']",6,True
"""Thanks to our reforms, the average family will have an extra $322 to spend.""",mostly-true,mostly-true,"['mostly-true', 'half-true']",2,True
"Hillary Clinton and Barack Obama want to raise taxes on dividends, a move that would crash the stock market.",mostly-false,false,"['mostly-false', 'false', 'pants-fire']",3,True
"""...some of those (tax increases) were either court-ordered, or they were voted on by the people and approved by the people for (such) things as roads.""",half-true,half-true,"['mostly-true', 'half-true', 'mostly-false', 'false']",4,True
Georgia is one of the 10 most tax-friendly states for retirees.,half-true,true,"['true', 'mostly-false', 'false']",3,False
Americans spend more than $160 billion and 6 billion hours per year complying with the tax code.,true,true,"['true', 'false']",2,True
"""We were able to provide $428 million worth of property tax relief.""",mostly-true,false,"['true', 'mostly-true', 'half-true', 'mostly-false', 'false', 'pants-fire']",6,True
Says taking millionaires off food stamps and unemployment would save $20 million.,mostly-true,false,"['true', 'mostly-true', 'half-true', 'mostly-false', 'false', 'pants-fire']",6,True
"Says the Nike bill ""is not a tax break ... this does not lower the taxes that Nike will pay nor does it prevent the Legislature from raising those taxes in the future.""",mostly-true,true,"['true', 'mostly-true']",2,True
"Says Mitt Romney ""pays less tax than the guys who installed his car elevators.""",half-true,false,"['mostly-true', 'half-true', 'mostly-false', 'false', 'pants-fire']",5,True
"""America’s tax code hasn’t been updated in 30 years.""",mostly-false,mostly-false,"['mostly-true', 'half-true', 'mostly-false', 'false']",4,True
"Says Democratic recall opponent Tom Barrett is campaigning on ""lifting property tax"" limits.",mostly-false,false,"['mostly-true', 'half-true', 'mostly-false', 'false', 'pants-fire']",5,True
"The education tax burden for Shelby County -- and Tennessee -- is ""one of the lowest in the country.""",mostly-true,false,"['true', 'half-true', 'mostly-false', 'false']",4,False
"Says Mitt Romney’s tax plans would ""give an additional $250,000 tax cut to millionaires and billionaires"" while raising taxes on the middle class.",half-true,half-true,"['true', 'mostly-true', 'half-true', 'mostly-false', 'false']",5,True
"The Americans for Tax Reform pledge ""relates to new taxes that were going to be initiated by legislative action.""",false,false,"['false', 'pants-fire']",2,True
"Middle-class Americans ""pay a higher tax rate than millionaires and billionaires.""",half-true,half-true,"['mostly-true', 'half-true', 'mostly-false', 'false', 'pants-fire']",5,True
"The IRS is going to be ""in charge"" of ""a huge national database"" on health care that will include Americans’ ""personal, intimate, most close-to-the-vest-secrets.""",pants-fire,false,"['mostly-false', 'false', 'pants-fire']",3,True
"Says a progressive income tax proposal from Democratic governor candidate J.B. Pritzker ""is wholly regressive.""",false,false,"['half-true', 'mostly-false', 'false']",3,True
"""Hillary [Clinton] wants to raise taxes by over a trillion dollars.""",half-true,false,"['half-true', 'mostly-false', 'false']",3,True
"Says Bruce Rauner is ""misquoting newspapers to lie about J.B. Pritzker.""",mostly-false,false,"['half-true', 'mostly-false', 'false', 'pants-fire']",4,True
"Ending the estate tax would ""protect millions of small businesses and the American farmer.""",pants-fire,false,"['mostly-false', 'false', 'pants-fire']",3,True
"""I said no to higher taxes and fees.""",mostly-false,false,"['half-true', 'mostly-false', 'false', 'pants-fire']",4,True
"""One-third of the gasoline is purchased by out-of-state people"" in Virginia",false,false,"['half-true', 'mostly-false', 'false', 'pants-fire']",4,True
"Says ""51 percent of federal tax filers paid zero federal income tax.""",true,true,"['true', 'false']",2,True
Says five studies show his tax plan can cut rates and still bring the same revenue without raising taxes on the middle class.,mostly-false,false,"['half-true', 'mostly-false', 'false', 'pants-fire']",4,True
"""On (Tom) Wolf’s watch, taxes were high, killing 100,000 PA jobs.""",mostly-false,false,"['half-true', 'mostly-false', 'false', 'pants-fire']",4,True
"""We have the highest per-pupil cost in the country.""",mostly-true,false,"['true', 'mostly-false', 'false']",3,False
"""Donna Campbell has called for ending all federal funding for education""",mostly-true,false,"['mostly-true', 'half-true', 'mostly-false', 'false', 'pants-fire']",5,True
"Louisiana’s film incentives program is so big ""they actually shot an upcoming film initially titled ‘Don’t Mess With Texas’ in New Orleans!""",half-true,true,"['true', 'mostly-true', 'half-true', 'mostly-false', 'false', 'pants-fire']",6,True
"""There are more words in the IRS code than there are in the Bible.""",true,true,"['true', 'false', 'pants-fire']",3,True
"""I haven't raised taxes in the time I've been the governor of New Jersey.""",half-true,false,"['half-true', 'mostly-false', 'false']",3,True
"Louisiana is turning down $100 million ""that would require  us to change our unemployment law, that would have actually raised taxes on  Louisiana businesses.""",mostly-true,mostly-true,"['mostly-true', 'half-true', 'mostly-false', 'false']",4,True
"McCain's ""plan for the economy is to extend George Bush's tax cuts for billionaires and give a $100-billion additional corporate tax cut.""",half-true,half-true,"['mostly-true', 'half-true', 'false']",3,True
"Hedge fund managers ""pay less in taxes than nurses and truck drivers.""",false,false,"['mostly-false', 'false', 'pants-fire']",3,True
"The United States has ""the most number of deductions available to corporations"" for the corporate income tax.",false,false,"['half-true', 'mostly-false', 'false', 'pants-fire']",4,True
"Says Democrats raised taxes over 115 times in the past 10 years, ""making New Jersey increasingly unaffordable and chasing jobs to neighboring states.""",half-true,half-true,"['mostly-true', 'half-true', 'mostly-false', 'false', 'pants-fire']",5,True
Texas has the sixth-highest property taxes in the nation.,mostly-true,false,"['true', 'half-true', 'mostly-false', 'false', 'pants-fire']",5,False
"""The deficit ... is coming down, and it’s coming down rapidly.""",pants-fire,false,"['mostly-false', 'false', 'pants-fire']",3,True
"Says Scott Walker ""gave $6 million in tax breaks to a corporation and told them that they can keep that money even if they lay off half their workforce.""",half-true,half-true,"['mostly-true', 'half-true', 'false']",3,True
"""Sen. Rubio’s (tax plan) would cut taxes for households making around $3 million a year by almost $240,000, which is way more than three times the earnings of a typical family.""",mostly-true,true,"['true', 'mostly-true', 'half-true', 'mostly-false', 'false']",5,True
"""Colorado raked in $60 million in marijuana taxes and licensing fees in the past year.""",true,true,['true'],1,True
"If Rhode Island applied a  1-percent sales tax on all items exempt from sales tax, ''the state  would receive an additional $89,376,857.''",mostly-true,true,"['true', 'mostly-true']",2,True
"""Right now, Texas doesn’t have an income tax and Oklahoma’s lowering their income tax rates, and guess what their severance tax is? Sky high.""",true,false,"['true', 'mostly-true', 'half-true', 'mostly-false', 'false', 'pants-fire']",6,True
"Kim Myers ""voted repeatedly to raise taxes on the people of Broome County, but made millions off of tax savings when her family business relocated its headquarters.""",half-true,false,"['half-true', 'mostly-false', 'false', 'pants-fire']",4,True
"""Holly Turner... still takes her homestead (property tax) exemption in Fort Worth.""",mostly-false,false,"['mostly-false', 'false', 'pants-fire']",3,True
"""The average tax refund is down about $170 compared to last year. Let’s call the President’s tax cut what it is: a middle-class tax hike to line the pockets of already wealthy corporations and the 1%.""",mostly-false,mostly-false,"['true', 'mostly-true', 'half-true', 'mostly-false', 'false', 'pants-fire']",6,True
"Barack Obama and the Democrats have ""proposed a tax for not having health insurance.""",true,false,"['true', 'mostly-false', 'false']",3,True
"""We do know that Romney personally approved over $70 million in fictional losses to the IRS as part of the notorious 'Son of Boss' tax scandal, one of the largest tax avoidance schemes in history.""",half-true,false,"['half-true', 'mostly-false', 'false', 'pants-fire']",4,True
"""This new gas tax does not increase (road) capacity anywhere in the state. It will build no new lanes of freeways. If Californians didn’t like their traffic before, they’re going to like it even less when they’re stuck in the exact same traffic and paying more for their gas.""",mostly-false,false,"['half-true', 'mostly-false', 'false', 'pants-fire']",4,True
"""Our tax rates are lower now than they were under Ronald Reagan. They're much lower than they were under Dwight Eisenhower.""",mostly-true,false,"['true', 'mostly-true', 'half-true', 'mostly-false', 'false', 'pants-fire']",6,True
Ben Unger supported a 15 percent property tax increase on Oregon seniors.,half-true,false,"['mostly-true', 'half-true', 'mostly-false', 'false']",4,True
"""In 2009, Jim Doyle and the Democrats rushed through a budget repair bill with billions in tax increases and held no public hearings.""",mostly-false,false,"['mostly-false', 'false']",2,True
"Says Alex Sink supported ""higher property taxes.""",mostly-false,false,"['half-true', 'mostly-false', 'false', 'pants-fire']",4,True
"""Law firm @POTUS used to show he has no ties to Russia was named Russia Law Firm of the Year for their extensive ties to Russia. Unreal.""",mostly-true,false,"['half-true', 'mostly-false', 'false', 'pants-fire']",4,False
"The Democrat-backed health care reform plan ""will require (Americans) to subsidize abortion with their hard-earned tax dollars.""",false,false,"['half-true', 'mostly-false', 'false', 'pants-fire']",4,True
"""Bill McCollum said tax cuts don't work.""",mostly-false,false,"['mostly-false', 'false', 'pants-fire']",3,True
"""Bill Nelson voted for higher taxes 150 times.""",false,false,"['mostly-false', 'false', 'pants-fire']",3,True
"John McCain will keep the estate tax at 0 percent, the same as it is now.",false,false,"['false', 'pants-fire']",2,True
"Says Gov. Chris Christie has embarked on a tour to ""demand that New Jersey’s Democratic legislature approve an immediate tax cut that would disproportionately benefit the wealthiest.""",false,false,"['true', 'mostly-true', 'half-true', 'mostly-false', 'false', 'pants-fire']",6,True
"Says Ron Saunders ""made the choice to stand with Rick Scott"" on expanding school vouchers, restricting scholarships and giving tax breaks to the wealthy.",false,false,"['true', 'mostly-true', 'half-true', 'mostly-false', 'false', 'pants-fire']",6,True
"""We Really Do Have the Highest Corporate Tax Rate in the World.""",mostly-true,false,"['true', 'mostly-true', 'half-true', 'mostly-false', 'false', 'pants-fire']",6,True
"President Trump was ""kicked off"" the California ballot",pants-fire,false,"['mostly-false', 'false', 'pants-fire']",3,True
"Ron Oakley's ""conservative leadership protected local taxpayers over government bureaucrats"" as the Water Management District’s budget decreased by ""58 percent in the four years he served on the board.""",mostly-false,mostly-false,"['mostly-true', 'half-true', 'mostly-false', 'false']",4,True
“Regulating and taxing marijuana—much like we do alcohol—would generate more than $165M in revenue starting in 2022”,mostly-true,mostly-true,"['true', 'mostly-true', 'half-true', 'mostly-false', 'false', 'pants-fire']",6,True
"Says he ""helped lead an outside audit that’ll save (Milwaukee County) taxpayers over $200 million.""",false,false,"['true', 'mostly-true', 'half-true', 'mostly-false', 'false', 'pants-fire']",6,True
"Says Mitt Romney said at a January 2012 debate that under Paul Ryan’s tax plan, ""I’d have paid no taxes in the last two years.""",mostly-false,false,"['half-true', 'mostly-false', 'false', 'pants-fire']",4,True
Says U.S. Senate candidate Eric Hovde has ‘no problem with raising taxes.’,mostly-false,false,"['mostly-true', 'half-true', 'mostly-false', 'false', 'pants-fire']",5,True
"“The Congressional Budget Office says 90% of the revenue generated from the new IRS agents will come from people making less than $200,000 … and the revenue generated will be $300-plus billion.”",false,false,"['half-true', 'mostly-false', 'false', 'pants-fire']",4,True
"Says Mitt Romney's plan ""calls for a $5 trillion tax cut.""",half-true,false,"['mostly-true', 'half-true', 'mostly-false', 'false', 'pants-fire']",5,True
"""Under Gov. Romney's definition ... Donald Trump is a small business.""",false,false,"['true', 'mostly-true', 'half-true', 'mostly-false', 'false', 'pants-fire']",6,True
Says Social Security is a “legal Ponzi scheme.”,mostly-false,false,"['mostly-false', 'false', 'pants-fire']",3,True
Says the state tax burden per citizen in New York is twice as high as in Florida.,mostly-true,false,"['half-true', 'mostly-false', 'false']",3,False
“Never in American history has so much been spent at one time. Never in American history will so many taxes be raised and so much borrowing be needed to pay for this reckless spending.”,false,false,"['mostly-false', 'false', 'pants-fire']",3,True
"""Newgard owed more than $13,000 for unpaid taxes on his $1 million Milwaukie apartment complex.""",mostly-false,false,"['mostly-true', 'half-true', 'mostly-false', 'false', 'pants-fire']",5,True
"In Wisconsin’s school voucher program, ""two-thirds of the money"" in the ""tax vouchers"" went to people ""making more than $100,000.""",false,false,"['mostly-false', 'false', 'pants-fire']",3,True
