statement,true_verdict,predicted_verdict,prediction_set,set_size,is_covered
"Says Hillary Clinton ""has even deleted this record of total support (for the Trans-Pacific Partnership trade agreement) from her book.""",pants-fire,false,"['mostly-false', 'false']",2,False
"""About 2 percent of Americans get paid the minimum wage.""",mostly-true,mostly-true,"['true', 'mostly-true']",2,True
"""As Houston's mayor, I helped our area lead the nation in job growth.""",false,false,['false'],1,True
"Columbia, Mo., is ""one of the fastest growing cities in the region, the only city in the state to grow jobs faster than the nation as a whole.""",mostly-false,false,"['mostly-false', 'false']",2,True
The minimum wage has risen $2.35 in the last two years. That's 31 percent.,false,false,['false'],1,True
"""We should be seeing numbers in the 500,000 jobs created per month. (Creating 115,000 jobs, the total from April 2012) is way, way, way off from what should happen in a normal recovery.""",half-true,mostly-false,"['half-true', 'mostly-false', 'false']",3,True
"""Of all the jobs President Obama claims to have created since he started, only 38.5 percent are women. So 61.5 percent have gone to men.""",half-true,true,"['true', 'mostly-true']",2,False
"""About 40 percent of Hispanic homeowners have subprime mortgages.""",true,true,['true'],1,True
"A former Clinton administration official and other economists agree that ""if you keep extending these temporary unemployment benefits, you're just going to extend joblessness even more.""",half-true,half-true,['half-true'],1,True
"After hearing ""the frustrations parents and teachers have with the FCAT,"" next year ""we begin improving our testing system.""",half-true,mostly-false,"['mostly-true', 'half-true', 'mostly-false', 'false']",4,True
"Slim Jims ""just recently"" cost 99 cents but now cost $2.69.",false,false,['false'],1,True
"Salaries of Austin residents who don't work for city government ""have not been going up 3 percent a year for the last several years.""",mostly-true,false,"['mostly-true', 'half-true', 'mostly-false', 'false']",4,True
"President Barack Obama ""has now spent three years proving that he kills jobs in energy, he kills jobs in manufacturing.""",mostly-false,false,"['mostly-false', 'false']",2,True
"""The average student comes out of college hundreds of thousands of dollars in debt.""",false,true,"['true', 'mostly-true', 'false']",3,True
"The oceans ""have become 30 percent more acidic.""",mostly-true,true,"['true', 'mostly-true']",2,True
"""The bottom line is clear: Under the policies of this unified Republican government, American workers, families, and business owners are achieving economic growth that is unmatched in recent memory. … More than 1 million new jobs have been created just since we passed tax reform last December.""",half-true,mostly-true,"['mostly-true', 'half-true', 'mostly-false']",3,True
"""There are 3 million jobs available in America that are not filled because too many of our people don’t have the skills for those jobs.""",half-true,mostly-false,"['half-true', 'mostly-false', 'false']",3,True
"""Obama goes to G20 summit ...  Everywhere President Donald Trump goes, Obama shows up, too.""",pants-fire,false,['false'],1,False
"""This is the first time since the Depression that unemployment has stayed above 9 percent for two consecutive years.""",false,false,['false'],1,True
"“In Boone County (Missouri) with a 1.7% unemployment rate, we can’t find enough people, we can’t fill all the job openings.”",mostly-true,mostly-true,"['true', 'mostly-true']",2,True
"""The vast majority of minimum wage workers get a raise within a year.""",half-true,mostly-true,"['true', 'mostly-true', 'half-true', 'mostly-false']",4,True
"""Eight million Americans have dropped out of the work force since (Barack) Obama became president. ... The real unemployment rate is 19 percent.""",mostly-false,mostly-false,['mostly-false'],1,True
"Recovery.gov listed congressional districts that ""do not exist.""",mostly-true,half-true,"['mostly-true', 'half-true', 'mostly-false']",3,True
"""Productivity has risen 18 percent ...yet wages have stayed flat... There are 5-million more people in poverty here in our country than there were in 2000.""",true,true,['true'],1,True
"""Our economy could fall $1 trillion short of its full capacity, which translates into more than $12,000 in lost income for a family of four.""",half-true,half-true,['half-true'],1,True
The economic impact of Atlanta's 2000 Super Bowl was $292 million.,false,false,"['true', 'mostly-true', 'mostly-false', 'false']",4,True
"""Every county, including Chittenden, has fewer people available for work.""",false,false,"['mostly-true', 'half-true', 'mostly-false', 'false']",4,True
Says Bernie Sanders voted against the auto bailout,half-true,half-true,"['true', 'mostly-true', 'half-true', 'mostly-false']",4,True
"""The black unemployment rate (has) increased since the recovery has begun.""",true,true,['true'],1,True
"""Warren (Buffett) still does support me.""",true,true,['true'],1,True
"""Redistribution"" has ""never been a characteristic of America.""",pants-fire,false,['false'],1,False
"In Pennsylvania, President Barack Obama’s policies have increased unemployment 19 percent, led to the loss of 37,900 manufacturing jobs, and left 189,000 more people in poverty.",half-true,half-true,['half-true'],1,True
"As state treasurer, Alexi Giannoulias ""lost $73 million in our kids’ college savings.""",half-true,half-true,"['mostly-true', 'half-true']",2,True
"""The 1990s were a time of prosperity. We created more than 22-million new jobs, moved 8-million people out of poverty, and turned our economy around.""",true,true,['true'],1,True
"""We took Wisconsin from the Bottom 10 for business to the Top 10.""",mostly-false,mostly-false,"['mostly-false', 'false']",2,True
"According to the most recent jobs report, ""we've got more Americans leaving the workforce than we have finding jobs.""",half-true,half-true,"['mostly-true', 'half-true', 'mostly-false', 'false']",4,True
Comparing the price of oil and gas in June 2008 to March 2022 shows that oil companies are “price gouging.”,false,mostly-false,"['mostly-true', 'half-true', 'mostly-false', 'false']",4,True
"Under Gov. Ron DeSantis, “in the last five years, spending has gone up 30%"" in Florida.",half-true,mostly-true,"['mostly-true', 'half-true', 'mostly-false', 'false']",4,True
"""Barack Obama is in an economy that's only worsened since he's been president of the United States.""",half-true,half-true,"['half-true', 'mostly-false']",2,True
"""More Americans have lost their jobs under Barack Obama than any president in modern history.""",mostly-false,mostly-true,"['true', 'mostly-true', 'half-true', 'mostly-false', 'false']",5,True
"""Personal income is growing faster in Tennessee on average than any other state in the country.""",false,false,"['mostly-false', 'false']",2,True
"After Britain’s vote to leave the European Union, ""within 24 hours, Americans lost $100 billion from our 401(k)s.""",mostly-true,mostly-true,"['true', 'mostly-true']",2,True
"Says that before Rick Perry became governor, ""only 4 percent of our total labor force was a minimum wage job ... Today, that number has more than doubled (to) 9.5 percent.""",half-true,half-true,['half-true'],1,True
"""Understand, this is unemployment insurance. It’s not welfare, as a lot of my Republican colleagues like to suggest it is. You pay into it when you’re working. You get help when you’re not.""",mostly-true,mostly-true,['mostly-true'],1,True
"""The Congressional Budget Office estimates that for every $1 we spend on unemployment benefits, $1.90 is put into our economy.""",half-true,mostly-true,"['mostly-true', 'half-true']",2,True
"""In 2011, there were more than 28,000 new Tennessee jobs created and over $4 billion in capital investment. Our Jobs4TN plan is working.""",half-true,mostly-true,"['true', 'mostly-true', 'half-true', 'mostly-false']",4,True
“No economist out there is projecting that (the Build Back Better bill) will have a negative impact on inflation.”,false,false,"['mostly-false', 'false']",2,True
"""Rhode Island has the highest percentage of uninsured adults of any state in New England.""",mostly-true,mostly-true,['mostly-true'],1,True
"""On a per capita basis, Irving-Las Colinas has more Fortune 500 companies than any city in the United States of America.""",mostly-true,false,"['mostly-false', 'false']",2,False
"Says illegal immigration is ""costing us $130 billion a year to house and feed and give benefits to people that shouldn’t be even in the country.""",mostly-false,mostly-false,"['mostly-false', 'false']",2,True
Americans “currently are making less than at the height of the Great Depression.”,pants-fire,false,"['false', 'pants-fire']",2,True
"""Most Americans don’t own stocks.""",half-true,false,"['mostly-true', 'half-true', 'mostly-false', 'false']",4,True
"""We have the third-lowest minimum wage … of developed countries.""",true,true,"['true', 'mostly-true']",2,True
"Under Joe Biden, there are “record numbers of new Black entrepreneurs.”",true,true,"['true', 'mostly-true']",2,True
"""We went from losing 3 million jobs in the last six months of the Bush Administration,"" adding almost 600,000 private sector jobs in the first six months of the year.",mostly-true,mostly-true,['mostly-true'],1,True
“California provides $83.1 billion more than we receive from the federal government. Texas? Receives $71.1 billion more than they provide to the federal government. 71% of the U.S. GDP comes from blue counties.”,mostly-true,mostly-true,"['true', 'mostly-true']",2,True
"Says that President Obama promised that with the stimulus plan, ""unemployment would never go above 8 percent. He even said it would be 6 percent by now.""",mostly-false,mostly-false,"['half-true', 'mostly-false']",2,True
"""GDP was zero essentially for the last two quarters.""",false,false,['false'],1,True
"""The legislature was never given the opportunity to debate or vote on loaning $75 million to 38 Studios.""",true,false,"['true', 'mostly-true', 'half-true', 'mostly-false', 'false']",5,True
"""California is once again the sixth-largest economy in the world. If you add the GDP’s of Washington and Oregon, California would surpass the United Kingdom to become the fifth-largest economy in the world.""",mostly-true,mostly-true,"['mostly-true', 'half-true']",2,True
"""80 percent of North Carolinians are for the living wage""",mostly-true,mostly-true,"['mostly-true', 'half-true', 'mostly-false']",3,True
"""We cut taxes for 95 percent of working families.""",true,true,['true'],1,True
"“My Treasury Department is planning to pay down the national debt this quarter, which never happened under my predecessor.”",half-true,mostly-false,"['mostly-true', 'half-true', 'mostly-false', 'false']",4,True
"""Within a few years, we will be spending more on interest payments than on national security.""",false,false,['false'],1,True
"Says he created ""over 500,000 new jobs -- with a surge in female employment last month.""",half-true,false,"['mostly-false', 'false']",2,False
"""Before NAFTA, trade between the US and Mexico was around $50 billion. Now it stands at more than $500 billion.""",mostly-true,true,"['true', 'mostly-true']",2,True
"""It's been 17 years that we've had unemployment higher than the national average in Oregon.""",true,false,"['mostly-false', 'false']",2,False
"""During Obama's first five years as president, black unemployment increased 42 percent. During Reagan's presidency, black unemployment dropped 20 percent.""",pants-fire,false,['false'],1,False
"""When was the last time you saw a Chevrolet in Japan? It doesn’t exist, folks.""",mostly-false,false,"['mostly-false', 'false']",2,True
"""In Wisconsin, a woman only earns 80 cents for every $1 a man earns.""",mostly-true,mostly-true,['mostly-true'],1,True
"Says with the ongoing economic downturn, child abuse is on the rise.",mostly-true,mostly-true,['mostly-true'],1,True
"More than 10 years of free trade ""has brought a $2 billion per day trade deficit.""",mostly-true,mostly-true,['mostly-true'],1,True
"The GOP budget plan ""would cut nearly a million jobs.""",half-true,half-true,['half-true'],1,True
"Since 2008, Gwinnett County’s population has grown 15 percent, while the county government staff has increased only 1 percent.",true,true,"['true', 'mostly-true']",2,True
"Only ""18 percent of jobs are accessible by transit for metro Atlanta residents. 33 percent for those living in the city.""",true,true,['true'],1,True
"""We have roughly between 85,000 (and) 95,000 open jobs in Wisconsin.""",half-true,half-true,['half-true'],1,True
"Macaulay Culkin’s “Home Alone” shopping trip that cost $19.83 in 1990 would cost $72.28 today, up from $44.40 in 2022.",false,false,['false'],1,True
"The Bush administration had been ""giving (auto companies) billions of dollars and just asking nothing in return.""",false,false,['false'],1,True
"Tariffs are a “direct, regressive tax on Americans” and President Joe Biden’s new tariffs on Chinese goods will “hit every family.”",half-true,mostly-true,"['mostly-true', 'half-true', 'mostly-false']",3,True
The national debt grew an estimated $15 billion last weekend.,true,true,['true'],1,True
"Obama came into office ""with a $1.3 trillion deficit before I had passed any law. ... We came in with $8 trillion worth of debt over the next decade.""",mostly-true,mostly-true,['mostly-true'],1,True
"Says a manufacturing operation in his hometown that made gunstock for Remington rifles ""closed down, we lost those jobs and it's been devastating for my little town.""",half-true,half-true,"['mostly-true', 'half-true', 'mostly-false', 'false']",4,True
"Says ""unemployment tripled"" in Dane County due to Kathleen Falk’s tax policies",half-true,half-true,['half-true'],1,True
"""We will have the highest general revenue in state history next year. Conservative pro-growth policies work in our state.""",mostly-false,mostly-false,"['mostly-true', 'mostly-false', 'false']",3,True
Says Texas economy is about 30 percent larger than Australia’s.,false,false,"['mostly-false', 'false']",2,True
"""We were the No. 1 job creator in America in February and we are now the No. 4 job creator in the last year.""",true,true,['true'],1,True
"Under Gov. Mitt Romney, Massachusetts ranked ""47th in job creation.""",half-true,mostly-true,"['mostly-true', 'half-true']",2,True
"Virginia’s current unemployment rate is ""the lowest in Virginia history.""",false,false,"['half-true', 'mostly-false', 'false']",3,True
"""Nearly a quarter of all adults in this state have some college credit without a degree.""",mostly-true,mostly-true,['mostly-true'],1,True
"""In 2013 we had the largest, the best, private sector job growth we’ve had in this state since the 1990s.""",mostly-true,mostly-true,['mostly-true'],1,True
"Rep. Peter Petrarca ""voted on two pieces of legislation that helped auto body shops ... and at that point I think there is a conflict of interest.""",mostly-true,true,"['true', 'mostly-true', 'half-true']",3,True
DO Black credit card is part of a government plot to control people’s lives.,false,false,['false'],1,True
"""To give a sense of how families are struggling, a record four out of every 10 school kids in Ohio now qualifies for subsidized lunch.""",true,true,['true'],1,True
"""We have the second highest corporate tax rate among our trading partners.""",mostly-true,mostly-true,['mostly-true'],1,True
"Under Gov. Bob McDonnell, more jobs have been lost than created in Southside and Southwest Virginia.",false,false,['false'],1,True
“Prices are up because these corporations are scheming to drive them up.”,mostly-false,mostly-false,"['mostly-true', 'half-true', 'mostly-false', 'false']",4,True
"""Although Democrats represent only 10 of Florida's 25 districts, their districts received 60 percent of the stimulus funds.""",mostly-false,mostly-true,"['true', 'mostly-true', 'half-true']",3,False
"Vice President Kamala Harris responded, “Next question please,” when asked about the economy during an Aug. 29 CNN interview.",pants-fire,false,"['true', 'false']",2,False
"""The reason why Cubans don't have access to 21st century telecommunications — like smart phones, like access to the Internet — is because it is illegal in Cuba.""",mostly-true,mostly-false,"['half-true', 'mostly-false', 'false']",3,False
"Says the Congressional Budget Office said ""unemployment could top 9 percent in 2013""",mostly-false,mostly-true,"['mostly-true', 'half-true', 'mostly-false', 'false']",4,True
"Budget analysts say the looming tax hikes and spending cuts would  ""take us into a recession and kill jobs.""",true,true,['true'],1,True
"Says unemployment in Ohio ""is significantly higher than the unemployment rate in states which are not forced union states and it’s always been that way.""",false,false,['false'],1,True
"Job growth in the United States is now at the ""fastest pace in this country's history.""",false,false,"['mostly-true', 'mostly-false', 'false']",3,True
"""Since Debbie Halvorson has been in politics, Illinois has lost hundreds of thousands of jobs.""",half-true,half-true,['half-true'],1,True
"""China owns more of our bonds than do Americans.""",false,false,['false'],1,True
"""The United States of America, right now, has the strongest, most durable economy in the world.""",mostly-true,true,"['true', 'mostly-true']",2,True
"""92 million Americans aren't working.""",mostly-false,false,"['mostly-false', 'false']",2,True
"""Lumber prices can be tied to the (Trump) administration’s actions.""",half-true,mostly-true,"['mostly-true', 'half-true']",2,True
"""That 3.5 percent (increase in the third quarter GDP) came from two things — government spending on Cash for Clunkers — they just moved fourth-quarter auto sales into the third quarter — and the first-time home buyer thing.""",half-true,half-true,['half-true'],1,True
"""Scott Walker opposed a plan to help Wisconsin students refinance their student loans.""",false,false,['false'],1,True
"""Ronald Reagan faced an even worse recession"" than the current one.",false,false,['false'],1,True
Says 1 in 7 American families is on food stamps.,true,true,"['true', 'mostly-true']",2,True
"""I didn't endorse"" the federal stimulus bill.",pants-fire,pants-fire,"['false', 'pants-fire']",2,True
"In the 1980s, ""The lowest income people had the biggest gains.""",false,false,['false'],1,True
“Trump and McConnell are blocking stimulus checks for Americans married to immigrants.”,mostly-false,mostly-false,"['mostly-false', 'false']",2,True
"Says in 1944 ""we were in debt more than twice as much as we are now.""",false,false,"['mostly-false', 'false']",2,True
"Says Hillary Clinton and Tim Kaine ""want to shut down shale, and shut down natural gas.""",half-true,false,"['mostly-false', 'false']",2,False
"Barack Obama has ""doubled our national debt. Doubled it. It's going to be close to $20 trillion when he leaves.""",half-true,mostly-true,"['mostly-true', 'half-true', 'mostly-false']",3,True
"Agriculture contributes $71 billion to Georgia’s economy annually, making it the state’s largest industry.",mostly-true,mostly-true,['mostly-true'],1,True
Says Josh Mandel bet against Ohio families,pants-fire,pants-fire,['pants-fire'],1,True
"Tariffs are ""paid for mostly by China, by the way, not by us.""",false,false,"['mostly-false', 'false']",2,True
"""Rhode Islanders pay among the highest auto repair bills in the nation.""",true,true,"['true', 'mostly-true']",2,True
"Sherrod Brown ""has stood side by side"" with President Barack Obama, presiding ""over the most rapid increase in the debt over the last 2.5 years"" and hurtling toward "" the worst jobs record in the modern era.""",half-true,half-true,['half-true'],1,True
Says Mitt Romney has changed his position on supporting the TARP program.,false,mostly-true,"['true', 'mostly-true', 'half-true', 'mostly-false', 'false']",5,True
"Under Republican economic policies, ""the typical American family saw their incomes fall by about 6 percent.""",half-true,mostly-true,"['mostly-true', 'half-true', 'mostly-false', 'false']",4,True
The U.S. currently has “no inflation.”,false,false,['false'],1,True
"""We’ve had the private sector more than double the investment that was made by the public sector"" at Quonset Business Park.",true,false,"['mostly-false', 'false']",2,False
Elon Musk said “Tesla is finished” and needs “drastic changes immediately.”,false,false,['false'],1,True
"""The United States ranks second worst in income inequality across developed countries,"" after taxes and transfers.",mostly-true,mostly-true,"['true', 'mostly-true', 'half-true']",3,True
"“Right now we have over 40,000 new jobs in a little over 18 months” in Missouri.",false,false,"['mostly-true', 'mostly-false', 'false']",3,True
"""In Wisconsin, the stimulus paid for a bridge to a bar called Rusty's Backwater Saloon. They've got great burgers, but no new jobs.""",mostly-false,mostly-false,"['mostly-false', 'false']",2,True
Vice President Kamala Harris “is a communist. … She is really a Marxist.”,pants-fire,false,"['false', 'pants-fire']",2,True
"""Nine out of the 10 poorest states are Red states.""",mostly-true,mostly-true,"['mostly-true', 'half-true', 'mostly-false']",3,True
"""The largest tax increase that we have ever had in our state is yours – it is the business margins tax that you signed, governor.""",false,false,['false'],1,True
"Six of the nation’s 10 wealthiest counties, ""according to median income, are in and around the Washington, D.C. area.""",true,true,['true'],1,True
"The ratio of people working for the government and working in manufacturing today is ""an almost exact reversal of the situation in 1960.""",half-true,half-true,['half-true'],1,True
"Says Donald Trump called pregnant employees ""an inconvenience.""",true,true,"['true', 'mostly-true']",2,True
"""The unemployment rate for young people is down from a 10.6 percent high in 2009 to 2.6 percent today.""",false,false,['false'],1,True
"During President Joe Biden’s four years in office, “31% of U.S. job growth” came from public-sector jobs.",false,false,"['mostly-true', 'mostly-false', 'false']",3,True
“Gov. Tony Evers brought Republicans and Democrats together to cut income taxes for the middle class.”,half-true,false,"['half-true', 'mostly-false', 'false']",3,True
"""One out of two Americans … are living either in or near poverty. That means 150 million Americans, half of us.""",half-true,mostly-true,"['true', 'mostly-true', 'half-true']",3,True
"""For the first time in nearly two decades, we produce more oil here in the United States than we buy from the rest of the world.""",true,true,['true'],1,True
"If upstate New York split from downstate ""the economic indicators of upstate New York would be among the lowest in the country.""",mostly-true,mostly-true,"['true', 'mostly-true', 'half-true', 'mostly-false', 'false']",5,True
"""If the debt ceiling is surpassed, our nation will not go into default as some suggest.""",half-true,half-true,['half-true'],1,True
"""Factories are opening their doors at the fastest pace in almost two decades.""",mostly-true,true,"['true', 'mostly-true']",2,True
"""We are not producing jobs. We created 80,000 jobs last month. We don't talk about the jobs that we lost. The net of it all is that we lost jobs.""",false,mostly-false,"['half-true', 'mostly-false', 'false']",3,True
"""We have a retiree that is collecting a $17,000 paycheck a month . . . tax free.""",true,false,"['true', 'mostly-true', 'mostly-false', 'false']",4,True
"""(After the auto bailout) General Motors is back on top as the world’s No. 1 automaker.""",half-true,mostly-true,"['true', 'mostly-true', 'half-true']",3,True
“Half the workforce in the country may have just been idled” by coronavirus.,mostly-false,false,"['half-true', 'mostly-false', 'false']",3,True
"""For four years, we balanced the budget and paid off $405 billion in debt.""",false,false,['false'],1,True
"Since Gina Raimondo took office, investment fees on the state's pension portfolio ""have gone up from about $12 million annually to about $50 million.""",half-true,mostly-true,"['mostly-true', 'half-true', 'mostly-false', 'false']",4,True
“We have a national debt the size of our nation’s economy for the first time since World War II.”,half-true,mostly-true,"['true', 'mostly-true', 'half-true']",3,True
"""What’s clear is (Romney) likes firing people.""",mostly-false,false,"['mostly-true', 'half-true', 'mostly-false', 'false']",4,True
"A Congressional Budget Office estimate of people who stand to lose insurance from President Donald Trump’s tax and spending law said “about 5 million … have other insurance,” so “if they lose one (type of coverage), they're still insured.”",mostly-false,mostly-false,"['half-true', 'mostly-false', 'false']",3,True
"""The top one-tenth of 1 percent"" of Americans ""own almost as much wealth as the bottom 90 percent.""",mostly-true,mostly-true,"['true', 'mostly-true']",2,True
"Says Donald Trump ""doesn't believe in equal pay.""",half-true,mostly-false,"['mostly-true', 'half-true', 'mostly-false', 'false']",4,True
"""Workers in the United States are making less than they were almost 20 years ago, and yet they are working harder.""",mostly-false,mostly-false,"['mostly-true', 'half-true', 'mostly-false', 'false']",4,True
"""This is the first time in our state, and one of the first times in the country, where benefit reductions . . . has happened to people who are retired.""",half-true,false,"['mostly-true', 'half-true', 'mostly-false', 'false']",4,True
"Rhode Island ""is one of the worst states"" for income equality.",mostly-false,false,"['mostly-true', 'half-true', 'mostly-false', 'false']",4,True
"In the ""Obama economy ... the youth unemployment rate is double the unemployment rate for all Americans.""",half-true,mostly-false,"['mostly-false', 'false']",2,False
"""Over the time that President Obama has been in office, we have lost 2.5 million free
	enterprise system jobs, and, yet, 500,000 federal government jobs have been
	added.""",mostly-false,mostly-false,"['mostly-true', 'half-true', 'mostly-false', 'false']",4,True
"""Of those 850,000 (new Texas) jobs, most were public-sector jobs and minimum-wage jobs.""",mostly-false,mostly-false,"['mostly-true', 'mostly-false', 'false']",3,True
"Says the Republican  ""state convention is  actually larger than the Republican National  Convention.""",mostly-true,mostly-true,"['mostly-true', 'half-true', 'mostly-false']",3,True
"""Credit card debt is above $1 trillion for the FIRST TIME EVER.""",mostly-true,mostly-true,"['true', 'mostly-true']",2,True
"""When you're white ... you don't know what it's like to be poor.""",false,false,"['mostly-false', 'false']",2,True
"Says the United States is in ""the worst recovery from an economic recession since World War II.""",half-true,mostly-true,"['mostly-true', 'half-true', 'mostly-false', 'false']",4,True
"""Following the catastrophic, cascading collapse of major investment banks on Wall Street in 2007.....Nobody was prosecuted, no hearings were held and no reforms were implemented.""",false,false,"['mostly-true', 'half-true', 'mostly-false', 'false']",4,True
"""Right now, we only keep 50 percent of Georgia Tech's graduates.""",mostly-true,mostly-true,['mostly-true'],1,True
"""There's not a single, solitary example that"" signing the bill to end Glass-Steagall ""had anything to do with the financial crash.""",mostly-true,mostly-true,"['true', 'mostly-true', 'half-true', 'mostly-false', 'false']",5,True
"""The top one-tenth of 1 percent now owns almost as much wealth as the bottom 90 percent.""",mostly-true,mostly-true,['mostly-true'],1,True
"""When President Obama was elected, the market crashed … Trump was up 9%, President Obama was down 14.8% and President Bush was down almost 4%. There is an instant reaction on Wall Street.""",mostly-false,false,"['mostly-true', 'mostly-false', 'false']",3,True
"Clayton County has employed 1,300 people over the past seven months through the Neighborhood Stabilization Program.",half-true,half-true,['half-true'],1,True
"""Today, we (in Pennsylvania) have higher unemployment and lower job growth than most.""",mostly-true,mostly-true,"['true', 'mostly-true']",2,True
“Tim Michels pushed for years to raise (Wisconsin’s) gas tax.”,mostly-false,false,"['mostly-false', 'false']",2,True
"""We rank below Ethiopia, I'm told, in terms of our exports per capita, well below any of the other developed countries we trade with, and well below China and (South) Korea.""",half-true,half-true,['half-true'],1,True
"The United States' regulations ""are among the most difficult in the world.""",false,mostly-false,"['mostly-true', 'half-true', 'mostly-false', 'false']",4,True
"""We doubled the size of the company (Hewlett-Packard).""",mostly-true,mostly-true,"['true', 'mostly-true', 'half-true', 'mostly-false']",4,True
"The minimum wage is ""lower right now than it was when Ronald Reagan took office.""",mostly-true,mostly-true,"['true', 'mostly-true', 'half-true']",3,True
Joe Biden’s tweet is proof that a helicopter crash that killed six Nigerian billionaires was planned by Biden.,pants-fire,false,"['false', 'pants-fire']",2,True
"""And over the last six years, Chicago’s economy has grown faster than the economies of New York City, Washington, D.C., or the national average.""",mostly-false,mostly-true,"['mostly-true', 'half-true', 'mostly-false']",3,True
"""We've achieved a historic increase in defense spending to get our troops the support they so richly deserve.""",false,mostly-false,"['mostly-false', 'false']",2,True
"""Since the passage of Tax Cuts, real disposable personal income per household has increased $5,205.""",mostly-true,mostly-true,"['true', 'mostly-true', 'half-true']",3,True
"According to an article in the Economist magazine, Americans are ""guaranteed"" to live above the poverty line if they graduate from high school, keep their first job for over a year and get and stay married.",half-true,false,"['half-true', 'mostly-false', 'false']",3,True
"""The governor’s not taking his own fiscal advice. ... In the first fiscal quarter of this year, we’ve seen a 13.5 percent increase in spending, double-digit spending out of the executive branch in the State of Texas.""",half-true,half-true,['half-true'],1,True
"Gas prices have gone up 99 percent since Obama became president, ""the highest gas price increase since Carter.""",mostly-false,false,"['mostly-false', 'false', 'pants-fire']",3,True
"""From 1980 to 1990, the top 1 percent saw their income go up by roughly 80 percent"" while ""the median wage in the country over (the same) 10 years went up 3 percent.""",mostly-true,mostly-true,['mostly-true'],1,True
"""Ohio is doing better right now than the national average on all the (economic) numbers.""",half-true,half-true,['half-true'],1,True
"If Wisconsin Gov. Tony Evers ""had passed his (gas) tax increases ... fuel prices would be at least a dime higher.",mostly-true,mostly-false,"['mostly-true', 'half-true', 'mostly-false', 'false']",4,True
The United States is “the only major industrial economy to have its unemployment rate triple” since the coronavirus pandemic began.,mostly-true,true,"['true', 'mostly-true']",2,True
"""Income inequality is worse in towns run by Democrat mayors than in towns run by Republican mayors.""",half-true,mostly-true,"['mostly-true', 'half-true', 'mostly-false']",3,True
"The national debt is ""larger than our entire annual economy.""",mostly-true,mostly-true,['mostly-true'],1,True
"""The region I represent, both currently and in the future, has more automotive plants than the entire state of California.""",true,true,['true'],1,True
"""Republican policies have led to business investment growth that’s 10 times
faster than what we saw under President Obama.""",mostly-false,mostly-false,['mostly-false'],1,True
"""We're bankrupt.""",false,false,['false'],1,True
"President Barack Obama’s ""spending drove us $5 trillion deeper in debt.""",half-true,mostly-false,"['half-true', 'mostly-false', 'false']",3,True
"""Since Vice President Harris and I took office … incomes have risen faster than prices.""",mostly-true,mostly-true,"['true', 'mostly-true']",2,True
"Says John Boehner ""admits 'we are not going to be any different than we’ve been' "" by returning to ""the same failed economic policies"" that ""wrecked our economy.""",pants-fire,pants-fire,['pants-fire'],1,True
"""Most Texans aren't millionaires.""",true,true,['true'],1,True
"The price of ""bacon is up five times"" under President Joe Biden.",false,false,['false'],1,True
"""We spend less than 2 percent more every year. That is the lowest increase in spending since they have been keeping numbers.""",true,mostly-true,"['true', 'mostly-true', 'half-true']",3,True
“The global cost of corruption is as much as 5% of the world's GDP.”,false,false,"['mostly-true', 'mostly-false', 'false']",3,True
"""We’re seeing now 30 straight months of private-sector job growth, 4.6 million jobs created.""",mostly-true,mostly-true,"['true', 'mostly-true']",2,True
"Experts say the property tax ""is the most harmful to economic growth and . . . the sales tax is least harmful.""",mostly-false,mostly-false,"['mostly-true', 'mostly-false']",2,True
"""Biden wants to end Shareholder Capitalism.. that's your 401k..your pensions.. your retirement.. are you voting for that???""",mostly-false,mostly-false,"['mostly-false', 'false']",2,True
"During the past four years, ""average wages have barely budged.""",true,mostly-true,"['true', 'mostly-true']",2,True
"Wisconsin has ""the fastest-shrinking middle class in the country.""",mostly-false,mostly-false,"['mostly-true', 'half-true', 'mostly-false']",3,True
"""In February alone, nearly 1 million jobs held by native-born Americans disappeared.""",false,false,"['mostly-false', 'false']",2,True
“Saudi Arabia will stop using the US dollar for oil sales and will not renew the 50-year petro-dollar agreement with the U.S.”,false,false,['false'],1,True
"Says ""black Americans have 10 times less wealth than white Americans.""",mostly-true,mostly-true,"['true', 'mostly-true']",2,True
"""When the price for oil goes up on the markets, it goes right up, but it never goes down.""",false,false,['false'],1,True
"""As governor, Ted Strickland left only 89 cents in Ohio’s rainy day fund.""",true,true,"['true', 'mostly-true']",2,True
"The jobs bill includes ""President Obama's tax on soup kitchens""",mostly-false,false,"['mostly-false', 'false']",2,True
"""More businesses are closing than are opening for the first time in our nation's history.""",half-true,mostly-false,"['half-true', 'mostly-false', 'false']",3,True
"Says President Barack Obama said that if he doesn’t turn the economy around after three years in office, he’ll be a one-term president.",mostly-true,mostly-true,['mostly-true'],1,True
New York City mayoral candidate Zohran Mamdani is a communist.,false,false,"['false', 'pants-fire']",2,True
"Says ""President Obama and his National Labor Relations Board"" sued Boeing over its decision to open a plant in South Carolina.",half-true,false,"['mostly-false', 'false']",2,False
"""Sadly during the course of the pandemic one-third of our small businesses have closed.""",mostly-true,mostly-true,"['true', 'mostly-true']",2,True
"""Since that famous day in February where the governor campaigned with  Barack Obama on behalf of the stimulus program, 211,000 Floridians have  lost their jobs.""",true,true,['true'],1,True
"""It’s gotten to a point where the average federal worker makes twice as much as the average private sector worker.""",false,false,['false'],1,True
“The number of full-time jobs (was) dropping almost the entire Biden administration.”,false,false,['false'],1,True
“There are fewer Iowans working today than when Gov. Reynolds took office.”,mostly-true,true,"['true', 'mostly-true']",2,True
"""We've made other countries rich while the wealth ... of our country has dissipated over the horizon.""",mostly-false,false,"['mostly-false', 'false']",2,True
"“New York, for all of their complaining, Gov. Cuomo's complaining, has only had a 1.5% decrease in revenue” due to the coronavirus pandemic.",mostly-false,mostly-true,"['mostly-true', 'half-true', 'mostly-false']",3,True
"""In 1960, we spent more than 3 percent of our GDP on infrastructure projects like the Interstate Highway. Today we spend less than 1 percent of our GDP on these vital investments.""",half-true,mostly-false,"['mostly-true', 'half-true', 'mostly-false', 'false']",4,True
"""We've created or saved up to 1.6 million jobs, according to the CBO -- the Congressional Budget Office -- through the Recovery Act.""",half-true,half-true,['half-true'],1,True
"""Half of all CEOs say that the shutdown and the threat of shutdown set back their plans to hire over the next six months.""",mostly-true,mostly-true,"['true', 'mostly-true', 'half-true']",3,True
"Georgia loses ""millions of dollars of revenue because people go out of state to buy fireworks.""",mostly-true,mostly-true,['mostly-true'],1,True
"Rhode Island's state pension system ""underperformed the median three out of the four years that Mr. [Frank] Caprio was in office.""",mostly-true,false,"['mostly-true', 'half-true', 'mostly-false', 'false']",4,True
"""Job creation fell by 70 percent in Wisconsin in 2016"" under Scott Walker.",mostly-true,mostly-true,['mostly-true'],1,True
"“Since 1989 and a new age of globalization began, 51 million jobs have been created in America. 49 million, 96%, have been created under Democratic presidents.”",mostly-true,mostly-true,"['mostly-true', 'half-true', 'mostly-false', 'false']",4,True
"""25 percent of our economy is the financial sector.""",mostly-false,mostly-true,"['mostly-true', 'mostly-false']",2,True
"""Our president has labeled Americans as soft.""",half-true,half-true,['half-true'],1,True
"""One out of every two kids who are graduating college right now can't find a job.""",mostly-true,mostly-false,"['mostly-true', 'half-true', 'mostly-false', 'false']",4,True
"Farmers ""are now dumping milk into the ditches"" because of a trade dispute with Canada",false,false,"['mostly-true', 'mostly-false', 'false']",3,True
Glenn Youngkin “called COVID relief ‘unnecessary.’”,mostly-false,mostly-false,"['mostly-true', 'half-true', 'mostly-false']",3,True
"""I cut more as a percentage out of government than any state in the country this past decade. And where is Michigan in terms of its economic growth? Cutting did not result in economic growth.""",mostly-true,true,"['true', 'mostly-true']",2,True
"""Rhode Island has a [inmate] recidivism rate of over 60 percent.""",mostly-true,mostly-true,"['true', 'mostly-true', 'half-true', 'false']",4,True
"Sherrod Brown opposed blocking a new EPA emissions rule, ""despite acknowledging that the EPA's cap-and-trade regulations are ‘burdensome’ and could harm economic growth in Ohio.""",mostly-false,mostly-true,"['true', 'mostly-true', 'half-true']",3,False
"Says Mark Zandi, who wrote a report criticizing Donald Trump’s economic proposals, is ""one of Sen. John McCain's former economic advisers.""",half-true,true,"['true', 'mostly-true', 'half-true', 'mostly-false', 'false']",5,True
"Says the 3C Corridor train would have taken  ""an hour and 15 minutes longer"" to carry passengers across Ohio ""than it would have taken on a New York Central train in 1935.""",true,true,"['true', 'mostly-true']",2,True
"The president's budget ""would take ... non-defense spending to its lowest level ... as a percentage of the economy since JFK.""",mostly-true,mostly-true,['mostly-true'],1,True
"The Republican National Convention ""is a Super Bowl times four.""",false,false,['false'],1,True
"""When you look for a job, you can't find it and you give up. You are now considered statistically employed.""",false,false,"['mostly-false', 'false']",2,True
"""It's clear in our country right now, almost half of American families are a $400 unexpected expense away from complete upheaval.""",half-true,mostly-true,['mostly-true'],1,False
"Says Republican U.S. Senate candidate Tommy Thompson ""supports massive tax cuts for corporations that outsource Wisconsin jobs.""",half-true,half-true,['half-true'],1,True
"""We lost more jobs in this great recession than the last four recessions combined.""",true,true,['true'],1,True
"The Inland Empire is ""the second fastest growing region"" for jobs in California.",true,true,"['true', 'mostly-true']",2,True
"""Since the governor took office, Oregon’s unemployment rate has dropped to its lowest point in three years.""",half-true,true,"['true', 'mostly-true']",2,False
"Over the past five years, the American automobile industry has ""created about 500,000 new jobs.""",true,true,"['true', 'mostly-true']",2,True
"Raising the federal minimum wage to $15 ""would give more than 40 million low-wage workers a raise, more than 25 percent of the U.S. workforce.""",half-true,mostly-true,"['true', 'mostly-true']",2,False
"""Our numbers are going up at the airport.""",pants-fire,false,"['true', 'mostly-true', 'half-true', 'mostly-false', 'false']",5,False
"""We're inches away from no longer having a free economy.""",pants-fire,pants-fire,['pants-fire'],1,True
"""During Sherrod Brown’s past decade as a D.C. politician, more than one out of every four jobs that has left America, left from Ohio. ... Sherrod Brown will own these horrendous Ohio job numbers next year.""",half-true,half-true,['half-true'],1,True
"""Wisconsin’s dead last in Midwest job growth.""",true,true,['true'],1,True
"""Obama-Nelson economic record: Job creation ... at slowest post-recession rate since Great Depression.""",mostly-true,mostly-true,"['mostly-true', 'half-true', 'mostly-false']",3,True
"""Every time we've cut taxes, revenues have gone up, the economy has grown.""",false,false,['false'],1,True
"""The economy bled $24 billion"" due to the government shutdown.",mostly-true,mostly-true,"['true', 'mostly-true']",2,True
"The United States is ""seeing greater income inequality now than any time since the 1920s.""",true,true,['true'],1,True
"Florida's economy ""became a bad economy ... because of a huge spike in oil prices in the summer of 2008.""",mostly-false,false,"['half-true', 'mostly-false', 'false']",3,True
"""Under three years of my administration, net farm income has already gone up nearly 50%.""",mostly-true,false,"['mostly-false', 'false']",2,False
"Says a new national poll shows ""the majority of the American people believe we should have a gold standard"" for U.S. currency.",false,false,"['mostly-false', 'false']",2,True
"""Today’s minimum wage worker making $7.25 an hour has less buying power than a minimum wage worker in the 1960s.""",true,true,"['true', 'mostly-true']",2,True
"""In 2006, I went out and authored a letter with 24 other senators asking for major reform of Freddie and Fannie, warning of a meltdown and a bubble in the housing market.""",mostly-false,mostly-false,"['half-true', 'mostly-false', 'false']",3,True
"""The only time over the last 25 years when the state’s unemployment rate exceeded the U.S. average was when (Mary) Burke was commerce secretary.""",mostly-true,mostly-true,['mostly-true'],1,True
"Sen. Robert Bennett, R-Utah, cast votes for TARP, the stimulus, and an individual mandate for health care.",mostly-false,mostly-false,"['mostly-true', 'half-true', 'mostly-false', 'false']",4,True
"""Congressman Kasich wants to use our tax dollars to give secret bonuses to his corporate friends.""",pants-fire,pants-fire,['pants-fire'],1,True
"The unemployment rate may be as high as ""42 percent.""",pants-fire,pants-fire,"['false', 'pants-fire']",2,True
"""I remember one of [Curt Schilling's] teammates said he painted his sock, the bloody sock.""",false,false,['false'],1,True
"The cost of ""college education has gone up 1,200 percent since 1978.""",half-true,false,"['mostly-true', 'half-true', 'mostly-false', 'false']",4,True
"""At the beginning of the last decade ... America had a budget surplus of over $200 billion. By the time I took office, we had a one-year deficit of over $1 trillion and projected deficits of $8 trillion over the next decade.""",mostly-true,mostly-true,['mostly-true'],1,True
"California has ""robust job growth that outpaces the rest of the nation.""",mostly-true,mostly-true,"['true', 'mostly-true']",2,True
"""Illegal immigrants currently occupy 8 million jobs.""",mostly-true,mostly-true,"['mostly-true', 'half-true', 'mostly-false']",3,True
"""Food Stamp participation hits 10 year low.""",true,true,"['true', 'mostly-true']",2,True
"""The stimulus has not created one private sector job.""",pants-fire,pants-fire,['pants-fire'],1,True
“We’ve created more jobs in the first eight months of my administration than any president in American history — total number of jobs created.”,half-true,mostly-true,"['true', 'mostly-true', 'half-true']",3,True
"""Since I took office, over 319,000 new private sector jobs have been created in Georgia with nearly 93,000 of those coming in the past 12 months.""",true,true,['true'],1,True
"Grocery prices ""have risen significantly over the past year or so.""",mostly-false,mostly-true,"['mostly-true', 'half-true', 'mostly-false']",3,True
"Under Scott Walker, Wisconsin ""unemployment's up"" from 4.8% to 6.2%",pants-fire,pants-fire,"['false', 'pants-fire']",2,True
"In the United States, we’ve had ""12 years in a row of wages declining.""",half-true,false,"['half-true', 'mostly-false', 'false']",3,True
"""Our tax code is . . . 80,000 pages.""",false,false,['false'],1,True
“Gas prices highest in a decade. Worst jobs report in 2 decades. Highest inflation in 3 decades. Highest increase in illegal immigration in 4 decades.”,mostly-false,mostly-false,['mostly-false'],1,True
"When John Kasich became governor of Ohio, ""there was an $8 billion budget deficit and now there’s a $2 billion surplus.""",mostly-true,mostly-true,"['mostly-true', 'half-true', 'mostly-false']",3,True
"""When we've got CEOs making more in 10 minutes than ordinary workers are making in a year ... then something is wrong.""",mostly-true,mostly-true,['mostly-true'],1,True
"""Only 12% of legal immigrants are selected based on skill or based on merit. In countries like Canada, Australia and New Zealand, and others, that number is closer to 60, and even 70 and 75% in some cases.""",mostly-true,mostly-true,"['mostly-true', 'half-true']",2,True
"The Chamber of Commerce says new carbon regulations will kill ""244,000 jobs a year"" and cost average families ""$1,200 a year.""",false,false,"['mostly-false', 'false']",2,True
"""There are more oil rigs in operation in the United States than the rest of the world combined.""",false,false,"['mostly-false', 'false']",2,True
Says that the oil and gas industry comprises 35% of the Texas economy.,mostly-true,mostly-true,"['true', 'mostly-true', 'half-true']",3,True
"Says the success of his economic agenda is supported by the fact ""we went from unemployment at 9.2 percent when I decided to run for governor four years ago to two points lower.""",mostly-false,mostly-false,"['half-true', 'mostly-false']",2,True
"""There are actually half a million fewer government employees now than there were when (President Barack) Obama took office.""",true,true,['true'],1,True
“Inflation has been at the pre-pandemic level of 2% over the last half year.”,half-true,mostly-true,"['true', 'mostly-true', 'half-true']",3,True
"Says the fertilizer plant that exploded in West, Texas,""had not been inspected by the state of Texas since 2006.""",false,false,"['mostly-true', 'half-true', 'mostly-false', 'false']",4,True
"""We now have more jobs in solar than we do in oil.""",false,false,"['mostly-false', 'false']",2,True
"""While our people work longer hours for lower wages, almost all new income goes to the top 1 percent.""",half-true,mostly-true,"['true', 'mostly-true', 'half-true', 'mostly-false']",4,True
"""About 230,000 people that were on unemployment when I took office are not on unemployment now.""",mostly-true,mostly-true,"['true', 'mostly-true', 'half-true']",3,True
"""In 2006, Donald Trump was hoping for a real estate crash.""",mostly-true,mostly-true,"['true', 'mostly-true', 'half-true', 'mostly-false', 'false']",5,True
"Under President Barack Obama, ""8.3 (million) fewer Americans are working today than there were four years ago.""",false,false,"['mostly-false', 'false', 'pants-fire']",3,True
"Says that ""we brought CHI Manufacturing, that had business in China, back to"" Texas.",mostly-false,mostly-false,"['mostly-false', 'false']",2,True
"""Sherrod Brown supported President Obama's $453 billion tax increase.""",mostly-false,mostly-false,"['half-true', 'mostly-false']",2,True
"""President Obama took more money from Wall Street in the 2008 campaign than anybody ever had.""",mostly-true,true,"['true', 'mostly-true']",2,True
"Says Texas U.S. Rep. Pete Sessions said the GOP's goal is to ""go back to the same exact policies that were in place before this president took office... policies that crashed the economy.""",mostly-false,mostly-true,"['mostly-true', 'half-true', 'mostly-false']",3,True
"""This is the worst jobs recovery since the Great Depression.""",false,false,['false'],1,True
"""Hunters contribute more than $500 million"" to West Virginia.",mostly-true,mostly-true,"['mostly-true', 'half-true', 'mostly-false']",3,True
"""We are in the sixth year of recovery, and median income is below what it was at the start of the recovery.""",true,true,"['true', 'mostly-true']",2,True
"Taxpayers pay $18,000 a month for House Speaker Nancy Pelosi's district office in downtown San Francisco.",true,true,['true'],1,True
Cash App founder Bob Lee’s death is connected to FedNow.,false,false,['false'],1,True
Says Obama policies contributed to gas prices rising from $1.89 in January 2009 to $3.51 today.,mostly-false,false,"['true', 'mostly-true', 'half-true', 'mostly-false', 'false']",5,True
"Congressional Budget Office ""says 8 (percent) unemployment till 2014!""",true,true,['true'],1,True
"""We’re growing union jobs faster than Illinois.""",true,true,"['true', 'mostly-true', 'false']",3,True
"The stimulus bill includes ""$300,000 for a sculpture garden in Miami.""",pants-fire,pants-fire,['pants-fire'],1,True
"""The (health reform) legislation which Washington passed last year has made it more difficult to hire"" because it’s increased costs for employers.",mostly-false,mostly-false,"['mostly-true', 'mostly-false']",2,True
"""The House Democrats' so-called 'stimulus' has been stuffed with an astonishing $335 million to fund prevention programs of sexually transmitted diseases.""",mostly-true,mostly-true,['mostly-true'],1,True
"""Fifty percent of Americans will go hungry at some time in their lives.""",mostly-false,false,"['mostly-true', 'mostly-false', 'false']",3,True
"""Only about 6.8 percent of the (stimulus) money has actually been spent.""",mostly-true,mostly-true,"['mostly-true', 'half-true']",2,True
"""The top 10 most well-paid CEOs in America received a combined $770 million in 2010, while the average American worker’s wage rose just 2 percent.""",true,true,['true'],1,True
"""Wages adjusted for inflation haven’t risen since the turn of the last century.""",half-true,mostly-true,"['mostly-true', 'half-true', 'mostly-false', 'false']",4,True
"Dan Branch ""once lobbied for the AFL-CIO.""",false,true,"['true', 'mostly-true', 'half-true']",3,False
"""40 percent of American households have female primary breadwinners.""",mostly-true,true,"['true', 'mostly-true']",2,True
"When Terry McAuliffe was governor, “Unemployment went down in every single county, including rural Virginia by nearly 50%.",mostly-true,mostly-false,"['half-true', 'mostly-false', 'false']",3,False
"""Mike Dovilla’s big ideas like expanding the Ohio Motion Picture Tax Credit, which helped bring films like ‘The Avengers’ to Cleveland, have helped make our state No. 1 in the Midwest for job creation.""",half-true,half-true,['half-true'],1,True
"""Household income among Hispanic Americans has just set a new record high.""",true,true,"['true', 'mostly-true']",2,True
"This year’s state budget ""continues to direct millions in taxpayer dollars in advertising to the failing Start-Up NY program""",false,mostly-true,"['true', 'mostly-true', 'half-true', 'mostly-false']",4,False
"California's credit rating is ""the worst in the country.""",true,true,['true'],1,True
"""The Florida Legislature raised taxes and fees by almost $2 billion"" in the 2009 session.",true,true,['true'],1,True
"""What was the reality for most Americans during the Obama presidency? Most lost wealth and their incomes fell, particularly for those at the bottom of the ladder.""",mostly-true,mostly-true,"['mostly-true', 'half-true']",2,True
"Speaking of the financial crisis that gained traction in 2007, ""I talked about it to anyone who would listen, a crisis is coming.""",true,true,['true'],1,True
"""I have little doubt that we've moved into recession at this point.""",mostly-false,mostly-true,"['mostly-true', 'half-true', 'mostly-false', 'false']",4,True
“We have automobile plants being built at levels we've never seen … and they're going up fast.”,mostly-false,mostly-false,"['half-true', 'mostly-false', 'false']",3,True
"Nissan just announced 9,000 layoffs in Tennessee “to avoid severe losses due to expected tariffs.”",false,false,"['mostly-false', 'false']",2,True
"""Our rainy day fund has gone from 89 cents to $240 million.""",true,true,"['true', 'mostly-true']",2,True
"New Jersey has had ""seven credit downgrades"" since Chris Christie became governor.",mostly-true,false,"['mostly-false', 'false']",2,False
"""Not a dollar would be paid out until jobs in the Foxconn development area were created.""",mostly-true,mostly-true,['mostly-true'],1,True
"""The auditor [for the city of Providence] was not locked out"" of access to the city's finances.",mostly-false,mostly-false,"['mostly-true', 'half-true', 'mostly-false', 'false']",4,True
"“Pelosi’s new coronavirus bill allows illegals to receive billions in relief funds in past, current, and future payments.”",mostly-true,false,"['mostly-false', 'false']",2,False
President John F. Kennedy “was planning to end the Federal Reserve.”,false,false,['false'],1,True
"""We have unemployment that rivals the Great Depression.""",false,false,['false'],1,True
"""California is growing a hell of a lot faster than Texas.""",mostly-true,mostly-true,"['true', 'mostly-true']",2,True
"""We know that tax cuts are remarkably un-stimulative when you compare them with different kinds of government spending.""",half-true,mostly-true,"['mostly-true', 'half-true']",2,True
"The poverty rate for families in which a husband and a wife work is 5 percent, but in families headed by one person … ""it's 30 percent today.""",half-true,mostly-true,"['mostly-true', 'half-true', 'mostly-false']",3,True
"""By voting to approve [Question 1], we can . . . save 900 jobs"" at Twin River.",mostly-false,false,"['mostly-false', 'false']",2,True
"""We jumped 11 places since beginning this year in terms of being job-friendly.""",mostly-true,mostly-true,['mostly-true'],1,True
"""After a decade of decline, this country created over half a million manufacturing jobs in the last two and a half years.""",true,true,['true'],1,True
"""We've cut the deficit by two-thirds.""",mostly-true,mostly-true,['mostly-true'],1,True
"""We're within 600 miles of 60 percent of America. We're in a perfect location.""",true,true,['true'],1,True
"""6,400 Ohioans ... lost manufacturing jobs in the month of September.""",mostly-true,mostly-true,['mostly-true'],1,True
“The average American worker has already seen a $500 wage increase this year.”,half-true,mostly-false,"['mostly-false', 'false']",2,False
Says he was the only statewide elected official to speak in favor of a federal guest worker plan at the 2012 Republican Party of Texas convention.,true,true,"['true', 'mostly-true']",2,True
"Says Hillary Clinton's plan ""would tax many small businesses by almost 50 percent.""",mostly-false,false,"['mostly-false', 'false']",2,True
"""Super Bowl L by everybody's estimation is a $500 million economic impact to the state of Florida.""",false,mostly-false,"['mostly-true', 'half-true', 'mostly-false', 'false']",4,True
"Under Gov. Scott Walker, ""employer confidence now stands at 95 percent,"" compared to ""only 10 percent"" at the end of the ""Gov. Jim Doyle-Mary Burke administration.""",mostly-false,mostly-false,['mostly-false'],1,True
"After Ronald Reagan cut taxes in 1981 the U.S. enjoyed ""exponential growth.""",mostly-false,mostly-false,['mostly-false'],1,True
"Rubio admitted he ""would have accepted the stimulus money.""",mostly-true,mostly-true,['mostly-true'],1,True
"""Houston suffered $1.7 billion in operating losses under Mayor Bill White.""",half-true,half-true,['half-true'],1,True
"West Virginia has ""the nation’s lowest workforce participation rate, which hovers around 50 percent, when the national average is about 63 percent.""",true,mostly-true,"['true', 'mostly-true']",2,True
"“Even after accounting for rising prices, the typical American family has more money in their pockets than they did last year.”",mostly-true,true,"['true', 'mostly-true']",2,True
"“Our economy created over 6.5 million new jobs just last year, more jobs in one year than ever before in the history of the United States of America.”",half-true,mostly-true,"['mostly-true', 'half-true', 'mostly-false']",3,True
"""If your employer is mandating any pokes, do not quit. Make them fire you. That way you get unemployment benefits.""",false,false,"['mostly-false', 'false']",2,True
"""Corporations have NEVER made as much money as they are making now.""",half-true,false,"['mostly-false', 'false']",2,False
"Says that under President John F. Kennedy, ""government took up"" 27 percent of the economy, and today it ""consumes 37 percent.""",mostly-true,mostly-true,['mostly-true'],1,True
"""A college loan is the only loan in the United States that you cannot refinance when interest rates go down.""",mostly-true,false,"['true', 'mostly-false', 'false']",3,False
"Says U.S. corporate tax rate is ""highest in the world at 35 percent.""",mostly-true,true,"['true', 'mostly-true', 'half-true', 'false']",4,True
"There was a ""loss of eight million jobs during the Bush eight years.""",pants-fire,pants-fire,['pants-fire'],1,True
"""We have more women in the workforce than ever before.""",half-true,mostly-false,"['half-true', 'mostly-false', 'false']",3,True
"Says Donald Trump ""was one of the people who rooted for the housing crisis. He said back in 2006, ‘Gee, I hope it does collapse because then I can go in and buy some and make some money.’ """,mostly-true,mostly-true,"['true', 'mostly-true', 'half-true']",3,True
"""Taking into account inflation, the federal minimum wage is actually worth less than what it was worth 50 years ago.""",true,false,"['true', 'mostly-true', 'half-true', 'mostly-false', 'false']",5,True
"""Wisconsin is #1 in the Midwest for personal income growth over the year.""",true,true,['true'],1,True
Says Congressman Steve Rothman voted against funding for President Barack Obama’s auto bailout and would have let automakers go bankrupt.,half-true,half-true,"['mostly-true', 'half-true', 'mostly-false']",3,True
"""Two years ago...I wrote to Secretary Paulson, I wrote to Federal Reserve Chairman Bernanke, and told them [subprime lending] is something we have to deal with.""",true,true,['true'],1,True
"Says iPads and iPhones ""are built in the United States of America.""",false,false,['false'],1,True
State lawmakers are spending taxpayer money for parking that billionaire Arthur Blank could build while paying some state employees so little they are on food stamps.,half-true,half-true,['half-true'],1,True
"Says Sen. Tammy Baldwin ""claims to support a 'Buy America' philosophy, but her actions speak louder than her empty words.""",false,false,"['true', 'mostly-true', 'mostly-false', 'false']",4,True
"""After years of wage stagnation, we are finally seeing rising wages.""",mostly-false,mostly-false,"['mostly-false', 'false']",2,True
“Since Biden took office ... real wages have fallen monthly.”,mostly-true,mostly-true,"['mostly-true', 'half-true', 'mostly-false']",3,True
"Because of a local version of Amendment 4, ""the taxpayers of St. Pete Beach have had to pay hundreds of thousands in legal bills.""",true,true,['true'],1,True
“There are now 56 cargo freighters anchored off the coast of California from Oakland to Long Beach in what can only be considered a manufactured supply-chain halt.”,mostly-false,false,"['mostly-false', 'false']",2,True
"""Millions of people have given up looking for work altogether.""",mostly-true,mostly-true,"['true', 'mostly-true']",2,True
"""We lowered the business tax from 4 percent down to 1 percent.""",half-true,half-true,['half-true'],1,True
"Says Virginia economic development officials ""decided they didn’t want to bid on"" his company's electric automobile plant.",false,mostly-false,"['true', 'mostly-true', 'half-true', 'mostly-false', 'false']",5,True
“(Retail) milk has gone up 7.5% since this time last year. The price farmers are paid has dropped 23%.”,mostly-true,mostly-true,"['true', 'mostly-true', 'half-true']",3,True
"""Roy Barnes proclaimed Mexican workers good for Georgia.""",half-true,half-true,['half-true'],1,True
"""The states that have raised the minimum wage (this year) have had faster job growth than the states that haven’t raised the minimum wage.""",half-true,mostly-true,"['mostly-true', 'half-true', 'mostly-false', 'false']",4,True
"""If every small  business in our state, on average, was able to create one new job we  would cut our unemployment rate in half.""",half-true,half-true,['half-true'],1,True
"I turned ""a $110 million deficit into a $1.6 million surplus for our city.""",mostly-false,mostly-true,"['mostly-true', 'half-true', 'mostly-false', 'false']",4,True
Says under U.S. Sen. Robert Menendez’s watch the nation’s unemployment rate and debt doubled and the federal budget deficit quadrupled.,half-true,half-true,"['mostly-true', 'half-true', 'mostly-false']",3,True
''The leading Democratic candidate once said that the unfettered free market is the most destructive force in modern America.'',false,false,['false'],1,True
Says he created more than 500 American jobs.,mostly-false,mostly-false,"['mostly-false', 'false']",2,True
"""Georgia is now the eighth most populous state in the nation, moving from the number 10 position in just four years.""",mostly-true,mostly-true,['mostly-true'],1,True
"""Most folks’ wages haven’t gone up in over a decade.""",mostly-true,mostly-true,['mostly-true'],1,True
"""Forty-five percent of those who've been unemployed, they've been unemployed for six months or longer.""",mostly-true,mostly-true,['mostly-true'],1,True
"""Our country's got this huge debt, and (President Barack) Obama says raise taxes and keep spending more.""",half-true,half-true,['half-true'],1,True
"Says Joe Biden said Jon Corzine is ""the smartest guy that I know, in terms of the economy and on finance, I really mean this.""",true,true,"['true', 'mostly-true']",2,True
"Before COVID-19,  “more Iowans (were) working than at any other time in our state history.""",true,true,"['true', 'mostly-true']",2,True
"McCain economic adviser Phil Gramm is ""the architect of some of the deregulation in Washington that helped cause the mess on Wall Street.""",half-true,half-true,['half-true'],1,True
"""A grant for $5,000 [from the Governor’s Workforce Board] went to teach an employee at a company that makes ornamental business card holders how to use Facebook and Twitter.""",mostly-false,mostly-true,"['true', 'mostly-true', 'half-true']",3,False
"""New York state spends more than $8 billion in taxpayer money each year on job-creation programs - more than the combined total of the next three largest states""",half-true,true,"['true', 'mostly-true']",2,False
"""Nearly one in four people in their prime working years are not working.""",mostly-true,true,"['true', 'mostly-true']",2,True
"""The music industry is the biggest export from Africa after oil and gas.""",false,false,"['mostly-false', 'false']",2,True
"Says Donald Trump is “the worst jobs president in recorded history.""",half-true,false,"['mostly-true', 'half-true', 'mostly-false', 'false']",4,True
"""Just about everyone everywhere is spending more hours on the job, less time with their families, bringing home smaller and smaller paychecks, while they're paying more and more at the gas pump and the grocery stores.""",mostly-true,mostly-true,['mostly-true'],1,True
"""There are a lot of casinos across the country that have gone bankrupt.""",true,true,"['true', 'mostly-true']",2,True
"Minnesota’s ""advantage"" in economic growth has been having ""Republicans in charge of at least one part of government"" for all but two years, while Wisconsin Democrats ""for many years"" before 2011 controlled both legislative chambers and the governorship.",false,false,['false'],1,True
"Says he and his running mate ""are the only candidates that do believe in free trade.""",half-true,half-true,['half-true'],1,True
"""170,000 of the jobs"" created in Texas under Gov. Rick Perry ""were government jobs.""",half-true,false,"['mostly-true', 'half-true', 'mostly-false', 'false']",4,True
"GM has ""repaid our government loan, in full, with interest, five years ahead of the original schedule.""",half-true,half-true,['half-true'],1,True
"The U.S. has ""47 million people on food stamps. That’s 14 million more than when the current occupant of the White House took over.""",mostly-true,mostly-false,"['mostly-true', 'half-true', 'mostly-false']",3,True
FedNow is a new “monetary system” that’s “going to cost you.”,false,false,"['mostly-false', 'false']",2,True
"""You and I know that in the history of mankind and womankind, government — federal, state, local, or otherwise — has never created one job.""",pants-fire,pants-fire,['pants-fire'],1,True
"""The European Union … they send us Mercedes, they send us -- by the millions -- the BMWs -- cars by the millions.""",false,false,"['mostly-false', 'false']",2,True
Ninety percent of the job growth in Virginia has been in the private sector.,true,true,['true'],1,True
Gas prices are high “due to the Democrats’ war on fossil fuels.”,mostly-false,false,"['mostly-false', 'false']",2,True
"Says the United States does not ""trade as much as other developed nations.""",true,true,['true'],1,True
"Says Joe Manchin ""strongly supported and voted for Hillary Clinton after she said, ‘We’re going to put a lot of coal miners and coal companies out of work.’""",mostly-true,half-true,"['mostly-true', 'half-true', 'mostly-false']",3,True
"""Forty percent of the Fortune 500 were started either by immigrants or children of immigrants.""",half-true,mostly-true,"['mostly-true', 'half-true']",2,True
"The federal government and the Federal Reserve were “raising inflation,” something that “had nothing to do with … getting our economy back in line” but rather to fund a “war against a bunch of civilians.”",false,false,"['mostly-false', 'false']",2,True
"""If our recovery were more typical of the postwar era . . . we would have 14 million more jobs today.""",mostly-true,mostly-true,['mostly-true'],1,True
"Says Vladimir Putin said, ""President Obama and his fellow Democrats are either idiots or deliberately trying to destroy their own economy.""",pants-fire,false,"['false', 'pants-fire']",2,True
"Says a new annual report shows that ""West Virginia’s tourism industry has grown for the second consecutive year, reversing years of decline and outpacing national growth by 58 percent.""",true,mostly-true,"['true', 'mostly-true', 'half-true']",3,True
"""The past (Obama) administration was the first administration that never had a whole year of 3 percent growth.""",mostly-true,mostly-true,"['true', 'mostly-true', 'half-true', 'mostly-false', 'false']",5,True
"""I created a flat tax in the state of Utah. It took that state to the number-one position in terms of job creation.""",half-true,mostly-true,"['true', 'mostly-true', 'half-true', 'mostly-false', 'false']",5,True
“The four big meat packers are raking in record profits … ”,true,true,['true'],1,True
"""We have more people working in clean and green energy than in oil and gas in this country.""",true,mostly-true,"['true', 'mostly-true']",2,True
"""Economic inequality in Multnomah County has a face -- and a name. It has 90,000 faces and names -- the number of county residents who are still unemployed, or underemployed, in the wake of the 2008 Wall Street crash.""",false,false,"['mostly-true', 'mostly-false', 'false']",3,True
"""Today New Mexico (has) the sixth-fastest growing economy.""",mostly-true,mostly-true,['mostly-true'],1,True
"""Apple has just announced it plans to invest a total of $350 billion in America, and hire another 20,000 workers.""",half-true,false,"['mostly-false', 'false']",2,False
"""Since June 2009, about 48 percent of all the jobs created in America were in Texas.""",half-true,mostly-true,"['mostly-true', 'half-true']",2,True
"""The economy added more jobs during four years under Obama than it did in the entire eight years under George W. Bush.""",mostly-true,true,"['true', 'mostly-true']",2,True
"During the Reagan era, while productivity increased, ""wages for working people remained frozen.""",mostly-true,mostly-true,['mostly-true'],1,True
"Says that ""unlike Texas, Missouri has a perfect AAA credit rating.""",true,false,"['true', 'mostly-true', 'half-true', 'false']",4,True
"""This year, we're off to our best private-sector jobs growth since 1999.""",mostly-true,true,"['true', 'mostly-true']",2,True
"""We’re not even remotely close to a point to say that we’re at rising inflation.""",half-true,false,"['mostly-true', 'mostly-false', 'false']",3,False
"""West Linn has one of the highest per capita rates of home-based businesses in the United States.""",false,false,['false'],1,True
"Horse racing could boost Georgia's economy by $1 billion a year and create 10,000 to 20,000 jobs.",mostly-false,mostly-false,"['mostly-true', 'mostly-false', 'false']",3,True
"""Under Republicans, recessions happen four times as frequently as under Democrats.""",mostly-true,true,"['true', 'mostly-true']",2,True
"""Under the previous administration it was … $100 to fill a car. American energy has delivered. Now it's $60. That’s $40 you have in your pocket … that you wouldn’t have.""",false,false,"['mostly-false', 'false']",2,True
"""There is no evidence Biden’s spending produced one job. Nonpartisan projections for job growth in 2021, not including that American Rescue Plan, showed higher job growth than Biden produced.”",mostly-false,false,"['mostly-true', 'mostly-false', 'false']",3,True
"The Obama administration ""was successful in rushing a massive spending bill through Congress in just two days — after which it sat on the president's desk for three days, while he was away on vacation.""",false,false,['false'],1,True
"""National studies are already showing the negative effects that the health care law is having on businesses and our economy. Businesses across the country are raising their prices … (or) cutting jobs as a result of the added cost.""",false,mostly-false,"['mostly-false', 'false']",2,True
"""The U.S. recorded its slowest economic growth in five years (2016). GDP up only 1.6%. Trade deficits hurt the economy very badly.""",mostly-false,mostly-false,"['mostly-true', 'half-true', 'mostly-false', 'false']",4,True
UnitedHealthcare posted a job opening for a CEO 24 hours after its CEO was killed.,false,false,['false'],1,True
Letting the Bush tax cuts expire would raise taxes on small businesses.,mostly-false,mostly-false,"['mostly-false', 'false']",2,True
"""The debt will soon eclipse our entire economy.""",true,true,"['true', 'mostly-true']",2,True
“Wages adjusted for inflation were massively up under Donald Trump for Black men. … The (Black-white) wage gap in 2019 was actually shrinking under Donald Trump's administration.”,mostly-false,false,"['half-true', 'mostly-false', 'false']",3,True
“Tariffs are a tax cut for the American people.”,false,false,['false'],1,True
"H-1B guest workers are “being employed as dog trainers, massage therapists, cooks, and English teachers.”",mostly-false,mostly-false,"['half-true', 'mostly-false', 'false']",3,True
"“Wages have gone up higher, faster than inflation.”",mostly-false,mostly-true,"['mostly-true', 'half-true']",2,False
"Over the last six months, President Barack Obama has golfed 10 times and held 106 fundraisers, but his jobs council has never met.",true,true,"['true', 'mostly-true', 'half-true', 'mostly-false', 'false']",5,True
"""I was speaking out on pension reform almost 17 years ago.""",mostly-true,mostly-true,"['true', 'mostly-true', 'half-true', 'false']",4,True
"Ben Bernanke has been the most ""inflationary"" chairman in the history of the Federal Reserve.",mostly-false,false,"['mostly-true', 'half-true', 'mostly-false', 'false']",4,True
Giant companies like Toyota will not locate in a state that has not passed a right-to-work law,false,false,"['mostly-false', 'false']",2,True
"Says tax revenue was lower than expected in May and ""that's basically a clear indication the governor's counselors are probably right -- that we are still not out of the woods yet.""",mostly-false,mostly-false,"['mostly-true', 'half-true', 'mostly-false']",3,True
"""Here in Wisconsin, prescription drug costs grew at a pace of nearly twice as much as the average Wisconsinite's income from 2015-2019.""",mostly-true,mostly-true,['mostly-true'],1,True
"""Among the developed nations, we are the least economically and socially mobile country in the world.""",true,true,"['true', 'mostly-true']",2,True
"Says excessive speculation is pushing up oil prices and a recent report estimates it ""adds 56 cents to every gallon of gasoline siphoned from the pump.""",mostly-true,mostly-true,['mostly-true'],1,True
"Even high estimates for an early draft of the health care plan are ""less than the $1.8 trillion cost of the Bush tax cuts.""",mostly-true,mostly-true,['mostly-true'],1,True
"Says Joe Biden “passed a tax bill that gave us all these privileges for depreciation and for tax credits. We built a building, and we get tax credits like the hotel on Pennsylvania Ave.”",half-true,false,"['mostly-false', 'false']",2,False
“We created more new jobs in two years than any president did in their entire term.”,half-true,mostly-true,"['true', 'mostly-true', 'half-true', 'mostly-false']",4,True
"""There is no disagreement that we need action by our government, a recovery plan that will help to jump-start the economy.""",false,mostly-true,"['true', 'mostly-true', 'half-true', 'mostly-false']",4,False
"""We have 93 million people out of work. They look for jobs, they give up, and all of a sudden, statistically, they're considered employed.""",false,pants-fire,"['mostly-false', 'false', 'pants-fire']",3,True
"“All schools in Canada are closed for the rest of the school year, each family will receive $950 every two weeks for the next 15 weeks, banks were notif(ied) to suspend mortgage payments for at least 6 months, and student loans deferred.”",half-true,false,"['mostly-false', 'false']",2,False
"The U.S. unemployment rate has ""been massaged, it’s been doctored.""",pants-fire,false,"['half-true', 'mostly-false', 'false']",3,False
"""We have less Americans working now than in the ’70s.""",mostly-false,mostly-true,"['true', 'mostly-true', 'mostly-false', 'false']",4,True
"""If you look at Latino kids between 17 and 20 who graduated high school, 36 percent of them are unemployed or underemployed. … African-American kids are unemployed or underemployed to the tune of 51 percent.""",mostly-true,mostly-true,['mostly-true'],1,True
"""The White House promised us that all the spending would keep unemployment under 8 percent.""",mostly-false,mostly-false,"['mostly-false', 'false']",2,True
"Since Joe Biden “has taken office, unemployment in our (Latino) community has been cut in half.""",mostly-true,mostly-true,"['mostly-true', 'half-true', 'mostly-false']",3,True
"""Under Republican Chris Christie, New Jersey had the highest increase in unemployment in the country last year. Nearly 1 in 10 jobless. The worst unemployment in the region. Near the bottom in economic growth, yet Christie protected a tax cut for millionaires but vetoed a minimum wage hike.""",mostly-true,mostly-true,"['true', 'mostly-true']",2,True
"""When Mitt Romney was governor, Massachusetts lost 40,000 manufacturing jobs, a rate twice the national average.""",half-true,mostly-true,"['true', 'mostly-true']",2,False
"""We suspended the (Foxconn) work around October, November last year because the weather there was snowy and icy cold.""",false,false,"['mostly-true', 'half-true', 'mostly-false', 'false']",4,True
"""Our real unemployment is anywhere from 18 to 20 percent. Don't believe the 5.6. Don't believe it.""",false,false,"['mostly-false', 'false']",2,True
"The CBO says that if you raise the minimum wage to $10.10 an hour, ""half a million people would lose their jobs.""",mostly-true,half-true,"['mostly-true', 'half-true', 'mostly-false']",3,True
"Says Austin is the ""safest big city in Texas with an unemployment rate under 3% that has been named the best place to live in the entire United States two years running.""",mostly-true,mostly-true,"['true', 'mostly-true']",2,True
"""For only the second time since 2000, there are more job openings than Americans who are unemployed.""",true,mostly-true,"['mostly-true', 'half-true']",2,False
"Treasury Department's inspector general found ""there's $4 billion a year in excess payments"" going to people that shouldn’t get them. ""These are mostly Mexicans.""",half-true,mostly-false,"['mostly-true', 'half-true', 'mostly-false', 'false']",4,True
"Florida ranks ""45th out of 50 states'' for its regulatory climate for business.",half-true,half-true,['half-true'],1,True
"""RIPTA has really some of the fullest buses for its transit agency size around the country.""",mostly-true,mostly-true,['mostly-true'],1,True
"""Every day in the United States, we are losing 15 factories.""",true,true,"['true', 'mostly-true']",2,True
"""The biggest contribution"" behind a decrease in U.S. unemployment ""was 1.2 million people leaving the workforce""",false,false,['false'],1,True
"""It is estimated that every $100 million spent on construction generates 3,000 new jobs.""",mostly-false,mostly-false,"['mostly-false', 'false']",2,True
"In the past 27 months, President Barack Obama has created more private-sector jobs than ""in the Reagan recovery.""",false,false,['false'],1,True
"Says India ""gained jobs thanks to Romney.""",half-true,mostly-false,"['mostly-true', 'half-true', 'mostly-false', 'false']",4,True
"""In America, we pay, by far, the highest prices in the world for prescription drugs.""",mostly-true,true,"['true', 'mostly-true']",2,True
"""For every one job created under the Obama administration, 75 people went on food stamps.""",false,false,['false'],1,True
"""Inequality in Texas is steadily getting worse, with very few rich people, a great many poor people, and fewer and fewer in the middle.""",mostly-true,mostly-true,"['true', 'mostly-true']",2,True
"Lumber, gas, wheat, coal and corn cost more in April 2021 ""in Joe Biden's America"" than they did a year earlier.",half-true,mostly-false,"['true', 'mostly-true', 'half-true', 'mostly-false', 'false']",5,True
"""The economy, by every metric, is better than when I came into office.""",mostly-false,mostly-true,"['true', 'mostly-true', 'half-true', 'mostly-false']",4,True
"Utah was ""the No. 1 job creator in this country during my years of service"" as governor, with a 5.9 percent increase in jobs.",half-true,mostly-true,"['true', 'mostly-true', 'half-true', 'mostly-false', 'false']",5,True
"""The largest number of bankruptcies in our country are really as a result of health care.""",half-true,mostly-true,"['mostly-true', 'half-true', 'mostly-false', 'false']",4,True
"""Paul Ryan is one of less than a dozen Republican congressmen to have voted for every bailout to come before Congress.""",mostly-false,mostly-false,"['half-true', 'mostly-false']",2,True
"""Before I was state treasurer, my Rhode Island business helped create over 1,000 jobs.""",true,mostly-true,"['true', 'mostly-true']",2,True
"Blue Cross headquarters has ""a $30,000 granite table.""",pants-fire,pants-fire,['pants-fire'],1,True
"He has ""ushered in $3 billion in new investment.""",false,false,"['false', 'pants-fire']",2,True
"""[E]mployment in Gwinnett is up more than 3 percent over last year, and unemployment is the lowest of the five core metro counties.""",mostly-true,mostly-true,['mostly-true'],1,True
"Right-to-work states ""have higher rates of income growth.""",half-true,half-true,['half-true'],1,True
"""Ohio currently ranks 50th out of all states in income growth.""",mostly-true,mostly-true,['mostly-true'],1,True
"""Jeb's policies in Florida helped lead to its almost total collapse.""",mostly-false,mostly-false,"['mostly-false', 'false']",2,True
"“We used to rank No. 1 in the world in research and development, now we rank No. 9. China used to rank No. 8, now it ranks No. 2.”",mostly-false,mostly-true,"['true', 'mostly-true', 'half-true']",3,False
"""Under conservative leadership, Congress has reduced the federal deficit by 60 percent – nearly $800 billion.""",mostly-false,mostly-false,['mostly-false'],1,True
"Likens Obama's predicament to 1982, saying, ""when Reagan just started out, (unemployment was at) exactly the same point. He was two years into his term. The unemployment was well over 10 percent, and it did come out of it.""",mostly-true,mostly-true,"['mostly-true', 'half-true']",2,True
"Says that during President Barack Obama’s tenure, the United States has created ""15 million new jobs.""",half-true,mostly-true,"['true', 'mostly-true']",2,False
"47 percent of Americans ""can’t pay for an unexpected $400 expense through savings or credit cards, without selling something or borrowing money.""",true,true,"['true', 'mostly-true']",2,True
"""95 percent of the world’s customers are … beyond our shores.""",half-true,mostly-true,"['true', 'mostly-true']",2,False
"""Because of the steps we took, there are about 2 million Americans working right now who would otherwise be unemployed.""",half-true,half-true,['half-true'],1,True
"""Wind power is the most undependable form of renewable energy.""",false,false,"['mostly-false', 'false']",2,True
"""The average family not in the top 10 percent makes less money today than they were making a generation ago.""",mostly-true,true,"['true', 'mostly-true']",2,True
"""Every month, we get the reports from the Bureau of Labor Statistics that say even more people have given up looking for work.""",mostly-false,mostly-true,"['true', 'mostly-true', 'half-true', 'mostly-false', 'false']",5,True
"""One in five American households have nobody under the same roof that's got a job.""",half-true,mostly-false,"['mostly-true', 'half-true', 'mostly-false', 'false']",4,True
"""6.4 million more Americans living in poverty under President Obama.""",half-true,mostly-true,"['mostly-true', 'half-true', 'mostly-false', 'false']",4,True
"Says Hillary Clinton wants illegal immigrants ""collecting Social Security benefits.""",mostly-false,mostly-false,"['mostly-false', 'false']",2,True
"""Obamacare has caused millions of full-time jobs to become part-time.""",half-true,mostly-false,"['mostly-false', 'false']",2,False
"""Every time we've cut the capital gains tax, the economy has grown. Whenever we raise the capital gains tax, it's been damaged.""",false,false,['false'],1,True
"""Over the history of Austin, it’s always gotten more expensive.""",mostly-false,mostly-true,"['mostly-true', 'half-true', 'mostly-false']",3,True
"""In 2017, the number of new business registrations in West Virginia grew nearly 11 percent (8,318 new businesses registered for the year). This comes off the heels of a 12 percent increase in new business registrations during 2016.""",mostly-true,mostly-true,"['true', 'mostly-true']",2,True
"John McCain has said the economy is ""not his strong suit.""",true,true,['true'],1,True
"""The average bonus [on Wall Street] is about $100,000...The bonuses on Wall Street are down 44 percent.""",mostly-true,mostly-true,['mostly-true'],1,True
"""America used to be the third easiest country to get established in a business. It's now number 17.""",mostly-false,mostly-true,"['mostly-true', 'half-true', 'mostly-false', 'false']",4,True
"Says it’s a ""statistical reality that most single moms are very poor, under-educated, can't get a job, and if it weren't for government assistance, their kids would be starving to death.""",mostly-false,mostly-false,"['mostly-true', 'mostly-false', 'false']",3,True
"In Florida, “income growth is top of the chart.”",half-true,false,"['mostly-true', 'half-true', 'mostly-false', 'false']",4,True
"Says Democrats raised taxes over 115 times in the past 10 years, ""making New Jersey increasingly unaffordable and chasing jobs to neighboring states.""",half-true,mostly-true,"['mostly-true', 'half-true', 'mostly-false']",3,True
"""Perdue mismanaged Pillowtex, and nearly 8,000 people got laid off.""",mostly-false,mostly-false,"['mostly-false', 'false']",2,True
"“In Wisconsin, we have 50% of the population paying 50%, 60%, 70%, sometimes 80% for their housing.”",false,false,['false'],1,True
"""Seventy of Ohio's 88 counties now have more than 25 percent of their residents eligible for emergency food.""",true,true,['true'],1,True
"Under President Barack Obama, the United States has ""doubled our exports.""",false,false,['false'],1,True
"""In the month of January, Canada created more new jobs than we did.""",true,true,['true'],1,True
"""I wrote to Secretary Paulson, I wrote to Federal Reserve Chairman Bernanke [in March 2007], and told them this is something we have to deal with, and nobody did anything about it.""",half-true,half-true,['half-true'],1,True
"""Under Governor Crist, 3,000 teachers laid off.""",mostly-false,mostly-false,"['half-true', 'mostly-false', 'false']",3,True
"Since President Obama took office, ""2 million jobs. Gone.""",mostly-true,mostly-true,['mostly-true'],1,True
"Some Republicans who voted against the stimulus ""have been all too happy to claim credit for Recovery Act projects and the jobs those projects have produced. They come to the ribbon cuttings.""",true,true,['true'],1,True
"Says he ""voted no on the Wall Street bailouts.""",mostly-false,mostly-false,"['mostly-false', 'false']",2,True
"""Texas women make an average of $8,355 less per year than men doing the very same job.""",mostly-false,mostly-true,"['mostly-true', 'half-true', 'mostly-false']",3,True
"Says Mitt Romney has said ""we don't need 'more firemen, more policemen, more teachers.' """,mostly-true,false,"['true', 'mostly-true', 'half-true', 'mostly-false', 'false']",5,True
"""Fireworks have never been safer, and their use continues to increase each year.""",true,true,['true'],1,True
Raising the national minimum wage to $15 per hour “would destroy up to 3.7 million jobs.”,false,false,"['mostly-false', 'false']",2,True
"""In June, jobless ranks were higher in nearly 90 percent of U.S. cities.""",mostly-false,mostly-false,"['mostly-true', 'half-true', 'mostly-false']",3,True
"Says that in some Texas communities, ""our unemployment rate is still at 10 and 20 percent.""",half-true,half-true,['half-true'],1,True
"The STAR Ohio fund ""just received the highest possible credit rating one of these funds can receive.""",half-true,half-true,['half-true'],1,True
Says “100% of net job creation under the Biden administration has gone to the foreign-born.”,mostly-false,false,"['mostly-false', 'false']",2,True
"""Our unemployment rate is now lower than it was before the financial crisis.""",mostly-true,true,"['true', 'mostly-true']",2,True
"""In 2001 and '02 . . . we had the pension system funded at (the) 100% level in that year, and we did for two years at that point.""",false,false,"['mostly-false', 'false']",2,True
"""Under Barack Obama and the big government economy, the median wage for women has dropped $733.""",false,false,"['mostly-false', 'false']",2,True
"""Geithner still didn't correct the same type of error for some years, even after the Internal Revenue Service flagged him for the failure to pay the taxes in other years.""",true,true,"['true', 'mostly-true', 'half-true', 'false']",4,True
"After Reagan took office, ""we didn't raise taxes and we didn't cut entitlements. What we did was we cut taxes.""",mostly-false,mostly-false,"['mostly-false', 'false']",2,True
"""Right now one of our highest job growth sectors is Leisure and Hospitality. We've added jobs that mostly fall within the restaurant and bar sector industry. These are not high-paying jobs, as the U.S. Department of Labor estimates this is an industry sector with the lowest average wages and the lowest proportion of its workforce earning minimum or subminimum wage jobs.""",mostly-true,mostly-true,"['mostly-true', 'half-true', 'mostly-false']",3,True
"Russia ""has an economy the size of Italy.""",mostly-true,true,"['true', 'mostly-true']",2,True
"Says Mitt Romney is wrong to claim that spending under Obama has ""accelerated at a pace without precedent in recent history,"" because it's actually risen ""slower than at any time in nearly 60 years.""",mostly-true,true,"['true', 'mostly-true']",2,True
"Obama has ""racked up more debt than any president in history — over $5 trillion.""",half-true,half-true,['half-true'],1,True
Says combined inflation and unemployment rates in October 2011 were the highest since Ronald Reagan succeeded Jimmy Carter.,false,false,"['mostly-false', 'false']",2,True
"""Rhode Island has the second highest per enrollee (Medicaid) cost of any state in the country, which is 60 percent higher than the national average.""",mostly-true,mostly-true,"['true', 'mostly-true']",2,True
"""The typical white male worker in this country is making in real terms what he was making in 1973"" and ""the average worker is making what they were making in 1996.""",mostly-true,true,"['true', 'mostly-true']",2,True
"By the time Obama took office, ""The Bush administration had given the car companies $13 billion and the money was now gone.""",mostly-true,mostly-true,"['true', 'mostly-true', 'half-true', 'mostly-false', 'false']",5,True
"""In the United States, if there was equal participation of women in the labor market, GDP would be up by 5 percent.""",half-true,mostly-true,"['mostly-true', 'half-true']",2,True
"""The majority support (raising) the minimum wage.""",true,true,"['true', 'mostly-true']",2,True
"""Owen in MA vs. Owen in RI … Advantage:Rhode Island.""",true,mostly-true,"['true', 'mostly-true', 'half-true', 'mostly-false', 'false']",5,True
"""The U.S. is borrowing approximately $2.52 for every $1 of economic growth so far in 2012.""",true,true,['true'],1,True
"""In 2017, the CEO of McDonalds got paid $21.8 million. The median pay for a McDonald's worker that year was $7,000. This is a moral outrage. We need a $15 minimum wage so that no one is paid a poverty wage.""",mostly-false,true,"['true', 'mostly-true']",2,False
"The average Georgia family makes $6,000 less than the average family did 10 years ago when inflation is factored in.",true,mostly-true,"['true', 'mostly-true']",2,True
"Women still do not get paid as much as men, even ""for the same work, period.""",half-true,half-true,['half-true'],1,True
"California’s Central Valley and Inland Empire ""are experiencing tremendous job growth.""",mostly-true,true,"['true', 'mostly-true']",2,True
"""In the first year of the Obama administration, more jobs were created in the private sector than in the eight years of the Bush administration.""",false,false,['false'],1,True
The addition of a 1 percent sales tax would cost a typical household in Hillsborough County approximately $12 a month.,mostly-true,mostly-true,['mostly-true'],1,True
"Under Scott Walker, ""right now, we’re 46th in the country in terms of new businesses started.""",mostly-true,mostly-true,['mostly-true'],1,True
"Since Corey Stewart became chairman in November 2006, unemployment is up 150% and average home price sales are down $150,000.",half-true,half-true,['half-true'],1,True
"""We have the lowest percentage of Americans actually holding a job in 40 years.""",mostly-true,mostly-false,"['mostly-true', 'half-true', 'mostly-false', 'false']",4,True
"It ""is estimated that as many as 300,000 auto workers may be out of a job before the end of the year.""",false,false,['false'],1,True
"""This town (Wilmington, Ohio) hasn’t taken any money from the government. They don’t want any money from the government.""",pants-fire,pants-fire,['pants-fire'],1,True
Says Texas has the 15th largest economy in the world.,true,true,"['true', 'mostly-true', 'false']",3,True
"Says Gov. John  Kasich incorrectly claimed Ohio’s economy was 38th in the nation when he took office. ""We were sixth in the nation in terms of economic job growth.""",false,false,['false'],1,True
"Says he ""brought 1,200 jobs to Texas by moving his factories here from China.""",half-true,half-true,['half-true'],1,True
"""Our African-American communities are absolutely in the worst shape they've ever been in before. Ever. Ever. Ever.""",pants-fire,pants-fire,"['false', 'pants-fire']",2,True
"Says her congressional district has 10,000 medical-device industry jobs and 1,000 will be lost because of health-care law tax.",mostly-false,mostly-false,"['mostly-false', 'false']",2,True
Republicans are “trying to create a fake unemployment insurance crisis.”,false,mostly-false,"['mostly-true', 'half-true', 'mostly-false', 'false']",4,True
"In North Carolina, ""now we're near the national average"" for unemployment.",half-true,mostly-false,"['mostly-false', 'false']",2,False
"Says ""nearly 30,000"" federal employees in Oregon were furloughed during the government shutdown.",false,false,['false'],1,True
"""We have lost 600,000 jobs over the period of the last 10 years. Only Michigan and California have done worse.""",true,true,['true'],1,True
"""Over the last several years, 40 percent (of) the jobs created in Texas were created for illegal aliens.""",half-true,mostly-false,"['mostly-true', 'half-true', 'mostly-false', 'false']",4,True
“You must give EVERY PENNY” of the advance child tax credit payments back when you file your 2021 taxes.,mostly-false,false,"['mostly-false', 'false']",2,True
"""In 67 different ways, Governor McCrory has raised taxes on middle income families.""",half-true,true,"['true', 'mostly-true']",2,False
"""75 percent of the jobs created in the state of Ohio are created in small business. They are not created by huge corporations and those who are very wealthy.""",mostly-true,mostly-true,['mostly-true'],1,True
Welfare programs caused more long-term damage to Detroit than the atomic bomb caused to Hiroshima,pants-fire,pants-fire,['pants-fire'],1,True
"Cranston's 2014-2015 ""budget funds 100 percent of the local police and fire pension and other retiree benefit costs.""",mostly-true,mostly-true,"['mostly-true', 'half-true', 'mostly-false', 'false']",4,True
"""Over the last 10 years, Texas created 33 percent of the net new jobs nationwide.""",true,false,"['mostly-true', 'half-true', 'mostly-false', 'false']",4,False
"Says a study indicates up to $8.5 billion in lost GDP and up to 185,000 lost jobs if Texas lawmakers approve a measure limiting transgender bathroom choices.",mostly-false,mostly-false,"['mostly-true', 'half-true', 'mostly-false']",3,True
"""Top CEOs (are) making 300 times the average worker.""",mostly-true,mostly-true,"['true', 'mostly-true', 'half-true']",3,True
"In just six years, Georgia has dropped from first in the nation from a business-friendly legal climate to 24th.",mostly-false,mostly-false,"['mostly-true', 'mostly-false']",2,True
"""Wisconsin wages are declining at double the rate of other states.""",pants-fire,pants-fire,['pants-fire'],1,True
"""The income of the top 1 percent nearly quadrupled from 1979 to 2007, but the typical family’s incomes barely budged.""",true,true,"['true', 'mostly-true']",2,True
"Says U.S. Rep. Lamar Smith supported the $700 billion  Wall Street bailout in 2008, ""but now he is standing in the way of  reforms that would assure these bailouts would never happen again.""",mostly-false,mostly-false,"['mostly-true', 'half-true', 'mostly-false']",3,True
"Missouri ""is the state with the lowest paid workers.""",half-true,false,"['mostly-false', 'false']",2,False
"""It is a fact that the economy does better when we have a Democrat in the White House.""",half-true,mostly-true,"['true', 'mostly-true', 'half-true']",3,True
“We have now close to $10 trillion” in investments. “We’re talking about essentially two months.”,false,false,"['mostly-false', 'false', 'pants-fire']",3,True
"Says Gov. Tony Evers ""wanted to increase your taxes by $1 billion just for heating your homes. Instead, Republicans cut your taxes by more than $2 billion.""",half-true,mostly-false,"['mostly-true', 'half-true', 'mostly-false']",3,True
"""The major immigration issue was about Poles, and Bulgarians, and Romanians,"" and that they weren’t contributing economically. ""The unemployment rate among Poles in Britain is lower than the unemployment rate among Brits.""",true,true,"['true', 'mostly-true']",2,True
"The U.S. has ""over $62 trillion in unfunded liabilities.""",mostly-false,mostly-false,"['mostly-false', 'false']",2,True
"A recent drop in the unemployment rate is questionable because it was calculated ""over two days of the Thanksgiving week.""",false,false,['false'],1,True
"Gov. Rick Perry ""has overseen the highest Texas unemployment in 22 years.""",half-true,half-true,['half-true'],1,True
Says there's $4 billion in private investment along the streetcar.,mostly-false,mostly-true,"['mostly-true', 'half-true', 'mostly-false', 'false']",4,True
"Says President Barack Obama’s ""own economists say the stimulus cost $278K per job ‘created.’ """,false,false,['false'],1,True
"Under economic sanctions, ""now Iran is suffering 30 percent inflation, 20 percent unemployment.""",mostly-true,mostly-true,"['true', 'mostly-true']",2,True
"""We've got 7.2 percent unemployment (in Ohio), but when you include the folks who have stopped looking for work, it's actually over 10 percent.""",half-true,half-true,['half-true'],1,True
"Says the CBO estimates that fully extending the Bush tax cuts would add 600,000-1.4 million jobs in 2011 and 900,000-2.7 million jobs in 2012.",half-true,half-true,['half-true'],1,True
"Georgia ""has the lowest minimum wage in the country.""",mostly-true,mostly-true,"['true', 'mostly-true', 'half-true', 'mostly-false', 'false']",5,True
"""New business startups are at the lowest levels in 30 years.""",true,true,['true'],1,True
"""We're up 123,000 jobs over the last year and three-quarters. We're actually, according to the Bureau of Labor statistics, down 500 ... auto jobs in Ohio.""",mostly-true,mostly-true,"['mostly-true', 'half-true']",2,True
"""The American economy is continuing its longest monthly streak of job growth in history, with 3.9 million jobs added since President Trump was elected.""",true,mostly-false,"['mostly-true', 'half-true', 'mostly-false']",3,False
"California has ""the sixth largest economy on planet Earth.""",mostly-true,mostly-true,['mostly-true'],1,True
"""We have a $2 trillion to $3 trillion infrastructure deficit. We’ve got work that needs to get done. We’ve got people that want to go to work.""",mostly-true,mostly-true,['mostly-true'],1,True
"Says the federal agency in charge of Medicare and Medicaid will disburse $803 billion in benefits this year, making ""it larger than all but 15 of the world's economies.""",half-true,half-true,['half-true'],1,True
"""More private-sector jobs were created in the first eight months of 2010 than in the eight years of the Bush administration.""",half-true,half-true,['half-true'],1,True
"""In 1986, President Ronald Reagan"" cut the business tax rate to 34 percent and ""it worked -- our economy boomed, the middle class thrived and median family income increased.""",mostly-false,mostly-false,['mostly-false'],1,True
"""The law, right now, permits companies that close down American factories and offices and move those jobs overseas to take a tax deduction for the costs associated with moving the jobs to China or India or wherever.""",true,true,['true'],1,True
"""Ohio lost 400,000 jobs on his (Ted Strickland’s) watch.""",half-true,half-true,['half-true'],1,True
"“Under the previous administration … the cost of a median-price home in America more than doubled, and that was just in four years.”",mostly-true,mostly-true,"['true', 'mostly-true']",2,True
"""Our economy is so much stronger than when (Barack Obama and Joe Biden) took office. Nearly 15 million new private-sector jobs.""",half-true,mostly-true,"['mostly-true', 'half-true', 'mostly-false']",3,True
"""There are 3.6 million jobs sitting vacant, in part because there aren’t enough qualified applicants to fill them.""",mostly-true,mostly-true,"['mostly-true', 'half-true']",2,True
"""Job growth and stock growth for the first two years of Trump are down from where they were (during the) last two years of Obama.""",half-true,false,"['mostly-true', 'half-true', 'mostly-false', 'false']",4,True
"A $5,000 stimulus loan is available.",false,false,['false'],1,True
Walmart’s 2025 package of Thanksgiving dinner ingredients shows a “25% reduction in costs for Thanksgiving between (President Joe) Biden and me.”,mostly-false,false,"['mostly-false', 'false']",2,True
Says fluid milk production limitations mean grocery stores are short on milk even as farmers are dumping it,half-true,mostly-false,"['mostly-true', 'half-true', 'mostly-false', 'false']",4,True
"""Minnesota is kicking butt relative to Wisconsin on everything from employment and job creation to school test scores, educated work force and a host of other factors and rankings""",half-true,half-true,"['mostly-true', 'half-true']",2,True
"""This year, the overwhelming majority of new jobs are part time.""",true,mostly-true,"['true', 'mostly-true', 'half-true', 'mostly-false']",4,True
"""More people have been put on food stamps by Barack Obama than any president in American history.""",half-true,false,"['mostly-true', 'half-true', 'mostly-false', 'false']",4,True
"Says former Federal Reserve Chairman Alan Greenspan said that ""if the workers are more insecure, that's very healthy for the society"" because ""they'll serve the masters gladly and passively.""",pants-fire,false,['false'],1,False
"""Creating 25 jobs in Umatilla County has the same impact as 500 jobs in the metro region.""",mostly-true,mostly-true,['mostly-true'],1,True
"The ocean is now ""much more acidic . . . than it has been for many millions of years.""",half-true,mostly-true,"['true', 'mostly-true', 'half-true', 'mostly-false', 'false']",5,True
"""We know this now. The banks no longer loan (Donald Trump) money because he's a terrible risk. So he goes to these (Russian) oligarchs and borrows money.""",mostly-false,mostly-false,"['true', 'mostly-true', 'half-true', 'mostly-false', 'false']",5,True
"""We have an unemployment (rate of) 1.5 in Boone County, and we can’t find enough workers.""",half-true,half-true,"['mostly-true', 'half-true']",2,True
"A ""legacy of taxing and borrowing … crippled the economy we inherited two years ago.""",false,false,"['mostly-true', 'mostly-false', 'false']",3,True
"Oregon ""is the most trade-dependent state in the nation""",false,mostly-false,"['mostly-true', 'half-true', 'mostly-false', 'false']",4,True
"""The nearly six-year delay in approving Keystone is costing Americans more than 100,000 jobs.""",false,false,"['mostly-false', 'false']",2,True
"Says of Georgia, ""for four years in a row, we are the No. 1 state to do business in.""",half-true,mostly-true,"['true', 'mostly-true', 'half-true']",3,True
"After the Tax Cuts and Jobs Act, ""the typical American worker’s pay growing at more than 3 percent a year, record low unemployment.""",half-true,mostly-true,"['mostly-true', 'half-true', 'mostly-false']",3,True
“The Harris-Biden Administration has been caught fraudulently manipulating Job Statistics.”,pants-fire,false,"['mostly-false', 'false']",2,False
"""We now have the greatest income inequality since the Great Depression.""",true,true,"['true', 'mostly-true']",2,True
"""Common welfare programs give income of $43,330 or $20.83 an hour.""",mostly-false,false,"['mostly-true', 'half-true', 'mostly-false', 'false']",4,True
"""When President Obama took office, we were losing 700,000 jobs a month. Now we've had job growth, I think, for 24 consecutive months.""",mostly-true,half-true,"['mostly-true', 'half-true', 'mostly-false', 'false']",4,True
Rick Perry doesn’t think there should be a federal minimum wage.,true,false,"['mostly-true', 'half-true', 'mostly-false', 'false']",4,False
"A bipartisan payroll tax cut championed by the White House has meant that ""the average family has an extra $1,000 in their pocket"" this year.",mostly-true,mostly-true,"['mostly-true', 'half-true']",2,True
"""Foxconn is bringing 13,000 high-tech jobs to Wisconsin.""",half-true,half-true,['half-true'],1,True
"Despite raising taxes on the wealthy and hiking the minimum wage, Minnesota ""is creating jobs at a record pace, unemployment is at a historic low, median income is skyrocketing, and (the) state has a billion-dollar surplus.""",half-true,mostly-false,"['mostly-false', 'false']",2,False
"""Overall we currently have $981 million, almost a billion dollars in active development projects right here in the City of Richmond.""",mostly-false,mostly-false,"['mostly-false', 'false']",2,True
"""Debt has almost doubled in Austin under Gov. Perry.""",true,true,['true'],1,True
"""Across the country, $174 billion of the Recovery Act have been committed in its first 130 days.""",mostly-true,mostly-true,"['true', 'mostly-true']",2,True
"""Since 2000, nearly 12 million Americans have slipped out of the middle class and into poverty.""",half-true,half-true,['half-true'],1,True
"The stimulus bill contains ""$20 million for the removal of small to medium-sized fish passage barriers"" and ""$25 million to rehabilitate off-roading trails for ATVs.""",true,true,['true'],1,True
"""There's almost 1 million Texans who are unemployed and that's an all-time record number in our state.""",true,true,['true'],1,True
"""Since 1995, the top 400 wealthiest families have seen their incomes go up 400 percent and their tax rates go down 40 percent.""",mostly-true,mostly-true,"['true', 'mostly-true', 'half-true']",3,True
"Says Barack Obama ""is the first president in modern history not to have a single year of 3 percent growth.""",mostly-true,mostly-true,"['mostly-true', 'half-true', 'mostly-false']",3,True
“Adults over 51 can receive $$$ in additional spending for groceries and expenses.”,false,false,['false'],1,True
"""Since China joined — that’s another beauty — the WTO in 2001, the U.S. has lost many more than 60,000 factories.""",mostly-true,mostly-true,"['true', 'mostly-true', 'half-true', 'mostly-false']",4,True
"The number of jobs created and people lifted out of poverty during Bill Clinton’s presidency was ""a hundred times"" what it was under President Ronald Reagan.",false,false,['false'],1,True
"""The median income in America has dropped by 10 percent in the last four years.""",half-true,half-true,['half-true'],1,True
"""Today in America, 70 percent of us are earning the same or less than we were 12 years ago, and this is the first time that that has happened this side of World War II.""",half-true,half-true,"['mostly-true', 'half-true', 'mostly-false']",3,True
"""CEOs now earn 431 times what their workers earn.""",half-true,half-true,"['mostly-true', 'half-true']",2,True
"""The Walton family, which owns Wal-Mart, controls a fortune equal to the wealth of the bottom 42 percent of Americans combined.""",true,true,"['true', 'mostly-true']",2,True
"Just 6 percent of Americans say Russia is the country’s most important issue, yet the story receives ""75 percent of the coverage"" in the media.",mostly-false,false,"['mostly-false', 'false']",2,True
"""Increasing the min. wage to $15 an hour would reduce spending on food stamps, public housing and other programs by over $7.6 billion a year.""",mostly-false,false,"['mostly-false', 'false']",2,True
"""The Texas unemployment rate is now the lowest it’s been in 40 years & Texas led the nation last month in new job creation.""",false,mostly-true,"['true', 'mostly-true', 'half-true', 'mostly-false', 'false']",5,True
The American Rescue Plan “helped create nearly 10 million new jobs.”,mostly-false,mostly-true,"['mostly-true', 'half-true']",2,False
"Bill Clinton presided over ""the biggest expansion of the American economy since World War II.""",mostly-true,true,"['true', 'mostly-true']",2,True
"""Since President Obama took office, over 88,000 Ohio workers have lost their jobs.""",half-true,half-true,['half-true'],1,True
"“Those 30-, 40-year mortgages” prove that banks know climate change “is not going to happen.”",false,false,"['mostly-false', 'false']",2,True
"""For the first time in 35 years, we have more businesses dying than we do starting.""",true,true,"['true', 'mostly-true']",2,True
"Says he and Bernie Sanders have ""very similar"" views on trade",mostly-true,mostly-false,"['mostly-true', 'half-true', 'mostly-false', 'false']",4,True
"""More people today are leaving Virginia than moving in.""",mostly-true,false,"['mostly-true', 'mostly-false', 'false']",3,True
"If you work 40 hours a week at the proposed minimum wage of $10.10 an hour, ""you get out of poverty.""",half-true,mostly-false,"['half-true', 'mostly-false', 'false']",3,True
"Seth Magaziner ""plans to spend billions more of your money.""",false,false,"['mostly-false', 'false']",2,True
"""When I took office last year we faced historic budget deficits of $6 billion here in Virginia.  And we closed those deficits by cutting spending.""",mostly-false,mostly-false,['mostly-false'],1,True
"""The No. 1 issue that the American people care about is getting America back to work.""",true,true,['true'],1,True
"“There is a consensus among economists left, right, and center… that we can’t spend too much” on COVID-19 relief.",mostly-false,mostly-false,"['mostly-true', 'half-true', 'mostly-false', 'false']",4,True
"""Only 25 percent of what people buy is subject to Rhode Island’s sales tax.""",false,mostly-true,"['mostly-true', 'half-true', 'mostly-false', 'false']",4,True
"""And while (Ted) Strickland proposed cuts for services for children, he wasted over $250,000 remodeling his bathrooms at the governor’s mansion.""",pants-fire,false,"['mostly-false', 'false']",2,False
"Under Charlie Crist, Florida lost 825,000 jobs and the unemployment rate increased from 3.5 percent to 11.1 percent.",half-true,true,"['true', 'mostly-true']",2,False
"""Last year we had the eighth fastest-growing economy in the country in West Virginia.""",mostly-false,half-true,"['mostly-true', 'half-true', 'mostly-false']",3,True
"The United States is ""behind many countries in Europe in terms of the ability of every kid in America to get ahead.""",mostly-true,mostly-true,"['true', 'mostly-true']",2,True
"""We hadn’t had a (car) plant built in years — in decades, actually. And now we have many plants being built all throughout the United States.""",mostly-false,mostly-false,"['mostly-true', 'half-true', 'mostly-false', 'false']",4,True
"President Trump’s tariffs are ""taking $1.4 billion out of working people’s pockets every month.""",mostly-true,mostly-true,['mostly-true'],1,True
"Donald Trump ""rooted for the housing crisis, because he knew he could make money off of it.""",mostly-true,true,"['true', 'mostly-true', 'half-true']",3,True
"""If you are born poor in America, we rank ninth or tenth in our citizens’ ability to climb up through that ladder and get themselves into the middle class.""",mostly-true,mostly-true,['mostly-true'],1,True
"""In Rhode Island, a recent study showed that among a group of people who had been homeless for a year or more, Medicaid costs averaged about $60,000 per person.""",false,false,"['mostly-true', 'half-true', 'mostly-false', 'false']",4,True
"""There are more Hoosiers going to work than ever before.""",half-true,false,"['mostly-true', 'half-true', 'mostly-false', 'false']",4,True
"""The Tax Foundation figures Rhode Island as the 10th highest state for state and local tax burden per capita in the country. We're the 6th worst in the country for the business tax index. We're the 3rd highest per capita in the country for all taxes.""",mostly-false,mostly-false,"['mostly-true', 'half-true', 'mostly-false', 'false']",4,True
"""The United States still ranks 20th in the world in access to broadband -- over 50 percent below the best nations.""",half-true,half-true,['half-true'],1,True
Says Joe Biden and Democrats “have done absolutely nothing to help families struggling to keep up with inflation.”,false,mostly-false,"['mostly-true', 'mostly-false', 'false']",3,True
"""The average unemployed American has been out of work for almost 40 weeks.""",true,true,['true'],1,True
Says Ohio has 77 job training programs spread across 13 state agencies.,true,true,['true'],1,True
"""To use money from the TARP fund in the manner that is being discussed by the White House and congressional Democrats would be a violation of the law.""",half-true,half-true,['half-true'],1,True
"Joe Biden's spending “has sent prices skyrocketing.""",half-true,mostly-false,"['mostly-true', 'half-true', 'mostly-false', 'false']",4,True
"""When I was your governor, we reduced insurance rates by 10%.""",mostly-true,mostly-true,"['true', 'mostly-true', 'half-true', 'false']",4,True
"""Thom Tillis cut almost $500 million from education.""",half-true,mostly-false,"['mostly-true', 'half-true', 'mostly-false', 'false']",4,True
"""The United States has a massive trade deficit with Japan. It's anywhere from $69 billion to a $100 billion a year.""",half-true,mostly-true,"['mostly-true', 'half-true', 'mostly-false', 'false']",4,True
"""The cost of an automobile, it's kind of back to what it was before the pandemic.""",false,false,"['mostly-false', 'false']",2,True
"Virginia is ""the No. 1 recipient of federal dollars.""",mostly-false,false,"['half-true', 'mostly-false', 'false']",3,True
"Sherrod Brown ""gave huge bonuses to executives.""",pants-fire,pants-fire,['pants-fire'],1,True
"""African American unemployment is the lowest ever recorded in our country. The Hispanic unemployment rate dropped a full point in the last year and is close to the lowest in recorded history. Dems did nothing for you but get your vote!""",mostly-true,mostly-true,"['mostly-true', 'half-true', 'mostly-false']",3,True
"""We raised the minimum wage to $15 first in city government. Now, working together with people in Albany, it's the law of the state.""",half-true,true,"['true', 'mostly-true']",2,False
"Savannah is home to ""the fastest-growing port in the nation.""",mostly-true,mostly-true,['mostly-true'],1,True
"""Pres. Obama's finance team is recommending a . . . 1% tax on all transactions at any financial institution.""",pants-fire,pants-fire,['pants-fire'],1,True
"""While the government grew, we lost more than 2 million jobs.""",half-true,half-true,['half-true'],1,True
"""We cut unemployment by more than half"" in South Bend, Ind.",mostly-true,true,"['true', 'mostly-true']",2,True
Says Barack Obama has played over 90 rounds of golf as president.,true,true,['true'],1,True
"""If you have a job in this country, (there's a) 97 percent chance that you're not going to be in poverty.""",mostly-true,mostly-true,['mostly-true'],1,True
"""The proportion of Rhode Islanders entering substance abuse treatment primarily due to marijuana use has reached its highest point in 20 years.""",false,false,"['mostly-false', 'false']",2,True
"""Under the Obama administration, we are drilling and producing more domestic energy supplies than we ever had before.""",half-true,mostly-true,"['mostly-true', 'half-true']",2,True
"""Rhode Island has a very generous unemployment compensation rate compared to most other states.""",true,true,['true'],1,True
"""Mayor White has major stake in Barnett Shale production company.""",mostly-false,mostly-false,"['mostly-true', 'mostly-false', 'false']",3,True
"""You've had over 2 million women drop out of the workforce during this pandemic.""",mostly-true,mostly-true,"['true', 'mostly-true']",2,True
"The stimulus ""has delivered $43 billion in tax relief to American working families and businesses""",half-true,half-true,['half-true'],1,True
"""Thanks to President Trump and Republicans over the past year through July, U.S. manufacturing added 327,000 jobs, the most of any 12-month period since April 1995, when the figure added a healthy 345,000 positions.""",mostly-true,mostly-true,"['true', 'mostly-true']",2,True
"Says Missouri families’ ""earning power is about $5,000 less today than it was at the turn of the century.""",mostly-true,mostly-true,"['true', 'mostly-true']",2,True
"""There's a big chunk of the country that thinks that I have been too soft on Wall Street.""",true,true,['true'],1,True
All the talk about socialism during the campaign made young people more interested in it by Election Day.,false,false,['false'],1,True
"Says 94 percent of Wisconsin employers think the state ""is heading in the right direction"" and a majority say they will ""grow their companies in 2012.""",half-true,half-true,['half-true'],1,True
"""The (economic stimulus) legislation could open billions of taxpayer dollars to left-wing groups like the Association of Community Organizations for Reform Now (ACORN).""",mostly-false,false,"['mostly-false', 'false']",2,True
"Says under his leadership ""Wisconsin median household income"" is up 2.7%, while it is down 1.3% nationally under President Obama.",mostly-false,mostly-false,"['half-true', 'mostly-false']",2,True
"The Affordable Care Act ""basically puts a penalty or a tax on employers for every new job they create.""",half-true,mostly-false,"['mostly-true', 'half-true', 'mostly-false', 'false']",4,True
"The shutdown is projected to result in ""$10 billion in costs to the economy per week.""",mostly-true,mostly-true,"['mostly-true', 'half-true', 'mostly-false', 'false']",4,True
"""Ohio, Michigan, and Pennsylvania actually in the latest jobs data have lost jobs, not gained them.""",false,false,"['mostly-false', 'false']",2,True
"Discretionary spending has ""increased over 20-some percent in two years if you don’t include the stimulus. If you put in the stimulus, it’s over 80 percent.""",half-true,half-true,"['mostly-true', 'half-true']",2,True
"Says that Rep. Betty Sutton ""would rather riot with Occupy (Wall Street) than stand up for Ohio families.""",pants-fire,pants-fire,['pants-fire'],1,True
"""Eighty out of 82 counties in Ohio ... have an auto manufacturing facility.""",mostly-true,mostly-true,"['true', 'mostly-true']",2,True
"""For each $1 billion in infrastructure investment, 42,000 jobs are created.""",half-true,half-true,['half-true'],1,True
"""Austin is number one in Texas in startups, venture capital and patents.""",true,true,"['true', 'mostly-true']",2,True
"Says Texas state funds were spent on ""a TV series on spouses cheating on their wives, kind of glorifying the act of cheating.""",mostly-true,true,"['true', 'mostly-true', 'half-true', 'mostly-false', 'false']",5,True
"Americans ""are working longer hours for low wages . . . and yet almost all new income and wealth is going to the top 1 percent.""",half-true,mostly-true,"['mostly-true', 'half-true']",2,True
"""A quarter of our workers make $18,000 per year.""",half-true,mostly-true,"['true', 'mostly-true']",2,False
"President Obama has ""added $4 billion in debt every day.""",half-true,false,"['mostly-false', 'false']",2,False
"""Youth unemployment in minority communities is about 40 to 45 percent.""",mostly-true,mostly-true,"['true', 'mostly-true']",2,True
"Says ""Hillary Clinton has pledged amnesty in her first 100 days, and her plan will provide Obamacare, Social Security, and Medicare for illegal immigrants, breaking the federal budget.""",mostly-false,mostly-false,"['mostly-false', 'false']",2,True
"""In Bakersfield, where there’s a lot of oil drilling going on, there’s more solar jobs now in Bakersfield and around that area than there are oil jobs.""",false,mostly-false,"['mostly-true', 'half-true', 'mostly-false', 'false']",4,True
"""The five economic indicators that the federal government tracks - for the first time since August 2006 - were positive this October.""",true,true,"['true', 'mostly-true']",2,True
"""We’re no longer the wealthiest middle class in the world.""",mostly-true,true,"['true', 'mostly-true']",2,True
"""The average age of the minimum wage worker is 35 years old.""",mostly-false,false,"['mostly-false', 'false']",2,True
"For 21 countries in Sub-Saharan Africa, ""we simply do not have data to say anything about trends in poverty.""",mostly-true,true,"['true', 'mostly-true']",2,True
"Says Scott Walker's jobs agency gives financial incentives that lead ""Wisconsin companies to look at shipping jobs elsewhere. ... A company got $4.6 million in taxpayer money and actually reduced its jobs by 300 people.""",mostly-false,mostly-true,"['mostly-true', 'half-true', 'mostly-false']",3,True
"There is ""more oil produced at home than we buy from the rest of the world – the first time that’s happened in nearly 20 years.""",true,true,['true'],1,True
"""Twenty-five or 24 million people"" are ""out of work or stopped looking for work.""",half-true,half-true,['half-true'],1,True
"""Since 1990, production of metals in the U.S. has held roughly constant, but the number of people employed in the industry has fallen steadily.""",true,true,['true'],1,True
"""This is the slowest job recovery since Hoover.""",false,false,['false'],1,True
"Under a bill before the legislature, ""you’d have to go to court to fire an employee.""",false,false,['false'],1,True
"""At my first ‘Let’s Get to Work Day’ … we sold out;"" more than 240 dozen doughnuts by 8:30 a.m.",mostly-false,mostly-false,"['mostly-false', 'false']",2,True
"""Florida led the nation in job creation"" while Bush was governor.",half-true,mostly-false,"['half-true', 'mostly-false', 'false']",3,True
"Since the Fed was created in 1913, ""the U.S. Dollar has lost 98% of its purchasing power.""",half-true,half-true,['half-true'],1,True
Says North Carolina just landed an auto plant.,false,false,"['mostly-false', 'false']",2,True
Says Panasonic stayed in New Jersey because of the Business Retention and Relocation Assistance Grant (BRRAG) program.,false,false,['false'],1,True
"""As governor, in the face of partisan attacks, (Charlie Crist) had the courage to save jobs and lead his state into economic recovery.""",half-true,mostly-true,"['true', 'mostly-true']",2,False
"""Consumer confidence, business confidence, and manufacturing confidence are the highest they have been in many decades.""",half-true,mostly-false,"['mostly-true', 'half-true', 'mostly-false', 'false']",4,True
Mercedes-Benz USA  moving its headquarters to Atlanta will create at least 800 jobs.,mostly-true,mostly-true,['mostly-true'],1,True
"""China has been stealing our manufacturing, costing Wisconsin almost 90,000 jobs.""",mostly-false,mostly-false,"['mostly-true', 'half-true', 'mostly-false', 'false']",4,True
"""Between the first and second quarters of 2018 — after the tax cuts were enacted — real wages fell by 1.8 percent.""",mostly-false,false,['false'],1,False
Says Mitt Romney and Bain Capital are to blame in a woman’s premature death when they closed the plant where her husband worked.,false,mostly-false,"['mostly-false', 'false']",2,True
"""70 percent of the income tax that the state collects happens to come from Westchester, Nassau, Suffolk and New York City""",true,true,"['true', 'mostly-true']",2,True
"""Almost 100,000 people left Puerto Rico last year.""",mostly-true,mostly-true,"['mostly-true', 'half-true', 'mostly-false']",3,True
"""Harry Reid says he does more for Nevada. He's done more for unemployment. We were at 4.4 percent. Now we're at 14 percent. He's done more for the foreclosure rate. We have the highest foreclosure rate in the nation. He's done more for bankruptcy. We have the highest bankruptcy rate in the nation.""",half-true,half-true,['half-true'],1,True
"The Senate proposal to restore emergency unemployment benefits for five months was ""fully paid for.""",mostly-false,false,"['mostly-false', 'false']",2,True
"""We’re … getting into the pool of the 100 million people that are not working. That pool is now coming back.""",mostly-true,mostly-true,"['mostly-true', 'half-true']",2,True
"“Because wages are rising, this Thanksgiving dinner is the fourth-cheapest ever as a percentage of average earnings.”",mostly-true,mostly-true,"['true', 'mostly-true']",2,True
"""More than 25 million Americans are unemployed. More than 50 million live without health insurance. Perhaps 100 million live in poverty.""",half-true,mostly-true,"['mostly-true', 'half-true', 'mostly-false']",3,True
Says more Republicans than Democrats voted for the Wall Street bailouts.,false,false,['false'],1,True
"""Obama’s stimulus, passed in his first month in office, will cost more than the entire Iraq War.""",mostly-false,mostly-false,"['mostly-true', 'half-true', 'mostly-false', 'false']",4,True
"""Hillary Clinton wants to shut down family farms"" using ""radical regulation,"" by raising business tax ""rates as high as nearly 50 percent"" and by taxing ""family farms again at death by as much as 45 percent.""",false,false,"['mostly-false', 'false']",2,True
"""Since I took office in January 2011, we have created 11,100 Rhode Island-based jobs.""",half-true,mostly-true,"['true', 'mostly-true']",2,False
"""I want to freeze interest rates for five years.""",half-true,half-true,['half-true'],1,True
"""State economic development dollars were used to support a project where goods were manufactured in China.""",false,true,"['true', 'mostly-true', 'false']",3,True
"""We have completely turned our economy around.""",half-true,mostly-false,"['mostly-false', 'false']",2,False
"Wisconsin is ""guaranteeing Foxconn almost $3 billion, but Foxconn is not contractually guaranteeing how many full-time employees it will hire, for how long and at what pay.""",half-true,half-true,['half-true'],1,True
"""We have created more jobs in this last year than the Bush administration (did) in eight years.""",mostly-true,mostly-true,['mostly-true'],1,True
"""Over 300K home owner suicides attributed to foreclosures.""",pants-fire,false,"['mostly-false', 'false']",2,False
"""I did not — I did not — I do not say that. I do not say that"" climate change is a hoax perpetrated by the Chinese.",mostly-false,false,"['false', 'pants-fire']",2,False
"""The Walton family of Walmart ... This one family owns more wealth than the bottom 40 percent of the American people.""",true,true,"['true', 'mostly-true']",2,True
"""Latin America’s economy is almost as big as the economy of China.""",half-true,false,['false'],1,False
There were more job losses per month in the last three months under President Bush than in the past three months under President Obama.,mostly-true,mostly-true,['mostly-true'],1,True
"Says Donald Trump has outlined ""policies that read like a Kremlin wish list.""",mostly-true,mostly-true,"['true', 'mostly-true']",2,True
"""Independent analysts say (Donald Trump) would add $30 trillion to the national debt.""",half-true,mostly-false,"['mostly-true', 'half-true', 'mostly-false']",3,True
"The Biden administration inherited gains of “50,000 jobs a month. We're now finally back to 500,000 jobs a month. We inherited a country where 4,000 people a day were dying from Covid. That's now down 75%.”",half-true,mostly-true,"['mostly-true', 'mostly-false']",2,False
"If the U.S. didn't borrow $1.2 trillion every year ""to fund government operations,"" that money would be available ""for entrepreneurs and business people to put to work creating jobs and building and expanding their businesses.""",false,false,['false'],1,True
"Says that during his eight years as Florida governor, ""we created 1.3 million net new jobs -- more jobs created than Texas.""",mostly-true,mostly-true,"['true', 'mostly-true', 'half-true', 'mostly-false']",4,True
"Says ""If Oregon’s Legislature simply authorizes $450 million for the CRC, it will … leave Oregon holding the bag for a great deal more cost responsibility.""",false,false,['false'],1,True
The U.S. is “taking in almost $2 billion a day in tariffs.”,false,false,"['false', 'pants-fire']",2,True
52 jobs have been saved or created in Florida's 34th Congressional District.,mostly-false,mostly-true,"['mostly-true', 'mostly-false', 'false']",3,True
"On Foxconn deal, ""3,000 jobs cost #WI taxpayers more than $3 billion in tax giveaways. Break it down: more than $1 million in taxpayer dollars per job.""",false,false,['false'],1,True
"On job creation numbers in the latest Start-Up NY report: ""This is a significant number of overcounts in the compilation that I’ve looked at.""",false,true,"['true', 'mostly-true', 'half-true']",3,False
"Trump’s tax plan is ""completely focused on the wealthy and the powerful - not the middle class.""",false,mostly-true,"['true', 'mostly-true', 'half-true', 'mostly-false']",4,False
"Says the national debt and President Barack Obama's ""refusal to control spending led to our nation's credit rating being downgraded for the first time in history.""",half-true,half-true,['half-true'],1,True
"""Fifty-three percent of teens  in Central Falls are getting pregnant.""",false,false,['false'],1,True
"""Under Lee Fisher Ohio has lost nearly 400,000 jobs.""",half-true,half-true,"['mostly-true', 'half-true']",2,True
"Wisconsin women ""are paid 81 cents to the dollar of a man doing the same job.""",false,false,['false'],1,True
"""We spend more money on antacids than we do on politics.""",false,false,"['mostly-false', 'false']",2,True
"""One international flight a day in a wide-bodied jet ... one flight daily generates $150 million a year and approximately 2,300 jobs.""",half-true,mostly-true,"['mostly-true', 'half-true', 'mostly-false', 'false']",4,True
"Rhode Island has invested less in tourism, economic development and economic development personnel than four nearby states.",mostly-false,mostly-true,"['true', 'mostly-true', 'half-true', 'mostly-false']",4,True
"“A lot of the programs (that were) started during the pandemic are still going, even though the pandemic is long over.”",mostly-false,mostly-true,"['true', 'mostly-true', 'half-true', 'mostly-false', 'false']",5,True
"""President Obama and liberal former DNC Chairman Tim Kaine’s $787 billion stimulus failed to create jobs.""",false,false,['false'],1,True
"""We've already lost $500 million in economic impact"" from HB2 fallout in North Carolina.",false,mostly-false,"['mostly-true', 'half-true', 'mostly-false', 'false']",4,True
"""Hispanic unemployment has been ticking down from an all-time high of 13.9 percent because of the policies we’ve implemented.""",mostly-false,mostly-false,"['mostly-false', 'false']",2,True
"Says ""the Texas unemployment rate has even grown more than the nation's as a whole.""",mostly-true,mostly-true,['mostly-true'],1,True
"Says ""$3 trillion in offshore money... is coming back into the economy"" because of the GOP tax bills.",half-true,mostly-true,"['true', 'mostly-true', 'half-true', 'mostly-false', 'false']",5,True
"An annual income of $500,000 ""in Manhattan, believe it or not, is middle class.""",false,false,['false'],1,True
"""First, Donald Trump said wages are too high, and both Donald Trump and Mike Pence think we ought to eliminate the federal minimum wage.""",half-true,true,"['true', 'mostly-true', 'half-true', 'mostly-false', 'false']",5,True
"Democratic presidents ""have been considerably more effective at creating private-sector jobs.""",true,true,['true'],1,True
"""We definitely lost way more jobs in Texas this year than we gained — we lost 300,000 jobs in Texas alone this year.""",true,true,['true'],1,True
"""Most state employees did not receive any pay raise from 2009 to 2012.""",true,mostly-true,"['true', 'mostly-true', 'half-true', 'mostly-false', 'false']",5,True
"Mitch McConnell opposed ""legislation to create and protect Kentucky jobs . . . help for the unemployed. . .  health care for Kentucky's children,"" and ""fair pay for women.""",mostly-false,mostly-false,"['mostly-true', 'mostly-false', 'false']",3,True
"Unemployment among Oregon high school graduates aged 18 to 20 increased more than 200 percent from 2008 to 2011, while the U.S. average increased only 30 percent.",half-true,mostly-true,"['mostly-true', 'half-true']",2,True
"“Since Donald Trump's inauguration, we have seen an 11% decline in the value of the dollar, the steepest decline in more than a half a century.”",mostly-true,mostly-true,"['true', 'mostly-true', 'half-true']",3,True
"Migrants in New York City are receiving prepaid debit cards with up to $10,000 and no restrictions.",false,false,['false'],1,True
"""Under Randi Shade,"" Austin has ""had the highest cost of living of any large Texas city.""",mostly-false,mostly-false,"['mostly-false', 'false']",2,True
"""The Trump administration handed out taxpayer dollars to a foreign company. Hundreds of homes and farms were bulldozed, and over $500 million in taxpayer dollars were wasted preparing for Foxconn.""",half-true,mostly-false,"['mostly-true', 'half-true', 'mostly-false']",3,True
"""The (Russian) ruble is already going down.""",mostly-true,mostly-false,"['mostly-true', 'half-true', 'mostly-false', 'false']",4,True
"""The people of Tiverton have historically supported [gambling measures] at a rate higher than the rest of the state.""",true,true,"['true', 'mostly-true']",2,True
"Under Gov. Tom Corbett, ""Pennsylvania ranks 49th in job creation.""",mostly-true,mostly-true,"['true', 'mostly-true', 'half-true', 'mostly-false']",4,True
"""New Mexico is the second Hollywood"" because of tax incentives for the film industry.",half-true,mostly-true,"['mostly-true', 'half-true']",2,True
"""Our bold reforms have Wisconsin’s unemployment rate down to an all-time LOW of 2.9 percent, and the number of people working at an all-time HIGH!""",half-true,half-true,"['mostly-true', 'half-true']",2,True
"Says Barack Obama said, ""If we keep talking about the economy, we’re going to lose.""",pants-fire,false,"['mostly-false', 'false']",2,False
"Wages ""haven’t gone up for a long time.""",false,false,"['mostly-false', 'false']",2,True
"Says Tom Barrett ""has directed that tens of millions of City of Milwaukee tax dollars be used for the construction of a downtown trolley at the expense of: health and public safety; repair and replacement of public infrastructure; public education; and, job creation and economic development.""",mostly-false,mostly-false,['mostly-false'],1,True
"Says Washington state has ""consistently ranked in the top five in the Forbes list of best states to do business — ahead of Texas.""",half-true,half-true,['half-true'],1,True
"""John McCain fought to rein in Fannie and Freddie...but Democrats blocked the reforms.""",half-true,half-true,['half-true'],1,True
"""Unemployment has fallen from 10 percent during the president’s first year in office to 8.5 percent today.""",half-true,half-true,"['mostly-true', 'half-true']",2,True
"Says that according to one economist, $1 of unemployment benefits boosts the economy by $1.61.",mostly-false,mostly-true,"['mostly-true', 'half-true', 'mostly-false']",3,True
"""Watch those GDP numbers. We started off at a very low number, and right now we hit a 3.2 (percent). Nobody thought that was possible.""",false,mostly-false,"['mostly-false', 'false']",2,True
"Under Barack Obama, the U.S. now has the ""lowest workforce since (President Jimmy) Carter.""",mostly-false,mostly-false,"['mostly-true', 'half-true', 'mostly-false', 'false']",4,True
“The racial wealth gap is the smallest it’s been in 20 years.”,half-true,mostly-true,"['mostly-true', 'half-true', 'mostly-false', 'false']",4,True
"""Florida has experienced positive job growth for 39 consecutive months.""",mostly-false,mostly-true,"['mostly-true', 'half-true', 'mostly-false']",3,True
"""More Texans have new jobs today than the entire population of Fort Worth.""",true,true,['true'],1,True
"""Over the last few years, we’ve put more people back to work than all the other advanced economies combined.""",half-true,false,"['half-true', 'mostly-false', 'false']",3,True
"Says the Associated Press was wrong to report that ""Income Inequality grew to largest in 50 years"" because in a ""new Census report all four measures of income inequality SHRUNK, reversing rise over past five decades.""",mostly-false,false,"['mostly-false', 'false']",2,True
"""The unemployment rate among blacks in Texas is 9.5% -- far more than double white unemployment -- and wages have fallen for black workers in Texas since 2000.""",true,mostly-true,"['true', 'mostly-true', 'half-true']",3,True
"Says about universal basic income, ""Thomas Paine was for it at our founding ... Martin Luther King, champion in the ‘60s, called it a guaranteed minimum income for all Americans… It passed the U.S. House of Representatives twice in 1971.""",mostly-true,mostly-true,"['mostly-true', 'half-true']",2,True
The Trump administration “achieved the lowest African American unemployment rate and the lowest African American poverty rate ever recorded.”,half-true,false,"['mostly-false', 'false']",2,False
"Says that in 2009, Jon Huntsman ""said that the Recovery Act wasn't large enough and as governor he asked for $14.4 billion in federal stimulus funds. Now he's saying that he never supported it.""",half-true,mostly-true,"['true', 'mostly-true', 'half-true', 'mostly-false']",4,True
"""Every single one of the 41 Republican senators who just blocked a raise in the minimum wage will receive a $2,800 cost-of-living adjustment on January 1, 2015.""",half-true,mostly-false,"['half-true', 'mostly-false', 'false']",3,True
"""Iowa has the fourth fastest-growing personal income in the United States, while nationally, the real wage has decreased over the past eight years that Congressman (Bruce) Braley has been there by 2.7 percent.""",mostly-false,mostly-true,"['mostly-true', 'half-true']",2,False
"Says President Barack Obama ""spent nearly a trillion dollars on make-work government jobs.""",false,false,"['mostly-false', 'false']",2,True
"""Today 46 percent of all Floridians owe more on their home than it is worth.""",mostly-true,mostly-true,"['true', 'mostly-true']",2,True
"""We have 10,000 baby boomers retiring every day.""",true,true,['true'],1,True
"The financial services bill will end ""too-big-to-fail.""",mostly-false,mostly-false,"['mostly-true', 'mostly-false']",2,True
"""The day President Obama took office, gasoline was $1.79 a gallon.""",true,true,['true'],1,True
"""Since President Obama took full control of Washington,"" every day, 13,000 more people ""have been put on food stamps.""",half-true,mostly-true,"['true', 'mostly-true', 'half-true', 'mostly-false', 'false']",5,True
"""A year ago, in March 2007, I called for immediate action to address abuses in the subprime market, and I laid out detailed concrete proposals for how to do so.""",true,true,['true'],1,True
"Says that “over a 45-minute period that we had the press conference” on the coronavirus on March 13, 2020, the stock market set ""an all-time record.""",half-true,false,"['mostly-true', 'half-true', 'mostly-false', 'false']",4,True
"Says New Jersey is ""down nearly 200,000 jobs from its pre-recession peak"" and with Gov. Chris Christie ""New Jersey has trailed the rest of America when it comes to unemployment"" for 12 consecutive months.",half-true,mostly-true,"['mostly-true', 'half-true']",2,True
“Joe Biden wants to raise taxes on 82% of all Americans.”,false,false,"['mostly-false', 'false']",2,True
"“Kamala Harris has promised amnesty for the 10 million illegals she allowed in as border czar, making them eligible for Social Security. Studies warn this will lead to cuts in your Social Security benefits.""",false,false,"['mostly-false', 'false', 'pants-fire']",3,True
"Of six Rhode Island tax-credit programs worth about $35 million, ""three companies got 90 percent of that -- CVS and two companies not even located in the state of Rhode Island.""",true,mostly-true,"['true', 'mostly-true', 'half-true', 'mostly-false']",4,True
"""Fourteen million Americans' mortgages are greater than the value of their homes.""",true,true,['true'],1,True
"Says President Donald Trump’s fiscal year 2020 budget ""slashes investments in health care to pay for tax cuts to billionaires.""",half-true,mostly-false,"['mostly-true', 'half-true', 'mostly-false', 'false']",4,True
"Says Robert Hurt ""supports the tax loopholes that send American jobs overseas.""",false,false,['false'],1,True
"In 2024, “China made $1 trillion off trade with the United States.”",false,false,['false'],1,True
"""We had the best jobs report in 16 years.""",mostly-true,mostly-false,"['mostly-true', 'half-true', 'mostly-false', 'false']",4,True
"Immigrants ""have captured all of the nearly 9 million jobs created since 2000.""",mostly-false,false,"['mostly-false', 'false']",2,True
"""The number of small businesses is up 30% compared to before the pandemic.""",false,mostly-true,"['mostly-true', 'half-true', 'mostly-false']",3,False
"""AIG executives ... (took) a junket for over $400,000. Twice.""",mostly-false,mostly-false,"['mostly-true', 'half-true', 'mostly-false']",3,True
"""The average federal employee makes $120,000 a year. The average private employee makes $60,000 a year.""",false,false,['false'],1,True
"""My campaign alone has created more jobs in the state of Rhode Island than Narragansett Beer.""",mostly-true,false,"['mostly-false', 'false']",2,False
"Says his proposed payroll tax cut ""will mean an extra $1,500 in your pocket compared to if we do nothing.""",true,mostly-true,"['true', 'mostly-true']",2,True
"Says Mitch McConnell credits Republicans ""for recent economic improvements"" even though they took control of the Senate only ""days ago.""",mostly-true,mostly-true,"['mostly-true', 'half-true']",2,True
"""The photonics bill that was sponsored in Congress and written, was written by Congressman Tom Reed, not Congresswoman Louise Slaughter.""",false,false,"['mostly-false', 'false']",2,True
"""If the Dow Joans ever falls more than 1000 ‘points’ in a Single Day the sitting president should be 'loaded' into a very big cannon and Shot into the sun at TREMENDOUS SPEED! No excuses!""",pants-fire,pants-fire,['pants-fire'],1,True
"“Iowans are paying $5,000 extra for everyday goods under Biden and Axne’s inflation.”",half-true,false,"['mostly-false', 'false']",2,False
"Says Minnesota has more Fortune 500 companies than Oregon and ""one of the most obvious differences is they've invested in their schools.""",mostly-true,mostly-true,['mostly-true'],1,True
"""Although the governor doubled the beach fees . . . all the money, as we found out, is all going to an out-of-state company. The state isn't even getting the money for that.""",pants-fire,mostly-false,"['mostly-true', 'half-true', 'mostly-false', 'false']",4,False
"""Ninety percent of people born in the 1940s ended up doing better financially than their parents. But those born in the 1980s, the much-maligned Millennials, have only a 50-50 chance of doing better (financially) than their parents, despite being the best-educated generation in our history.""",true,true,"['true', 'mostly-true']",2,True
"""One out of 10 minimum-wage workers in the U.S. live in Texas.""",true,mostly-true,"['true', 'mostly-true', 'half-true', 'false']",4,True
Says Travis County's unemployment rate is below the national average while its poverty rate exceeds the national average--and local poverty is rising.,mostly-true,true,"['true', 'mostly-true']",2,True
"Before the coronavirus pandemic, the United States had “the greatest economy in the history of our country.”",false,false,"['mostly-false', 'false']",2,True
"Speaking of the federal debt before the coronavirus pandemic, “we were starting to get that number down.”",false,false,"['mostly-false', 'false']",2,True
"""In 2011, NJ economy ranked 47th--at the bottom with Alabama, Mississippi & Wyoming. Under Christie, NJ is falling behind.""",mostly-true,mostly-true,"['true', 'mostly-true', 'half-true']",3,True
"Rhode Island's unemployment insurance system ""is the most expensive such system in the country.""",false,false,"['mostly-false', 'false']",2,True
"Hedge fund managers ""pay less in taxes than nurses and truck drivers.""",false,mostly-false,"['mostly-false', 'false']",2,True
"Some ""20,000 Delphi salaried retirees lost up to 70 percent of their pensions"" as a result of ""political favoritism and backroom deals.""",mostly-false,mostly-false,"['mostly-true', 'half-true', 'mostly-false']",3,True
"Thirty percent of U.S. medical residents are international medical graduates, and 10,000 of 43,000 residency spots are filled by H-1B visa holders.",half-true,mostly-true,"['mostly-true', 'half-true', 'mostly-false', 'false']",4,True
"Small businesses ""create 70 percent of the jobs in America.""",true,mostly-true,"['true', 'mostly-true']",2,True
"""If you threw a barbecue yesterday for the Memorial weekend, it was 29 percent more expensive than last year because Barack Obama's policies have led to groceries going up 29 percent.""",false,false,['false'],1,True
"""The (Ohio) economy is on the mend. … It is in better shape than it was when we took office.""",half-true,half-true,['half-true'],1,True
"""Since we took office, we have been outpacing the nation in job growth.""",half-true,false,"['mostly-true', 'half-true', 'mostly-false', 'false']",4,True
"""Twenty million Americans are out of work.""",half-true,mostly-true,"['true', 'mostly-true', 'half-true', 'mostly-false', 'false']",5,True
"The Great Reset advocates replacing capitalism with an economic system that is “kind of socialism, kind of communism” but “mostly just fascism.”",false,false,"['mostly-false', 'false', 'pants-fire']",3,True
"Says ""Every legislative district in the state has at least one craft brewery and countless home brewers.""",false,false,['false'],1,True
"""Immigrants are responsible for 96 percent of our small biz growth since 2000.""",false,mostly-false,"['mostly-true', 'mostly-false', 'false']",3,True
"""You look at today, only half the 30-year-olds are doing better than their parents were at age 30. When I was being raised, it was 90%.""",mostly-true,true,"['true', 'mostly-true']",2,True
The federal government could save $500 million annually by circulating $1 coins instead of $1 bills.,half-true,half-true,['half-true'],1,True
"""When Marcy Kaptur brought home $42 million for new manufacturing jobs, Dennis Kucinich voted 'no'.""",half-true,half-true,['half-true'],1,True
"""Sen. McConnell offered a fully paid two-month extension of unemployment insurance.""",true,true,['true'],1,True
"""Who will raising the minimum wage actually help? … More than half work full-time. The average worker is 35 years old.""",half-true,mostly-false,"['mostly-true', 'half-true', 'mostly-false', 'false']",4,True
"“Anything that you lose on the tariff from the perspective of the consumer, you gain in higher wages, so you're ultimately much better off.”",false,false,"['mostly-false', 'false']",2,True
"Says that in the last five years, Texas ""created more jobs than all other states combined.""",half-true,half-true,['half-true'],1,True
"""Dubious taxpayer-funded"" stimulus spending -- Part II.",pants-fire,pants-fire,"['mostly-false', 'false', 'pants-fire']",3,True
"Because of its higher minimum wage, New York State is ""already showing signs of various companies picking up and leaving.""",mostly-false,mostly-false,"['mostly-true', 'half-true', 'mostly-false', 'false']",4,True
"""The economy began its nose dive when Democrats took control of Congress in January 2007.""",pants-fire,pants-fire,['pants-fire'],1,True
"""For the first time since 1990, American manufacturers are creating new jobs.""",false,false,['false'],1,True
"Less than 10 percent of Obama's Cabinet appointees ""have any experience in the private sector.""",false,false,['false'],1,True
Says Delta offers a discount to Planned Parenthood.,false,false,['false'],1,True
"Since the salary for state lawmakers was raised to $79,500, ""that purchasing power has now been reduced to $53,000.""",mostly-true,mostly-true,"['true', 'mostly-true', 'half-true']",3,True
"Income inequality ""seems to be worst in cities run by Democrats.""",half-true,mostly-true,"['mostly-true', 'half-true', 'mostly-false']",3,True
"Says America spends ""over 17 percent of its GDP on health care costs when our closest competitor nations are spending about 12.""",true,true,"['true', 'mostly-true']",2,True
"Rhode Island has ""the most burdensome level of health-insurance mandates in the nation.""",half-true,mostly-false,"['mostly-true', 'half-true', 'mostly-false', 'false']",4,True
"Says Hillary Clinton called the Trans-Pacific Partnership ""the gold standard. You called it the gold standard of trade deals. You said it’s the finest deal you’ve ever seen.""",mostly-true,true,"['true', 'mostly-true']",2,True
"""Connecticut's take on slot machines is 25 cents on the dollar. And the state's take on table games:  zero.""",true,true,['true'],1,True
"Women ""are still paid 82 cents for every dollar a man earns in Texas.""",mostly-true,mostly-true,"['true', 'mostly-true', 'half-true', 'mostly-false', 'false']",5,True
"""College debt has increased 170 percent since 2006 and now exceeds $1.5 trillion dollars, which is second only to mortgage debt and surpasses even credit card debt.""",mostly-true,mostly-true,['mostly-true'],1,True
"""Water transportation is the most fuel efficient, least polluting, safest, and least expensive means of moving cargo.""",true,true,['true'],1,True
“Government imposed lockdowns do NOT reduce [COVID-19] cases or stop spikes.”,false,true,"['true', 'mostly-true', 'false']",3,True
"The health care bill will ""create 4 million jobs, 400,000 jobs almost immediately.""",half-true,half-true,['half-true'],1,True
"""All across Ohio, steel mills are reopening.""",half-true,mostly-false,"['mostly-false', 'false']",2,False
"Says Ron Johnson ""opposes entirely a federal minimum wage,"" except perhaps for ""guest workers.""",true,true,['true'],1,True
"Says President Obama promised ""he'd keep unemployment below 8 percent"" if the stimulus passed.",mostly-false,false,"['half-true', 'mostly-false', 'false']",3,True
"Potential Foxconn changes are due to ""the wave of economic uncertainty"" from Evers administration",pants-fire,pants-fire,['pants-fire'],1,True
"""Corporate profits are up, CEO pay is up, but average wages of Americans are flat.""",true,true,['true'],1,True
"The United States has ""one of the highest corporate tax rates in the world.""",true,true,['true'],1,True
"Says a Congressional Budget Office report on spending by House Democrats in the economic stimulus concluded it ""is just not stimulus. It won't help the economy grow.""",false,false,"['mostly-false', 'false']",2,True
"""Nearly 60% of all student loan debt is held by the rich and upper-middle class,"" so forgiveness would give the wealthy a ""financial windfall"" but not really help low-income people.",half-true,half-true,"['mostly-true', 'half-true', 'mostly-false']",3,True
"Greece ""has a GDP the size of the Dallas-Fort Worth Metroplex.""",true,true,['true'],1,True
"""The deficit ... is coming down, and it’s coming down rapidly.""",pants-fire,false,"['mostly-false', 'false']",2,False
"""The CBO just said if we cut this (unemployment benefits) extension, we will kill jobs, because those people who are looking for work won't have any money to spend.""",half-true,half-true,"['mostly-true', 'half-true', 'mostly-false', 'false']",4,True
"""Rhode Island’s exports have increased by 53 percent in the last two years.""",true,true,"['true', 'mostly-true']",2,True
"Says Scott Walker ""wants state taxpayers to dole out up to $250 million annually in incentives"" to Foxconn ""to lure a manufacturing plant to Wisconsin that he claims will generate $181 million in tax revenue.""",half-true,half-true,['half-true'],1,True
‘The White House is now trying to protect Joe Biden by changing the definition of the word recession.',false,false,"['mostly-false', 'false']",2,True
"Repealing the sales tax on boats in Rhode Island has spawned 2,000 companies, 7,000 jobs and close to $2 billion a year in sales activity.",half-true,half-true,['half-true'],1,True
"""So far, the Recovery Act is responsible for the jobs of about 2 million Americans who would otherwise be unemployed. ... [And] the Recovery Act is on track to save or create another 1.5 million jobs in 2010.""",half-true,half-true,['half-true'],1,True
"""Minimum wage = $16,000/year CEO-Goldman Sachs (Lloyd Blankfein) $16,000/Hour.""",false,false,['false'],1,True
"""Women and men both are making less when you adjust for inflation than when"" John Kitzhaber was first elected governor.",false,false,"['mostly-true', 'half-true', 'mostly-false', 'false']",4,True
"""The Fed created $1.2 trillion out of nothing, gave it to banks, and some of them foreign banks, so that they could stabilize their operations.""",true,true,['true'],1,True
"""832,000 people lost their job while (Charlie Crist was) governor.""",half-true,mostly-true,"['true', 'mostly-true']",2,False
"Says Donald Trump’s ""Make America Great Again"" caps are ""made in China.""",pants-fire,false,"['true', 'mostly-true', 'half-true', 'mostly-false', 'false']",5,False
"Says Rick Scott changed his promise from 700,000 jobs created ""on top of what normal growth would be"" to just 700,000 jobs.",true,mostly-true,"['true', 'mostly-true', 'half-true', 'mostly-false', 'false']",5,True
An anonymous e-mail says that Hillary Clinton advocates communism.,pants-fire,pants-fire,"['false', 'pants-fire']",2,True
"Children born today will carry a $30,000 share of the national debt.",true,true,"['true', 'mostly-true']",2,True
"""More than 90 percent of the gains have gone to the top 1 percent.""",half-true,mostly-false,"['mostly-true', 'half-true', 'mostly-false', 'false']",4,True
"“The flu killed 80,000 Americans last year according to the CDC.”",mostly-false,mostly-false,['mostly-false'],1,True
Say the ratio of CEO pay to average worker pay in the U.S. is 475 to 1.,false,false,['false'],1,True
"""Scott Walker gave Wisconsin job creation money to his cronies: corporate friends who contributed to his campaigns"" and got $570 million in job-development incentives",false,false,['false'],1,True
"When Obama took office ""the economy of the United States was actually shrinking for the first time in about 70 years.""",mostly-false,mostly-true,"['true', 'mostly-true', 'half-true']",3,False
"Says spending by Democrats is driving major jumps in car rentals, gas prices and hotel prices this summer",mostly-false,false,"['mostly-false', 'false']",2,True
"AIG ""said they were giving $57 million (in retention payments) to people who were being terminated.""",true,true,"['true', 'mostly-true']",2,True
"""We have one of the highest percentages per capita of nonprofits in this state of any state in the union.""",mostly-true,mostly-true,"['true', 'mostly-true', 'half-true', 'false']",4,True
"Says that as Massachusetts governor, Mitt Romney ""condemned coal-fired plants, saying they kill people.""",mostly-true,mostly-true,"['true', 'mostly-true']",2,True
"""Congress shoveled $700 billion into the Troubled Assets Relief Program, $325 billion of which has been spent without purchasing any toxic assets.""",true,true,"['true', 'mostly-true']",2,True
"At General Motors, CEO Mary Barra ""took home almost 22 MILLION DOLLARS last year alone (295x your company's average employee).""",true,true,"['true', 'mostly-true']",2,True
"Sen. Joe Manchin’s “support for the (Inflation Reduction Act) could cost West Virginia 100,000 fossil fuel jobs.”",mostly-false,false,"['mostly-false', 'false']",2,True
"On attacks by Republicans that various programs in the economic stimulus plan are not stimulative, ""If you add all that stuff up, it accounts for less than 1 percent of the overall package.""",half-true,mostly-true,"['mostly-true', 'half-true']",2,True
"The  Georgia Department of Economic Development assisted with the creation of 28,776 jobs, an increase of 29 percent from last fiscal year, and $5.97 billion in investments, a 32 percent increase.",half-true,half-true,"['mostly-true', 'half-true']",2,True
"""A report just came out that if we continue with President Obama's policies, we're looking at over 9 percent unemployment next year in the fourth quarter.""",false,false,"['mostly-false', 'false']",2,True
"Deals struck on his first foreign trip as president made and saved ""millions of jobs.""",false,false,"['mostly-false', 'false']",2,True
"""We’ve now gained private sector jobs 12 months in a row.""",mostly-true,mostly-true,['mostly-true'],1,True
"Unemployment numbers ""are artificial numbers. These are numbers that are massaged to make the existing economy look good, to make this administration look good when, in fact, it's a total disaster.""",pants-fire,false,"['mostly-false', 'false']",2,False
An estimated 56 million Americans don't have bank accounts.,mostly-true,mostly-true,"['mostly-true', 'half-true', 'mostly-false', 'false']",4,True
The U.S. government is offering Americans loans to pay for flights out of Lebanon while they have been flying Israeli citizens out of Israel on chartered flights for a year “on our dime.”,false,mostly-false,"['mostly-true', 'half-true', 'mostly-false', 'false']",4,True
"Says when New York ""implemented a program"" to tax the wealthy at higher rates it saw a revenue shortfall ""because of the outward migration of their top earners.""",false,false,"['mostly-true', 'half-true', 'mostly-false', 'false']",4,True
"""Overall, the inflation since President Trump” took office “has come down.""",half-true,false,"['mostly-true', 'mostly-false', 'false']",3,False
"""Of all the 62 counties in New York state, all of them, unemployment is going up except for the five counties of New York City.""",mostly-true,mostly-true,"['true', 'mostly-true', 'half-true', 'mostly-false']",4,True
"When Obama was interviewed by American reporters in Asia, ""Not one of them asked me about Asia. Not one of them asked me about the economy.""",false,false,['false'],1,True
Says approximately 70 percent of jobs created in the United States in November 2007-2008 were in Texas.,false,false,['false'],1,True
"""Women make 77 cents for every dollar earned by men.""",half-true,mostly-true,"['mostly-true', 'half-true', 'mostly-false', 'false']",4,True
"Says if labor force participation rate were the same as when Barack Obama became president, unemployment would be 11 percent.",true,mostly-true,"['true', 'mostly-true', 'half-true']",3,True
"""Today, there are more Hoosiers going to work than ever before in the 200-year history of the great state of Indiana.""",half-true,false,"['mostly-true', 'half-true', 'mostly-false', 'false']",4,True
"""Kanye (West) looks and he sees black unemployment at the lowest it’s been in the history of our country. He sees Hispanic unemployment at the lowest it’s been in the history of our country. He sees (women’s unemployment) the lowest it’s been in now almost 19 years.""",mostly-true,false,"['mostly-false', 'false']",2,False
"The U.S. economy is ""recovering slower than Europe """,false,mostly-true,"['true', 'mostly-true', 'mostly-false', 'false']",4,True
The state’s overall revenues only returned this year to 2007 levels.,true,true,['true'],1,True
Says the state tax burden per citizen in New York is twice as high as in Florida.,mostly-true,mostly-true,"['true', 'mostly-true', 'half-true']",3,True
"In the early 1960s, all levels of government were ""consuming about 27 percent of the U.S. economy,"" a number that has risen to 37 percent today. With that trendline, ""we cease at some point to be a free economy.""",mostly-false,mostly-true,"['true', 'mostly-true', 'half-true']",3,False
“A higher percentage of American workers are working today than ever before.”,mostly-false,false,"['mostly-true', 'mostly-false', 'false']",3,True
“40% of  jobs in this country pay less than the average unemployment check of $750/week.”,half-true,mostly-false,"['mostly-true', 'mostly-false', 'false']",3,False
"""Two-thirds of the people who receive the minimum wage are female.""",mostly-true,mostly-true,"['true', 'mostly-true']",2,True
"""The Congressional Budget Office has this economic model where they measure the economy going forward, and they are now telling us that the entire economy crashes in the year 2037 because their computer simulation can't conceive of any way in which the U.S. economy can continue.""",half-true,half-true,['half-true'],1,True
"“Since the end of the 2020 fiscal year, President Biden and Senator Baldwin have added over $7.3 trillion of debt, more than the first 228 years of our nation’s history combined.”",half-true,false,"['mostly-true', 'mostly-false', 'false']",3,False
The “‘Inflation Reduction Act’ increased inflation and drove prices sky high!”,false,false,"['mostly-false', 'false']",2,True
"""California has added twice as many jobs as Florida"" over the past year.",half-true,mostly-false,"['mostly-true', 'half-true', 'mostly-false', 'false']",4,True
"""Wages are up after being adjusted for inflation.""",half-true,mostly-true,"['mostly-true', 'half-true']",2,True
“Because of our economic policies we now are reducing inflation.”,mostly-false,mostly-false,"['mostly-true', 'half-true', 'mostly-false']",3,True
"""Ohio’s electricity rates are 10 percent below the national average.""",mostly-true,mostly-true,['mostly-true'],1,True
"""Unemployment rate dropped in every state that elected a Republican gov. in 2010""",half-true,false,"['mostly-false', 'false']",2,False
"""Today there are more men and women out of work in America than there are people working in Canada.""",false,false,['false'],1,True
"Sheldon Whitehouse voted for a ""$525-billion tax increase on the middle class.""",pants-fire,false,"['mostly-false', 'false']",2,False
“CEOs are now making 400 times more than their average worker.”,mostly-true,true,"['true', 'mostly-true']",2,True
Unemployment and the housing and auto industry crises can be fixed by giving a million dollars to every worker over age 50 to retire.,pants-fire,pants-fire,['pants-fire'],1,True
Unemployment in Texas has risen over two percentage points with Rick Perry as governor.,half-true,false,"['true', 'mostly-true', 'mostly-false', 'false']",4,False
"""Since February 2009, our economy has lost roughly 3 million private sector jobs while the federal government has grown by more than 400,000 jobs.""",half-true,half-true,['half-true'],1,True
"""In total, we have added nearly 75,000 private sector jobs in New Jersey since we took office in January 2010.""",true,mostly-true,"['true', 'mostly-true']",2,True
Siemens has been unable to fill approximately 200 skilled trade positions in metro Atlanta.,false,false,['false'],1,True
"""41 cents out of every dollar (the U.S. spends) is borrowed from places like China.""",mostly-true,mostly-true,['mostly-true'],1,True
"""The Fed created $15 trillion in the bailout process"" and $5 trillion went overseas.",mostly-false,false,"['mostly-false', 'false']",2,True
"""Manufacturing is having its best employment year in almost 15 years.""",mostly-true,mostly-true,['mostly-true'],1,True
