statement,true_verdict,predicted_verdict,prediction_set,set_size,is_covered
"""Chicago now has City ID Cards which allow illegal immigrants to vote in local, state & federal elections.""",false,false,"['false', 'pants-fire']",2,True
"""We've had Muslims in America since George Washington.""",true,true,"['true', 'false']",2,True
"Says Elizabeth Warren, asked about the Mollie Tibbetts murder, said “I know this is hard for her family, but they have to remember that we need to focus on real problems, like illegal immigrants not being able to see their kids.”",pants-fire,false,"['false', 'pants-fire']",2,True
The U.S. State Department has started a special immigrants visa “evacuation operation.”,false,false,"['false', 'pants-fire']",2,True
Say a boy was 'caged' in a wire enclosure.,false,false,"['mostly-false', 'false', 'pants-fire']",3,True
"""Fences have not worked. The Great Wall of China, the Berlin Wall. That's not good among peoples, especially friends like the United States and Mexico.""",half-true,half-true,"['mostly-true', 'half-true', 'mostly-false', 'false']",4,True
"When Haitians go to school in Springfield, Ohio, they “take the place of our children in school” and “each one will have a private interpreter.""",false,false,"['mostly-false', 'false', 'pants-fire']",3,True
"""Look, we are at war with these people and they don't wear uniforms. … This is a war against people that are vicious, violent people, that we have no idea who they are, where they come from. We are allowing tens of thousands of them into our country now.""",pants-fire,false,"['mostly-false', 'false', 'pants-fire']",3,True
"The government gave $3,500 debit cards to immigrants while giving only $750 to Hurricane Helene victims.",false,false,"['false', 'pants-fire']",2,True
Says the cartels are so bad in a Mexican border state that the U.S. government issued a ‘Do Not Travel’ warning -- the same warning it issued for Syria.,true,true,"['true', 'mostly-true', 'half-true', 'mostly-false', 'false']",5,True
"The Senate immigration bill ""unleashes a massive increase in overall immigration. … We're talking about a population increase under the Senate bill of over 70 million people in 20 years.""",false,false,"['half-true', 'mostly-false', 'false', 'pants-fire']",4,True
"""Over half"" of science, technology, engineering and mathematics students ""receiving advanced degrees are not citizens of the United States of America.""",half-true,false,"['mostly-true', 'half-true', 'mostly-false', 'false', 'pants-fire']",5,True
"""Last year, we were in the range of 850,000 and that was the most in five years. … We are letting more people become citizens than has happened in years.""",half-true,false,"['true', 'mostly-true', 'half-true', 'mostly-false', 'false']",5,True
"President Joe Biden’s day one approach to immigration included ""blanket amnesty and halting border wall construction.""",half-true,false,"['half-true', 'mostly-false', 'false', 'pants-fire']",4,True
Rick Scott says he supported in-state tuition for Dreamers while Charlie Crist was against it.,half-true,false,"['half-true', 'mostly-false', 'false', 'pants-fire']",4,True
"Donald Trump ""wanted to amnesty 2 million illegal aliens in 2018 when he was president.""",mostly-true,false,"['half-true', 'mostly-false', 'false', 'pants-fire']",4,False
"On key issues including taxes, health care, the Green New Deal, abortion, and guns, there is “no daylight between” Bernie Sanders and Joe Biden.",half-true,false,"['mostly-true', 'half-true', 'mostly-false', 'false', 'pants-fire']",5,True
"""In the last 15 years, we've witnessed a dramatic expansion in the jailing of immigrants, from about 70,000 people detained annually to about 400,000.""",true,true,['true'],1,True
Says Maxine Waters said Trump supporters are “not welcome here” and “we must welcome everyone who crosses our borders.”,mostly-false,false,"['mostly-false', 'false', 'pants-fire']",3,True
"Presidents Hoover, Truman and Eisenhower collectively ordered the deportation of at least 15 million illegal aliens.",false,false,"['false', 'pants-fire']",2,True
"""Since the day of my election, we've already cut illegal immigration at the southern border by 61 percent.""",mostly-true,false,"['true', 'mostly-true', 'half-true', 'mostly-false', 'false', 'pants-fire']",6,True
Says Joe Biden has driven the current coronavirus surge because he “imported more virus from around the world by having a wide open southern border.”,false,false,"['mostly-false', 'false', 'pants-fire']",3,True
"“Approximately 60,000 Canadians currently live undocumented in the USA.”",mostly-true,half-true,"['true', 'mostly-true', 'half-true', 'mostly-false', 'false', 'pants-fire']",6,True
"On immigration, ""the president said 22 times, 22 times, that he couldn't do what he eventually did.""",mostly-true,false,"['true', 'mostly-true', 'half-true', 'mostly-false', 'false', 'pants-fire']",6,True
"""What the Arizona law does is make a state crime out of something that already is... a federal crime.""",mostly-true,true,"['true', 'mostly-true', 'half-true', 'false']",4,True
"""Undocumented workers crossing the border right now is at a 12-year low.""",mostly-true,false,"['true', 'mostly-true', 'half-true', 'mostly-false', 'false', 'pants-fire']",6,True
"""Apprehension rates at the southern border have plummeted since the 1980s, and apprehensions of Mexicans specifically have reached their lowest point in nearly half a century.""",mostly-true,true,['true'],1,False
The 14th Amendment “has never been challenged at SCOTUS.”,false,false,"['mostly-false', 'false', 'pants-fire']",3,True
"“Here in Nevada, the DMV registers everybody (to vote) and so that means illegals. They don’t check.”",false,false,"['mostly-false', 'false', 'pants-fire']",3,True
"""A lot of these migrants that are coming, we have no way to screen their backgrounds for either health or for security.""",false,false,"['mostly-true', 'half-true', 'mostly-false', 'false', 'pants-fire']",5,True
"""We could build 30 walls with the $150 billion Obama gave to Iran.""",false,false,"['mostly-false', 'false', 'pants-fire']",3,True
McCain opposed the border fence.,false,false,"['true', 'mostly-false', 'false', 'pants-fire']",4,True
"""Almost half a million people are still eligible (for DACA), particularly in the Asian-American and Pacific Islander community.""",true,true,"['true', 'mostly-true', 'half-true', 'mostly-false', 'false', 'pants-fire']",6,True
"""Democrats oppose any effort to secure our border.""",false,false,"['mostly-false', 'false']",2,True
"Says Will Hurd said a border-long U.S.-Mexico wall ""absolutely makes sense.""",mostly-false,false,"['mostly-false', 'false', 'pants-fire']",3,True
"""100% of heroin/fentanyl epidemic is because we don't have a WALL.""",pants-fire,false,"['mostly-false', 'false', 'pants-fire']",3,True
"U.S. Sen. Sherrod Brown voted to “give illegals taxpayer funded stimulus checks, health care, even Social Security.""",false,false,"['mostly-false', 'false', 'pants-fire']",3,True
"Says Travis County Sheriff Sally Hernandez ""declared that she would not detain known criminals accused of violent crimes.""",pants-fire,false,"['true', 'mostly-true', 'half-true', 'mostly-false', 'false', 'pants-fire']",6,True
"Citing his efforts to secure the border, Obama said, ""Overall, the number of people trying to cross our border illegally is the lowest it has been since the 1970s.""",half-true,false,"['true', 'mostly-true', 'half-true', 'mostly-false', 'false', 'pants-fire']",6,True
"Under the DREAM Act, after two years of higher education or military service ""you are eligible for citizenship. Once a citizen, this paves the way to bring the rest of (your) extended family to the United States.""",mostly-false,false,"['mostly-true', 'half-true', 'mostly-false', 'false']",4,True
"The estimated price of President Trump’s border wall is the same as the cost of ""one and a half aircraft carriers.""",true,false,"['true', 'mostly-true', 'half-true', 'mostly-false', 'false', 'pants-fire']",6,True
"""Close to 30% of our federal prison population consists of  illegal immigrants.""",false,false,"['mostly-false', 'false', 'pants-fire']",3,True
"Says the diversity visa lottery program is ""a Chuck Schumer beauty.""",mostly-false,false,"['half-true', 'mostly-false', 'false', 'pants-fire']",4,True
"Says President Obama has cracked down ""on employers who are attracting undocumented immigrants and hiring them more than any previous president.""",half-true,false,"['true', 'mostly-true', 'half-true', 'mostly-false', 'false', 'pants-fire']",6,True
"Says ""Donald Trump proposes to deport 16 million people, 11 million who are here without documents, and both Donald Trump and Mike Pence want to get rid of birthright citizenship.""",half-true,false,"['half-true', 'mostly-false', 'false', 'pants-fire']",4,True
"""About three-quarters of (Syrian refugees) are women and children. A full third of them are kids under 12 years old.""",true,true,['true'],1,True
"Of shelters for immigrant children: ""You know what? There's not a lock on the door. Any child is free to leave at anytime, but they don't. You know why? Because they are well taken care of.""",half-true,false,"['half-true', 'mostly-false', 'false', 'pants-fire']",4,True
"Says presidents George W. Bush and Barack Obama each tried to get immigration bills passed, but ""it did not work because the other party was unwilling to provide the president and his party a victory.""",mostly-false,false,"['half-true', 'mostly-false', 'false', 'pants-fire']",4,True
"Ted Cruz ""helps run two national organizations that have been leading the push to give amnesty to illegal immigrants.""",pants-fire,false,"['half-true', 'mostly-false', 'false', 'pants-fire']",4,True
"""Nothing in any of the Democrat bills would require individuals to verify their citizenship or identity prior to receiving taxpayer-subsidized benefits.""",half-true,half-true,"['mostly-true', 'half-true', 'mostly-false', 'false']",4,True
"Says Katie Porter is part of a ""radical group of Democrats with an extreme agenda to abolish ICE.""",false,false,"['mostly-false', 'false', 'pants-fire']",3,True
"Says Eric Cantor ""was the co-author of the House GOP principles on immigration reform. Both the 'New York Times' and the 'Washington Post' said that that captured the essence of what was in the Senate immigration bill.""",half-true,false,"['true', 'mostly-true', 'half-true', 'mostly-false', 'false', 'pants-fire']",6,True
Says he was the only statewide elected official to speak in favor of a federal guest worker plan at the 2012 Republican Party of Texas convention.,true,true,"['true', 'false']",2,True
"Among Hispanics, support for immigration reform is close to universal.",mostly-true,false,"['true', 'mostly-true', 'half-true', 'mostly-false', 'false', 'pants-fire']",6,True
Says Joe Biden “tried to cut Social Security and Medicare for decades. … Now Biden’s promising your benefits to illegal immigrants.”,mostly-false,false,"['mostly-false', 'false', 'pants-fire']",3,True
Joe Biden’s immigration order limiting asylum is “pro-child trafficking.”,false,false,"['mostly-false', 'false', 'pants-fire']",3,True
"Ketanji Brown Jackson has ""a weak record — defund police, abolish ICE and now a completely open border policy.""",pants-fire,false,"['mostly-false', 'false', 'pants-fire']",3,True
"""We’ve started building the wall.""",mostly-false,false,"['mostly-false', 'false', 'pants-fire']",3,True
"""Republicans just voted in the House Judiciary Committee to allow Trump to DEPORT U.S. citizens to a foreign country.""",mostly-false,false,"['mostly-false', 'false', 'pants-fire']",3,True
"""If you're from Syria and you're a Christian, you cannot come into this country"" as a refugee.",false,false,"['mostly-false', 'false', 'pants-fire']",3,True
"""Democrats announce they will abolish ICE if they win 2020 election.""",false,false,"['mostly-false', 'false', 'pants-fire']",3,True
"Says that as president, Barack Obama has not gone to the Texas-Mexico border",false,false,"['mostly-false', 'false']",2,True
"For immigrants with visa overstays, ""we make no effort to hold them accountable to that or uphold the law.""",half-true,false,"['half-true', 'mostly-false', 'false', 'pants-fire']",4,True
“BREAKING – A large convoy of trucks just breached the U.S. border patrol checkpoint in Arizona.”,false,false,"['false', 'pants-fire']",2,True
"Says U.S. Immigration and Customs Enforcement “will be at every polling station” on Nov. 3, 2020.",false,false,['false'],1,True
"Harry Reid has voted ""to give special tax breaks to illegal aliens.""",false,false,"['mostly-false', 'false', 'pants-fire']",3,True
"A ""substantial number"" of probationers participating in a pilot project to ease the farm labor shortage are able to ""finish the work.""",mostly-false,false,"['half-true', 'mostly-false', 'false', 'pants-fire']",4,True
"""Dubai is the only country with huge amounts of imported workers that's actually passed legislation to give these immigrant workers a better deal in the Middle East.""",mostly-false,false,"['mostly-false', 'false', 'pants-fire']",3,True
"Among Syrian refugees and migrants coming into Europe, ""there look like very few women. Very few children.""",false,false,"['mostly-false', 'false', 'pants-fire']",3,True
"College students ""who are NOT U.S. Citizens and who get the PELL Grant"" plan to return to their home countries after getting free gas cards and child care.",pants-fire,false,"['mostly-false', 'false', 'pants-fire']",3,True
"Said Sen. Thom Tillis ""co-sponsored a bill that not only provided amnesty, but provided a clear path to citizenship for illegal immigrants.""",mostly-false,false,"['true', 'mostly-true', 'half-true', 'mostly-false', 'false', 'pants-fire']",6,True
"Says President Barack Obama ""himself has granted waivers allowing into the United States refugees who provided material support to terrorists.""",mostly-false,false,"['half-true', 'mostly-false', 'false', 'pants-fire']",4,True
"""A million people a year come into the U.S. legally. No other country even comes close to that figure.""",true,false,"['true', 'mostly-true', 'half-true', 'mostly-false', 'false']",5,True
"""In 2006, Charlie Crist opposed in-state tuition for illegal immigrants.""",true,false,"['mostly-false', 'false', 'pants-fire']",3,False
"""Per capita, more Floridians move to California than Californians moving to Florida.”",mostly-true,true,"['true', 'mostly-true', 'half-true', 'mostly-false', 'false']",5,True
"""Under @BarackObama illegal immigration dropped to a 50-year low.""",mostly-false,false,"['true', 'mostly-true', 'half-true', 'mostly-false', 'false', 'pants-fire']",6,True
"Says of flood of non-Mexicans being apprehended at the border: ""These are people that are coming from states like Syria that have substantial connections back to terrorist regimes and terrorist operations.""",pants-fire,false,"['half-true', 'mostly-false', 'false', 'pants-fire']",4,True
"Under current U.S. immigration policy, ""literally one person with a green card"" can, in the extreme, bring in more than 270 of his relatives.",false,false,"['mostly-false', 'false', 'pants-fire']",3,True
"“We’ve seen an 800% increase in the Swanton sector, which is the part of the northern border that I represent, in illegal crossings.”",true,false,"['true', 'mostly-true', 'half-true', 'mostly-false', 'false', 'pants-fire']",6,True
"""Our university campuses by federal law do not check the immigration status of their students just as our public schools don’t.""",mostly-false,false,"['true', 'mostly-true', 'half-true', 'mostly-false', 'false', 'pants-fire']",6,True
"Says he ""fought Obama twice and won to stop illegal immigrants from voting.""",false,false,"['mostly-false', 'false']",2,True
"""For every single illegal immigrant family in this country, it costs $20,000 — it costs us $20,000; $20,000 in infrastructural costs. They pay about $10,000 in taxes.""",mostly-false,false,"['mostly-false', 'false', 'pants-fire']",3,True
"""Why was there no news coverage of this raid on the Arizona border? … Seizure was just five days ago. Right on the Arizona border!""",pants-fire,false,"['false', 'pants-fire']",2,True
"""One of the most troubling aspects of the Rubio-Schumer Gang of Eight bill was that it gave President Obama blanket authority to admit refugees, including Syrian refugees, without mandating any background checks whatsoever.""",false,false,"['half-true', 'mostly-false', 'false', 'pants-fire']",4,True
"Says 228 House Democrats voted ""to allow illegal aliens to have right to vote""",false,false,"['half-true', 'mostly-false', 'false', 'pants-fire']",4,True
"Says presidential candidate Sen. Kirsten Gillibrand said, ""Social Security must (be) expanded to illegal immigration, it’s their right.""",false,false,"['mostly-false', 'false']",2,True
"Says Rick Perry wrote a newspaper item saying he was ""open to amnesty"" for illegal immigrants in the United States.",half-true,false,"['true', 'mostly-true', 'half-true', 'mostly-false', 'false', 'pants-fire']",6,True
"Says U.S. Rep. Dan Lipinski “voted against the DREAM Act, supports separating families and banning Muslims.”",mostly-false,false,"['mostly-true', 'half-true', 'mostly-false', 'false', 'pants-fire']",5,True
"""Canada sets aside 36 percent of their visas for people with skills they think their country needs.  We set aside 6 percent.""",false,false,"['mostly-false', 'false', 'pants-fire']",3,True
"""With the exception of slavery and the Chinese Exclusion Act, our laws have never barred persons from becoming citizens.""",mostly-true,false,"['half-true', 'mostly-false', 'false', 'pants-fire']",4,False
"On Donald Trump’s plan to cut federal funding to sanctuary cities, ""because of a decision by the Supreme Court, no president's in a position to cut off funding across the board. It has to be very specific to the matter at hand.""",mostly-true,false,"['true', 'mostly-true', 'half-true', 'mostly-false', 'false', 'pants-fire']",6,True
Kilmar Armando Abrego Garcia “had ‘MS-13’ on his knuckles tattooed. … He had ‘MS’ as clear as you can be. Not 'interpreted.’”,pants-fire,false,"['true', 'mostly-true', 'half-true', 'mostly-false', 'false', 'pants-fire']",6,True
Says Martha McSally “voted to take away money from Fort Huachuca to pay for the border wall.”,half-true,false,"['mostly-true', 'half-true', 'mostly-false', 'false', 'pants-fire']",5,True
"""The major immigration issue was about Poles, and Bulgarians, and Romanians,"" and that they weren’t contributing economically. ""The unemployment rate among Poles in Britain is lower than the unemployment rate among Brits.""",true,false,"['true', 'mostly-true', 'half-true', 'mostly-false', 'false']",5,True
"""Crime is down in Venezuela by 67% because they're taking their gangs and their criminals and depositing them very nicely into the United States.”",false,false,"['mostly-false', 'false', 'pants-fire']",3,True
"Says that in New Mexico, ""illegals are issued emergency welfare EBT cards with $1k a month +$200 for each child, for at least 5+ years until they see a judge.""",false,false,"['mostly-false', 'false', 'pants-fire']",3,True
"Says ""tens of thousands of children"" were rushed across the southwest border ""because they fear the wall.""",mostly-false,false,"['mostly-true', 'half-true', 'mostly-false', 'false', 'pants-fire']",5,True
"“On the Southern border, as you know, the wall is going up, it's going up very rapidly. We're at 182 miles.”",half-true,false,"['half-true', 'mostly-false', 'false']",3,True
"Says Jacky Rosen ""voted against stopping criminals from re-entering the United States.""",mostly-false,false,"['mostly-false', 'false', 'pants-fire']",3,True
"""They found 60 votes in the Senate in 2006 and 2013"" for immigration legislation, and ""each time the House Republican majority refused to take it up.""",true,true,"['true', 'false']",2,True
"Under David Dewhurst’s leadership, the Texas ""Senate passed an expansion of in-state tuition and free health care to illegal immigrants.""",false,false,"['half-true', 'mostly-false', 'false', 'pants-fire']",4,True
"The immigration bill includes free ""Obamacars,"" motorcycles or scooters.",pants-fire,false,"['mostly-false', 'false', 'pants-fire']",3,True
Minnesota Gov. Tim Walz signed “legislation giving free college … to illegal immigrants.”,mostly-true,false,"['mostly-false', 'false', 'pants-fire']",3,False
"Among Syrian refugees, ""there aren't that many women, there aren't that many children.""",false,false,"['mostly-false', 'false', 'pants-fire']",3,True
"""There are about 350,000 people who succeed in crossing our borders illegally each year.""",false,false,"['mostly-false', 'false', 'pants-fire']",3,True
"The public health order Title 42 is ""the last tool Border Patrol has to stop the overwhelming flood of illegal immigrants pouring into our country.”",false,false,"['half-true', 'mostly-false', 'false', 'pants-fire']",4,True
"Says Beto O’Rourke is ""open to abolishing ICE.""",mostly-true,false,"['true', 'half-true', 'mostly-false', 'false', 'pants-fire']",5,False
"""There are actually only 30 countries that practice birthright citizenship.""",true,false,"['mostly-false', 'false', 'pants-fire']",3,False
"""Since 2001, 63,000 of us were murdered by illegal aliens.""  ​",false,false,"['false', 'pants-fire']",2,True
"""I never said that"" Marco Rubio was Mark Zuckerberg’s personal senator.",pants-fire,false,"['false', 'pants-fire']",2,True
"""When Chuck Schumer and Marco Rubio tried to push amnesty, it was Ted Cruz who stopped them.""",mostly-false,false,"['half-true', 'mostly-false', 'false', 'pants-fire']",4,True
"On immigration, what reports say President Barack Obama ""plans to do is roughly on the same scale"" as what President George H.W. Bush did.",mostly-true,mostly-true,"['true', 'mostly-true', 'half-true', 'mostly-false', 'false', 'pants-fire']",6,True
"Immigrants are supposed to “apply for asylum in the country where they are, and then they try to come into the United States.”",false,false,"['half-true', 'mostly-false', 'false', 'pants-fire']",4,True
"Up ""to 45 percent"" of illegal immigrants ""are not people that physically crossed the southern border or northern border. They are visa overstayers.""",mostly-true,false,"['true', 'mostly-true', 'half-true', 'mostly-false', 'false']",5,True
"""Study after study have shown that sanctuary cities do not lead to an increase in crime because of the presence of people that are undocumented.""",half-true,half-true,"['true', 'mostly-true', 'half-true', 'mostly-false', 'false', 'pants-fire']",6,True
"""Intensifying Hurricane Willa headed directly toward 10,000 migrant caravan path.""",false,false,"['mostly-false', 'false', 'pants-fire']",3,True
"When visa holders exit the United States and enter Mexico, ""if they leave through a land port of entry we literally have no clue if they are still here or have returned to their country of origin.""",mostly-true,half-true,"['true', 'mostly-true', 'half-true', 'mostly-false', 'false', 'pants-fire']",6,True
"Says Republican U.S. Senate candidate Ted Cruz ""opposes the DREAM Act, which is supported by 85% of Latinos.""",true,false,"['true', 'mostly-false', 'false', 'pants-fire']",4,True
"""50 percent of murders in Texas have been linked to illegal aliens.""",false,false,"['false', 'pants-fire']",2,True
"""The 2017/2018 budgets gave (President Donald) Trump billions for border upgrades. He’s spent ALMOST NONE of it. 6%.""",mostly-false,false,"['true', 'mostly-true', 'half-true', 'mostly-false', 'false', 'pants-fire']",6,True
"“Congo, Africa, just released a lot of people, a lot of people from their prisons and jails and brought them into the United States of America.”",pants-fire,false,"['mostly-false', 'false', 'pants-fire']",3,True
"“Less than three months ago, Kamala Harris and her administration blocked 300,000 unvetted Haitian migrants from being deported out of our country.""",mostly-false,false,"['mostly-false', 'false', 'pants-fire']",3,True
"“300,000 illegal immigrants were able to use a simple app to get a free flight to our country.”",false,false,"['mostly-false', 'false', 'pants-fire']",3,True
"""The border city of El Paso, Texas, used to have extremely high rates of violent crime — one of the highest in the country, and considered one of our nation's most dangerous cities. Now, immediately upon its building, with a powerful barrier in place, El Paso is one of the safest cities in our country.""",false,false,"['mostly-false', 'false', 'pants-fire']",3,True
"Says ICE and border patrol officers ""unanimously endorsed me for president.""",mostly-false,false,"['mostly-false', 'false', 'pants-fire']",3,True
Says the Department of Homeland Security didn't request any hours of aerial surveillance for the U.S.-Mexico border from the Department of Defense for 2017.,mostly-false,false,"['true', 'half-true', 'mostly-false', 'false', 'pants-fire']",5,True
"Says John Cox ""parroted, parroted Trump — almost verbatim — on the children’s separation issues at the border.""",mostly-false,false,"['half-true', 'mostly-false', 'false', 'pants-fire']",4,True
"""My policy is similar to what President Obama did in 2011 when he banned visas for refugees from Iraq for six months.""",mostly-false,false,"['half-true', 'mostly-false', 'false', 'pants-fire']",4,True
"""More than half of all drivers' licenses issued in California this year have gone to illegal aliens.""",mostly-true,false,"['mostly-false', 'false', 'pants-fire']",3,False
"Undocumented immigrants ""pay $12 billion a year into Social Security.""",half-true,false,"['mostly-true', 'half-true', 'mostly-false', 'false']",4,True
"Says ""precisely zero terrorists, terrorist groups or terror plots have ever been connected with the U.S.-Mexico border to do harm to people within the United States.""",false,true,"['true', 'false', 'pants-fire']",3,True
"Numbers on illegal immigrants ""are down in terms of apprehensions, which indicates fewer illegal crossings, but also up in terms of actual enforcement actions.""",mostly-true,mostly-true,"['true', 'mostly-true', 'half-true']",3,True
"Because “17 million immigrants” were “let in” the U.S, “ foot and mouth disease is back. We got rid of that fifty years ago.”",false,false,"['false', 'pants-fire']",2,True
“That’s why they are allowing these people to come in — people that don’t speak our language — they are signing them up to vote.”,pants-fire,false,"['mostly-false', 'false', 'pants-fire']",3,True
"""There's been a 1,700 percent increase in asylum claims over the last 10 years.""",mostly-true,false,"['true', 'mostly-true', 'half-true', 'mostly-false', 'false']",5,True
Proof of citizenship isn't necessary before you register to vote in Florida.,mostly-false,false,"['half-true', 'mostly-false', 'false', 'pants-fire']",4,True
"""David Simpson actually voted for driver's licenses for illegal immigrants.""",mostly-false,false,"['half-true', 'mostly-false', 'false', 'pants-fire']",4,True
"""Most (immigrants) do show up in court.""",mostly-true,true,"['true', 'mostly-true', 'half-true', 'mostly-false', 'false']",5,True
"As a senator, Barack Obama supported ""an amendment that basically gutted the legal temporary worker program.""",mostly-true,mostly-true,"['true', 'mostly-true', 'half-true', 'mostly-false', 'false']",5,True
"The Democrats' health care bills would provide ""free health care for illegal immigrants.""",false,false,"['mostly-false', 'false']",2,True
“The Biden Administration is buying Kamala Harris’ book with our taxpayer dollars.”,false,false,"['mostly-false', 'false', 'pants-fire']",3,True
"Says ""we have now more Border Patrol officers … than we’ve had at any time in our history.""",mostly-true,false,"['true', 'mostly-true', 'half-true', 'mostly-false', 'false', 'pants-fire']",6,True
"Immigrants get $2,000 each time they cross the border illegally.",false,false,"['false', 'pants-fire']",2,True
"The Obama administration estimates the number of children at the border is ""going to increase to 150,000 to 200,000 next year.""",half-true,false,"['half-true', 'mostly-false', 'false', 'pants-fire']",4,True
"""Barack Obama's plan gives a driver's license to any illegal who wants one.""",mostly-false,false,"['mostly-false', 'false', 'pants-fire']",3,True
"""More than 43 percent of all food stamps are given to illegals.""",pants-fire,false,"['false', 'pants-fire']",2,True
"Says a ""recent analysis"" showed that 91 percent of Deferred Action for Childhood Arrivals (DACA) recipients are employed, in school or serving in the military.",mostly-true,true,"['true', 'mostly-true', 'half-true', 'mostly-false', 'false', 'pants-fire']",6,True
“Democrats want open borders so they can bring in and amnesty tens of millions of illegal aliens — that’s their electoral strategy.”,false,false,"['half-true', 'mostly-false', 'false', 'pants-fire']",4,True
"Migrants at the U.S. border are ""able to pay cell phone bills"" after a ""two-month excursion across four separate countries.""",mostly-false,false,"['mostly-false', 'false', 'pants-fire']",3,True
"Says Donald Trump ""used undocumented labor to build the Trump Tower.""",true,false,"['mostly-false', 'false']",2,False
"“Just for the record, the Biden Administration IS separating children and parents.”",false,false,"['mostly-false', 'false', 'pants-fire']",3,True
"In Springfield, Ohio, “murders are up by 81%.”",mostly-false,false,"['mostly-false', 'false', 'pants-fire']",3,True
"""One in four inmates is an illegal immigrant.""",mostly-false,false,"['half-true', 'mostly-false', 'false']",3,True
Says over 25 percent of the Texas budget funds services to non-U.S. citizens.,pants-fire,false,"['false', 'pants-fire']",2,True
"Says that Mitt Romney, while he was in Arizona, said he believes the state’s SB 1070 immigration law should be the model for national immigration laws.",false,false,"['true', 'mostly-true', 'half-true', 'mostly-false', 'false', 'pants-fire']",6,True
"""Jesus was an undocumented immigrant.""",false,false,"['mostly-false', 'false', 'pants-fire']",3,True
"Says Ben Carson said ""illegal immigrants caught voting should be stripped of their citizenship.""",mostly-false,false,"['mostly-false', 'false', 'pants-fire']",3,True
Mexico is providing professional charter buses for the migrant caravan.,half-true,false,"['mostly-true', 'half-true', 'mostly-false', 'false', 'pants-fire']",5,True
"A record number of immigrants not from Mexico are ""being apprehended at the border.""",true,false,"['true', 'half-true', 'mostly-false', 'false']",4,True
"“In the last several months, the Biden administration has released over 7,000 illegal aliens who were COVID positive just in one Texas city.” Biden's border policies are ""endangering not just the people of Texas, but people all across the country.""",false,false,"['half-true', 'mostly-false', 'false', 'pants-fire']",4,True
"""With three months remaining in the Fiscal Year, (the border patrol) has already encountered more illegal immigrants along the Southwest border"" than in any previous fiscal year.",mostly-true,false,"['true', 'half-true', 'mostly-false', 'false']",4,False
"Says former President Barack Obama ""took similar action against Cuban refugees"" as President Donald Trump did in his executive order.",false,false,"['half-true', 'mostly-false', 'false', 'pants-fire']",4,True
"Bill McCollum ""served as a lobbyist whose clients enabled mortgages for illegal immigrants.""",false,false,"['mostly-true', 'half-true', 'mostly-false', 'false', 'pants-fire']",5,True
"""It is true that we know that ISIS is present in Ciudad Juarez (Mexico)""",mostly-false,false,"['mostly-false', 'false', 'pants-fire']",3,True
"""People come here to have babies. They come here to drop a child. It's called 'drop and leave.""",half-true,half-true,"['true', 'mostly-true', 'half-true', 'mostly-false', 'false', 'pants-fire']",6,True
"""From the release of a child rapist from the Dominican Republican to that of an Italian drug smuggler, Philadelphians have already been put in direct danger by Mayor Kenney’s policy of blocking local law enforcement from participating with federal immigration authorities.""",mostly-false,false,"['mostly-true', 'half-true', 'mostly-false', 'false', 'pants-fire']",5,True
"""Starting January 1, 2020, California will tax legal citizens if they don’t have health insurance. Why? The state needs to come up with $98,000,000 to pay for free health insurance for illegal aliens.""",half-true,false,"['half-true', 'mostly-false', 'false', 'pants-fire']",4,True
"Says Hillary Clinton ""wanted the wall.""",half-true,half-true,"['half-true', 'false']",2,True
“Most Americans favor keeping Title 42 in place.”,half-true,false,"['mostly-true', 'half-true', 'mostly-false', 'false', 'pants-fire']",5,True
Says Texas passed a state ‘Dream Act’ before any other state.,mostly-true,true,"['true', 'half-true', 'mostly-false', 'false']",4,False
Says Sen. Lindsey Graham said a newly elected Donald Trump “will round up and deport LEGAL immigrants.”,false,false,"['mostly-false', 'false', 'pants-fire']",3,True
"""More than 100,000 DACA applicants have been arrested—Murder, Rape, DUI.""",mostly-false,false,"['mostly-false', 'false', 'pants-fire']",3,True
"Under President Ronald Reagan, illegal immigrants ""were not pouring in like"" they are now.",false,false,"['mostly-false', 'false', 'pants-fire']",3,True
"""We could cut unemployment in half simply by reclaiming the jobs taken by illegal workers.""",false,false,"['mostly-false', 'false', 'pants-fire']",3,True
"""Before taking executive action on immigration, President Obama stated 22 times that he does not have the authority to change immigration laws on his own.""",mostly-true,false,"['half-true', 'mostly-false', 'false', 'pants-fire']",4,False
Aaron Bean voted to give illegal immigrants in-state tuition.,mostly-true,false,"['half-true', 'mostly-false', 'false', 'pants-fire']",4,False
"Because of violence spreading from Mexico, ""you’ve got bullets hitting the city hall in El Paso. You’ve got bombs exploding in El Paso.""",half-true,false,"['half-true', 'mostly-false', 'false']",3,True
"Says children are coming into the U.S. in ""staggering numbers"" because  President Barack Obama ""has been promising amnesty.""",false,false,"['half-true', 'mostly-false', 'false', 'pants-fire']",4,True
“FEMA has been directed back to North Carolina with $2 billion in emergency funds: ‘We transferred it from the programs that fund welfare for illegals. They don’t be needing it.’”,false,false,"['false', 'pants-fire']",2,True
"“Home Depot signed a deal that pays them $250 million with DHS, allowing ICE agents to stake out their parking lots and arrest immigrants.”",false,false,['false'],1,True
"""134,000 (criminal) aliens have been released by the (Obama) administration in just the past two years.""",half-true,false,"['true', 'half-true', 'mostly-false', 'false', 'pants-fire']",5,True
"""More lives have been lost because of the war with the drug cartels in Juarez alone, just a few blocks from the United States of America, than have been lost in the war in Afghanistan.""",false,false,"['mostly-false', 'false', 'pants-fire']",3,True
Joe Biden intentionally “let it fall apart” in Afghanistan because he “wants a couple hundred thousand more Ilhan Omars to come into America to change the body politic permanently.”,pants-fire,false,"['mostly-false', 'false', 'pants-fire']",3,True
"Says comprehensive immigration reform ""will add $700 billion to our economy.""",half-true,false,"['half-true', 'mostly-false', 'false', 'pants-fire']",4,True
"Says Newt Gingrich said ""Spanish is the language of the ghetto.""",mostly-true,false,"['mostly-false', 'false', 'pants-fire']",3,False
"""17,000 individuals with criminal records were apprehended trying to cross the border"" in 2018.",half-true,false,"['mostly-true', 'half-true', 'mostly-false', 'false']",4,True
"Says ""nothing"" in Obama’s $3.7 billion request to address the child immigrant situation ""actually secures the border.""",mostly-false,false,"['half-true', 'mostly-false', 'false', 'pants-fire']",4,True
"40 percent of illegal immigrants ""had a visa and then became illegal,"" mostly because ""they changed jobs.""",half-true,false,"['mostly-true', 'half-true', 'mostly-false', 'false', 'pants-fire']",5,True
"""The (border) fence is now basically complete.""",mostly-false,false,"['half-true', 'mostly-false', 'false', 'pants-fire']",4,True
"“BREAKING: Illegal Aliens in San Diego, California, tried to hijack 2 school buses filled with children.”",false,false,"['mostly-false', 'false', 'pants-fire']",3,True
"""Thousands of Americans have been killed by illegal immigrants.""",half-true,false,"['mostly-false', 'false', 'pants-fire']",3,False
"Says the Biden administration’s Unaccompanied Alien Children process has “no vetting, no transparency.”",mostly-false,false,"['half-true', 'mostly-false', 'false', 'pants-fire']",4,True
"""One-half of undocumented workers pay federal income taxes, which means they are paying more federal income taxes than Donald Trump pays.""",half-true,false,"['true', 'mostly-true', 'half-true', 'mostly-false', 'false']",5,True
"$3 million per day in ""your tax dollars"" are being spent to guard ""unused border wall materials.""",half-true,false,"['true', 'mostly-true', 'half-true', 'mostly-false', 'false', 'pants-fire']",6,True
"""These people that we were going to deport for good reason ended up becoming citizens. Ended up becoming citizens. And it was 800. And now it turns out it might be 1,800, and they don't even know.""",mostly-true,false,"['mostly-false', 'false', 'pants-fire']",3,False
"Says ""former Democrat Kelli Ward attacked President Trump's plans to crack down on illegal immigration, saying Trump was making a mistake.""",mostly-false,false,"['mostly-true', 'half-true', 'mostly-false', 'false']",4,True
"""Illegal aliens are costing Georgia taxpayers over a billion dollars every year.""",half-true,half-true,"['mostly-true', 'half-true', 'mostly-false', 'false']",4,True
"The federal government is sending refugees to states with governors who are ""Republicans, not to the Democrats.""",pants-fire,false,"['mostly-false', 'false', 'pants-fire']",3,True
"""25 percent of federal inmates are noncitizens.""",mostly-true,false,"['half-true', 'mostly-false', 'false']",3,False
"""President-elect Trump's immigration policies are very similar to policies that are sitting right in the Senate and the House today to temporarily suspend immigration from countries that harbor terrorism, to temporarily suspend immigration from Syria until we get better vetting.""",mostly-true,false,"['true', 'mostly-true', 'half-true', 'mostly-false', 'false', 'pants-fire']",6,True
"""Revealed: UN plan to flood America with 600 million migrants.""",false,false,"['false', 'pants-fire']",2,True
"As Florida secretary of state, Kurt Browning ""allowed 1,800 illegal voters to register in Florida.""",pants-fire,false,"['mostly-false', 'false', 'pants-fire']",3,True
"Says Russ Feingold ""voted to raise taxes on Social Security benefits for seniors, he even tried to give Social Security benefits to illegal immigrants.""",mostly-false,false,"['half-true', 'mostly-false', 'false', 'pants-fire']",4,True
“Planes full of unvetted ‘refugees’ are being accepted at the Milw. & Madison airports!”,pants-fire,false,"['mostly-false', 'false', 'pants-fire']",3,True
"""I'm calling into question the accuracy of the ruling. The district judge in Seattle said there was no indication of terrorism from these seven countries in our country.""",mostly-false,false,"['half-true', 'mostly-false', 'false', 'pants-fire']",4,True
"Says Jon Ossoff ""wants total, blanket amnesty and he wants a total lockdown.""",mostly-false,false,"['half-true', 'mostly-false', 'false', 'pants-fire']",4,True
"President Barack Obama, Nancy Pelosi and Harry Reid support Rick Perry’s ""decision to give in-state tuition to illegal immigrants.""",mostly-false,false,"['half-true', 'mostly-false', 'false', 'pants-fire']",4,True
"Under Joe Biden’s policy, immigrants in the country illegally “get welfare benefits. United States citizens don't get what they're looking to give illegal immigrants.”",false,false,"['mostly-false', 'false']",2,True
"“In 1996, Congress specifically authorized the executive branch to conduct non-judicial deportations NOT SUBJECT TO DUE PROCESS.”",false,false,"['true', 'half-true', 'mostly-false', 'false', 'pants-fire']",5,True
"More people are apprehended after illegally crossing the U.S.-Mexico border a week ""than are born in Texas each week.""",true,false,"['half-true', 'mostly-false', 'false', 'pants-fire']",4,False
"""The majority of the people that are coming to Arizona and trespassing are now becoming drug mules.""",false,false,"['mostly-false', 'false', 'pants-fire']",3,True
"Says ""109 people out of hundreds of thousands of travelers"" were affected by the immigration executive order.",false,false,"['mostly-false', 'false', 'pants-fire']",3,True
"The Richardson-Denish administration ""gave"" 50,000 driver's licenses to illegal immigrants in New Mexico.",mostly-false,false,"['mostly-false', 'false', 'pants-fire']",3,True
"""Illegal immigrants currently occupy 8 million jobs.""",mostly-true,false,"['mostly-true', 'half-true', 'mostly-false', 'false']",4,True
"""Roy Barnes proclaimed Mexican workers good for Georgia.""",half-true,false,"['mostly-true', 'half-true', 'mostly-false', 'false']",4,True
Georgia crackdown on illegal immigration costs state farmers $400 million last year.,mostly-false,mostly-false,"['mostly-true', 'half-true', 'mostly-false', 'false', 'pants-fire']",5,True
"Says El Paso was named America’s ""Safest Large City"" a year after San Antonio, Houston and Dallas had the nation’s highest crime rates.",mostly-false,false,"['true', 'mostly-true', 'half-true', 'mostly-false', 'false', 'pants-fire']",6,True
"""If you were a Muslim, you could come in, if you were a Christian, it was impossible.""",false,false,"['mostly-false', 'false', 'pants-fire']",3,True
Says the Biden administration is canceling immigration detainers and “requiring our law enforcement leaders to release” serious criminal offenders.,half-true,false,"['half-true', 'mostly-false', 'false', 'pants-fire']",4,True
"""Rick Scott's company is partners with Playboy in a social networking website that has community pages specifically geared towards gay dating.""",mostly-false,false,"['mostly-false', 'false', 'pants-fire']",3,True
"""One out of every 30 people in the Greater Boston area is an illegal alien.""",true,true,"['true', 'half-true', 'mostly-false', 'false']",4,True
"Says that in 2001, Rick Perry spoke favorably of binational health insurance between Mexico and Texas.",half-true,false,"['true', 'half-true', 'mostly-false', 'false', 'pants-fire']",5,True
"The federal government is ""making the decision, whether we like it or not, to send 425 refugees to our state"" from Syria.",half-true,false,"['mostly-true', 'half-true', 'mostly-false', 'false', 'pants-fire']",5,True
"Says Adam Putnam ""was for amnesty.""",half-true,false,"['mostly-true', 'half-true', 'mostly-false', 'false', 'pants-fire']",5,True
"""Bernie Sanders voted with Republicans to protect the Minutemen, a hate group that used military tactics against our community.""",half-true,false,"['half-true', 'mostly-false', 'false', 'pants-fire']",4,True
"""Every time they’ve done those border patrols, they’ve taken out people who have trafficked drugs. That’s the federal government’s role. They’re doing their job.""",half-true,half-true,"['true', 'mostly-true', 'half-true', 'mostly-false', 'false']",5,True
"""Civil war erupts in Sweden as irate Swedes burn nine Muslim refugee centers to the ground""",false,false,"['mostly-false', 'false', 'pants-fire']",3,True
"""On the question on the DREAM Act, no -- no to granting lower tuition to illegals.""",false,false,"['true', 'mostly-true', 'half-true', 'mostly-false', 'false', 'pants-fire']",6,True
"Says Joe Biden is “now saying he inherited ‘a mess’ at the border. Fact: 9,000 illegals all of 2020. So far in 2021 108,000 entered U.S.”",false,false,"['mostly-false', 'false', 'pants-fire']",3,True
"""My grandparents were proud immigrants to the United States of America, here to Illinois in the late 1800s. My grandparents did not speak English when they were young.""",pants-fire,false,"['true', 'mostly-true', 'half-true', 'mostly-false', 'false', 'pants-fire']",6,True
"""18 million illegal immigrants got their government checks this month"" while federal workers remain unpaid.",pants-fire,false,"['false', 'pants-fire']",2,True
"""Donald Trump says he'd deport 16 million people.""",half-true,false,"['half-true', 'mostly-false', 'false', 'pants-fire']",4,True
Says the Obama administration catches and releases nonviolent illegal immigrants.,half-true,false,"['half-true', 'mostly-false', 'false', 'pants-fire']",4,True
"""We're pretty much at the 50 percent mark"" on deportations of MS-13 gang members.",false,false,"['mostly-false', 'false']",2,True
"“You may not have stayed in a hotel in the past year, but illegals arriving since Biden’s inauguration, they get to stay free of charge.”",mostly-false,false,"['mostly-false', 'false', 'pants-fire']",3,True
"“There’s about 1,400 criminal illegal aliens that, right now, are in North Carolina and Charlotte’s jails that they refuse to turn over to ICE law enforcement.”",false,false,"['mostly-false', 'false', 'pants-fire']",3,True
"Says ""Mike Coffman is with Trump.""",mostly-false,false,"['mostly-true', 'half-true', 'mostly-false', 'false', 'pants-fire']",5,True
"""Crime in Germany is way up.""",false,false,"['mostly-false', 'false', 'pants-fire']",3,True
"“The same people that raided Israel are pouring into our once beautiful USA, through our TOTALLY OPEN SOUTHERN BORDER, at Record Numbers.”",pants-fire,false,"['false', 'pants-fire']",2,True
"Says Donald Trump's executive order ""doesn't address the over 2,000 children who are already separated from their parents, and it doesn't change the fact that we would be jailing children with their families.""",mostly-true,mostly-true,"['true', 'mostly-true', 'half-true', 'mostly-false', 'false', 'pants-fire']",6,True
"Says ""56 percent of (the U.S.-Mexico) border is not under our control.""",half-true,false,"['half-true', 'mostly-false', 'false', 'pants-fire']",4,True
"""The mayor said … 'if you happen to be in this country in an undocumented status . . . then we welcome you here.  We want you here.  We'll protect you here.' """,true,true,['true'],1,True
"""You’ve got almost twice as many cops in New York City as you do on our entire border. That’s nuts.""",half-true,half-true,"['mostly-true', 'half-true', 'mostly-false', 'false']",4,True
Says Travis County’s sheriff refuses to enforce 8 USC 1373.,false,false,"['half-true', 'mostly-false', 'false', 'pants-fire']",4,True
"""Senate Bill 1070, simply, just mirrors federal law.""",mostly-false,false,"['half-true', 'mostly-false', 'false', 'pants-fire']",4,True
The border wall and the ‘Remain in Mexico’ policy “reduced illegal immigration by 90%.”,false,false,"['mostly-false', 'false', 'pants-fire']",3,True
"""We have over a million (legal immigrants) a year, more than at any time in the history of this country. We have the largest percentage of immigrants, almost tied now with the historical high as a percentage of immigrants living in this country.""",half-true,false,"['mostly-true', 'half-true', 'mostly-false', 'false', 'pants-fire']",5,True
"Says Apple CEO Steve Jobs told President Obama that the company moved factories to China because it needed 30,000 engineers.",true,true,"['true', 'false']",2,True
"""Breaking: Czech Republic arms citizens. You can now shoot terrorists on sight.""",false,false,"['mostly-false', 'false', 'pants-fire']",3,True
"Illegal immigration ""wasn’t a subject that was on anybody’s mind until I brought it up at my announcement.""",false,false,"['mostly-false', 'false', 'pants-fire']",3,True
"""Many of the people in DACA, no longer very young, are far from ‘angels.’ Some are very tough, hardened criminals.""",false,false,"['half-true', 'mostly-false', 'false', 'pants-fire']",4,True
"Says the Security Against Foreign Enemies Act of 2015 would not ""pause"" the resettlement of Syrian refugees in the United States.",half-true,true,"['true', 'mostly-true', 'half-true', 'mostly-false', 'false']",5,True
"Says Rick Perry ""provided in-state tuition... for illegal immigrants.""",true,true,"['true', 'false']",2,True
"“Illegal immigrants now have the right to vote in New York.""",false,false,['false'],1,True
"""We don't get any of that information"" from the federal government on who refugees are, where they come from and how long they are likely to stay.",mostly-false,mostly-false,"['mostly-true', 'half-true', 'mostly-false', 'false', 'pants-fire']",5,True
"Says Beto O’Rourke voted ""against body armor for Texas sheriffs patrolling the border.""",false,false,"['mostly-false', 'false', 'pants-fire']",3,True
President Joe Biden announced tax incentives for families willing to take in migrants in a new “Housing for Labor” initiative.,false,false,"['false', 'pants-fire']",2,True
"""Less than 2 percent of illegals are picking crops, but 41 percent are on welfare.""",mostly-false,false,"['half-true', 'mostly-false', 'false', 'pants-fire']",4,True
"Says Tallahassee mayor Andrew Gillum ""wants to make Florida not a sanctuary city but a sanctuary state.""",half-true,false,"['mostly-false', 'false', 'pants-fire']",3,False
"Says President Barack Obama could ""basically"" legalize all immigrants here illegally ""by the sign of a pen.""",mostly-false,false,"['mostly-true', 'half-true', 'mostly-false', 'false', 'pants-fire']",5,True
“Biden wants to give illegals ID cards so they can start collecting American benefits.”,false,false,"['mostly-false', 'false', 'pants-fire']",3,True
"""Report: 3 million votes in presidential election cast by illegal aliens.""",false,false,"['false', 'pants-fire']",2,True
"Says President Dwight Eisenhower ""moved 1.5 million illegal immigrants out of this country.""",half-true,false,"['mostly-false', 'false', 'pants-fire']",3,False
"""Mayor Giuliani made New York City what's known as a 'sanctuary city,' where illegal aliens were allowed to come. And he instructed the leaders of the city not to enforce the law, not to enforce immigration law.""",half-true,false,"['half-true', 'mostly-false', 'false']",3,True
"""Right here (in West Virginia), they are building new houses … so that 321 Syrian Muslims can move down into this neighborhood in two months. … (A funeral home) is to be torn down in two months, and a mosque is going to built there.""",pants-fire,false,"['mostly-false', 'false', 'pants-fire']",3,True
“We see an uncompleted wall that was duly appropriated dollars during the Trump days to build over 700 miles. Only 150 miles were constructed.”,false,false,"['half-true', 'mostly-false', 'false', 'pants-fire']",4,True
"""We admit about 100,000 permanent immigrants from the Middle East every year.""",mostly-true,false,"['half-true', 'mostly-false', 'false']",3,False
"Says President Joe Biden “is in talks to pay illegal immigrants $450,000.”",half-true,false,"['mostly-false', 'false', 'pants-fire']",3,False
Housing is expensive “because we flooded the country with 30 million illegal immigrants” and because of a housing shortage.,mostly-false,false,"['half-true', 'mostly-false', 'false', 'pants-fire']",4,True
"""Currently, it takes up to 25 years to obtain U.S. citizenship legally"" but the Senate bill ""would allow immigrants who came to the United States illegally to obtain citizenship in just 13 years.""",half-true,half-true,"['mostly-true', 'half-true', 'mostly-false', 'false']",4,True
"""Over the last six years, the state of Illinois spent about $320 million on illegal immigrants.""",true,false,"['true', 'half-true', 'mostly-false', 'false']",4,True
"Says ""72% of refugees admitted into U.S. (2/3 -2/11) during COURT BREAKDOWN are from 7 countries: SYRIA, IRAQ, SOMALIA, IRAN, SUDAN, LIBYA & YEMEN.""",mostly-true,false,"['mostly-true', 'half-true', 'mostly-false', 'false', 'pants-fire']",5,True
"Orange County ""released"" a sex offender instead of turning him over to immigration authorities - ""like a sanctuary city.""",half-true,false,"['half-true', 'mostly-false', 'false', 'pants-fire']",4,True
"""Savings that I achieved"" helped fund cameras on the border. ""As a result, more than 21,500 arrests have been made and 46 tons of narcotics confiscated.""",half-true,half-true,"['true', 'mostly-true', 'half-true', 'mostly-false', 'false', 'pants-fire']",6,True
"About 40 percent of U.S. illegal immigrants ""came in on an airplane, with a legal visa, and just overstayed their visa and have never gone home.""",mostly-true,true,"['true', 'mostly-true', 'half-true', 'mostly-false', 'false']",5,True
"Says U.S.-Mexico border has ""1 million legal border crossings each and every day.""",mostly-true,half-true,"['true', 'mostly-true', 'half-true', 'mostly-false', 'false']",5,True
"Says that had E-Verify been in place in Florida when 9/11 terrorists lived here, ""we might have saved the lives of 3,000 Americans.""",pants-fire,false,"['mostly-false', 'false', 'pants-fire']",3,True
"Transporting drugs ""is the price of admission"" for people crossing the border illegally.",pants-fire,false,"['mostly-false', 'false', 'pants-fire']",3,True
"""Under Mayor Cicilline, [Providence] was a sanctuary city.""",false,false,"['mostly-false', 'false']",2,True
"""Gwinnett Medical Center is operating in the negative,"" in part, because of illegal immigrants.",half-true,half-true,"['mostly-true', 'half-true', 'mostly-false', 'false']",4,True
"Says ""Hillary Clinton has pledged amnesty in her first 100 days, and her plan will provide Obamacare, Social Security, and Medicare for illegal immigrants, breaking the federal budget.""",mostly-false,false,"['half-true', 'mostly-false', 'false', 'pants-fire']",4,True
"Donald Trump “deported less, believe it or not, than Barack Obama even did.""",true,false,"['mostly-false', 'false', 'pants-fire']",3,False
"Immigrants ""can show up at any embassy or consulate abroad"" to make their asylum claims.",false,false,"['mostly-false', 'false', 'pants-fire']",3,True
"Says Adam Putnam ""endorsed the Schumer-Obama Gang of Eight immigration amnesty.""",mostly-true,false,"['half-true', 'mostly-false', 'false']",3,False
"""The previous administration under President Barack Obama really was the first time that we didn’t ask a citizenship-type question … for the first time in a century, a citizenship question was not included in 2010.""",false,false,"['half-true', 'mostly-false', 'false', 'pants-fire']",4,True
"""Sanctuary cities such as Philadelphia refuse to cooperate with the federal government in locating suspected terrorists who are in their custody and are in the country illegally.""",half-true,false,"['half-true', 'mostly-false', 'false', 'pants-fire']",4,True
Says Barack Obama didn't keep his promise to have an immigration bill in his first year.,true,false,"['true', 'mostly-false', 'false']",3,True
"""We proudly handed the Biden administration the most secure border in history. All they had to do was keep this smooth-running system on autopilot.”",mostly-false,false,"['half-true', 'mostly-false', 'false', 'pants-fire']",4,True
“Australia Closing Borders in a few hours for 6-months”,half-true,false,"['half-true', 'mostly-false', 'false']",3,True
"""Somebody in the Obama regime decided to get rid of"" the citizenship question in the census.",false,false,"['mostly-false', 'false']",2,True
"Huckabee supported ""a tuition break to the children of illegals that are here illegally when citizens are having to pay a higher rate.""",half-true,half-true,"['mostly-true', 'half-true', 'mostly-false', 'false']",4,True
"“Texas just gifted Trump 355,000 acres for deportation camps.”",false,false,"['mostly-false', 'false', 'pants-fire']",3,True
"Says immigrant military service members applying for U.S. citizenship ""are getting rejected at higher numbers than those who are not veterans.""",true,false,"['true', 'half-true', 'mostly-false', 'false']",4,True
"""Apply Now and Win the Canada Diversity Immigration Visa Lottery (DV-2019) Program | Live and Work in Canada.""",pants-fire,false,"['false', 'pants-fire']",2,True
"""ICE has not deported or detained one white illegal immigrant.""",false,false,"['false', 'pants-fire']",2,True
"""ICE just endorsed me.""",mostly-false,false,"['mostly-false', 'false']",2,True
"""In 2010, the non-partisan Government Accountability Office found that only 6.5 percent of the U.S.-Mexico border was under full control of the Border Patrol.""",mostly-true,false,"['true', 'half-true', 'mostly-false', 'false', 'pants-fire']",5,False
"Illegal immigration on the U.S.-Mexico border is ""the lowest in 17 years.""",true,true,"['true', 'mostly-true', 'half-true', 'mostly-false', 'false']",5,True
"""At the request of Democrats, it will be a steel barrier rather than a concrete wall.""",false,false,"['mostly-false', 'false', 'pants-fire']",3,True
"Says he is ""cutting illegal immigration in half.""",false,false,"['mostly-false', 'false', 'pants-fire']",3,True
"San Diego’s border barrier ""almost completely ended illegal crossings.""",half-true,false,"['mostly-true', 'half-true', 'mostly-false', 'false']",4,True
"Says Sen. Chuck Schumer in 2014 ""helped put together and signed a $25 billion deal to fund a border wall"" and now opposes Trump's $5 billion request for a border wall ""just because he's a Republican."" ​",false,false,"['half-true', 'mostly-false', 'false', 'pants-fire']",4,True
"Says Larry Taylor gave ""in-state tuition to illegal immigrants.""",pants-fire,false,"['half-true', 'mostly-false', 'false', 'pants-fire']",4,True
"Says GOP Congressional candidate Scott Jones ""wants to build a wall. He wants to round people up and deport folks.""",half-true,false,"['mostly-true', 'half-true', 'mostly-false', 'false', 'pants-fire']",5,True
"Obama ""voted for and even sponsored amendments that were intended to kill the (immigration overhaul) legislation.""",half-true,false,"['mostly-true', 'half-true', 'mostly-false', 'false']",4,True
"Four million more people live in Florida, but New York gets $20 billion more for Medicaid, because it covers illegal immigrants and adults without chronic illness.",mostly-false,false,"['mostly-false', 'false', 'pants-fire']",3,True
"""Last year,"" Obama ""administration officials released into our neighborhoods more than 36,000 criminal immigrants who had nearly 88,000 convictions. The crimes included hundreds of convictions for murder, rape and kidnapping and thousands of drug-related crimes.""",half-true,false,"['true', 'mostly-true', 'half-true', 'mostly-false', 'false', 'pants-fire']",6,True
"Romney said ""'No' to in-state tuition"" for illegal immigrants.",true,true,['true'],1,True
"""Studies have shown Latinos are more than 40 percent less likely to call 911 when they have been a victim of a crime.""",mostly-true,false,"['true', 'mostly-true', 'half-true', 'mostly-false', 'false']",5,True
"Says the Trump administration’s new policy for legal immigrants on welfare ""has been around for a while. This is not a new thing that the president is trying to implement here, that the United States has been this way.""",half-true,false,"['mostly-true', 'half-true', 'mostly-false', 'false', 'pants-fire']",5,True
"Says ""Nancy Pelosi came out in favor of MS-13.""",false,false,"['mostly-false', 'false', 'pants-fire']",3,True
Harvard University “refuse(s) to tell us” who its international students are.,false,false,"['mostly-false', 'false', 'pants-fire']",3,True
"""Mexico is paying for the Wall through the new USMCA Trade Deal.""",false,false,"['mostly-false', 'false', 'pants-fire']",3,True
"""Migrant mother and ‘crying girl’ on Time cover never separated.""",true,false,"['true', 'mostly-true', 'half-true', 'mostly-false', 'false', 'pants-fire']",6,True
"""Nearly 20% of our residents"" are born abroad.",true,true,['true'],1,True
"""As an undocumented immigrant, you do have constitutional rights here in the United States.""",mostly-true,true,['true'],1,False
"""Every time we go to court,"" against the Trump administration, ""for the most part, we win.""",mostly-true,mostly-true,"['true', 'mostly-true', 'half-true', 'mostly-false', 'false']",5,True
"Says Dan Feehan ""would vote with Pelosi for open borders and amnesty, putting Minnesota families at risk.""",false,false,"['half-true', 'mostly-false', 'false', 'pants-fire']",4,True
"The Kerr County, Texas, sheriff “said he would apply for a green card for the Mexican rescue team that saved his family.”",false,false,"['false', 'pants-fire']",2,True
“Promises kept: negative net migration (in the U.S.) for the first time in 50 years!”,mostly-false,false,"['half-true', 'mostly-false', 'false', 'pants-fire']",4,True
Says Democratic Senate candidate Mandela Barnes “supports abolishing ICE.”,mostly-false,false,"['half-true', 'mostly-false', 'false', 'pants-fire']",4,True
"""Every single strawberry that is served to Members of Congress will have passed through the rough hands of an undocumented immigrant.""",half-true,false,"['mostly-true', 'half-true', 'mostly-false', 'false']",4,True
"""I have watched ICE liberate towns from the grasp of MS-13.""",false,false,"['mostly-false', 'false', 'pants-fire']",3,True
Immigration and Customs Enforcement agents raided Los Angeles' Gratts Learning Academy during a June graduation ceremony.,false,false,"['false', 'pants-fire']",2,True
"""Alexander Hamilton was an immigration hawk.""",half-true,false,"['half-true', 'mostly-false', 'false', 'pants-fire']",4,True
"""Hispanic entrepreneurs, those who have immigrated from Spanish-speaking countries, often start three times as many businesses as white males.""",mostly-true,mostly-true,"['true', 'mostly-true', 'half-true', 'mostly-false', 'false', 'pants-fire']",6,True
"Says Tony Evers wants to give in-state tuition and drivers licenses to ""illegal aliens.""",mostly-true,false,"['half-true', 'mostly-false', 'false', 'pants-fire']",4,False
"Says ""we"" have put more boots on the U.S.-Mexico border ""than at any time in our history, and illegal crossings are down by nearly 80 percent from their peak in 2000.""",half-true,false,"['true', 'mostly-true', 'half-true', 'mostly-false', 'false', 'pants-fire']",6,True
"Amid the ""crisis at our southern border,"" there are ""reports of illegal migrants carrying deadly diseases such as … Ebola virus.""",pants-fire,false,"['mostly-false', 'false', 'pants-fire']",3,True
"""Only one out of five of the so-called ‘Syrian refugees’ who went into Europe were actually Syrian.""",mostly-false,false,"['mostly-false', 'false', 'pants-fire']",3,True
"""The Senate voted this week to allow illegal aliens access to Social Security benefits.""",pants-fire,false,"['false', 'pants-fire']",2,True
"President Barack Obama has the ""power to stop deportation for all undocumented immigrants in this country.""",mostly-false,false,"['mostly-false', 'false']",2,True
The ATF updated its background check policy to allow “illegal immigrants” to purchase firearms.,false,false,"['false', 'pants-fire']",2,True
“Democrats are threatening to shut down the entire government because they want to give hundreds of billions of dollars of health care benefits to illegal aliens.”,false,false,"['mostly-false', 'false', 'pants-fire']",3,True
“Gas prices highest in a decade. Worst jobs report in 2 decades. Highest inflation in 3 decades. Highest increase in illegal immigration in 4 decades.”,mostly-false,false,"['mostly-true', 'half-true', 'mostly-false', 'false', 'pants-fire']",5,True
"""Half of all immigrant households receive benefits from our social welfare system.""",mostly-true,false,"['half-true', 'mostly-false', 'false', 'pants-fire']",4,False
President Joe Biden is paying rent for immigrants illegally in the country.,false,false,"['mostly-false', 'false', 'pants-fire']",3,True
"Says a 9-year-old girl was recently raped in Austin, Texas, by a guy previously ""caught four times and released.""",half-true,false,"['half-true', 'mostly-false', 'false', 'pants-fire']",4,True
"U.S. Rep. Jim Langevin  didn't want a border fence to block illegal immigration ""because he is  afraid that someone will get hurt trying to go around the fence.""",pants-fire,false,"['mostly-false', 'false', 'pants-fire']",3,True
"Says Mark Pryor voted ""to give Social Security benefits to illegal immigrants.""",false,false,"['mostly-false', 'false', 'pants-fire']",3,True
"""We're experiencing a net outflow of illegal, undocumented workers from America back to Mexico.""",true,true,"['true', 'false']",2,True
"""We have just built this powerful Wall in New Mexico. Completed on January 30, 2019 — 47 days ahead of schedule!""",half-true,true,"['true', 'mostly-true', 'half-true', 'mostly-false', 'false']",5,True
Vice President Kamala Harris “wants struggling seniors to pay more Social Security taxes while she gives Medicare and Social Security to illegals.”,false,false,"['mostly-false', 'false', 'pants-fire']",3,True
"Kamala Harris ""let in the 13,099 convicted murderers and opposes all efforts to find them and to remove them.""",false,false,"['mostly-false', 'false', 'pants-fire']",3,True
"The voting bill known as H.R. 1 would mean “that millions of illegal immigrants are quickly registered to vote.""",false,false,"['mostly-false', 'false', 'pants-fire']",3,True
"Says a bill he vetoed to give driver licenses to certain immigrants known as Dreamers would have changed ""nothing.""",half-true,false,"['half-true', 'mostly-false', 'false']",3,True
"Candidate for governor Roy Barnes has been ""fighting hard"" to let illegal immigrants vote.",pants-fire,false,"['mostly-false', 'false', 'pants-fire']",3,True
"Says Will Hurd ""cosponsored a bill that would militarize our border and allow 200 miles of new roads to be built in the Big Bend region -- cutting up our beloved park.""",half-true,false,"['half-true', 'mostly-false', 'false', 'pants-fire']",4,True
"""By some estimates, as few as 2 percent of the 50,000 (Central American) children who have crossed the border illegally this year have been sent home.""",mostly-true,half-true,"['true', 'mostly-true', 'half-true', 'mostly-false', 'false', 'pants-fire']",6,True
"More than 3,000 homicides were committed by ""illegal aliens"" over the past six years.",pants-fire,false,"['mostly-false', 'false', 'pants-fire']",3,True
“Twice as many children are in Border Patrol custody under Biden than Trump peak in 2019.”,true,false,"['half-true', 'mostly-false', 'false', 'pants-fire']",4,False
"""Just last May, the Department of Justice inspector general found that these (‘sanctuary city’) policies also violate federal law.""",mostly-false,false,"['half-true', 'mostly-false', 'false', 'pants-fire']",4,True
"When Honduran children came into this country, ""Secretary Clinton said send them back.""",mostly-true,false,"['half-true', 'mostly-false', 'false', 'pants-fire']",4,False
"""National Guard storms Mexico border, makes game-changing impact in just 30 days""",mostly-true,mostly-true,"['true', 'mostly-true', 'half-true', 'mostly-false', 'false']",5,True
A group of 32 armed Venezuelans took over an apartment building in Chicago.,false,false,"['false', 'pants-fire']",2,True
"Rick Scott ""has heavily invested in a company that is geared to helping illegal aliens transfer money to family and friends out of the country.""",true,false,"['true', 'mostly-false', 'false', 'pants-fire']",4,True
"""One in three women is sexually assaulted on the dangerous journey north.""",half-true,false,"['mostly-false', 'false']",2,False
"""When Phoenix dropped its sanctuary city policy in 2008, its murder rate fell 27 percent the following year.""",half-true,false,"['half-true', 'mostly-false', 'false', 'pants-fire']",4,True
"""You have to be a citizen to vote,"" but with same-day voter registration, ""you have places where people just walk in and vote.""",false,false,"['half-true', 'mostly-false', 'false', 'pants-fire']",4,True
Vice President Kamala Harris “endorsed free taxpayer-funded government health care for all illegal aliens.”,mostly-false,false,"['mostly-false', 'false', 'pants-fire']",3,True
"Senate immigration legislation is the ""Obama-Reid plan to give illegal immigrants amnesty.""",mostly-false,false,"['mostly-false', 'false', 'pants-fire']",3,True
Sen. Mark Kelly voted “for benefits to illegals.”,false,false,"['mostly-false', 'false']",2,True
"Says Chuck Schumer said ""it’s racist to only allow citizens to vote.""",false,false,"['false', 'pants-fire']",2,True
"In Texas, ""we've had three ISIS-related incidents already.""",half-true,false,"['true', 'half-true', 'mostly-false', 'false']",4,True
“ICE has released the tip hotline to turn in illegal immigrants. They paying $750 for each illegal immigrant.”,false,false,"['false', 'pants-fire']",2,True
Says he did not say Republicans would filibuster immigration reform.,false,false,"['true', 'mostly-true', 'half-true', 'mostly-false', 'false', 'pants-fire']",6,True
"Says Bobby Jindal’s parents ""used his birthright citizenship to become Americans, making him an anchor baby.""",pants-fire,false,"['mostly-false', 'false', 'pants-fire']",3,True
“The great replacement theory is not some grand right-wing conspiracy theory. But a basic statement of the Democratic Party's platform.”,pants-fire,false,"['false', 'pants-fire']",2,True
"Says ""all my grandparents"" immigrated to America.",false,false,"['mostly-false', 'false', 'pants-fire']",3,True
Donald Trump “never changed one immigration law.”,mostly-true,false,"['half-true', 'mostly-false', 'false', 'pants-fire']",4,False
The Biden administration stole $1 billion “from FEMA to use it for illegal migrants. … And FEMA is now busted. They don’t have any money.”,pants-fire,false,"['mostly-false', 'false', 'pants-fire']",3,True
Elissa Slotkin “gave your hard-earned tax money to illegal immigrants.”,false,false,"['mostly-false', 'false', 'pants-fire']",3,True
"January 2022 fentanyl seizures show ""illicit drugs are flowing into the country at an alarming rate because of Biden’s open border.”",mostly-false,false,"['half-true', 'mostly-false', 'false', 'pants-fire']",4,True
The Democrats are pushing “to take in a million Palestinian refugees.”,pants-fire,false,"['half-true', 'mostly-false', 'false', 'pants-fire']",4,True
Says guns are required to be registered.,mostly-false,false,"['mostly-false', 'false']",2,True
"President Joe Biden appointed ""Kamala Harris to be his border czar to deal with illegal immigration … Harris was put in charge of stopping illegal immigration.""",mostly-false,false,"['half-true', 'mostly-false', 'false', 'pants-fire']",4,True
"""Over $13 million worth of crops have ROTTED in California, all because no one is willing to work jobs vacated by migrants.""",half-true,false,"['mostly-false', 'false', 'pants-fire']",3,False
"""Many of the countries in question (in Trump’s travel ban) don't even have a U.S. embassy there to help us vet.""",true,false,"['mostly-false', 'false', 'pants-fire']",3,False
"""The Democrats want to invite caravan after caravan of illegal aliens into our country. And they want to sign them up for free health care, free welfare, free education, and for the right to vote.""",false,false,"['mostly-false', 'false', 'pants-fire']",3,True
"""For the amount of money Hillary Clinton would like to spend on refugees, we could rebuild every inner city in America.""",pants-fire,false,"['mostly-false', 'false', 'pants-fire']",3,True
"""Law enforcement in the state of Arizona supports"" the state's new immigration law.",half-true,half-true,"['mostly-true', 'half-true', 'mostly-false', 'false']",4,True
Says Gov. Andrew Cuomo and Democratic lawmakers are “granting free tuition to illegal immigrants while closing Excelsior Scholarship applications to citizen students.”,mostly-false,false,"['half-true', 'mostly-false', 'false']",3,True
"""Forty percent of the Fortune 500 were started either by immigrants or children of immigrants.""",half-true,true,"['true', 'half-true']",2,True
"About 1.1 million people legally enter the U.S. each year as permanent residents -- ""65 percent of that is some kind of chain migration; 22 percent is diversity lottery, ‘asyling,’ refugees; only about 14, 15 percent has anything to do with work.""",half-true,false,"['true', 'mostly-true', 'half-true', 'mostly-false', 'false', 'pants-fire']",6,True
"""Obama secretly gave citizenship to 2,500 Iranians as part of nuke deal.""",false,false,"['mostly-false', 'false', 'pants-fire']",3,True
"""A majority of the men and women on this stage have previously and publicly embraced amnesty. I am the only candidate on this stage who has never supported amnesty.""",mostly-true,false,"['true', 'half-true', 'mostly-false', 'false', 'pants-fire']",5,False
"Says a Bureau of Labor Statistics report attributed a sharp increase in work-related fatalities to ""increasing numbers of employees and drivers could not read or understand warning signs in English.""",false,false,"['mostly-false', 'false', 'pants-fire']",3,True
"""We are dealing with an administration that, quite frankly, has shown a reluctance to enforce the immigration law.""",half-true,false,"['true', 'mostly-true', 'half-true', 'mostly-false', 'false', 'pants-fire']",6,True
A provision of the Senate immigration bill would require you to have government permission to get a second job.,half-true,false,"['true', 'mostly-true', 'half-true', 'mostly-false', 'false', 'pants-fire']",6,True
"“In August 2023, illegal immigration outpaced American births.”",false,false,"['false', 'pants-fire']",2,True
“There have been more illegal encounters under Biden than the previous two administrations combined.”,false,false,"['mostly-false', 'false', 'pants-fire']",3,True
"Obama’s 2012 policy on younger immigrants ""created these children coming across"" the border.",mostly-false,false,"['half-true', 'mostly-false', 'false', 'pants-fire']",4,True
"""Every student paying out-of-state tuition actually covers more than the cost of instruction.""",true,true,"['true', 'mostly-true', 'half-true', 'mostly-false', 'false']",5,True
“I have been very clear with DACA. Even in my campaign six years ago I stood for those Dreamers.”,half-true,false,"['mostly-true', 'half-true', 'mostly-false', 'false', 'pants-fire']",5,True
"“Nearly 2 out of 3 Americans want to reduce legal immigration from 1 million per year down to 500,000 or less.”",half-true,false,"['true', 'mostly-true', 'half-true', 'mostly-false', 'false', 'pants-fire']",6,True
"Sen. Barbara Boxer ""voted against immigration reform to permit (Hispanic immigrants) people to come here legally to work.""",false,false,"['mostly-false', 'false', 'pants-fire']",3,True
"""Sixty-four percent of Americans support the Arizona immigration law.''",mostly-true,mostly-true,"['mostly-true', 'half-true', 'mostly-false', 'false']",4,True
"John Cornyn ""voted twice in 2013 to back Obama’s amnesty plan.""",pants-fire,false,"['true', 'half-true', 'mostly-false', 'false', 'pants-fire']",5,True
"""In 2022, illegal immigrants will have MORE FREEDOMS and easier access to healthcare and ballot boxes than most Americans... Just think about that.""",pants-fire,false,"['mostly-false', 'false', 'pants-fire']",3,True
"""Obama regime planned the influx of illegal alien children at the border.""",pants-fire,false,"['mostly-false', 'false', 'pants-fire']",3,True
"""Hundreds of thousands of (illegal immigrants are) going to state and federal penitentiaries.""",mostly-false,false,"['mostly-false', 'false', 'pants-fire']",3,True
"""Tim Walz signed into law driver's licenses for illegal immigrants in Minnesota.""",true,false,"['mostly-false', 'false']",2,False
"""If you're a Mexican, you get sent back. ... But if you're from a noncontiguous country like the Central American countries"" then you can stay in the United States.",true,false,"['mostly-false', 'false']",2,False
"""Trump’s DHS secretary confirms they are preparing to arrest sanctuary city leaders.""",mostly-false,false,"['half-true', 'mostly-false', 'false']",3,True
"Half of illegal immigrants ""come on legal visas and then overstay.""",mostly-true,false,"['true', 'mostly-true', 'half-true', 'mostly-false', 'false']",5,True
"""In Florida, 70 percent of the people here illegally came on an airplane. They overstayed a visa.""",mostly-true,false,"['mostly-true', 'half-true', 'mostly-false', 'false', 'pants-fire']",5,True
"""This is not a joke: the president wants to house illegal aliens on our nation’s military installations.""",mostly-true,false,"['mostly-false', 'false', 'pants-fire']",3,False
"Says President Donald Trump has been ""taking money Congress authorized to protect people facing disaster in order to indefinitely detain asylum seekers.""",half-true,false,"['half-true', 'mostly-false', 'false', 'pants-fire']",4,True
The Trump administration “built nearly 500 miles of border wall.”,half-true,false,"['half-true', 'mostly-false', 'false', 'pants-fire']",4,True
"As governor, Tim Kaine ""oversaw a huge increase in illegal immigration, a tremendous increase.""",false,false,"['half-true', 'mostly-false', 'false', 'pants-fire']",4,True
"""Immigrants start businesses at a faster rate; they seem to grow those businesses more successfully.""",mostly-true,mostly-true,"['true', 'mostly-true', 'half-true', 'mostly-false', 'false']",5,True
"Says a 2007 immigration bill “was opposed by (the League of United Latin American Citizens), the largest Latino organization in America. The Southern Poverty Law Center called its guest-worker programs akin to slavery. … And you know who voted with me on that one, Joe? Barack Obama.”",half-true,false,"['true', 'mostly-true', 'half-true', 'mostly-false', 'false', 'pants-fire']",6,True
"“Title 42 and other Trump-era holdovers are forcing migrants into dangerous, overcrowded conditions in Mexico.”",mostly-true,false,"['true', 'mostly-true', 'half-true', 'mostly-false', 'false', 'pants-fire']",6,True
"""Last year, out of the 500,000 (in) population growth we had in the state of Texas, about 250,000 of the 500,000 came to Texas... from the other 49 states.""",half-true,false,"['mostly-true', 'half-true', 'mostly-false', 'false', 'pants-fire']",5,True
"Says Rick Perry ""supported a guest worker program to help people who would otherwise be illegal aliens.""",mostly-true,true,"['true', 'false']",2,False
"""Hundreds of illegal immigrants subject to detainers were released in the last week since the new sanctuary policy was adopted by the Travis County Sheriff's Office.""",false,false,"['half-true', 'mostly-false', 'false', 'pants-fire']",4,True
"""Sheriffs Call For Obama’s Lynching While Leader Meets With GOP Senators""",pants-fire,false,"['mostly-false', 'false', 'pants-fire']",3,True
"Says HHS Secretary Alex Azar called family separations at the border and detention of children in cages ""one of the great acts of American generosity and charity"" and ""is now in charge.""",mostly-false,false,"['half-true', 'mostly-false', 'false', 'pants-fire']",4,True
"Says Ron DeSantis ""voted in an agricultural bill to give food stamps to illegal immigrants.""",pants-fire,false,"['mostly-false', 'false', 'pants-fire']",3,True
"Says that the George W. Bush administration in 2005 revived a long-standing law when it ""decided to charge those that crossed the border with criminal violations, rather than civil ones.""",mostly-true,false,"['true', 'mostly-true', 'half-true', 'mostly-false', 'false', 'pants-fire']",6,True
"Says Marco Rubio ""voted to deport"" young people known as Dreamers.",mostly-false,false,"['half-true', 'mostly-false', 'false', 'pants-fire']",4,True
"""Democrats are nowhere to be found on DACA.""",false,false,"['half-true', 'mostly-false', 'false', 'pants-fire']",4,True
"Marco Rubio says ""Solo Ingles"" (English only).",false,false,"['true', 'false', 'pants-fire']",3,True
"Under the new Arizona immigration law, police can't stop someone to check their immigration status unless they think they see something illegal.",false,false,"['mostly-false', 'false', 'pants-fire']",3,True
“ICE just announced it is pausing the hotline where people can call to report undocumented immigrants because 90% of the calls are from people reporting Elon Musk.”,false,false,"['false', 'pants-fire']",2,True
"Says a group ""estimates that the annual cost to Oregon taxpayers for government services to illegal aliens, after any income tax revenue from them, is $1 billion.""",mostly-false,false,"['half-true', 'mostly-false', 'false', 'pants-fire']",4,True
"""We will have more people enter our country illegally than were born in this country in one year.""",pants-fire,false,"['mostly-false', 'false', 'pants-fire']",3,True
Says states that passed anti-illegal-immigrant legislation also had few Hispanic legislators.,true,false,"['true', 'half-true', 'mostly-false', 'false', 'pants-fire']",5,True
"GOP candidate for California governor Travis Allen ""on the floor vote … refused to join Republicans opposing driver licenses for illegal aliens.""",half-true,false,"['half-true', 'mostly-false', 'false', 'pants-fire']",4,True
There are 86 languages spoken at Miami Dade College.,true,true,"['true', 'false']",2,True
"""Ronald Reagan did amnesty.""",true,true,"['true', 'false']",2,True
"Every illegal immigrant ""can be eligible for up to $36,000 to $38,000 in earned income tax credits without paying a dime in.""",false,false,"['mostly-false', 'false', 'pants-fire']",3,True
"""ICE is required to fill 34,000 beds with detainees every single night and that number has only been increasing since 2009.""",false,false,"['mostly-false', 'false', 'pants-fire']",3,True
"""Nearly 60% of all occupants of HUD properties in U.S. are illegals.""",pants-fire,false,"['false', 'pants-fire']",2,True
"“Pelosi’s new coronavirus bill allows illegals to receive billions in relief funds in past, current, and future payments.”",mostly-true,false,"['half-true', 'mostly-false', 'false', 'pants-fire']",4,False
"The 2016 federal omnibus spending bill ""funds illegal immigrants coming in and through your border, right through Phoenix.""",pants-fire,false,['false'],1,False
"""When these [undocumented] students graduate from college, they're still illegal aliens. They cannot get a job.""",true,false,"['mostly-false', 'false']",2,False
"Public schools, colleges and state-funded day care centers ""will be made into sanctuaries by Bruce Rauner signing SB 31.""",false,false,"['half-true', 'mostly-false', 'false', 'pants-fire']",4,True
"""Of all the illegals in America, more than half come through Arizona.""",mostly-false,false,"['mostly-false', 'false', 'pants-fire']",3,True
"Between 2000 and 2010, the illegal immigrant population of Texas increased by 60 percent, while California and Florida had ""no increase.""",half-true,false,"['true', 'mostly-true', 'half-true', 'mostly-false', 'false']",5,True
"Says Sen. Bob Casey, D-Pa., “is trying to change the outcome of the election by counting NON-CITIZEN votes.”",false,false,"['mostly-false', 'false', 'pants-fire']",3,True
"As California's Insurance Commissioner, ""Steve Poizner pledged to block immigrant children from ever getting MediCal health insurance.""",half-true,false,"['mostly-false', 'false', 'pants-fire']",3,False
"""The Supreme Court ruled that border agents can enter anyone’s home within a 100-mile radius of the border without a warrant for any reason and federal courts cannot do anything about it.""",mostly-false,false,"['mostly-false', 'false', 'pants-fire']",3,True
"Says Newt Gingrich ""supports amnesty for illegal immigrants.""",half-true,false,"['true', 'mostly-true', 'half-true', 'mostly-false', 'false', 'pants-fire']",6,True
"Says 642,000 crimes were committed against Texans by criminal immigrants in a recent seven-year period.",false,false,"['mostly-false', 'false', 'pants-fire']",3,True
"Says Hillary Clinton ""wants to increase Syrian refugees to this country by 550 percent.""",true,false,"['mostly-false', 'false']",2,False
"Says ""Bob Casey voted in favor of deadly sanctuary cities that released thousands upon thousands of illegal alien criminals and vicious gang members to prey on Pennsylvania streets, to prey all over this country.""",false,false,"['mostly-false', 'false', 'pants-fire']",3,True
"""91 percent of Latinos support the DREAM Act, which allows undocumented youth to attend college,"" but Marco Rubio opposes it.",true,false,"['true', 'mostly-true', 'half-true', 'mostly-false', 'false', 'pants-fire']",6,True
"""The Mexican government ... they send the bad ones over.""",pants-fire,false,"['mostly-false', 'false', 'pants-fire']",3,True
"The Immigration and Nationality Act “stripped Article III courts, that's the judicial branch, of jurisdiction over immigration cases.”",false,false,"['mostly-false', 'false', 'pants-fire']",3,True
"""Under Governor Almond the RI DMV had a program that allowed undocumented [people to] use their Personal Tax Identification Number . . . to apply [for] and receive a RI driver’s license.""",true,false,"['true', 'mostly-true', 'half-true', 'mostly-false', 'false', 'pants-fire']",6,True
"""Spanish was the first European language spoken in this country.""",true,true,"['true', 'false']",2,True
"U.S. Reps. Eric Cantor and Luis Gutierrez were ""touring the country last year … joined at the hip, working together in a bipartisan fashion indeed for the goal of immigration reform.""",pants-fire,false,"['half-true', 'mostly-false', 'false', 'pants-fire']",4,True
Says al Qaeda has camps with the drug cartels in Mexico.,false,false,"['half-true', 'mostly-false', 'false', 'pants-fire']",4,True
"""The spillover violence (from Mexico) in Texas is real and it is escalating.""",mostly-false,mostly-false,"['true', 'mostly-true', 'half-true', 'mostly-false', 'false', 'pants-fire']",6,True
“President Trump has banned welfare for illegal immigrants which will save $57.4 billion a year.”,false,false,"['mostly-false', 'false', 'pants-fire']",3,True
"""The border is down 78 percent. Under past administrations, the border didn’t go down -- it went up.""",false,false,"['mostly-false', 'false']",2,True
"Says Barack Obama ""has deported more people than any other president in this country's history.""",half-true,false,"['false', 'pants-fire']",2,False
"Says Jeb Bush ""flip-flop-flip(ped) on immigration.""",true,false,"['true', 'mostly-true', 'half-true', 'mostly-false', 'false', 'pants-fire']",6,True
"""Nobody knows about it, nobody talks about it, but under Obama, millions of people have been moved out of this country, they've been deported.""",half-true,false,"['mostly-false', 'false', 'pants-fire']",3,False
"“Illegal aliens will receive $1,400 stimulus checks.”",mostly-false,false,"['false', 'pants-fire']",2,False
"""Interior deportations under Obama were down 40 percent and at a nine-year low.""",mostly-true,false,"['true', 'mostly-true', 'half-true', 'mostly-false', 'false']",5,True
“No state in the country verifies United States citizenship as a condition for voting in federal elections.”,mostly-false,false,"['half-true', 'mostly-false', 'false', 'pants-fire']",4,True
"Says Pat McCrory ""shepherded in driver’s licenses for illegal aliens in the aftermath of the 9/11 terrorist attacks.""",mostly-false,false,"['half-true', 'mostly-false', 'false', 'pants-fire']",4,True
"Treasury Department's inspector general found ""there's $4 billion a year in excess payments"" going to people that shouldn’t get them. ""These are mostly Mexicans.""",half-true,false,"['mostly-true', 'half-true', 'mostly-false', 'false', 'pants-fire']",5,True
"Says the Potomac River ""has gotten dirtier and dirtier and dirtier and dirtier. I go down there and that litter is left almost exclusively by immigrants.""",pants-fire,false,"['mostly-false', 'false', 'pants-fire']",3,True
"""There’s actually a court order that prevents keeping the kids with the parents when you put the parents in jail.""",mostly-false,false,"['true', 'mostly-true', 'half-true', 'mostly-false', 'false', 'pants-fire']",6,True
"""In the year 2013, the Obama administration released 104,000 criminal illegal aliens. They released 196 murderers – people with homicide convictions, who are here illegally.""",half-true,false,"['true', 'half-true', 'mostly-false', 'false', 'pants-fire']",5,True
"""Taxpayer-funded benefits to illegals"" in California are ""a skyrocketing cost under Obamacare.""",false,false,"['mostly-false', 'false', 'pants-fire']",3,True
"Because of the current immigration crisis, Republicans want to ""repeal"" a 2008 law that President George W. Bush signed and ""want to be on record as not wanting to protect children from ... sex trafficking.""",mostly-false,false,"['true', 'mostly-true', 'half-true', 'mostly-false', 'false', 'pants-fire']",6,True
"""Your Social Security will be destroyed by the people coming in. There's too many of them. It's not sustainable.""",false,false,"['half-true', 'mostly-false', 'false', 'pants-fire']",4,True
"Says Hillary Clinton’s immigration platform would ""create totally open borders.""",false,false,"['mostly-false', 'false', 'pants-fire']",3,True
The government is arming “illegal immigrants.”,false,false,"['false', 'pants-fire']",2,True
"Says Hillary Clinton has ""not answered a single question"" about her immigration plan.",pants-fire,false,"['mostly-false', 'false']",2,False
"""In February alone there were enough illegal immigrants who crossed the border to fill this (Kansas City Chiefs’ Arrowhead) stadium.""",mostly-true,mostly-true,"['mostly-true', 'half-true', 'mostly-false', 'false']",4,True
“Every single Senate Democrat voted against hiring more border agents. They voted against deporting felons. And they voted against ending catch and release.”,mostly-false,false,"['half-true', 'mostly-false', 'false', 'pants-fire']",4,True
"""I sponsored and was the co-sponsor of the only legislation that ever passed that had E-Verify provisions in it back in 2010 when I served in the Legislature.""",false,half-true,"['true', 'mostly-true', 'half-true', 'mostly-false', 'false', 'pants-fire']",6,True
"In 2005 or 2006 U.S. Sen. Chuck Schumer ""voted for the wall.""",half-true,false,"['half-true', 'mostly-false', 'false']",3,True
"""Local authorities in 43 states refused to honor more than 16,000 detainer requests from ICE from October 2013 to December 2015. Only in Alaska, Delaware, Hawaii, Maine, Montana, Vermont and Wyoming did local officials honor all requests, and detainers are relatively rare in those states.""",mostly-true,true,"['true', 'mostly-true', 'half-true', 'mostly-false', 'false', 'pants-fire']",6,True
"""We have seized more currency, more drugs, more outbound arms in the past year than any year in our country’s history.""",half-true,half-true,"['mostly-true', 'half-true', 'mostly-false', 'false']",4,True
"""Let’s talk about the facts and where we are today. There are still nearly 2,600 children who are separated from their parents"" due to the Trump administration’s zero-tolerance policy.",true,true,['true'],1,True
"Mexico receives ""approximately $24 billion a year in remittances from Mexican nationals working in the United States. The majority of that amount comes from illegal aliens.""",half-true,false,"['half-true', 'mostly-false', 'false', 'pants-fire']",4,True
"U.S. Sen. Jon Tester “voted to give taxpayer-funded health care to illegal immigrants.""",false,false,"['mostly-false', 'false', 'pants-fire']",3,True
"Says there are ""2,000 inadmissible migrants arriving every day""",half-true,false,"['mostly-true', 'half-true', 'mostly-false', 'false', 'pants-fire']",5,True
"The 2010 DREAM Act failed despite ""strong bipartisan support.""",mostly-false,false,"['half-true', 'mostly-false', 'false', 'pants-fire']",4,True
"""When they say Mexico can't pay for the wall, I say of course they can. We have a trade deficit with Mexico that's unbelievably big. ... It's billions and billions of dollars -- far more than what we're talking about for the wall.""",false,false,"['mostly-false', 'false', 'pants-fire']",3,True
"""Illegal immigration costs our country more than $113 billion a year.""",mostly-false,false,"['half-true', 'mostly-false', 'false', 'pants-fire']",4,True
"Says ""Canada has one-tenth of our population—yet it issues far more high-skilled visas (more than 150,000) yearly than we do (65,000).""",half-true,false,"['true', 'mostly-true', 'half-true', 'mostly-false', 'false', 'pants-fire']",6,True
"Sen. Kamala Harris is ""supporting the animals of MS-13.""",pants-fire,false,"['false', 'pants-fire']",2,True
"""Rather than work to secure the border, (Marco Rubio) supported Obama’s amnesty plan for illegal immigrants.""",mostly-false,false,"['true', 'mostly-true', 'half-true', 'mostly-false', 'false', 'pants-fire']",6,True
Says Iowa Gov. Terry Branstad chartered a plane to remove 124 young illegal immigrants from his state and take them back to Honduras.,pants-fire,false,"['false', 'pants-fire']",2,True
"Says Andrew Gillum ""wants to abolish ICE and doesn't believe in doing any type of immigration enforcement.""",half-true,false,"['half-true', 'mostly-false', 'false', 'pants-fire']",4,True
"""Bill Clinton passed a law in 1996 that separated children from adults illegally entering America.""",false,false,"['mostly-false', 'false', 'pants-fire']",3,True
"""Did you know US population growth is at its lowest since the Great Depression?""",true,false,"['true', 'mostly-false', 'false']",3,True
"The number of illegal immigrants in the United States is ""30 million, it could be 34 million.""",pants-fire,false,"['mostly-false', 'false', 'pants-fire']",3,True
"Says President Trump ""has ended up attracting larger numbers of people coming to the United States presenting themselves for asylum status at our border than we’ve ever seen.""",half-true,false,"['true', 'mostly-true', 'half-true', 'mostly-false', 'false']",5,True
"""California won’t let law enforcement officers like you and your people transfer prisoners to ICE custody or even to communicate with ICE that you’re about to release them from your custody — people that ICE is looking for.""",mostly-false,false,"['half-true', 'mostly-false', 'false', 'pants-fire']",4,True
Venezuelan leader Nicolás Maduro “was releasing people from his prisons and sending them to our southern border under the Biden administration.”,false,false,"['mostly-false', 'false', 'pants-fire']",3,True
"""They voted for (a border wall) in 2006. Then-Senator Obama voted for it. Sen. Schumer voted for it. Sen. Clinton voted for it.""",half-true,false,"['true', 'mostly-true', 'half-true', 'mostly-false', 'false', 'pants-fire']",6,True
"""NYC to give ILLEGALS $53 Million in Prepaid Credit Cards.""",mostly-false,false,"['mostly-false', 'false']",2,True
"The Biden-Harris administration ""wants to hand out $450,000 to illegal immigrants.""",false,false,"['mostly-false', 'false', 'pants-fire']",3,True
"""Border agents discover body of 6-year-old girl: 'She was raped By 30 men'.""",false,false,"['false', 'pants-fire']",2,True
"Says that during the first 19 months of the Obama administration, the U.S. detained people from nations designated as state sponsors of terrorism on the southwestern border.",half-true,false,"['true', 'mostly-true', 'half-true', 'mostly-false', 'false', 'pants-fire']",6,True
"Says Joe Biden “has effectively ordered a shutdown of ICE, halting virtually all deportations, everyone, murderers, everybody, no more.”",false,false,"['mostly-false', 'false', 'pants-fire']",3,True
Says Russ Feingold voted to give Social Security benefits to illegal immigrants,false,false,"['mostly-false', 'false', 'pants-fire']",3,True
"Says Marco Rubio ""was for immigration reform and a pathway to citizenship before he was against it.""",mostly-false,false,"['true', 'mostly-true', 'half-true', 'mostly-false', 'false', 'pants-fire']",6,True
"The United States' southern border is ""basically open"" and is ""a super spreader event.”",false,false,"['half-true', 'mostly-false', 'false', 'pants-fire']",4,True
"""It's important to pay attention to the Russian spy drama, but let's not ignore the fact that the following (10) bills have been introduced"" in the House.",mostly-true,half-true,"['true', 'mostly-true', 'half-true', 'mostly-false', 'false', 'pants-fire']",6,True
"""We've got a 1,000 National Guard troop request that's been in front of this president for over a year and no response.""",half-true,half-true,"['true', 'mostly-true', 'half-true', 'mostly-false', 'false']",5,True
"In New York, there are no barriers to law enforcement to work with the federal government on immigration laws, and there are 100 crimes where migrants can be handed over.",mostly-false,false,"['mostly-true', 'half-true', 'mostly-false', 'false', 'pants-fire']",5,True
Says Mary Landrieu voted to fund benefits for illegal immigrants ahead of veterans.,pants-fire,false,"['half-true', 'mostly-false', 'false', 'pants-fire']",4,True
"""Fact: Over 90,000 kids were detained under Obama. And no one cared.""",mostly-false,false,"['true', 'mostly-true', 'half-true', 'mostly-false', 'false', 'pants-fire']",6,True
“Federal law requires people to speak English to be naturalized as American citizens.”,mostly-true,false,"['true', 'mostly-true', 'half-true', 'mostly-false', 'false']",5,True
"Says Mitt Romney ""called the Arizona law a model for the nation.""",false,false,"['half-true', 'mostly-false', 'false', 'pants-fire']",4,True
"""The director of the FBI said that we cannot figure out who (Syrian refugees) are, what their intentions are, because we have no information on them, because we don’t have any contact with the Syrian government or any people on the ground to be able to determine that.""",half-true,false,"['mostly-true', 'half-true', 'mostly-false', 'false', 'pants-fire']",5,True
"Says FBI Director Christopher Wray told Congress “that with the border wide open and a war in Israel, Hamas can just walk right in.”",false,false,"['half-true', 'mostly-false', 'false', 'pants-fire']",4,True
"""Go back to 2005 until now, we have quadrupled the number of Border Patrol agents.""",false,false,"['mostly-false', 'false']",2,True
"Speaking of immigration cases, says, ""We have thousands of judges.""",false,false,"['mostly-false', 'false', 'pants-fire']",3,True
"""Unemployment has been on the rise throughout Wisconsin"" as Paul Ryan stepped up his advocacy of ""immigration increases.""",mostly-false,mostly-false,"['mostly-true', 'half-true', 'mostly-false', 'false']",4,True
“FEMA sent $59M LAST WEEK to luxury hotels in New York City to house illegal migrants… That money is meant for American disaster relief.”,false,false,"['mostly-false', 'false', 'pants-fire']",3,True
"""Almost 40 percent of all (undocumented) immigrants come by plane and they overstay their visas.""",half-true,false,"['mostly-true', 'half-true', 'mostly-false', 'false', 'pants-fire']",5,True
"The immigration proposal from the Gang of Eight ""is not amnesty.""",half-true,false,"['true', 'mostly-true', 'half-true', 'mostly-false', 'false', 'pants-fire']",6,True
"Says Donald Trump ""said illegal immigration has been a problem in America for 'thousands of years.' """,false,false,"['false', 'pants-fire']",2,True
"“Carnage"" is being caused ""by people who are coming across the border.""",false,false,"['half-true', 'mostly-false', 'false', 'pants-fire']",4,True
"Says Joe Biden ""voted to expand deportations and indefinite detention for immigrants multiple times.""",half-true,false,"['half-true', 'mostly-false', 'false', 'pants-fire']",4,True
"Newt Gingrich’s immigration plan offers ""a new doorway to amnesty.""",mostly-true,false,"['half-true', 'mostly-false', 'false', 'pants-fire']",4,False
"Current immigration ""apprehension numbers are worse than the 'crisis' Biden/Obama/Pelosi acknowledged in 2014!""",mostly-true,false,"['true', 'mostly-true', 'half-true', 'mostly-false', 'false']",5,True
"""Senate report admits Clinton ‘gifted’ children to human traffickers""",false,false,"['false', 'pants-fire']",2,True
"""As you know, we apprehended over 144,000 people in a single month. That is a pace, which if it continues for 12 months, would put us on a pace for nearly 2 million apprehensions on the border.""",mostly-false,false,"['mostly-true', 'half-true', 'mostly-false', 'false', 'pants-fire']",5,True
"Says Joe Biden “is restricting travel for Americans into Mexico, but is keeping the border wide open for illegal aliens to walk right into our country.”",mostly-false,false,"['mostly-false', 'false']",2,True
"""Prayer rugs have recently been found on the Texas side of the border in the brush.""",pants-fire,false,"['mostly-false', 'false', 'pants-fire']",3,True
"""Border Patrol agents were caught on film destroying supplies left to help migrants""",mostly-true,false,"['true', 'mostly-false', 'false']",3,False
"""Current immigration policy imposes as much as $300 billion annually in net fiscal costs on U.S. taxpayers.""",half-true,false,"['half-true', 'mostly-false', 'false', 'pants-fire']",4,True
"Says the Constitution ""specifically states the Congress shall write legislation for immigration policy,"" so Barack Obama lacks the authority to defer the deportation of young illegal immigrants.",half-true,false,"['true', 'mostly-true', 'half-true', 'mostly-false', 'false', 'pants-fire']",6,True
"Says an 11-year-old girl shot and killed two armed ""illegal aliens"" after they broke into her home in Montana.",pants-fire,false,"['false', 'pants-fire']",2,True
"Says Gov. Rick Perry has been ""begging"" for the federal government to send the Coast Guard to patrol two lakes on the U.S.-Mexico border.",false,false,"['half-true', 'mostly-false', 'false', 'pants-fire']",4,True
"Romney failed to take action against ""sanctuary cities"" in Massachusetts.",mostly-true,false,"['mostly-true', 'half-true', 'mostly-false', 'false']",4,True
"Says ""22 to 24 people"" came into the United States due to family connection with suspect in the October 2017 New York City terror attack.",false,false,"['mostly-false', 'false', 'pants-fire']",3,True
"""I built that border fence in San Diego...and it reduced the smuggling of people and drugs...by 90 percent.""",mostly-true,half-true,"['true', 'mostly-true', 'half-true', 'mostly-false', 'false']",5,True
Biden’s strategy is to “get as many illegals in the country as possible” and “legalize them to create a permanent majority.”,false,false,"['mostly-false', 'false', 'pants-fire']",3,True
"Says Beto O’Rourke ""voted to shield MS-13 gang members from deportation.""",mostly-false,false,"['half-true', 'mostly-false', 'false', 'pants-fire']",4,True
"""The reality is that we have roughly 15,000 undocumented immigrants living in the state...""",false,false,"['half-true', 'mostly-false', 'false', 'pants-fire']",4,True
"“We have our government giving people who came into this country illegally $5,000 gift cards.”",false,false,"['false', 'pants-fire']",2,True
"A Homeland Security study ""showed 120 murders took place that could have been prevented had communities been working with ICE and Homeland Security.""",false,false,"['mostly-false', 'false', 'pants-fire']",3,True
"""I have sent over $400 million to the border of Mexico in the form of Texas Ranger recon teams.""",mostly-false,false,"['mostly-false', 'false', 'pants-fire']",3,True
“Portland is burning to the ground.”,false,false,"['mostly-false', 'false', 'pants-fire']",3,True
"Leticia Van de Putte ""opposed putting National Guard troops on the border, would send millions to Central American governments instead and wrote the law giving in-state tuition to illegal immigrants.""",half-true,false,"['mostly-true', 'half-true', 'mostly-false', 'false', 'pants-fire']",5,True
Says the Trump administration transferred $10 million from FEMA to ICE.,true,false,"['true', 'half-true', 'mostly-false', 'false', 'pants-fire']",5,True
"A ""majority in every state favors path to citizenship for undocumented immigrants.""",mostly-true,mostly-true,"['true', 'mostly-true', 'half-true', 'mostly-false', 'false', 'pants-fire']",6,True
"""Building a wall"" on the U.S.-Mexico border ""will take literally years.""",true,false,"['true', 'mostly-true', 'half-true', 'mostly-false', 'false', 'pants-fire']",6,True
"Says Donald Trump hired illegal workers ""from Poland and he had to pay a million dollars or so in a judgment.""",half-true,false,"['half-true', 'mostly-false', 'false']",3,True
"Says Jeb Bush ""doesn't believe in a path to citizenship. If he did at one time, he no longer does.""",mostly-true,false,"['mostly-true', 'half-true', 'mostly-false', 'false', 'pants-fire']",5,True
"English ""is our national language...if it becomes official, that means in a place like New York City you can't print ballots in any other language.""",false,false,"['mostly-false', 'false', 'pants-fire']",3,True
"Says three Ukrainians recently captured on a West Texas ranch are among ""individuals from countries that have strong terrorist ties being apprehended"" near the state’s border with Mexico.",half-true,false,"['true', 'mostly-true', 'half-true', 'mostly-false', 'false', 'pants-fire']",6,True
"""FBI crime statistics have found that labeled ‘sanctuary’ cities experience lower rates of all crime types, including homicides.""",half-true,false,"['true', 'mostly-true', 'half-true', 'mostly-false', 'false', 'pants-fire']",6,True
"""Californians are overwhelmingly against this concept of the illegal sanctuary state.""",false,false,"['mostly-false', 'false', 'pants-fire']",3,True
"""The President has decided to move forward with executive actions on immigration that he has said on numerous occasions that he didn’t have the constitutional power to take.""",true,false,"['half-true', 'mostly-false', 'false', 'pants-fire']",4,False
A bill from U.S. Rep. Ted Yoho attempts to restrict the administration's ability to conduct national security and criminal background checks on undocumented immigrants.,half-true,false,"['true', 'mostly-true', 'half-true', 'mostly-false', 'false', 'pants-fire']",6,True
"Says Mexico doesn't have birthright citizenship, and Americans are the ""only ones"" to have it.",false,false,"['mostly-false', 'false', 'pants-fire']",3,True
"Two federal government buses “stopped in front of a Mexican restaurant in the very small town of Green Cove Springs Florida… The passengers were illegal immigrants, straight from the southern border.”",false,false,"['mostly-false', 'false', 'pants-fire']",3,True
"A federal system that verifies employees are authorized to work in the U.S. is inaccurate ""anywhere from 50 percent all the way up to in excess of 80"" percent of the time.",half-true,false,"['mostly-true', 'half-true', 'mostly-false', 'false']",4,True
Says the Obama administration never responded to his 2012 letter flagging the uptick in unaccompanied children crossing the U.S.-Mexico border.,mostly-true,false,"['mostly-true', 'half-true', 'mostly-false', 'false', 'pants-fire']",5,True
"""I voted to defund sanctuary cities.""",half-true,false,"['true', 'mostly-true', 'half-true', 'mostly-false', 'false', 'pants-fire']",6,True
“The vast majority of individuals that we’re releasing out are not showing up for hearings.”,false,false,"['half-true', 'mostly-false', 'false', 'pants-fire']",4,True
Says the Biden administration is choosing to send baby formula to the border as one of its “out-of-touch priorities.”,mostly-false,false,"['half-true', 'mostly-false', 'false', 'pants-fire']",4,True
"Texas found that 95,000 noncitizens were registered to vote.",false,false,"['false', 'pants-fire']",2,True
"Says a ""liberal"" immigration reform group endorsed his GOP primary opponent, Dave Brat.",false,false,"['half-true', 'mostly-false', 'false', 'pants-fire']",4,True
"""There's one (study) that came out of Pew in 2008 that showed 14 percent of people who voted were noncitizens.""",false,false,"['mostly-false', 'false', 'pants-fire']",3,True
Federal border officials are allowing undocumented immigrants who are “known criminals who possess an arrest warrant to fly on U.S. aircraft (which) threatens our homeland security.”,mostly-false,false,"['half-true', 'mostly-false', 'false', 'pants-fire']",4,True
"""The actions I’m taking"" are ""the kinds of actions taken by every single Republican president and every single Democratic president for the past half-century.""",half-true,true,"['true', 'mostly-true', 'half-true', 'mostly-false', 'false', 'pants-fire']",6,True
"The immigration visa lottery ""randomly hands out green cards without any regard for skill, merit, or the safety of American people.""",false,false,"['half-true', 'mostly-false', 'false']",3,True
"The number of illegal immigrants ""could be 3 million. It could be 30 million.""",pants-fire,false,"['mostly-false', 'false', 'pants-fire']",3,True
"Voting for ""any Democrat"" gets you ""socialism ... undefended open borders ... immediate tax increases ... 100 percent government-run health care ...""",pants-fire,false,"['mostly-false', 'false', 'pants-fire']",3,True
"""@realDonaldTrump is coming to San Antonio, which is 60% Mexican-AMERICAN.""",mostly-true,false,"['true', 'mostly-true', 'half-true', 'mostly-false', 'false', 'pants-fire']",6,True
"Says she has ""quadrupled agents to secure our border.""",mostly-false,false,"['mostly-false', 'false']",2,True
"""Democrats let him (cop killer Luis Bracamontes) into our country,"" and ""Democrats let him stay.""",pants-fire,false,"['mostly-false', 'false', 'pants-fire']",3,True
"In California, ""they're rioting now"" over sanctuary cities.",pants-fire,false,"['mostly-false', 'false', 'pants-fire']",3,True
"""Many of the great scholars say that anchor babies are not covered"" by the 14th Amendment.",half-true,false,"['mostly-false', 'false', 'pants-fire']",3,False
"""Even in California now, they don’t want to be sanctuary cities anymore. They want out.""",mostly-false,false,"['half-true', 'mostly-false', 'false', 'pants-fire']",4,True
Nikki Haley “opposed Trump’s border wall” and “Trump’s travel ban.”,false,false,"['mostly-false', 'false', 'pants-fire']",3,True
“Only about 20%” of people who apply for asylum qualify for it.,false,false,"['mostly-true', 'half-true', 'mostly-false', 'false', 'pants-fire']",5,True
"Haitian immigrants are eating pets and wildlife in Springfield, Ohio.",false,false,"['false', 'pants-fire']",2,True
"In-state tuition available ""for non-U.S. citizens after three years … veterans have to wait five years.""",mostly-false,false,"['mostly-true', 'half-true', 'mostly-false', 'false', 'pants-fire']",5,True
"""The Republican plan would cut federal law enforcement officers — 30,000 — including 11,000 FBI agents, 2,000 border agents, DEA agents, and so on.""",mostly-false,false,"['mostly-true', 'half-true', 'mostly-false', 'false', 'pants-fire']",5,True
“California has six extra” congressional representatives “because illegals are counted” in the census.,mostly-false,false,"['mostly-false', 'false', 'pants-fire']",3,True
"“In sanctuary cities, local officials order police to release dangerous criminal aliens to prey upon the public instead of handing them over to ICE to be safely removed.”",mostly-false,false,"['mostly-true', 'half-true', 'mostly-false', 'false', 'pants-fire']",5,True
Undocumented immigrants get Medicare for free.,false,false,"['mostly-false', 'false', 'pants-fire']",3,True
"In New York City “local elections, illegal immigrants can vote.”",false,false,['false'],1,True
"""We don’t have a (military) reserve force if something happens.""",false,false,"['half-true', 'mostly-false', 'false', 'pants-fire']",4,True
"Says Hillary Clinton is ""proposing to print instant work permits for millions of illegal immigrants to come in and take everybody's jobs, including low-income African-Americans.""",false,false,"['false', 'pants-fire']",2,True
"Says Michele Bachmann said, ""The Chinese built a Great Wall 5,000 years ago. You don't see any illegal Mexicans in China.""",pants-fire,false,"['false', 'pants-fire']",2,True
"""Undocumented immigrants paid more taxes last year than Amazon, GM, IBM & Netflix combined.""",mostly-true,false,"['true', 'mostly-true', 'half-true', 'mostly-false', 'false', 'pants-fire']",6,True
"""The Arizona law basically parrots the federal immigration law.""",mostly-true,true,"['true', 'mostly-true', 'half-true', 'false']",4,True
"""In 2014, Mexico alone received over $24 billion in remittances sent from the U.S., while other South and Central American countries received over 15 percent of their (gross domestic product) in the form of remittances.""",half-true,false,"['true', 'mostly-true', 'half-true', 'mostly-false', 'false', 'pants-fire']",6,True
"""The Congressional Budget Office, a nonpartisan office, did an analysis and said that passing comprehensive immigration reform will reduce the federal deficit by $200 billion over the next decade.""",true,true,['true'],1,True
"Ron Klein ""repeatedly voted in favor of amnesty for illegal immigrants.""",pants-fire,false,"['mostly-false', 'false', 'pants-fire']",3,True
"Says Russian President Vladimir Putin got a standing ovation from the Duma after he gave a speech saying Muslims are ""taking over"" other countries but won't take over Russia.",pants-fire,false,"['false', 'pants-fire']",2,True
"""Disease-ridden"" migrants from parts of Africa with Ebola are being ""dumped in San Antonio.""",false,false,"['mostly-false', 'false', 'pants-fire']",3,True
"""Illegal border crossings are up 173% from 1 year ago and 28% since January when President Biden stopped the wall & deportations and started catch & release.""",half-true,false,"['true', 'mostly-true', 'half-true', 'mostly-false', 'false', 'pants-fire']",6,True
"Martha’s Vineyard ""used the military to deport every last illegal migrant from their island.”",false,false,"['false', 'pants-fire']",2,True
"Migrants in New York City are receiving prepaid debit cards with up to $10,000 and no restrictions.",false,false,"['false', 'pants-fire']",2,True
"Says Jeff Foxworthy wrote a list of examples explaining how ""you might live in a nation that was founded by geniuses but is run by idiots.""",false,false,"['false', 'pants-fire']",2,True
"Mexico has ""very strong border laws -- ours are pathetic.""",mostly-false,false,"['half-true', 'mostly-false', 'false', 'pants-fire']",4,True
"Says South Carolina Gov. Nikki Haley ""is an immigrant.""",pants-fire,false,['false'],1,False
"I am ""the only candidate for lieutenant governor to oppose in-state tuition for illegal immigrants.""",false,false,"['mostly-true', 'half-true', 'mostly-false', 'false', 'pants-fire']",5,True
"“Human trafficking and drugs” at the Mexico border have “doubled, tripled and quadrupled” since Joe Biden became president.",false,false,"['mostly-false', 'false', 'pants-fire']",3,True
"Says Rick Perry ""turned down our invitation to meet"" President Barack Obama in El Paso.",mostly-true,false,"['true', 'mostly-true', 'half-true', 'mostly-false', 'false', 'pants-fire']",6,True
"""Ronald Reagan’s signature on the 1986 amnesty act"" gave Barack Obama about 15 million additional Hispanic votes in 2012.",false,false,"['mostly-false', 'false', 'pants-fire']",3,True
“We’re sending back the vast majority of the families that are coming.”,false,false,"['half-true', 'mostly-false', 'false']",3,True
"Says the 2014-15 state budget ""cut border security and funding to fight criminal gangs.""",mostly-false,false,"['mostly-true', 'half-true', 'mostly-false', 'false', 'pants-fire']",5,True
President Joe Biden’s immigration policy was “a giant voter importation scam.”,pants-fire,false,"['mostly-false', 'false', 'pants-fire']",3,True
"""The president flagrantly defies the 2006 federal law ordering the construction of a secure border fence along the entire Mexican border.""",mostly-false,false,"['mostly-false', 'false', 'pants-fire']",3,True
"Georgia has ""more illegal aliens than the state of Arizona.""",true,false,"['mostly-false', 'false', 'pants-fire']",3,False
"""Illinois is now letting illegal aliens become police officers.""",mostly-false,false,"['mostly-false', 'false', 'pants-fire']",3,True
"""There are billboards in Central America in the Northern Triangle countries advertising how to grab a kid to get into the United States illegally.""",false,false,"['mostly-false', 'false', 'pants-fire']",3,True
"Says ""220,000 New Yorkers would have immediately benefitted had President Obama’s executive action been affirmed. So almost a quarter million of our fellow New Yorkers who are hurting right now whose rights and opportunities were taken away by the Supreme Court.""",mostly-false,false,"['true', 'mostly-true', 'half-true', 'mostly-false', 'false', 'pants-fire']",6,True
"“A place like California, they give (immigrants in the country illegally) benefits. They give unemployment checks.”",half-true,false,"['mostly-false', 'false']",2,False
"Says detained immigrant parents separated from their children at the border are being charged ""as much as $8 a minute to call their children.""",mostly-false,false,"['mostly-true', 'half-true', 'mostly-false', 'false', 'pants-fire']",5,True
"Georgia legislation on immigration is a ""copycat"" of an Arizona immigration bill.",half-true,false,"['true', 'mostly-true', 'half-true', 'mostly-false', 'false', 'pants-fire']",6,True
"In 2017, ICE ""arrested more than 127,000 illegal immigrants with criminal convictions or facing charges of breaking our nation's’ laws,"" and removed nearly 5,000 gang members.",true,true,['true'],1,True
Says President Joe Biden sparked a migrant caravan from Honduras and questioned the loyalty of U.S. troops at the inauguration.,mostly-false,false,"['half-true', 'mostly-false', 'false', 'pants-fire']",4,True
"President Barack Obama ""said over 20 times he did not have the legal authority"" to act as he did on immigration.",mostly-true,false,"['true', 'mostly-true', 'half-true', 'mostly-false', 'false', 'pants-fire']",6,True
"ICE is in Uvalde, Texas, “so undocumented parents have to consider arrest deportation before they go check to see if their kids are alive.”",false,false,"['half-true', 'mostly-false', 'false']",3,True
"""Tom Leppert pledged to make Dallas a sanctuary city for illegal immigrants.""",mostly-false,false,"['true', 'half-true', 'mostly-false', 'false', 'pants-fire']",5,True
"District attorneys ""have advertised that they will charge a criminal alien with a lesser offense than presumably they would charge a United States citizen, so they won’t be deported.""",half-true,false,"['half-true', 'mostly-false', 'false', 'pants-fire']",4,True
"Joe Biden ""has been secretly flying illegal immigrants into communities across the country in the middle of the night.""",mostly-false,false,"['mostly-false', 'false', 'pants-fire']",3,True
An illegal immigrant who gains admission at a public college takes class space away from students who are legal residents.,mostly-true,false,"['mostly-true', 'half-true', 'mostly-false', 'false']",4,True
"“Biden’s plan will immediately let in 25,000 asylum-seekers who’d been waiting in Mexico as their cases were judged.”",mostly-false,false,"['mostly-false', 'false']",2,True
"Says Carlos Lopez-Cantera ""even voiced enthusiastic support for bringing an Arizona-style immigration law to Florida, calling the measure 'common sense.’""",mostly-false,false,"['true', 'mostly-true', 'half-true', 'mostly-false', 'false', 'pants-fire']",6,True
"""The Obama Administration agreed to take thousands of illegal immigrants from Australia.""",half-true,false,"['mostly-false', 'false', 'pants-fire']",3,False
"Rescinding the Deferred Action for Childhood Arrivals program ""will harm our economy.""",true,true,"['true', 'mostly-true', 'half-true', 'mostly-false', 'false']",5,True
"""We took a deal to the president just last February, less than a year ago -- $25 billion over 10 years in border security done the right way - and the president blew up the deal.""",mostly-true,false,"['true', 'mostly-true', 'half-true', 'mostly-false', 'false', 'pants-fire']",6,True
"The Secure Communities Program and 287(g) immigration programs ""were programs that worked"" but were ""recklessly gutted"" by the Obama administration.",half-true,false,"['mostly-true', 'half-true', 'mostly-false', 'false', 'pants-fire']",5,True
"""In Biden's America, 7 million people illegally crossed the border and are given a free cellphone and airline tickets.""",mostly-false,false,"['mostly-false', 'false', 'pants-fire']",3,True
Says state Senate candidate Aaron Bean voted to give health care subsidies to illegal immigrants.,false,false,"['mostly-true', 'half-true', 'mostly-false', 'false', 'pants-fire']",5,True
“BREAKING: Rep. Maxine Waters calls for the United States to grant citizenship to every undocumented protester in Los Angeles” 2025 protests.,false,false,"['mostly-false', 'false', 'pants-fire']",3,True
"Says Hillary Clinton ""wants sanctuary cities.""",mostly-true,false,"['half-true', 'mostly-false', 'false', 'pants-fire']",4,False
"""Each year ICE detains someone, it costs taxpayers over $50,000. For comparison, by the way, that's four times the amount the federal government spends on each child in our public schools.""",half-true,false,"['true', 'mostly-true', 'half-true', 'mostly-false', 'false', 'pants-fire']",6,True
"Georgia’s illegal immigration crackdown laws should be called the ""Brown Codes"" because of their similarity to the ""Black Codes"" governing blacks after the Civil War.",false,false,"['mostly-false', 'false', 'pants-fire']",3,True
"“80% of the American people support our Dreamers. Over 70% think they should have a path to citizenship, and that's Democrats, Republicans, independents.”",mostly-true,mostly-true,"['true', 'mostly-true', 'half-true', 'mostly-false', 'false', 'pants-fire']",6,True
"""Mexico’s Next President Calls for An Invasion Of The US""",pants-fire,false,"['false', 'pants-fire']",2,True
"""This is the only state in the country that bypassed the General Assembly to authorize [in-state tuition for undocumented immigrants].""",true,false,"['mostly-false', 'false', 'pants-fire']",3,False
"""Biden changes his mind and now wants to resume building Trump’s wall.""",false,false,"['mostly-false', 'false', 'pants-fire']",3,True
President Donald Trump signed an executive order for “a total border shutdown with no set reopening date” on July 1.,false,false,"['false', 'pants-fire']",2,True
"""Now in half the homes in California, people speak a language other than English in their own homes.""",mostly-false,false,"['half-true', 'mostly-false', 'false', 'pants-fire']",4,True
"Says Joe Donnelly ""voted to grant amnesty to millions of illegal immigrants, including criminals, drunk drivers, domestic violence, and worse.""",mostly-false,false,"['half-true', 'mostly-false', 'false', 'pants-fire']",4,True
"""'Caravan' Migrant Army Paint Swastika on American Flag, Burn It in the Street.""",false,false,"['mostly-false', 'false', 'pants-fire']",3,True
"“More than 200,000 DACA recipients are essential infrastructure workers” including “41,700 DACA recipients in the healthcare industry”",mostly-true,true,"['true', 'mostly-true', 'half-true', 'false']",4,True
"""She is the only candidate who has stood by our community and immigration reform from the beginning.""",mostly-false,false,"['true', 'mostly-true', 'half-true', 'mostly-false', 'false', 'pants-fire']",6,True
"""Here are the facts: there is no massive wave of migrants pouring into California. Overall immigrant apprehensions on the border last year were as low as they’ve been in nearly 50 years (and 85 percent of the apprehensions occurred outside of California).""",true,true,['true'],1,True
"Says there was a “28% increase in children to the border in my administration” and “31% … in 2019.” The increase in migration in January, February and March “happens every year.”",mostly-false,false,"['mostly-true', 'half-true', 'mostly-false', 'false', 'pants-fire']",5,True
"""The right to vote in this country has never been intrinsically tied to citizenship.""",mostly-true,false,"['true', 'half-true', 'mostly-false', 'false', 'pants-fire']",5,False
"Says Democrats want to give $54 billion in foreign aid, and Trump is only asking for 10 percent of that ""to secure our border and build a wall.",mostly-false,false,"['half-true', 'mostly-false', 'false', 'pants-fire']",4,True
"""Unlawful presence (in the United States) is not a crime.""",mostly-true,true,"['true', 'false']",2,False
"The DREAM Act the ""would give amnesty to over two million illegal aliens.""",false,false,"['half-true', 'mostly-false', 'false', 'pants-fire']",4,True
Kamala Harris “supported abolishing ICE.”,false,false,"['mostly-false', 'false', 'pants-fire']",3,True
"“Just last week, Ruben Gallego voted to let the millions of people who poured into our country illegally cast a ballot in this upcoming election.”",false,false,"['mostly-false', 'false', 'pants-fire']",3,True
"“NYC will give $1,000 taxpayer-funded credit cards to migrants.”",half-true,false,"['mostly-false', 'false', 'pants-fire']",3,False
"Says that in Illinois, ""fewer than 20% of those actually deported have been charged with any serious crime.""",mostly-true,true,"['true', 'mostly-true', 'half-true', 'mostly-false', 'false']",5,True
"Says Dan Patrick has ""called immigration into Texas an invasion"" and ""said immigrants coming into Texas bring ‘third-world diseases.’""",true,false,"['true', 'half-true', 'mostly-false', 'false', 'pants-fire']",5,True
"Sanctuary jurisdictions ""violate the laws of our nation.""",mostly-false,false,"['half-true', 'mostly-false', 'false', 'pants-fire']",4,True
“Report: Biden administration busing ‘thousands’ of illegals to red states to get permanent status.”,false,false,"['mostly-false', 'false', 'pants-fire']",3,True
"""Loopholes in current law prevent ‘Unaccompanied Alien Children’ (UACs) that arrive in the country illegally from being removed.""",mostly-false,false,"['half-true', 'mostly-false', 'false']",3,True
"Wealthy foreigners can obtain visas through a special program, but only a small number ""invest in true high-unemployment areas. Almost every other EB-5 project uses gerrymandering to qualify as distressed.""",mostly-true,false,"['true', 'mostly-true', 'half-true', 'mostly-false', 'false', 'pants-fire']",6,True
"Uses a picture of a mansion to say that Rep. Nancy Pelosi lives surrounded by ""a high perimeter wall with gun toting security.""",pants-fire,false,"['false', 'pants-fire']",2,True
"Says Jeb Bush ""happens to be where a majority"" of Republican voters are on giving legal status to illegal immigrants.",mostly-true,mostly-true,"['true', 'mostly-true', 'half-true', 'mostly-false', 'false']",5,True
“Elon Musk says Italians should stay in Italy and the Japanese in Japan.”,false,false,"['true', 'mostly-false', 'false', 'pants-fire']",4,True
"Donald Trump posted on Truth Social, “Only criminals carry guns on our streets, we need law and order.”",pants-fire,false,"['false', 'pants-fire']",2,True
“Joe Biden flew hundreds of thousands of illegals into Florida last year.”,false,false,"['half-true', 'mostly-false', 'false', 'pants-fire']",4,True
Says only four Texas legislators voted against a law giving in-state tuition rates to certain illegal immigrants.,true,true,['true'],1,True
"“Kids at the border: 2,600 highest number Trump, 12,000 currently under Biden.”",half-true,false,"['mostly-false', 'false', 'pants-fire']",3,False
"""(Mexican immigrants) are more law-abiding than U.S. citizens and that is a statistic.""",mostly-true,true,"['true', 'mostly-true', 'half-true', 'mostly-false', 'false', 'pants-fire']",6,True
"""I am the only person in this field who is against amnesty. Every other person in this field wants to allow people who are here illegally to be able to stay here, in one form or another.""",false,false,"['half-true', 'mostly-false', 'false', 'pants-fire']",4,True
"""Over half of the foreign-born population in Rhode Island is white.""",half-true,false,"['half-true', 'mostly-false', 'false']",3,True
"Says 326,000 migrants were flown to Florida with taxpayer dollars under President Joe Biden’s secret migrant flight program.",false,false,"['false', 'pants-fire']",2,True
Martha's Vineyard declared itself as a sanctuary city until the buses arrived.,half-true,false,"['half-true', 'mostly-false', 'false', 'pants-fire']",4,True
"""There are at least three sectors of the border, one in particular, that are just completely insecure.""",mostly-false,false,"['mostly-true', 'half-true', 'mostly-false', 'false', 'pants-fire']",5,True
"Says El Paso is the ""safest city of our size in the nation.""",half-true,true,"['true', 'mostly-true', 'half-true', 'mostly-false', 'false']",5,True
"U.S. Rep. Ilhan Omar is ""facing 40 years in prison and deportation after seven new crimes uncovered.""",false,false,"['false', 'pants-fire']",2,True
“ICE arrests LA mayor for harboring fugitives through sanctuary city.”,pants-fire,false,"['false', 'pants-fire']",2,True
"San Francisco and Takoma Park, Md., are ""allowing illegals to vote.""",half-true,false,"['mostly-false', 'false', 'pants-fire']",3,False
Illegal immigration costs Georgia $2.4 billion a year,half-true,false,"['mostly-true', 'half-true', 'mostly-false', 'false']",4,True
"""Update: van full of illegals caught voting at multiple Alabama polling locations.""",pants-fire,false,"['false', 'pants-fire']",2,True
