statement,true_verdict,predicted_verdict,prediction_set,set_size,is_covered
"""President Obama has the most border patrols and border security deployed at the border of any previous president.""",mostly-true,false,"['half-true', 'mostly-false', 'false', 'pants-fire']",4,False
Says the Texas Education Agency follows up to make sure undocumented immigrants paying in-state tuition at Texas colleges are applying for permanent residency.,false,false,"['mostly-false', 'false', 'pants-fire']",3,True
"""The vast majority of (Syrian) refugees are young, able-bodied men looking for work.""",false,false,"['mostly-false', 'false', 'pants-fire']",3,True
"""The border security plan of Sens. McCain and Kyl called for 3,000 additional troops to keep us safe. President Obama says he'll send 524.""",half-true,half-true,"['mostly-true', 'half-true', 'false']",3,True
"""In the Senate, (Mike) DeWine voted with Hillary Clinton to let illegal immigrants receive Social Security. And in Ohio, DeWine allowed illegal immigrants to receive driver's licenses.""",mostly-false,false,"['half-true', 'mostly-false', 'false', 'pants-fire']",4,True
"“Approximately 60,000 Canadians currently live undocumented in the USA.”",mostly-true,half-true,"['true', 'mostly-true', 'half-true', 'mostly-false', 'false', 'pants-fire']",6,True
"""Update: van full of illegals caught voting at multiple Alabama polling locations.""",pants-fire,false,"['false', 'pants-fire']",2,True
"""BREAKING: Trump family donates $1 billion to wall fund.""",pants-fire,false,"['false', 'pants-fire']",2,True
“Biden and Democrats have dismantled border security.”,false,false,"['mostly-false', 'false', 'pants-fire']",3,True
"Because of the current immigration crisis, Republicans want to ""repeal"" a 2008 law that President George W. Bush signed and ""want to be on record as not wanting to protect children from ... sex trafficking.""",mostly-false,false,"['true', 'mostly-true', 'half-true', 'mostly-false', 'false', 'pants-fire']",6,True
"""In 1992, the Democratic Party had in their platform provisions that said that illegal aliens were coming in this country, committing felonies, sent back and then they were right back across the border to do the same thing.""",mostly-true,false,"['half-true', 'mostly-false', 'false', 'pants-fire']",4,False
"“You may not have stayed in a hotel in the past year, but illegals arriving since Biden’s inauguration, they get to stay free of charge.”",mostly-false,false,"['mostly-false', 'false', 'pants-fire']",3,True
Martha’s Vineyard “deported 50 illegals after only 24 hours.”,false,false,"['mostly-false', 'false']",2,True
"Says he ""fought Obama twice and won to stop illegal immigrants from voting.""",false,false,"['mostly-false', 'false']",2,True
"""We're experiencing a net outflow of illegal, undocumented workers from America back to Mexico.""",true,true,"['true', 'false']",2,True
"Says the ""number-one source"" of illegal immigration ""is people legally coming to the United States on a tourist visa or a student visa and then disappearing into the population and never being heard from again.""",false,false,"['half-true', 'mostly-false', 'false']",3,True
"Gov. Kitzhaber oversaw creation of the Oregon driver card law ""behind closed doors without allowing any input from citizens who represent the public interest.""",mostly-false,false,"['mostly-true', 'half-true', 'mostly-false', 'false', 'pants-fire']",5,True
"Says presidents George W. Bush and Barack Obama each tried to get immigration bills passed, but ""it did not work because the other party was unwilling to provide the president and his party a victory.""",mostly-false,false,"['half-true', 'mostly-false', 'false', 'pants-fire']",4,True
"Immigrants ""have captured all of the nearly 9 million jobs created since 2000.""",mostly-false,false,"['mostly-false', 'false', 'pants-fire']",3,True
"""The Arizona law basically parrots the federal immigration law.""",mostly-true,true,"['true', 'mostly-true', 'half-true', 'false']",4,True
“Democrats have 24 more seats (in Congress) than they would have if illegal aliens were not counted in the census.”,false,false,"['half-true', 'mostly-false', 'false', 'pants-fire']",4,True
"The number of illegal immigrants in the United States is ""30 million, it could be 34 million.""",pants-fire,false,"['mostly-false', 'false', 'pants-fire']",3,True
"""We’ve already started (the border wall). We started it in San Diego.""",mostly-false,false,"['half-true', 'mostly-false', 'false', 'pants-fire']",4,True
"Says GOP Congressional candidate Scott Jones ""wants to build a wall. He wants to round people up and deport folks.""",half-true,false,"['mostly-true', 'half-true', 'mostly-false', 'false', 'pants-fire']",5,True
"""Agriculture has always required a significant workforce from abroad.""",mostly-false,false,"['true', 'mostly-true', 'half-true', 'mostly-false', 'false', 'pants-fire']",6,True
"A federal system that verifies employees are authorized to work in the U.S. is inaccurate ""anywhere from 50 percent all the way up to in excess of 80"" percent of the time.",half-true,false,"['mostly-true', 'half-true', 'mostly-false', 'false']",4,True
"""[If] you apply for a job, the chances are 1 in 7 that you are going to be denied that job unfairly if everybody is forced to use E-Verify.""",false,false,"['half-true', 'mostly-false', 'false', 'pants-fire']",4,True
"Says Rep. Kyrsten Sinema supported a bill that is ""essentially encouraging child trafficking.""",false,false,"['mostly-false', 'false']",2,True
"Wealthy foreigners can obtain visas through a special program, but only a small number ""invest in true high-unemployment areas. Almost every other EB-5 project uses gerrymandering to qualify as distressed.""",mostly-true,false,"['true', 'mostly-true', 'half-true', 'mostly-false', 'false', 'pants-fire']",6,True
"""Right now, one third of all illegal aliens are going to California.""",half-true,false,"['half-true', 'mostly-false', 'false', 'pants-fire']",4,True
"Border Patrol agents take migrants ""to the Yuma airport, put them on a plane to any destination they want. ... And they pay their ticket. And then they get reimbursement from FEMA.""",false,false,"['mostly-false', 'false', 'pants-fire']",3,True
"Immigrants are supposed to “apply for asylum in the country where they are, and then they try to come into the United States.”",false,false,"['half-true', 'mostly-false', 'false', 'pants-fire']",4,True
"The DREAM Act the ""would give amnesty to over two million illegal aliens.""",false,false,"['half-true', 'mostly-false', 'false', 'pants-fire']",4,True
"Under the new Arizona immigration law, police can't stop someone to check their immigration status unless they think they see something illegal.",false,false,"['mostly-false', 'false', 'pants-fire']",3,True
"Texas found that 95,000 noncitizens were registered to vote.",false,false,"['false', 'pants-fire']",2,True
"""A lot of these migrants that are coming, we have no way to screen their backgrounds for either health or for security.""",false,false,"['mostly-true', 'half-true', 'mostly-false', 'false', 'pants-fire']",5,True
"Mike Huckabee ""supported taxpayer-funded scholarships for illegal aliens.""",mostly-true,mostly-true,"['mostly-true', 'half-true', 'mostly-false', 'false']",4,True
"""The city that I was mayor of was 50 percent Latino, and I won with 90 percent of the vote...""",mostly-false,false,"['half-true', 'mostly-false', 'false', 'pants-fire']",4,True
"Numbers on illegal immigrants ""are down in terms of apprehensions, which indicates fewer illegal crossings, but also up in terms of actual enforcement actions.""",mostly-true,mostly-true,"['true', 'mostly-true', 'half-true']",3,True
"The number of people in the U.S. illegally is “upwards of 20, 25, maybe 30 million.”",false,false,"['mostly-false', 'false', 'pants-fire']",3,True
"Says Joe Biden ""voted to expand deportations and indefinite detention for immigrants multiple times.""",half-true,false,"['half-true', 'mostly-false', 'false', 'pants-fire']",4,True
“We see an uncompleted wall that was duly appropriated dollars during the Trump days to build over 700 miles. Only 150 miles were constructed.”,false,false,"['half-true', 'mostly-false', 'false', 'pants-fire']",4,True
"""Look, we are at war with these people and they don't wear uniforms. … This is a war against people that are vicious, violent people, that we have no idea who they are, where they come from. We are allowing tens of thousands of them into our country now.""",pants-fire,false,"['mostly-false', 'false', 'pants-fire']",3,True
"Says Mark Pryor voted ""to give Social Security benefits to illegal immigrants.""",false,false,"['mostly-false', 'false', 'pants-fire']",3,True
"Says Dan Patrick ""proposed Arizona-style show-me-your-papers legislation.""",true,false,"['true', 'mostly-true', 'half-true', 'mostly-false', 'false', 'pants-fire']",6,True
"Says President Trump ""has ended up attracting larger numbers of people coming to the United States presenting themselves for asylum status at our border than we’ve ever seen.""",half-true,false,"['true', 'mostly-true', 'half-true', 'mostly-false', 'false']",5,True
"""Undocumented immigrants paid more taxes last year than Amazon, GM, IBM & Netflix combined.""",mostly-true,false,"['true', 'mostly-true', 'half-true', 'mostly-false', 'false', 'pants-fire']",6,True
"When visa holders exit the United States and enter Mexico, ""if they leave through a land port of entry we literally have no clue if they are still here or have returned to their country of origin.""",mostly-true,half-true,"['true', 'mostly-true', 'half-true', 'mostly-false', 'false', 'pants-fire']",6,True
"""Nearly 65 percent -- almost two-thirds -- of all new permanent residents obtained that status by virtue of their family status.""",true,false,"['true', 'mostly-true', 'half-true', 'mostly-false', 'false', 'pants-fire']",6,True
"Says Tony Evers wants to give in-state tuition and drivers licenses to ""illegal aliens.""",mostly-true,false,"['mostly-false', 'false', 'pants-fire']",3,False
"""More than 100,000 DACA applicants have been arrested—Murder, Rape, DUI.""",mostly-false,false,"['mostly-false', 'false']",2,True
"""Our law enforcement agencies have found bodies in the desert, either buried or just lying out there, that have been beheaded.""",pants-fire,false,"['false', 'pants-fire']",2,True
"""In New York, your chances of getting murdered are 1 in 25,000. In Honduras, it’s 1 in 14.""",half-true,false,"['half-true', 'mostly-false', 'false', 'pants-fire']",4,True
"""The state of California is begging us to build walls in certain areas. They don’t tell you that.""",pants-fire,false,"['mostly-false', 'false', 'pants-fire']",3,True
"""Hillary on child aliens in 2014: Send them back.""",mostly-true,false,"['true', 'false']",2,False
"""100% of heroin/fentanyl epidemic is because we don't have a WALL.""",pants-fire,false,"['mostly-false', 'false', 'pants-fire']",3,True
"Says Joe Donnelly ""voted to grant amnesty to millions of illegal immigrants, including criminals, drunk drivers, domestic violence, and worse.""",mostly-false,false,"['half-true', 'mostly-false', 'false', 'pants-fire']",4,True
"DACA was ""a mere memo from the Department of Homeland security under Barack Obama, which violated the laws.""",half-true,false,"['half-true', 'mostly-false', 'false', 'pants-fire']",4,True
Say a boy was 'caged' in a wire enclosure.,false,false,"['mostly-false', 'false', 'pants-fire']",3,True
"""We could build 30 walls with the $150 billion Obama gave to Iran.""",false,false,"['mostly-false', 'false', 'pants-fire']",3,True
"""Here are the facts: there is no massive wave of migrants pouring into California. Overall immigrant apprehensions on the border last year were as low as they’ve been in nearly 50 years (and 85 percent of the apprehensions occurred outside of California).""",true,true,['true'],1,True
"""There are more immigrants in our country right now than any other time.""",mostly-true,false,"['true', 'mostly-false', 'false']",3,False
"""Phoenix, Ariz., is the No. 2 kidnapping capital of the world.""",pants-fire,false,"['false', 'pants-fire']",2,True
"""Democrats oppose any effort to secure our border.""",false,false,"['mostly-false', 'false']",2,True
"On immigration, ""the president said 22 times, 22 times, that he couldn't do what he eventually did.""",mostly-true,false,"['true', 'mostly-true', 'half-true', 'mostly-false', 'false', 'pants-fire']",6,True
"""We have just built this powerful Wall in New Mexico. Completed on January 30, 2019 — 47 days ahead of schedule!""",half-true,true,"['true', 'mostly-true', 'half-true', 'mostly-false', 'false']",5,True
"""California won’t let law enforcement officers like you and your people transfer prisoners to ICE custody or even to communicate with ICE that you’re about to release them from your custody — people that ICE is looking for.""",mostly-false,false,"['half-true', 'mostly-false', 'false', 'pants-fire']",4,True
"Says of flood of non-Mexicans being apprehended at the border: ""These are people that are coming from states like Syria that have substantial connections back to terrorist regimes and terrorist operations.""",pants-fire,false,"['half-true', 'mostly-false', 'false', 'pants-fire']",4,True
"In Arizona, ""there are only one and a half (Border Patrol) agents per every 10 square miles.""",false,false,"['mostly-true', 'half-true', 'mostly-false', 'false', 'pants-fire']",5,True
Latina who enthusiastically supported Donald Trump on stage in Las Vegas in October 2015 has been deported.,pants-fire,false,"['true', 'false']",2,False
"Says Newt Gingrich ""has said that we should make the 11 million illegal workers that are in this country legal.""",false,false,"['mostly-false', 'false', 'pants-fire']",3,True
"""Already this calendar year, since January 1, we have had more than 20,000 people come across the border, apprehended, unauthorized.""",true,true,"['true', 'false']",2,True
"""Barack Obama's plan gives a driver's license to any illegal who wants one.""",mostly-false,false,"['mostly-false', 'false', 'pants-fire']",3,True
"A proposed immigration bill will ""bankrupt Georgia"" if passed.",false,false,"['mostly-false', 'false', 'pants-fire']",3,True
A provision of the Senate immigration bill would require you to have government permission to get a second job.,half-true,false,"['true', 'mostly-true', 'half-true', 'mostly-false', 'false', 'pants-fire']",6,True
"""One third of all federal prisoners today are illegal immigrants.""",mostly-false,false,"['mostly-false', 'false', 'pants-fire']",3,True
The city of Pembroke Pines doesn't have a vote in a plan to build a detention center in Southwest Ranches.,mostly-false,true,"['true', 'mostly-true', 'half-true', 'mostly-false', 'false', 'pants-fire']",6,True
The Biden administration seeks to end voter ID requirements to allow immigrants in the country illegally to vote.,false,false,"['mostly-false', 'false', 'pants-fire']",3,True
"When New York Gov. Eliot Spitzer wanted to ""provide driver’s licenses to those who are undocumented. (Hillary Clinton) said don’t do it.""",mostly-true,false,"['half-true', 'mostly-false', 'false', 'pants-fire']",4,False
"""On the question on the DREAM Act, no -- no to granting lower tuition to illegals.""",false,false,"['true', 'mostly-true', 'half-true', 'mostly-false', 'false', 'pants-fire']",6,True
The Biden-Harris administration “brought over” 10 million migrants who got 9 million jobs.,false,false,"['false', 'pants-fire']",2,True
"""Local authorities in 43 states refused to honor more than 16,000 detainer requests from ICE from October 2013 to December 2015. Only in Alaska, Delaware, Hawaii, Maine, Montana, Vermont and Wyoming did local officials honor all requests, and detainers are relatively rare in those states.""",mostly-true,true,"['true', 'mostly-true', 'half-true', 'mostly-false', 'false', 'pants-fire']",6,True
"Says a Bureau of Labor Statistics report attributed a sharp increase in work-related fatalities to ""increasing numbers of employees and drivers could not read or understand warning signs in English.""",false,false,"['mostly-false', 'false', 'pants-fire']",3,True
"""The Congressional Budget Office, a nonpartisan office, did an analysis and said that passing comprehensive immigration reform will reduce the federal deficit by $200 billion over the next decade.""",true,true,['true'],1,True
"""Your Social Security will be destroyed by the people coming in. There's too many of them. It's not sustainable.""",false,false,"['half-true', 'mostly-false', 'false']",3,True
"Says President Obama's new immigration plan ""is amnesty.""",mostly-false,false,"['half-true', 'mostly-false', 'false', 'pants-fire']",4,True
"District attorneys ""have advertised that they will charge a criminal alien with a lesser offense than presumably they would charge a United States citizen, so they won’t be deported.""",half-true,false,"['half-true', 'mostly-false', 'false', 'pants-fire']",4,True
"""Within just a few years, immigration as a share of national population is set to break all historical records.""",mostly-true,false,"['true', 'mostly-true', 'half-true', 'mostly-false', 'false', 'pants-fire']",6,True
"""With three months remaining in the Fiscal Year, (the border patrol) has already encountered more illegal immigrants along the Southwest border"" than in any previous fiscal year.",mostly-true,false,"['true', 'half-true', 'mostly-false', 'false']",4,False
Says the Department of Homeland Security didn't request any hours of aerial surveillance for the U.S.-Mexico border from the Department of Defense for 2017.,mostly-false,false,"['true', 'half-true', 'mostly-false', 'false', 'pants-fire']",5,True
"""We began seeing the increase in unaccompanied minors going back to last April 2020. This is not something that happened as a result of Joe Biden becoming president.”",half-true,false,"['true', 'mostly-true', 'half-true', 'mostly-false', 'false', 'pants-fire']",6,True
"Between 2000 and 2010, the illegal immigrant population of Texas increased by 60 percent, while California and Florida had ""no increase.""",half-true,false,"['true', 'half-true', 'mostly-false', 'false']",4,True
"The number of illegal immigrants ""could be 3 million. It could be 30 million.""",pants-fire,false,"['mostly-false', 'false', 'pants-fire']",3,True
"""Chicago now has City ID Cards which allow illegal immigrants to vote in local, state & federal elections.""",false,false,['false'],1,True
"Says Russian President Vladimir Putin got a standing ovation from the Duma after he gave a speech saying Muslims are ""taking over"" other countries but won't take over Russia.",pants-fire,false,"['false', 'pants-fire']",2,True
"Mitt Romney ""says the Arizona immigration law should be a model for the nation.""",false,false,"['true', 'mostly-true', 'half-true', 'mostly-false', 'false', 'pants-fire']",6,True
"A ""catch and release"" immigration policy ""is a Democrat rule, Sherrod Brown, this is a Democrat rule.""",false,false,"['mostly-false', 'false']",2,True
"Says Donald Trump wants to deport ""our Dreamers.""",mostly-true,false,"['half-true', 'mostly-false', 'false', 'pants-fire']",4,False
"Miami’s immigration courts have the “largest backlog of any court in this country with 10% of the overall immigration cases,” and “more than 90%” of people lose their asylum claims.",half-true,false,"['true', 'mostly-true', 'half-true', 'mostly-false', 'false', 'pants-fire']",6,True
"""Rep. Paul Gosar asks Capitol Police to arrest illegal immigrants attending State of the Union.""",true,true,"['true', 'false']",2,True
"Joe Biden's executive orders meant ""for the first time in American history we have a president who will not detain the people who enter this country illegally.""",false,false,"['half-true', 'mostly-false', 'false', 'pants-fire']",4,True
"""Liberals in County Hall want our community to be a sanctuary county""",pants-fire,false,"['mostly-false', 'false', 'pants-fire']",3,True
"""Half of all immigrant households receive benefits from our social welfare system.""",mostly-true,false,"['half-true', 'mostly-false', 'false', 'pants-fire']",4,False
"""Seventy four percent of Californians are absolutely against sanctuary state"" policies.",false,false,"['mostly-false', 'false', 'pants-fire']",3,True
"Says President Donald Trump's travel ban could ban Somalis ""from getting relief (from famine) through coming to the United States.""",mostly-false,false,"['half-true', 'mostly-false', 'false']",3,True
"Says children are coming into the U.S. in ""staggering numbers"" because  President Barack Obama ""has been promising amnesty.""",false,false,"['half-true', 'mostly-false', 'false', 'pants-fire']",4,True
"""The enumeration clause speaks to the count of every individual, and not just Americans, not just citizens.""",true,true,['true'],1,True
"""We have right now, … in the state of California, 55 percent of all immigrants are on public assistance.""",half-true,false,"['mostly-false', 'false', 'pants-fire']",3,False
“The great replacement theory is not some grand right-wing conspiracy theory. But a basic statement of the Democratic Party's platform.”,pants-fire,false,"['false', 'pants-fire']",2,True
"""Kids in cages"" in border facilities are ""at 700% capacity.""",half-true,false,"['half-true', 'mostly-false', 'false', 'pants-fire']",4,True
"""The president said he’s going to bring in 250,000 (Syrian and Iraqi) refugees into this country.""",pants-fire,false,"['half-true', 'mostly-false', 'false', 'pants-fire']",4,True
"Says Ohio congressional candidate Danny O’Connor ""would make Columbus a sanctuary city for illegal immigrants.""",false,false,"['mostly-false', 'false', 'pants-fire']",3,True
"""Illegal immigrants currently occupy 8 million jobs.""",mostly-true,false,"['mostly-true', 'half-true', 'mostly-false', 'false']",4,True
"""ISIS is running through a border made porous by Barack Obama’s policies.""",pants-fire,false,"['mostly-false', 'false', 'pants-fire']",3,True
"""91 percent of Latinos support the DREAM Act, which allows undocumented youth to attend college,"" but Marco Rubio opposes it.",true,false,"['true', 'mostly-true', 'half-true', 'mostly-false', 'false', 'pants-fire']",6,True
"Says ""precisely zero terrorists, terrorist groups or terror plots have ever been connected with the U.S.-Mexico border to do harm to people within the United States.""",false,true,"['true', 'false', 'pants-fire']",3,True
Says caravans of people are coming to cross the Mexico-U.S. border.,half-true,false,"['mostly-true', 'half-true', 'mostly-false', 'false', 'pants-fire']",5,True
"Says Andrew Gillum ""wants to abolish ICE and doesn't believe in doing any type of immigration enforcement.""",half-true,false,"['half-true', 'mostly-false', 'false', 'pants-fire']",4,True
"Says Beto O’Rourke voted ""against body armor for Texas sheriffs patrolling the border.""",false,false,"['mostly-false', 'false', 'pants-fire']",3,True
"Says that during the first 19 months of the Obama administration, the U.S. detained people from nations designated as state sponsors of terrorism on the southwestern border.",half-true,false,"['true', 'mostly-true', 'half-true', 'mostly-false', 'false', 'pants-fire']",6,True
"""Mayor Giuliani made New York City what's known as a 'sanctuary city,' where illegal aliens were allowed to come. And he instructed the leaders of the city not to enforce the law, not to enforce immigration law.""",half-true,false,"['half-true', 'mostly-false', 'false']",3,True
"""The Z-visa that was offered in that Senate bill let everybody who's here illegally, other than criminals, stay here for the rest of their lives.""",false,false,"['mostly-false', 'false']",2,True
"On immigration, what reports say President Barack Obama ""plans to do is roughly on the same scale"" as what President George H.W. Bush did.",mostly-true,mostly-true,"['true', 'mostly-true', 'half-true', 'mostly-false', 'false', 'pants-fire']",6,True
"A post comparing two construction workers — “Joe legal” and “Jose illegal” — says “Jose” pays no taxes yet gets free medical care, food stamps, welfare, and 'head of the class' priority for his children in applying for college.",false,false,"['mostly-false', 'false', 'pants-fire']",3,True
"""Why do we have automatic citizenship upon birth? We're the only country in the world that has it.""",false,false,"['false', 'pants-fire']",2,True
"""Washington Heidi supports sanctuary cities, where illegal immigrants can be released on our streets, like this criminal, who was let go and then sexually assaulted a child.""",mostly-false,false,"['mostly-false', 'false', 'pants-fire']",3,True
"""Every single Democrat in the U.S. Senate has signed up for the open borders, and it's a bill, it's called the ‘open borders bill.’""",false,false,"['mostly-false', 'false', 'pants-fire']",3,True
"""It is true that we know that ISIS is present in Ciudad Juarez (Mexico)""",mostly-false,false,"['mostly-false', 'false', 'pants-fire']",3,True
"Uses a picture of a mansion to say that Rep. Nancy Pelosi lives surrounded by ""a high perimeter wall with gun toting security.""",pants-fire,false,"['false', 'pants-fire']",2,True
"""There are at least 23 countries that refuse to take their people back after they’ve been ordered to leave the United States, including large numbers of violent criminals.""",mostly-true,false,"['true', 'half-true', 'mostly-false', 'false']",4,False
"""For the amount of money Hillary Clinton would like to spend on refugees, we could rebuild every inner city in America.""",pants-fire,false,"['mostly-false', 'false', 'pants-fire']",3,True
"""Obama secretly gave citizenship to 2,500 Iranians as part of nuke deal.""",false,false,"['mostly-false', 'false', 'pants-fire']",3,True
“Biden wants to give illegals ID cards so they can start collecting American benefits.”,false,false,"['mostly-false', 'false', 'pants-fire']",3,True
"Sen. Harry Reid voted ""against declaring English our national language, twice.""",true,false,"['true', 'mostly-false', 'false']",3,True
"""There’s actually a court order that prevents keeping the kids with the parents when you put the parents in jail.""",mostly-false,false,"['true', 'mostly-true', 'half-true', 'mostly-false', 'false', 'pants-fire']",6,True
"""Ending (Temporary Protected Status) and deporting legal workers would cost the United States ~$164 billion in GDP over a decade.""",half-true,true,"['true', 'mostly-true', 'half-true', 'mostly-false', 'false', 'pants-fire']",6,True
"""Bernie Sanders voted with Republicans to protect the Minutemen, a hate group that used military tactics against our community.""",half-true,false,"['half-true', 'mostly-false', 'false', 'pants-fire']",4,True
"Obama ""voted for and even sponsored amendments that were intended to kill the (immigration overhaul) legislation.""",half-true,false,"['mostly-true', 'half-true', 'mostly-false', 'false']",4,True
"Says the 2014-15 state budget ""cut border security and funding to fight criminal gangs.""",mostly-false,false,"['mostly-true', 'half-true', 'mostly-false', 'false', 'pants-fire']",5,True
"""Over the last several years, 40 percent (of) the jobs created in Texas were created for illegal aliens.""",half-true,false,"['half-true', 'mostly-false', 'false', 'pants-fire']",4,True
"""Every poll you see, the overwhelming majority of people want [E-Verify].""",true,false,"['true', 'mostly-true', 'half-true', 'mostly-false', 'false', 'pants-fire']",6,True
"""Recent reports state that the U.S. Customs and Border Protection has apprehended several members of known Islamist terrorist organizations crossing the southern border in recent years.""",mostly-true,false,"['true', 'mostly-true', 'half-true', 'mostly-false', 'false', 'pants-fire']",6,True
"""Bill Clinton passed a law in 1996 that separated children from adults illegally entering America.""",false,false,"['mostly-false', 'false', 'pants-fire']",3,True
"""We have over a million (legal immigrants) a year, more than at any time in the history of this country. We have the largest percentage of immigrants, almost tied now with the historical high as a percentage of immigrants living in this country.""",half-true,false,"['mostly-true', 'half-true', 'mostly-false', 'false', 'pants-fire']",5,True
"""The various people who have, in fact, committed terrorist acts in this country, from 9/11 on, none of them came from any of the seven countries that are the subject of the president's executive order.""",half-true,false,"['true', 'half-true', 'mostly-false', 'false', 'pants-fire']",5,True
"""The State of Texas does not even use the E-Verify system to determine if someone is legally in our country when they apply for a job.""",true,false,"['true', 'mostly-true', 'half-true', 'mostly-false', 'false', 'pants-fire']",6,True
"""My policy is similar to what President Obama did in 2011 when he banned visas for refugees from Iraq for six months.""",mostly-false,false,"['half-true', 'mostly-false', 'false', 'pants-fire']",4,True
"""Undocumented immigrants pay $12 billion of taxes every single year.""",true,false,"['mostly-true', 'half-true', 'mostly-false', 'false', 'pants-fire']",5,False
"Says Hillary Clinton’s immigration platform would ""create totally open borders.""",false,false,"['mostly-false', 'false', 'pants-fire']",3,True
"“Less than three months ago, Kamala Harris and her administration blocked 300,000 unvetted Haitian migrants from being deported out of our country.""",mostly-false,false,"['mostly-false', 'false', 'pants-fire']",3,True
“Gas prices highest in a decade. Worst jobs report in 2 decades. Highest inflation in 3 decades. Highest increase in illegal immigration in 4 decades.”,mostly-false,false,"['mostly-true', 'half-true', 'mostly-false', 'false', 'pants-fire']",5,True
“President Trump has banned welfare for illegal immigrants which will save $57.4 billion a year.”,false,false,"['mostly-false', 'false', 'pants-fire']",3,True
"In the U.S. asylum system, ""claims of 'fear to return' have skyrocketed, and the percentage of claims that are genuinely meritorious are down.""",half-true,false,"['half-true', 'mostly-false', 'false', 'pants-fire']",4,True
"""Only 12% of legal immigrants are selected based on skill or based on merit. In countries like Canada, Australia and New Zealand, and others, that number is closer to 60, and even 70 and 75% in some cases.""",mostly-true,false,"['mostly-true', 'half-true', 'mostly-false', 'false', 'pants-fire']",5,True
"Voting for ""any Democrat"" gets you ""socialism ... undefended open borders ... immediate tax increases ... 100 percent government-run health care ...""",pants-fire,false,"['mostly-false', 'false', 'pants-fire']",3,True
"""Immigrants start businesses at a faster rate; they seem to grow those businesses more successfully.""",mostly-true,mostly-true,"['true', 'mostly-true', 'half-true', 'mostly-false', 'false']",5,True
"""Over $13 million worth of crops have ROTTED in California, all because no one is willing to work jobs vacated by migrants.""",half-true,false,"['mostly-false', 'false', 'pants-fire']",3,False
"The Biden administration has been ""recklessly releasing potentially dangerous Afghans into our communities.""",mostly-false,false,"['half-true', 'mostly-false', 'false', 'pants-fire']",4,True
"Says he ""won the popular vote if you deduct the millions of people who voted illegally.""",pants-fire,false,"['mostly-false', 'false', 'pants-fire']",3,True
"""One-half of undocumented workers pay federal income taxes, which means they are paying more federal income taxes than Donald Trump pays.""",half-true,false,"['true', 'mostly-true', 'half-true', 'mostly-false', 'false']",5,True
"U.S. Sen. Lindsey Graham says South Carolina ""has a labor shortage and wants more immigration.""",mostly-false,mostly-true,"['true', 'mostly-true', 'half-true', 'mostly-false', 'false']",5,True
"""Less than 2 percent of illegals are picking crops, but 41 percent are on welfare.""",mostly-false,false,"['half-true', 'mostly-false', 'false', 'pants-fire']",4,True
"The migrant caravan from Tapachula, Mexico “is the population of Minneapolis.”",pants-fire,false,"['mostly-false', 'false', 'pants-fire']",3,True
"""My position hasn’t changed"" on using executive authority to address immigration issues.",false,false,"['half-true', 'mostly-false', 'false', 'pants-fire']",4,True
"President Obama’s uncle and aunt ""are illegal aliens ...  who've been allowed to stay in this country.""",half-true,false,"['mostly-false', 'false', 'pants-fire']",3,False
"Says U.S. Rep. Dan Lipinski “voted against the DREAM Act, supports separating families and banning Muslims.”",mostly-false,false,"['mostly-true', 'half-true', 'mostly-false', 'false', 'pants-fire']",5,True
"Says President Donald Trump ""put out a $297 million contract to a vendor to show him how to hire Border Patrol. So, the first payment they made was $14.8 million. You know how many Border Patrol they hired with $14.8 million? Two.""",mostly-true,false,"['mostly-true', 'half-true', 'mostly-false', 'false', 'pants-fire']",5,True
Only immigrants in the country illegally are eligible for an interest-free California housing loan program.,false,false,"['mostly-false', 'false']",2,True
"""Prayer rugs have recently been found on the Texas side of the border in the brush.""",pants-fire,false,"['mostly-false', 'false', 'pants-fire']",3,True
Says Joe Biden “tried to cut Social Security and Medicare for decades. … Now Biden’s promising your benefits to illegal immigrants.”,mostly-false,false,"['mostly-false', 'false', 'pants-fire']",3,True
"San Francisco and Takoma Park, Md., are ""allowing illegals to vote.""",half-true,false,"['mostly-false', 'false', 'pants-fire']",3,False
"""Illegal immigrants mow the grass around the (Texas) Capitol.""",false,false,"['half-true', 'mostly-false', 'false', 'pants-fire']",4,True
"""Our men and women of the Guard have been forced to contact food banks to feed themselves.""",false,false,"['mostly-true', 'half-true', 'mostly-false', 'false', 'pants-fire']",5,True
"Says Hillary Clinton once ""wanted a wall"" on the Mexican border.",half-true,false,"['half-true', 'mostly-false', 'false']",3,True
"In California, ""they're rioting now"" over sanctuary cities.",pants-fire,false,"['mostly-false', 'false', 'pants-fire']",3,True
"Says his conviction is ""a political witch hunt by holdovers in the Obama justice department.""",false,false,"['half-true', 'mostly-false', 'false', 'pants-fire']",4,True
"""Fences have not worked. The Great Wall of China, the Berlin Wall. That's not good among peoples, especially friends like the United States and Mexico.""",half-true,half-true,"['mostly-true', 'half-true', 'mostly-false', 'false']",4,True
"It is estimated that Arizona ""has lost more than $100 million in hospitality industry revenues since passage of the Arizona immigration laws.""",half-true,half-true,"['mostly-true', 'half-true', 'false']",3,True
"""If we pass immigration reform, it will make wages go up on average $250 for the average household.""",mostly-false,false,"['half-true', 'mostly-false', 'false', 'pants-fire']",4,True
"Says the Trump administration’s new policy for legal immigrants on welfare ""has been around for a while. This is not a new thing that the president is trying to implement here, that the United States has been this way.""",half-true,false,"['mostly-true', 'half-true', 'mostly-false', 'false', 'pants-fire']",5,True
"Says there are ""probably 2 million, it could be even 3 million"" criminal immigrants in the country illegally.",half-true,false,"['mostly-false', 'false', 'pants-fire']",3,False
"Says Beto O’Rourke and Sen. Kirsten Gillibrand ""have both said they would tear down the wall if elected president.""",half-true,false,"['half-true', 'mostly-false', 'false', 'pants-fire']",4,True
"Says President Donald Trump said asylum seekers ""aren't people. These are animals.""",false,false,"['mostly-false', 'false', 'pants-fire']",3,True
Harvard University “refuse(s) to tell us” who its international students are.,false,false,"['mostly-false', 'false', 'pants-fire']",3,True
"Proposed immigration legislation would give new immigrants ""a taxpayer-funded cellular phone.""",false,false,"['mostly-false', 'false']",2,True
"""Rick Scott got a majority of the Hispanic vote in Florida.""",mostly-false,false,"['half-true', 'mostly-false', 'false', 'pants-fire']",4,True
"Says Joe Biden “is restricting travel for Americans into Mexico, but is keeping the border wide open for illegal aliens to walk right into our country.”",mostly-false,false,"['mostly-false', 'false']",2,True
"""About three-quarters of (Syrian refugees) are women and children. A full third of them are kids under 12 years old.""",true,true,['true'],1,True
"""They found 60 votes in the Senate in 2006 and 2013"" for immigration legislation, and ""each time the House Republican majority refused to take it up.""",true,true,"['true', 'false']",2,True
"The Obama administration ""manipulated deportation data to make it appear that the Border Patrol was deporting more illegal immigrants than the Bush administration.""",false,false,"['half-true', 'mostly-false', 'false', 'pants-fire']",4,True
"Says Donald Trump, in his campaign announcement speech, ""also said, ‘And many of them (Mexicans) are good people. You keep leaving that out of your quote.""",half-true,false,"['half-true', 'mostly-false', 'false', 'pants-fire']",4,True
"""More than two-thirds of the aliens the Obama administration has brought to the United States under the president's Central American Minors program weren’t actually minors at all.""",mostly-true,false,"['half-true', 'mostly-false', 'false', 'pants-fire']",4,False
"""We have my opponent Sam Olens to thank for [the Arizona immigration ruling] since he was on the team that got Clinton elected.""",pants-fire,false,"['half-true', 'mostly-false', 'false', 'pants-fire']",4,True
"Among Syrian refugees, ""there aren't that many women, there aren't that many children.""",false,false,"['mostly-false', 'false', 'pants-fire']",3,True
"Joe Biden ""has been secretly flying illegal immigrants into communities across the country in the middle of the night.""",mostly-false,false,"['mostly-false', 'false', 'pants-fire']",3,True
"""Crime is down in Venezuela by 67% because they're taking their gangs and their criminals and depositing them very nicely into the United States.”",false,false,"['mostly-false', 'false', 'pants-fire']",3,True
"Says Adam Putnam ""endorsed the Schumer-Obama Gang of Eight immigration amnesty.""",mostly-true,false,"['half-true', 'mostly-false', 'false']",3,False
"""In February alone there were enough illegal immigrants who crossed the border to fill this (Kansas City Chiefs’ Arrowhead) stadium.""",mostly-true,mostly-true,"['mostly-true', 'half-true', 'mostly-false', 'false']",4,True
"American taxpayer dollars provide “free housing, free medical, free state identification” to immigrants in the country illegally.",false,false,"['mostly-false', 'false', 'pants-fire']",3,True
"Says Tallahassee mayor Andrew Gillum ""wants to make Florida not a sanctuary city but a sanctuary state.""",half-true,false,"['mostly-false', 'false', 'pants-fire']",3,False
"Says President Obama has cracked down ""on employers who are attracting undocumented immigrants and hiring them more than any previous president.""",half-true,false,"['true', 'mostly-true', 'half-true', 'mostly-false', 'false', 'pants-fire']",6,True
"""We don’t have a (military) reserve force if something happens.""",false,false,"['half-true', 'mostly-false', 'false', 'pants-fire']",4,True
"Says detained immigrant parents separated from their children at the border are being charged ""as much as $8 a minute to call their children.""",mostly-false,false,"['mostly-true', 'half-true', 'mostly-false', 'false', 'pants-fire']",5,True
"Four million more people live in Florida, but New York gets $20 billion more for Medicaid, because it covers illegal immigrants and adults without chronic illness.",mostly-false,false,"['mostly-false', 'false', 'pants-fire']",3,True
"Says Hillary Clinton ""wants sanctuary cities.""",mostly-true,false,"['half-true', 'mostly-false', 'false', 'pants-fire']",4,False
"""The actions I’m taking"" are ""the kinds of actions taken by every single Republican president and every single Democratic president for the past half-century.""",half-true,true,"['true', 'mostly-true', 'half-true', 'mostly-false', 'false']",5,True
Six million or 7 million people have “come illegally under Biden.”,mostly-false,false,"['mostly-false', 'false', 'pants-fire']",3,True
"A judge's order means there's a ""Constitution exemption zone"" if you live ""within 100 miles of the United States border.""",false,false,"['half-true', 'mostly-false', 'false', 'pants-fire']",4,True
This is the 911 call placed by the migrants trapped in the truck found in San Antonio.,false,false,"['false', 'pants-fire']",2,True
Democrats “introduced a bill that would ban detaining gay illegal immigrants.”,mostly-false,false,"['half-true', 'mostly-false', 'false', 'pants-fire']",4,True
"""Civil war erupts in Sweden as irate Swedes burn nine Muslim refugee centers to the ground""",false,false,"['mostly-false', 'false', 'pants-fire']",3,True
"""8 Syrians caught at Texas border in Laredo.""",mostly-false,false,"['true', 'half-true', 'mostly-false', 'false', 'pants-fire']",5,True
"""Illegal crossings at our southern border have been cut by over 40 percent.""",false,false,"['half-true', 'mostly-false', 'false', 'pants-fire']",4,True
"Mexico is ""now rated the number one most dangerous country in the world.""",mostly-false,false,"['mostly-false', 'false', 'pants-fire']",3,True
"""According to data provided by the Department of Justice, the vast majority of individuals convicted of terrorism and terrorism-related offenses since 9/11 came here from outside of our country.""",mostly-false,false,"['half-true', 'mostly-false', 'false', 'pants-fire']",4,True
President Joe Biden said he will “send F-15s” to “wage war against Texas.”,false,false,"['false', 'pants-fire']",2,True
Says al Qaeda has camps with the drug cartels in Mexico.,false,false,"['half-true', 'mostly-false', 'false', 'pants-fire']",4,True
"""The Democrats want to invite caravan after caravan of illegal aliens into our country. And they want to sign them up for free health care, free welfare, free education, and for the right to vote.""",false,false,"['mostly-false', 'false', 'pants-fire']",3,True
"""I never said that"" Marco Rubio was Mark Zuckerberg’s personal senator.",pants-fire,false,"['false', 'pants-fire']",2,True
"U.S. Sen. Sherrod Brown voted to “give illegals taxpayer funded stimulus checks, health care, even Social Security.""",false,false,"['mostly-false', 'false', 'pants-fire']",3,True
"About 1.1 million people legally enter the U.S. each year as permanent residents -- ""65 percent of that is some kind of chain migration; 22 percent is diversity lottery, ‘asyling,’ refugees; only about 14, 15 percent has anything to do with work.""",half-true,false,"['mostly-true', 'half-true', 'mostly-false', 'false', 'pants-fire']",5,True
"“Texas just gifted Trump 355,000 acres for deportation camps.”",false,false,"['mostly-false', 'false', 'pants-fire']",3,True
"Citing his efforts to secure the border, Obama said, ""Overall, the number of people trying to cross our border illegally is the lowest it has been since the 1970s.""",half-true,false,"['true', 'mostly-true', 'half-true', 'mostly-false', 'false', 'pants-fire']",6,True
"""More than 43 percent of all food stamps are given to illegals.""",pants-fire,false,"['false', 'pants-fire']",2,True
"Says Roy Moore is ""on the wrong side of Trump’s border wall.""",mostly-false,false,"['half-true', 'mostly-false', 'false', 'pants-fire']",4,True
"U.S. Sen. Jon Tester “voted to give taxpayer-funded health care to illegal immigrants.""",false,false,"['mostly-false', 'false', 'pants-fire']",3,True
"Presidents Hoover, Truman and Eisenhower collectively ordered the deportation of at least 15 million illegal aliens.",false,false,"['false', 'pants-fire']",2,True
“That’s why they are allowing these people to come in — people that don’t speak our language — they are signing them up to vote.”,pants-fire,false,"['mostly-false', 'false', 'pants-fire']",3,True
"Says Donald Trump ""asserted that immigrants would quote, ‘carve you up with a knife’.""",false,false,"['mostly-false', 'false']",2,True
"""I voted to defund sanctuary cities.""",half-true,false,"['true', 'mostly-true', 'half-true', 'mostly-false', 'false', 'pants-fire']",6,True
"John Cornyn ""voted twice in 2013 to back Obama’s amnesty plan.""",pants-fire,false,"['true', 'half-true', 'mostly-false', 'false', 'pants-fire']",5,True
"""Migrants DEMAND $50,000 each to go home, or else …""",mostly-true,false,"['true', 'mostly-true', 'half-true', 'mostly-false', 'false', 'pants-fire']",6,True
"""Every time we go to court,"" against the Trump administration, ""for the most part, we win.""",mostly-true,mostly-true,"['true', 'mostly-true', 'half-true', 'mostly-false', 'false']",5,True
"""17,000 individuals with criminal records were apprehended trying to cross the border"" in 2018.",half-true,false,"['mostly-true', 'half-true', 'mostly-false', 'false']",4,True
"""The director of the FBI said that we cannot figure out who (Syrian refugees) are, what their intentions are, because we have no information on them, because we don’t have any contact with the Syrian government or any people on the ground to be able to determine that.""",half-true,false,"['half-true', 'mostly-false', 'false', 'pants-fire']",4,True
"Immigrants ""can show up at any embassy or consulate abroad"" to make their asylum claims.",false,false,"['mostly-false', 'false', 'pants-fire']",3,True
"""We spend $18 billion a year on making sure that the federal government has immigrant enforcement agents. That's more than DEA and the ATF and the FBI and all the other enforcement (agencies) combined.""",half-true,true,"['true', 'false']",2,False
"Orange County ""released"" a sex offender instead of turning him over to immigration authorities - ""like a sanctuary city.""",half-true,false,"['half-true', 'mostly-false', 'false', 'pants-fire']",4,True
“Ron DeSantis voted against the wall.”,mostly-false,false,"['mostly-false', 'false', 'pants-fire']",3,True
"""According to a recent study from the University of California Riverside, (sanctuary) cities with these policies have more violent crime on average than those that don’t.""",mostly-false,false,"['mostly-false', 'false', 'pants-fire']",3,True
"Says 95 percent of people caught crossing the U.S.-Mexico border said in a survey ""we are coming because we’ve been promised amnesty.""",half-true,false,"['half-true', 'mostly-false', 'false', 'pants-fire']",4,True
"Says ""Stacey Abrams wants to give illegal aliens the right to vote.""",mostly-false,false,"['mostly-false', 'false', 'pants-fire']",3,True
"""Illegal aliens are costing Georgia taxpayers over a billion dollars every year.""",half-true,half-true,"['mostly-true', 'half-true', 'mostly-false', 'false']",4,True
"Says U.S. Senate candidate Cory Gardner ""blocked immigration reform"" and ""voted to deport our DREAMers.""",mostly-false,false,"['mostly-true', 'half-true', 'mostly-false', 'false', 'pants-fire']",5,True
"""This is not a joke: the president wants to house illegal aliens on our nation’s military installations.""",mostly-true,false,"['mostly-false', 'false', 'pants-fire']",3,False
"Rhode Island gives undocumented pregnant women health insurance, plus a cash card ""with $400 a month on it"" and ""$250 a month or $275 a month to spend on food.""",mostly-false,false,"['mostly-false', 'false', 'pants-fire']",3,True
"Rep. Robert Pittenger ""stood against funding for the border wall.""",false,false,"['true', 'mostly-true', 'half-true', 'mostly-false', 'false', 'pants-fire']",6,True
"Says Hillary Clinton has ""not answered a single question"" about her immigration plan.",pants-fire,false,"['mostly-false', 'false']",2,False
"In Miami-Dade County, ""we spend at our school system over $20 million every year"" educating recent immigrants.",mostly-true,false,"['true', 'mostly-true', 'half-true', 'mostly-false', 'false', 'pants-fire']",6,True
Migrants who enter the U.S. illegally get U.S. passports immediately after leaving a border processing center.,false,false,"['mostly-false', 'false', 'pants-fire']",3,True
"""I voted to fund President Trump’s wall.""",mostly-true,true,"['true', 'false']",2,False
"""I don't think I've ever hired an illegal in my life.""",mostly-false,false,"['mostly-false', 'false']",2,True
"Charleroi, Pennsylvania, “has grown by 2,000% due to an influx in migrants.”",false,false,"['half-true', 'mostly-false', 'false', 'pants-fire']",4,True
"""The majority of the Hispanic population and the growth (of the population) is U.S.-born.""",true,true,"['true', 'false']",2,True
"""We stopped traffic coming through -- 78 percent.""",false,false,"['mostly-false', 'false', 'pants-fire']",3,True
"""Illegal immigration and the crime rate are as low as they’ve been in decades.""",mostly-true,false,"['half-true', 'mostly-false', 'false', 'pants-fire']",4,False
Says the Trump administration transferred $10 million from FEMA to ICE.,true,false,"['true', 'half-true', 'mostly-false', 'false', 'pants-fire']",5,True
"Says an 11-year-old girl shot and killed two armed ""illegal aliens"" after they broke into her home in Montana.",pants-fire,false,"['false', 'pants-fire']",2,True
"""Sheriffs Call For Obama’s Lynching While Leader Meets With GOP Senators""",pants-fire,false,"['mostly-false', 'false', 'pants-fire']",3,True
"Says a bill co-sponsored by Sen. Claire McCaskill ""would give a free pass to any illegal immigrant who brings a child to the border.""",false,false,"['mostly-false', 'false']",2,True
"Says ""we have now more Border Patrol officers … than we’ve had at any time in our history.""",mostly-true,false,"['true', 'mostly-true', 'half-true', 'mostly-false', 'false', 'pants-fire']",6,True
"Says there are ""2,000 inadmissible migrants arriving every day""",half-true,false,"['mostly-true', 'half-true', 'mostly-false', 'false', 'pants-fire']",5,True
"Says President Barack Obama ""himself has granted waivers allowing into the United States refugees who provided material support to terrorists.""",mostly-false,false,"['half-true', 'mostly-false', 'false', 'pants-fire']",4,True
There are “22 million illegal aliens living in America and ... voting illegally.”,false,false,"['false', 'pants-fire']",2,True
"Says Republican U.S. Senate candidate Ted Cruz ""opposes the DREAM Act, which is supported by 85% of Latinos.""",true,false,"['true', 'mostly-false', 'false', 'pants-fire']",4,True
"Phoenix is the kidnapping capital ""of the Western Hemisphere.""",false,false,"['false', 'pants-fire']",2,True
"""In 20 years there will be enough Muslim voters in the U.S. to elect the president by themselves.""",pants-fire,false,"['false', 'pants-fire']",2,True
"Says there was a “28% increase in children to the border in my administration” and “31% … in 2019.” The increase in migration in January, February and March “happens every year.”",mostly-false,false,"['mostly-true', 'half-true', 'mostly-false', 'false', 'pants-fire']",5,True
"Says that Mitt Romney, while he was in Arizona, said he believes the state’s SB 1070 immigration law should be the model for national immigration laws.",false,false,"['true', 'mostly-true', 'half-true', 'mostly-false', 'false', 'pants-fire']",6,True
"Says Adam Putnam ""was for amnesty.""",half-true,false,"['mostly-true', 'half-true', 'mostly-false', 'false', 'pants-fire']",5,True
"""Spending on welfare, on prisons, and education, all of those have dropped by hundreds of millions of dollars"" because of Arizona’s immigration laws that drove out undocumented immigrants.",mostly-false,false,"['half-true', 'mostly-false', 'false', 'pants-fire']",4,True
"Says border fencing finished near El Paso in 2010 dramatically curtailed illegal crossings, local crime and drug smuggling.",half-true,false,"['half-true', 'mostly-false', 'false', 'pants-fire']",4,True
Says 11 soccer players on the U.S. Men’s National Team are immigrants.,false,false,"['mostly-false', 'false', 'pants-fire']",3,True
"Says Joe Biden “has effectively ordered a shutdown of ICE, halting virtually all deportations, everyone, murderers, everybody, no more.”",false,false,"['mostly-false', 'false', 'pants-fire']",3,True
"“The same people that raided Israel are pouring into our once beautiful USA, through our TOTALLY OPEN SOUTHERN BORDER, at Record Numbers.”",pants-fire,false,"['false', 'pants-fire']",2,True
"The immigration proposal from the Gang of Eight ""is not amnesty.""",half-true,false,"['true', 'mostly-true', 'half-true', 'mostly-false', 'false', 'pants-fire']",6,True
"Says that as president, Barack Obama has not gone to the Texas-Mexico border",false,false,"['mostly-false', 'false']",2,True
"Says Sen. Charles Schumer ""repeatedly supported a physical barrier in the past along with many other Democrats. They changed their mind only after I was elected president.""",mostly-false,false,"['mostly-false', 'false']",2,True
"Says ""566,000 crimes"" were ""made in Texas by criminal aliens in the last 6 years.""",pants-fire,false,"['half-true', 'mostly-false', 'false', 'pants-fire']",4,True
"Says that as of March 2018 compared with 2017, ""there’s been a more than 200 percent increase in the number of people who are apprehended coming across the border. And, I’ll tell you this, there’s been a more than 200 percent increase in apprehension of heroin coming across the border.""",mostly-false,false,"['true', 'mostly-true', 'half-true', 'mostly-false', 'false', 'pants-fire']",6,True
"""We are not even into February and the cost of illegal immigration so far this year is $18,959,495,168. Cost Friday was $603,331,392. There are at least 25,772,342 illegal aliens, not the 11,000,000 that have been reported for years, in our Country.""",false,false,"['mostly-false', 'false', 'pants-fire']",3,True
"""It is more difficult to obtain a Costco membership than it is to get a NYC Municipal ID""",pants-fire,false,"['true', 'mostly-true', 'half-true', 'mostly-false', 'false', 'pants-fire']",6,True
"""When Chuck Schumer and Marco Rubio tried to push amnesty, it was Ted Cruz who stopped them.""",mostly-false,false,"['half-true', 'mostly-false', 'false', 'pants-fire']",4,True
"Says U.S. Rep. Kyrsten Sinema ""voted to cut ICE.""",half-true,false,"['mostly-true', 'half-true', 'mostly-false', 'false']",4,True
"""Unemployment has been on the rise throughout Wisconsin"" as Paul Ryan stepped up his advocacy of ""immigration increases.""",mostly-false,mostly-false,"['mostly-true', 'half-true', 'mostly-false', 'false']",4,True
"Says ICE and border patrol officers ""unanimously endorsed me for president.""",mostly-false,false,"['mostly-false', 'false']",2,True
"Says ""92 percent of the people agree on DACA.""",half-true,false,"['half-true', 'mostly-false', 'false', 'pants-fire']",4,True
"""Between 2010 and 2014, there was no net in-migration from Mexico.""",mostly-true,true,"['true', 'mostly-false', 'false']",3,False
"More than 3,000 homicides were committed by ""illegal aliens"" over the past six years.",pants-fire,false,"['mostly-false', 'false', 'pants-fire']",3,True
"Forty percent of illegal immigrants are ""people coming legally on visas and overstaying their visas.""",mostly-true,false,"['half-true', 'mostly-false', 'false']",3,False
Says Barack Obama didn't keep his promise to have an immigration bill in his first year.,true,false,"['true', 'mostly-false', 'false']",3,True
"The Secure Communities Program and 287(g) immigration programs ""were programs that worked"" but were ""recklessly gutted"" by the Obama administration.",half-true,false,"['mostly-true', 'half-true', 'mostly-false', 'false', 'pants-fire']",5,True
"Every illegal immigrant ""can be eligible for up to $36,000 to $38,000 in earned income tax credits without paying a dime in.""",false,false,"['mostly-false', 'false', 'pants-fire']",3,True
"In Texas, ""we've had three ISIS-related incidents already.""",half-true,false,"['true', 'half-true', 'mostly-false', 'false']",4,True
"""The director of the FBI said that we cannot properly vet people coming from the Middle East.""",mostly-false,false,"['mostly-false', 'false']",2,True
"""Only one out of five of the so-called ‘Syrian refugees’ who went into Europe were actually Syrian.""",mostly-false,false,"['mostly-false', 'false', 'pants-fire']",3,True
"Says of MS-13 gang members, ""We are getting them out of our country by the thousands.""",mostly-false,false,"['mostly-true', 'half-true', 'mostly-false', 'false']",4,True
"Says Rick Perry ""turned down our invitation to meet"" President Barack Obama in El Paso.",mostly-true,false,"['true', 'mostly-true', 'half-true', 'mostly-false', 'false', 'pants-fire']",6,True
"Says immigrants with temporary protections in Springfield, Ohio, are “illegal immigrants.”",false,false,"['mostly-false', 'false', 'pants-fire']",3,True
"“Home Depot signed a deal that pays them $250 million with DHS, allowing ICE agents to stake out their parking lots and arrest immigrants.”",false,false,['false'],1,True
"The United States is at ""historic record highs"" of individuals being apprehended on the border from countries with terrorist ties such as ""Pakistan or Afghanistan or Syria.""",pants-fire,false,"['mostly-false', 'false', 'pants-fire']",3,True
"Under Joe Biden’s policy, immigrants in the country illegally “get welfare benefits. United States citizens don't get what they're looking to give illegal immigrants.”",false,false,"['mostly-false', 'false']",2,True
"""Net immigration from Mexico last year was zero. Fact-check me.""",mostly-true,false,"['true', 'mostly-true', 'half-true', 'mostly-false', 'false']",5,True
"Immigrants get $2,000 each time they cross the border illegally.",false,false,"['false', 'pants-fire']",2,True
"Says Beto O’Rourke is ""open to abolishing ICE.""",mostly-true,false,"['true', 'half-true', 'mostly-false', 'false', 'pants-fire']",5,False
"Says six eradicated diseases such as whooping cough and the bubonic plague are making a comeback ""thanks to refugees and illegal immigrants.""",false,false,"['false', 'pants-fire']",2,True
"""Every single strawberry that is served to Members of Congress will have passed through the rough hands of an undocumented immigrant.""",half-true,false,"['mostly-true', 'half-true', 'mostly-false', 'false']",4,True
"""No one mentions that illegals are free to leave detention centers anytime to go back to Mexico. They aren't our prisoners.""",mostly-false,false,"['mostly-false', 'false']",2,True
"""When NAFTA was passed, there was an acceleration of immigration from Mexico because people were
in search of jobs.""",half-true,false,"['half-true', 'mostly-false', 'false']",3,True
"Says Ron DeSantis ""voted in an agricultural bill to give food stamps to illegal immigrants.""",pants-fire,false,"['mostly-false', 'false', 'pants-fire']",3,True
Says Florida had five sanctuary cities while Jeb Bush was governor.,false,false,"['mostly-false', 'false', 'pants-fire']",3,True
"""When you get a commercial pilot’s license, you learn to communicate in English no matter where you are in the world.""",mostly-true,false,"['mostly-true', 'half-true', 'mostly-false', 'false']",4,True
"""18 million illegal immigrants got their government checks this month"" while federal workers remain unpaid.",pants-fire,false,"['false', 'pants-fire']",2,True
Says guns are required to be registered.,mostly-false,false,"['mostly-false', 'false']",2,True
"Florida taxpayers ""pay tens of millions of dollars a year to feed and house in our prison system criminal illegal aliens.""",mostly-false,false,"['mostly-false', 'false', 'pants-fire']",3,True
"""Disease-ridden"" migrants from parts of Africa with Ebola are being ""dumped in San Antonio.""",false,false,"['mostly-false', 'false', 'pants-fire']",3,True
Says the cartels are so bad in a Mexican border state that the U.S. government issued a ‘Do Not Travel’ warning -- the same warning it issued for Syria.,true,true,"['true', 'mostly-true', 'half-true', 'mostly-false', 'false']",5,True
"""A majority of the men and women on this stage have previously and publicly embraced amnesty. I am the only candidate on this stage who has never supported amnesty.""",mostly-true,false,"['true', 'half-true', 'mostly-false', 'false', 'pants-fire']",5,False
"The estimated price of President Trump’s border wall is the same as the cost of ""one and a half aircraft carriers.""",true,false,"['true', 'mostly-true', 'half-true', 'mostly-false', 'false', 'pants-fire']",6,True
"About 40 percent of U.S. illegal immigrants ""came in on an airplane, with a legal visa, and just overstayed their visa and have never gone home.""",mostly-true,true,"['true', 'mostly-true', 'half-true', 'mostly-false', 'false']",5,True
"""15,000 troops will not see their families for #Thanksgiving because of @realDonaldTrump’s Scaravan Stunt. Oh yeah, it’s also costing you 200 million dollars.""",half-true,false,"['mostly-true', 'half-true', 'mostly-false', 'false']",4,True
"""Smart! 'Kuwait issues its own Trump-esque visa ban for five Muslim-majority countries.' """,mostly-false,false,"['mostly-false', 'false', 'pants-fire']",3,True
"""There are more people living in this country who were not born here than at anytime in the history of the country.""",half-true,false,"['true', 'half-true', 'mostly-false', 'false', 'pants-fire']",5,True
"Says under the Senate immigration bill, newly legalized immigrants will ""pay every tax possible, but you don’t get a single benefit"" for 10 years.",mostly-true,false,"['mostly-true', 'half-true', 'mostly-false', 'false', 'pants-fire']",5,True
"“In the last 11 months, Customs and Border Patrol has averaged 200,000 apprehensions a month, and you know how many beds we have to detain people at the border? Thirty-eight thousand.""",mostly-true,false,"['mostly-true', 'half-true', 'mostly-false', 'false', 'pants-fire']",5,True
"Says President Barack Obama could ""basically"" legalize all immigrants here illegally ""by the sign of a pen.""",mostly-false,false,"['mostly-true', 'half-true', 'mostly-false', 'false', 'pants-fire']",5,True
"Says Will Hurd ""cosponsored a bill that would militarize our border and allow 200 miles of new roads to be built in the Big Bend region -- cutting up our beloved park.""",half-true,false,"['half-true', 'mostly-false', 'false', 'pants-fire']",4,True
"Says Sen. Ted Cruz used to be ""in favor of birthright citizenship"" but is now against it.",mostly-false,false,"['mostly-true', 'half-true', 'mostly-false', 'false', 'pants-fire']",5,True
Evan Kilgore is one of the Border Patrol agents who shot Alex Pretti in Minneapolis.,pants-fire,false,"['false', 'pants-fire']",2,True
"""If 20 million illegals vote, you can kiss the Second Amendment goodbye.""",false,false,"['mostly-false', 'false', 'pants-fire']",3,True
"Says ""nothing"" in Obama’s $3.7 billion request to address the child immigrant situation ""actually secures the border.""",mostly-false,false,"['half-true', 'mostly-false', 'false', 'pants-fire']",4,True
"Says that in New Mexico, ""illegals are issued emergency welfare EBT cards with $1k a month +$200 for each child, for at least 5+ years until they see a judge.""",false,false,"['mostly-false', 'false', 'pants-fire']",3,True
"""In the last five years, 28,000 people have been killed along the U.S.-Mexico border.""",false,false,"['mostly-false', 'false', 'pants-fire']",3,True
"""If you're a Mexican, you get sent back. ... But if you're from a noncontiguous country like the Central American countries"" then you can stay in the United States.",true,false,"['mostly-false', 'false']",2,False
"""Even in California now, they don’t want to be sanctuary cities anymore. They want out.""",mostly-false,false,"['half-true', 'mostly-false', 'false', 'pants-fire']",4,True
"""One in three women is sexually assaulted on the dangerous journey north.""",half-true,false,"['mostly-false', 'false']",2,False
A Dallas proof-of-insurance ordinance resulted in area tow lots mostly filling with the cars of illegal residents.,false,false,"['mostly-false', 'false', 'pants-fire']",3,True
Says he lived in a colonia while working as a farm worker.,false,true,"['true', 'mostly-true', 'false']",3,True
"Says the United States is the only nation that affords citizenship to anyone born here, ""whether you are here legally or illegally.""",false,false,"['half-true', 'mostly-false', 'false', 'pants-fire']",4,True
"""We know dangerous criminals can slip through immigration at airports just like ours. Yet Joe Donnelly stood right here with the radical left against all efforts to secure our most vulnerable entry points.""",false,false,"['mostly-true', 'half-true', 'mostly-false', 'false', 'pants-fire']",5,True
“We’re sending back the vast majority of the families that are coming.”,false,false,"['half-true', 'mostly-false', 'false']",3,True
"""In the first full month of my administration following the issuance of my executive orders, illegal immigration on our southern border fell by an unprecedented 40 percent.""",mostly-true,half-true,"['true', 'mostly-true', 'half-true', 'mostly-false', 'false']",5,True
"“Joe Biden’s open border” means that there are “more Democrat voters pouring into this country.""",false,false,"['mostly-false', 'false', 'pants-fire']",3,True
"Says President Donald Trump implemented “a travel ban that just didn't work, 400,000 people got in from those countries that were subject to the restrictions.”",false,false,"['half-true', 'mostly-false', 'false']",3,True
"Says Hillary Clinton is ""proposing to print instant work permits for millions of illegal immigrants to come in and take everybody's jobs, including low-income African-Americans.""",false,false,"['false', 'pants-fire']",2,True
“Australia Closing Borders in a few hours for 6-months”,half-true,false,"['half-true', 'mostly-false', 'false']",3,True
"Says 194 people were killed in mass shootings in 2018 while undocumented immigrants killed 83,211 people.",false,false,"['false', 'pants-fire']",2,True
"""Rather than work to secure the border, (Marco Rubio) supported Obama’s amnesty plan for illegal immigrants.""",mostly-false,false,"['true', 'mostly-true', 'half-true', 'mostly-false', 'false']",5,True
"""Why was there no news coverage of this raid on the Arizona border? … Seizure was just five days ago. Right on the Arizona border!""",pants-fire,false,"['false', 'pants-fire']",2,True
"""Nobody applies to the United States for refugee status. They apply to the United Nations.""",false,false,"['mostly-false', 'false', 'pants-fire']",3,True
"A zero-tolerance policy during the Trump administration ""led to less family separation than under Kamala Harris' border policies.”",false,false,"['mostly-false', 'false', 'pants-fire']",3,True
Says Mary Landrieu voted to fund benefits for illegal immigrants ahead of veterans.,pants-fire,false,"['half-true', 'mostly-false', 'false', 'pants-fire']",4,True
"U.S. Reps. Eric Cantor and Luis Gutierrez were ""touring the country last year … joined at the hip, working together in a bipartisan fashion indeed for the goal of immigration reform.""",pants-fire,false,"['half-true', 'mostly-false', 'false', 'pants-fire']",4,True
"Says Dan Patrick has ""called immigration into Texas an invasion"" and ""said immigrants coming into Texas bring ‘third-world diseases.’""",true,false,"['true', 'half-true', 'mostly-false', 'false', 'pants-fire']",5,True
Kilmar Armando Abrego Garcia “had ‘MS-13’ on his knuckles tattooed. … He had ‘MS’ as clear as you can be. Not 'interpreted.’”,pants-fire,false,"['true', 'mostly-true', 'half-true', 'mostly-false', 'false', 'pants-fire']",6,True
Haitian migrants took an implausible route to Texas-Mexico border area.,mostly-false,false,"['mostly-false', 'false', 'pants-fire']",3,True
“The Biden administration is engaging in human trafficking because they are enabling this to happen” at the southern border.,false,false,"['mostly-false', 'false', 'pants-fire']",3,True
"""You lie!"" (in response to President Obama saying health reform would not insure illegal immigrants.)",false,false,"['mostly-false', 'false']",2,True
"“300,000 illegal immigrants were able to use a simple app to get a free flight to our country.”",false,false,"['mostly-false', 'false', 'pants-fire']",3,True
Sen. Mark Kelly voted “for benefits to illegals.”,false,false,"['mostly-false', 'false']",2,True
"""Border agents discover body of 6-year-old girl: 'She was raped By 30 men'.""",false,false,"['false', 'pants-fire']",2,True
"""Tim Walz signed into law driver's licenses for illegal immigrants in Minnesota.""",true,false,"['mostly-false', 'false']",2,False
"""Undocumented workers crossing the border right now is at a 12-year low.""",mostly-true,false,"['true', 'mostly-true', 'half-true', 'mostly-false', 'false', 'pants-fire']",6,True
"Says North Carolina Rep. Renee Ellmers was the only Republican to vote against ""an amendment to prioritize the deportation of sexual criminals who are illegal immigrants.""",half-true,false,"['mostly-true', 'half-true', 'mostly-false', 'false', 'pants-fire']",5,True
"""When I became governor, we banned sanctuary cities and we also did E-Verify.""",mostly-true,mostly-false,"['mostly-true', 'half-true', 'mostly-false', 'false']",4,True
"""Over the last six years, the state of Illinois spent about $320 million on illegal immigrants.""",true,false,"['true', 'half-true', 'mostly-false', 'false']",4,True
"""Before taking executive action on immigration, President Obama stated 22 times that he does not have the authority to change immigration laws on his own.""",mostly-true,false,"['half-true', 'mostly-false', 'false', 'pants-fire']",4,False
"Sen. Kamala Harris is ""supporting the animals of MS-13.""",pants-fire,false,"['false', 'pants-fire']",2,True
"""Sixty percent of the Hispanics"" support the Arizona immigration law",pants-fire,false,"['false', 'pants-fire']",2,True
"""In the year 2013, the Obama administration released 104,000 criminal illegal aliens. They released 196 murderers – people with homicide convictions, who are here illegally.""",half-true,false,"['true', 'half-true', 'mostly-false', 'false', 'pants-fire']",5,True
"Says Hillary Clinton ""wants to bring in thousands of refugees to America from all around the world without any kind of security screening.""",false,false,"['half-true', 'mostly-false', 'false']",3,True
"Says Jeb Bush ""doesn't believe in a path to citizenship. If he did at one time, he no longer does.""",mostly-true,false,"['mostly-true', 'half-true', 'mostly-false', 'false']",4,True
"The Ninth Circuit has an overturned record ""close to 80%.""",half-true,false,"['half-true', 'mostly-false', 'false', 'pants-fire']",4,True
"""One out of every 30 people in the Greater Boston area is an illegal alien.""",true,true,"['true', 'half-true', 'mostly-false', 'false']",4,True
"""There are billboards in Central America in the Northern Triangle countries advertising how to grab a kid to get into the United States illegally.""",false,false,"['mostly-false', 'false', 'pants-fire']",3,True
"The federal government is ""making the decision, whether we like it or not, to send 425 refugees to our state"" from Syria.",half-true,false,"['mostly-true', 'half-true', 'mostly-false', 'false', 'pants-fire']",5,True
"Donald Trump ""wanted to amnesty 2 million illegal aliens in 2018 when he was president.""",mostly-true,false,"['half-true', 'mostly-false', 'false', 'pants-fire']",4,False
"“In August 2023, illegal immigration outpaced American births.”",false,false,"['false', 'pants-fire']",2,True
"Under legislation that has cleared the Georgia House, some children who are ""legal refugees"" could obtain state scholarships to attend private schools.",true,true,['true'],1,True
"President Barack Obama, Nancy Pelosi and Harry Reid support Rick Perry’s ""decision to give in-state tuition to illegal immigrants.""",mostly-false,false,"['half-true', 'mostly-false', 'false', 'pants-fire']",4,True
"Germany ""is crime-riddled right now"" because of migration to Europe.",mostly-false,false,"['mostly-false', 'false', 'pants-fire']",3,True
Says diversity visa immigrants are not vetted.,false,false,"['half-true', 'mostly-false', 'false']",3,True
"Says neither President Barack Obama nor Mexico President Felipe Calderon ""have been on the border to see what's happening to the citizens of Mexico, and for that matter the citizens of Texas.""",half-true,false,"['half-true', 'mostly-false', 'false', 'pants-fire']",4,True
"Says President Donald Trump ""signs a visa-free travel policy"" for Ghana and Malawi.",pants-fire,false,"['false', 'pants-fire']",2,True
"Says comprehensive immigration reform ""will add $700 billion to our economy.""",half-true,false,"['half-true', 'mostly-false', 'false', 'pants-fire']",4,True
"“To all ICE officers, you have federal immunity in the conduct of your duties.”",mostly-false,false,"['mostly-false', 'false', 'pants-fire']",3,True
"""More than 1,000 people ... move to Texas every day.""",mostly-true,mostly-true,"['true', 'mostly-true', 'half-true', 'mostly-false', 'false']",5,True
"If it is enacted, the Senate immigration bill is ""going to make the Border Patrol bigger than the FBI -- you could put one agent every 250 feet.""",true,true,"['true', 'false']",2,True
"“On the Southern border, as you know, the wall is going up, it's going up very rapidly. We're at 182 miles.”",half-true,false,"['half-true', 'mostly-false', 'false']",3,True
"""Up until two weeks ago, John McCain was a leading proponent of amnesty. Now with me challenging him, suddenly he has changed.""",pants-fire,false,"['true', 'half-true', 'mostly-false', 'false', 'pants-fire']",5,True
"""We are dealing with an administration that, quite frankly, has shown a reluctance to enforce the immigration law.""",half-true,false,"['mostly-true', 'half-true', 'mostly-false', 'false', 'pants-fire']",5,True
"""Hundreds of illegal immigrants subject to detainers were released in the last week since the new sanctuary policy was adopted by the Travis County Sheriff's Office.""",false,false,"['half-true', 'mostly-false', 'false', 'pants-fire']",4,True
"""Rick Scott's company is partners with Playboy in a social networking website that has community pages specifically geared towards gay dating.""",mostly-false,false,"['mostly-false', 'false', 'pants-fire']",3,True
"""The border is down 78 percent. Under past administrations, the border didn’t go down -- it went up.""",false,false,"['mostly-false', 'false']",2,True
"""If it weren’t for me … (illegal immigration) wouldn’t even be a big subject.""",false,false,"['false', 'pants-fire']",2,True
"The Democrats' health care bills would provide ""free health care for illegal immigrants.""",false,false,"['mostly-false', 'false']",2,True
"Under the DREAM Act, after two years of higher education or military service ""you are eligible for citizenship. Once a citizen, this paves the way to bring the rest of (your) extended family to the United States.""",mostly-false,false,"['mostly-true', 'half-true', 'mostly-false', 'false']",4,True
"""It begins: California appoints first illegal alien to state office.""",half-true,false,"['mostly-false', 'false']",2,False
"Says Newt Gingrich ""supports amnesty for illegal immigrants.""",half-true,false,"['true', 'mostly-true', 'half-true', 'mostly-false', 'false', 'pants-fire']",6,True
“We have encountered the largest surge of migrants (at the southern border) in the last 20 years.”,mostly-false,false,"['mostly-false', 'false']",2,True
Says Kay Bailey Hutchison voted for sanctuary cities.,false,false,['false'],1,True
"""We have laws on the books where people can walk right up to our ports of entry, say ‘I have a credible fear of persecution,’ and we bring them in. We don’t send them back.""",mostly-false,false,"['mostly-true', 'half-true', 'mostly-false', 'false', 'pants-fire']",5,True
Immigration and Customs Enforcement agents raided Los Angeles' Gratts Learning Academy during a June graduation ceremony.,false,false,"['false', 'pants-fire']",2,True
"""25 percent of federal inmates are noncitizens.""",mostly-true,false,"['half-true', 'mostly-false', 'false']",3,False
"The diversity visa lottery is ""plagued by fraud.""",mostly-true,false,"['half-true', 'mostly-false', 'false']",3,False
"Said Sen. Thom Tillis ""co-sponsored a bill that not only provided amnesty, but provided a clear path to citizenship for illegal immigrants.""",mostly-false,false,"['mostly-true', 'half-true', 'mostly-false', 'false', 'pants-fire']",5,True
"Transporting drugs ""is the price of admission"" for people crossing the border illegally.",pants-fire,false,"['mostly-false', 'false', 'pants-fire']",3,True
"“(Homeland Security Secretary Alejandro) Mayorkas said, ‘Hey you don’t have to detain aggravated felons,’ those are rapists, child predators, you know, murderers.”",mostly-false,false,"['half-true', 'mostly-false', 'false', 'pants-fire']",4,True
"In 2017, ICE ""arrested more than 127,000 illegal immigrants with criminal convictions or facing charges of breaking our nation's’ laws,"" and removed nearly 5,000 gang members.",true,true,['true'],1,True
"Because of violence spreading from Mexico, ""you’ve got bullets hitting the city hall in El Paso. You’ve got bombs exploding in El Paso.""",half-true,false,"['half-true', 'mostly-false', 'false']",3,True
Housing is expensive “because we flooded the country with 30 million illegal immigrants” and because of a housing shortage.,mostly-false,false,"['half-true', 'mostly-false', 'false', 'pants-fire']",4,True
"""Interior deportations under Obama were down 40 percent and at a nine-year low.""",mostly-true,false,"['true', 'mostly-true', 'half-true', 'mostly-false', 'false']",5,True
"As governor, Tim Kaine ""oversaw a huge increase in illegal immigration, a tremendous increase.""",false,false,"['half-true', 'mostly-false', 'false', 'pants-fire']",4,True
"""We’re the only nation in the world that does not use the military to secure our border.""",pants-fire,false,"['mostly-false', 'false', 'pants-fire']",3,True
"""I don't describe your plan as amnesty in my ad. I don't call it amnesty.""",pants-fire,false,"['false', 'pants-fire']",2,True
"The ""priorities"" of more than three-quarters of Americans are to increase the minimum wage, create a path to citizenship for illegal immigrants, and require background checks for gun buyers.",mostly-false,true,"['true', 'mostly-true', 'half-true', 'mostly-false', 'false']",5,True
"""For what it would cost the (National) Guard to make just two arrests at the border, we could give a homeless veteran permanent housing for an entire year.""",mostly-true,false,"['true', 'mostly-true', 'half-true', 'mostly-false', 'false', 'pants-fire']",6,True
"""When I became president, President Obama had a separation policy. I didn’t have it. He had it.""",false,false,"['mostly-false', 'false', 'pants-fire']",3,True
"Says presidential candidate Sen. Kirsten Gillibrand said, ""Social Security must (be) expanded to illegal immigration, it’s their right.""",false,false,"['mostly-false', 'false']",2,True
"Canadian-born Ted Cruz ""has had a double passport.""",false,false,"['mostly-false', 'false', 'pants-fire']",3,True
"""89,000 children were separated from their parents under Obama"" and ""only 1,900 children have been separated under Trump.""",false,false,"['mostly-false', 'false', 'pants-fire']",3,True
"""Roy Barnes proclaimed Mexican workers good for Georgia.""",half-true,false,"['mostly-true', 'half-true', 'mostly-false', 'false']",4,True
"""50 percent of murders in Texas have been linked to illegal aliens.""",false,false,"['false', 'pants-fire']",2,True
"""Nearly 180,000 illegal immigrants with criminal records, ordered deported from our country, are tonight roaming free to threaten peaceful citizens.""",mostly-true,false,"['half-true', 'mostly-false', 'false', 'pants-fire']",4,False
"Says the 2015 vote on the American Security Against Foreign Enemies Act ""was not a vote to deny access to the U.S.""",half-true,false,"['mostly-true', 'half-true', 'mostly-false', 'false', 'pants-fire']",5,True
"""President Obama used"" his DACA order ""to unilaterally confer U.S. citizenship.""",pants-fire,false,"['mostly-false', 'false', 'pants-fire']",3,True
"Says Democrats ""want to give (undocumented immigrants) cars.""",pants-fire,false,"['false', 'pants-fire']",2,True
"Says Jon Ossoff wants to ""allow illegal immigration.""",mostly-false,false,"['mostly-false', 'false', 'pants-fire']",3,True
"""Sometime in the next decade, there will be more Latinos in the state of Texas than there are Anglos. That will happen sometime in the next five to eight to ten years.""",true,true,['true'],1,True
"""Romneycare covers abortion, illegal immigrants and has a public option. Obamacare does not.""",mostly-false,false,"['half-true', 'mostly-false', 'false', 'pants-fire']",4,True
"Bill McCollum ""served as a lobbyist whose clients enabled mortgages for illegal immigrants.""",false,false,"['mostly-true', 'half-true', 'mostly-false', 'false', 'pants-fire']",5,True
"""This administration and this Congress have been systematically cutting funding to border security since the Democrats took control.""",false,false,"['half-true', 'mostly-false', 'false']",3,True
"Says Rick Perry ""supported a guest worker program to help people who would otherwise be illegal aliens.""",mostly-true,true,"['true', 'false']",2,False
"Says a bill he vetoed to give driver licenses to certain immigrants known as Dreamers would have changed ""nothing.""",half-true,false,"['half-true', 'mostly-false', 'false']",3,True
Says about 80% to 90% of people seeking asylum do not have a valid claim.,false,false,"['half-true', 'mostly-false', 'false', 'pants-fire']",4,True
"“You may be 55 years old in [Illinois] and a citizen and not eligible for Medicaid. But if you are an undocumented immigrant and 55 or older, you’re eligible for Medicaid.”",false,false,"['true', 'half-true', 'mostly-false', 'false', 'pants-fire']",5,True
Says Congress set aside $50 billion for the Secure Fence Act in 2006,false,false,"['mostly-false', 'false', 'pants-fire']",3,True
"""Incredibly, some Tallahassee politicians want to make Florida a sanctuary state.""",half-true,false,"['mostly-false', 'false', 'pants-fire']",3,False
"“Kids at the border: 2,600 highest number Trump, 12,000 currently under Biden.”",half-true,false,"['mostly-false', 'false', 'pants-fire']",3,False
"""Obama administration kept illegal Mexican kids in detention camps as ‘experiment’""",mostly-false,false,"['half-true', 'mostly-false', 'false', 'pants-fire']",4,True
"Wisconsin politicians get daily expense payments ""even if they don’t spend a dime on meals, or lodging or travel,"" and ""no receipts are required for them to get paid.""",mostly-true,false,"['mostly-true', 'half-true', 'mostly-false', 'false', 'pants-fire']",5,True
"""When they say Mexico can't pay for the wall, I say of course they can. We have a trade deficit with Mexico that's unbelievably big. ... It's billions and billions of dollars -- far more than what we're talking about for the wall.""",false,false,"['mostly-false', 'false', 'pants-fire']",3,True
"""Almost 40 percent of all (undocumented) immigrants come by plane and they overstay their visas.""",half-true,false,"['mostly-true', 'half-true', 'mostly-false', 'false', 'pants-fire']",5,True
"""[Federal] law says that you can't give in-state tuition to an illegal alien … unless you first offer it to any other student regardless of their state of residence.""",mostly-false,false,"['half-true', 'mostly-false', 'false', 'pants-fire']",4,True
"Says ""all my grandparents"" immigrated to America.",false,false,"['mostly-false', 'false', 'pants-fire']",3,True
"""Every student paying out-of-state tuition actually covers more than the cost of instruction.""",true,true,"['true', 'mostly-true', 'half-true', 'mostly-false', 'false']",5,True
"""Building a wall"" on the U.S.-Mexico border ""will take literally years.""",true,false,"['true', 'mostly-true', 'half-true', 'mostly-false', 'false', 'pants-fire']",6,True
"""One out of every 5 people that the federal government charges with murder is an illegal alien.""",false,false,"['mostly-false', 'false', 'pants-fire']",3,True
"""One in four inmates is an illegal immigrant.""",mostly-false,false,"['half-true', 'mostly-false', 'false']",3,True
"Says children at Homestead migrant facility ""get 30 minutes over a month to talk to family members. If they were in a prison — a federal prison — they would get 300 minutes.""",half-true,false,"['mostly-true', 'half-true', 'mostly-false', 'false']",4,True
Says Democratic Senate candidate Mandela Barnes “supports abolishing ICE.”,mostly-false,false,"['half-true', 'mostly-false', 'false', 'pants-fire']",4,True
"""America has already taken in one-fourth of Mexico's entire population.""",pants-fire,false,"['mostly-false', 'false', 'pants-fire']",3,True
"ICE is in Uvalde, Texas, “so undocumented parents have to consider arrest deportation before they go check to see if their kids are alive.”",false,false,"['half-true', 'mostly-false', 'false']",3,True
"Says a 9-year-old girl was recently raped in Austin, Texas, by a guy previously ""caught four times and released.""",half-true,false,"['half-true', 'mostly-false', 'false', 'pants-fire']",4,True
"More people are apprehended after illegally crossing the U.S.-Mexico border a week ""than are born in Texas each week.""",true,false,"['half-true', 'mostly-false', 'false', 'pants-fire']",4,False
"Says Ronald Reagan said immigrants ""brought with them courage and the values of family, work, and freedom. Let us pledge to each other that we can make America great again.""",mostly-true,true,"['true', 'mostly-true', 'half-true', 'false']",4,True
"""Bill White ...offered sanctuary to illegal immigrants.""",false,false,"['mostly-false', 'false', 'pants-fire']",3,True
"Says Rick Perry ""proposed a binational health insurance program with Mexico.""",mostly-true,false,"['true', 'mostly-true', 'half-true', 'mostly-false', 'false']",5,True
"Among Hispanics, support for immigration reform is close to universal.",mostly-true,false,"['true', 'mostly-true', 'half-true', 'mostly-false', 'false', 'pants-fire']",6,True
"“Both murderers in Texas were not only illegals, but gang members” and were “most likely tied to MS-13.”",false,false,"['mostly-false', 'false', 'pants-fire']",3,True
"Says ""Mike Coffman is with Trump.""",mostly-false,false,"['mostly-true', 'half-true', 'mostly-false', 'false', 'pants-fire']",5,True
"The ""six largest cities in Ohio all have higher rates of violence and crime than every major city along the U.S.-Mexico border.""",mostly-true,false,"['true', 'half-true', 'mostly-false', 'false']",4,False
"""Since 2013 alone, the Obama administration has allowed 300,000 criminal aliens to return back into United States communities. These are individuals encountered or identified by (Immigration and Customs Enforcement), but who were not detained or processed for deportation because it wouldn't have been politically correct.""",half-true,false,"['half-true', 'mostly-false', 'false', 'pants-fire']",4,True
The border wall and the ‘Remain in Mexico’ policy “reduced illegal immigration by 90%.”,false,false,"['mostly-false', 'false', 'pants-fire']",3,True
"""22 times Barack Obama said he did not have the authority to implement this type of"" anti-deportation ""measure. And then the day after he signed this into law, he said, quote, ‘I just changed the law.’""",mostly-true,false,"['mostly-true', 'half-true', 'mostly-false', 'false', 'pants-fire']",5,True
"""President Trump has announced a plan to prosecute the Biden administration for the 325,000 kids that went ‘missing’ into human trafficking & sex slavery during their open border policies.”",false,false,"['false', 'pants-fire']",2,True
"Says Donald Trump ""said illegal immigration has been a problem in America for 'thousands of years.' """,false,false,"['false', 'pants-fire']",2,True
"In-state tuition available ""for non-U.S. citizens after three years … veterans have to wait five years.""",mostly-false,false,"['mostly-true', 'half-true', 'mostly-false', 'false', 'pants-fire']",5,True
"The 2013 immigration bill ""expanded President Obama’s ability to bring Syrian refugees to this country without mandating any meaningful background checks.""",false,false,"['mostly-false', 'false']",2,True
"""President Obama in November of last year wiped away (a program) that allows for shared fingerprinting for those who are behind bars so you know who is here legally and illegally.""",half-true,false,"['half-true', 'mostly-false', 'false']",3,True
"""National Guard storms Mexico border, makes game-changing impact in just 30 days""",mostly-true,mostly-true,"['true', 'mostly-true', 'half-true', 'mostly-false', 'false']",5,True
"Democrats ""want virtual immunity for illegal aliens who have created horrible crimes and murder.""",false,false,"['mostly-false', 'false']",2,True
"""We proudly handed the Biden administration the most secure border in history. All they had to do was keep this smooth-running system on autopilot.”",mostly-false,false,"['half-true', 'mostly-false', 'false', 'pants-fire']",4,True
"In 2006, Arizona had four ballot issues that were ""very tough on illegal immigration... Forty-seven percent of the Hispanics in Arizona voted for them.""",mostly-false,false,"['mostly-false', 'false']",2,True
"Says Marco Rubio ""went on Univision, and in Spanish he promised that he would not on the first day in office rescind President Obama's illegal executive action.""",half-true,false,"['true', 'mostly-true', 'half-true', 'mostly-false', 'false', 'pants-fire']",6,True
"""We admit more than 100,000 lifetime migrants from the Middle East each year.""",mostly-true,false,"['mostly-true', 'half-true', 'mostly-false', 'false']",4,True
"Says the Potomac River ""has gotten dirtier and dirtier and dirtier and dirtier. I go down there and that litter is left almost exclusively by immigrants.""",pants-fire,false,"['mostly-false', 'false', 'pants-fire']",3,True
A group of 32 armed Venezuelans took over an apartment building in Chicago.,false,false,"['false', 'pants-fire']",2,True
"""The U.S. Census believes that by 2030 the majority of Americans will use Spanish as their first language.""",pants-fire,false,"['mostly-false', 'false', 'pants-fire']",3,True
"Says President Dwight Eisenhower ""moved 1.5 million illegal immigrants out of this country.""",half-true,false,"['mostly-false', 'false', 'pants-fire']",3,False
"""Republicans just voted in the House Judiciary Committee to allow Trump to DEPORT U.S. citizens to a foreign country.""",mostly-false,false,"['mostly-false', 'false', 'pants-fire']",3,True
"""FEMA is out of money and doesn't have money to transfer to those people affected by the hurricane ... they used the money to assist illegal immigrants.""",false,false,"['mostly-false', 'false']",2,True
The Trump administration “built nearly 500 miles of border wall.”,half-true,false,"['half-true', 'mostly-false', 'false', 'pants-fire']",4,True
"Among Syrian refugees and migrants coming into Europe, ""there look like very few women. Very few children.""",false,false,"['mostly-false', 'false', 'pants-fire']",3,True
"""The debate on securing our border can't be measured in partisan jabs. It has to be measured in the human toll caused by porous borders: 1/3 migrant women are sexually assaulted;  7/10 migrants are victims of violence; 20k migrant children were illegally smuggled last month.""",mostly-false,false,"['mostly-true', 'half-true', 'mostly-false', 'false', 'pants-fire']",5,True
"""Current immigration policy imposes as much as $300 billion annually in net fiscal costs on U.S. taxpayers.""",half-true,false,"['half-true', 'mostly-false', 'false', 'pants-fire']",4,True
"“America now has a government that forbids border agents from using deadly force, but is training IRS agents to use SWAT-team tactics on law-abiding citizens.”",false,false,"['mostly-false', 'false', 'pants-fire']",3,True
"“Communicable diseases like HIV and TB (tuberculosis) have skyrocketed” after Haitian migrants came to Springfield, Ohio.",mostly-false,false,"['mostly-false', 'false', 'pants-fire']",3,True
"Undocumented drivers ""have protections that US citizens don’t receive under Green light bill.""",false,false,"['half-true', 'mostly-false', 'false', 'pants-fire']",4,True
"The Trump administration has granted amnesty to ""nearly 100,000 'Dreamers' """,mostly-true,false,"['half-true', 'mostly-false', 'false', 'pants-fire']",4,False
Obama ad contends that John McCain endorses Rush Limbaugh's comments about immigration.,pants-fire,false,"['mostly-false', 'false', 'pants-fire']",3,True
"""Almost half a million people are still eligible (for DACA), particularly in the Asian-American and Pacific Islander community.""",true,true,"['true', 'mostly-true', 'half-true', 'mostly-false', 'false', 'pants-fire']",6,True
Biden’s strategy is to “get as many illegals in the country as possible” and “legalize them to create a permanent majority.”,false,false,"['mostly-false', 'false', 'pants-fire']",3,True
"""Fact: Over 90,000 kids were detained under Obama. And no one cared.""",mostly-false,false,"['true', 'mostly-true', 'half-true', 'mostly-false', 'false', 'pants-fire']",6,True
“Biden has implemented a formal policy that illegal aliens who intrude into the United States are granted immunity from deportation.”,false,false,"['mostly-false', 'false', 'pants-fire']",3,True
“Joe Biden flew hundreds of thousands of illegals into Florida last year.”,false,false,"['half-true', 'mostly-false', 'false', 'pants-fire']",4,True
“California has six extra” congressional representatives “because illegals are counted” in the census.,mostly-false,false,"['mostly-false', 'false', 'pants-fire']",3,True
"""We took a deal to the president just last February, less than a year ago -- $25 billion over 10 years in border security done the right way - and the president blew up the deal.""",mostly-true,false,"['true', 'mostly-true', 'half-true', 'mostly-false', 'false', 'pants-fire']",6,True
"""Forty percent of the undocumented workers in this country"" entered the U.S. legally and ""overstayed their visa.""",mostly-true,true,"['true', 'mostly-true', 'half-true']",3,True
"Says ""there’s 400,000"" anchor babies born in the United States a year, which are ""individuals coming to our country and having their children so their children can be U.S. citizens.""",mostly-false,false,"['half-true', 'mostly-false', 'false']",3,True
"“Biden’s plan will immediately let in 25,000 asylum-seekers who’d been waiting in Mexico as their cases were judged.”",mostly-false,false,"['mostly-false', 'false']",2,True
"""Just on the issue of immigration alone, it is next to impossible to find a policy difference between (Donald) Trump and Congressman (Joe) Heck.""",false,false,"['mostly-true', 'half-true', 'mostly-false', 'false', 'pants-fire']",5,True
"Says Texas has ""had over 600,000 crimes committed by illegals since 2011. Over 1,200 homicides.""",pants-fire,false,"['mostly-false', 'false', 'pants-fire']",3,True
"""Mexico’s Next President Calls for An Invasion Of The US""",pants-fire,false,"['false', 'pants-fire']",2,True
"In the 2014 elections, ""the American people overwhelmingly said we don't want Obamacare … and we don't want amnesty.""",false,false,"['half-true', 'mostly-false', 'false', 'pants-fire']",4,True
"""We know from ... the federal data, that they only stop or apprehend one out of four illegal people crossing our border.""",mostly-false,false,"['half-true', 'mostly-false', 'false', 'pants-fire']",4,True
"In 2005 or 2006 U.S. Sen. Chuck Schumer ""voted for the wall.""",half-true,false,"['half-true', 'mostly-false', 'false']",3,True
"""The mayor said … 'if you happen to be in this country in an undocumented status . . . then we welcome you here.  We want you here.  We'll protect you here.' """,true,true,['true'],1,True
"“Human trafficking and drugs” at the Mexico border have “doubled, tripled and quadrupled” since Joe Biden became president.",false,false,"['mostly-false', 'false', 'pants-fire']",3,True
"""We are watching, you know, millions of illegal immigrants cross our borders, and many of them voting in the past election that's what, just a couple weeks ago.""",pants-fire,false,"['false', 'pants-fire']",2,True
"""Joe Biden's wide open southern border"" is to blame for fentanyl deaths in the U.S.",false,false,"['mostly-false', 'false', 'pants-fire']",3,True
"""With the exception of slavery and the Chinese Exclusion Act, our laws have never barred persons from becoming citizens.""",mostly-true,false,"['half-true', 'mostly-false', 'false', 'pants-fire']",4,False
"Georgia has ""more illegal aliens than the state of Arizona.""",true,false,"['mostly-false', 'false', 'pants-fire']",3,False
"""Trump’s DHS secretary confirms they are preparing to arrest sanctuary city leaders.""",mostly-false,false,"['half-true', 'mostly-false', 'false']",3,True
Says Maxine Waters said Trump supporters are “not welcome here” and “we must welcome everyone who crosses our borders.”,mostly-false,false,"['mostly-false', 'false', 'pants-fire']",3,True
"""President Barack Obama has deported more people in his first year in office than George W. Bush in his last year in office.""",mostly-true,mostly-true,"['true', 'mostly-true', 'half-true', 'mostly-false', 'false']",5,True
"“In sanctuary cities, local officials order police to release dangerous criminal aliens to prey upon the public instead of handing them over to ICE to be safely removed.”",mostly-false,false,"['mostly-true', 'half-true', 'mostly-false', 'false', 'pants-fire']",5,True
"Mexico receives ""approximately $24 billion a year in remittances from Mexican nationals working in the United States. The majority of that amount comes from illegal aliens.""",half-true,false,"['half-true', 'mostly-false', 'false', 'pants-fire']",4,True
"Department of Homeland Security Secretary Alejandro Mayorkas' border policy is ""personally responsible"" for fentanyl crossing the border",false,false,"['half-true', 'mostly-false', 'false', 'pants-fire']",4,True
"""Studies have shown Latinos are more than 40 percent less likely to call 911 when they have been a victim of a crime.""",mostly-true,false,"['true', 'mostly-true', 'half-true', 'mostly-false', 'false']",5,True
“Most Americans favor keeping Title 42 in place.”,half-true,false,"['mostly-true', 'half-true', 'mostly-false', 'false', 'pants-fire']",5,True
"“Over 10 million people have come across the border with no vetting, no plan, and no path” during Biden’s presidency.",false,false,"['mostly-false', 'false', 'pants-fire']",3,True
"""We have a legal immigration system in America that accepts 1 million people a year, legally. No other country in the world even comes close to that.""",mostly-true,false,"['mostly-true', 'half-true', 'mostly-false', 'false', 'pants-fire']",5,True
"The Biden administration “halted deportations for all illegal aliens — murderers, rapists, terrorists, MS-13 gang members are not being deported.""",false,false,"['mostly-false', 'false', 'pants-fire']",3,True
"While in Congress, Nathan Deal was a leader when it came to protecting our borders.",mostly-true,mostly-true,"['true', 'mostly-true', 'half-true', 'false']",4,True
"Says President Donald Trump is ""talking about exterminating Latinos.""",pants-fire,false,"['mostly-false', 'false', 'pants-fire']",3,True
"In New York City “local elections, illegal immigrants can vote.”",false,false,['false'],1,True
"Sen. Joe Manchin ""stands with Hillary Clinton and D.C. Dems on gun control, higher taxes, amnesty, and Planned Parenthood.""",half-true,false,"['mostly-true', 'half-true', 'mostly-false', 'false', 'pants-fire']",5,True
"""I have sent over $400 million to the border of Mexico in the form of Texas Ranger recon teams.""",mostly-false,false,"['mostly-false', 'false', 'pants-fire']",3,True
Says the nation is locked down and there’s “a wide open border.”,false,false,"['mostly-false', 'false', 'pants-fire']",3,True
President Donald Trump signed an executive order for “a total border shutdown with no set reopening date” on July 1.,false,false,"['false', 'pants-fire']",2,True
"""Last year, out of the 500,000 (in) population growth we had in the state of Texas, about 250,000 of the 500,000 came to Texas... from the other 49 states.""",half-true,false,"['mostly-true', 'half-true', 'mostly-false', 'false', 'pants-fire']",5,True
"“Kamala Harris has promised amnesty for the 10 million illegals she allowed in as border czar, making them eligible for Social Security. Studies warn this will lead to cuts in your Social Security benefits.""",false,false,"['mostly-false', 'false', 'pants-fire']",3,True
"Says Gov. Rick Perry has been ""begging"" for the federal government to send the Coast Guard to patrol two lakes on the U.S.-Mexico border.",false,false,"['half-true', 'mostly-false', 'false', 'pants-fire']",4,True
"""American voters remain steadfast in their support for immigration reform with a path to citizenship, with more than 70 percent who want to see reform passed this year.""",half-true,mostly-true,"['true', 'mostly-true', 'half-true', 'false']",4,True
"For immigrants with visa overstays, ""we make no effort to hold them accountable to that or uphold the law.""",half-true,false,"['half-true', 'mostly-false', 'false', 'pants-fire']",4,True
The U.S. Supreme Court decided in 1982 that non-citizen children must get free K-12 education.,true,false,"['mostly-false', 'false']",2,False
“BREAKING – A large convoy of trucks just breached the U.S. border patrol checkpoint in Arizona.”,false,false,"['false', 'pants-fire']",2,True
"The 2010 DREAM Act failed despite ""strong bipartisan support.""",mostly-false,false,"['half-true', 'mostly-false', 'false', 'pants-fire']",4,True
“ICE has released the tip hotline to turn in illegal immigrants. They paying $750 for each illegal immigrant.”,false,false,"['false', 'pants-fire']",2,True
"Says President Barack Obama promised a ""pathway to citizenship"" to undocumented immigrants and ""didn't deliver jack squat on any of it.""",mostly-true,false,"['mostly-true', 'half-true', 'mostly-false', 'false', 'pants-fire']",5,True
"""Congressman Cicilline, when he was the mayor of Providence, espoused a sanctuary city.""",false,false,"['mostly-false', 'false']",2,True
Martha's Vineyard declared itself as a sanctuary city until the buses arrived.,half-true,false,"['half-true', 'mostly-false', 'false', 'pants-fire']",4,True
"Says Donald Trump ""used undocumented labor to build the Trump Tower.""",true,false,"['mostly-false', 'false']",2,False
"Says former President Barack Obama ""took similar action against Cuban refugees"" as President Donald Trump did in his executive order.",false,false,"['half-true', 'mostly-false', 'false', 'pants-fire']",4,True
“BREAKING: Rep. Maxine Waters calls for the United States to grant citizenship to every undocumented protester in Los Angeles” 2025 protests.,false,false,"['mostly-false', 'false', 'pants-fire']",3,True
Joe Biden’s immigration order limiting asylum is “pro-child trafficking.”,false,false,"['mostly-false', 'false', 'pants-fire']",3,True
"""A majority of the candidates on this stage have supported amnesty ... I have never supported amnesty.""",mostly-true,false,"['half-true', 'mostly-false', 'false', 'pants-fire']",4,False
"""Law enforcement in the state of Arizona supports"" the state's new immigration law.",half-true,half-true,"['mostly-true', 'half-true', 'mostly-false', 'false']",4,True
"""Evidence surfaces of Vatican funding caravans targeting America with cash.""",false,false,"['false', 'pants-fire']",2,True
President Joe Biden’s immigration policy was “a giant voter importation scam.”,pants-fire,false,"['mostly-false', 'false', 'pants-fire']",3,True
"""Democrats let him (cop killer Luis Bracamontes) into our country,"" and ""Democrats let him stay.""",pants-fire,false,"['mostly-false', 'false', 'pants-fire']",3,True
Immigrants illegally in the country are treated “better than military veterans.”,false,false,"['false', 'pants-fire']",2,True
"Says Marco Rubio ""opposes immigration reform. Worse, Rubio supports Donald Trump. His plan would deport 800,000 children, destroying families.""",half-true,false,"['half-true', 'mostly-false', 'false', 'pants-fire']",4,True
"Says there’s ""never (been) so many apprehensions ever in our history.""",false,false,"['false', 'pants-fire']",2,True
"""Senate report admits Clinton ‘gifted’ children to human traffickers""",false,false,"['false', 'pants-fire']",2,True
"Says Ted Cruz supports ""legalizing people who are in this country illegally.""",mostly-false,false,"['half-true', 'mostly-false', 'false', 'pants-fire']",4,True
"""Comprehensive immigration reform, the bill we had back in 2013 ... brought the debt down $158 billion.""",half-true,half-true,"['true', 'mostly-true', 'half-true', 'mostly-false', 'false']",5,True
Georgia crackdown on illegal immigration costs state farmers $400 million last year.,mostly-false,mostly-false,"['mostly-true', 'half-true', 'mostly-false', 'false', 'pants-fire']",5,True
"""If you were a Muslim, you could come in, if you were a Christian, it was impossible.""",false,false,"['mostly-false', 'false', 'pants-fire']",3,True
President Joe Biden announced tax incentives for families willing to take in migrants in a new “Housing for Labor” initiative.,false,false,['false'],1,True
"""Under Mayor Cicilline, [Providence] was a sanctuary city.""",false,false,"['mostly-false', 'false']",2,True
"Says he ""passed"" eight measures, including ones to prevent groping at airport security checks and to bar ""sanctuary"" cities in Texas.",half-true,false,"['mostly-true', 'half-true', 'mostly-false', 'false', 'pants-fire']",5,True
"""Many of the people in DACA, no longer very young, are far from ‘angels.’ Some are very tough, hardened criminals.""",false,false,"['half-true', 'mostly-false', 'false', 'pants-fire']",4,True
"""Congress quietly repealed the McCarran Warner Act of 1952 forbidding Muslims from holding office.""",false,false,['false'],1,True
"""Congress only funded half the wall"" between Mexico and the United States.",mostly-true,half-true,"['mostly-true', 'half-true', 'mostly-false', 'false']",4,True
"""We have that program where immigrants come here and they have to bring a million dollars in order to get a green card if they’re going to create jobs.""",mostly-false,false,"['mostly-true', 'half-true', 'mostly-false', 'false', 'pants-fire']",5,True
"Says if a Florida bill (HB 697) punishing sanctuary cities becomes law ""it will be the only law of its kind in the nation.""",mostly-true,true,"['true', 'mostly-false', 'false']",3,False
Says Gov. Andrew Cuomo and Democratic lawmakers are “granting free tuition to illegal immigrants while closing Excelsior Scholarship applications to citizen students.”,mostly-false,false,"['half-true', 'mostly-false', 'false']",3,True
"“More than 200,000 DACA recipients are essential infrastructure workers” including “41,700 DACA recipients in the healthcare industry”",mostly-true,true,"['true', 'mostly-true', 'half-true', 'false']",4,True
"President Barack Obama ""said over 20 times he did not have the legal authority"" to act as he did on immigration.",mostly-true,false,"['true', 'mostly-true', 'half-true', 'mostly-false', 'false', 'pants-fire']",6,True
"""ICE is required to fill 34,000 beds with detainees every single night and that number has only been increasing since 2009.""",false,false,"['mostly-false', 'false', 'pants-fire']",3,True
"""The federal government has not engaged in (border security) at all.""",pants-fire,false,"['mostly-false', 'false', 'pants-fire']",3,True
"Says a 2007 immigration bill “was opposed by (the League of United Latin American Citizens), the largest Latino organization in America. The Southern Poverty Law Center called its guest-worker programs akin to slavery. … And you know who voted with me on that one, Joe? Barack Obama.”",half-true,false,"['true', 'mostly-true', 'half-true', 'mostly-false', 'false', 'pants-fire']",6,True
"There is ""no system to vet"" refugees from the Middle East.",false,false,"['half-true', 'mostly-false', 'false']",3,True
Craigslist ad was “recruiting people for LA ‘protests.’”,false,false,"['false', 'pants-fire']",2,True
"""So the number on DACA is 800,000, but every one person can bring in their entire extended family once they reach a certain status. So it's 3 or 4 million, right?""",false,false,"['half-true', 'mostly-false', 'false', 'pants-fire']",4,True
"""We’ve had about 3,000 murders"" in connection with lax border security.",pants-fire,false,"['mostly-false', 'false', 'pants-fire']",3,True
"""Ronald Reagan did amnesty.""",true,true,"['true', 'false']",2,True
"Says Donald Trump promised to repeal Obamacare, build a wall, ban Muslims, and more.",mostly-true,false,"['true', 'mostly-true', 'half-true', 'mostly-false', 'false', 'pants-fire']",6,True
"""By some estimates, as few as 2 percent of the 50,000 (Central American) children who have crossed the border illegally this year have been sent home.""",mostly-true,half-true,"['true', 'mostly-true', 'half-true', 'mostly-false', 'false', 'pants-fire']",6,True
"Says his administration has made ""progress"" on border enforcement by ""putting more boots on the southern border than at any time in our history and reducing illegal crossings to their lowest levels in 40 years.""",half-true,false,"['true', 'mostly-true', 'half-true', 'mostly-false', 'false', 'pants-fire']",6,True
A bill from U.S. Rep. Ted Yoho attempts to restrict the administration's ability to conduct national security and criminal background checks on undocumented immigrants.,half-true,false,"['true', 'mostly-true', 'half-true', 'mostly-false', 'false', 'pants-fire']",6,True
"""Police officers in this state have that right,"" to check the immigration status of people they arrest.",true,true,['true'],1,True
"""Existing law right now requires 700 miles of double-layered border fencing"" on the Mexico border.",false,false,"['half-true', 'mostly-false', 'false']",3,True
"""What the Arizona law does is make a state crime out of something that already is... a federal crime.""",mostly-true,true,"['true', 'mostly-true', 'half-true', 'false']",4,True
"In 2011, Carlos López-Cantera ""staunchly supported"" a Florida bill modeled after Arizona’s immigration law",mostly-false,false,"['true', 'mostly-true', 'half-true', 'mostly-false', 'false', 'pants-fire']",6,True
Says Obama broke his promise to offer a comprehensive immigration bill in his first year.,true,false,"['mostly-false', 'false']",2,False
"""I have watched ICE liberate towns from the grasp of MS-13.""",false,false,"['mostly-false', 'false', 'pants-fire']",3,True
"""President Donald Trump signed DEPLOYMENT ORDERS for the 82nd Airborne Division of the United States Army, instructing them to deploy from Ft. Bragg, NC, to the U.S. southern border at Mexico.""",false,false,"['mostly-false', 'false', 'pants-fire']",3,True
"""Since the day of my election, we've already cut illegal immigration at the southern border by 61 percent.""",mostly-true,false,"['true', 'mostly-true', 'half-true', 'mostly-false', 'false']",5,True
"""I deployed the Texas National Guard"" to the Texas-Mexico border. ""And the policy worked; apprehensions at the border declined 74 percent.""",mostly-false,false,"['true', 'mostly-true', 'half-true', 'mostly-false', 'false', 'pants-fire']",6,True
“This is the era where people are given smartphones when they cross the border and enter our country.”,half-true,false,"['mostly-false', 'false', 'pants-fire']",3,False
"""The Obama Administration agreed to take thousands of illegal immigrants from Australia.""",half-true,false,"['mostly-false', 'false', 'pants-fire']",3,False
"“Here in Nevada, the DMV registers everybody (to vote) and so that means illegals. They don’t check.”",false,false,"['mostly-false', 'false', 'pants-fire']",3,True
"Says Hillary Clinton ""wants to increase Syrian refugees to this country by 550 percent.""",true,false,"['mostly-false', 'false']",2,False
"""ICE has not deported or detained one white illegal immigrant.""",false,false,"['false', 'pants-fire']",2,True
"""Illegal aliens cost the state of Rhode Island $400 million a year.""",pants-fire,false,"['mostly-false', 'false', 'pants-fire']",3,True
"Says Section 1325 of U.S. immigration law was ""put into place in 1929, by a segregationist.""",mostly-true,false,"['half-true', 'mostly-false', 'false', 'pants-fire']",4,False
"""The overall fact about illegal immigration is that it's not actually getting worse.""",true,true,"['true', 'mostly-true', 'half-true', 'mostly-false', 'false']",5,True
"""As of 2014, illegal aliens made up roughly 3.5 percent of our population, and committed over 10 percent of all murders.""",mostly-false,false,"['mostly-false', 'false', 'pants-fire']",3,True
"As Florida secretary of state, Kurt Browning ""allowed 1,800 illegal voters to register in Florida.""",pants-fire,false,"['mostly-false', 'false', 'pants-fire']",3,True
"Undocumented students who qualify for in-state Oregon tuition are ""actively working toward U.S. citizenship.""",mostly-false,false,"['half-true', 'mostly-false', 'false', 'pants-fire']",4,True
"""The spillover violence (from Mexico) in Texas is real and it is escalating.""",mostly-false,mostly-false,"['true', 'mostly-true', 'half-true', 'mostly-false', 'false', 'pants-fire']",6,True
"A Donald Trump supporter held a sign at his rally ""mocking a dead migrant child.""",false,false,"['mostly-false', 'false']",2,True
"""Every month, another 50,000 U.S.-born Hispanics turn 18 and become eligible to vote.""",mostly-true,true,"['true', 'mostly-true', 'half-true', 'mostly-false', 'false']",5,True
"""She is the only candidate who has stood by our community and immigration reform from the beginning.""",mostly-false,false,"['true', 'mostly-true', 'half-true', 'mostly-false', 'false', 'pants-fire']",6,True
"""Every president since Eisenhower has taken executive action to address immigration issues.""",mostly-true,true,"['true', 'false']",2,False
"Ketanji Brown Jackson has ""a weak record — defund police, abolish ICE and now a completely open border policy.""",pants-fire,false,"['mostly-false', 'false', 'pants-fire']",3,True
"""Hispanic entrepreneurs, those who have immigrated from Spanish-speaking countries, often start three times as many businesses as white males.""",mostly-true,mostly-true,"['true', 'mostly-true', 'half-true', 'mostly-false', 'false', 'pants-fire']",6,True
"Says U.S.-Mexico border has ""1 million legal border crossings each and every day.""",mostly-true,half-true,"['true', 'mostly-true', 'half-true', 'mostly-false', 'false']",5,True
"Says ""2,267 caravan invaders have tuberculosis, HIV, chickenpox and other health issues""",mostly-false,false,"['mostly-false', 'false']",2,True
"“Just for the record, the Biden Administration IS separating children and parents.”",false,false,"['mostly-false', 'false', 'pants-fire']",3,True
"Says ""56 percent of (the U.S.-Mexico) border is not under our control.""",half-true,false,"['half-true', 'mostly-false', 'false', 'pants-fire']",4,True
"On Donald Trump’s plan to cut federal funding to sanctuary cities, ""because of a decision by the Supreme Court, no president's in a position to cut off funding across the board. It has to be very specific to the matter at hand.""",mostly-true,false,"['true', 'mostly-true', 'half-true', 'mostly-false', 'false', 'pants-fire']",6,True
"""Donald Trump’s been completely consistent"" about his plan for nonviolent undocumented immigrants.",false,false,"['mostly-false', 'false', 'pants-fire']",3,True
"Says Barack Obama ""has deported more people than any other president in this country's history.""",half-true,false,"['false', 'pants-fire']",2,False
"""NAFTA allows a lot of trucks from Mexico, for example, to leave there and ... drive straight through without even being inspected.""",mostly-false,false,"['mostly-true', 'half-true', 'mostly-false', 'false', 'pants-fire']",5,True
"Says Michelle Nunn is ""for amnesty.""",mostly-false,false,"['mostly-true', 'half-true', 'mostly-false', 'false', 'pants-fire']",5,True
"Says ""72% of refugees admitted into U.S. (2/3 -2/11) during COURT BREAKDOWN are from 7 countries: SYRIA, IRAQ, SOMALIA, IRAN, SUDAN, LIBYA & YEMEN.""",mostly-true,false,"['mostly-true', 'half-true', 'mostly-false', 'false', 'pants-fire']",5,True
"“Kamala Harris wants to give $25,000 to illegal aliens to buy American homes.”",false,false,"['mostly-false', 'false', 'pants-fire']",3,True
"The Senate immigration bill ""has immediate legalization ... and the border security is sometime in the future, and just like in 1986, it's designed never to come into being.""",mostly-false,false,"['true', 'mostly-true', 'half-true', 'mostly-false', 'false', 'pants-fire']",6,True
"The federal government is sending refugees to states with governors who are ""Republicans, not to the Democrats.""",pants-fire,false,"['mostly-false', 'false', 'pants-fire']",3,True
"""This is the only state in the country that bypassed the General Assembly to authorize [in-state tuition for undocumented immigrants].""",true,false,"['mostly-false', 'false', 'pants-fire']",3,False
Ring is “alerting people about (Immigration and Customs Enforcement) raids.”,false,false,"['mostly-false', 'false']",2,True
"Says Barack Obama ""acknowledged over 20 times"" that his administration’s Deferred Action for Parents of Americans ""immigration edict was a violation of law and the separation of powers.""",mostly-false,false,"['half-true', 'mostly-false', 'false', 'pants-fire']",4,True
"There was ""an estimated $5.3 million of economic loss just for a few hours of shutting down the border. You’re talking about millions and millions of dollars — billions of dollars — of economic consequence, if we continue with this rhetoric around shutting down the border without considering what that means.""",mostly-true,mostly-true,"['true', 'mostly-true', 'half-true', 'mostly-false', 'false', 'pants-fire']",6,True
"""Apprehension rates at the southern border have plummeted since the 1980s, and apprehensions of Mexicans specifically have reached their lowest point in nearly half a century.""",mostly-true,true,['true'],1,False
"Says that in 2001, Rick Perry spoke favorably of binational health insurance between Mexico and Texas.",half-true,false,"['true', 'half-true', 'mostly-false', 'false', 'pants-fire']",5,True
“FEMA sent $59M LAST WEEK to luxury hotels in New York City to house illegal migrants… That money is meant for American disaster relief.”,false,false,"['mostly-false', 'false', 'pants-fire']",3,True
"""Most (immigrants) do show up in court.""",mostly-true,true,"['true', 'mostly-true', 'half-true', 'mostly-false', 'false']",5,True
"Romney said ""'No' to in-state tuition"" for illegal immigrants.",true,true,['true'],1,True
"Says illegal immigration is ""costing us $130 billion a year to house and feed and give benefits to people that shouldn’t be even in the country.""",mostly-false,false,"['half-true', 'mostly-false', 'false', 'pants-fire']",4,True
"Says Marco Rubio ""is the one for an open border.""",pants-fire,false,"['half-true', 'mostly-false', 'false']",3,False
"Says Jeb Bush ""happens to be where a majority"" of Republican voters are on giving legal status to illegal immigrants.",mostly-true,mostly-true,"['true', 'mostly-true', 'half-true', 'mostly-false', 'false']",5,True
"Says ""I disagreed"" with President Obama’s Secure Communities deportation program",half-true,true,"['true', 'mostly-true', 'false']",3,False
"""From the release of a child rapist from the Dominican Republican to that of an Italian drug smuggler, Philadelphians have already been put in direct danger by Mayor Kenney’s policy of blocking local law enforcement from participating with federal immigration authorities.""",mostly-false,false,"['mostly-true', 'half-true', 'mostly-false', 'false', 'pants-fire']",5,True
"Says Beto O’Rourke wants ""open borders and wants to take our guns.""",false,false,"['half-true', 'mostly-false', 'false', 'pants-fire']",4,True
"Donald Trump posted on Truth Social, “Only criminals carry guns on our streets, we need law and order.”",pants-fire,false,"['false', 'pants-fire']",2,True
The FBI admitted that Venezuela emptied its prisons and sent the inmates to the U.S.,false,false,"['false', 'pants-fire']",2,True
Says Joe Biden “is even talking about taking the wall down.”,false,false,"['mostly-false', 'false']",2,True
"""Nobody knows about it, nobody talks about it, but under Obama, millions of people have been moved out of this country, they've been deported.""",half-true,false,"['mostly-false', 'false', 'pants-fire']",3,False
"Says Donald Trump hired illegal workers ""from Poland and he had to pay a million dollars or so in a judgment.""",half-true,false,"['half-true', 'mostly-false', 'false']",3,True
"When Haitians go to school in Springfield, Ohio, they “take the place of our children in school” and “each one will have a private interpreter.""",false,false,"['mostly-false', 'false', 'pants-fire']",3,True
“The family separation policy actually began under the Obama administration.”,false,false,"['mostly-false', 'false', 'pants-fire']",3,True
"In New York, there are no barriers to law enforcement to work with the federal government on immigration laws, and there are 100 crimes where migrants can be handed over.",mostly-false,false,"['mostly-true', 'half-true', 'mostly-false', 'false', 'pants-fire']",5,True
“Fewer people came in under President Biden than came under Donald Trump.”,false,false,"['mostly-false', 'false', 'pants-fire']",3,True
Workers who pick produce in Georgia’s fields can make $12 to $18 an hour.,half-true,half-true,"['mostly-true', 'half-true', 'mostly-false', 'false']",4,True
"""Somebody in the Obama regime decided to get rid of"" the citizenship question in the census.",false,false,"['mostly-false', 'false']",2,True
"Under current U.S. immigration policy, ""literally one person with a green card"" can, in the extreme, bring in more than 270 of his relatives.",false,false,"['mostly-false', 'false', 'pants-fire']",3,True
"“Illegal” Haitians in Springfield, Ohio, are “reportedly killing and eating pets.”",pants-fire,false,"['false', 'pants-fire']",2,True
"Mexican government officials ""hand out brochures showing individuals how they can avoid our Border Patrol, how they can get into our country.""",mostly-false,false,"['mostly-true', 'half-true', 'mostly-false', 'false', 'pants-fire']",5,True
"Some 8.1 million of the estimated 11 million to 12 million people ""in this country illegally are working.""",mostly-true,false,"['mostly-true', 'half-true', 'mostly-false', 'false', 'pants-fire']",5,True
"“Due to the arrangements that I've reached with (Mexico) President Obrador, the number of migrants coming … to our shared border unlawfully in recent months has dropped dramatically.”",mostly-true,mostly-true,"['true', 'mostly-true', 'half-true', 'mostly-false', 'false']",5,True
"Says Sen. Bob Casey, D-Pa., “is trying to change the outcome of the election by counting NON-CITIZEN votes.”",false,false,"['mostly-false', 'false', 'pants-fire']",3,True
Says Madison and Milwaukee County both carry sanctuary status for illegal immigrants and  released undocumented immigrants who have committed multiple crimes including sexual assault of a child,half-true,false,"['half-true', 'mostly-false', 'false', 'pants-fire']",4,True
"""Hundreds of thousands of (illegal immigrants are) going to state and federal penitentiaries.""",mostly-false,false,"['mostly-false', 'false', 'pants-fire']",3,True
"""But for immigrants, we would have a contracting population...""",mostly-false,false,"['half-true', 'mostly-false', 'false', 'pants-fire']",4,True
"""How do Jeb Bush and Donald Trump differ on immigration? Spoiler alert: They don't.""",mostly-false,false,"['half-true', 'mostly-false', 'false', 'pants-fire']",4,True
"Says 642,000 crimes were committed against Texans by criminal immigrants in a recent seven-year period.",false,false,"['mostly-false', 'false', 'pants-fire']",3,True
Rep. Ruben Gallego’s “first act in Congress was to propose legislation to BAN the use of the term ‘illegal alien.’”,false,false,"['mostly-false', 'false', 'pants-fire']",3,True
"""Just last May, the Department of Justice inspector general found that these (‘sanctuary city’) policies also violate federal law.""",mostly-false,false,"['half-true', 'mostly-false', 'false', 'pants-fire']",4,True
"Says Erv Nelson voted ""yes on the pro-amnesty SJR 21, a bill urging Congress to provide citizenship for those residing illegally in our country.""",mostly-true,false,"['true', 'mostly-true', 'half-true', 'mostly-false', 'false', 'pants-fire']",6,True
"""Fall River, Massachusetts was not 'built by immigrants.' """,false,false,"['mostly-false', 'false', 'pants-fire']",3,True
"""We’re at the point of reaching 2 million deportations ... this is a historic level, more than any other president of the United States.""",half-true,false,"['true', 'half-true', 'mostly-false', 'false', 'pants-fire']",5,True
"With U.S. Customs and Border Protection’s CBP One app, it “takes less than 5 minutes and zero documentation to get approved as an illegal immigrant and be flown to the United States with air tickets paid for by the American taxpayer.”",false,false,"['mostly-false', 'false', 'pants-fire']",3,True
Donald Trump “never changed one immigration law.”,mostly-true,false,"['half-true', 'mostly-false', 'false', 'pants-fire']",4,False
"“Our government, wrongly, is saying if you’re born in this country you’re automatically an American citizen.”",false,false,"['mostly-false', 'false']",2,True
A document shows Minnesota shooting victim Renee Good had a record of child abuse.,false,false,"['false', 'pants-fire']",2,True
"At Guantánamo Bay, “we'll have the capacity to continue to do there what we've always done. We've always had a presence of illegal immigrants there that have been detained.”",half-true,false,"['half-true', 'mostly-false', 'false', 'pants-fire']",4,True
"Says a ""liberal"" immigration reform group endorsed his GOP primary opponent, Dave Brat.",false,false,"['half-true', 'mostly-false', 'false', 'pants-fire']",4,True
"""Texas medical professional: Migrants quarantined with UNKNOWN disease.""",false,false,"['false', 'pants-fire']",2,True
Rick Scott says he supported in-state tuition for Dreamers while Charlie Crist was against it.,half-true,false,"['half-true', 'mostly-false', 'false', 'pants-fire']",4,True
"Kamala Harris ""let in the 13,099 convicted murderers and opposes all efforts to find them and to remove them.""",false,false,"['mostly-false', 'false', 'pants-fire']",3,True
"""We saw the increases (of unaccompanied minors at the southern U.S. border) dating back almost a year.""",mostly-true,mostly-true,['mostly-true'],1,True
"Says Donald Trump promised ""the mass deportation of Latino families.""",half-true,false,"['half-true', 'mostly-false', 'false']",3,True
"I am ""the only candidate for lieutenant governor to oppose in-state tuition for illegal immigrants.""",false,false,"['mostly-true', 'half-true', 'mostly-false', 'false', 'pants-fire']",5,True
The U.S. State Department has started a special immigrants visa “evacuation operation.”,false,false,"['false', 'pants-fire']",2,True
"“There have now been 16 straight months of OVER 150,000 illegal border crossings.”",mostly-true,false,"['true', 'mostly-false', 'false']",3,False
"""@realDonaldTrump is coming to San Antonio, which is 60% Mexican-AMERICAN.""",mostly-true,false,"['true', 'mostly-true', 'half-true', 'mostly-false', 'false', 'pants-fire']",6,True
"Under ""his own legislation,"" Donald Trump's ""own family would not have been allowed into the country.""",half-true,false,"['mostly-true', 'half-true', 'mostly-false', 'false', 'pants-fire']",5,True
"""Last year,"" Obama ""administration officials released into our neighborhoods more than 36,000 criminal immigrants who had nearly 88,000 convictions. The crimes included hundreds of convictions for murder, rape and kidnapping and thousands of drug-related crimes.""",half-true,false,"['true', 'mostly-true', 'half-true', 'mostly-false', 'false', 'pants-fire']",6,True
"Says ""Nancy Pelosi came out in favor of MS-13.""",false,false,"['mostly-false', 'false']",2,True
