statement,true_verdict,predicted_verdict,prediction_set,set_size,is_covered
"""In New York State, Democrats blocked a Bill expanding College Tuition for Gold Star families after approving aid for illegal immigrants.""",true,false,"['false', 'mostly-false', 'half-true', 'pants-fire']",4,False
"""We've got 40 years of study now that show that, with a good preschool start, you're less likely to be on public dole, you're less likely to be in prison.""",mostly-true,mostly-true,"['mostly-true', 'half-true', 'mostly-false', 'true', 'false']",5,True
"It is a myth that Florida's education legislation was ""negotiated in secret.""",false,mostly-false,"['mostly-false', 'false', 'half-true', 'pants-fire', 'mostly-true', 'true']",6,True
"Common Core means ""there are over 300 data elements the government is going to be collecting about your children and about you.""",mostly-false,false,"['false', 'mostly-false', 'half-true', 'pants-fire', 'true']",5,True
"As state treasurer, Alexi Giannoulias ""lost $73 million in our kids’ college savings.""",half-true,false,"['false', 'mostly-false', 'pants-fire', 'half-true']",4,True
"""Texas’ high school graduation rate went from 27th in the country in 2002, to second highest in the country in 2013.""",mostly-false,false,"['false', 'mostly-false', 'half-true', 'pants-fire', 'mostly-true', 'true']",6,True
"""Under Pat McCrory, (North Carolina) has fallen to 41st in teacher pay.""",mostly-false,false,"['false', 'mostly-false', 'half-true', 'mostly-true', 'pants-fire', 'true']",6,True
"In his first meeting with University of Wisconsin System officials, Republican Governor elect Scott Walker told them to prepare for cuts.",false,false,"['false', 'mostly-false', 'half-true', 'mostly-true', 'pants-fire', 'true']",6,True
“Under Terry McAuliffe (there was a) record investment in education.”,mostly-false,mostly-true,"['mostly-true', 'half-true', 'true', 'mostly-false', 'false']",5,True
"""Research even shows that sending more girls to school can boost an entire country’s GDP.""",mostly-true,true,"['true', 'mostly-true', 'half-true']",3,True
"In 2011, Milwaukee Public Schools ""will provide 77 cents in employee benefits for every dollar it spends on wages.""",mostly-true,false,"['false', 'mostly-false', 'pants-fire', 'half-true']",4,False
"""Welders make more money than philosophers.""",false,false,"['false', 'mostly-false', 'pants-fire']",3,True
"Says Dan Forest has “missed almost half of the Board of Education meetings during the pandemic.""",true,half-true,"['half-true', 'false', 'mostly-false', 'mostly-true', 'pants-fire', 'true']",6,True
"Says Texas General Land Office ""has earned the school  children of Texas $451,932.89 on wind leases that haven't produced a  watt of energy.""",true,false,"['false', 'mostly-false', 'half-true', 'pants-fire', 'mostly-true', 'true']",6,True
"""The Legislature passed Gov. Walker’s so-called property tax relief bill,"" but the Republicans ""are still raising your property taxes.""",half-true,half-true,"['half-true', 'mostly-false', 'false', 'mostly-true', 'pants-fire', 'true']",6,True
"""The [Georgia] General Assembly took away the Atlanta Board of Education’s oversight of the superintendent.""",mostly-false,false,"['false', 'mostly-false', 'half-true', 'pants-fire', 'mostly-true', 'true']",6,True
"""In this country, we have a 25 percent dropout rate.""",half-true,false,"['false', 'mostly-false', 'half-true', 'pants-fire', 'mostly-true', 'true']",6,True
"Says that under Rick Perry’s plan, ""Texas has cut funding for public schools by 25%.""",mostly-true,false,"['false', 'mostly-false', 'half-true', 'pants-fire', 'mostly-true']",5,True
"""Americans spend 100-million hours a year filling out these forms (FAFSA). That is the equivalent of 55,500 full-time jobs.""",half-true,false,"['false', 'mostly-false', 'half-true', 'pants-fire', 'mostly-true', 'true']",6,True
Men “have the lowest college attainment rate ever.”,mostly-true,false,"['false', 'mostly-false', 'pants-fire', 'half-true']",4,False
"""By the time I left"" the State Department, ""economic growth was up and opium production was down"" in Afghanistan, while ""infant mortality declined"" and school enrollment rose by more than sevenfold.",mostly-true,half-true,"['half-true', 'mostly-true', 'mostly-false', 'false', 'true', 'pants-fire']",6,True
Opponent Glenn Hegar expressed pride in legislated cuts to public school funding.,true,false,"['false', 'mostly-false', 'half-true', 'mostly-true', 'pants-fire', 'true']",6,True
"""Some of our state's educational administrators joined the feds in seeking to mandate Arabic classes for Texas children.""",mostly-false,false,"['false', 'mostly-false', 'half-true', 'pants-fire', 'mostly-true']",5,True
"""The graduation rate in New York City has increased by 50 percent in 13 years""",true,false,"['false', 'mostly-false', 'half-true', 'pants-fire', 'true']",5,True
"""Welders are coming out of their tech schools at $28 an hour"" and ""pipefitters are making six figures.""",half-true,half-true,"['half-true', 'mostly-false', 'false', 'mostly-true', 'pants-fire', 'true']",6,True
"""There are literally teachers now who are getting pink slips"" because of sequestration.",mostly-false,half-true,"['half-true', 'mostly-false', 'false', 'mostly-true', 'pants-fire', 'true']",6,True
"""Right now, 50 percent of Florida students leaving high school cannot read at grade level.""",mostly-true,false,"['false', 'mostly-false', 'half-true', 'pants-fire', 'mostly-true', 'true']",6,True
"The cost to implement Florida's class size amendment so far has been ""$16 billion.""",true,false,"['false', 'mostly-false', 'half-true', 'pants-fire', 'true', 'mostly-true']",6,True
"""Missouri ranks 45th in the nation in per capita state fiscal support for higher education and Missouri State is last among Missouri schools.""",true,false,"['false', 'mostly-false', 'half-true', 'mostly-true', 'true', 'pants-fire']",6,True
"""Austin politicians want to cram more kids into classrooms so they don't have to make the tough decisions to balance the budget.""",mostly-false,false,"['false', 'mostly-false', 'half-true', 'pants-fire', 'mostly-true', 'true']",6,True
"Says Stacey Evans ""voted for (school) vouchers...in the beginning.""",half-true,half-true,"['half-true', 'mostly-true', 'false', 'mostly-false', 'true', 'pants-fire']",6,True
"Says cuts by Gov. Rick Perry's administration left ""12,000 teachers without a job.""",half-true,false,"['false', 'mostly-false', 'half-true', 'mostly-true', 'pants-fire', 'true']",6,True
"Says Gov. Scott Walker dropped out or was kicked out of college short of a degree ""not long after"" he was ""kicked out of student elections at Marquette University.""",false,false,"['false', 'mostly-false', 'half-true', 'mostly-true', 'pants-fire', 'true']",6,True
"“We watched Terry McAuliffe, when he was governor, lower the (accreditation) standards in our schools...”",mostly-true,mostly-false,"['mostly-false', 'half-true', 'false', 'mostly-true', 'pants-fire', 'true']",6,True
"""Fifty years ago, the average GM employee could pay for a year of a son or daughter’s college tuition on just two weeks wages.""",mostly-true,false,"['false', 'mostly-false', 'half-true', 'pants-fire']",4,False
"""New Jersey loses net, that is minus those who come into the state, 30,000 students a year.""",true,false,"['false', 'mostly-false', 'half-true', 'mostly-true', 'pants-fire', 'true']",6,True
Says student loan interest rates will double from 3.4 percent to 6.8 percent July 1.,mostly-true,false,"['false', 'mostly-false', 'half-true', 'true', 'pants-fire', 'mostly-true']",6,True
"Tim Kaine ""reduced higher education funding by 25 percent when he was governor, driving up tuition...""",mostly-true,false,"['false', 'mostly-false', 'pants-fire', 'half-true', 'true']",5,False
"""It turns out that Texas has an $18 billion budget shortfall and can't afford its new science textbooks.""",mostly-true,false,"['false', 'mostly-false', 'half-true', 'pants-fire', 'mostly-true', 'true']",6,True
"Kelly Ayotte ""voted for a budget that had $90 billion of cuts to Pell Grants.""",mostly-false,false,"['false', 'mostly-false', 'half-true', 'pants-fire', 'mostly-true', 'true']",6,True
"Under Scott Walker, Wisconsin ""moved from 16th to third in percentage of people with student loan debt.""",mostly-false,false,"['false', 'mostly-false', 'half-true', 'pants-fire', 'mostly-true', 'true']",6,True
"Says that over the past 20 years, Texas public school spending rose 142 percent and per-pupil spending more than tripled when adjusted for inflation.",mostly-false,false,"['false', 'mostly-false', 'half-true', 'mostly-true', 'pants-fire', 'true']",6,True
"""In West Virginia, we have 20,000 jobs in which we don’t have skilled workers.""",half-true,half-true,"['half-true', 'mostly-false', 'false', 'mostly-true', 'pants-fire', 'true']",6,True
"Says proponents of a bond package for the Austin school district say the district has the second-lowest bond tax rate ""among the Central Texas area school districts.""",half-true,half-true,"['half-true', 'mostly-true', 'mostly-false', 'false', 'true', 'pants-fire']",6,True
"""Today in America — a new study came out — 20 years out, whites who borrowed money, 94% of them have paid off their student loan debt; 5% of African Americans have paid it off.""",mostly-false,false,"['false', 'mostly-false', 'pants-fire']",3,True
"""For every one ESD superintendent position, we can pay for three speech pathologists, or three special needs instructors, or three classroom teachers.""",false,half-true,"['half-true', 'mostly-true', 'mostly-false', 'false', 'true', 'pants-fire']",6,True
"“As the State Department warned Mizzou in July 2019, and as I have repeatedly stated, (the Confucius Institute) presented security risks for students & university as a whole.”",mostly-false,half-true,"['half-true', 'mostly-false', 'false', 'mostly-true', 'pants-fire', 'true']",6,True
"Said Katie Hobbs “fought to” “prevent students from learning (about) the Pledge of Allegiance, Constitution, Mayflower Compact and Declaration of Independence.”",false,false,"['false', 'mostly-false', 'pants-fire', 'half-true']",4,True
Terry McAuliffe favors “taking the Pledge of Allegiance and the 4th of July out of the (school) curriculum.”,false,false,"['false', 'mostly-false', 'pants-fire']",3,True
"""Portland Schools spend $500K to deem PB&J sandwiches racist.""",pants-fire,false,"['false', 'pants-fire', 'mostly-false']",3,True
"Jason Carter backed three of Nathan Deal’s budgets but accuses the governor of ""underfunding education.""",true,half-true,"['half-true', 'mostly-true', 'mostly-false', 'false', 'true', 'pants-fire']",6,True
"Says Milwaukee blacks have 55 percent male unemployment, 60 percent truancy, a 50 percent graduation rate, the ""worst"" reading scores and ""lead"" in infant mortality.",half-true,false,"['false', 'mostly-false', 'half-true', 'pants-fire']",4,True
"""Collectively states are spending more on Medicaid than they do on K-12 education.""",true,false,"['false', 'mostly-false', 'half-true', 'pants-fire', 'mostly-true']",5,False
"Says ""by 4th grade, 86 percent of African-American boys and 82 percent (of) Hispanic boys are reading below proficiency levels.""",true,false,"['false', 'mostly-false', 'half-true', 'pants-fire', 'mostly-true']",5,False
We are seeing “the Justice Department treat American parents as domestic terrorists” under the Patriot Act.,false,false,"['false', 'mostly-false', 'pants-fire']",3,True
Say Portland Public Schools' central administration makes up less than 4 percent of the staff.,mostly-true,half-true,"['half-true', 'mostly-false', 'false', 'true', 'mostly-true', 'pants-fire']",6,True
"""Texas legislators have filed voucher proposals in every legislative session since 1995, but all of them have failed to become law.""",true,true,"['true', 'mostly-true', 'half-true', 'false']",4,True
"""We have one charter school that for seven years has been rated unacceptable.""",mostly-false,false,"['false', 'mostly-false', 'half-true', 'true', 'mostly-true', 'pants-fire']",6,True
"Emory University students were provided counseling after someone wrote ""Trump 2016"" in chalk on campus.",mostly-false,false,"['false', 'mostly-false', 'half-true', 'mostly-true', 'pants-fire', 'true']",6,True
"Says in Newark ""we’re paying 80 percent of the school budget from local property taxes.""",false,mostly-false,"['mostly-false', 'false', 'half-true', 'mostly-true', 'pants-fire', 'true']",6,True
"Race to the Top grants ""require participating states to adopt the Common Core standards as a condition for receiving federal funding.""",mostly-false,false,"['false', 'mostly-false', 'half-true', 'mostly-true', 'pants-fire', 'true']",6,True
"""Of our 98,000 teachers who are K-12, over 53,000 of those teachers today are over 50 years old.""",false,true,"['true', 'half-true', 'mostly-true', 'false', 'mostly-false', 'pants-fire']",6,True
"""In the 1980s, the state funded 68% of school expenses, and now the state’s share is 38%.""",half-true,false,"['false', 'mostly-false', 'half-true', 'pants-fire', 'true']",5,True
"""The Earth is 6,000 years old, that’s a fact.""",false,false,"['false', 'pants-fire']",2,True
Brown University student Mustapha Karbouch was a suspect in school shooting.,false,false,"['false', 'pants-fire', 'mostly-false']",3,True
"After enactment of the Republican tax bill, ""school teachers can no longer deduct the cost of their classroom supplies on their taxes.""",false,false,"['false', 'mostly-false', 'half-true', 'pants-fire', 'true']",5,True
"Ken Mercer ""wants Sean Hannity and James Dobson included in social studies texts.""",mostly-false,false,"['false', 'mostly-false', 'half-true', 'pants-fire', 'true', 'mostly-true']",6,True
"In Liberia, ""a girl is more likely to be married by 18 than to know how to read.""",mostly-false,false,"['false', 'mostly-false', 'pants-fire', 'half-true', 'true']",5,True
"""Some neighborhood schools are closing.""",mostly-true,mostly-false,"['mostly-false', 'false', 'half-true', 'mostly-true', 'true', 'pants-fire']",6,True
"""At Texas A&M University, only 49 out of 3,000 faculty members brought in enough money to pay for their salaries and overhead over the past five years.""",false,false,"['false', 'mostly-false', 'pants-fire', 'half-true', 'true', 'mostly-true']",6,True
Says the Texas State Board of Education is considering eliminating references to Christmas and the Constitution in textbooks.,pants-fire,false,"['false', 'mostly-false', 'pants-fire', 'half-true']",4,True
Says Georgia will send more state money per child to state charter schools and that budget cuts are not applied to those charter schools.,mostly-true,false,"['false', 'mostly-false', 'half-true', 'pants-fire', 'mostly-true', 'true']",6,True
"Common Core is being ""used by the Obama Administration to turn the Department of Education into what is effectively a national school board.""",false,false,"['false', 'mostly-false', 'half-true', 'pants-fire']",4,True
"""New data shows in-person learning isn't driving spikes in cases.""",true,false,"['false', 'mostly-false', 'half-true', 'pants-fire', 'true']",5,True
"Says Marco Rubio ""voted to slash school funding by billions of dollars and would eliminate the Department of Education.""",mostly-true,false,"['false', 'mostly-false', 'half-true', 'pants-fire', 'mostly-true']",5,True
"“Joe Biden wants to eliminate a regulation that requires school districts to report allegations of teacher on student rape, alleged rape, and sexual assault.”",false,false,"['false', 'mostly-false', 'pants-fire']",3,True
"Pending a federal waiver, the 2013 Legislature ""eliminated the overtesting of students in grades 3-8 by decreasing the number of tests from 17 to 8.""",half-true,mostly-false,"['mostly-false', 'half-true', 'false', 'mostly-true', 'true', 'pants-fire']",6,True
"""We are taking Virginia’s investment in public education to the highest level in the commonwealth’s history.""",mostly-false,half-true,"['half-true', 'mostly-true', 'mostly-false', 'false', 'true', 'pants-fire']",6,True
"""The numbers make it clear that Georgia voters are increasingly taking advantage of early voting opportunities.""",true,half-true,"['half-true', 'mostly-true', 'mostly-false', 'false', 'true', 'pants-fire']",6,True
"""40% of the folks who have student loans do not have a college diploma, four-year diploma. These are people who are truck drivers and who are nail technicians and nurses’ aides.”",true,false,"['false', 'mostly-false', 'half-true', 'mostly-true', 'pants-fire', 'true']",6,True
"Crist sent his ""top policy staffer to the House Committee to testify in support of the proposal,"" then vetoed the bill.",true,false,"['false', 'mostly-false', 'half-true', 'mostly-true', 'pants-fire', 'true']",6,True
Says Dan Forest wants to use tax dollars “to help rich people send their kids to private school using vouchers.”,half-true,half-true,"['half-true', 'false', 'mostly-false', 'mostly-true', 'true', 'pants-fire']",6,True
"Says Mitt Romney has said ""we don't need 'more firemen, more policemen, more teachers.' """,mostly-true,false,"['false', 'mostly-false', 'half-true', 'pants-fire', 'mostly-true', 'true']",6,True
"Wisconsin children are crossing ""condemned bridges in the middle of the winter to get to the school bus.""",half-true,false,"['false', 'mostly-false', 'pants-fire', 'half-true']",4,True
"Says he met a teacher in Dallas ""who was only in his third year of teaching and already making more than $90,000 a year in salary.""",mostly-false,mostly-false,"['mostly-false', 'false', 'half-true', 'pants-fire', 'mostly-true']",5,True
Gov. Abbott “signed a bill last year eliminating the requirements for Texas schools to teach MLK’s ‘I have a dream’ speech.”,half-true,false,"['false', 'mostly-false', 'pants-fire', 'half-true']",4,True
"The FBI targeted a woman and searched her home because she “protested local school board, elections.”",mostly-false,false,"['false', 'mostly-false', 'half-true', 'pants-fire', 'mostly-true']",5,True
"""When two judges said it was illegal to fire a teacher"" who viewed pornography at school, ""Tony Evers worked with Republicans and Democrats and changed the law.""",half-true,false,"['false', 'mostly-false', 'half-true', 'pants-fire', 'mostly-true']",5,True
"""The UK has an unarmed police force and a firearm fatality rate that is 40 times lower per capita than in the U.S.""",mostly-true,false,"['false', 'mostly-false', 'half-true', 'pants-fire', 'mostly-true', 'true']",6,True
"""There are some counties in Texas where the first day of hunting, you have to shut down the schools because people are going to go hunting.""",false,false,"['false', 'mostly-false', 'half-true', 'pants-fire', 'mostly-true']",5,True
"Challenger Tim Tuggey ""is a lobbyist who donated over $41,000 to Democrats who support abortion and same-sex marriage.""",mostly-false,false,"['false', 'mostly-false', 'half-true', 'pants-fire', 'mostly-true', 'true']",6,True
"Says the health care reform bill was paid for, in part, by taking money from students and the student loan system.",half-true,false,"['false', 'mostly-false', 'half-true', 'pants-fire', 'mostly-true']",5,True
"The University of Wisconsin-Milwaukee has ""2.8 students per faculty"" member, ""tied for second-lowest in its history since 1994.""",pants-fire,false,"['false', 'mostly-false', 'half-true', 'mostly-true', 'pants-fire', 'true']",6,True
"""New Jersey is the only state in the union that spent less on higher education than it did at the beginning of the decade.""",false,false,"['false', 'mostly-false', 'half-true', 'pants-fire', 'mostly-true', 'true']",6,True
"Says Paul Ryan is leading the effort to ""pass a tax bill with divisive conception language by disguising it as a college savings plan"" in ""another attempt to ban abortion and rob women of their reproductive rights.""",half-true,false,"['false', 'mostly-false', 'half-true', 'pants-fire', 'mostly-true']",5,True
"""The University of Wisconsin System budget is the biggest it has ever been.""",mostly-true,false,"['false', 'mostly-false', 'half-true', 'pants-fire', 'true']",5,False
"""We refused to balance the budget on the backs of our children.""",mostly-false,half-true,"['half-true', 'mostly-true', 'mostly-false', 'false', 'true', 'pants-fire']",6,True
"Says ""PTA meetings are now being conducted to help parents tell their kids"" that if a guy with an AR-15 walks into their classroom, ""you are supposed to create as much chaos as you possibly can. They want you to scream and yell and dance around and throw books and just keep moving.""",true,false,"['false', 'mostly-false', 'pants-fire', 'half-true', 'true', 'mostly-true']",6,True
"Graduation rates in Buffalo’s school district, which were ""around 48 percent are now up to 64 percent"" since Say Yes Buffalo launched.",true,half-true,"['half-true', 'mostly-false', 'false', 'mostly-true', 'pants-fire', 'true']",6,True
Says his amendment on a budget bill “would have helped get kids back in school after teachers were vaccinated. Every single Senate Democrat voted against it.”,half-true,false,"['false', 'mostly-false', 'half-true', 'mostly-true', 'pants-fire']",5,True
Minnesota Gov. Tim Walz signed “legislation giving free college … to illegal immigrants.”,mostly-true,false,"['false', 'mostly-false', 'pants-fire']",3,False
"""We (Trump University) have an ‘A’ from the Better Business Bureau.""",false,false,"['false', 'pants-fire']",2,True
"Says Biden supports a school choice ban that would impact 74,000 Wisconsin students.",false,false,"['false', 'mostly-false', 'half-true', 'pants-fire']",4,True
"""Governor Deal has increased education spending every year he’s been in office.""",mostly-true,false,"['false', 'mostly-false', 'half-true', 'pants-fire', 'mostly-true']",5,True
"""Austin is the biggest city in America with a Tier One research university (UT-Austin) but without a medical school.""",mostly-true,false,"['false', 'mostly-false', 'half-true', 'pants-fire', 'mostly-true', 'true']",6,True
"Joe Biden ""really did wipe away"" student loan debt.",false,false,"['false', 'mostly-false', 'pants-fire', 'half-true']",4,True
"Says Ted Cruz ""has pledged to eliminate"" the U.S. Department of Education, which would end federal aid to college students.",half-true,false,"['false', 'mostly-false', 'half-true', 'mostly-true', 'pants-fire', 'true']",6,True
"If Florida had not taken the stimulus, it ""would have led to the firing of 20,000 teachers.""",mostly-true,false,"['false', 'mostly-false', 'half-true', 'pants-fire', 'mostly-true']",5,True
“Schools that are consistently implementing COVID-19 mitigation strategies remain among the safest places for our students.”,mostly-true,half-true,"['half-true', 'mostly-true', 'true', 'mostly-false', 'false']",5,True
"The Arizona State Board of Education’s ""failure to report teachers whose certifications have been revoked or suspended ... resulted in the death of a student.""",mostly-true,false,"['false', 'mostly-false', 'half-true', 'pants-fire', 'true']",5,False
"Says U.S. Senate candidate Adam Hasner ""cited his efforts to weaken pro-life and school choice legislation as unequivocal proof that he’s a moderate.""",half-true,false,"['false', 'mostly-false', 'half-true', 'mostly-true', 'pants-fire', 'true']",6,True
"Says Rick Scott called education not a ""core function"" of the state.",false,false,"['false', 'mostly-false', 'half-true', 'pants-fire', 'mostly-true']",5,True
"""The Chicago Bears have had more starting quarterbacks in the last 10 years than the total number of tenured (UW) faculty fired during the last two decades.""",true,false,"['false', 'pants-fire', 'mostly-false', 'half-true']",4,False
Illinois “received $5.1 billion at an elementary school there that used it for equity and diversity.”,false,false,"['false', 'mostly-false', 'pants-fire']",3,True
"The 2011-13 state budget ""cuts overall funding for public schools by $1.6 billion""",mostly-false,false,"['false', 'half-true', 'mostly-false', 'mostly-true', 'true', 'pants-fire']",6,True
"""You know how many children in the history of the United States have died in a fire (at school)? Zero.""",false,false,"['false', 'pants-fire']",2,True
"Says ""tenure still exists but it's been overhauled"" for teachers in New Jersey.",true,half-true,"['half-true', 'mostly-true', 'true', 'mostly-false', 'false', 'pants-fire']",6,True
"""We have 41,000 people right now on the waitlist for financial-based assistance for our tech colleges and universities,"" most of them for tech schools.",mostly-true,half-true,"['half-true', 'mostly-true', 'mostly-false', 'false', 'true', 'pants-fire']",6,True
"""West Virginia Department of Education reported over 10,000 children and youth have been identified as homeless for the 2018-2019 school year.""",true,true,"['true', 'mostly-true', 'half-true', 'false', 'mostly-false', 'pants-fire']",6,True
"A poll taken ""a few months ago"" found ""70 percent approval or higher"" for the Act 10 collective bargaining law.",false,false,"['false', 'mostly-false', 'half-true', 'pants-fire', 'mostly-true', 'true']",6,True
“Colorado school forces students to wear hijabs.”,false,false,"['false', 'mostly-false', 'pants-fire']",3,True
"“If you look at the average teacher pay compared to the average pay of your citizens, Virginia ranks last.”",true,false,"['false', 'mostly-false', 'half-true', 'pants-fire', 'mostly-true']",5,False
"""In 2015, when Terry McAuliffe was governor, the Virginia Department of Education promoted incorporating critical race theory lens in education...They were trying to indoctrinate kids.”",mostly-false,false,"['false', 'mostly-false', 'half-true', 'pants-fire', 'mostly-true']",5,True
"Says that when Republicans held Congress and the presidency, they ""doubled the size of the (U.S.) Department of Education.""",half-true,false,"['false', 'mostly-false', 'half-true', 'pants-fire', 'mostly-true']",5,True
Says Ovide Lamontagne wants to eliminate kindergarten.,mostly-false,false,"['false', 'mostly-false', 'pants-fire', 'half-true']",4,True
"""The academic achievements of our student-athletes are mentioned in the same breath and spirit as Notre Dame and Stanford.""",mostly-false,false,"['false', 'mostly-false', 'half-true', 'pants-fire', 'mostly-true']",5,True
“Suburbs are by and large integrated.”,half-true,mostly-false,"['mostly-false', 'false', 'half-true', 'mostly-true', 'pants-fire']",5,True
West Virginia University has “increased the amount of unfunded institutional aid provided to students and expects this amount to exceed $134 million in 2024.”,half-true,false,"['false', 'mostly-false', 'half-true', 'pants-fire', 'true', 'mostly-true']",6,True
"""I created the school choice program.""",half-true,false,"['false', 'mostly-false', 'pants-fire', 'half-true', 'true']",5,True
"“Most of these killers tend to be 18, 19 years old.”",mostly-true,half-true,"['half-true', 'mostly-false', 'false', 'mostly-true', 'pants-fire', 'true']",6,True
"""On most campuses, you cannot destroy a chalked message unless you were the one that wrote it. You can't dump water on it, you can't even walk over it.""",mostly-true,false,"['false', 'mostly-false', 'half-true', 'pants-fire', 'mostly-true']",5,True
"Thanks to the Act 10 collective bargaining law that took effect four years ago, ACT scores in Wisconsin ""are now second-best in the country for states where more than half the kids take the exam.""",mostly-false,false,"['false', 'mostly-false', 'half-true', 'pants-fire', 'mostly-true']",5,True
Says there are half as many students in one Georgia technical college than there were two years ago.,mostly-true,false,"['false', 'mostly-false', 'half-true', 'pants-fire', 'mostly-true', 'true']",6,True
"""When the union says I want to eliminate tenure, that’s not true.""",half-true,false,"['false', 'mostly-false', 'half-true', 'pants-fire', 'mostly-true', 'true']",6,True
"""In the history department at the University of Texas, out of 50 registered voters, only one is a Republican.""",false,false,"['false', 'mostly-false', 'pants-fire', 'half-true']",4,True
"Barack Obama issued a decree ""demanding that every public school now allow grown men and boys into the little girls’ bathroom.""",mostly-false,false,"['false', 'pants-fire']",2,False
"""Prop 56 cheats schools out of at least $600 million.""",mostly-false,false,"['false', 'mostly-false', 'half-true', 'pants-fire', 'true']",5,True
“Mark Robinson skips Board of Education vote on teacher bonuses to hold campaign event.”,mostly-false,false,"['false', 'mostly-false', 'half-true', 'pants-fire', 'mostly-true', 'true']",6,True
"Says Larry Taylor gave ""in-state tuition to illegal immigrants.""",pants-fire,false,"['false', 'mostly-false', 'half-true', 'pants-fire', 'true']",5,True
"University of Wisconsin System's reserves are in the ""mid- to low-range"" of comparable university systems.",half-true,half-true,"['half-true', 'mostly-true', 'mostly-false', 'false', 'true', 'pants-fire']",6,True
Says Texas school districts are the fifth largest employers in the world.,mostly-false,false,"['false', 'mostly-false', 'pants-fire', 'true']",4,True
"Gov. Bob McDonnell launched a ""raid on public education to pay for roads.""",mostly-true,false,"['false', 'mostly-false', 'half-true', 'pants-fire', 'mostly-true', 'true']",6,True
"Says the Austin school district ""enjoys the highest per-student funding of all large Texas districts"" even after forwarding tax revenue to the state.",false,mostly-false,"['mostly-false', 'false', 'half-true', 'mostly-true', 'pants-fire', 'true']",6,True
"""A college loan is the only loan in the United States that you cannot refinance when interest rates go down.""",mostly-true,false,"['false', 'mostly-false', 'half-true', 'pants-fire', 'mostly-true', 'true']",6,True
"Says it’s a ""statistical reality that most single moms are very poor, under-educated, can't get a job, and if it weren't for government assistance, their kids would be starving to death.""",mostly-false,false,"['false', 'pants-fire']",2,False
"""One"" Texas school ""district alone -- Austin ISD -- is expected to lose more than $530 million in local property taxes to Robin Hood this year.""",true,true,"['true', 'mostly-true', 'half-true', 'false', 'mostly-false', 'pants-fire']",6,True
The Austin Independent School District’s graduation rate reached an all-time high of 82.5 percent in 2012.,true,false,"['false', 'true', 'mostly-false', 'half-true', 'mostly-true', 'pants-fire']",6,True
Says Democratic candidate for state school superintendent Alisha Thomas Morgan voted to slash funding for the preschool programs for disabled and special needs students.,half-true,false,"['false', 'mostly-false', 'pants-fire', 'half-true', 'true']",5,True
"""We don’t have bars on campus in Texas. It’s against the law... no alcohol allowed.""",pants-fire,false,"['false', 'mostly-false', 'half-true', 'true', 'pants-fire', 'mostly-true']",6,True
"""Latinos in Nevada support Educational Savings Accounts, helping more than 450,000 students access better schools. But Catherine Cortez Masto is against it.""",mostly-true,mostly-false,"['mostly-false', 'half-true', 'false', 'mostly-true', 'pants-fire', 'true']",6,True
"During his governorship, Virginia made ""the largest investment ever in K-12 education.""",mostly-false,false,"['false', 'mostly-false', 'half-true', 'mostly-true', 'pants-fire', 'true']",6,True
"President Barack Obama, Nancy Pelosi and Harry Reid support Rick Perry’s ""decision to give in-state tuition to illegal immigrants.""",mostly-false,false,"['false', 'mostly-false', 'pants-fire']",3,True
"""The vast majority of Wisconsin students cannot even read, write, or do math at grade level.""",false,false,"['false', 'pants-fire', 'mostly-false']",3,True
"""We have almost 68,000 Georgia students who are required by law to attend a chronically failing school.""",mostly-true,false,"['false', 'mostly-false', 'half-true', 'pants-fire', 'mostly-true', 'true']",6,True
"""When I became mayor of Los Angeles, we had a 44 percent (high school) graduation rate. I said that was unacceptable. I challenged that notion. I said the mayor needs to be involved with our schools. We need to partner together. As I left, after a number of reforms, we grew our graduation rate from 44 percent to 72.""",mostly-true,mostly-true,"['mostly-true', 'half-true', 'false', 'mostly-false', 'true', 'pants-fire']",6,True
"""In Romney's first budget (in Massachusetts), he cut $248.7 million from K-12 education.""",half-true,false,"['false', 'mostly-false', 'half-true', 'mostly-true', 'pants-fire', 'true']",6,True
“I can send every qualified person to a four-year college in their state for $150 billion.”,false,false,"['false', 'mostly-false', 'half-true', 'pants-fire', 'mostly-true', 'true']",6,True
The Associated Press misspelled Mississippi in a headline about the state’s literacy program.,false,false,"['false', 'mostly-false', 'pants-fire', 'half-true', 'true', 'mostly-true']",6,True
"""Georgia still has one of the richest programs in terms of scholarships for students to go to college.""",true,half-true,"['half-true', 'mostly-false', 'mostly-true', 'false', 'true', 'pants-fire']",6,True
"In annual surveys of Rhode Island communities that receive Drug Free community grants, many report that more than 50 percent of youth surveyed do not think daily marijuana use poses any serious risk of harm.",mostly-true,false,"['false', 'half-true', 'mostly-false', 'pants-fire', 'mostly-true', 'true']",6,True
Says Texas ranks among the nation’s top five states for its high school graduation rate.,true,half-true,"['half-true', 'mostly-true', 'true', 'mostly-false', 'false', 'pants-fire']",6,True
"""Texas ranks 49th in per-pupil funding among the states.""",mostly-true,false,"['false', 'mostly-false', 'half-true', 'true', 'pants-fire', 'mostly-true']",6,True
"The delay in school testing ""was not that of a vendor, the problem was not that of the test materials itself, it was the product of a cyber attack.""",mostly-false,half-true,"['half-true', 'false', 'mostly-true', 'mostly-false', 'true', 'pants-fire']",6,True
U.S. public schools don't teach the Declaration of Independence.,false,false,"['false', 'pants-fire', 'mostly-false']",3,True
Says NC bill would change the grading scale.,false,half-true,"['half-true', 'mostly-true', 'mostly-false', 'false', 'true', 'pants-fire']",6,True
"""The largest category of people coming into the technical schools in Wisconsin are people with four-year degrees.""",false,false,"['false', 'mostly-false', 'pants-fire', 'half-true']",4,True
"""700 jobs (were) lost because Allen Boyd"" voted for the health care bill.",mostly-false,false,"['false', 'mostly-false', 'pants-fire']",3,True
"""From 1990 to 2015 under (Democratic) control, W. Va. teacher pay rank plummeted from 30th in the nation to 48th.""",mostly-false,false,"['false', 'mostly-false', 'half-true', 'pants-fire', 'mostly-true', 'true']",6,True
"""91 percent of Latinos support the DREAM Act, which allows undocumented youth to attend college,"" but Marco Rubio opposes it.",true,half-true,"['half-true', 'mostly-true', 'false', 'mostly-false', 'true', 'pants-fire']",6,True
"Says Greg Abbott ""has lost"" in court ""four times in just the past few days.""",mostly-true,half-true,"['half-true', 'false', 'mostly-false', 'mostly-true', 'pants-fire']",5,True
"Since 1965, California has built ""six (college) campuses but 23 prisons.""",false,false,"['false', 'mostly-false', 'half-true', 'pants-fire', 'mostly-true', 'true']",6,True
Rebuilding three high schools will benefit 40 percent of Portland Public School students.,pants-fire,mostly-false,"['mostly-false', 'half-true', 'false', 'mostly-true', 'pants-fire', 'true']",6,True
"Says expanding Medicaid in Wisconsin would save the state $530 million, which could pay for 3,287 K-12 teachers, or 7.8 educators per district.",true,half-true,"['half-true', 'mostly-true', 'mostly-false', 'false', 'true', 'pants-fire']",6,True
"The NCAA will ""get billions"" from the men’s basketball tournament. ""Players get a trophy.""",half-true,false,"['false', 'mostly-false', 'half-true', 'mostly-true', 'pants-fire', 'true']",6,True
An illegal immigrant who gains admission at a public college takes class space away from students who are legal residents.,mostly-true,false,"['false', 'mostly-false', 'pants-fire', 'half-true']",4,False
"Says Rick Scott cut education by over a billion dollars, meaning thousands of teachers ""lost their jobs"" and ""class sizes went up.""",mostly-false,false,"['false', 'mostly-false', 'half-true', 'mostly-true', 'pants-fire', 'true']",6,True
"""Oregon schools receive millions of dollars per year in federal school lunch assistance and yet they are required to spend that money almost anywhere but Oregon.""",true,false,"['false', 'mostly-false', 'half-true', 'mostly-true', 'pants-fire', 'true']",6,True
"""Bill O'Brien's Tea Party legislature tried to repeal kindergarten and compulsory education, defund Planned Parenthood and eliminate insurance coverage for birth control.""",mostly-false,false,"['false', 'mostly-false', 'half-true', 'pants-fire', 'mostly-true']",5,True
Annexation would lead to overcrowding at Decatur’s city schools.,false,mostly-false,"['mostly-false', 'false', 'half-true', 'pants-fire', 'mostly-true', 'true']",6,True
"""Most of, if not all of, the [DeKalb school construction] projects always came in on or were under budget.""",mostly-true,false,"['false', 'mostly-false', 'half-true', 'pants-fire', 'mostly-true', 'true']",6,True
"""More women are graduating from college now than men.""",true,false,"['false', 'mostly-false', 'half-true', 'pants-fire', 'true']",5,True
"""Rick Scott tried to slash school funding by $3.3 billion.""",mostly-true,false,"['false', 'mostly-false', 'half-true', 'pants-fire', 'mostly-true', 'true']",6,True
Says Gov. Andrew Cuomo and Democratic lawmakers are “granting free tuition to illegal immigrants while closing Excelsior Scholarship applications to citizen students.”,mostly-false,false,"['false', 'mostly-false', 'half-true', 'pants-fire', 'mostly-true']",5,True
"Says Hillary Clinton and millennials have the same positions on climate change, abortion rights, immigration reform, gay rights and college affordability. ""Donald Trump doesn't.""",mostly-true,false,"['false', 'mostly-false', 'half-true', 'pants-fire']",4,False
"A University of Texas ""student pulled out a concealed handgun"" on a knife-wielding suspect ""and made him back down.""",pants-fire,false,"['false', 'mostly-false', 'half-true', 'pants-fire', 'mostly-true', 'true']",6,True
"The cost of ""college education has gone up 1,200 percent since 1978.""",half-true,false,"['false', 'mostly-false', 'pants-fire', 'half-true']",4,True
Greg Abbott defended more than $5 billion in public school funding cuts in fighting hundreds of school districts in court.,half-true,false,"['false', 'mostly-false', 'half-true', 'pants-fire', 'mostly-true', 'true']",6,True
"A scheduled speech by President Barack Obama will be ""the first time an American president has spoken directly to the nation's school children about persisting and succeeding in school.""",false,false,"['false', 'mostly-false', 'half-true', 'true', 'pants-fire', 'mostly-true']",6,True
"""In 2006, Charlie Crist opposed in-state tuition for illegal immigrants.""",true,false,"['false', 'mostly-false', 'half-true', 'true', 'pants-fire']",5,True
"""For every extra year a girl goes to school, her income goes up 12 percent.""",true,half-true,"['half-true', 'false', 'mostly-true', 'mostly-false', 'true', 'pants-fire']",6,True
"The new Illinois school funding formula ""created a tax shelter for the wealthy and a voucher program…""",half-true,mostly-false,"['mostly-false', 'half-true', 'false', 'pants-fire', 'mostly-true']",5,True
"""It's important to pay attention to the Russian spy drama, but let's not ignore the fact that the following (10) bills have been introduced"" in the House.",mostly-true,half-true,"['half-true', 'mostly-false', 'false', 'mostly-true', 'pants-fire', 'true']",6,True
“Let’s be clear: ‘drag shows’ are strip shows.”,false,false,"['false', 'mostly-false', 'half-true', 'pants-fire']",4,True
"""I have given $30,000 of my unused travel expenses over the years to supplement the school system's general budget.""",half-true,false,"['false', 'mostly-false', 'half-true', 'mostly-true', 'pants-fire', 'true']",6,True
"Says 282 Texas school districts have requested emergency waivers to increase elementary school class sizes because of ""unprecedented fiscal challenges.""",half-true,half-true,"['half-true', 'mostly-true', 'mostly-false', 'false', 'true', 'pants-fire']",6,True
"University of Texas undergraduate student debt ""is less than $21,000… probably one of the lowest debts across the nation.""",mostly-true,false,"['false', 'mostly-false', 'half-true', 'pants-fire', 'mostly-true']",5,True
"New school testing standards ""will consume approximately twenty days of testing for elementary, middle and high school students.""",mostly-true,false,"['false', 'mostly-false', 'half-true', 'pants-fire', 'mostly-true', 'true']",6,True
"Former Atlanta Public Schools Superintendent Beverly Hall left the school district ""significantly better than she found it.""",pants-fire,false,"['false', 'mostly-false', 'half-true', 'pants-fire', 'mostly-true']",5,True
"Under Common Core standards, it takes ""more than a minute"" to teach a student ""how to add nine plus six.""",half-true,false,"['false', 'mostly-false', 'pants-fire', 'half-true']",4,True
"""For four years, I was a full professor at the University of Pennsylvania.""",half-true,true,"['true', 'false', 'half-true', 'mostly-true', 'mostly-false', 'pants-fire']",6,True
"Says Tammy Baldwin ""wants to require children starting at age 5 to learn about gay sex!""",false,false,"['false', 'mostly-false', 'pants-fire']",3,True
"The University of Wisconsin System ""will be much more affordable than just about any other campus in America"" because ""going forward we have a cap on it tied to inflation.""",false,false,"['false', 'mostly-false', 'half-true', 'pants-fire', 'mostly-true']",5,True
"""...Over 30 years, federal spending on education has grown by 375 percent, but test scores remain flat.""",mostly-true,false,"['false', 'mostly-false', 'half-true', 'mostly-true', 'pants-fire']",5,True
"""Look, I believe in accountability. In 1983, I led the effort in Arkansas to improve our schools.""",true,mostly-true,"['mostly-true', 'half-true', 'true', 'mostly-false', 'false', 'pants-fire']",6,True
"“Since 2019, I've successfully lobbied for the funds to add hundreds of school counselors, lowering our student to school counselor ratio by 20%.”",true,half-true,"['half-true', 'mostly-false', 'false', 'mostly-true', 'true', 'pants-fire']",6,True
"""New Jersey's governor cut $1.6 billion from public education while handing out $2.1 billion in corporate tax breaks, more than the entire previous decade.""",mostly-true,false,"['false', 'mostly-false', 'half-true', 'mostly-true', 'pants-fire', 'true']",6,True
"""President Obama once said he wants everybody in America to go to college.""",false,false,"['false', 'mostly-false', 'pants-fire', 'half-true']",4,True
"Georgia has ""a dropout rate that’s higher"" than Alabama's.",true,false,"['false', 'mostly-false', 'half-true', 'pants-fire', 'mostly-true']",5,False
"""After years of 5.5 percent average tuition increases, we now have a two-year tuition freeze for the first time in the history of the UW System.""",mostly-true,false,"['false', 'mostly-false', 'half-true', 'mostly-true', 'true', 'pants-fire']",6,True
"Says Demond Means, ""turnaround district"" superintendent for Milwaukee Public Schools, said the district ""needs to be gutted.""",pants-fire,false,"['false', 'mostly-false', 'half-true', 'pants-fire', 'mostly-true', 'true']",6,True
"Says ""out of 588 school districts, we give 31 (former Abbott) districts 70 percent of the aid.""",mostly-true,false,"['false', 'mostly-false', 'half-true', 'pants-fire', 'mostly-true', 'true']",6,True
"""Speaker Gingrich has said that we ought to get rid of our child labor laws.""",mostly-false,false,"['false', 'mostly-false', 'pants-fire', 'half-true', 'true']",5,True
"Says 77 percent ""of Portland's students finish elementary school without taking even one art class.""",mostly-true,false,"['false', 'mostly-false', 'pants-fire', 'half-true']",4,False
"“After the referendum, Milwaukee Public Schools has a larger tax levy than the City of Milwaukee.”",true,false,"['false', 'mostly-false', 'pants-fire', 'half-true', 'true', 'mostly-true']",6,True
"Easing school lunch regulations ""is not reducing the nutritional standards whatsoever.""",mostly-false,false,"['false', 'mostly-false', 'half-true', 'pants-fire', 'mostly-true']",5,True
"Says President Barack Obama ""gives students the right to repay (federal) loans as a clear, fixed, low percentage of their income for up to 20 years.""",mostly-true,half-true,"['half-true', 'mostly-true', 'false', 'mostly-false', 'true', 'pants-fire']",6,True
"Scott Walker ""had a 2.3 GPA when he was asked to leave Marquette University for cheating.""",false,false,"['false', 'mostly-false', 'pants-fire', 'half-true']",4,True
E. Gordon Gee’s university projects have increased “WVU’s debt load by 55%.”,mostly-false,false,"['false', 'mostly-false', 'half-true', 'pants-fire', 'true']",5,True
"Says, ""Oregon has the third largest class size in the nation.""",true,false,"['false', 'mostly-false', 'half-true', 'pants-fire', 'mostly-true', 'true']",6,True
“Almost 40% of borrowers with student loan debt didn't finish their degree.”,mostly-true,half-true,"['half-true', 'mostly-false', 'false', 'mostly-true', 'pants-fire', 'true']",6,True
"Inner-city students ""fall back and don’t succeed, whereas if there was a less intensive track, they would.""",false,false,"['false', 'mostly-false', 'pants-fire']",3,True
"State legislators ""quietly shifted $2 billion from education to road building"" in 2013.",false,false,"['false', 'mostly-false', 'half-true', 'pants-fire', 'true']",5,True
"Says a group ""estimates that the annual cost to Oregon taxpayers for government services to illegal aliens, after any income tax revenue from them, is $1 billion.""",mostly-false,false,"['false', 'mostly-false', 'half-true', 'pants-fire', 'true']",5,True
"""Nearly half of public school teachers in Texas are working a second or a third job, not for kicks, not for extra spending cash, but just to make ends meet.""",half-true,half-true,"['half-true', 'mostly-false', 'false', 'mostly-true', 'pants-fire', 'true']",6,True
"Says he ""fought against $3 billion in cuts to public education since 2003.""",true,false,"['false', 'half-true', 'mostly-false', 'mostly-true', 'pants-fire', 'true']",6,True
"Says Betsy DeVos and her family ""have donated extensively to groups which promote the idea that students who identify as LGBT must undergo 'conversion' therapy.""",mostly-false,false,"['false', 'mostly-false', 'half-true', 'pants-fire', 'mostly-true', 'true']",6,True
"""Latinos now make up the majority population in Texas.""",false,false,"['false', 'mostly-false', 'half-true', 'pants-fire', 'mostly-true', 'true']",6,True
"Glen Sturtevant is ""against smaller class sizes.""",false,false,"['false', 'mostly-false', 'half-true', 'pants-fire', 'mostly-true', 'true']",6,True
"""Florida spends more than $300 million a year just on children repeating pre-K through 3rd grade.""",mostly-true,false,"['false', 'mostly-false', 'half-true', 'pants-fire', 'mostly-true', 'true']",6,True
"""More (student-athletes) graduate than the students who aren't student-athletes.""",half-true,false,"['false', 'mostly-false', 'half-true', 'pants-fire', 'mostly-true']",5,True
"Says Rick Scott’s per-pupil education spending is ""about $200 less"" than what it was under Charlie Crist during the recession.",mostly-true,half-true,"['half-true', 'false', 'mostly-false', 'mostly-true', 'pants-fire', 'true']",6,True
Says Florida Gov. Rick Scott’s cuts to education are the same as his proposed corporate income tax rate reduction.,mostly-false,false,"['false', 'mostly-false', 'half-true', 'pants-fire']",4,True
"""Under Republican Governor Chris Christie, tolls cost more. Train and bus rides cost more. College tuition goes up. But Christie protected a tax cut for millionaires.""",mostly-true,half-true,"['half-true', 'mostly-false', 'mostly-true', 'false', 'pants-fire', 'true']",6,True
"""The current (agriculture) commissioner allowed tainted beef to be sent to school cafeterias.""",false,false,"['false', 'mostly-false', 'pants-fire', 'half-true', 'true', 'mostly-true']",6,True
Schools stopped teaching children cursive so they wouldn’t be able to read the U.S. Constitution and other historical documents.,pants-fire,false,"['false', 'mostly-false', 'pants-fire']",3,True
State support for local schools per pupil has decreased by at least 25 percent over the past decade.,half-true,false,"['false', 'mostly-false', 'half-true', 'pants-fire', 'mostly-true', 'true']",6,True
"Undocumented students who qualify for in-state Oregon tuition are ""actively working toward U.S. citizenship.""",mostly-false,true,"['true', 'mostly-true', 'half-true', 'false', 'mostly-false']",5,True
"""The states that have passed (campus carry laws) have seen enrollment drop significantly.""",false,false,"['false', 'mostly-false', 'half-true', 'pants-fire', 'mostly-true']",5,True
"""United States of America is twenty-sixth in school performance in the world.""",mostly-true,false,"['false', 'mostly-false', 'half-true', 'pants-fire', 'true', 'mostly-true']",6,True
"""For the sixth straight year, we have secured record funding for K-12 and state universities.""",half-true,mostly-false,"['mostly-false', 'false', 'half-true', 'mostly-true', 'pants-fire', 'true']",6,True
"John Boehner said the jobs of ""teachers and nurses and police officers and firefighters"" are ""'government jobs' that weren't worth saving.""",mostly-false,false,"['false', 'mostly-false', 'pants-fire', 'half-true', 'mostly-true', 'true']",6,True
"H-1B guest workers are “being employed as dog trainers, massage therapists, cooks, and English teachers.”",mostly-false,false,"['false', 'mostly-false', 'half-true', 'mostly-true', 'pants-fire', 'true']",6,True
"The Every Student Succeeds Act ""did away basically with Common Core.""",mostly-false,false,"['false', 'mostly-false', 'half-true', 'pants-fire', 'mostly-true']",5,True
"""I’ve lived"" in Milwaukee ""all 61 years of my life.""",mostly-false,false,"['false', 'mostly-false', 'half-true', 'pants-fire', 'true', 'mostly-true']",6,True
"""In fact, there’s more state funding for education today than any other time.""",true,false,"['false', 'mostly-false', 'pants-fire', 'half-true']",4,False
"""200,000 students attempt suicide every year on college campuses.""",half-true,false,"['false', 'mostly-false', 'pants-fire']",3,False
"Says Rick Scott's proposed budget ""would lay off 20,000 teachers.""",half-true,false,"['false', 'mostly-false', 'half-true', 'pants-fire', 'mostly-true']",5,True
"The salaries of Wisconsin’s best-educated public school teachers were ""slashed"" by Gov. Scott Walker through a recent administrative rule change.",false,false,"['false', 'mostly-false', 'pants-fire', 'half-true']",4,True
"""Tennessee students now cover about 67 percent of the cost of their education at public universities, and some 60 percent at community colleges.""",true,half-true,"['half-true', 'mostly-true', 'mostly-false', 'false', 'true', 'pants-fire']",6,True
"""Nearly a quarter of all adults in this state have some college credit without a degree.""",mostly-true,mostly-false,"['mostly-false', 'half-true', 'false', 'mostly-true', 'pants-fire', 'true']",6,True
"""Florida school drops Common Core – soars to number one""",false,false,"['false', 'mostly-false', 'pants-fire', 'half-true']",4,True
Joe Biden “wants to get rid of something called ‘stepped up basis’” that reduces inheritance taxes.,true,half-true,"['half-true', 'false', 'mostly-false', 'mostly-true', 'pants-fire', 'true']",6,True
"Says New Jersey’s tenure law ""has now been reformed to say that if teachers get two years of partially effective or ineffective ratings they lose tenure.""",false,false,"['false', 'mostly-false', 'half-true', 'mostly-true', 'pants-fire', 'true']",6,True
The Civics Secures Democracy Act “would allow the Biden administration to buy off states with $6 billion” if they adopt critical race theory.,false,false,"['false', 'pants-fire', 'mostly-false']",3,True
"""Black children constitute 18 percent of the nation's public school population but 40 percent of the children who are suspended or expelled.""",mostly-true,half-true,"['half-true', 'mostly-true', 'false', 'true', 'mostly-false', 'pants-fire']",6,True
"""What do Rutgers University, Kean University, Montclair State University, New Jersey City University, Stockton College, Rowan University and William Paterson all have in common? They all graduate less than 50 percent of their students within four years.""",true,false,"['false', 'mostly-false', 'half-true', 'mostly-true', 'pants-fire', 'true']",6,True
"""Making public colleges and universities tuition-free, that exists in countries all over the world, used to exist in the United States.""",mostly-true,half-true,"['half-true', 'false', 'mostly-false', 'mostly-true', 'true', 'pants-fire']",6,True
"Iran President Hassan ""Rouhani has more Cabinet members with Ph.D.s from American universities"" than members of Barack Obama’s Cabinet.",true,false,"['false', 'mostly-false', 'half-true', 'pants-fire', 'true', 'mostly-true']",6,True
The plus in LGBTQ+ includes pedophilia.,pants-fire,false,"['false', 'pants-fire']",2,True
"""Fifty percent of our new"" Texas ""teachers don’t have college degrees.""",false,false,"['false', 'mostly-false', 'pants-fire', 'half-true', 'true']",5,True
"""Charlie Crist signed into law an automatic 15 percent annual tuition increase that put college further out of reach for many Floridians.""",half-true,false,"['false', 'mostly-false', 'half-true', 'pants-fire', 'mostly-true']",5,True
"""The state of Georgia is near the bottom among states for SAT scores and graduation rates.""",true,mostly-false,"['mostly-false', 'false', 'half-true', 'mostly-true', 'pants-fire', 'true']",6,True
"Says state Senate candidate ""Monk Elmer voted to exceed the (school district property tax) spending caps.""",pants-fire,false,"['false', 'mostly-false', 'half-true', 'pants-fire', 'true']",5,True
"""By spring 2014, parents of 60,000 students in New York state had refused to let them take the Common Core Tests.""",mostly-true,half-true,"['half-true', 'false', 'mostly-false', 'mostly-true', 'true', 'pants-fire']",6,True
Says Rick Perry said there’s an administrator for every teacher in Texas public schools.,false,false,"['false', 'mostly-false', 'pants-fire', 'half-true', 'true']",5,True
"Oklahoma teachers ""are the poorest paid teachers in the US, in a state that gives nearly $500 million in tax handouts to energy companies.""",mostly-true,false,"['false', 'mostly-false', 'half-true', 'mostly-true', 'pants-fire', 'true']",6,True
"[Chicago is the] only city in the United States, you get a B average in high school, community college is free.",half-true,false,"['false', 'mostly-false', 'half-true', 'pants-fire']",4,True
"Says ""only 18 percent of Portland elementary schools have art instruction compared to 83 percent nationally.""",true,false,"['false', 'mostly-false', 'half-true', 'pants-fire', 'mostly-true', 'true']",6,True
"""The Department of Corrections budget in Wisconsin is more than the Department of Education budget.""",mostly-false,false,"['false', 'mostly-false', 'half-true', 'pants-fire', 'true']",5,True
"Among Milwaukee Public Schools students, ""86 percent are behind in reading and 80 percent are behind in math.""",true,false,"['false', 'mostly-false', 'half-true', 'pants-fire', 'mostly-true', 'true']",6,True
Iowa has “the highest high-school graduation rate in the country.”,mostly-true,false,"['false', 'mostly-false', 'pants-fire']",3,False
"""By 2014, there will be one administrator for every teacher on college campuses in the United States.""",half-true,false,"['false', 'pants-fire', 'mostly-false']",3,False
"Gains in Atlanta Public Schools scores on a national standardized test lend credence to ""dramatic"" score increases on state tests.",false,half-true,"['half-true', 'false', 'mostly-false', 'mostly-true', 'pants-fire', 'true']",6,True
"Joe Biden's student debt forgiveness plan is a ""bailout for rich kids.""",mostly-false,false,"['false', 'mostly-false', 'pants-fire', 'half-true']",4,True
"""Student loan rates set to double because a Democratic-controlled Congress voted to double them.""",mostly-false,false,"['false', 'mostly-false', 'pants-fire', 'half-true']",4,True
Brown v. Board of Education “was never about sending Black children to white schools. It was about parents being able to decide where to send their children to school.”,false,false,"['false', 'mostly-false', 'half-true', 'pants-fire', 'mostly-true']",5,True
"Says Chris Abele, opponent in Milwaukee County executive race, ""failed to finish 3 separate colleges, dropping out all 3 times.""",mostly-true,false,"['false', 'mostly-false', 'pants-fire', 'half-true', 'true']",5,False
"Says Tony Evers wants to give in-state tuition and drivers licenses to ""illegal aliens.""",mostly-true,false,"['false', 'mostly-false', 'half-true', 'pants-fire']",4,False
"""In 31 states, decent child care costs more than college tuition.""",mostly-true,false,"['false', 'half-true', 'mostly-false', 'mostly-true', 'true', 'pants-fire']",6,True
Says Tony Evers is “a career politician.”,mostly-false,false,"['false', 'half-true', 'mostly-false', 'mostly-true', 'true', 'pants-fire']",6,True
"""In Austin, Texas, the average homeowner is paying about $1,300 to $1,400 just for recapture,"" meaning funds spent in non-Austin school districts.",true,mostly-false,"['mostly-false', 'false', 'half-true', 'mostly-true', 'pants-fire', 'true']",6,True
"Says Rep. Paul Ryan’s budget proposal ""would effectively double the interest paid out on existing and future student loans.""",mostly-false,false,"['false', 'mostly-false', 'half-true', 'pants-fire', 'mostly-true']",5,True
"Wearing face masks may cause ""pulmonary fibrosis"" and other health risks in children.",pants-fire,false,"['false', 'pants-fire']",2,True
"""Parents that go to school board meetings"" and question the curriculum are being ""flagged by the Department of Justice and the FBI for attending a meeting.""",false,false,"['false', 'pants-fire']",2,True
"Austin’s Pease Elementary ""is a school that was created as part of the Texas Constitution.""",false,false,"['false', 'mostly-false']",2,True
"""New Mexico was 46th in teacher pay (when he was elected), now we're 29th.""",mostly-true,false,"['false', 'mostly-false', 'half-true', 'mostly-true', 'true', 'pants-fire']",6,True
"When SACS came back to the DeKalb County School District to give a midterm review, we got straight A’s.",mostly-false,half-true,"['half-true', 'false', 'mostly-false', 'mostly-true', 'true', 'pants-fire']",6,True
"Rhode Island ""charter schools are nationally recognized as outperforming their counterparts across the country.""",mostly-true,half-true,"['half-true', 'mostly-false', 'false', 'mostly-true', 'pants-fire']",5,True
"""You would receive a citation for taking a dildo to class"" at the University of Texas.",half-true,false,"['false', 'mostly-false', 'pants-fire', 'half-true', 'true']",5,True
"""Thom Tillis cut almost $500 million from education.""",half-true,false,"['false', 'mostly-false', 'half-true', 'pants-fire', 'mostly-true']",5,True
“24 of every 100 kids in school today speak Spanish.”,half-true,false,"['false', 'mostly-false', 'half-true', 'pants-fire']",4,True
"""Right now, four in 10 public schools in our state are at least 50 years old.""",mostly-true,mostly-false,"['mostly-false', 'half-true', 'false', 'mostly-true', 'pants-fire', 'true']",6,True
House Bill 2301 never had a public hearing,mostly-true,false,"['false', 'mostly-false', 'half-true', 'pants-fire', 'true', 'mostly-true']",6,True
"Says we will pay the new chancellor ""a basic salary of nearly $300,000 a year ... an amount that does not include the costs of this public employee’s benefits, perks and living expenses for a lavish house, an upscale car, a spending allowance, and fine dining almost every day on the taxpayer dollar.""",half-true,false,"['false', 'mostly-false', 'half-true', 'mostly-true', 'pants-fire']",5,True
"Del. Debra Rodman ""opposes adoption as an alternative to abortion in event of unplanned pregnancies.""",false,false,"['false', 'mostly-false', 'pants-fire', 'half-true', 'true']",5,True
"American colleges amount to a ""cartel.""",mostly-false,false,"['false', 'mostly-false', 'half-true', 'pants-fire', 'mostly-true']",5,True
"""The Health Care  and Education Reconciliation Act is the largest-ever investment in  higher education.""",mostly-false,false,"['false', 'mostly-false', 'half-true', 'pants-fire', 'mostly-true']",5,True
"Says because of his actions, Wisconsin ""property taxes today are lower than they were four years ago.""",mostly-true,false,"['false', 'mostly-false', 'half-true', 'pants-fire', 'mostly-true']",5,True
Only 2% of K-12 students would benefit from Iowa’s school voucher bill.,true,false,"['false', 'mostly-false', 'half-true', 'pants-fire', 'mostly-true', 'true']",6,True
"Scott Walker ""couldn’t get his own party"" to back more than a 500-student increase in Milwaukee’s school choice program, but in Indiana, ""Mitch Daniels’ voucher program is approaching 30,000 students two years after opening.""",half-true,mostly-true,"['mostly-true', 'half-true', 'false', 'mostly-false', 'true', 'pants-fire']",6,True
Congressman Robert Hurt has a plan to cut education by 40 percent.,pants-fire,false,"['false', 'pants-fire', 'mostly-false']",3,True
"In Florida ""we have 75,000 on (a) waiting list for child care and 23,000 on waiting lists"" for community care for the elderly.",mostly-true,true,"['true', 'mostly-true', 'half-true', 'false', 'mostly-false', 'pants-fire']",6,True
"""The $18.8 billion in funding for K-12 education funding is the highest in Florida history and includes a record $10.6 billion in state funds.""",half-true,true,"['true', 'mostly-true']",2,False
"""Roy Cooper won't say how he will pay for ‘free’ college tuition.""",half-true,half-true,"['half-true', 'mostly-false', 'false', 'mostly-true', 'pants-fire']",5,True
"""The pass rate for a high school level test to join the military"" is 35 to 40 percent.",false,false,"['false', 'mostly-false', 'half-true', 'pants-fire', 'mostly-true', 'true']",6,True
"""Only 2 percent of public high schools in the country offer PE classes.""",false,false,"['false', 'mostly-false', 'half-true', 'pants-fire', 'mostly-true', 'true']",6,True
"The Providence teacher contract ""is one of the longest in the country.""",false,half-true,"['half-true', 'mostly-false', 'mostly-true', 'false', 'true', 'pants-fire']",6,True
"""It costs $10,000 a year to keep a child in school; it costs $30,000 a year to keep someone in prison.""",true,false,"['false', 'mostly-false', 'half-true', 'mostly-true', 'pants-fire']",5,False
"""Whether you like to admit it or not, half our general revenue goes to education.""",true,false,"['false', 'mostly-false', 'half-true', 'pants-fire']",4,False
"""Iowa Republicans have introduced a bill that would put government-installed cameras in every single classroom to livestream school activities for parents to spy on teachers and children.""",true,false,"['false', 'mostly-false', 'pants-fire', 'half-true', 'true']",5,True
"Bill Gunter would ""drain millions from local public schools, and give our tax dollars to private, for-profit schools run by out-of-state corporations.""",mostly-false,false,"['false', 'mostly-false', 'half-true', 'pants-fire', 'mostly-true', 'true']",6,True
"A private school tax break in the Wisconsin state budget is ""the most generous in the nation.""",half-true,false,"['false', 'mostly-false', 'half-true', 'mostly-true', 'pants-fire', 'true']",6,True
Disney CEO Bob Chapek was arrested for human trafficking.,pants-fire,false,"['false', 'pants-fire']",2,True
"Says his father-in-law, former Gov. Linwood Holton, ""integrated Virginia public schools.""",half-true,true,['true'],1,False
"For educational testing, Florida ""has chosen a company that has a significant history of promoting identification of the GLBT lifestyle for children as young as seven years old.""",half-true,false,"['false', 'mostly-false', 'pants-fire', 'half-true', 'mostly-true']",5,True
"Says that as a gubernatorial candidate, Chris Christie ""promised no school cuts.""",true,false,"['false', 'mostly-false', 'half-true', 'mostly-true', 'pants-fire', 'true']",6,True
"Says ""if current trends continue, by 2040, one out of three Texas workers will not have a high school diploma.""",true,false,"['false', 'mostly-false', 'half-true', 'pants-fire', 'mostly-true', 'true']",6,True
“There's not been a single book banned in the state of Florida.”,false,false,"['false', 'pants-fire', 'mostly-false']",3,True
"""You had more women getting computer sciences degrees in the '80s by a factor of 2-plus than you do now.""",mostly-true,false,"['false', 'mostly-false', 'half-true', 'pants-fire', 'mostly-true', 'true']",6,True
Teachers were not involved in developing the Common Core State Standards.,false,false,"['false', 'mostly-false', 'half-true', 'pants-fire', 'true']",5,True
"""If you are born poor in America, we rank ninth or tenth in our citizens’ ability to climb up through that ladder and get themselves into the middle class.""",mostly-true,mostly-false,"['mostly-false', 'half-true', 'false', 'mostly-true', 'pants-fire', 'true']",6,True
"""According to Republican Rep. Jeff Shipley, teachers should not receive a pay raise if they teach American history that Republicans don’t agree with.""",mostly-true,false,"['false', 'mostly-false', 'half-true', 'pants-fire']",4,False
"The state-hired company that evaluates state-mandated student exams ""goes on Craigslist to get examiners to read our students’ essays.""",mostly-false,false,"['false', 'mostly-false', 'pants-fire', 'half-true', 'mostly-true']",5,True
"Says the state auditor found that 37 percent of the 428,000 students receiving free and reduced-price lunches are ineligible.",false,false,"['false', 'mostly-false', 'half-true', 'pants-fire', 'mostly-true']",5,True
"Says he ""invested over $100 million in worker training.""",mostly-true,false,"['false', 'mostly-false', 'half-true', 'pants-fire', 'mostly-true', 'true']",6,True
"With the $53 billion spent in Ukraine aid, the U.S. “could pay five SWAT members $80,000 each and have them at EVERY school front door.”",half-true,false,"['false', 'pants-fire', 'mostly-false']",3,False
"At the 50 Milwaukee schools serving ""at least 80% African-American and at least 80% low income"" students, the reading proficiency is 8%.",true,false,"['false', 'mostly-false', 'pants-fire', 'half-true']",4,False
"""Teachers spend $1.6 BILLION per year on school supplies. The Republican tax bill ELIMINATES their ability to deduct those expenses.""",half-true,false,"['false', 'mostly-false', 'half-true', 'pants-fire', 'mostly-true']",5,True
"Says the University of Missouri ""has been cleared of involvement"" in academic fraud involving student athletes.",half-true,false,"['false', 'mostly-false', 'half-true', 'pants-fire', 'mostly-true', 'true']",6,True
"Under Rick Scott, there has been a ""historic $20 billion in funds for education.""",half-true,false,"['false', 'mostly-false', 'half-true', 'pants-fire', 'mostly-true']",5,True
"Says ""in Oregon today, the average debt upon college graduation is more than $24,000.""",mostly-true,half-true,"['half-true', 'mostly-true', 'mostly-false', 'false', 'true', 'pants-fire']",6,True
Says that Josh Mandel voted to let insurance companies deny coverage for autism,mostly-true,false,"['false', 'mostly-false', 'half-true', 'pants-fire', 'mostly-true', 'true']",6,True
"Rick Scott ""increased tuition at our state colleges and universities by double digits.""",mostly-false,false,"['false', 'mostly-false', 'half-true', 'mostly-true', 'pants-fire', 'true']",6,True
"""Schools in some states are spending up to 100 days a year doing test-prep or actual testing.""",mostly-false,mostly-false,"['mostly-false', 'false', 'half-true', 'mostly-true', 'pants-fire', 'true']",6,True
"During E. Gordon Gee's presidency of West Virginia University, ""student enrollments have steadily decreased.""",mostly-true,false,"['false', 'mostly-false', 'half-true', 'pants-fire', 'mostly-true', 'true']",6,True
"""There’s a large number of schools in Texas that don’t even offer sex education.""",half-true,false,"['false', 'mostly-false', 'half-true', 'pants-fire', 'mostly-true']",5,True
"""In Senate Bill 5, there is this new method of evaluating teachers. … You’re also going to be rated on what the parents think of you and they can send questionnaires and surveys home to parents.""",true,false,"['false', 'mostly-false', 'half-true', 'mostly-true', 'pants-fire', 'true']",6,True
Says the Affordable Care Act was a federal takeover of the student loan industry and ‘profits’ on the loans go to help pay for the health care law.,mostly-false,false,"['false', 'mostly-false', 'pants-fire']",3,True
Says the president of the University of Texas has raised four-year student graduation rates to 75 percent.,false,false,"['false', 'mostly-false', 'half-true', 'pants-fire', 'true']",5,True
"Says administrator salaries were increased, ""but other school employees were left behind.""",half-true,half-true,"['half-true', 'mostly-true', 'mostly-false', 'false', 'true', 'pants-fire']",6,True
“TEA is allowing online learning with attendance stipulations but will not fund school districts if they do not open their schools...If schools do not open and are not funded there will be no more teachers or school at all.”,half-true,false,"['false', 'mostly-false', 'half-true', 'pants-fire', 'mostly-true', 'true']",6,True
"""Nearly 60% of all student loan debt is held by the rich and upper-middle class,"" so forgiveness would give the wealthy a ""financial windfall"" but not really help low-income people.",half-true,false,"['false', 'mostly-false', 'pants-fire']",3,False
“The (Evers) Era locked Wisconsin families into a 400‑year property tax increase.”,mostly-true,false,"['false', 'mostly-false', 'pants-fire']",3,False
"The merger of Georgia State University and Georgia Perimeter College will make GSU one of the largest universities in the nation, with more than 54,000 students.",true,false,"['false', 'mostly-false', 'half-true', 'mostly-true', 'pants-fire', 'true']",6,True
"The congressional district for Miami-Dade and Broward counties has a ""staggering drop-out rate of almost 61 percent.""",false,false,"['false', 'mostly-false', 'pants-fire', 'half-true', 'true']",5,True
"Says Scott Walker ""cut back early voting and signed legislation that would make it harder for college students to vote.""",mostly-true,mostly-true,"['mostly-true', 'half-true', 'true', 'false', 'mostly-false']",5,True
Florida “decided middle school students will be taught that enslaved people benefited from slavery.”,mostly-true,false,"['false', 'mostly-false', 'pants-fire', 'half-true']",4,False
"""In 30 states, average teacher pay is less than the living wage for a family of four.""",mostly-true,false,"['false', 'mostly-false', 'half-true', 'mostly-true', 'pants-fire']",5,True
"""The tuitions in Virginia colleges...have doubled -- 100 percent -- in the last 10 years.""",true,mostly-false,"['mostly-false', 'false', 'half-true', 'pants-fire', 'mostly-true', 'true']",6,True
"Teachers ""are working their third consecutive year -- some longer than that -- without salary increases.""",false,half-true,"['half-true', 'mostly-false', 'false', 'mostly-true', 'true', 'pants-fire']",6,True
"Says an election clerk in Green Bay refused to allow early voting on the UW-Green Bay campus because she ""was afraid it would help Democrats,"" showing ""outrageous partisan bias.""",half-true,false,"['false', 'mostly-false', 'pants-fire', 'half-true', 'true', 'mostly-true']",6,True
"Says when he was governor, ""we expanded participation in Virginia in early childhood programs by nearly 40 percent.""",true,true,"['true', 'mostly-true', 'half-true', 'mostly-false']",4,True
"""The average student comes out of college hundreds of thousands of dollars in debt.""",false,false,"['false', 'half-true', 'mostly-false', 'mostly-true', 'pants-fire', 'true']",6,True
"""Our children do not spend any time in school learning about our own U.S. Constitution.""",pants-fire,false,"['false', 'mostly-false', 'half-true', 'pants-fire']",4,True
"""US President D. Trump Approves Scholarship for 50,000 African Student to Study in USA 2018"" ​",pants-fire,false,"['false', 'pants-fire']",2,True
"Says proposal to boost teacher pension fund ""puts no mandate on local government.""",false,half-true,"['half-true', 'mostly-true', 'mostly-false', 'false', 'true', 'pants-fire']",6,True
"Says he made ""a record investment in schools.""",mostly-false,half-true,"['half-true', 'mostly-false', 'false', 'mostly-true', 'pants-fire', 'true']",6,True
“The Biden administration has decided to cancel $0 in student debt.”,mostly-false,false,"['false', 'mostly-false', 'pants-fire']",3,True
"""For our next two years in my state, we will end with a structural surplus of $499 million.""",mostly-true,false,"['false', 'mostly-false', 'half-true', 'pants-fire', 'true', 'mostly-true']",6,True
“We’ve eliminated critical race theory in our K through 12 schools.”,mostly-false,false,"['false', 'mostly-false', 'pants-fire']",3,True
"Our ""kids can’t openly celebrate Christmas or pray in school.""",false,false,"['false', 'mostly-false', 'half-true', 'pants-fire']",4,True
"Says Charlie Crist ""implemented Jeb Bush’s A+ Plan.""",true,false,"['false', 'mostly-false', 'half-true', 'pants-fire', 'mostly-true']",5,False
"A data system that goes along with Common Core is designed to collect up to 400 data points on each child, which can include personally identifiable data.",mostly-false,false,"['false', 'mostly-false', 'half-true', 'pants-fire', 'mostly-true']",5,True
"Says Hillary Clinton is ""proposing to print instant work permits for millions of illegal immigrants to come in and take everybody's jobs, including low-income African-Americans.""",false,false,"['false', 'pants-fire', 'mostly-false']",3,True
"Says Ron Saunders ""made the choice to stand with Rick Scott"" on expanding school vouchers, restricting scholarships and giving tax breaks to the wealthy.",false,false,"['false', 'half-true', 'mostly-false', 'mostly-true', 'pants-fire', 'true']",6,True
"""The Common Core was not put together by the Department of Education in Washington. It was put together by governors and by states.""",mostly-true,half-true,"['half-true', 'false', 'mostly-false', 'mostly-true', 'true', 'pants-fire']",6,True
"Says the University of South Florida invests in oil companies like BP, tobacco companies, weapons manufacturers and private prisons.",mostly-true,mostly-false,"['mostly-false', 'false', 'half-true', 'mostly-true', 'pants-fire', 'true']",6,True
"As a sign of ""extraordinary progress,"" ""there are half as many (primary-age) children out of school today as there were 15 years ago.""",half-true,false,"['false', 'mostly-false', 'half-true', 'pants-fire', 'mostly-true']",5,True
"""One legislative Republican’s district gets almost all the school supply funding.""",mostly-false,false,"['false', 'mostly-false', 'half-true', 'pants-fire', 'mostly-true']",5,True
“Breaking: Trump names Boebert secretary of education”,false,false,"['false', 'pants-fire']",2,True
"Says Rick Scott cut ""Bright Futures scholarships in half.""",half-true,false,"['false', 'mostly-false', 'half-true', 'pants-fire', 'mostly-true', 'true']",6,True
"Speaking of semiconductor industry jobs, ""Know what the average salary is? $110,000. You don't need a college degree.""",mostly-false,false,"['false', 'mostly-false', 'half-true', 'pants-fire']",4,True
We have the fourth highest in-state tuition for public universities in the country.,true,false,"['false', 'half-true', 'mostly-false', 'mostly-true', 'true', 'pants-fire']",6,True
"""Private prison systems are calculating how many new beds (they will need) based on the ... number of third graders.""",pants-fire,false,"['false', 'mostly-false', 'pants-fire', 'half-true']",4,True
"""The people that went to school with (Barack Obama), they never saw him, they don't know who he is.""",pants-fire,false,"['false', 'pants-fire']",2,True
"""There's no demonstrable evidence they (after-school programs that feed kids) are helping kids do better at school.""",mostly-false,false,"['false', 'mostly-false', 'half-true', 'pants-fire']",4,True
"Says the state is required ""pick up 70 percent of the cost"" of K-12 education.",mostly-false,half-true,"['half-true', 'mostly-false', 'false', 'mostly-true', 'true', 'pants-fire']",6,True
Taking all the money of the top 1 percent wouldn’t keep Medicare going for three years.,mostly-false,false,"['false', 'mostly-false', 'half-true', 'pants-fire']",4,True
Fifty-three percent of graduates from liberal arts colleges these days can’t find jobs.,false,false,"['false', 'mostly-false', 'pants-fire', 'half-true']",4,True
"""I did not oppose busing in America. What I opposed is busing ordered by the Department of Education.""",mostly-false,half-true,"['half-true', 'mostly-true', 'false', 'mostly-false', 'true', 'pants-fire']",6,True
"""Common Core expects English teachers to spend at least half of their reading instructional time at every grade level on informational texts.""",false,false,"['false', 'mostly-false', 'half-true', 'pants-fire', 'mostly-true', 'true']",6,True
"Since 1978, college ""tuition nationwide has gone up something like four times the rate of inflation.""",true,half-true,"['half-true', 'false', 'mostly-false', 'mostly-true', 'pants-fire', 'true']",6,True
"Says “75% of third-graders in this year’s class are not reading at a third grade level” and, for those who don’t catch up, there’s “an 80% chance that you will not graduate.”",half-true,false,"['false', 'mostly-false', 'pants-fire', 'half-true', 'true']",5,True
"""Mitt Romney says class sizes don’t matter.""",true,false,"['false', 'mostly-false', 'half-true', 'pants-fire']",4,False
"""Four balanced budgets in a row, with no new taxes for anyone. The best job growth in 12 years. Nearly 130,000 new private-sector jobs. Merit pay to reward New Jersey’s best teachers, and the most education funding ever.""",half-true,mostly-true,"['mostly-true', 'half-true', 'mostly-false', 'false', 'true', 'pants-fire']",6,True
"Regarding sexual assault against women, ""It’s actually safer not to be in college than it is to be in college.""",mostly-false,false,"['false', 'pants-fire', 'mostly-false']",3,True
Says Common Core is a federal mandate.,false,false,"['false', 'mostly-false', 'half-true', 'pants-fire', 'true', 'mostly-true']",6,True
"A Republican budget proposal ""would have Wisconsin have the weakest standards for who can be a teacher in the classroom in the country.""",half-true,false,"['false', 'mostly-false', 'half-true', 'pants-fire', 'mostly-true']",5,True
"""Florida’s high school graduation rate falls well below the national average.""",true,half-true,"['half-true', 'mostly-true', 'true', 'mostly-false', 'false', 'pants-fire']",6,True
"“The Universities of Wisconsin are 43rd out of 50 states in the nation, in terms of public support for our universities. The $855 million (budget request) gets us up to average.”",true,false,"['false', 'mostly-false', 'half-true', 'mostly-true', 'pants-fire', 'true']",6,True
“Sixty percent of (Virginia's) children don’t meet national proficiency standards…”,mostly-true,mostly-false,"['mostly-false', 'false', 'half-true', 'mostly-true', 'pants-fire', 'true']",6,True
"Says opponent Chad Chadwell ""wants condom techniques demonstrated to your children.""",mostly-false,false,"['false', 'mostly-false', 'pants-fire', 'half-true']",4,True
"""We’re spending $12,000 bucks a kid a year in the school system.""",true,false,"['false', 'mostly-false', 'half-true', 'pants-fire', 'mostly-true', 'true']",6,True
"""Our (Texas) graduation rate ranks 43rd out of 50 states.""",true,false,"['false', 'mostly-false', 'half-true', 'mostly-true', 'true', 'pants-fire']",6,True
“Police training in Wisconsin is 21 weeks. A cosmetology license takes 40 weeks.”,half-true,false,"['false', 'mostly-false', 'half-true', 'pants-fire', 'mostly-true', 'true']",6,True
"Says Gov. Scott Walker ""took away $1.6 billion from schools and handed it off as over $2 billion in tax breaks to the rich.""",false,false,"['false', 'mostly-false', 'half-true', 'pants-fire', 'mostly-true', 'true']",6,True
"""Our graduation rate is the highest it's ever been.""",mostly-true,false,"['false', 'mostly-false', 'half-true', 'pants-fire', 'mostly-true']",5,True
"UW-Madison ""spent down reserves"" as it was told to do two years ago and, facing new state budget cuts, has ""no more reserves to spend down.""",half-true,half-true,"['half-true', 'mostly-true', 'mostly-false', 'true', 'false', 'pants-fire']",6,True
"“President Obama would never give them long-term funding, and I did … I saved historically Black colleges and universities.”",mostly-false,false,"['false', 'mostly-false', 'pants-fire', 'half-true']",4,True
"Teacher pay has increased under Republican leadership every year for the past 5 years.  In fact, even according to the national teacher's unions own rankings, NC ranked number 2 in the U.S. for fastest rising teacher pay 2016-2017.",mostly-true,false,"['false', 'mostly-false', 'pants-fire', 'half-true']",4,False
"""When adjusted for inflation, (Texas) per-student spending has remained relatively flat over the past 16 years. Despite that trend, Texas schools in 2017 will receive $381 less per student than they did in 2003.""",half-true,mostly-true,"['mostly-true', 'half-true', 'false', 'mostly-false', 'true', 'pants-fire']",6,True
Salaries for Virginia’s teachers are below the national average.,true,false,"['false', 'mostly-false', 'half-true', 'mostly-true', 'pants-fire', 'true']",6,True
"Says state Senate recall challenger Sandy Pasch voted ""to cut school aid by nearly $300 million.""",true,false,"['false', 'mostly-false', 'half-true', 'pants-fire', 'mostly-true', 'true']",6,True
"Says enrolling a student in a subsidized lunch program triggers an ""at risk"" designation, resulting in an extra $6,000 to $7,000 of state school aid per student.",mostly-true,false,"['false', 'mostly-false', 'half-true', 'pants-fire', 'mostly-true', 'true']",6,True
"""There is great disparity, tremendous disparity, in the (capital) funding on a per-student basis between our traditional public schools and our charter public schools.""",mostly-true,half-true,"['half-true', 'mostly-true', 'true', 'mostly-false', 'false', 'pants-fire']",6,True
"""My recommended budget includes $1 billion in new state funding for education.""",half-true,false,"['false', 'mostly-false', 'half-true', 'mostly-true', 'true', 'pants-fire']",6,True
"In South Sudan, ""more teenage girls die in childbirth than finish high school.""",mostly-true,true,"['true', 'false', 'half-true', 'mostly-false', 'mostly-true', 'pants-fire']",6,True
"It's illegal for a college, public school or employer to ""mandate"" the vaccine because it was authorized for emergency use.",false,false,"['false', 'mostly-false', 'half-true', 'pants-fire']",4,True
“Texas declares bringing a pride flag to the classroom a crime.”,false,false,"['false', 'pants-fire', 'mostly-false']",3,True
Scott Walker’s school-aid cuts were so devastating that students are without chairs and a government survey found 47 kids in a classroom.,false,false,"['false', 'mostly-false', 'pants-fire', 'half-true']",4,True
"""#GradInsurance debacle is a DIRECT result of #ObamaCare. #MIZZOU has to break the law to do the right thing.""",half-true,false,"['false', 'mostly-false', 'half-true', 'pants-fire']",4,True
"A 2011 measure passed into law with Wendy Davis’ support ""removes from the attorney general the ability to settle lawsuits just like"" the school funding case.",mostly-false,false,"['false', 'mostly-false', 'half-true', 'pants-fire', 'mostly-true']",5,True
"Says ""160,000 kids stay home every day because they are afraid to go to school because of bullying.""",mostly-false,mostly-false,"['mostly-false', 'false', 'half-true', 'mostly-true', 'pants-fire', 'true']",6,True
"""99.97 percent of the kids live in poverty that attend Cleveland public schools.""",half-true,false,"['false', 'mostly-false', 'pants-fire', 'half-true']",4,True
"""By any measure, New Jersey has one of the most segregated school systems in the country.""",mostly-true,half-true,"['half-true', 'false', 'mostly-false', 'mostly-true', 'true', 'pants-fire']",6,True
Says a portfolio managed by the Texas General Land Office earned 22 percent last year while the state’s emergency reserve account experienced a 1 percent gain.,mostly-true,half-true,"['half-true', 'false', 'mostly-false', 'mostly-true', 'true', 'pants-fire']",6,True
"Sharron Angle ""would eliminate the Department of Education.""",true,false,"['false', 'mostly-false', 'half-true', 'true', 'pants-fire', 'mostly-true']",6,True
Says Scott Walker ‘cut $800 million from our schools.’,mostly-false,false,"['false', 'mostly-false', 'half-true', 'mostly-true', 'pants-fire', 'true']",6,True
"""Today many Florida teachers are at risk of having their pay impacted by the performance of children who are not even in their classrooms or subject areas.""",mostly-true,mostly-false,"['mostly-false', 'false', 'half-true', 'mostly-true', 'pants-fire', 'true']",6,True
"""West Virginia is sixth overall in the average number of at-risk youth.""",mostly-true,false,"['false', 'mostly-false', 'half-true', 'pants-fire', 'mostly-true', 'true']",6,True
"“BREAKING: Illegal Aliens in San Diego, California, tried to hijack 2 school buses filled with children.”",false,false,"['false', 'pants-fire']",2,True
"Says Scott Walker left college ""under an ethical cloud for having tried to fix"" the election for student body president.",false,false,"['false', 'mostly-false', 'half-true', 'pants-fire', 'mostly-true', 'true']",6,True
"""The average student will be spending $1,700 to $1,800 more during the life of their loan because of this surcharge.""",false,false,"['false', 'mostly-false', 'half-true', 'pants-fire', 'mostly-true', 'true']",6,True
"Says Governor Cooper has vetoed ""every single teacher pay raise we've ever passed.""",half-true,false,"['false', 'mostly-false', 'half-true', 'pants-fire', 'mostly-true']",5,True
"""(The) top issue for college students is the economy.""",true,half-true,"['half-true', 'mostly-false', 'false', 'mostly-true', 'pants-fire', 'true']",6,True
Says 85 percent of IDEA charter-school students come from low-income families and about 99 percent of its graduates go to college.,mostly-true,false,"['false', 'mostly-false', 'half-true', 'mostly-true', 'pants-fire', 'true']",6,True
"""We aren't the only state cutting back on public television.""",true,mostly-true,"['mostly-true', 'half-true', 'true', 'mostly-false', 'false', 'pants-fire']",6,True
"Chicago Public Schools ""lead the country in high school graduation of an urban school system,"" ""match the United States of America in kids graduating high school going on to a four-year college,"" and are ""producing eighth-grade leaders in the country in math gains, fourth-grade leaders in reading gains.""",mostly-true,false,"['false', 'mostly-false', 'half-true', 'pants-fire', 'mostly-true']",5,True
"Says ""for the first time ever,"" Texas lawmakers are not funding student population growth.",mostly-true,false,"['false', 'mostly-false', 'half-true', 'pants-fire', 'mostly-true', 'true']",6,True
"""Under (Rick Perry’s) watch as governor, over six million Texans have no health care coverage, including one million children, homeowners suffer from the highest insurance rates in the country, and college tuition has skyrocketed 136 percent.""",half-true,false,"['false', 'mostly-false', 'half-true', 'mostly-true', 'pants-fire', 'true']",6,True
"""We are 49th in the nation for our graduation rate""",mostly-true,false,"['false', 'mostly-false', 'half-true', 'mostly-true', 'true', 'pants-fire']",6,True
"""Ohio ranks 46th in the country in putting dollars in the classroom.""",mostly-true,false,"['false', 'mostly-false', 'half-true', 'mostly-true', 'pants-fire', 'true']",6,True
Georgia has led the nation in student fatalities caused by motorists illegally passing stopped school buses.,true,false,"['false', 'mostly-false', 'half-true', 'pants-fire', 'mostly-true', 'true']",6,True
"George Allen voted to add $3 trillion to the federal debt, voted to raise the debt ceiling four times and voted for the No Child Left Behind Act while he was a senator.",true,false,"['false', 'mostly-false', 'half-true', 'mostly-true', 'pants-fire', 'true']",6,True
"Rural schools ""face the highest dropout rates, the lowest college enrollment rates, have the lowest average teacher salaries...""",half-true,half-true,"['half-true', 'mostly-true', 'mostly-false', 'false', 'true', 'pants-fire']",6,True
"""In 1998, nearly half of Florida's fourth-graders were functionally illiterate. Today, 72% of them can read.""",mostly-true,half-true,"['half-true', 'false', 'mostly-true', 'mostly-false', 'true', 'pants-fire']",6,True
"Tuition at Rutgers has increased 10 percent since Gov. Chris Christie took office because he ""cut funding for higher education.""",half-true,false,"['false', 'mostly-false', 'half-true', 'mostly-true', 'pants-fire']",5,True
"President Joe Biden’s American Relief Plan “has a lot of money in it for schools, but if you really look at it … it says that the school money is going to go out until the year 2028.”",mostly-true,mostly-false,"['mostly-false', 'half-true', 'false', 'mostly-true', 'pants-fire']",5,True
"President Obama’s education ""solution"" includes an effort to ""nationalize curriculum.""",mostly-false,false,"['false', 'mostly-false', 'pants-fire']",3,True
"""The Georgia Department of Education has implemented a new policy beginning in August that states that public schools will no longer accept credits from home school entities or non-traditional education centers.""",half-true,false,"['false', 'mostly-false', 'pants-fire', 'half-true', 'true', 'mostly-true']",6,True
"""We have the highest per-pupil cost in the country.""",mostly-true,false,"['false', 'mostly-false', 'half-true', 'pants-fire', 'mostly-true', 'true']",6,True
"College students ""who are NOT U.S. Citizens and who get the PELL Grant"" plan to return to their home countries after getting free gas cards and child care.",pants-fire,false,"['false', 'pants-fire', 'mostly-false']",3,True
"""Faculty salaries at UW System institutions have now fallen more than 18 percent below the national average.""",true,false,"['false', 'mostly-false', 'half-true', 'mostly-true', 'pants-fire', 'true']",6,True
"""Since 2010, student debt has increased by 102% and real wages have fallen by over 8%.”",half-true,half-true,"['half-true', 'mostly-true', 'mostly-false', 'false', 'true', 'pants-fire']",6,True
"""An overwhelming majority of Americans support passage of the DREAM Act, which would provide a path to citizenship for undocumented youth willing to work for a college degree or serve in our armed forces.""",half-true,mostly-true,"['mostly-true', 'half-true', 'true', 'false', 'mostly-false', 'pants-fire']",6,True
"""North Carolina spends $855 less per student than it did before the Great Recession, and we have one of the lowest per pupil spending levels in the nation.""",mostly-true,half-true,"['half-true', 'mostly-false', 'false', 'mostly-true', 'true', 'pants-fire']",6,True
"Says students who receive free or reduced lunch are ""performing just as well"" as students who do not.",false,false,"['false', 'mostly-false', 'half-true', 'pants-fire']",4,True
“Public schools are now as segregated by race and class as they were in the 1960s.”,mostly-true,mostly-false,"['mostly-false', 'half-true', 'false', 'mostly-true', 'pants-fire']",5,True
"Seventy percent of Americans ""don't have a college degree.""",true,false,"['false', 'mostly-false', 'pants-fire']",3,False
"""The average (public school) teacher in Wisconsin’s making $89,000 a year"" in salary and benefits.",false,false,"['false', 'mostly-false', 'pants-fire', 'half-true']",4,True
Gender Queer on NEA Summer Reading List for Kids.,false,false,"['false', 'mostly-false', 'pants-fire', 'half-true']",4,True
Opposition to having a fully elected Chicago Board of Education is in the “super minority.”,true,false,"['false', 'mostly-false', 'half-true', 'pants-fire', 'mostly-true', 'true']",6,True
"A study of where teachers apply to work found that ""less than 5 percent wanted to work in rural Wisconsin.""",false,false,"['false', 'mostly-false', 'half-true', 'pants-fire', 'mostly-true', 'true']",6,True
Says students have to repeat the same grade next year.,pants-fire,false,"['false', 'mostly-false', 'pants-fire', 'half-true', 'true']",5,True
"A bill to aid state and local governments ""is fully paid-for by closing costly corporate tax loopholes.""",mostly-false,half-true,"['half-true', 'mostly-false', 'mostly-true', 'false', 'pants-fire']",5,True
"Says Texas schools have had ""massive increases"" in class sizes with Rick Perry as governor.",false,false,"['false', 'mostly-false', 'half-true', 'mostly-true', 'pants-fire', 'true']",6,True
People can get student debt “erased” by filing Family Educational Rights and Privacy Act complaints because the Department of Government Efficiency accessed federal student loan databases.,false,false,"['false', 'pants-fire']",2,True
"""The University of Florida announced this past week that it was dropping its computer science department ... Meanwhile, the athletic budget for the current year is $97.7 million, an increase of more than $2 million from last year.""",half-true,false,"['false', 'mostly-false', 'half-true', 'pants-fire', 'mostly-true']",5,True
There are 86 languages spoken at Miami Dade College.,true,false,"['false', 'mostly-false', 'half-true', 'pants-fire', 'true']",5,True
"""Our African-American communities are absolutely in the worst shape they've ever been in before. Ever. Ever. Ever.""",pants-fire,false,"['false', 'pants-fire', 'mostly-false']",3,True
"Says Joe Biden ""voted for the Iraq War, for mass incarceration, and for the Bankruptcy Reform Act while voting against gay marriage, reproductive rights, and school desegregation.""",half-true,false,"['false', 'mostly-false', 'half-true', 'pants-fire', 'mostly-true']",5,True
"Says Texas high school ""graduation rates are at an all-time high—the third-highest in the nation—which represents a significant turnaround from just a few short years ago.""",mostly-true,mostly-true,"['mostly-true', 'half-true', 'mostly-false', 'false', 'true', 'pants-fire']",6,True
"Americans, in the last 30 years, ""have more than doubled the amount of money we are spending per child (on education) … and the results have gotten worse, not better.""",half-true,false,"['false', 'mostly-false', 'half-true', 'mostly-true', 'pants-fire']",5,True
"""This (parent trigger) legislation was drafted by President Obama's top advisers. It was drafted by President Clinton’s top advisers.""",false,false,"['false', 'mostly-false', 'pants-fire', 'half-true', 'mostly-true']",5,True
"""Unemployment for those with college educations is now 4.5 percent. Unemployment for those with more than a college education, below 4 percent.""",mostly-true,half-true,"['half-true', 'false', 'mostly-false', 'mostly-true', 'true', 'pants-fire']",6,True
"The Milwaukee Bucks are ""actually younger than the Marquette team.""",false,false,"['false', 'mostly-false', 'pants-fire', 'half-true']",4,True
"""The impending work stoppage is unlawful.""",true,false,"['false', 'mostly-false', 'half-true', 'pants-fire', 'true']",5,True
"Virginia ranked near the bottom of the nation 50 years ago in per capita income but is in the top 10 today. It had a ""very low"" rate of higher education attainment but is now above the national average.",half-true,mostly-true,"['mostly-true', 'half-true', 'true', 'false', 'mostly-false', 'pants-fire']",6,True
"""American middle schools caught forcing students to do Muslim prayers 5 times a day.""",pants-fire,false,"['false', 'pants-fire']",2,True
"“The federal government spent over $500k trying to force fish to exercise on treadmills, an additional $150k to see if gingerbread houses are earthquake proof.”",mostly-false,false,"['false', 'pants-fire', 'mostly-false']",3,True
"""50% of Hispanic students count on Pell Grants to pay for college.""",true,false,"['false', 'mostly-false', 'half-true', 'mostly-true', 'pants-fire', 'true']",6,True
"""1/3 of our kids drop out (of high school), cannot go to college or start a career.""",mostly-false,false,"['false', 'mostly-false', 'half-true', 'mostly-true', 'pants-fire', 'true']",6,True
"Education Week says Obama 'hasn't made a significant mark on education,' is 'elusive' on accountability, and a 'staunch defender of the existing public school monopoly.'",mostly-false,false,"['false', 'mostly-false', 'pants-fire', 'half-true', 'true']",5,True
"McDonald's in England only sells organic milk and free-range eggs, which provides more nutritious offerings than in the U.S.",half-true,false,"['false', 'mostly-false', 'pants-fire', 'half-true', 'true']",5,True
"Georgia has the 9th highest rate of adults, ages 18 to 64, without a high school diploma or GED.",true,false,"['false', 'mostly-false', 'half-true', 'mostly-true', 'pants-fire', 'true']",6,True
"Says Mitt Romney’s plan makes ""catastrophic cuts to education.""",half-true,false,"['false', 'mostly-false', 'half-true', 'pants-fire', 'mostly-true', 'true']",6,True
"""Austin ISD has the highest graduation rate of every major city in Texas.""",mostly-false,false,"['false', 'mostly-false', 'half-true', 'pants-fire', 'mostly-true']",5,True
"""As many as a quarter of our students aren’t even finishing high school.""",mostly-true,false,"['false', 'half-true', 'mostly-false', 'mostly-true', 'pants-fire', 'true']",6,True
"“In South Dakota, I’m putting prayer back in our schools.”",false,half-true,"['half-true', 'false', 'mostly-false', 'mostly-true', 'true', 'pants-fire']",6,True
"""The United States Department of Education has introduced an Islamic indoctrination program for the public schools, called ‘Access Islam.’ """,false,false,"['false', 'pants-fire']",2,True
"Says under the Romney-Ryan budget ... ""the American Opportunity Tax Credit for college tuition would be eliminated.""",mostly-true,false,"['false', 'mostly-false', 'half-true', 'true', 'mostly-true', 'pants-fire']",6,True
"""Barnes opposed the creation of the HOPE Scholarship and campaigned against Zell Miller on the issue.""",mostly-false,false,"['false', 'mostly-false', 'half-true', 'pants-fire', 'mostly-true', 'true']",6,True
"""94 percent of those that are employed by the Department of Education at the federal level were deemed by the department as nonessential employees.""",mostly-false,false,"['false', 'mostly-false', 'half-true', 'pants-fire', 'true']",5,True
"Democrats ""are cutting our school funding. Four times in the last 10 years before we came into office.""",mostly-false,false,"['false', 'mostly-false', 'pants-fire', 'half-true']",4,True
"""When California faced a budget crisis,"" Christy Smith ""voted to lay off teachers and then voted to increase her pay.""",mostly-false,false,"['false', 'mostly-false', 'pants-fire', 'half-true']",4,True
"""As soon as Chris Christie was governor, he gave tax cuts to millionaires.""",half-true,false,"['false', 'mostly-false', 'half-true', 'mostly-true', 'pants-fire', 'true']",6,True
"Florida students take ""an array of standardized high stakes tests which eat up as much as 45 school days per year.""",false,half-true,"['half-true', 'mostly-false', 'false', 'mostly-true', 'pants-fire', 'true']",6,True
"Says of UW-Madison, ""It cost the university $50k (your tax dollars) to remove"" a rock considered by some a symbol of racism.",pants-fire,false,"['false', 'mostly-false', 'half-true', 'pants-fire', 'mostly-true']",5,True
"""Over half of the young people"" in medical, dental and law schools are women.",false,false,"['false', 'mostly-false', 'half-true', 'pants-fire', 'mostly-true', 'true']",6,True
"""Just in the past 10 years, college tuition has increased 28 percent.""",mostly-true,false,"['false', 'half-true', 'mostly-false', 'mostly-true', 'pants-fire', 'true']",6,True
“Joe Biden wants to end school choice.”,mostly-false,false,"['false', 'mostly-false', 'pants-fire', 'half-true']",4,True
"""Do you know that, statistically, when you take the SAT a second time, one third of the people that take the SAT, even if they've been studying, will get a lower score than they did the first time around?""",true,false,"['false', 'mostly-false', 'half-true', 'pants-fire', 'mostly-true']",5,False
"""Fifty percent of our (West Virginia) budget was for lower education.""",mostly-true,false,"['false', 'mostly-false', 'pants-fire', 'half-true']",4,False
"West Virginia University’s incoming freshman class has the ""highest-ever GPA""",mostly-true,false,"['false', 'mostly-false', 'half-true', 'pants-fire', 'mostly-true', 'true']",6,True
"Texas ""children may have a teacher who never spent one minute practicing teaching.""",true,false,"['false', 'mostly-false', 'half-true', 'pants-fire', 'mostly-true']",5,False
"""When public schools face increased competition, they get better and kids learn more.""",mostly-false,half-true,"['half-true', 'mostly-false', 'false', 'mostly-true', 'pants-fire', 'true']",6,True
Turning Point USA is a white nationalist organization.,false,false,"['false', 'pants-fire', 'mostly-false']",3,True
"Said New York Gov. Andrew Cuomo said that “with all the technology we have, we don't need actual classrooms.”",mostly-true,false,"['false', 'mostly-false', 'pants-fire', 'half-true', 'true']",5,False
"""More than half of last year's U.S. college graduates are unemployed or underemployed.""",half-true,false,"['false', 'mostly-false', 'pants-fire', 'half-true']",4,True
"""Forty years ago, a federal Pell Grant paid for nearly 80% of tuition, fees, room and board at a four-year college.""",mostly-true,false,"['false', 'mostly-false', 'half-true', 'pants-fire', 'mostly-true', 'true']",6,True
"""In Ohio, we invested in our children, raising school funding by 5.5 percent in the last budget.""",false,mostly-true,"['mostly-true', 'half-true', 'true', 'mostly-false', 'false', 'pants-fire']",6,True
"""The states that actually have lots of teachers in teacher unions tend to be the states that have done the best in terms of academic success in this country.""",half-true,mostly-false,"['mostly-false', 'half-true', 'false', 'mostly-true', 'pants-fire', 'true']",6,True
"The Central Falls School system ""spent $100,000 on a time clock.""",pants-fire,false,"['false', 'mostly-false', 'half-true', 'pants-fire', 'mostly-true', 'true']",6,True
"""The last majority-Anglo high school class in Texas graduated in 2014.""",false,false,"['false', 'mostly-false', 'half-true', 'pants-fire', 'mostly-true', 'true']",6,True
"Says ""Did you know that if you accepted the District's proposal today you would have NO pay increase for 4 years? Seven years of frozen wages = Disrespect.""",mostly-false,half-true,"['half-true', 'false', 'mostly-false', 'mostly-true', 'true', 'pants-fire']",6,True
"Florida is ""the 45th in state education funding.""",true,false,"['false', 'mostly-false', 'half-true', 'mostly-true', 'true', 'pants-fire']",6,True
"""In K-12 education, our kids are scoring at the bottom of science and mathematics right now in the industrialized world -- at the bottom.""",false,false,"['false', 'mostly-false', 'half-true', 'mostly-true', 'pants-fire', 'true']",6,True
"The Trump administration removed nursing from the list of professional degree programs, affecting aspiring nurses’ student loan access.",half-true,false,"['false', 'mostly-false', 'pants-fire', 'half-true']",4,True
“Biden to teachers: ‘They're not somebody else's children. They're yours when you're in the classroom.’”,false,half-true,"['half-true', 'mostly-true', 'true', 'false', 'mostly-false', 'pants-fire']",6,True
"""Part of the increase in the cost (of higher education) has been because state support has dropped. We now spend, under Governor Walker, more on corrections than we do on higher education.""",half-true,false,"['false', 'mostly-false', 'half-true', 'mostly-true', 'pants-fire', 'true']",6,True
"""Fifty-three percent of teens  in Central Falls are getting pregnant.""",false,false,"['false', 'pants-fire', 'mostly-false']",3,True
Says Obama doubled funding for the Pell Grant.,mostly-true,false,"['false', 'mostly-false', 'half-true', 'mostly-true', 'pants-fire']",5,True
"""Since 1999, all Virginia Lottery profits have been used for public education in the Commonwealth for kindergarten through 12th grade.""",mostly-true,true,['true'],1,False
Says government is a barrier to innovation and development.,false,false,"['false', 'mostly-false', 'half-true', 'pants-fire']",4,True
"""Students at the University of Texas in Austin have been advised not to wear cowboy boots or cowboy hats on Halloween.""",false,false,"['false', 'mostly-false', 'pants-fire', 'half-true', 'true']",5,True
"""95 percent of teachers and principals are not implicated in the [Atlanta Public Schools cheating scandal] report at all.""",half-true,false,"['false', 'mostly-false', 'pants-fire', 'half-true', 'true']",5,True
"""To deprive"" underprivileged children ""of a meat-based protein during school lunch is most likely depriving them of their only source of protein for the day.""",pants-fire,false,"['false', 'mostly-false', 'half-true', 'pants-fire', 'mostly-true']",5,True
"Says Joe Straus ""was co-author of a bill that would have allowed Planned Parenthood to control public school sex education.""",pants-fire,false,"['false', 'mostly-false', 'half-true', 'pants-fire', 'mostly-true', 'true']",6,True
"""By law, Democrats gave the superintendent of public instruction, back in 2009, the ability to take over failing schools … The current superintendent has failed to do that.""",false,false,"['false', 'mostly-false', 'half-true', 'mostly-true', 'pants-fire', 'true']",6,True
Rick Scott says he supported in-state tuition for Dreamers while Charlie Crist was against it.,half-true,false,"['false', 'mostly-false', 'half-true', 'mostly-true', 'pants-fire', 'true']",6,True
"""The average student loan debt in Texas is over $22,000...the cost of an average size pickup truck."" But unlike car owners, ""students are not allowed to refinance their loans at lower rates.""",mostly-true,mostly-false,"['mostly-false', 'false', 'half-true', 'mostly-true', 'pants-fire']",5,True
"""We have reduced funding for education the least. They've suffered the least cuts.""",half-true,false,"['false', 'mostly-false', 'half-true', 'pants-fire', 'true']",5,True
"Only 20 colleges and universities ""have athletic departments with revenue exceeding expenses.""",true,false,"['false', 'mostly-false', 'half-true', 'pants-fire', 'mostly-true', 'true']",6,True
"University of Texas students ""signed a petition seeking the legal right to abort newborn babies up to five-years-old.""",half-true,false,"['false', 'pants-fire']",2,False
"""In Texas, schools do not even have to teach sex education.""",true,false,"['false', 'mostly-false', 'half-true', 'pants-fire', 'true', 'mostly-true']",6,True
Georgia's high school graduation rate topped 80 percent in 2010.,half-true,false,"['false', 'mostly-false', 'half-true', 'true', 'mostly-true', 'pants-fire']",6,True
"Under Cuccinelli’s tax cut plan, ""school divisions across Virginia could be forced to fire over 8,000 teachers.""",false,false,"['false', 'mostly-false', 'half-true', 'pants-fire', 'mostly-true']",5,True
"Seth Magaziner ""plans to spend billions more of your money.""",false,false,"['false', 'mostly-false', 'half-true', 'pants-fire']",4,True
"Says legislative cuts mean Texas is ""spending on average $500 less per student.""",true,false,"['false', 'mostly-false', 'half-true', 'mostly-true', 'pants-fire']",5,False
"""Our last budget committed the highest level of need-based financial aid in state history.""",mostly-true,mostly-false,"['mostly-false', 'false', 'half-true', 'mostly-true', 'pants-fire', 'true']",6,True
"The Obama administration's policies ""have reduced minority dropout rate by 25 percent.""",half-true,false,"['false', 'mostly-false', 'half-true', 'mostly-true', 'pants-fire']",5,True
"""Republicans have already cut our neighborhood public schools three budgets in a row.""",mostly-false,false,"['false', 'mostly-false', 'half-true', 'pants-fire', 'mostly-true']",5,True
"One Wisconsin school district ""is so worried about losing state funding that it has stopped giving milk to elementary school kids during snack time.""",half-true,false,"['false', 'mostly-false', 'half-true', 'pants-fire', 'mostly-true']",5,True
Says Texas colleges and universities may opt to allow guns on campuses.,mostly-true,half-true,"['half-true', 'true', 'mostly-true', 'false', 'mostly-false', 'pants-fire']",6,True
"""A lot of student loans are already refinanced by the federal government.""",false,half-true,"['half-true', 'mostly-false', 'false', 'mostly-true', 'pants-fire', 'true']",6,True
"""(Newt Gingrich) voted in favor of establishing the Department of Education, and yet he gets in a debate and says we should get rid of the Department of Education and send all the education issues back to the states.""",half-true,false,"['false', 'mostly-false', 'half-true', 'pants-fire', 'mostly-true', 'true']",6,True
"Texas legislation ""would allow… teachers to kill their students if they felt it was needed.""",half-true,false,"['false', 'pants-fire']",2,False
"Says nobody in higher education believes Gov. Rick Perry’s proposal to ""serve up $10,000 college degrees"" is possible.",false,false,"['false', 'mostly-false', 'half-true', 'pants-fire', 'mostly-true']",5,True
"""Right now, we only keep 50 percent of Georgia Tech's graduates.""",mostly-true,false,"['false', 'mostly-false', 'pants-fire', 'half-true']",4,False
"""Dan Gelber: On the record against scholarships to help our needy children attend Jewish private schools.""",pants-fire,false,"['false', 'mostly-false', 'half-true', 'pants-fire', 'mostly-true', 'true']",6,True
"""For every extra year that a girl stays in secondary school, her chance of getting infected with HIV/AIDS decreases by half.""",mostly-true,half-true,"['half-true', 'false', 'mostly-true', 'mostly-false', 'true', 'pants-fire']",6,True
"Sarasota, Florida, teachers told they cannot purchase books, accept donated reading materials, order from Scholastic or hold book fairs.",half-true,false,"['false', 'mostly-false', 'half-true', 'pants-fire', 'mostly-true', 'true']",6,True
"Says his reform efforts improved performance at all 10 low-performing schools in Palm Beach, Florida.",half-true,false,"['false', 'mostly-false', 'half-true', 'pants-fire', 'true', 'mostly-true']",6,True
"American schools are ""more segregated than they were in the 1960s.""",mostly-true,false,"['false', 'mostly-false', 'half-true', 'mostly-true', 'pants-fire', 'true']",6,True
"""In Oregon, students are skipping math class to learn about the Bible.""",true,false,"['false', 'mostly-false', 'pants-fire', 'half-true']",4,False
"""Over half"" of science, technology, engineering and mathematics students ""receiving advanced degrees are not citizens of the United States of America.""",half-true,false,"['false', 'mostly-false', 'pants-fire', 'half-true']",4,True
"Comic strip says government study shows Head Start ""has little or no impact on the children it’s supposed to help.""",mostly-true,false,"['false', 'mostly-false', 'half-true', 'pants-fire']",4,False
"""Florida ranks 45th"" in the nation for tuition.",true,false,"['false', 'mostly-false', 'half-true', 'mostly-true', 'pants-fire', 'true']",6,True
“Even Fairfax County doesn’t pay the kind of (school administration) salaries that Richmond is paying right now.”,false,half-true,"['half-true', 'mostly-false', 'mostly-true', 'false', 'true', 'pants-fire']",6,True
"""(Charter schools in Missouri) are actually failing in a greater capacity than the public school systems.""",mostly-false,false,"['false', 'mostly-false', 'half-true', 'pants-fire', 'mostly-true']",5,True
The highest paid employee of the State of Rhode Island is a basketball coach.,true,false,"['false', 'mostly-false', 'half-true', 'pants-fire', 'true', 'mostly-true']",6,True
"Wisconsin education agency ""urged white students to wear white wristbands ‘as a reminder about your (white) privilege.’ """,mostly-false,false,"['false', 'mostly-false', 'pants-fire', 'half-true']",4,True
"""All charter schools are not-for-profit.""",half-true,false,"['false', 'mostly-false', 'half-true']",3,True
"Says the Obama administration is handing out a pamphlet titled, ""What To Do When The Veteran In Your Classroom Attempts A Mass Shooting""",pants-fire,false,"['false', 'pants-fire']",2,True
"Providence teachers ""can go five or six years without an evaluation.""",mostly-true,false,"['false', 'mostly-false', 'half-true', 'pants-fire', 'mostly-true', 'true']",6,True
"Says when Rhode Island Lottery was proposed, ""state residents were enticed to vote for it with the promise that the money would be used for education.""",false,half-true,"['half-true', 'mostly-false', 'false', 'mostly-true', 'pants-fire', 'true']",6,True
Nathan Deal saved the HOPE scholarship program.,mostly-true,half-true,"['half-true', 'false', 'mostly-false', 'mostly-true', 'true']",5,True
"Hispanic students in Florida perform ""the best"" of any Hispanic population in the United States.",half-true,false,"['false', 'mostly-false', 'half-true', 'pants-fire', 'mostly-true']",5,True
"""Half the kids coming out of college this year … can't find a job, or a job that's consistent with a college degree.""",true,half-true,"['half-true', 'false', 'mostly-false', 'mostly-true', 'pants-fire', 'true']",6,True
"""Did you know that in 2013 over 50 percent of all babies born in Oregon were Hispanic?""",false,false,"['false', 'mostly-false', 'pants-fire']",3,True
"""We have a 40 to 50 percent dropout rate in our inner-city schools.""",false,mostly-false,"['mostly-false', 'false', 'half-true', 'mostly-true', 'pants-fire', 'true']",6,True
Texas' public high school graduation rate is at 90% overall.,true,false,"['false', 'mostly-false', 'half-true', 'mostly-true', 'pants-fire', 'true']",6,True
"""Minnesota is kicking butt relative to Wisconsin on everything from employment and job creation to school test scores, educated work force and a host of other factors and rankings""",half-true,half-true,"['half-true', 'mostly-false', 'mostly-true', 'false', 'pants-fire', 'true']",6,True
"""Our minority graduation rate went from levels below Milwaukee and Madison, to above 80%"" when I was Beloit school superintendent.",mostly-true,false,"['false', 'mostly-false', 'half-true', 'pants-fire', 'mostly-true']",5,True
"Says Nevada state Sen. Michael Roberson ""forced Common Core for Nevada schools.""",half-true,false,"['false', 'mostly-false', 'half-true', 'pants-fire', 'mostly-true']",5,True
"Says ""kids who start in the ninth grade in the city of Newark this past September, 23 percent of them will graduate in four years.""",pants-fire,false,"['false', 'mostly-false', 'half-true', 'pants-fire', 'mostly-true', 'true']",6,True
"Students today ""take more years to get through"" college.",mostly-false,false,"['false', 'mostly-false', 'half-true', 'mostly-true', 'pants-fire', 'true']",6,True
"""We’re talking right now about a $12 billion hole in our current, so-called balanced"" state ""budget.""",half-true,mostly-false,"['mostly-false', 'half-true', 'false', 'mostly-true', 'pants-fire', 'true']",6,True
"""Test scores had gone up steadily for 40 years until No Child Left Behind and Race to the Top.""",mostly-false,half-true,"['half-true', 'mostly-false', 'false', 'mostly-true', 'pants-fire', 'true']",6,True
“There is no science or data to suggest that kids are at risk from COVID.”,false,false,"['false', 'pants-fire']",2,True
"“The Walker-Kleefisch administration slashed $800 million from public schools.""",mostly-false,false,"['false', 'mostly-false', 'half-true', 'pants-fire', 'mostly-true']",5,True
"A bill delaying the start of classes until Labor Day would permit school districts ""to shave 5 full weeks off the school year.""",true,false,"['false', 'mostly-false', 'half-true', 'mostly-true', 'pants-fire', 'true']",6,True
"""Half of American high school students are not familiar with the Holocaust.""",mostly-false,false,"['false', 'pants-fire', 'mostly-false']",3,True
The 2011 Legislature did not cut Texas public school funding.,pants-fire,false,"['false', 'mostly-false', 'pants-fire', 'half-true']",4,True
"The Austin Independent School District board voted to mandate ""a pornographic sex education policy that includes instruction on anal sex and how to place a condom on an erect penis.""",mostly-false,false,"['false', 'pants-fire', 'mostly-false']",3,True
"""We're still doing dumb things like telling the parent of an 11-year-old that it's against the law for them to tell their parents what they were tested on ... That will end when I'm governor.""",mostly-false,false,"['false', 'mostly-false', 'half-true', 'pants-fire', 'mostly-true', 'true']",6,True
"""Mark Harris has said he would abolish the Department of Education.""",true,false,"['false', 'mostly-false', 'half-true', 'pants-fire', 'mostly-true']",5,False
"""Over 200 of our 520 school districts did not have a single student in physics.""",mostly-false,false,"['false', 'mostly-false', 'pants-fire']",3,True
"Says the Florida House of Representatives allocated $24 billion, ""the greatest investment in education in Florida history!""",half-true,false,"['false', 'mostly-false', 'half-true', 'mostly-true', 'pants-fire']",5,True
"Says Gov. Scott Walker’s proposed reduction in university spending is ""about the size of the one"" under Democratic Gov. Jim Doyle, but Democrats didn’t treat Doyle’s cut as so dire.",mostly-true,half-true,"['half-true', 'mostly-false', 'false', 'mostly-true', 'pants-fire', 'true']",6,True
"Department of Education officials investigating Virginia Tech shootings ""have not once gotten into the car and driven down to Blacksburg to talk to the police chief or the university president or to anyone else.""",true,false,"['false', 'mostly-false', 'half-true', 'pants-fire', 'mostly-true', 'true']",6,True
"""House Republicans are ramming through legislation ... to classify pizza as a 'vegetable' for the purpose of school lunches.""",half-true,false,"['false', 'mostly-false', 'pants-fire', 'half-true']",4,True
"Says David Perdue wants to abolish the U.S. Department of Education, which would cost Georgia schools $1 billion a year and eliminate millions in student loans.",half-true,false,"['false', 'mostly-false', 'half-true', 'pants-fire', 'mostly-true', 'true']",6,True
"""We have the best schools in the United States.""",mostly-false,false,"['false', 'mostly-false', 'pants-fire']",3,True
"""We’re spending tremendous amounts of money to educate our kids. In the world, we're No. 1 per pupil by a factor of four.""",mostly-false,false,"['false', 'mostly-false']",2,True
"""Half the kids in this country, when they graduate, can’t read their diploma.”",mostly-false,false,"['false', 'mostly-false', 'pants-fire', 'half-true']",4,True
Florida’s in-state college tuition waiver for immigrants in the country illegally costs the state $41 million.,mostly-false,false,"['false', 'mostly-false', 'half-true', 'pants-fire', 'true']",5,True
"""Some of the colleges, including A&M, have already guaranteed that they will not increase their tuition.""",mostly-false,mostly-false,"['mostly-false', 'half-true', 'false', 'mostly-true', 'pants-fire', 'true']",6,True
"Says over the last two years, New Jersey Schools Development Authority employees ""have not started or completed one single school project, and I’m not talking about major school renovation. I’m talking about replacing boilers, roofs.""",false,false,"['false', 'mostly-false', 'half-true', 'mostly-true', 'pants-fire', 'true']",6,True
"The University of Wisconsin System had a ""jobs-for-life tenure program"" for professors.",half-true,false,"['false', 'mostly-false', 'half-true', 'pants-fire', 'true']",5,True
Eighty percent of the school tax bills in the state of Pennsylvania went up over last year.,half-true,false,"['false', 'mostly-false', 'half-true', 'pants-fire', 'true']",5,True
Says “John James supported Betsy DeVos’ agenda to cut public school funding and put it into wealthy private schools instead.”,mostly-false,false,"['false', 'mostly-false', 'half-true', 'pants-fire', 'mostly-true']",5,True
"""I have cut taxes 63 times, including a 2006 property tax reduction that ranks as the largest in state history.""",mostly-false,half-true,"['half-true', 'false', 'mostly-false', 'mostly-true', 'true', 'pants-fire']",6,True
"""California's Attorney General, Xavier Becerra is putting together plans to raise property tax revenue by eliminating the only thing keeping some people's property tax from sky rocketing, Prop 13.""",false,false,"['false', 'mostly-false', 'half-true', 'pants-fire', 'mostly-true', 'true']",6,True
"""Violent crime is up since the last year of Sharpe James’ administration. This year it’s higher. … The unemployment rate is almost 15 percent. The high school dropout rate is over 50 percent.""",half-true,false,"['false', 'mostly-false', 'half-true', 'pants-fire', 'mostly-true', 'true']",6,True
"In New York City, ""an entry level janitor gets paid twice as much as an entry level teacher.""",false,false,"['false', 'pants-fire', 'mostly-false']",3,True
"When students leave our high schools and they go to the community college, 70-75 percent of them have to pay to take remedial math.",mostly-true,mostly-false,"['mostly-false', 'false', 'half-true', 'mostly-true', 'pants-fire']",5,True
"The U.S. Supreme Court ruled that public school in the United States ""will not teach the tenets of Islam or Sharia Law.""",pants-fire,false,"['false', 'pants-fire', 'mostly-false']",3,True
"""U.S. teenagers have now fallen behind their counterparts in Ireland, Poland and even Vietnam in math and science.""",mostly-true,false,"['false', 'mostly-false', 'half-true', 'pants-fire', 'mostly-true', 'true']",6,True
"""Fourth grade reading and math scores, first in the nation. Eighth grade reading, first. High school AP classes and college education, both ranked first in the nation.""",mostly-false,false,"['false', 'mostly-false', 'half-true', 'pants-fire', 'mostly-true']",5,True
"""The Austin school district calendar lists 64 different dates for either a state-mandated test or make-up test.""",mostly-false,false,"['false', 'mostly-false', 'half-true', 'mostly-true', 'true', 'pants-fire']",6,True
"The United States is ""number 14, number 15"" in college graduation rates, and ""we're leading the world in high school dropout rates.""",half-true,false,"['false', 'mostly-false', 'half-true', 'mostly-true', 'pants-fire', 'true']",6,True
"""Tim Kaine hiked tuition as governor, but now claims to champion affordability.""",half-true,false,"['false', 'half-true', 'mostly-false', 'mostly-true', 'pants-fire', 'true']",6,True
"Florida’s ""high school graduation rates continue to increase at the fastest rate in the nation, with Florida leading the nation in the rate of Hispanic graduates.""",half-true,mostly-false,"['mostly-false', 'false', 'half-true', 'mostly-true', 'pants-fire', 'true']",6,True
"In-state tuition available ""for non-U.S. citizens after three years … veterans have to wait five years.""",mostly-false,half-true,"['half-true', 'mostly-false', 'false', 'mostly-true', 'pants-fire', 'true']",6,True
"Says he ""restored prayer and the pledge in our schools.""",half-true,false,"['false', 'mostly-false', 'half-true', 'mostly-true', 'pants-fire', 'true']",6,True
"""Higher education is one of America's strongest export sectors. Over 1 million international students studied at American universities, (in the) 2018-19 school year. They contributed over $40 billion to the economy.”",true,true,"['true', 'mostly-true', 'half-true']",3,True
"“There’s still (only) a handful of school districts"" doing no in-person instruction.",true,mostly-false,"['mostly-false', 'half-true', 'false', 'mostly-true', 'pants-fire', 'true']",6,True
"Says restoring Georgia pre-k to a 180-day program was a ""real result"" of his leadership.",half-true,half-true,"['half-true', 'mostly-true', 'mostly-false', 'false', 'true', 'pants-fire']",6,True
"Says a Texas Senate committee considering ""private school voucher"" legislation randomly called people to testify regardless of when the people submitted requests to testify.",true,mostly-false,"['mostly-false', 'false', 'half-true', 'pants-fire', 'mostly-true', 'true']",6,True
"""$3 billion over the next five years will be taken out of our public schools and be put into vouchers.""",mostly-false,false,"['false', 'mostly-false', 'half-true', 'pants-fire']",4,True
"Atlanta Public Schools’ 2011 CRCT tests were ""given under the strictest security possible.""",false,false,"['false', 'mostly-false', 'pants-fire', 'half-true', 'true']",5,True
"""Texas now has the second-highest high school graduation rate in the country. And it has the highest graduation rate for African Americans and Hispanics.""",mostly-true,false,"['false', 'mostly-false', 'half-true', 'mostly-true', 'pants-fire', 'true']",6,True
"Under the House Republican budget, ""if these cuts were to be spread out evenly … the year after next, nearly 10 million college students would see their financial aid cut by an average of more than $1,000 each.""",half-true,false,"['false', 'mostly-false', 'half-true', 'mostly-true', 'pants-fire', 'true']",6,True
"""I think it’s seven or eight of the California system of universities don’t even teach an American history course. It’s not even available to be taught.""",false,false,"['false', 'mostly-false', 'pants-fire']",3,True
"""[Federal] law says that you can't give in-state tuition to an illegal alien … unless you first offer it to any other student regardless of their state of residence.""",mostly-false,false,"['false', 'mostly-false', 'half-true', 'pants-fire', 'mostly-true', 'true']",6,True
"“The facility (NextGen Precision Health Institute) construction alone will bring 3,400 jobs and $472 million in revenue to Missouri.”",mostly-true,half-true,"['half-true', 'mostly-false', 'false', 'mostly-true', 'pants-fire', 'true']",6,True
"“The GOP has failed to invest in our campuses, making WI fall to 42nd in the nation in state support.”",mostly-true,half-true,"['half-true', 'mostly-false', 'mostly-true', 'false', 'true', 'pants-fire']",6,True
"Terry McAuliffe ""wants to raise your taxes $1,700 to pay for his infinite promises.""",false,false,"['false', 'mostly-false', 'pants-fire', 'half-true']",4,True
"""Will (HB2) threaten federal funding for public schools under Title IX? No, according to a federal court which has looked at a similar issue.""",half-true,mostly-false,"['mostly-false', 'half-true', 'false', 'mostly-true', 'true', 'pants-fire']",6,True
"Schoolchildren across the nation ""will be forced to watch the president justify his plans for government-run health care, banks, and automobile companies, increasing taxes on those who create jobs, and racking up more debt than any other president.""",pants-fire,false,"['false', 'mostly-false', 'pants-fire']",3,True
"“With the combined salary of the 87,000 new IRS Agents ($81,456 average annual salary), you could put a police officer ($55,117) in every public school in the nation (97,568) and still have 31,007 police officers or $1,709,012,819 left over.”",mostly-false,false,"['false', 'mostly-false', 'half-true', 'pants-fire', 'mostly-true', 'true']",6,True
"""The brutal fact is, when it comes to education, America is slipping"" behind other nations.",mostly-false,half-true,"['half-true', 'mostly-false', 'mostly-true', 'false', 'true', 'pants-fire']",6,True
"""After (Jeb) Bush’s two terms in office, Florida’s graduation rate was dead last and remains near the bottom.""",mostly-true,false,"['false', 'mostly-false', 'half-true', 'mostly-true', 'pants-fire', 'true']",6,True
"Ken Cuccinelli would ""take money away from public schools to fund private schools.""",mostly-false,false,"['false', 'mostly-false', 'half-true', 'pants-fire', 'mostly-true', 'true']",6,True
"""We are the only advanced industrialized nation that bases our educational funding on property taxes.""",half-true,false,"['false', 'mostly-false', 'half-true', 'pants-fire', 'mostly-true', 'true']",6,True
"The United States is “last in education out of 40 states … but we're number one in cost per pupil.""",false,false,"['false', 'mostly-false', 'pants-fire', 'half-true']",4,True
"""Pre-K has gone down since the current mayor took office.""",mostly-false,false,"['false', 'mostly-false', 'half-true', 'pants-fire', 'mostly-true', 'true']",6,True
"Eliminating affirmative action in admissions in Florida led to ""more African American and Hispanic kids attending our university system"" than before.",mostly-false,false,"['false', 'mostly-false', 'pants-fire', 'half-true']",4,True
"""The waiting list for Pre-K is over in the House budget.""",true,false,"['false', 'mostly-false', 'half-true', 'pants-fire', 'mostly-true']",5,False
"""There are 321,092 public school teachers in Texas. And there are 313,850 non-teachers in our public schools.""",mostly-true,false,"['false', 'mostly-false', 'half-true', 'pants-fire', 'mostly-true', 'true']",6,True
“All of the science and data say it’s perfectly safe to have teachers and students in the classroom.”,false,false,"['false', 'mostly-false', 'half-true', 'pants-fire']",4,True
"Says 13 Texas universities ""have announced or implemented a $10,000 degree.""",mostly-false,false,"['false', 'mostly-false', 'half-true', 'pants-fire', 'mostly-true']",5,True
"Scott Lassiter “repeatedly campaigned to promote” North Carolina's “largest-ever” school funding cut, sending public school money to “unaccountable private schools” and ending science education.",false,false,"['false', 'mostly-false', 'half-true', 'pants-fire', 'mostly-true', 'true']",6,True
"""My opponent supported policies that increased tuition by 18 percent.""",false,false,"['false', 'mostly-false', 'half-true', 'pants-fire', 'mostly-true', 'true']",6,True
Says public education will get more money in 2012-13 though lawmakers cut $15 billion in overall spending.,half-true,false,"['false', 'mostly-false', 'half-true', 'pants-fire', 'mostly-true']",5,True
"Under Republican-backed state budget, the state education agency estimates expansion of Wisconsin’s school voucher program ""could cost nearly $2 billion annually""",pants-fire,false,"['false', 'mostly-false', 'half-true', 'mostly-true', 'pants-fire', 'true']",6,True
"Roy Barnes ""made Georgia dead last in education"" and Georgia ""led the nation in job losses.""",half-true,false,"['false', 'mostly-false', 'pants-fire', 'half-true']",4,True
"Says Jeb Bush ""oversaw (an) average in-state tuition increase of 48.2 percent during his tenure.""",mostly-true,false,"['false', 'half-true', 'mostly-false', 'mostly-true', 'pants-fire', 'true']",6,True
"""The Federal Reserve system has presided over about a 95... percent decline in the U.S. dollar.""",mostly-false,false,"['false', 'mostly-false', 'pants-fire']",3,True
"""With Rick Scott, there are more funds for preschool education.""",mostly-false,false,"['false', 'mostly-false', 'half-true', 'pants-fire', 'mostly-true']",5,True
"Says that as Providence’s mayor, David Cicilline said the city had a ""world-class … school system. Not only did Providence not have a world-class school system but as measured, was amongst the last school system in the entire country.""",false,false,"['false', 'mostly-false', 'pants-fire', 'half-true', 'mostly-true', 'true']",6,True
“The number of ICU beds is larger in Boone County by a factor of three” compared to Orange County for the University of North Carolina.,false,false,"['false', 'mostly-false', 'half-true', 'pants-fire', 'mostly-true', 'true']",6,True
"""When I was governor, not only did test scores improve – we also narrowed the achievement gap.""",half-true,mostly-false,"['mostly-false', 'half-true', 'false', 'mostly-true', 'pants-fire', 'true']",6,True
"""Under Governor Crist, 3,000 teachers laid off.""",mostly-false,false,"['false', 'mostly-false', 'half-true', 'pants-fire', 'mostly-true', 'true']",6,True
"""Arizona schools rank 45th in the nation, dead last in funding per student.""",mostly-true,false,"['false', 'mostly-false', 'half-true', 'pants-fire', 'mostly-true']",5,True
"State budget cuts for local schools resulted in ""nearly 4,000 educator layoffs""",false,mostly-false,"['mostly-false', 'false', 'half-true', 'mostly-true', 'pants-fire', 'true']",6,True
"""A few weeks ago, (the) education committee in Congress is deciding what’s going to be in your local salad bar.""",false,false,"['false', 'pants-fire', 'mostly-false']",3,True
"Then-Gov. Carl Sanders put 56 percent of the state budget into education, a figure that has not been achieved since.",mostly-true,false,"['false', 'mostly-false', 'half-true', 'pants-fire', 'mostly-true', 'true']",6,True
"""Since 2009, Georgia's public schools have lost nearly 9,000 classroom teachers while the number of students has gone up.""",true,false,"['false', 'mostly-false', 'half-true', 'mostly-true', 'true', 'pants-fire']",6,True
"""West Virginia spends more tax dollars on public education than all but 13 other states and the District of Columbia.""",false,false,"['false', 'mostly-false', 'half-true', 'pants-fire', 'mostly-true']",5,True
"When Haitians go to school in Springfield, Ohio, they “take the place of our children in school” and “each one will have a private interpreter.""",false,false,"['false', 'pants-fire']",2,True
"Chris ""Sununu supported Obama’s Common Core agenda, taking away local control of our schools.""",mostly-false,false,"['false', 'mostly-false', 'half-true', 'pants-fire']",4,True
"Gov. Rick Perry ""used $3.2 billion in stimulus dollars for schools to plug other holes in his budget.""",mostly-false,false,"['false', 'mostly-false', 'half-true', 'pants-fire', 'mostly-true', 'true']",6,True
"""I took over the school district when it had a $1 billion structural deficit and left them with $1 billion in cash and 70,000 more students than they have today.""",mostly-true,false,"['false', 'mostly-false', 'half-true', 'pants-fire', 'true']",5,False
"""In Massachusetts, Gov. Romney narrowed the gap between students of different races.""",half-true,false,"['false', 'mostly-false', 'half-true', 'pants-fire', 'mostly-true']",5,True
"""United States students are achieving at number 25 out of 29 developing countries when it comes to science and math.""",false,false,"['false', 'mostly-false', 'pants-fire', 'half-true', 'true']",5,True
"""When colleges and universities are added, education spending is the biggest item in the state budget — about 52 percent of all state dollars.""",mostly-true,false,"['false', 'mostly-false', 'half-true', 'pants-fire', 'mostly-true']",5,True
"""Things like … having Friday classes have been shown to be very effective on college campuses"" in reducing drinking.",half-true,half-true,"['half-true', 'mostly-true', 'mostly-false', 'false', 'pants-fire', 'true']",6,True
Says Stephen F. Austin and James Bowie promoted slavery.,true,false,"['false', 'mostly-false', 'pants-fire', 'half-true']",4,False
"The University of Texas is starting ""the first medical school at a major Tier One"" university ""in the last 50 years.""",mostly-true,false,"['false', 'mostly-false', 'half-true', 'mostly-true', 'true', 'pants-fire']",6,True
"""In eighth grade math, we’ve fallen to ninth place.""",false,false,"['false', 'mostly-false', 'half-true', 'pants-fire', 'true', 'mostly-true']",6,True
Virginia’s “education standards for math and reading are now the lowest in the nation.”,half-true,false,"['false', 'mostly-false', 'pants-fire', 'half-true']",4,True
"""In 2012, 1 in 4 Wisconsin schools had a subpar score on the Department of Public Instruction’s recent report cards"" and are ""failing"" the children they serve.",pants-fire,false,"['false', 'mostly-false', 'half-true', 'mostly-true', 'pants-fire', 'true']",6,True
"""In Texas, we teach both creationism and evolution in our public schools.""",false,false,"['false', 'mostly-false', 'pants-fire', 'half-true']",4,True
"""Florida schools (were) still open during the start of the hurricane.""",false,false,"['false', 'mostly-false', 'half-true', 'pants-fire', 'true']",5,True
"""In Mobile, it’s something like, 1,700 families generate 80 percent of the crime. We know who those families are.""",half-true,false,"['false', 'mostly-false', 'pants-fire']",3,False
"Last year, Beaverton School District had the highest number of homeless students ever recorded in Oregon.",false,false,"['false', 'mostly-false', 'half-true', 'pants-fire', 'true', 'mostly-true']",6,True
"Says there are ""concrete examples"" of University of Texas job applicants or prospective applicants and students as well as invited speakers changing their minds because of handguns being allowed in campus buildings and classrooms.",true,half-true,"['half-true', 'mostly-false', 'false', 'mostly-true', 'pants-fire', 'true']",6,True
“More than half of Virginia’s school buildings are older than 50 years.”,true,false,"['false', 'mostly-false', 'half-true', 'mostly-true', 'pants-fire', 'true']",6,True
"Says in his years as a Texas legislator, ""we passed three pay increases for teachers and provided them with health insurance.""",mostly-true,mostly-true,"['mostly-true', 'half-true', 'true', 'mostly-false', 'false', 'pants-fire']",6,True
"Says Anthropology is a STEM (science, technology, engineering, math) field.",half-true,false,"['false', 'mostly-false', 'half-true', 'true', 'pants-fire', 'mostly-true']",6,True
Says more than eight countries lead the United States in the percentage of college graduates.,mostly-true,false,"['false', 'mostly-false', 'half-true', 'pants-fire', 'true', 'mostly-true']",6,True
"""Our school test scores are right at the bottom.""",half-true,false,"['false', 'mostly-false', 'half-true', 'pants-fire', 'mostly-true', 'true']",6,True
"Says opponents of proposed Austin school district bonds say the district’s ""debt load doubles with these new bonds.""",half-true,half-true,"['half-true', 'mostly-false', 'false', 'mostly-true', 'true', 'pants-fire']",6,True
"Central Falls ""schools are overfunded by state money by as much as $8 million.""",half-true,false,"['false', 'mostly-false', 'pants-fire', 'half-true', 'true']",5,True
