statement,true_verdict,predicted_verdict,prediction_set,set_size,is_covered
“They removed your ability to go buy firearms the day of election.”,false,false,"['half-true', 'mostly-false', 'false', 'pants-fire']",4,True
"Five Wisconsin cities received money for the 2020 election from Mark Zuckerberg, which amounted to ""a wave of massive election bribery.""",pants-fire,false,"['false', 'pants-fire']",2,True
"If Joe Biden steps down, Nancy Pelosi will become vice president.",false,false,['false'],1,True
"In voting by mail, “hundreds of thousands of ballots have been rejected for defects and millions more end up missing or in landfills.”",mostly-false,false,"['half-true', 'mostly-false', 'false', 'pants-fire']",4,True
“Every single Senate Democrat voted against hiring more border agents. They voted against deporting felons. And they voted against ending catch and release.”,mostly-false,false,"['half-true', 'mostly-false', 'false', 'pants-fire']",4,True
“No governor in Virginia has ever won when...he or she is the same party as the sitting president.”,false,false,"['mostly-false', 'false', 'pants-fire']",3,True
"States with voter ID laws have seen ""zero decrease"" in participation. ""Most have seen an increase.""",mostly-false,false,"['half-true', 'mostly-false', 'false', 'pants-fire']",4,True
"""In December of 2017, the Prince William board of supervisors had a meeting ... (Corey Stewart) skipped that meeting to go campaign in Alabama for Roy Moore to be a U.S. senator … You haven't disavowed Roy Moore's name yet.""",true,false,"['true', 'mostly-true', 'half-true', 'mostly-false', 'false', 'pants-fire']",6,True
"""Legally, it doesn't make any difference"" which state district you live in when running for Congress.",true,true,['true'],1,True
"“If you count the legal votes, I easily win. If you count the illegal votes, they can try to steal the election from us.”",pants-fire,false,"['mostly-false', 'false', 'pants-fire']",3,True
“The New York City ballot form is a scam” because “mayoral candidates appear twice.”,false,false,"['mostly-false', 'false', 'pants-fire']",3,True
"""Chris Christie has led New Jersey to a record-breaking 9 credit downgrades.""",mostly-true,false,"['true', 'mostly-true', 'half-true', 'mostly-false', 'false', 'pants-fire']",6,True
"""Since 2015, Scott Walker has not done a public event where you don't have to pay admission or be on an approved list.""",half-true,half-true,"['mostly-true', 'half-true', 'mostly-false', 'false', 'pants-fire']",5,True
"“Electronic voting machines didn't allow people to vote” in Maricopa County, Arizona.",false,false,['false'],1,True
"“You’ve probably heard that Taylor Swift is endorsing Joe B.""",false,false,['false'],1,True
“The FBI tapped my phone” and those of other senators.,mostly-false,false,"['mostly-false', 'false', 'pants-fire']",3,True
"“This month alone, more than 16,000 non-citizens have been removed from the voter rolls in 3 states.”",half-true,false,"['half-true', 'mostly-false', 'false', 'pants-fire']",4,True
"""@realDonaldTrump is coming to San Antonio, which is 60% Mexican-AMERICAN.""",mostly-true,false,"['true', 'mostly-true', 'half-true', 'mostly-false', 'false']",5,True
"CNN coverage has evidence of the “single most egregious, real-time example of electronic vote fraud.”",pants-fire,false,"['mostly-false', 'false', 'pants-fire']",3,True
“Prices are up because these corporations are scheming to drive them up.”,mostly-false,mostly-false,"['mostly-true', 'half-true', 'mostly-false', 'false', 'pants-fire']",5,True
"Says Sen. Bob Casey, D-Pa., “is trying to change the outcome of the election by counting NON-CITIZEN votes.”",false,false,"['mostly-false', 'false', 'pants-fire']",3,True
Pens provided by Maricopa County are part of a plot to rig the Arizona primary.,false,false,"['mostly-false', 'false']",2,True
Former President Donald Trump “cut overtime benefits for millions of workers.”,mostly-false,false,"['half-true', 'mostly-false', 'false', 'pants-fire']",4,True
An “anti-Black Lives Matter” flag replaced the American flag behind President Trump during a Waukesha campaign rally.,mostly-true,false,"['mostly-false', 'false', 'pants-fire']",3,False
"Voting for ""any Democrat"" gets you ""socialism ... undefended open borders ... immediate tax increases ... 100 percent government-run health care ...""",pants-fire,false,"['mostly-false', 'false']",2,False
"Says he ""fought Obama twice and won to stop illegal immigrants from voting.""",false,false,"['mostly-false', 'false']",2,True
"I received ""more votes from young people — black, white, Latino, Asian American and Native American — than Donald Trump and Hillary Clinton combined.""",mostly-true,false,"['true', 'mostly-true', 'half-true', 'mostly-false', 'false', 'pants-fire']",6,True
An election worker in Georgia threw away a ballot.,false,false,"['mostly-false', 'false']",2,True
Ted Cruz is in negotiations to be Donald Trump’s running mate.,false,false,"['mostly-false', 'false', 'pants-fire']",3,True
"Sen. Kay Bailey Hutchison's  ""concession speech came with less than 20 percent of the precincts  having been counted.""",mostly-true,mostly-true,"['mostly-true', 'half-true', 'mostly-false', 'false']",4,True
"McCain ""hired some of the biggest lobbyists in Washington to run his campaign.""",true,false,"['true', 'mostly-true', 'half-true', 'mostly-false', 'false', 'pants-fire']",6,True
"""21% of 140,000 ballots were found to be in error in GA.”",mostly-false,false,"['mostly-false', 'false']",2,True
"Says Sen. Mitch McConnell's delay in seating Alabama Sen.-elect Doug Jones ""is a flagrant violation of Senate policy, which requires Jones assume office the instant one of them wins the election.""",false,false,"['mostly-false', 'false', 'pants-fire']",3,True
“Voter fraud investigations are being banned by Michigan lawmakers!”,false,false,"['mostly-false', 'false', 'pants-fire']",3,True
"Judge Jeff Davis ""spent years defending a convicted cop killer"" and ""tried to get him off the hook.""",half-true,false,"['half-true', 'mostly-false', 'false', 'pants-fire']",4,True
"""The president came in and campaigned against me 12 times.""",mostly-false,false,"['mostly-false', 'false']",2,True
"The 2020 election could not have been fair because “Los Angeles County agreed, during litigation, that there were 1.2 million ineligible voters after the election.”",false,false,"['mostly-false', 'false', 'pants-fire']",3,True
Says Joe Biden said “dozens of police were killed” during the Jan. 6 attack on the U.S. Capitol but “exactly zero people” died that day.,pants-fire,false,['false'],1,False
"""Barack Obama said he would debate 'anywhere, anytime' but has rejected joint town hall meetings.""",half-true,half-true,"['mostly-true', 'half-true', 'mostly-false', 'false']",4,True
"The audit of the 2020 presidential election in Maricopa County, Ariz., “cost the taxpayers $6 million.”",mostly-false,false,"['mostly-false', 'false', 'pants-fire']",3,True
"""In Cuyahoga County ... 56 percent of weekend voters in 2008 were African American while adult African Americans comprise 28 percent of the county population.""",true,true,['true'],1,True
"""I won the South Carolina primary in 2004, and I was way behind in the polls at this stage in 2004.""",half-true,mostly-true,"['mostly-true', 'half-true', 'mostly-false', 'false']",4,True
The order of candidate names on North Carolina’s ballot shows a “clear attempt at voter manipulation.”,false,false,"['mostly-false', 'false', 'pants-fire']",3,True
"""Nearly 200,000 Florida voters may not be citizens.""",false,false,"['mostly-false', 'false', 'pants-fire']",3,True
"He's been endorsed by ""every major newspaper here in the state of Texas.""",true,true,['true'],1,True
"""Let me say that I don't think (Bernie Sanders has) had a single negative ad ever run against him.""",false,false,"['half-true', 'mostly-false', 'false', 'pants-fire']",4,True
"Vans filled with 50,000 ballots show up in Philadelphia during live MSNBC report.",false,false,"['mostly-false', 'false', 'pants-fire']",3,True
"The U.S. House Select Committee that investigated the Jan. 6, 2021, attack on the U.S. Capitol “deleted and destroyed all of the information that they collected over two years.”",false,false,"['mostly-false', 'false', 'pants-fire']",3,True
“Dave McCormick is fully against abortion.”,mostly-false,false,"['half-true', 'mostly-false', 'false', 'pants-fire']",4,True
An obscure filing with the Federal Election Commission shows Biden has formally announced his bid for another term.,false,false,"['false', 'pants-fire']",2,True
"“The recent statement by Chris Krebs on the security of the 2020 Election was highly inaccurate, in that there were massive improprieties and fraud.""",pants-fire,false,"['false', 'pants-fire']",2,True
"""#Broward elections department has a history of violating the law.""",mostly-true,false,"['mostly-false', 'false']",2,False
Dominion Voting Systems employee Eric Coomer told an Antifa meeting he “made sure” Donald Trump wouldn’t win.,false,false,"['false', 'pants-fire']",2,True
"Says gubernatorial candidate Clay Pell ""hasn't spent a dime on advertising.""",pants-fire,false,"['mostly-false', 'false']",2,False
"""A record number of Hispanics were elected to the U.S House of Representatives...""",mostly-true,true,"['true', 'mostly-true', 'half-true', 'mostly-false', 'false']",5,True
"Goldman Sachs was Barack Obama's ""No. 1 private contributor.""",true,true,"['true', 'mostly-true', 'half-true', 'mostly-false', 'false']",5,True
"Says that several times in the last 15 years, Austin City Council candidates have won seats after trailing by more than 4,000 votes in the election prompting the runoff.",half-true,half-true,"['mostly-true', 'half-true', 'mostly-false', 'false']",4,True
"""Today roughly half of born-again Christians aren’t voting. They’re staying home.""",mostly-false,false,"['mostly-true', 'half-true', 'mostly-false', 'false', 'pants-fire']",5,True
"Last year, Democrats won nearly 50% of the vote, yet they hold only 38% of the seats in the state House and 30% of the seats in the state Senate.",mostly-true,false,"['true', 'mostly-true', 'half-true', 'mostly-false', 'false']",5,True
Says President Joe Biden said that Democrats should not vote in the New Hampshire primary.,pants-fire,false,"['false', 'pants-fire']",2,True
"Says Greg Abbott ""converted over $1 million in federal grant money intended for use to prosecute online sexual predators and other cyber crimes and instead used it to harass and prosecute senior citizens who were assisting other senior citizens in applying for mail-in ballots.""",false,false,"['true', 'mostly-true', 'half-true', 'mostly-false', 'false', 'pants-fire']",6,True
"""There's no negative advertising in my campaign at all.""",pants-fire,false,"['false', 'pants-fire']",2,True
"Because the Federal Reserve recently cut interest rates to near 0%, “the Fed will be of little consequence now. They’ve already used what leverage they have.”",false,false,"['half-true', 'mostly-false', 'false', 'pants-fire']",4,True
“Bloomberg spent $500 million on ads. The U.S. population is 327 million. He could have given each American $1 million and still have money left over.”,pants-fire,false,"['false', 'pants-fire']",2,True
"""Nothing in the Constitution explicitly guarantees our right to vote.""",true,false,"['true', 'mostly-true', 'half-true', 'mostly-false', 'false', 'pants-fire']",6,True
"Says the U.S. election system is ""rigged.""",pants-fire,false,"['mostly-false', 'false', 'pants-fire']",3,True
"Says Donald Trump's claim that ""there was insufficient evidence and therefore, in our country, a person is innocent"" directly contradicts Special Counsel Robert Mueller’s statement.",mostly-true,false,"['half-true', 'mostly-false', 'false', 'pants-fire']",4,False
Opposition to having a fully elected Chicago Board of Education is in the “super minority.”,true,true,"['true', 'mostly-true', 'half-true', 'mostly-false', 'false', 'pants-fire']",6,True
“This is the third time we’ve won but this is the biggest win” in Iowa caucus.,false,false,['false'],1,True
"A “ballot mule” was caught on camera Nov. 2 in Lincoln, Nebraska.",pants-fire,false,"['false', 'pants-fire']",2,True
"After the inauguration, Meta forced users to follow President Donald Trump and Vice President JD Vance on Facebook, Instagram and Threads.",false,false,"['false', 'pants-fire']",2,True
"""I did very well with young people in Ohio, Massachusetts, California.""",half-true,half-true,"['mostly-true', 'half-true']",2,True
Adam Laxalt took “campaign cash” from drug companies “and used his office to block local attempts at holding one of the worst offenders accountable.”,mostly-false,mostly-false,"['mostly-true', 'half-true', 'mostly-false', 'false', 'pants-fire']",5,True
"""700 jobs (were) lost because Allen Boyd"" voted for the health care bill.",mostly-false,false,"['mostly-false', 'false', 'pants-fire']",3,True
"“In Nevada, the GOP is succeeding in throwing out the votes of thousands of young people.”",mostly-false,false,"['half-true', 'mostly-false', 'false']",3,True
There are “22 million illegal aliens living in America and ... voting illegally.”,false,false,"['false', 'pants-fire']",2,True
"Joe Biden “is letting millions of people from jails, from prisons, from insane asylums, from mental institutions, drug dealers pour in.”",pants-fire,false,"['mostly-false', 'false', 'pants-fire']",3,True
"“So California is requiring signature verification for Gavin Newsom’s recall, but didn’t require it for the mail in ballots.”",pants-fire,false,"['mostly-false', 'false']",2,False
Says Biden “didn’t win in Arizona. He lost in Arizona based on the forensic audit.”,pants-fire,false,['false'],1,False
“We are now the only country in the world that uses mail-in voting.”,false,false,"['false', 'pants-fire']",2,True
"“At least 450,000 ballots in the key states ... miraculously only have a mark for Joe Biden on them, and no other candidate.""",false,false,"['false', 'pants-fire']",2,True
"Says voter roll purge would mean ""more than 200,000 registered Wisconsin voters will be prohibited from voting.""",pants-fire,false,"['half-true', 'mostly-false', 'false', 'pants-fire']",4,True
Valid IDs are not required for voting.,mostly-false,false,"['mostly-false', 'false']",2,True
"“Every single county in America, every single county, Kamala Harris did worse than Joe Biden did.”",false,false,"['mostly-false', 'false', 'pants-fire']",3,True
"""Former Gov. Rick Perry signed a law that a federal court said was actually written with the purpose of discriminating against minority voters.""",mostly-true,false,"['mostly-false', 'false']",2,False
"Four Florida counties had “zero results” Oct. 26, and “something underhanded might be happening.”",false,false,"['mostly-false', 'false']",2,True
Dwayne “The Rock” Johnson was booed in Las Vegas because he’s a Joe Biden supporter.,false,false,"['false', 'pants-fire']",2,True
"""The 2008 election was the first election in which voters of color comprised over 25 percent of the electorate, and that number is going up.""",true,true,"['true', 'mostly-true', 'half-true', 'mostly-false', 'false']",5,True
Says U.S. Sen. Tammy Baldwin “has done absolutely nothing” about the fentanyl crisis.,false,false,"['half-true', 'mostly-false', 'false', 'pants-fire']",4,True
Vice President Kamala Harris “is a communist. … She is really a Marxist.”,pants-fire,false,"['mostly-false', 'false', 'pants-fire']",3,True
"""Gov. Rick Scott signed into law a bill that gives Florida's public officials an easy way to avoid disclosing their personal finances.""",half-true,false,"['half-true', 'mostly-false', 'false', 'pants-fire']",4,True
"A North Carolina study proves that ""probably over a million people voted twice in (the 2012) election.""",false,false,"['mostly-false', 'false', 'pants-fire']",3,True
A Dominion representative in Gwinnett County improperly downloaded election data to “manipulate the data.”,pants-fire,false,"['mostly-false', 'false']",2,False
"""President Obama took more money from Wall Street in the 2008 campaign than anybody ever had.""",mostly-true,false,"['mostly-false', 'false']",2,False
Says he didn't tell viewers that the Obama campaign hid news about the motives behind the attack in Benghazi because Obama was running for re-election.,mostly-false,false,"['half-true', 'mostly-false', 'false', 'pants-fire']",4,True
Says the NAACP's Ohio chapter has endorsed Issue 2.,mostly-false,false,"['mostly-false', 'false']",2,True
“Breaking: Judiciary Democrats just voted to support non-citizens voting in our elections.”,false,false,"['mostly-false', 'false', 'pants-fire']",3,True
Kamala Harris has adopted the Nazi-rooted phrase “Strength Through Joy” as her campaign slogan.,false,false,['false'],1,True
"New and proposed state laws on voting mean “if you are going to be standing in that line for all those hours, you can’t have any water or any food.”",mostly-false,false,"['mostly-true', 'half-true', 'mostly-false', 'false']",4,True
"""When we go to vote, they ask for driver's license and verify that you are a voter and a citizen in the state of Texas.""",half-true,half-true,"['mostly-true', 'half-true', 'mostly-false', 'false']",4,True
"“60% of Alaska voters voted for a Republican, but thanks to a convoluted process and ballot exhaustion — which disenfranchises voters — a Democrat ‘won.’""",mostly-false,false,"['half-true', 'mostly-false', 'false', 'pants-fire']",4,True
"""It is senior citizens, not Hispanics, who are the fastest-growing demographic in this country.""",mostly-false,false,"['mostly-false', 'false', 'pants-fire']",3,True
“Wisconsin is almost equally divided on partisan lines” and therefore new Legislative maps could be drawn to “represent that 50-50 split.”,mostly-false,false,"['half-true', 'mostly-false', 'false', 'pants-fire']",4,True
"""Alabama state police arrest 3 poll workers in Birmingham.""",pants-fire,false,"['false', 'pants-fire']",2,True
"Ohio ""thought that our (voting) machines were so awful we got rid of them, but South Carolina bought them. This is true. South Carolina bought all the machines we got rid of because they were not effective.""",false,false,"['mostly-false', 'false', 'pants-fire']",3,True
"Says Donald Trump's presidential victory was ""an electoral landslide.""",false,false,"['mostly-false', 'false', 'pants-fire']",3,True
President-elect Donald Trump “has been to Epstein’s island”,false,false,"['mostly-false', 'false', 'pants-fire']",3,True
Says U.S. House opponent Michael Williams does not live in and has never voted in the congressional district he’s seeking to represent.,false,false,"['half-true', 'mostly-false', 'false', 'pants-fire']",4,True
"Data shows some voters cast multiple votes, meaning ""at least 164,568 illegal votes have been cast” in Michigan.",false,false,"['false', 'pants-fire']",2,True
"""The entire Database of Maricopa County in Arizona has been DELETED!""",false,false,"['false', 'pants-fire']",2,True
"Kamala Harris “returned” a $5,000 donation Donald Trump made to her campaign in 2011.",false,false,"['mostly-false', 'false', 'pants-fire']",3,True
"""One year ago, (Republicans) would not fill seats vacated for people who went to the administration because of the cost of those elections. Now, they’re talking about changing the rules to add additional elections that will cost millions of dollars of taxpayer expense.""",mostly-true,mostly-true,"['true', 'mostly-true', 'half-true', 'mostly-false', 'false', 'pants-fire']",6,True
Democrats “used COVID to cheat” in the 2020 election.,pants-fire,false,"['false', 'pants-fire']",2,True
"""I'm not taking any corporate PAC money.""",half-true,true,"['true', 'mostly-true', 'half-true', 'mostly-false', 'false']",5,True
"Says Sherrod Brown in 1978 ""voted for stricter removal standards (for voter registration) and then enforced them as Secretary of State.""",half-true,mostly-false,"['mostly-true', 'half-true', 'mostly-false', 'false', 'pants-fire']",5,True
"In Iowa, ""they have allowed a little over 300 people to re-vote.""",pants-fire,false,"['false', 'pants-fire']",2,True
Polls show Bernie Sanders would do better than Hillary Clinton in a head-to-head battle against Donald Trump.,mostly-true,false,"['true', 'mostly-true', 'half-true', 'mostly-false', 'false', 'pants-fire']",6,True
"Kamala Harris ""proclaimed she would not accept the outcome of the election and has a team of lawyers ready to overturn them""",false,false,"['mostly-false', 'false']",2,True
“Breaking: Trump names Boebert secretary of education”,false,false,"['false', 'pants-fire']",2,True
"If an election worker writes anything on your ballot before you put it in the voting machine, “your ballot could be disqualified.”",false,false,"['mostly-false', 'false', 'pants-fire']",3,True
"""In Springfield (Ohio), they're eating the dogs, the people that came in, they're eating the cats. They're eating, they're eating the pets of the people that live there.”",pants-fire,false,"['false', 'pants-fire']",2,True
"""Arizona officials caught changing ballots, have been arrested.”",false,false,"['false', 'pants-fire']",2,True
“The legislature has long maintained that the law never allowed these illegal drop boxes.”,mostly-false,false,"['half-true', 'mostly-false', 'false', 'pants-fire']",4,True
Pacific Gas & Electric Co. deliberately shut off power “on Republican voters” in California on Election Day.,false,false,"['false', 'pants-fire']",2,True
"Says Marsha Blackburn ""voted against the Reauthorization of the Violence Against Women Act, which attempts to protect women from domestic violence, stalking, and date rape.""",mostly-true,false,"['mostly-false', 'false']",2,False
"""The fundraising numbers are in, and our grassroots support is unmatched!""",false,false,"['mostly-true', 'half-true', 'mostly-false', 'false']",4,True
"“If you make less than $100,000, Trump is about to raise your taxes. Currently, you’re taxed at 10% and then 12%. He would raise that to a flat rate of 15%.”",false,false,"['mostly-false', 'false', 'pants-fire']",3,True
"Detroit’s Oct.15, 2024, absentee ballot return rate proves election fraud.",false,false,"['mostly-false', 'false']",2,True
“Joe Biden confirmed his plan to abolish the entire U.S. oil industry.”,false,false,"['mostly-false', 'false']",2,True
“CNN is now saying that Trump will win!”,false,false,['false'],1,True
"As part of his “charitable donations,” in 1990 Donald Trump “chartered a private plane to get Nelson Mandela to America when the U.S. government wouldn't help.""",false,false,"['half-true', 'mostly-false', 'false', 'pants-fire']",4,True
“Kari Lake is threatening Social Security and Medicare.”,half-true,false,"['half-true', 'mostly-false', 'false', 'pants-fire']",4,True
"Says Marco Rubio said that ""felons should not have their voting rights restored"" but that ""convicted felons should be allowed to own guns after they have done their time.""",false,false,"['mostly-false', 'false', 'pants-fire']",3,True
"""Nazi imagery [was used] by the Block for Governor campaign to describe supporters of Allan Fung for Governor.""",false,false,"['half-true', 'mostly-false', 'false', 'pants-fire']",4,True
"""Governor Tony Evers gave counties the green light to defund Wisconsin's police departments.""",mostly-false,false,"['mostly-false', 'false', 'pants-fire']",3,True
"""If you survey, most (North Carolina) Democrats also agree with our (election) laws and voter ID.""",mostly-false,false,"['mostly-true', 'half-true', 'mostly-false', 'false', 'pants-fire']",5,True
"Social media posts claim the U.S. Postal Service “says you should give mail in ballots at least 14 days roundtrip. So, if you plan to vote by mail, election day isn’t November 3. It’s October 20th.”",half-true,false,"['mostly-true', 'half-true', 'mostly-false', 'false']",4,True
"Vice President Kamala Harris responded, “Next question please,” when asked about the economy during an Aug. 29 CNN interview.",pants-fire,false,"['true', 'mostly-true', 'half-true', 'mostly-false', 'false', 'pants-fire']",6,True
Kamala Harris voted in favor of passing a law in 2022 to tax tips.,false,false,"['mostly-false', 'false', 'pants-fire']",3,True
“Republicans want to raise the voting to age 28.”,false,false,"['mostly-false', 'false', 'pants-fire']",3,True
"Says Kate Cloonen ""needs that extra $68,000"" lawmaker salary on top of the ""$8.5 million in state contracts for her construction company.""",half-true,false,"['half-true', 'mostly-false', 'false', 'pants-fire']",4,True
"""Seven Milwaukee wards report more 2020 presidential votes than registered voters.”",pants-fire,false,"['false', 'pants-fire']",2,True
"Says history suggests sports will ""quickly subsume a lot of the attention span of the country"" in the presidential primary.",half-true,false,"['half-true', 'mostly-false', 'false', 'pants-fire']",4,True
"In Fordyce, Arkansas, voting machines changed votes from Republican to Democrat.",pants-fire,false,"['false', 'pants-fire']",2,True
"""My husband didn't wrap up the nomination until June.""",mostly-false,false,"['mostly-true', 'half-true', 'mostly-false', 'false']",4,True
"The effort to recall California Gov. Gavin Newsom is ""a coup.""",pants-fire,false,"['mostly-false', 'false', 'pants-fire']",3,True
"""You've got a medical report on me that meets the same standard as Mitt Romney and Barack Obama.""",mostly-true,mostly-true,"['true', 'mostly-true', 'half-true', 'mostly-false', 'false', 'pants-fire']",6,True
"“In Montana, we cherish our public lands. But Tim Sheehy called to transfer them off, so the ultra-rich can buy them up.”",false,mostly-false,"['true', 'mostly-true', 'half-true', 'mostly-false', 'false', 'pants-fire']",6,True
"""Historically, our spring elections (including for state Supreme Court) have a smaller turnout associated with them.""",true,false,"['true', 'mostly-true', 'half-true', 'mostly-false', 'false']",5,True
"Says U.S. Rep. Jamie Raskin said, “Let folks cast their votes for Trump if that’s their choice. But mark my words, we won’t be certifying the election. He might win, but we’ll ensure he doesn’t step foot in the Oval Office.”",false,false,"['false', 'pants-fire']",2,True
"Says Wisconsin Gov. Scott Walker ""is denying Democrats the right to vote.""",pants-fire,false,"['mostly-false', 'false', 'pants-fire']",3,True
"""When we say ‘one vote matters,’ it’s not just a saying – it has proven true 141 times in #Ohio over the last five years.""",true,false,"['true', 'mostly-true', 'half-true', 'mostly-false', 'false', 'pants-fire']",6,True
No one showed up for this Joe Biden and Kamala Harris joint campaign event in Arizona.,mostly-false,false,"['mostly-false', 'false']",2,True
"""Every one of the 67 supervisors of elections"" in Florida refused to carry out the effort to remove noncitizens from the voter rolls.",false,false,"['half-true', 'mostly-false', 'false', 'pants-fire']",4,True
"""The higher the education level, the more likely they are to vote Democratic.""",mostly-true,true,"['true', 'mostly-true', 'half-true', 'mostly-false', 'false']",5,True
"Says that in Texas, Republican nominees ""get 40 percent of the Latino vote on average.""",mostly-true,false,"['half-true', 'mostly-false', 'false', 'pants-fire']",4,False
“1776 flag flying over White House!” in January 2021. “Revolution Signal.”,false,false,"['false', 'pants-fire']",2,True
“No other country” is having a “second wave” of COVID-19 “because they are not trying to unseat a President in November.”,false,false,"['mostly-false', 'false', 'pants-fire']",3,True
"""In order to be a poll worker on the conservative side, you have to register through the Republican Party of Wisconsin.""",mostly-true,false,"['mostly-false', 'false', 'pants-fire']",3,False
Jacky Rosen “said ending taxes on tips would ‘hurt working Nevada families.’”,false,false,"['true', 'mostly-true', 'half-true', 'mostly-false', 'false', 'pants-fire']",6,True
"In rural Virginia, ""Sen. Warner ran 8-10 points ahead of a traditional Democrat -- ahead of Senator Kaine, ahead of Governor McAuliffe.""",false,false,"['true', 'mostly-true', 'half-true', 'mostly-false', 'false', 'pants-fire']",6,True
Vice President Kamala Harris “was born in Canada.”,pants-fire,false,['false'],1,False
"There was ""serious voter fraud"" in California.",pants-fire,false,"['mostly-false', 'false']",2,False
"“Schaumburg, Illinois not recording votes, just putting votes ‘in a box.’”",false,false,"['mostly-false', 'false', 'pants-fire']",3,True
"""Studies have shown that voter fraud is non-existent in Texas.""",false,false,"['mostly-false', 'false']",2,True
"California Gov. Gavin Newsom “just let 76,000 inmates out of jail.""",false,false,"['mostly-false', 'false']",2,True
Republican Senate candidate Dave McCormick “wants to outlaw abortions.”,mostly-false,false,"['mostly-true', 'half-true', 'mostly-false', 'false']",4,True
"Wisconsin’s Government Accountability Board ""wanted to consider Mickey Mouse and Adolf Hitler as valid signatures on recall petitions.""",false,false,"['mostly-false', 'false', 'pants-fire']",3,True
"""With those first principles, it allowed a fellow like me to get in his truck and go from one end of the state to the other; started 20 points down and wound up 20 points ahead on election night.""",true,true,['true'],1,True
Says opponent Eric Hovde “opposes efforts to negotiate with the big pharmaceutical companies to lower the price of prescription drugs.”,mostly-false,false,"['true', 'mostly-true', 'half-true', 'mostly-false', 'false', 'pants-fire']",6,True
Kash Patel posted on X that “the FBI is gay.”,false,false,"['false', 'pants-fire']",2,True
"Scott Walker ""had a 2.3 GPA when he was asked to leave Marquette University for cheating.""",false,false,"['mostly-false', 'false', 'pants-fire']",3,True
"Says a poll shows that ""without a name attached, Democrats are just one point behind"" Gov. John Kasich.",true,true,"['true', 'mostly-true']",2,True
A livestream failing in Nevada is “one of the ways blue states steal elections.”,false,false,"['mostly-false', 'false']",2,True
Says the American Civil Liberties Union opposes H.R. 1 on grounds that “it threatens our freedom of speech.”,half-true,false,"['half-true', 'mostly-false', 'false', 'pants-fire']",4,True
"""Law firm @POTUS used to show he has no ties to Russia was named Russia Law Firm of the Year for their extensive ties to Russia. Unreal.""",mostly-true,false,"['half-true', 'mostly-false', 'false', 'pants-fire']",4,False
"Democrats give ""Newports to the homeless to get them to the polls.""",half-true,false,"['false', 'pants-fire']",2,False
"“By federal law, if you sign someone up for Medicaid, you also give them the right to vote. … This is political patronage at the expense of Medicaid.”",false,false,"['mostly-false', 'false', 'pants-fire']",3,True
"""More than 32,000 Americans lose their lives to gun violence each year.""",mostly-true,true,"['true', 'mostly-true', 'half-true', 'mostly-false', 'false']",5,True
"The NRA is ""one of the biggest lobbyists here in the capital. They spend a ton of money during elections. …  they spent more than a million dollars here in Wisconsin on the 2018 elections. Most of that was for Walker, or more specifically against Evers.""",half-true,mostly-true,"['true', 'mostly-true', 'half-true', 'mostly-false', 'false']",5,True
"Says no elections protest was filed, McCready conceded and ""every"" county board certified its results from the Mark Harris, Dan McCready race.",mostly-true,false,"['mostly-false', 'false', 'pants-fire']",3,False
"A Texas law requires every high school to have a voter registrar ""and part of their responsibility is to make sure that when children become 18 and become eligible to vote, that they vote.""",half-true,false,"['true', 'mostly-true', 'half-true', 'mostly-false', 'false', 'pants-fire']",6,True
"If a ballot has a small dot in the box for Vice President Kamala Harris, “any other box filled in, will be void.”",false,false,"['mostly-false', 'false']",2,True
"""Putin Interference Could Give Courts Legal Right to Make Hillary President.""",false,false,"['mostly-false', 'false', 'pants-fire']",3,True
"Group “identifies 12,547 illegal votes” in Georgia's 2020 election results, “exceeds margin of victory in the state.”",false,false,"['mostly-false', 'false', 'pants-fire']",3,True
"A Republican bill that would change John Doe criminal investigations is ""creating exceptions in the law for politicians.""",mostly-true,mostly-true,"['mostly-true', 'half-true', 'mostly-false', 'false']",4,True
"An email from Hillary Clinton to Donna Brazile Oct.17th, 2016 stated: ""If that f-----’ bastard wins, we’re all going to hang from nooses! You better fix this s---!""",pants-fire,false,"['false', 'pants-fire']",2,True
“Dead people also voted.”,pants-fire,false,"['mostly-false', 'false', 'pants-fire']",3,True
"Says ""Obama’s deadliest cover-up (in an explosion that killed 29 miners) has been uncovered"" by internal government documents.",pants-fire,false,"['mostly-false', 'false', 'pants-fire']",3,True
"""This issue of busing voters in to New Hampshire is widely known by anyone who’s worked in New Hampshire politics. It’s very real, it’s very serious.""",pants-fire,false,"['mostly-false', 'false', 'pants-fire']",3,True
"""Any Floridian who has ever requested an absentee ballot henceforth gets one automatically.""",false,false,"['mostly-false', 'false']",2,True
"""When the Constitution was written, (only) 20 to 25 percent of the people in the country could vote.""",mostly-true,mostly-true,"['true', 'mostly-true', 'half-true', 'mostly-false', 'false']",5,True
"When elected Georgia governor in 2018, “Brian Kemp was over $7 million in debt.” Kemp “cut a deal” to select Dominion Voting Systems as Georgia’s voting machine vendor and “has never been in debt since.”",false,false,"['mostly-false', 'false', 'pants-fire']",3,True
"Because of voter fraud, Republican candidates ""need to do a point or two better"" to win statewide elections in Wisconsin.",false,false,"['mostly-false', 'false', 'pants-fire']",3,True
"""Wisconsin uses voting machines that are outlawed, they are illegal.""",pants-fire,false,"['false', 'pants-fire']",2,True
"In 1928 ""school boards sent home letters with children saying that if Al Smith is elected president, you will not be allowed to have or read a Bible.""",half-true,false,"['mostly-false', 'false', 'pants-fire']",3,False
Vice Presidential nominee Tim Walz “says that if Democrats win they’ll make (U.S. Rep. Alexandria Ocasio-Cortez) speaker of the house.”,false,false,"['mostly-false', 'false']",2,True
Michigan election bills are “designed to make it easier for people to vote.”,mostly-false,false,"['mostly-false', 'false', 'pants-fire']",3,True
"""I would be the first Republican senator elected in New Jersey in 41 years.""",true,true,"['true', 'mostly-true', 'half-true', 'mostly-false', 'false']",5,True
"""Across the state the rejection rate for ballots went way down” in the Nov. 3 election.",mostly-false,false,"['half-true', 'mostly-false', 'false', 'pants-fire']",4,True
"A CNN headline says “75,000 votes were write-ins for ‘Hawk Tuah’ and ‘Talk Tuah.’”",pants-fire,false,"['false', 'pants-fire']",2,True
"“Arizona trooper found 50,000 ballots in dumpster all for President Trump!!”",false,false,['false'],1,True
"Proposition 2 on November’s Texas ballot ""does not cost state taxpayers any money.""",half-true,false,"['half-true', 'mostly-false', 'false']",3,True
Ruben Gallego wants to “cut your Social Security.”,false,false,"['mostly-false', 'false']",2,True
U.S. Sen. Sherrod Brown “supported allowing puberty blockers and sex-change surgeries for minor children.”,mostly-false,false,"['half-true', 'mostly-false', 'false', 'pants-fire']",4,True
"""Democrats have forced a special election""",false,false,"['half-true', 'mostly-false', 'false', 'pants-fire']",4,True
"Donald Trump “deported less, believe it or not, than Barack Obama even did.""",true,false,"['mostly-false', 'false', 'pants-fire']",3,False
"Says Donald ""Trump got, you know, $1.8 billion worth of free media. I got, like, none.""",mostly-true,false,"['true', 'mostly-true', 'half-true', 'mostly-false', 'false', 'pants-fire']",6,True
"""I think I received more votes in the Democratic primary than any governor in history.""",true,false,"['mostly-false', 'false', 'pants-fire']",3,False
"Says it probably costs more than $300,000 to run for a seat on the Pedernales Electric Cooperative board of directors.",pants-fire,pants-fire,"['true', 'mostly-true', 'half-true', 'mostly-false', 'false', 'pants-fire']",6,True
"There are ""a larger number of shark attacks in Florida than there are cases of voter fraud.""",mostly-true,false,"['true', 'mostly-true', 'half-true', 'mostly-false', 'false']",5,True
"Wendy Davis is ""fighting to bring ... Bloomberg-style gun control to Texas.""",half-true,false,"['true', 'mostly-true', 'half-true', 'mostly-false', 'false', 'pants-fire']",6,True
"Says the T.R.U.M.P. Act, which would force presidential candidates to release their tax returns to run in North Carolina, ""has a lot of support – by a majority of North Carolinians and members of both parties.""",mostly-true,true,"['true', 'mostly-true', 'half-true', 'mostly-false', 'false', 'pants-fire']",6,True
"In 2016, after Donald Trump won the presidency, then-President Barack Obama was “trying to lead a coup” with Trump’s opponent, Hillary Clinton.",pants-fire,false,"['false', 'pants-fire']",2,True
Footage shows Dallas pollbooks fraudulently “adding hundreds of voters in real time as the poll was being closed.”,false,false,"['half-true', 'mostly-false', 'false']",3,True
"Says the NC elections board “did not change state law.""",mostly-false,false,"['half-true', 'mostly-false', 'false', 'pants-fire']",4,True
"Says Tim Walz said he carried weapons in war, but “he has not spent a day in a combat zone.”",true,false,"['half-true', 'mostly-false', 'false', 'pants-fire']",4,False
“Biden says he doesn’t need voters to get elected.”,false,false,"['mostly-false', 'false']",2,True
"“Washington, D.C., allows noncitizens to vote in (municipal elections)"" so a Russian citizen, after living in Washington for 30 days can ""vote for mayor in Washington, D.C. And they don’t even need to show their ID to do it.”",mostly-true,false,"['mostly-false', 'false', 'pants-fire']",3,False
Says “we will know which candidate you voted for.”,pants-fire,false,"['mostly-false', 'false', 'pants-fire']",3,True
“The Rock has lost 48 million followers on his IG and YouTube after coming out for Biden.”,false,false,"['mostly-false', 'false', 'pants-fire']",3,True
President Obama’s lawsuit claims it is unconstitutional for Ohio to allow servicemen and women extended early voting privileges during the state’s early voting period.,false,false,"['true', 'mostly-true', 'half-true', 'mostly-false', 'false', 'pants-fire']",6,True
"Bryan County, Ga., has ""corrupted voter rolls.""",false,false,"['half-true', 'mostly-false', 'false', 'pants-fire']",4,True
Graph shows Gretchen Whitmer stole the Michigan gubernatorial election.,pants-fire,false,"['false', 'pants-fire']",2,True
"Says President Donald Trump as a candidate mentioned WikiLeaks ""over 160 times in speeches"" in the last month of the campaign.",mostly-true,true,"['true', 'mostly-true', 'half-true', 'mostly-false', 'false']",5,True
"""This ban will only apply to Oregon commercial fishermen. Washington commercial fishermen would still be allowed to use gillnets on the Columbia River.""",half-true,half-true,"['true', 'mostly-true', 'half-true', 'mostly-false', 'false']",5,True
"""The Russian state has never interfered ... into internal American affairs including election process.""",pants-fire,false,"['false', 'pants-fire']",2,True
“Two mail in ballots in PA (were) sent to the same person with their names on both a week and a half apart.”,half-true,false,"['mostly-false', 'false']",2,False
"In Arizona, early voting would allow Kari Lake’s opponents to see how many votes they “need to fake to catch up and surpass.”",pants-fire,false,"['mostly-false', 'false', 'pants-fire']",3,True
Says left-wing activist John Sullivan “incited (the) insurgence of (the) US Capitol.”,mostly-false,false,"['mostly-false', 'false', 'pants-fire']",3,True
"Says Jim Renacci ran against the Washington establishment in the election, but is now ""hypocritically embracing it with big money, special interest fundraisers.""",half-true,false,"['half-true', 'mostly-false', 'false']",3,True
"“40,000 rejected vote by mail ballots in DeKalb County need to be cured by Friday or they will be tossed.”",false,false,['false'],1,True
"""China was behind the interference and the effort to overthrow our government and the election, election fraud.""",false,false,"['false', 'pants-fire']",2,True
"""Send your postcards to 5 key states to decertify fraud” in the 2020 election.",pants-fire,false,"['false', 'pants-fire']",2,True
"""New York consistently ranks as one of the worst voting turnout states in the nation.""",true,false,"['true', 'mostly-true', 'half-true', 'mostly-false', 'false']",5,True
"“Finally, a judge has ruled Dominion voting machines were designed to create fraud.”",false,false,['false'],1,True
"""After my first year as governor, I was one of the most unpopular governors, maybe the most unpopular governor in the country. ... It changed.""",true,mostly-false,"['mostly-true', 'half-true', 'mostly-false', 'false', 'pants-fire']",5,False
"John Raese's wife ""is registered to vote in Florida so she can't even vote for him.""",true,false,['false'],1,False
"""I'm not a politician.""",half-true,false,"['mostly-true', 'half-true', 'mostly-false', 'false']",4,True
"Says “every time"" the DSCC endorsed someone in North Carolina's U.S. Senate primary, ""and the person they didn’t support was black, the candidate they picked ended up losing.""",false,false,"['mostly-false', 'false', 'pants-fire']",3,True
"“Almost a million people, mostly Democrats, have been kicked off the voter roll here in Florida” because of efforts to place a proposed amendment on abortion access on the state’s 2024 ballot.",mostly-false,false,"['mostly-false', 'false']",2,True
"""I don't think anybody is questioning the legitimacy of the presidential election.""",pants-fire,false,"['mostly-false', 'false', 'pants-fire']",3,True
Michelle Nunn ranks agriculture issues as the 18th most important items facing Georgia.,mostly-false,false,"['mostly-true', 'half-true', 'mostly-false', 'false']",4,True
"If Texas says, “‘We don’t want to be part of America anymore’ … that’s their decision to make.”",false,false,"['mostly-false', 'false', 'pants-fire']",3,True
"""Social Security beneficiaries count on the post office to get their checks.”",half-true,false,"['mostly-false', 'false', 'pants-fire']",3,False
"""In Chesterfield (Va.), the Southside precinct is infamous for having over 100% of the vote count…”",pants-fire,false,"['mostly-false', 'false', 'pants-fire']",3,True
"""It takes quite a while on Election Day to load those ballots, which is why we have the 1 a.m. or 3 a.m. ballot dumping in Milwaukee.""",true,mostly-true,"['mostly-true', 'half-true', 'mostly-false', 'false']",4,False
"Says U.S. Immigration and Customs Enforcement “will be at every polling station” on Nov. 3, 2020.",false,false,['false'],1,True
“New York Mail-In voting is in a disastrous state of condition. Votes from many weeks ago are missing - a total mess. They have no idea what is going on. Rigged Election.”,mostly-false,false,"['half-true', 'mostly-false', 'false', 'pants-fire']",4,True
David Perdue did not support the 2014 farm bill that U.S. Sens. Isakson and Chambliss did.,mostly-true,false,"['true', 'mostly-true', 'half-true', 'mostly-false', 'false']",5,True
"""About half of the presidents have been governors; half of them, senators.""",false,false,"['mostly-false', 'false', 'pants-fire']",3,True
"""An overwhelming majority of Republican and Democrat law enforcement leaders have endorsed Brad Schimel.""",half-true,half-true,"['true', 'mostly-true', 'half-true', 'mostly-false', 'false']",5,True
"""In this last election in November, ... 63 percent of the American people chose not to vote, ... 80 percent of young people, (and) 75 percent of low-income workers chose not to vote.""",half-true,false,"['mostly-true', 'half-true', 'mostly-false', 'false', 'pants-fire']",5,True
"""About 57 percent of registered Democrats in the new (9th Congressional) district come from my old district.""",mostly-true,mostly-true,"['mostly-true', 'half-true', 'mostly-false', 'false']",4,True
"""This is not the first time (the Russians) have been involved in our elections.""",half-true,false,"['true', 'mostly-true', 'half-true', 'mostly-false', 'false', 'pants-fire']",6,True
"Says under Wisconsin law, he cannot remove his name from the ballot for re-election to Congress.",true,true,['true'],1,True
Says Josh Mandel’s campaign is under FBI investigation,false,false,['false'],1,True
"""Facts have come to light that indicate that a pivotal, close election was likely changed through voter fraud on November 8, 2016: New Hampshire’s U.S. Senate Seat, and perhaps also New Hampshire’s four Electoral College votes in the presidential election.""",false,false,"['mostly-false', 'false', 'pants-fire']",3,True
"In Massachusetts, ""anybody can go vote for anybody so long as they have their information. … They're not even checking IDs at the polling stations.""",mostly-false,false,"['mostly-false', 'false']",2,True
"Gwinnett County, Georgia, sheriff's office said white supremacists “are planning to attack” Black people “from now until the Inauguration.”",pants-fire,false,"['false', 'pants-fire']",2,True
"""Busted: Obama is holding secret meetings to overtake the White House""",mostly-false,false,"['mostly-false', 'false']",2,True
“Michigan just refused to certify the election results!”,false,false,"['mostly-false', 'false']",2,True
"""Donald Trump performed better than any presidential nominee since Gerald Ford.""",false,false,"['mostly-true', 'half-true', 'mostly-false', 'false', 'pants-fire']",5,True
"An ongoing audit of the 2020 presidential election in Arizona “showed Trump ahead by 250,000” votes, and “nearly 950,000 ballots are declared illegal, nearly all for Biden.”",pants-fire,false,"['false', 'pants-fire']",2,True
"Greg Abbott ""heads up a party whose platform calls for the repeal of the Voting Rights Act.""",mostly-true,false,"['mostly-false', 'false', 'pants-fire']",3,False
“Nancy Pelosi stated today that if the Democrats get the House the first thing they’re going to do is impeach Donald Trump before he gets elected.”,false,false,"['false', 'pants-fire']",2,True
"“About 400,000 manufacturing jobs in the state of Michigan will go away with EV mandates.”",false,false,"['mostly-false', 'false', 'pants-fire']",3,True
"Every former North Carolina governor opposes ""constitutional amendments Raleigh lawmakers put on the ballot this fall.""",false,false,"['half-true', 'mostly-false', 'false', 'pants-fire']",4,True
"Ranked-choice voting “increases voter turnout and voter engagement.""",mostly-false,mostly-true,"['true', 'mostly-true', 'half-true', 'mostly-false', 'false']",5,True
"John McCain ""said publicly that Hillary Clinton would make a good president.""",true,true,['true'],1,True
Says Donald Trump posed as an anonymous “Nevada poll worker” on Laura Ingraham’s show.,false,false,"['false', 'pants-fire']",2,True
"""The candidates controlled by Madigan, all of them have said, ‘The answer to our problems is a massive income tax hike.’ """,mostly-false,false,"['mostly-true', 'half-true', 'mostly-false', 'false', 'pants-fire']",5,True
"If a 12-year-old girl became pregnant because of rape or incest, ""Tim Michels would force her to deliver the baby.""",mostly-true,false,"['half-true', 'mostly-false', 'false', 'pants-fire']",4,False
"""The governor won this state with 49 percent. We had some of the closest races in the House in history. So you’re not dealing with this 70-30, like they want to make it.""",mostly-true,mostly-true,"['true', 'mostly-true', 'half-true', 'mostly-false']",4,True
Nevada database glitch showing voters cast ballots when they didn’t is evidence that voting by mail is “the largest source of potential voter fraud.”,false,false,"['mostly-false', 'false', 'pants-fire']",3,True
Nikki Haley “raised taxes.”,mostly-false,false,"['half-true', 'mostly-false', 'false', 'pants-fire']",4,True
"“Did you see President Trump’s RECORD TURNOUT? Iowa - 32,389 Republicans.”",half-true,true,"['true', 'mostly-true', 'half-true', 'mostly-false', 'false']",5,True
"Counting ballots for weeks after Election Day “is totally inappropriate, and I don't believe that's by our laws.""",pants-fire,false,"['mostly-false', 'false', 'pants-fire']",3,True
Dominion Voting Systems “deleted 2.7 million Trump votes nationwide.”,pants-fire,false,"['false', 'pants-fire']",2,True
"""There have been 30 published polls in this election cycle and Harry Reid's been trailing in every single one.""",false,false,"['mostly-false', 'false']",2,True
"In Georgia, it's ""illegal to give people water within 150 feet of a polling place"" and ""punishable by up to a year in prison.""",true,false,"['true', 'mostly-true', 'half-true', 'mostly-false', 'false', 'pants-fire']",6,True
"Says Hillary Clinton's ""campaign hasn't been clear about when she wiped her server of her work emails.""",mostly-true,mostly-false,"['mostly-true', 'half-true', 'mostly-false', 'false', 'pants-fire']",5,True
"Wisconsin’s Government Accountability Board ""ignored their duties and did not regularly audit"" voters to remove felons ""for a span of 16 elections.",half-true,half-true,"['mostly-true', 'half-true', 'mostly-false', 'false']",4,True
"""It’s going to be harder to vote in Virginia than it is now to buy a gun...""",half-true,false,"['mostly-false', 'false', 'pants-fire']",3,False
“Military ready to act on audit results!” in Arizona,false,false,"['false', 'pants-fire']",2,True
"Florida ""put Tom Walz instead of Tim Walz"" on its ballots.",half-true,false,"['mostly-false', 'false', 'pants-fire']",3,False
"""We need an ID"" to ""buy a beer.""",mostly-false,false,"['mostly-false', 'false']",2,True
"""Ballot dumps"" in Pennsylvania, California, North Carolina, Alaska and Wisconsin show election officials are improperly “flipping"" down-ballot seats for Democrats.",pants-fire,false,"['mostly-false', 'false', 'pants-fire']",3,True
Voting-rights legislation proposed by Democrats in Congress called H.R. 1 “would force states to restore the voting rights of convicted felons—including violent felons convicted of murder or rape.”,half-true,false,"['half-true', 'mostly-false', 'false']",3,True
Republican Senate candidate Sam Brown “wants to cut Medicaid and Social Security.”,half-true,false,"['mostly-false', 'false', 'pants-fire']",3,False
"Charges on the Republican Party of Florida credit card were made with ""my money.""",mostly-false,false,"['mostly-true', 'half-true', 'mostly-false', 'false', 'pants-fire']",5,True
"There is ""substantial evidence of voter fraud.""",false,false,"['false', 'pants-fire']",2,True
"Voters in Maricopa County, Ariz., were forced to vote using Sharpie pens that aren’t read by voting machines.",false,false,"['mostly-false', 'false', 'pants-fire']",3,True
"""In an interview with the Chicago Tribune's Editorial Board, Comptroller Leslie Munger says that in order to balance a budget, the state would have to 'cut social services completely.'""",false,false,"['half-true', 'mostly-false', 'false', 'pants-fire']",4,True
"""Ohio’s electricity rates are 10 percent below the national average.""",mostly-true,mostly-true,"['mostly-true', 'half-true', 'mostly-false', 'false']",4,True
"Says HR 1 would ""legalize"" the kind of fraud found in North Carolina",false,false,"['half-true', 'mostly-false', 'false', 'pants-fire']",4,True
"China has ""not acted so well with our elections. They’ve tampered with our elections quite a bit.""",false,false,"['mostly-false', 'false', 'pants-fire']",3,True
"""[Hillary Clinton]'s not trusted -- virtually at all.""",mostly-false,false,"['half-true', 'mostly-false', 'false', 'pants-fire']",4,True
"""The McCain campaign is roughly in the position where Vice President Gore was running against President Bush one week before the election of 2000.""",false,false,"['false', 'pants-fire']",2,True
Adam Laxalt is “anti-DACA” and “fought against the protections for DACA recipients when he was attorney general.”,half-true,false,"['half-true', 'mostly-false', 'false']",3,True
President Joe Biden “bans TikTok for government employees but creates an account for his own campaign.”,mostly-true,false,"['mostly-true', 'half-true', 'mostly-false', 'false']",4,True
"Says Supreme Court rival Michael Screnock ""is running with the Koch brothers support.""",half-true,half-true,"['mostly-true', 'half-true', 'mostly-false', 'false']",4,True
Second lady Usha Vance “will have her citizenship revoked if (President Donald) Trump signs his executive order banning birthright citizenship.”,false,false,"['mostly-false', 'false']",2,True
"""Roy Moore’s accuser arrested and charged with falsification.""",pants-fire,false,"['false', 'pants-fire']",2,True
"""Tens of thousands of fraudulent Clinton votes found in Ohio warehouse.""",pants-fire,false,"['false', 'pants-fire']",2,True
"""Tommy Thompson wanted to implant data chips in humans.""",mostly-true,mostly-true,"['true', 'mostly-true', 'half-true', 'mostly-false', 'false']",5,True
"""There are hit squads being trained all over this country” to violently oppose a second term for President Donald Trump.",false,false,"['mostly-false', 'false', 'pants-fire']",3,True
"Nevada Sen. Jacky Rosen said the Biden administration did a ""tremendous job"" on the U.S. military’s Afghanistan withdrawal.",mostly-false,false,"['mostly-false', 'false', 'pants-fire']",3,True
"""There are no rules governing"" the 2016 Republican convention, ""the rules have not been set.""",mostly-true,mostly-true,"['true', 'mostly-true', 'half-true', 'mostly-false', 'false']",5,True
"""Joe Biden just confirmed that he is running for president in 2020 and it has America applauding!""",false,false,"['false', 'pants-fire']",2,True
"Says Jon Ossoff ""doesn't even live in (his) district.""",true,false,"['mostly-false', 'false']",2,False
"Says Jeb Bush and Marco Rubio ""had it set so that the winner takes everything, because they wanted to make sure that I didn't get anything"" in the Florida primary.",false,false,"['half-true', 'mostly-false', 'false', 'pants-fire']",4,True
"Pennsylvania rejected 372,000 mail-in ballots",false,false,"['mostly-false', 'false']",2,True
Pennsylvania drop boxes were “pre-loaded” with ballots.,half-true,false,"['mostly-false', 'false']",2,False
“I am not banning fracking.”,mostly-true,true,"['true', 'mostly-true', 'half-true', 'mostly-false', 'false']",5,True
"""Chicago now has City ID Cards which allow illegal immigrants to vote in local, state & federal elections.""",false,false,['false'],1,True
"""Cuba has a lung cancer vaccine we in the US had no access to because we sanctioned Cuba.”",half-true,false,"['mostly-false', 'false']",2,False
"""In 2022, illegal immigrants will have MORE FREEDOMS and easier access to healthcare and ballot boxes than most Americans... Just think about that.""",pants-fire,false,"['mostly-false', 'false', 'pants-fire']",3,True
A facial recognition firm “confirmed antifa infiltrated the Trump rally in D.C.”,false,false,"['false', 'pants-fire']",2,True
“Republican state senators” who started an audit of 2020 election results in Maricopa County are “exposing this fraud.”,false,false,"['mostly-false', 'false', 'pants-fire']",3,True
Maxine Waters told her followers on X not to follow Omar Navarro because he is a “Hispanic Republican.”,pants-fire,false,"['false', 'pants-fire']",2,True
Says unproven voter fraud claims didn’t play “any role” in the Capitol riot.,pants-fire,false,"['mostly-false', 'false', 'pants-fire']",3,True
"""I won the majority of the Republican vote in both New Hampshire and South Carolina.""",false,false,['false'],1,True
Says Texas proved in court that more than 200 dead people voted in the latest Texas election.,mostly-false,false,"['true', 'mostly-true', 'half-true', 'mostly-false', 'false', 'pants-fire']",6,True
"Says Ohio Gov. John Kasich is ""very unpopular.""",false,false,"['true', 'mostly-true', 'half-true', 'mostly-false', 'false', 'pants-fire']",6,True
"""Limberbutt McCubbins (a five-year-old cat) is a candidate"" in the 2016 presidential election.",half-true,false,"['mostly-false', 'false', 'pants-fire']",3,False
"Says the man who rushed the stage at him in Dayton, Ohio, ""had chatter about ISIS, or with ISIS"" in his social media posts.",false,false,"['mostly-false', 'false', 'pants-fire']",3,True
Says more Austinites voted in the city’s 1973 election featuring a mayor’s race than in the city’s most recent mayoral election.,true,false,"['mostly-false', 'false', 'pants-fire']",3,False
"The typical elementary school teacher pays $7,239 in federal income taxes, and firefighters pay $5,328, while Donald Trump paid $750.",half-true,false,"['half-true', 'mostly-false', 'false', 'pants-fire']",4,True
"""Roy Moore takes the military vote, pulls ahead by 5,000 votes""",pants-fire,false,"['false', 'pants-fire']",2,True
"President Trump was ""kicked off"" the California ballot",pants-fire,false,"['mostly-false', 'false', 'pants-fire']",3,True
“Ballots are not supposed to have fold lines or creases in the candidates name area” or it could invalidate your vote.,false,false,['false'],1,True
Kasim Reed has kept every promise he made as a candidate.,mostly-true,mostly-true,"['mostly-true', 'half-true', 'mostly-false', 'false']",4,True
"“Joe Biden’s open border” means that there are “more Democrat voters pouring into this country.""",false,false,"['false', 'pants-fire']",2,True
"""The servers of the Pakistani gentleman that worked on the DNC"" are ""missing.""",false,false,"['false', 'pants-fire']",2,True
"GOP candidate for California governor Travis Allen ""on the floor vote … refused to join Republicans opposing driver licenses for illegal aliens.""",half-true,false,"['half-true', 'mostly-false', 'false', 'pants-fire']",4,True
“Major decision protecting voting rights in Pa. Ballots received after Election Day will not be counted.”,mostly-false,false,"['half-true', 'mostly-false', 'false']",3,True
“There was tremendous cheating in New York”,pants-fire,false,"['mostly-false', 'false', 'pants-fire']",3,True
"Says Pete Buttigieg ran statewide in Indiana and ""lost by 20 points.""",true,false,"['mostly-false', 'false']",2,False
"""As the election tracker FiveThirtyEight has reported, whoever wins Pennsylvania will be our next President.""",mostly-false,false,"['half-true', 'mostly-false', 'false', 'pants-fire']",4,True
"Says Republican-approved changes to ""make it more difficult to participate in Ohio elections include reducing in-person early voting from 35 days to six.""",true,true,['true'],1,True
"The ""Democratic Party is getting smaller and smaller and smaller.""",mostly-false,false,"['mostly-false', 'false', 'pants-fire']",3,True
Pennsylvania officials are “attempting to silence voters” by sending them letters that say they’ve been exposed to COVID-19 and “must remain quarantined and not vote in person on Election Day.”,mostly-false,false,"['half-true', 'mostly-false', 'false']",3,True
"""If Buehler were elected, our vote-by-mail system would be at risk.""",pants-fire,false,"['mostly-true', 'half-true', 'mostly-false', 'false', 'pants-fire']",5,True
Republican election challengers were unfairly barred from observing absentee ballot processing and counting in Detroit.,false,false,"['mostly-false', 'false']",2,True
“Antifa is the culprit” in the Capitol riot.,pants-fire,false,"['false', 'pants-fire']",2,True
"HR 1 will allow members of Congress to draw a second salary “worth an estimated $600,000 per year!”",false,false,"['false', 'pants-fire']",2,True
"Election results in Clark County, Nevada, and Arizona are not yet known because those places “want more time to cheat.”",pants-fire,false,"['false', 'pants-fire']",2,True
"Kamala Harris’ X post said the Olympics’ opening ceremony “made France look great! America, this is what we need to strive towards!”",false,false,"['false', 'pants-fire']",2,True
"A Nov. 5  ballot scanning error in Cambria County, Pennsylvania, shows ""the election steal is happening.""",false,false,"['mostly-false', 'false']",2,True
"""For the first time in history, the share of the national popular vote margin is smaller than the Latino vote margin.""",mostly-true,false,"['true', 'mostly-true', 'half-true', 'mostly-false', 'false']",5,True
A fake Nancy Pelosi said she won’t seek the speaker position again because the real Pelosi was arrested in 2021.,pants-fire,false,"['false', 'pants-fire']",2,True
Wisconsin elections administrator Meagan Wolfe “allowed for the use of illegal drop boxes and ballot harvesting.”,false,false,['false'],1,True
“Sam Brown publicly supported forcing massive cuts to Social Security and Medicare and was caught on tape saying he admires the plan to phase out Social Security and Medicare in five years.”,mostly-false,false,"['half-true', 'mostly-false', 'false', 'pants-fire']",4,True
"Says ""EIGHT Iowa counties have more adults registered to vote than voting-aged adults living there.”",false,false,"['false', 'pants-fire']",2,True
"""There has not been a Democratic woman in Congress from New Jersey in almost four decades.""",true,false,"['mostly-false', 'false']",2,False
"""The polling shows over and over again that, unlike Donald Trump, that with me as the nominee, we beat Hillary Clinton.""",mostly-false,false,"['mostly-false', 'false']",2,True
"""No one in American history has moved from a June 16 announcement to a May 26 winning of a majority. Trump's achievement is remarkable.""",pants-fire,false,"['half-true', 'mostly-false', 'false', 'pants-fire']",4,True
"“The Wisconsin voter roll has over 120,000 active voters who have been registered to vote for over 100 years.”",false,false,"['mostly-false', 'false', 'pants-fire']",3,True
20 million Democratic votes “disappeared” in 2024.,pants-fire,false,"['false', 'pants-fire']",2,True
"Alison Alter ""has exploited a campaign finance loophole to obtain over $64,000 in public dollars to fund her campaign.""",half-true,false,"['half-true', 'mostly-false', 'false', 'pants-fire']",4,True
"Says Joe Biden received a sudden influx of 138,339 votes in Michigan while Donald Trump received none.",false,false,"['mostly-false', 'false']",2,True
"An April 7, 2015 referendum would take ""the choice of chief justice"" of the Wisconsin Supreme Court ""away from the people.""",mostly-false,false,"['half-true', 'mostly-false', 'false', 'pants-fire']",4,True
"The DeWine campaign is ""receiving money from so many more people. (Cordray's) money is coming almost exclusively from the party, labor unions, and special counsel that he has given business to.""",half-true,half-true,"['mostly-true', 'half-true', 'mostly-false', 'false']",4,True
There are nine states “where Biden’s name can’t be removed and no one can be added. That’s over 130 electoral votes in the toilet.”,false,false,"['mostly-false', 'false', 'pants-fire']",3,True
Donald Trump lost the popular vote by 2%.,false,false,['false'],1,True
"The gender gap in his support is ""not unique to me"" and ""there’s not a huge gap from where Republicans have been in presidential, gubernatorial and US Senate elections"" in recent years.",mostly-true,mostly-true,"['true', 'mostly-true', 'half-true', 'mostly-false', 'false']",5,True
“Boom! Georgia 1st to decertify election.”,pants-fire,false,['false'],1,False
"""Mitt Romney is the first Massachusetts politician to run for president and not win the New Hampshire primary in a generation.""",mostly-true,false,"['half-true', 'mostly-false', 'false', 'pants-fire']",4,False
A Paul Ryan-Scott Walker (or Scott Walker-Paul Ryan) ticket for the White House in 2016 would be unconstitutional because both men live in Wisconsin.,false,false,"['mostly-false', 'false', 'pants-fire']",3,True
"If Joe Biden can’t serve his full term, Kamala Harris “cannot by constitutional law become president.”",false,false,['false'],1,True
"Wisconsin is ""one of the bluest"" states, but under Scott Walker its unemployment rate ""is around 3.5%.""",false,false,"['mostly-false', 'false', 'pants-fire']",3,True
"Summer “protesters outside the White House were met with tear gas, rubber bullets, a full militarized response. While ... rioters were able to breach the Capitol.”",true,false,"['true', 'mostly-true', 'half-true', 'mostly-false', 'false', 'pants-fire']",6,True
“Taylor Swift forced to cancel Eras Tour dates following endorsement backlash.”,false,false,"['false', 'pants-fire']",2,True
"“All the billionaires in America, their net worth combined … has increased by $800 billion” during the pandemic.",mostly-true,false,"['mostly-true', 'half-true', 'mostly-false', 'false']",4,True
Democrats used “47 million mail-in ballots” to steal “every election in the country.”,pants-fire,false,"['false', 'pants-fire']",2,True
"Social media posts stated: “Remember Kamala telling Joe during the debate, ‘You will do whatever the Chinese tell you! They gave your son over a billion dollars.’”",pants-fire,false,"['false', 'pants-fire']",2,True
"Says City Blue Imaging Services in Rochester, N.Y. “printed ballots there. If you search them you’ll see they’re the ones who had ballots misprint errors for the ballots sent to NYC.”",false,false,"['mostly-false', 'false', 'pants-fire']",3,True
"""Let’s say (Republicans) take away half of our delegates. They’re worth more than Iowa’s, New Hampshire’s and almost South Carolina’s combined.""",half-true,half-true,"['mostly-true', 'half-true', 'mostly-false', 'false']",4,True
"""Opponents of Section 5 (of the Voting Rights Act) complain of state expense, yet their only cost is the paper, postage and manpower required to send copies of legislation to the federal government for review.""",half-true,half-true,"['mostly-true', 'half-true', 'mostly-false', 'false']",4,True
"Says Joe Biden and Democrats ""have not legitimately won"" the presidency.",pants-fire,false,"['false', 'pants-fire']",2,True
"A printer error in Nassau County, New York, turned every registered voter Democratic.",mostly-false,false,"['mostly-false', 'false', 'pants-fire']",3,True
"Says ""nearly half"" of House Republicans have supported a nonpartisan redistricting bill.",half-true,false,"['mostly-true', 'half-true', 'mostly-false', 'false', 'pants-fire']",5,True
Says Dominion Voting System flipped votes to Joe Biden in states where Trump is bringing legal challenges.,pants-fire,false,"['mostly-false', 'false', 'pants-fire']",3,True
"More than any Republican governor in the 2014 elections, ""I took a higher percentage of the Republican vote""and ""yet I also carried independents by 12 points.""",mostly-true,false,"['mostly-true', 'half-true', 'mostly-false', 'false']",4,True
Virginia voters are being turned away from polling locations because they were told they already requested absentee ballots when they haven’t.,mostly-false,false,"['mostly-false', 'false', 'pants-fire']",3,True
Ballot drop boxes 'were only used for a pandemic.',false,false,"['mostly-false', 'false', 'pants-fire']",3,True
"A Florida elections bill “guts everything” “instead of getting tough, and doing what the people want (same day voting, Voter ID, proof of Citizenship, paper ballots, hand count, etc.).”",false,false,"['half-true', 'mostly-false', 'false', 'pants-fire']",4,True
"Steve Poizner ""increased his department's budget nearly 14 percent.""",false,false,"['false', 'pants-fire']",2,True
"“[Steve] Bullock’s health care plan will force rural hospitals to close. Medicare as we know it will change, replaced by a government-run program with fewer doctors and longer wait times.”",false,false,"['half-true', 'mostly-false', 'false', 'pants-fire']",4,True
"""Only a court can decide that somebody is incompetent to vote"" -- the state Election Commission ""cannot force facilities, private facilities, to allow special voting deputies"" inside.",mostly-true,false,"['true', 'mostly-true', 'half-true', 'mostly-false', 'false', 'pants-fire']",6,True
"""Daniel Webster said he's out. Now he says he's in.""",true,true,"['true', 'mostly-true', 'half-true', 'mostly-false', 'false']",5,True
Vice President Kamala Harris’ mother “worked the MK Ultra program” and was “involved in secret mind-control experiments.”,pants-fire,false,"['false', 'pants-fire']",2,True
"“Active crime scene in Spalding County, Ga., where ballots for President Donald Trump were discovered in a dumpster.”",false,false,['false'],1,True
"""Jeff Greene can buy anything"" ...  he owns two mansions.",true,true,"['true', 'mostly-true', 'half-true', 'mostly-false', 'false']",5,True
"""By registration fewer than 20 percent of Florida voters are Independents.""",true,true,"['true', 'mostly-true', 'half-true', 'mostly-false', 'false']",5,True
"""We won. We won in a landslide. This was a landslide.”",pants-fire,false,['false'],1,False
Mailing in a ballot “gives the bad guys a chance to know how many ballots they need to make.”,pants-fire,false,['false'],1,False
"""The average margin of victory in the House of Representatives was 37%"" for Democrats and Republicans in the 2016 election.",true,false,"['true', 'mostly-true', 'half-true', 'mostly-false', 'false']",5,True
"""Twitter, Google and Facebook are burying the FBI criminal investigation of Clinton. Very dishonest media!""",false,false,"['half-true', 'mostly-false', 'false', 'pants-fire']",4,True
"Robert Prevost, the Roman Catholic cardinal who was chosen to be the new pope, is a “registered Republican.”",mostly-false,false,"['mostly-false', 'false', 'pants-fire']",3,True
Wisconsin elections administrator Meagan Wolfe “permitted the ‘Zuckerbucks’ influence money.”,pants-fire,false,"['false', 'pants-fire']",2,True
"Milwaukee's Marcus Performing Arts Center – where 'The Daily Show' had been scheduled – “was originally located in the ‘soft perimeter,’ they called it, security-wise” but “was shifted, understandably so, to the ‘hard perimeter.’”",false,false,"['mostly-false', 'false', 'pants-fire']",3,True
"""Triggering leftists, Trump's reelection campaign is selling plastic straws.""",true,true,['true'],1,True
"""Newspapers have framed this election as my fight against the Illinois mafia.""",false,false,"['mostly-true', 'half-true', 'mostly-false', 'false', 'pants-fire']",5,True
"""Having an entirely Democrat congressional delegation in 2009, when the [federal stimulus] bill passed, increases the per capita stimulus dollars that the state receives per person by $460.""",half-true,false,"['mostly-false', 'false', 'pants-fire']",3,False
Georgia’s new voting law “makes it a JAIL-TIME CRIME to drop off grandma’s absentee ballot in a dropbox.”,false,false,"['mostly-false', 'false']",2,True
"Says she has bipartisan support, including ""53 sheriffs throughout the state, Democrats and Republicans.""",true,true,['true'],1,True
"Jennifer Carroll's an ""outsider.""",half-true,half-true,"['mostly-true', 'half-true', 'mostly-false', 'false']",4,True
"If the voting bill H.R. 1 is passed, “absentee ballots would be mailed out to anyone without proof of the voter’s identity.”",false,false,"['mostly-false', 'false']",2,True
The Trump administration put secret watermarks on official ballots to trick cheating Democrats.,pants-fire,false,"['false', 'pants-fire']",2,True
Vice President Kamala Harris “even wants to legalize fentanyl.”,false,false,"['mostly-false', 'false', 'pants-fire']",3,True
Sen. Kamala Harris “may have broken laws” when she visited a voting site in Ohio,false,false,"['mostly-false', 'false']",2,True
"Says 50 percent of millennials don’t associate with ""any political party.""",half-true,false,"['true', 'mostly-true', 'half-true', 'mostly-false', 'false']",5,True
"“When Tim Walz was asked by his country to go to Iraq, do you know what he did? He dropped out of the Army and allowed his unit to go without him.”",mostly-false,false,"['mostly-false', 'false', 'pants-fire']",3,True
The Las Vegas Sphere displayed a derogatory message directed at former President Donald Trump.,false,false,"['false', 'pants-fire']",2,True
Says Bill White is refusing to debate.,pants-fire,false,"['false', 'pants-fire']",2,True
"North Carolina's Democratic primary is open to ""all registered voters, regardless of registration.""",false,false,"['mostly-false', 'false']",2,True
Says Mandela Barnes “supported a 20% increase in the gas tax.”,half-true,false,"['mostly-false', 'false', 'pants-fire']",3,False
"Says he won the second debate with Hillary Clinton ""in a landslide"" in ""every poll.""",pants-fire,false,"['false', 'pants-fire']",2,True
"“As soon as I endorsed (Supreme Court Justice Daniel Kelly), the Wisconsin Democrats said, let’s move the election to two months later.”",pants-fire,false,"['mostly-false', 'false', 'pants-fire']",3,True
The Nashville bombing was an attempt to stop an AT&T audit into Dominion software and cover up election corruption.,pants-fire,false,"['false', 'pants-fire']",2,True
"""In Texas, there are 668 Democratic Hispanic elected officials to the 60 in the Republican Party.""",mostly-true,false,"['true', 'mostly-true', 'half-true', 'mostly-false', 'false', 'pants-fire']",6,True
“The Vice President has the power to reject fraudulently chosen electors.”,false,false,"['mostly-false', 'false']",2,True
"Says ""Donald Trump was doing a rally in the state of Florida"" the day Trump's son and others met with a Russian lawyer in New York.",false,false,"['false', 'pants-fire']",2,True
"Conservative groups have spent $5 million ""against"" Tammy Baldwin -- five times more than against all other Democratic U.S. Senate incumbents up for election in 2018 combined.",mostly-true,false,"['true', 'mostly-true', 'half-true', 'mostly-false', 'false', 'pants-fire']",6,True
"""Four times, I said, he (John McCain) is a hero, but you know ... people choose selective pieces.""",mostly-false,false,"['mostly-false', 'false', 'pants-fire']",3,True
"""The last six polls, including this week's Time magazine, show that I beat John McCain by six or seven points.""",mostly-true,mostly-true,"['mostly-true', 'half-true', 'mostly-false', 'false']",4,True
Michigan’s Proposal 2 “will permanently put in the Constitution that you never have to show an ID to vote ever again.”,mostly-false,false,"['mostly-false', 'false', 'pants-fire']",3,True
Wisconsin makes it more difficult for its citizens to vote than almost any state in the nation.,true,false,"['mostly-false', 'false', 'pants-fire']",3,False
"In Oklahoma, ""I won 77 out of 77 counties. Ronald Reagan is second with 56.""",mostly-false,false,"['mostly-false', 'false', 'pants-fire']",3,True
"Wisconsin is ""the most -- if not Number 1, number 2 -- gerrymandered state in the country"" for state legislative boundaries.",mostly-true,false,"['true', 'mostly-true', 'half-true', 'mostly-false', 'false']",5,True
"""The @nytimes sent a letter to their subscribers apologizing for their BAD coverage of me.""",false,false,"['mostly-false', 'false', 'pants-fire']",3,True
"""Had the online change of address been in place in 2008 an estimated 130,000 voters who cast provisional ballots could have changed their address online and voted a regular ballot.""",mostly-true,mostly-true,"['true', 'mostly-true', 'half-true']",3,True
“Eighty-two percent of the country understands that (the 2020 election) was a rigged election.”,false,false,"['false', 'pants-fire']",2,True
“Lula's staff infiltrated and caused damage while the Brazilian Patriots cleaned up.”,pants-fire,false,"['false', 'pants-fire']",2,True
Suggests that “since mostly Democrats vote early” then that represents “made-up ballots or dead people voting.”,false,false,"['mostly-false', 'false']",2,True
Rep. Elissa Slotkin “voted recently to let illegals vote in U.S. elections.”,false,false,"['mostly-false', 'false', 'pants-fire']",3,True
If you know someone's name and date of birth you can change their votes on Oregon’s voting website.,pants-fire,false,"['false', 'pants-fire']",2,True
"""IDC members also get tons of campaign money from real estate, charter school, and health care lobbyists, some of whom are Republicans with connections to Trump""",mostly-true,mostly-true,"['true', 'mostly-true', 'half-true', 'mostly-false', 'false']",5,True
"Says that to drive the length of the newly drawn 15th District ""you’d find yourself on the road as long as it would take to drive from Columbus to Niagara Falls.""",mostly-true,false,"['true', 'mostly-true', 'half-true', 'mostly-false', 'false']",5,True
Says Robin Vos wore protective gear that “election workers he forced to work … do not have.”,mostly-false,false,"['true', 'mostly-true', 'half-true', 'mostly-false', 'false', 'pants-fire']",6,True
"The McCain campaign ""did not elaborate"" on Obama's ties to ACORN.",false,false,"['true', 'mostly-true', 'half-true', 'mostly-false', 'false', 'pants-fire']",6,True
"""Right to Try"" experimental drug program saved ""thousands and thousands of lives.""",false,false,"['mostly-false', 'false', 'pants-fire']",3,True
Says Joe Biden has “written a letter of apology” for calling Trump’s travel restrictions from China “xenophobic.”,false,false,"['mostly-false', 'false', 'pants-fire']",3,True
"California ""admitted"" there were ""a million"" illegal votes in the 2016 presidential election.",pants-fire,false,"['false', 'pants-fire']",2,True
"Says Beto O’Rourke did his father-in-law’s ""bidding on the El Paso City Council, pushing a downtown redevelopment scheme to bulldoze a poor Hispanic neighborhood while enriching developers like his father-in-law.""",half-true,false,"['half-true', 'mostly-false', 'false', 'pants-fire']",4,True
"""Rick Scott’s Administration spent over $100,000 of taxpayer money during their first voter purge attempt in 2012.""",mostly-false,false,"['half-true', 'mostly-false', 'false', 'pants-fire']",4,True
"Texas A&M University - Commerce ""offers counseling, safe spaces for students who are afraid of President-elect Trump.""",half-true,false,"['half-true', 'mostly-false', 'false', 'pants-fire']",4,True
“Republicans recently passed a bill to eliminate early voting on Sunday” in Georgia,mostly-false,false,"['half-true', 'mostly-false', 'false', 'pants-fire']",4,True
"""The majority last quarter of Sherrod Brown's campaign contributions came from outside of the state of Ohio.""",false,false,"['mostly-false', 'false']",2,True
California’s registered independent voters “will not be able to vote republican come 2020.”,false,false,"['mostly-false', 'false']",2,True
The Biden administration stole $1 billion “from FEMA to use it for illegal migrants. … And FEMA is now busted. They don’t have any money.”,pants-fire,false,"['mostly-false', 'false', 'pants-fire']",3,True
"Says the NC elections board received ""no calls"" after alerting Bladen County voters to possible absentee ballot fraud.",false,false,"['mostly-false', 'false']",2,True
"""70 percent of the people who voted"" on June 5, 2012, ""just didn’t feel comfortable with the recall of the governor,"" weakening any idea that Wisconsin is ""fully behind this Walker agenda.""",half-true,half-true,"['mostly-true', 'half-true', 'mostly-false', 'false']",4,True
"""Iowa, for good reason, for constitutional reasons, for reasons related to the Lord, should be the first caucus and primary.""",pants-fire,false,"['false', 'pants-fire']",2,True
The USPS backdated 100K ballots so they could be counted illegally.,false,false,"['mostly-false', 'false', 'pants-fire']",3,True
Arizona House bill to “decertify” 2020 results “could effectively recall the Biden electors.”,pants-fire,false,"['mostly-false', 'false']",2,False
"Under HR 1, a person can still vote if they are 16, in the U.S. illegally, have no ID and have not registered to vote",mostly-false,false,"['mostly-false', 'false']",2,True
"""UPDATE: ‘Thousands’ voted for Doug Jones in Alabama town with population of 2,256""",pants-fire,false,"['false', 'pants-fire']",2,True
"Wisconsin has only one county, Dane, ""that's hand counting the votes"" in the 2016 presidential recount.",pants-fire,false,"['mostly-false', 'false', 'pants-fire']",3,True
"Says 40 years ago, the U.S. placed Texas under Voting Rights Act for failing to print ballots in Spanish.",half-true,false,"['true', 'mostly-true', 'half-true', 'mostly-false', 'false', 'pants-fire']",6,True
"""In Florida felonies can be things like buying weed, tampering with an odometer or disturbing a lobster trap. So basically spring break.""",mostly-true,true,"['true', 'mostly-true', 'half-true', 'mostly-false', 'false']",5,True
"Kari Lake and Mark Finchem “have said that they will only honor the results of an election if they agree with it.""",mostly-true,false,"['mostly-false', 'false']",2,False
Georgia Gov. Brian Kemp “allowed 7.5 million ballots to be sent to every registered voter.”,false,false,"['false', 'pants-fire']",2,True
"Says Gov. Andrew Cuomo is ""stealing money from the MTA and sending it upstate for projects that have nothing to do with transit.""",false,false,"['half-true', 'mostly-false', 'false', 'pants-fire']",4,True
"""Democrats and their allies (...) are manufacturing voters.""",pants-fire,false,"['mostly-false', 'false']",2,False
Says George Soros was arrested in Philadelphia for election interference.,pants-fire,false,"['false', 'pants-fire']",2,True
"There’s “evidence of a massive transfer of completed, curated ballots” that are fraudulent in the 2022 election.",false,false,['false'],1,True
"Women are ""disproportionately impacted by voter ID laws — especially married women who change their names, or those whose IDs do not accurately reflect their gender.""",mostly-true,true,"['true', 'mostly-true', 'half-true', 'mostly-false', 'false']",5,True
"Says that after she declared her candidacy for Congress, ""the redistricting process was manipulated to allow incumbent politicians to guarantee their re-election.""",mostly-false,mostly-false,"['mostly-true', 'half-true', 'mostly-false', 'false']",4,True
"Says that politicians who approved collective bargaining restrictions for public employees ""exploited a loophole exempting themselves from Senate Bill 5.""",mostly-false,false,"['half-true', 'mostly-false', 'false']",3,True
"""Mitt Romney did not run his campaign on the basis of arguing his experience in the business world was a reason to vote for him.""",pants-fire,false,"['false', 'pants-fire']",2,True
"""Red Alert: Major Signs of Voter Fraud Uncovered In Ohio.""",mostly-false,false,"['mostly-false', 'false', 'pants-fire']",3,True
Residents the Wisconsin Election Commission suspected of moving are “illegal voters.”,false,false,"['mostly-false', 'false']",2,True
"Voting machines in Shelby County, Tennessee, are swapping votes from Kamala Harris to Donald Trump.",pants-fire,false,"['mostly-false', 'false']",2,False
“The DC looting was staged” by antifa,pants-fire,false,"['false', 'pants-fire']",2,True
"""We know there are more Democrats in Georgia than Republicans. We know that for a fact.""",mostly-false,false,"['mostly-false', 'false']",2,True
"Says SJR 11 ""seeks to fix what is very quickly becoming a problem in Missouri — initiative petitions and referendums are being filed at record highs.""",mostly-true,true,"['true', 'mostly-true', 'half-true', 'mostly-false', 'false']",5,True
The media called the 2016 election for Hillary Clinton.,false,false,"['mostly-false', 'false']",2,True
Michigan U.S. Senate candidate Mike Rogers “wants to cut Medicare and Social Security.”,false,false,"['half-true', 'mostly-false', 'false', 'pants-fire']",4,True
The 2020 election results in Pennsylvania “show a statistically impossible pattern” and votes were manufactured for Joe Biden.,false,false,"['false', 'pants-fire']",2,True
"The primary election results show Democrats are strong in Kentucky  because the Democratic candidates ""both got more votes than Rand Paul  did.""",half-true,half-true,"['mostly-true', 'half-true', 'mostly-false', 'false']",4,True
“A Milwaukee election employee even acknowledged dropping off just the margin of ballots needed for a Biden win at 3 a.m.”,pants-fire,false,['false'],1,False
Nikki Haley is ineligible to be president or vice president.,pants-fire,false,['false'],1,False
"Kamala Harris was “Indian all the way, and then all of a sudden, she made a turn and she went, she became a Black person.”",pants-fire,false,"['false', 'pants-fire']",2,True
Georgia didn’t update its voter rolls prior to the 2020 presidential election; “this means we (you!) won the presidential election in Georgia.”,pants-fire,false,"['mostly-false', 'false']",2,False
"Says over 1,000 mail in ballots were found in a dumpster in California.",false,false,"['false', 'pants-fire']",2,True
Says Sen. Kelly Loeffler said on Parler that “Black people shouldn’t be allowed to vote.”,pants-fire,false,"['false', 'pants-fire']",2,True
"“Last night I was leading, often solidly, in many key States, in almost all instances Democrat run & controlled. Then, one by one, they started to magically disappear as surprise ballot dumps were counted.”",false,false,"['mostly-false', 'false', 'pants-fire']",3,True
"“Ella Emhoff, Kamala’s step-daughter, suffered a mental breakdown … due to the grief from Kamala’s humiliating loss, and was admitted to an in-patient mental health crisis center in NY.”",false,false,['false'],1,True
"""We’re the only advanced democracy in the world that makes it harder for people to vote.""",half-true,false,"['true', 'mostly-true', 'half-true', 'mostly-false', 'false', 'pants-fire']",6,True
"""Sherrod Brown and his special interest allies in Washington are plotting to spend over $13 million"" to defeat Josh Mandel.",half-true,half-true,"['mostly-true', 'half-true', 'mostly-false', 'false']",4,True
"On COVID-19, Donald Trump said that “maybe if you drank bleach you may be okay.”",mostly-false,false,"['mostly-false', 'false']",2,True
“NOT A JOKE: Ilhan Omar Tells Residents ‘You Don’t Have to be Registered to Vote’ in Minnesota.”,false,false,['false'],1,True
"“Millions of Hubbell and Bloomberg dollars wasn’t enough to overcome the Iowa House Republican avalanche of success.""",half-true,false,"['half-true', 'mostly-false', 'false', 'pants-fire']",4,True
"""I released way more (tax) information than Bruce Rauner has.""",false,false,"['mostly-true', 'half-true', 'mostly-false', 'false', 'pants-fire']",5,True
"If African-Americans vote their percentage of the population in 2008, ""Mississippi is suddenly a Democratic state.""",false,false,"['false', 'pants-fire']",2,True
"“If you vote no on Prop 50 to stop the redistricting, it shows through the envelope,” making it easy for Democrats to cheat.",mostly-false,false,"['mostly-false', 'false', 'pants-fire']",3,True
“Rogue” Michigan official sent absentee ballots to 7.7 million people “illegally and without authorization” ahead of the primaries and general election.,pants-fire,false,"['mostly-false', 'false']",2,False
"""Going to public financing really disadvantages Democrats because you're not able to raise funds between the day you win the primaries and the time you're officially nominated.""",half-true,half-true,"['mostly-true', 'half-true']",2,True
Tim Walz “changed the Minnesota flag so it could resemble the Somalian flag.”,false,false,"['mostly-false', 'false', 'pants-fire']",3,True
"""We have a guy who is going to be speaker of the House in four years, and his name has been on the ballot one time.""",false,false,"['mostly-false', 'false', 'pants-fire']",3,True
"In early voting in Miami-Dade County, ""there is a trickle of two or three people a day at a very high cost to keep those public libraries and polls open.""",false,false,"['mostly-false', 'false', 'pants-fire']",3,True
The Arizona gubernatorial race was a “fraudulent election.”,pants-fire,false,"['false', 'pants-fire']",2,True
“80% of the people” want the option of vote by mail,half-true,mostly-true,"['true', 'mostly-true', 'half-true', 'mostly-false', 'false']",5,True
"""In my own state of Vermont, from the very first days of our state's history, what our Constitution says is that everybody can vote. That is true. So people in jail can vote.""",true,true,['true'],1,True
“System 'Glitch' ... In Wisconsin - Reversal of Swapped Votes Removes Lead from Joe Biden.”,pants-fire,false,"['mostly-false', 'false']",2,False
"Says that while his plan would narrow the time for early voting, ""it still will be one of the most aggressive early voting time frames in America.""",pants-fire,false,"['mostly-false', 'false', 'pants-fire']",3,True
"Says in his three election campaigns, the early polls were ""wildly incorrect, all three times.""",mostly-true,false,"['mostly-true', 'half-true', 'mostly-false', 'false', 'pants-fire']",5,True
"Says as GOP was picking a convention city, ""I recommended Ohio.""",false,false,"['mostly-false', 'false', 'pants-fire']",3,True
"""We came out of the White House not only dead broke, but in debt.""",mostly-false,false,"['half-true', 'mostly-false', 'false']",3,True
“The millions (of immigrants) that have been paroled can simply go to their local welfare office or the DMV and register to vote.”,false,false,"['mostly-false', 'false', 'pants-fire']",3,True
"Says Democratic opponent Tammy Baldwin ""gave stimulus checks to illegals.""",false,false,"['mostly-false', 'false']",2,True
"""Apple and Amazon already operate in many states that require levels of voter ID.""",true,true,"['true', 'mostly-true', 'half-true', 'mostly-false', 'false']",5,True
"Says there won't be a recount in Alabama because a Democratic judge said ""we're going to erase all the computer files ... on Wednesday morning.""",pants-fire,false,"['mostly-false', 'false']",2,False
The 2020 election “was stolen from Donald J. Trump.”,pants-fire,false,['false'],1,False
"Kamala Harris’ campaign paid Oprah $1 million, Megan Thee Stallion $5 million, and Eminem $1.8 million.",mostly-false,false,"['mostly-true', 'half-true', 'mostly-false', 'false']",4,True
"Says Barack Obama is the ""first president to appoint 45 czars to replace elected officials in his office.""",false,false,"['mostly-false', 'false', 'pants-fire']",3,True
"North Carolina Secretary of State Elaine Marshall ""has won more statewide races than probably anyone else alive.""",true,false,"['true', 'mostly-true', 'half-true', 'mostly-false', 'false', 'pants-fire']",6,True
"A judge has ordered a ""HAND RECOUNT by an INDEPENDENT COMMISSION in the state of Michigan, following hard evidence of voting fraud by Detroit City Election Commission.""",false,false,['false'],1,True
"Says Bernie Sanders ""wins California landslide, But ⅔ of his votes aren’t counted.""",pants-fire,false,"['mostly-false', 'false', 'pants-fire']",3,True
"""We are watching, you know, millions of illegal immigrants cross our borders, and many of them voting in the past election that's what, just a couple weeks ago.""",pants-fire,false,"['false', 'pants-fire']",2,True
"""The Electoral College is much more advantageous for Democrats.""",false,false,"['half-true', 'mostly-false', 'false', 'pants-fire']",4,True
"The COVID-19 vaccine for children is proving to be “not only ineffective, it’s also proving to be dangerous.”",false,false,"['mostly-false', 'false']",2,True
Says in Texas the “average age of the Republican voter is like 20 years older than the average Democrat.”,false,false,"['mostly-true', 'half-true', 'mostly-false', 'false', 'pants-fire']",5,True
“Facts have now come out to show conclusively” that the 2020 presidential election wasn’t legitimate.,pants-fire,false,"['false', 'pants-fire']",2,True
A discrepancy in the number of ballots and voters in the 2022 general election in New York “appears to be a federal crime.”,false,false,"['mostly-false', 'false', 'pants-fire']",3,True
"The ""Department of Homeland Security and the State Department coordinated with a group called the ‘Election Integrity Partnership’ to censor Joe Biden’s opponents.”",false,false,"['half-true', 'mostly-false', 'false', 'pants-fire']",4,True
Document shows “Stormy Daniels exonerated Trump herself!”,false,false,"['false', 'pants-fire']",2,True
The Chicago Cubs owner is bankrolling Brad Schimel.,mostly-true,false,"['half-true', 'mostly-false', 'false', 'pants-fire']",4,False
Says Georgia “has more day-of voting rights than Colorado.”,mostly-false,false,"['mostly-false', 'false']",2,True
"Celebrities including Bruce Springsteen, Robert De Niro, Robert Downey Jr., John Legend and Tom Hanks have announced they are leaving the U.S. following the 2024 election.",false,false,"['false', 'pants-fire']",2,True
“CAN I CHANGE MY VOTE? ... The answer in most states is YES.”,mostly-false,false,"['mostly-false', 'false', 'pants-fire']",3,True
"Says if elected, he would be the first Mayor who lives east of 82nd.",true,true,['true'],1,True
“Pennsylvania and Michigan didn’t allow our poll watchers and/or vote observers to watch or observe.”,pants-fire,false,"['false', 'pants-fire']",2,True
"""H.B. 194, the Voter Suppression Bill, invalidates a vote where a voter properly marks the ballot in support of a particular candidate, but also writes in the name of that same candidate.""",mostly-true,mostly-true,"['mostly-true', 'half-true', 'mostly-false', 'false', 'pants-fire']",5,True
Police report shows “massive 2020 voter fraud uncovered in Michigan.”,false,false,"['false', 'pants-fire']",2,True
The Commission on Presidential Debates wrote a letter after the 2016 presidential debates apologizing to Donald Trump.,false,false,"['mostly-false', 'false']",2,True
"“In Arizona, we have flood the zone with fake ballots.”",pants-fire,false,"['mostly-false', 'false']",2,False
Says shredded ballots were found in Dell boxes in Georgia,pants-fire,false,['false'],1,False
"""In 20 years there will be enough Muslim voters in the U.S. to elect the president by themselves.""",pants-fire,false,"['false', 'pants-fire']",2,True
"Between 27,000 and 200,000 Wisconsinites were ""turned away"" from the polls in 2016 due to lack of proper identification.",pants-fire,false,"['mostly-false', 'false', 'pants-fire']",3,True
"""Breaking: four million Democrat votes just declared fraudulent.""",pants-fire,false,"['false', 'pants-fire']",2,True
Minnesota Gov. Tim Walz signed a bill “redefining ‘sexual orientation’ to include pedophiles.”,false,false,"['false', 'pants-fire']",2,True
"Texas ""had the highest level of turnout than ever before in the primary.""",half-true,false,"['half-true', 'mostly-false', 'false', 'pants-fire']",4,True
"""Judicial Watch reports show 1.7 million California votes are not registered voters!""",pants-fire,false,"['false', 'pants-fire']",2,True
"“Actually, I won Wisconsin.”",pants-fire,false,['false'],1,False
"""Before this law, any group could go out anywhere, register voters, sit on the voter registration forms for unlimited amount of time.""",mostly-false,false,"['half-true', 'mostly-false', 'false', 'pants-fire']",4,True
"“If you use the US Postal Service certified mail or registered mail, they can do anything they want with those ballots."" They “can burn your mail and they won't get in any trouble.”",pants-fire,false,"['false', 'pants-fire']",2,True
"""Missouri registered 78,421 in just one week of February of this year. Out of that number, 23,253 were dead people!""",false,false,"['mostly-false', 'false']",2,True
“The Post Office advises never send cash in the mail. It’s not secure. Vote by mail?”,mostly-false,false,"['true', 'mostly-true', 'half-true', 'mostly-false', 'false']",5,True
"“40,000+ votes for Libertarian candidate Jo Jorgensen magically become votes for Joe Biden.”",false,false,"['mostly-false', 'false', 'pants-fire']",3,True
Newt Gingrich has been a proponent of selecting a president by popular vote instead of the Electoral College.,true,true,['true'],1,True
"""Maricopa County official purged machine records before audit started.""",false,false,"['mostly-true', 'half-true', 'mostly-false', 'false', 'pants-fire']",5,True
"H.R. 1 “mandates practices nationwide” that include “ballot harvesting, universal mail-in voting and same-day registration.”",half-true,false,"['half-true', 'mostly-false', 'false']",3,True
"""When Deborah took office, the (Sellwood Bridge) project had languished for years, with only $11 million in funds. With her leadership the remaining funding was secured that got the project moving forward.""",mostly-true,true,"['true', 'mostly-true', 'half-true', 'mostly-false', 'false']",5,True
"According to the Census Bureau, “5 million more people voted than were registered to vote” in the 2020 election.",pants-fire,false,['false'],1,False
"In Hawaii, ""they don't have a history of throwing incumbents out of office.""",true,true,"['true', 'mostly-true', 'half-true', 'mostly-false', 'false', 'pants-fire']",6,True
"""Brad Schimel said that he wanted to be part of Donald Trump's support network.""",mostly-true,false,"['mostly-true', 'half-true', 'mostly-false', 'false', 'pants-fire']",5,True
Donald Trump offered “food for everyone” at his McDonald’s press conference and then left without paying.,false,false,"['false', 'pants-fire']",2,True
"""Of course, there is large scale voter fraud happening on and before election day.""",pants-fire,false,"['mostly-false', 'false', 'pants-fire']",3,True
"""If you're in Texas, you have got to drive 120 miles to get an ID.""",half-true,false,"['half-true', 'mostly-false', 'false', 'pants-fire']",4,True
"When McCain was questioned about hiring lobbyists to his campaign staff, ""his top lobbyist actually had the nerve to say, 'The American people won't care about this.' """,true,true,"['true', 'mostly-true', 'half-true', 'mostly-false', 'false']",5,True
Says Joe Biden stays in his basement.,false,false,"['mostly-false', 'false']",2,True
“At John Lewis funeral Obama told a room full of people that rooms full of people is too dangerous so we must mail in vote.”,false,false,"['mostly-false', 'false', 'pants-fire']",3,True
"""The most recent Associated Press poll has Nader-Gonzalez at 6 percent, without any national coverage, against McCain and Obama.""",mostly-true,mostly-true,"['mostly-true', 'half-true', 'mostly-false', 'false']",4,True
“Coca-Cola cuts ties with Taylor Swift over (Kamala) Harris endorsement.”,false,false,"['false', 'pants-fire']",2,True
"Says Kansas U.S. House candidate Paul Davis was caught with a stripper during a drug raid and later voted to ""allow strip clubs to open near homes, churches, schools and daycare facilities.""",half-true,false,"['mostly-false', 'false', 'pants-fire']",3,False
"""Three hundred sixty thousand Pennsylvanians fought on the side of the Union to defeat the flag, that Confederate flag, including more Black soldiers coming from Pennsylvania than any other state in the nation.""",mostly-true,true,"['true', 'mostly-true', 'half-true', 'mostly-false', 'false']",5,True
Senators who have accepted millions in campaign contributions from the financial industry voted against allowing bankruptcy judges to modify home mortgages.,true,true,"['true', 'mostly-true', 'half-true', 'mostly-false', 'false']",5,True
"Says that in the 1985 election former Gov. Tom Kean had ""the largest winning margin for a gubernatorial candidate in Jersey history.""",true,true,"['true', 'mostly-true', 'half-true', 'mostly-false', 'false']",5,True
“More fraud in New Jersey’s election uncovered – voting machines would not allow citizens to vote for Republican governor candidate.”,mostly-false,false,"['mostly-false', 'false']",2,True
Sen. JD Vance admitted he has a ‘rent-a-dog’ from the Trump campaign to make him “seem like a dog person.”,false,false,['false'],1,True
"“Congo, Africa, just released a lot of people, a lot of people from their prisons and jails and brought them into the United States of America.”",pants-fire,false,"['mostly-false', 'false', 'pants-fire']",3,True
A Phoenix TV station aired the election results more than a week early.,half-true,false,"['mostly-true', 'half-true', 'mostly-false', 'false']",4,True
"""13,000 Floridians are able to vote -- but their governor won't tell them.""",false,false,"['true', 'mostly-true', 'half-true', 'mostly-false', 'false', 'pants-fire']",6,True
"Sherrod Brown’s approval rating ""has plummeted to 38 percent among Ohio voters"" in a poll by a Democratic pollster.",mostly-true,false,"['mostly-true', 'half-true', 'mostly-false', 'false', 'pants-fire']",5,True
"A precinct in the Allen West-Patrick Murphy recount has ""7 registered voters in Guatemalan community and the tally showed 900 voted!!!!!""",false,false,"['half-true', 'mostly-false', 'false', 'pants-fire']",4,True
"Says the ""last non-partisan commission to improve the voting experience in America concluded that #VoterID was necessary.""",true,false,"['true', 'mostly-true', 'half-true', 'mostly-false', 'false', 'pants-fire']",6,True
"“In 2016, Democrats suggested that the election was stolen.”",half-true,false,"['half-true', 'mostly-false', 'false', 'pants-fire']",4,True
"""8 years of the Clintons, major losses for Democrats across the nation.""",mostly-true,mostly-true,"['mostly-true', 'half-true', 'mostly-false', 'false']",4,True
"""When President Obama was elected, the market crashed … Trump was up 9%, President Obama was down 14.8% and President Bush was down almost 4%. There is an instant reaction on Wall Street.""",mostly-false,false,"['half-true', 'mostly-false', 'false', 'pants-fire']",4,True
"“So the Pennsylvania Supreme Court just ruled, in effect, that the 2020 presidential election was rigged.”",pants-fire,false,"['false', 'pants-fire']",2,True
"Rep. Ruben Gallego is “controlled by the cartels. His own father was a Colombian drug trafficker, and so he’s got links to the cartel.”",pants-fire,false,['false'],1,False
"""The person in charge of the Hillary investigation, Andrew McCabe, got $700,000 from (Hillary Clinton) for wife!""",mostly-false,false,"['mostly-false', 'false', 'pants-fire']",3,True
"Says that during the Supreme Court campaign, Michael Screnock has ""vowed to uphold the platform of the NRA.""",half-true,half-true,"['mostly-true', 'half-true', 'mostly-false', 'false']",4,True
"North Carolina “always had nonpartisan judicial races, and when the Republicans took over several years ago they changed it.”",mostly-false,false,"['mostly-false', 'false', 'pants-fire']",3,True
"""I sponsored the new Buy American law""",false,false,"['mostly-false', 'false']",2,True
"""Well, I got 52% (of women voters). And I will tell you — in my opinion I might have won women. ... Hey, Hillary Clinton focused on women, and I did phenomenally well.""",mostly-false,false,"['half-true', 'mostly-false', 'false']",3,True
"""If West Virginia had voted for our Democratic nominee in 2000 and 2004, we wouldn't have had to put up with George Bush for the last 7 years.""",half-true,half-true,"['half-true', 'mostly-false', 'false']",3,True
Ranked choice voting in Alaska is a “total rigged deal.”,pants-fire,false,"['mostly-false', 'false', 'pants-fire']",3,True
"Thomas Jefferson said, ""That government is best which governs the least, because its people discipline themselves.""",false,false,['false'],1,True
Says Florida Agriculture Commissioner Nikki Fried “spent millions of dollars to put her face on every gas pump across this state.”,mostly-false,false,"['half-true', 'mostly-false', 'false', 'pants-fire']",4,True
"""Obama for President and Baldwin for Senate have kept their campaign offices up and running in Fox Valley, Eau Claire and La Crosse with their staffs preparing for the next battle.""",false,false,"['mostly-false', 'false', 'pants-fire']",3,True
"Says Deputy Comptroller Aycha Sawa ""blocked an audit"" of the Milwaukee lead program for three years that ""put our children in danger"" and spurred a criminal investigation.",pants-fire,false,"['mostly-false', 'false', 'pants-fire']",3,True
"Texas is ""the state that has now gone the longest without electing a Democrat statewide.""",true,false,"['true', 'mostly-true', 'half-true', 'mostly-false', 'false', 'pants-fire']",6,True
"Atlanta Mayor Kasim Reed became a city resident in the last annexation, opening the door to his candidacy.",mostly-true,mostly-true,"['mostly-true', 'half-true', 'mostly-false', 'false']",4,True
"“So this is just a way they’re trying to steal the election, and everybody knows that. Because the only way they’re going to win is by a rigged election.”",pants-fire,false,"['mostly-false', 'false', 'pants-fire']",3,True
"Rob Portman has taken more than $125,000 from ""Big Oil.""",mostly-true,false,"['true', 'mostly-true', 'half-true', 'mostly-false', 'false']",5,True
"""Unlike Mike Pence, (JD) Vance said he would have carried out Trump's plan to overturn the 2020 election.""",mostly-true,false,"['half-true', 'mostly-false', 'false', 'pants-fire']",4,False
"""THOUSANDS of fake votes found at Wisconsin Recount in Dane County.""",pants-fire,false,"['mostly-false', 'false', 'pants-fire']",3,True
"Broward County was one of three counties in the nation ""pivotal to an Obama victory"" in 2012.",mostly-false,false,"['half-true', 'mostly-false', 'false', 'pants-fire']",4,True
Sen. Bob Casey “voted to sell American oil to China.”,false,false,"['mostly-false', 'false', 'pants-fire']",3,True
"Voter ID ""is supported, if you look at any poll, by 70 to 80% of the public.""",true,true,"['true', 'mostly-true', 'half-true', 'mostly-false', 'false']",5,True
"""We have my opponent Sam Olens to thank for [the Arizona immigration ruling] since he was on the team that got Clinton elected.""",pants-fire,false,"['half-true', 'mostly-false', 'false', 'pants-fire']",4,True
"On the day of the Dec. 6 runoff, “armed groups of Black Panthers” were “reportedly patrolling certain voting locations” in Georgia.",false,false,"['mostly-false', 'false', 'pants-fire']",3,True
"""I didn't campaign on a public option.""",mostly-false,false,"['mostly-false', 'false']",2,True
"""You have to be a citizen to vote,"" but with same-day voter registration, ""you have places where people just walk in and vote.""",false,false,"['half-true', 'mostly-false', 'false', 'pants-fire']",4,True
Gov. Tim Walz insulted Ann Coulter’s romantic history after she called his son “weird.”,false,false,['false'],1,True
“Taylor Swift has moved to Canada after leaving the U.S. following the big red wave.”,false,false,"['false', 'pants-fire']",2,True
"Voting machines didn’t work in heavily GOP areas for the Georgia runoff elections, leaving some voters unable to cast ballots.",mostly-false,false,"['half-true', 'mostly-false', 'false', 'pants-fire']",4,True
"""Abolishing the Electoral College would make Los Angeles County stronger than 43 states.""",false,false,"['mostly-false', 'false']",2,True
"""We win when voter turnout is high, we lose when it is low.""",mostly-false,false,"['mostly-true', 'half-true', 'mostly-false', 'false', 'pants-fire']",5,True
"In Detroit, “people are showing up to vote only to be told, ‘sorry, you have already voted.’”",false,false,"['mostly-false', 'false']",2,True
Says Republicans supported legislation on early voting and in-person voting in 2005.,true,true,['true'],1,True
"It doesn't make sense ""historically"" to drop out because the 1968 race was still competitive when ""Bobby Kennedy was assassinated in June in California.""",mostly-false,false,"['half-true', 'mostly-false', 'false']",3,True
HR 1 “gives the federal government the power to establish their own committees” to take over the redistricting process.,mostly-false,false,"['half-true', 'mostly-false', 'false', 'pants-fire']",4,True
"""The Democrats have over  20 field agents to our zero.""",half-true,false,"['half-true', 'mostly-false', 'false']",3,True
“This week the military was moving big equipment into the major big cities preparing for the Maricopa audit results.”,false,false,"['false', 'pants-fire']",2,True
"Voter fraud provided ""a portion"" of the margin of victory of Democrat John Lehman over Republican Sen. Van Wanggaard in a state Senate recall election.",false,false,"['mostly-false', 'false', 'pants-fire']",3,True
"""Breaking: woman says she was offered big money by Washington Post to accuse Roy Moore of misconduct.""",pants-fire,false,"['false', 'pants-fire']",2,True
"Says Mahlon Mitchell ""received a massive raise on the backs of hard-working firefighters and turned the union into his own personal political slush fund.""",half-true,false,"['mostly-true', 'half-true', 'mostly-false', 'false', 'pants-fire']",5,True
"""Out of 67 counties (in Florida), I won 66, which is unprecedented. It's never happened before.""",pants-fire,false,"['mostly-false', 'false']",2,False
"Says U.S. Rep. Steve Southerland ""voted himself health care for life.""",pants-fire,false,"['mostly-false', 'false', 'pants-fire']",3,True
"""Our race was the closest U.S. Senate race in Ohio in 36 years -- when Howard Metzenbaum defeated Robert Taft in 1976.""",true,true,"['true', 'mostly-true', 'half-true', 'mostly-false', 'false']",5,True
"There was ""serious voter fraud"" in Virginia.",pants-fire,false,"['mostly-false', 'false']",2,False
"Says people who signed recall petitions against Wisconsin state Sen. Jim Holperin received ""harassing phone calls from out-of-state telemarketers claiming to represent the Democratic Party and insinuating foul play by petition circulators.""",true,true,"['true', 'mostly-true', 'half-true', 'mostly-false', 'false']",5,True
"“In certain swing states, there were more votes than people who voted, and in big numbers.”",pants-fire,false,"['false', 'pants-fire']",2,True
"""Before the Republican wave in 2010, Democrats had an advantage on the generic ballot in Congress. Even in 1994 with the Gingrich revolution ... Democrats had that advantage.""",true,true,"['true', 'mostly-true', 'half-true', 'mostly-false', 'false', 'pants-fire']",6,True
"Georgia Gov. Brian Kemp was calling President Joe Biden after Hurricane Helene but ""hasn't been able to get him.”",false,false,"['false', 'pants-fire']",2,True
"“If I mail in my ballot on Sunday and show up to the polling station on Tuesday, they won’t know if I’ve already voted or not. That, my friends, is a serious concern for all of us.”",false,false,"['mostly-false', 'false', 'pants-fire']",3,True
"""In many places, like California, the same person votes many times. You probably heard about that. They always like to say 'oh that's a conspiracy theory.' Not a conspiracy theory, folks. Millions and millions of people.""",pants-fire,false,"['false', 'pants-fire']",2,True
"“Milwaukee Elections Chief Lost Elections Flash Drive in Morning Hours of November 4th When Democrats Miraculously Found 120,000 Votes for Joe Biden.”",pants-fire,false,"['mostly-false', 'false', 'pants-fire']",3,True
"""Since the time of the Civil War, we've made a distinction in this country between the availability and the ability to access for people who were in the military, versus the rest of us, to vote.""",half-true,half-true,"['true', 'mostly-true', 'half-true', 'mostly-false', 'false']",5,True
“Trump has won the election with 294 electoral votes.”,false,false,['false'],1,True
"Says Kanye West got 40,000 votes in the presidential election in Kentucky.",false,false,"['false', 'pants-fire']",2,True
"Of Gaza, “I’ve been there.”",false,false,"['false', 'pants-fire']",2,True
"""Democrats have now become the party of the [Atlanta] metro area and of blacks.""",mostly-true,false,"['mostly-true', 'half-true', 'mostly-false', 'false']",4,True
"Says ""over the last 48 years, every governor at the midterm of his first term or her first term has lost seats in the Legislature, with the exception of Jim McGreevey in 2003.""",true,true,"['true', 'mostly-true', 'half-true', 'mostly-false', 'false']",5,True
The Electronic Registration Information Center is “a system that’s funded by George Soros.”,false,false,"['mostly-false', 'false']",2,True
"""The standard of voting in North Dakota is the easiest in the country.""",mostly-false,false,"['half-true', 'mostly-false', 'false', 'pants-fire']",4,True
"In the Georgia House district that hosted a special election on June 20, ""Trump won by 20+ points.""",false,false,"['mostly-false', 'false']",2,True
"""More Tennesseans have hunting and fishing licenses than vote.""",false,false,"['mostly-false', 'false']",2,True
"There are “180,000 registered new Amish voters in Lancaster, Pennsylvania.”",false,false,"['false', 'pants-fire']",2,True
"Says Russ Feingold ""wanted to get money out of politics. Now he's profiting from that same dark money.""",half-true,false,"['half-true', 'mostly-false', 'false', 'pants-fire']",4,True
"""We didn't go out and take"" information from the Hillary Clinton campaign.",mostly-false,false,"['half-true', 'mostly-false', 'false', 'pants-fire']",4,True
Proposed changes to the Electoral Count act show Pence had the power and “could have overturned the election!”,false,false,"['mostly-false', 'false', 'pants-fire']",3,True
"Says Wisconsin Gov. Scott Walker is making voting more difficult by closing Department of Motor Vehicles offices where ""low-income voters"" live.",false,false,"['false', 'pants-fire']",2,True
"Says Michigan congressional candidate Elissa Slotkin ""just parachuted into the district to run for Congress"" and ""admitted that she doesn’t know our area.""",half-true,false,"['mostly-true', 'half-true', 'mostly-false', 'false', 'pants-fire']",5,True
“Paper ballots and hand counting never breaks down.”,false,false,"['mostly-false', 'false', 'pants-fire']",3,True
"Says Wisconsin GOP U.S. Senate candidate Eric Hovde ""brags about being in the 1%.""",mostly-true,false,"['half-true', 'mostly-false', 'false', 'pants-fire']",4,False
GOP-authored elections bill “requires valid votes to be tossed out … if a computer rejects a signature.”,false,false,"['half-true', 'mostly-false', 'false', 'pants-fire']",4,True
"""For the hour after the (Jan. 14) debate, 'Debra Medina' was the No. 1 search on Google and for the remainder of that night No. 3.""",false,false,"['half-true', 'mostly-false', 'false', 'pants-fire']",4,True
Project 2025 would defund K-12 schools.,half-true,false,"['half-true', 'mostly-false', 'false', 'pants-fire']",4,True
Rhode Island voters are moving away from the Democratic party to  non-affiliation,false,false,"['mostly-false', 'false']",2,True
"""The number of people who just got their voting rights restored in Florida is greater than the populations of Wyoming, Vermont, Alaska, North Dakota, South Dakota, Delaware, Rhode Island, Montana, Maine and New Hampshire.""",mostly-true,false,"['true', 'mostly-true', 'half-true', 'mostly-false', 'false', 'pants-fire']",6,True
"""President Obama came to Ohio 12 times to try to defeat me and guess what? He didn't win.""",mostly-false,false,"['mostly-false', 'false']",2,True
Democrats paid Beyoncé $11 million for an endorsement.,false,false,['false'],1,True
"Wisconsin is “run by Democrats right now,” so they should address election social distancing concerns.",mostly-false,false,"['mostly-false', 'false']",2,True
"""Governor (Perry), you were a Democrat, having worked for Al Gore as his campaign manager...""",half-true,false,"['half-true', 'mostly-false', 'false']",3,True
"""If the impeachment reaches the house and passes to the senate and isn’t passed the first term is nullified and Trump can run two more terms.""",pants-fire,false,"['false', 'pants-fire']",2,True
"“We waited 24 hours and got a measly 62k votes"" in Maricopa County",false,false,"['mostly-false', 'false', 'pants-fire']",3,True
Minnesota Gov. Tim Walz “forced schools to stock tampons in boys’ bathrooms.”,mostly-false,false,"['mostly-false', 'false', 'pants-fire']",3,True
Says Gerald Daugherty is endorsed by the Austin American-Statesman.,false,false,"['mostly-false', 'false']",2,True
Says someone tried to suppress votes by disguising trash cans as ballot boxes.,false,false,"['mostly-false', 'false']",2,True
"Says in regard to providing ""more tax cuts for the rich,"" Bill Pascrell said, ""Republicans had great ideas. I liked some of their ideas.""",pants-fire,false,"['mostly-false', 'false']",2,False
Poll watchers in Philadelphia prevented from entering polling places.,half-true,false,"['mostly-true', 'half-true', 'mostly-false', 'false']",4,True
"""During the last election, Democrats won over a million votes more than Republicans, but because of the way districts are designed, the Republicans got 33 more members of the House of Representatives than the Democrats did.""",mostly-true,false,"['true', 'mostly-true', 'half-true', 'mostly-false', 'false']",5,True
"Democratic candidate Jeff Greene ""ran for Congress as a California Republican.""",true,true,"['true', 'mostly-true', 'half-true', 'mostly-false', 'false']",5,True
Arizona “could decertify” the 2020 presidential election,pants-fire,false,"['false', 'pants-fire']",2,True
"Fifty percent of the votes to Joe Biden in Michigan’s presidential primary election were mail-in, unverified, no signature, no ID.",false,false,"['false', 'pants-fire']",2,True
"""Thousands of politicians from across Ohio – along with their relatives, employees and friends – are still eligible to serve"" on the proposed redistricting commission.",mostly-true,false,"['half-true', 'mostly-false', 'false']",3,False
"Eric Hovde “wants to repeal the Affordable Care Act, and kick millions off their health insurance.”",true,false,"['mostly-false', 'false']",2,False
Rhode Island is the last state still using the Optech III P voting machines and they don’t meet suggested federal standards.,half-true,true,"['true', 'mostly-true', 'half-true', 'mostly-false', 'false']",5,True
"""I have tremendous support from women.""",false,false,"['mostly-false', 'false']",2,True
Says he was endorsed by the Valley News newspaper.,false,false,"['mostly-false', 'false']",2,True
U.S. Sen. Sherrod Brown voted to “allow transgender biological men to compete in girls’ sports.”,false,false,"['mostly-false', 'false']",2,True
Delayed election results are proof of fraud.,false,false,"['mostly-false', 'false']",2,True
"“It now appears there actually was meaningful voter fraud in Fulton County, Georgia, last November. That is not a conspiracy theory. It's true.”",false,false,"['mostly-false', 'false', 'pants-fire']",3,True
"""Everything I have said (on the campaign trail) has been factually accurate.""",false,false,"['false', 'pants-fire']",2,True
"House Democrats ""have a two-to-one advantage money-wise"" against House Republicans.",mostly-true,true,"['true', 'mostly-true', 'half-true']",3,True
The RNC is “a $200 million economic infusion into our communities.”,half-true,false,"['mostly-false', 'false', 'pants-fire']",3,False
Proof of citizenship isn't necessary before you register to vote in Florida.,mostly-false,false,"['mostly-false', 'false', 'pants-fire']",3,True
"“If you just count all the deaths in the red states, we are number two in the world in deaths, just behind Brazil.”",mostly-true,mostly-true,"['true', 'mostly-true', 'half-true', 'mostly-false', 'false']",5,True
Document shows Rebekah Jones “demonstrated” a violation of Florida’s Whistleblower Act.,false,false,"['mostly-false', 'false']",2,True
"Says a Republican-drawn map of proposed U.S. House districts for Texas ""gerrymanders more than nine million Latinos in Texas to make sure that we have no more electoral opportunity than we did in 1991.""",mostly-true,false,"['true', 'mostly-true', 'half-true', 'mostly-false', 'false', 'pants-fire']",6,True
"Says Republican gubernatorial candidate Adam Laxalt ""tried to cut a deal with big pharma"" in a lawsuit.",false,false,"['half-true', 'mostly-false', 'false', 'pants-fire']",4,True
North Carolina’s new voting rules in response to Hurricane Helene amount to “cheating” or “stealing.”,pants-fire,false,"['half-true', 'mostly-false', 'false', 'pants-fire']",4,True
"Gov. Sarah Palin ""got precisely zero support for her call for Alaska's Democratic Senator Mark Begich to resign because Ted Stevens' corruption conviction was overturned.""",false,false,"['mostly-false', 'false', 'pants-fire']",3,True
"Marco Rubio controlled funds that ""out of the $600,000 that were raised,  only $4,000 went to candidates to try to improve their chances to be  elected to office.""",half-true,half-true,"['mostly-true', 'half-true', 'mostly-false', 'false']",4,True
"During the spring 2020 election in Milwaukee, a reduction to only five polling locations “came days before the election and was done without proper notice to voters.”",mostly-true,true,"['true', 'mostly-true', 'half-true', 'mostly-false', 'false']",5,True
California voters who go to the polls to vote in person will be “TURNED AWAY & CANNOT VOTE” unless they change their voting preference to “NO to mail in voting.”,pants-fire,false,"['false', 'pants-fire']",2,True
"Charlie Crist's ""personal approval numbers are plummeting.""",mostly-false,false,"['true', 'mostly-true', 'half-true', 'mostly-false', 'false', 'pants-fire']",6,True
Says U.S. Rep. Ron Kind has “spent more $ in 100+ days than was spent fighting WWII,false,false,"['mostly-false', 'false']",2,True
"Says the Clinton Foundation ""accepted millions and millions of dollars from governments like Algeria, Saudi Arabia, Oman and the United Arab Emirates,"" which violated ""a ban on all contributions to the Foundation from foreign nations.""",mostly-false,false,"['half-true', 'mostly-false', 'false']",3,True
The Michigan attorney general’s race was “stolen in the middle of the night from Matt DePerno.”,pants-fire,false,"['false', 'pants-fire']",2,True
"Says Paul Ryan ""is still endorsing Trump.""",true,true,"['true', 'mostly-true', 'half-true', 'mostly-false', 'false']",5,True
Rep. Ruben Gallego’s “first act in Congress was to propose legislation to BAN the use of the term ‘illegal alien.’”,false,false,"['mostly-false', 'false', 'pants-fire']",3,True
"North Carolina is one of ""very few states"" that give the governor sole discretion to pick judges.",mostly-true,false,"['true', 'mostly-true', 'half-true', 'mostly-false', 'false']",5,True
"""There are ‘sore loser’ laws that would bar Luther Strange from pursuing a seat"" because he already lost the Alabama Republican Senate runoff to Roy Moore.",false,false,"['true', 'mostly-true', 'half-true', 'mostly-false', 'false', 'pants-fire']",6,True
“Fox News went from 97% reporting to 94% in Virginia. The fraud is so blatant it's not funny anymore.”,false,false,"['false', 'pants-fire']",2,True
Vice President Kamala Harris’ “60 Minutes” interview may be “a major Campaign Finance Violation.”,false,false,"['mostly-false', 'false', 'pants-fire']",3,True
A man who stormed the U.S. Capitol in a horned fur cap is an “Antifa thug.”,pants-fire,false,['false'],1,False
"""Over 40 of our 100 (House of) Delegates seats go uncontested every year, and over 40 percent of our state senate seats go uncontested every year.""",mostly-true,false,"['true', 'mostly-true', 'half-true', 'mostly-false', 'false', 'pants-fire']",6,True
Says “Joe Biden is absolutely on board with defunding the police.”,false,false,"['mostly-false', 'false', 'pants-fire']",3,True
Mike Rogers supported “laws that could eliminate IVF and birth control.”,half-true,false,"['half-true', 'mostly-false', 'false', 'pants-fire']",4,True
"In 2008, ""only 54 percent of Latinos in Texas were registered to vote and only 35 percent actually turned out.""",mostly-true,false,"['mostly-true', 'half-true', 'mostly-false', 'false', 'pants-fire']",5,True
“Antifa gearing up for false flag violence disguised as Trump-supporters.”,false,false,"['false', 'pants-fire']",2,True
“The state of Washington has already sent out their ballots” for the 2024 presidential election.,false,false,"['mostly-false', 'false']",2,True
CNN reported July 3 that “Joe has decided to drop out of the 2024 Presidential race and will be replaced by Hunter Biden.”,false,false,"['false', 'pants-fire']",2,True
"Says people in Africa ""literally walk two and three hundred miles"" in order to vote.",pants-fire,false,"['false', 'pants-fire']",2,True
"“Since 1981, the state Senate has only rejected five executive appointments. The GOP today is more than doubling that number.”",true,false,"['true', 'mostly-true', 'half-true', 'mostly-false', 'false', 'pants-fire']",6,True
"""Reports from Whitfield County, GA that Dominion machines are flipping votes. This is exactly the kind of fraud we saw in 2020.""",pants-fire,false,"['false', 'pants-fire']",2,True
"Said Dianne Feinstein said ""there is no collusion"" between the Trump campaign and Russia.",false,false,"['mostly-false', 'false']",2,True
"“As of today, there is not one member of the United States military who is in active duty in a combat zone, in any war zone around the world, for the first time this century.”",mostly-false,false,"['mostly-false', 'false', 'pants-fire']",3,True
"""The United States is about 100th in voter turnout among the industrialized nations, and Texas is near the bottom in terms of voter registration and voter turnout.""",mostly-true,true,"['true', 'mostly-true', 'half-true', 'mostly-false', 'false', 'pants-fire']",6,True
"As an example of voter fraud, “we have literally 9,000 people who voted in this election (in Nevada) who don’t live in Nevada.”",pants-fire,false,"['mostly-false', 'false', 'pants-fire']",3,True
Gov. Tim Walz delivered paid family leave in Minnesota but “Republicans are blocking” a Biden-Harris proposal.,mostly-true,false,"['true', 'mostly-true', 'half-true', 'mostly-false', 'false', 'pants-fire']",6,True
"""I am the only candidate that has endorsed Bernie Sanders for President. In PA, I've got Bernie's back.""",true,true,"['true', 'mostly-true', 'half-true', 'mostly-false', 'false']",5,True
"""Every time we put a ballot issue on, it costs a million dollars.""",half-true,false,"['half-true', 'mostly-false', 'false']",3,True
"""BP is setting up claims offices throughout the state.""",mostly-true,mostly-true,"['true', 'mostly-true', 'half-true']",3,True
"""When Josh Mandel claims to have accepted three debates with Sen. Sherrod Brown, he is lying. He has accepted ZERO proposed debates.""",pants-fire,false,"['mostly-true', 'half-true', 'mostly-false', 'false', 'pants-fire']",5,True
"""In 2008 (Mandel) was re-elected to a second term, representing a district with a 2:1 Democrat to Republican voter ratio.""",mostly-true,mostly-true,"['true', 'mostly-true', 'half-true', 'mostly-false', 'false']",5,True
"A proposed constitutional amendment ""will pave the way for making abortion illegal under North Carolina’s constitution.""",pants-fire,false,"['half-true', 'mostly-false', 'false']",3,False
"""Mitt Romney received exactly zero votes in at least 12 Cuyahoga County precincts.""",true,false,"['true', 'mostly-true', 'half-true', 'mostly-false', 'false', 'pants-fire']",6,True
"""More than once, I've actually had a conversation with the protesters on substance.""",true,true,['true'],1,True
“The great replacement theory is not some grand right-wing conspiracy theory. But a basic statement of the Democratic Party's platform.”,pants-fire,false,"['false', 'pants-fire']",2,True
"""Eric Holder is supportive of the NAACP's efforts to get the United Nations involved in our elections.""",pants-fire,false,"['half-true', 'mostly-false', 'false', 'pants-fire']",4,True
"“118-year-old William Bradley voted via an absentee ballot in Wayne County, Michigan this year. William died in 1984. They’re trying to steal this election.”",false,false,"['false', 'pants-fire']",2,True
"""This is the first time in Texas history -- and only the fourth time in United States history -- that two women are running for the top spots.""",half-true,false,"['half-true', 'mostly-false', 'false', 'pants-fire']",4,True
Kamala Harris’ “plan to tax unrecognized Capital Gains mean(s) if your house goes up in value you will have to pay that Tax Even if you don’t sell your House!”,mostly-false,false,"['mostly-false', 'false', 'pants-fire']",3,True
"In the 2020 presidential election, “4,255 ballots in Fulton County, Georgia,  were scanned multiple times” and “3,390 went to Biden.”",false,false,"['mostly-false', 'false', 'pants-fire']",3,True
Voting in California is “rigged.”,pants-fire,false,"['false', 'pants-fire']",2,True
"“The cheat has begun” because “Michigan, Georgia and Pennsylvania have officially announced that they will not have election results available on election night.”",false,false,"['false', 'pants-fire']",2,True
"""We’ve had more voter turnout since voter ID was passed than ever before.""",mostly-false,false,"['mostly-false', 'false', 'pants-fire']",3,True
"Says that when he first ran for office in the late 1980s, ""there were still folks who didn't have phone service. Soon I'd helped ensure that everyone in North Florida could access a dial tone.""",mostly-true,mostly-true,"['true', 'mostly-true', 'half-true']",3,True
Says “Kamala Harris is not able to be VP. Because she's a felon. She lied on her application to buy a gun here in CA.”,pants-fire,false,['false'],1,False
"Says his elections proposal would allow ""a potential of 168 hours (of early voting), which I think is the most we’ve ever had.""",true,true,"['true', 'mostly-true', 'half-true', 'mostly-false', 'false', 'pants-fire']",6,True
"""The majority of my contributions have been from private individuals"" giving $125 on average, ""not from PACs, not from groups.""",mostly-true,mostly-true,"['true', 'mostly-true', 'half-true', 'mostly-false', 'false']",5,True
"There are ""850,000 Ohio jobs tied to the auto industry.""",true,true,['true'],1,True
"""I have 2 and a half million more votes than he (Sanders) does.""",mostly-true,false,"['half-true', 'mostly-false', 'false']",3,False
"""Many just call him 'Lyin' Ted.' ... His TV ad about John Kasich? Lie! Stations had to pull it off the air.""",false,false,"['false', 'pants-fire']",2,True
"Michelle Nunn ""spent most of her childhood"" in Perry, Ga.",mostly-false,false,"['mostly-false', 'false']",2,True
"""If Russia, or some other entity, was hacking, why did the White House wait so long to act? Why did they only complain after Hillary lost?""",pants-fire,false,"['mostly-false', 'false']",2,False
Forty percent of union members voted Republican in 2008.,mostly-true,mostly-true,"['true', 'mostly-true', 'half-true', 'mostly-false', 'false']",5,True
Arizona midterm election was unlawful because the lab used to certify voting machines was not accredited.,false,false,"['mostly-false', 'false']",2,True
Georgia has elected more African-American leaders than any other state in the country.,mostly-false,false,"['mostly-false', 'false']",2,True
"""Indiana has purged no less than 20,000 voters in violation of a federal court order.""",mostly-false,false,"['half-true', 'mostly-false', 'false']",3,True
"""If you look at most of the polls, this is a margin-of-error race on Fourth of July between Mitt Romney and the president.""",true,mostly-true,"['true', 'mostly-true', 'half-true', 'mostly-false', 'false']",5,True
"""How many federal rulings have NOW found intentional discrimination by #Txlege since 2011? 6.""",true,true,"['true', 'mostly-true', 'half-true', 'mostly-false', 'false']",5,True
"""Since 2000, when he entered politics, Jon Husted has been on the ballot six times for three different political offices.""",true,true,['true'],1,True
Says that Secretary of State Jon Husted and former secretary Jennifer Brunner both have supported a provision in Senate Bill 47 that would limit the days organizers have to collect signatures for initiative and referendum petitions.,half-true,half-true,"['true', 'mostly-true', 'half-true', 'mostly-false', 'false']",5,True
"""Austin is the largest city in the U.S. or Texas with no geographic representation"" on its city council.",true,false,"['true', 'mostly-true', 'half-true', 'mostly-false', 'false']",5,True
"""The chairman of the party of Florida, who is an avid and outward supporter of Marco Rubio, gets to appoint 30 of those delegates.""",false,false,"['half-true', 'mostly-false', 'false', 'pants-fire']",4,True
A Republican bill in Michigan “would make it a crime for election officials … to share information about how to vote by mail and where to find a ballot drop box.”,half-true,false,"['half-true', 'mostly-false', 'false', 'pants-fire']",4,True
"""2008: Unions Spent $400 Million to Elect Obama.""",false,false,"['mostly-false', 'false']",2,True
"""The best estimate is that 200,000 people in Wisconsin were either denied or chilled in their efforts to vote"" in the 2016 presidential election.",mostly-false,false,"['half-true', 'mostly-false', 'false']",3,True
Wisconsin law says all recall petition signers must sign in the presence of another person.,false,false,['false'],1,True
"""I have voted every year in Wisconsin.""",false,false,['false'],1,True
"“There is no campaigning going on, none whatsoever.”",false,false,"['false', 'pants-fire']",2,True
"""Records suggest more than 100 batches of absentee ballots in Fulton County could be missing.""",false,false,"['mostly-false', 'false', 'pants-fire']",3,True
"Nevada is ""still a state that is 80 percent white voters.""",false,false,"['mostly-false', 'false', 'pants-fire']",3,True
"""In Florida, when Jeb Bush was governor, state authorities conducted a deeply flawed purge of voters before the presidential election in 2000"" and ""in 2004 a plan to purge even more voters was headed off.""",mostly-true,false,"['mostly-true', 'half-true', 'mostly-false', 'false', 'pants-fire']",5,True
"The voting bill known as H.R. 1 would mean “that millions of illegal immigrants are quickly registered to vote.""",false,false,"['mostly-false', 'false']",2,True
"Says Will Hurd ""cosponsored a bill that would militarize our border and allow 200 miles of new roads to be built in the Big Bend region -- cutting up our beloved park.""",half-true,false,"['half-true', 'mostly-false', 'false', 'pants-fire']",4,True
"""There's one (study) that came out of Pew in 2008 that showed 14 percent of people who voted were noncitizens.""",false,false,"['false', 'pants-fire']",2,True
Says King Street Patriots held a fundraiser featuring an author who believes that registering the poor to vote is un-American.,true,false,"['true', 'mostly-true', 'half-true', 'mostly-false', 'false', 'pants-fire']",6,True
Says Kamala Harris “advocated for restoring voting rights for the Boston bomber.”,mostly-false,false,"['half-true', 'mostly-false', 'false']",3,True
"The GOP-controlled Legislature has ""refused to act on at least 150"" appointees of Gov. Tony Evers.",true,true,"['true', 'mostly-true', 'half-true', 'mostly-false', 'false']",5,True
"""I'm the only front-line prosecutor in this race that's actually used the resources of the Wisconsin Crime Lab in the prosecution of cases.""",mostly-true,false,"['mostly-true', 'half-true', 'mostly-false', 'false']",4,True
"""Report: 3 million votes in presidential election cast by illegal aliens.""",false,false,"['false', 'pants-fire']",2,True
"Austin’s Stop Abuse for Everyone has seen in its offices ""sexual assault survivors that report being attacked by their ridesharing drivers, at a rate of one per month.""",half-true,false,"['mostly-true', 'half-true', 'mostly-false', 'false', 'pants-fire']",5,True
"""More people are struck by lightning than commit in-person voter fraud"" by impersonation.",true,true,"['true', 'mostly-true', 'half-true', 'mostly-false', 'false']",5,True
"""Collusion is not illegal.""",mostly-false,false,"['mostly-false', 'false']",2,True
"After Fahrenheit 9/11 came out, ""Bush's approval rating never was better, it only got worse.""",mostly-false,false,"['mostly-false', 'false']",2,True
Says Barack Obama complained that Democrats continue to ignore blacks except at election time.,pants-fire,false,"['mostly-false', 'false', 'pants-fire']",3,True
"""The State Department asked all secretaries of state to send their emails over."" Hillary Clinton's ""the only one who’s done it.""",mostly-false,false,"['true', 'mostly-true', 'half-true', 'mostly-false', 'false', 'pants-fire']",6,True
"Gov. Terry McAuliffe ""has made several statements that he would love to be in a Cabinet secretary position with the Clinton administration.""",false,false,"['half-true', 'mostly-false', 'false', 'pants-fire']",4,True
"This Congress ""adjourned earliest of any time in congressional history before an election.""",false,false,"['mostly-false', 'false', 'pants-fire']",3,True
"""In one county alone in Ohio, President Obama received 106,258 votes. But there were only 98,213 eligible voters.""",pants-fire,false,"['false', 'pants-fire']",2,True
"Both the Democratic and Republican candidates for president in 2016 are ""quite unpopular.""",true,true,"['true', 'mostly-true', 'half-true', 'mostly-false', 'false']",5,True
"""This race will be the Democrats’ top target this November.""",false,false,"['half-true', 'mostly-false', 'false', 'pants-fire']",4,True
"""The Republican Party   lost 1.1 million registered voters since 2008. The Democratic Party  lost  1.2 million registered voters… (while) voter registration in the   Libertarian Party rose 8 percent.""",half-true,half-true,"['true', 'mostly-true', 'half-true', 'mostly-false', 'false']",5,True
Says he was the first local official to endorse Barack Obama,mostly-false,false,"['half-true', 'mostly-false', 'false', 'pants-fire']",4,True
"""[State Rep. Doug McKillip’s] donors deserve a refund.""",false,false,"['mostly-false', 'false', 'pants-fire']",3,True
Says Joe Biden plagiarized Donald Trump in his Democratic National Convention speech.,false,false,"['mostly-false', 'false', 'pants-fire']",3,True
A bodyguard of a high-ranking Democrat in Congress fired the shot that killed Ashli Babbitt on Jan. 6.,false,false,['false'],1,True
"With voting by mail, “you get thousands and thousands of people sitting in somebody's living room, signing ballots all over the place.”",false,false,"['mostly-false', 'false', 'pants-fire']",3,True
"""In its current state, this bill is the most restrictive voter ID legislation in the nation.""",true,true,['true'],1,True
"""Dead people always vote Democrat.""",false,false,"['false', 'pants-fire']",2,True
"“Nothing has changed in the election code (under SB 7) regarding early voting. Nothing has changed.""",pants-fire,false,"['mostly-false', 'false', 'pants-fire']",3,True
"“Durham’s documents show that Hillary Clinton hired people who hacked into Trump’s home and office computers” and “planted evidence, fabricated evidence connecting Trump to Russia.”",false,false,"['false', 'pants-fire']",2,True
"""Public trust in our election system is at an all-time low.""",false,mostly-false,"['true', 'mostly-true', 'half-true', 'mostly-false', 'false', 'pants-fire']",6,True
"Says James Clapper ""and virtually everyone else"" said ""there is no collusion"" in the Russia investigation findings.",mostly-false,false,"['mostly-false', 'false', 'pants-fire']",3,True
"Under Florida’s voting law, a requirement to turn in voter registrations within 48 hours ""makes it impossible to meet the deadline if you’re working right to the end of the week.""",false,false,"['mostly-false', 'false', 'pants-fire']",3,True
"""Our campaign staff was the first to unionize in the history of politics.""",mostly-true,false,"['true', 'mostly-true', 'half-true', 'mostly-false', 'false']",5,True
"Ballot harvesting “altered the outcome” of a city council election in Yuma County, Arizona.",false,false,"['mostly-false', 'false']",2,True
"Says Republican Dan Bishop was ""down by 17"" points in NC congressional race and then won ""by a lot.""",false,false,"['mostly-false', 'false', 'pants-fire']",3,True
"“Liz Cheney cries like kids after loses in ‘primary’ against Trump’s pick,” two days before the primary election.",pants-fire,false,"['mostly-false', 'false', 'pants-fire']",3,True
"""Mark Harris worked to stop Trump from being president.""",mostly-false,false,"['half-true', 'mostly-false', 'false', 'pants-fire']",4,True
"Says Ohio's Issue 2 will create a redistricting commission that will ""have a blank check to spend our money.""",false,false,"['half-true', 'mostly-false', 'false']",3,True
“Evidence growing that fascist ANTIFA orchestrated Capitol attack with clever mob control tactics.”,pants-fire,false,"['mostly-false', 'false', 'pants-fire']",3,True
Said Republicans made historic gains in state legislatures during last month’s election,true,true,['true'],1,True
"When Mitt Romney chose Paul Ryan as his vice-presidential running mate, ""that was the end"" of Romney’s chances to win.",false,false,"['mostly-false', 'false', 'pants-fire']",3,True
“Pennsylvania is under a court order to count their ballots on election day and not after!!”,pants-fire,false,"['mostly-false', 'false', 'pants-fire']",3,True
"""Ohio has one of the highest provisional ballot rates in the country, and many of them go uncounted each election.""",true,true,['true'],1,True
"In Lancaster, Pa., “We caught them with 2,600 votes. We caught them cold, 2,600 votes. ... And every vote was written by the same person.""",false,false,"['mostly-false', 'false', 'pants-fire']",3,True
"Says rival Jill Karofsky wants ""to disarm law abiding citizens.""",mostly-false,false,"['mostly-false', 'false', 'pants-fire']",3,True
"“A STOLEN ELECTION: State totals minus illegal ballot trafficking numbers give President Trump decisive victories in AZ, GA, MI, PA, and WI.”",false,false,"['false', 'pants-fire']",2,True
"Says ""Karen Handel’s office budget increased a whopping 42 percent.""",mostly-false,false,"['mostly-true', 'half-true', 'mostly-false', 'false', 'pants-fire']",5,True
"32,000 votes for David Perdue “disappeared” during the Georgia Senate runoff election.",mostly-false,false,"['half-true', 'mostly-false', 'false']",3,True
Wisconsin voter turnout jumped from 67% in 2016 to 89% in 2020.,pants-fire,false,"['false', 'pants-fire']",2,True
"In ""reality,"" there have ""been no problems whatsoever"" with the Texas voter ID law.",mostly-false,false,"['mostly-false', 'false', 'pants-fire']",3,True
"Says Clackamas County Measure 3-401 ""will hurt our county, cripple economic growth, and increase our taxes with excessive special elections.""",false,false,"['half-true', 'mostly-false', 'false', 'pants-fire']",4,True
Georgia ranks 49th for women serving in elected state and federal offices.,true,true,['true'],1,True
A Detroit TV station aired the election results a week early.,half-true,false,"['mostly-false', 'false', 'pants-fire']",3,False
"""The majority support (raising) the minimum wage.""",true,true,"['true', 'mostly-true']",2,True
Says Republicans just won two congressional seats in North Carolina “that were not supposed to be won.”,mostly-false,false,"['half-true', 'mostly-false', 'false', 'pants-fire']",4,True
Elissa Slotkin “gave your hard-earned tax money to illegal immigrants.”,false,false,"['mostly-false', 'false', 'pants-fire']",3,True
Ron DeSantis “wants to cut Social Security and Medicare.”,mostly-false,false,"['half-true', 'mostly-false', 'false']",3,True
“Trump margin of ‘defeat’ in 4 states occurred in 4 data dumps between 1:34-6:31 AM. Statistical anomaly? Fraud?”,pants-fire,false,"['half-true', 'mostly-false', 'false', 'pants-fire']",4,True
“Wisconsin found 112k votes at 3am.”,false,false,['false'],1,True
“The Republicans and Trump funded $400 million in March of 2020 for mail ballots.”,half-true,false,"['half-true', 'mostly-false', 'false', 'pants-fire']",4,True
“Congress has one job here: to count electoral votes that have in fact been cast by any state.”,true,true,['true'],1,True
"""Ten retired nuns were barred from voting in the 2008 Indiana Democratic primary.""",half-true,half-true,"['mostly-true', 'half-true', 'mostly-false', 'false']",4,True
"Republicans have "" won a thousand seats since Obamacare.""",mostly-true,false,"['mostly-true', 'half-true', 'mostly-false', 'false', 'pants-fire']",5,True
“Every election year has a disease” ... SARS in 2004; avian flu in 2008; swine flu in 2010; MERS in 2012; Ebola in 2014 and 2018; Zika in 2016 and the coronavirus in 2020.,false,false,"['mostly-false', 'false', 'pants-fire']",3,True
"Despite opposition from national Club for Growth, Club for Growth Wisconsin ""has endorsed"" him for U.S. Senate.",pants-fire,false,"['false', 'pants-fire']",2,True
"""Biden concedes 6 million votes.""",pants-fire,false,"['false', 'pants-fire']",2,True
"""Since 1904, the Ohio victor has won the presidency 25 out of 27 times """,true,true,['true'],1,True
"“States run elections, not the federal government.”",mostly-false,false,"['mostly-false', 'false']",2,True
"Says Rick Santorum ""voted to let convicted felons vote.""",half-true,false,"['half-true', 'mostly-false', 'false', 'pants-fire']",4,True
Kanye West’s access to Wisconsin’s ballot was “denied by liberals.”,mostly-false,false,"['mostly-false', 'false', 'pants-fire']",3,True
"Before ""our last three presidents, you have to go back to the 1800s, early 1800s to find three presidents in a row being consecutively re-elected.""",true,false,"['mostly-false', 'false', 'pants-fire']",3,False
Facebook tried to “shut down” the campaign to recall California Gov. Gavin Newsom.,false,false,"['mostly-false', 'false', 'pants-fire']",3,True
“Report: Biden administration busing ‘thousands’ of illegals to red states to get permanent status.”,false,false,"['mostly-false', 'false']",2,True
A Montana Democratic operative was caught tampering with a ballot box.,false,false,"['false', 'pants-fire']",2,True
"In Michigan “we have over-votes in numerous precincts of 150%, 200%, and 300%.”",pants-fire,false,"['false', 'pants-fire']",2,True
"""Tonight in Ohio, more people came out to vote for Barack Obama in an unopposed race than voted for (Mitt) Romney and (Rick) Santorum combined.""",false,false,"['mostly-false', 'false', 'pants-fire']",3,True
Says there’s no language in the U.S. Constitution that prevents someone from running for Congress simultaneously in multiple states.,true,true,"['true', 'mostly-true', 'half-true', 'mostly-false', 'false']",5,True
"Fulton County District Attorney Fani Willis “campaigned and raised money on, ‘I will get Trump.’”",false,false,"['mostly-false', 'false', 'pants-fire']",3,True
Suggests that an immigrant charged with sexually assaulting a child entered the U.S. illegally during the Biden administration.,false,false,"['mostly-false', 'false', 'pants-fire']",3,True
"In 2018, when he ran for senator, ""young voter turnout in early voting was up 500%. We won more votes than any Democrat has in the history of the state of Texas.""",true,true,"['true', 'mostly-true', 'half-true', 'mostly-false', 'false']",5,True
"Says Sen. Kamala Harris said Democrats are ""coming for"" Trump supporters if they win the White House in 2020.",pants-fire,false,"['false', 'pants-fire']",2,True
"""Last week Joe Biden flashed the ‘white power’ sign. President Trump condemned white supremacists yesterday. Why hasn't Joe Biden?”",pants-fire,false,"['false', 'pants-fire']",2,True
"“In Wisconsin, there are approximately 70,000 absentee ballots that do not have matching ballot applications as required by law.”",pants-fire,false,"['mostly-false', 'false', 'pants-fire']",3,True
Proposed Nevada constitutional amendment to protect abortion rights would put “essentially no limit on access to abortion.”,false,false,"['mostly-false', 'false']",2,True
"“Trump's convictions have all been overturned and he is getting his $500,000,000.00 back!”",false,false,"['false', 'pants-fire']",2,True
"""Ukraine blatantly interfered in our election.""",false,false,"['mostly-false', 'false', 'pants-fire']",3,True
Donald Trump chose a provocative song to describe Kamala Harris during a presidential debate.,pants-fire,false,"['false', 'pants-fire']",2,True
“Pelosi tried to block voter ID/absentee ballot protections.”,half-true,false,"['half-true', 'mostly-false', 'false', 'pants-fire']",4,True
"“Kamala cast the tiebreaking vote to hire 87,000 new IRS agents to go after your tip income.”",false,false,"['mostly-false', 'false', 'pants-fire']",3,True
"The last time Republican U.S. Senate candidates ""beat more than two (incumbents) was 1980.""",true,false,"['mostly-false', 'false']",2,False
"""Issue 2 makes it illegal for us to negotiate for enough firefighters to do the job.""",mostly-true,mostly-true,"['mostly-true', 'half-true', 'mostly-false', 'false']",4,True
"Under the Trump administration's trade deal, “China's only fulfilled one-third of the promises of agricultural products that they were supposed to buy from our farmers.”",half-true,false,"['mostly-true', 'half-true', 'mostly-false', 'false', 'pants-fire']",5,True
“The idea that there’s political violence or violence in America like this is just unheard of.”,false,false,"['mostly-false', 'false', 'pants-fire']",3,True
"""WOW county swing suburban voters (in Wisconsin) don't vote for Donald Trump.”",true,false,"['true', 'mostly-true', 'half-true', 'mostly-false', 'false']",5,True
"Voter turnout for some groups in the 2008 presidential general election in Georgia ""was far greater than it should have been demographically.""",mostly-true,false,"['mostly-true', 'half-true', 'mostly-false', 'false', 'pants-fire']",5,True
"""Trump has selected his pick for running mate (and the) news stuns Republican Party.”",false,false,"['false', 'pants-fire']",2,True
The Freedom to Vote Act is “a sprawling takeover of our whole political system.”,false,false,"['half-true', 'mostly-false', 'false', 'pants-fire']",4,True
"""All four on Mount Rushmore, they were all independents at one critical point in their career.""",false,false,"['mostly-false', 'false', 'pants-fire']",3,True
"""Collusion is not a crime.""",mostly-false,false,"['half-true', 'mostly-false', 'false', 'pants-fire']",4,True
"""I was the first elected Republican in Williamson County history.""",half-true,false,"['mostly-false', 'false']",2,False
"""I unsealed my records"" at Marquette University.",false,false,"['mostly-false', 'false', 'pants-fire']",3,True
"""In 2020, more people voted in America than ever in the history of America, in the middle of a once-in-a-century pandemic.""",mostly-true,false,"['half-true', 'mostly-false', 'false', 'pants-fire']",4,False
"""Texas is one of the most gerrymandered states in the union.""",mostly-true,true,"['true', 'mostly-true', 'half-true', 'mostly-false', 'false']",5,True
"California’s Proposition 63 would ""CRIMINALIZE the sharing of ammunition between friends who may be hunting or shooting together.""",mostly-false,false,"['mostly-false', 'false', 'pants-fire']",3,True
"""Ron Johnson has voted against funding for law enforcement and recently opposed a plan to recruit and train new officers """,false,false,"['half-true', 'mostly-false', 'false', 'pants-fire']",4,True
"""Liberal out-of-state special interests are spending millions on 5 and 6 to change the way Florida draws its congressional and legislative districts.""",half-true,half-true,"['mostly-true', 'half-true', 'mostly-false', 'false']",4,True
“I think they found a way to target Democratic districts and send millions of votes into a black hole. The numbers aren't adding up.”,pants-fire,false,"['mostly-false', 'false', 'pants-fire']",3,True
"Virginia was named ""best managed state, best state for business and best state to raise a child"" while I was governor.",true,true,['true'],1,True
"The 2020 election was “rigged” and Chris Krebs, former Cybersecurity and Infrastructure Security Agency director, “baselessly” dismissed “election malfeasance.”",pants-fire,false,"['false', 'pants-fire']",2,True
Says conservative mega-donor Richard Uihlein is a Wisconsin resident.,false,false,"['mostly-false', 'false', 'pants-fire']",3,True
"""Wow, Report Just Out! Google manipulated from 2.6 million to 16 million votes for Hillary Clinton in 2016 Election!""",false,false,"['false', 'pants-fire']",2,True
"Arizona Secretary of State Katie Hobbs “sent 6,000 wrong ballots to Republicans.”",false,false,"['mostly-false', 'false']",2,True
"Discussing gender-affirming surgical care for minors, said that Sweden “shut it down.”",half-true,false,"['mostly-false', 'false', 'pants-fire']",3,False
"Of Bernie Moreno, “Now, he’s arguing for a national abortion ban, no exceptions.”",half-true,false,"['half-true', 'mostly-false', 'false']",3,True
Wisconsin Legislature “Will Likely Decertify State and Award to President Trump.”,pants-fire,false,"['false', 'pants-fire']",2,True
"Four government agencies donated nearly $900,000 of taxpayer money to Kamala Harris’ presidential campaign.",false,false,"['false', 'pants-fire']",2,True
"“Gina Haspel, CIA head is dead!”",pants-fire,false,"['false', 'pants-fire']",2,True
"Says ""5 out of 10"" GOP candidates don’t live in North Carolina’s 9th Congressional District.",true,true,"['true', 'mostly-true', 'half-true', 'mostly-false', 'false']",5,True
“We already have won” the election.,pants-fire,false,"['false', 'pants-fire']",2,True
The 2020 election was the only time in American history that an election took more than 24 hours to count.,false,false,"['false', 'pants-fire']",2,True
"Says signers of recall petitions against Wisconsin Gov. Scott Walker are at risk because of newly ""discovered"" provisions in state law.",mostly-false,false,"['half-true', 'mostly-false', 'false']",3,True
November election data shows a “stunning anomaly in the rejection rate of absentee ballots.”,false,false,"['true', 'mostly-true', 'half-true', 'mostly-false', 'false', 'pants-fire']",6,True
"Says ""over 1 million signatures"" were submitted in attempt to recall Gov. Scott Walker.",false,false,"['mostly-false', 'false']",2,True
“Under (the Biden) administration we have witnessed the fastest growth of Black-owned small businesses in more than 30 years.”,true,true,['true'],1,True
"""In the 2000 Florida election, at least 1,100 eligible voters were wrongly dropped from voting rolls in an attempt to purge a list of felons. Many of those who were dropped showed up to vote and were told they could not.""",true,false,"['true', 'mostly-true', 'half-true', 'mostly-false', 'false', 'pants-fire']",6,True
Says a ballot can be emailed to Wisconsin voters even a day before the election.,false,false,"['mostly-false', 'false', 'pants-fire']",3,True
"""The NSA and FBI tell Congress that Russia did not influence electoral process.""",false,false,"['mostly-false', 'false', 'pants-fire']",3,True
"""Ohio is not meeting its obligation to update voter registrations when voters change their address with the BMV.""",true,true,['true'],1,True
"Democrat ""Russ Feingold announced his Wisconsin Senate run today from…California.""",pants-fire,false,"['true', 'mostly-true', 'half-true', 'mostly-false', 'false', 'pants-fire']",6,True
“Many elections in Bexar are being called with 0% of precincts reporting! I smell MAJOR FRAUD!”,false,false,['false'],1,True
"""In New York, when she ran for reelection, she carried 58 of our 62 counties. George Bush had won 40 counties in New York just two years earlier.""",true,true,['true'],1,True
Says Georgia’s secretary of state won’t let the people recounting ballots check the signatures for fraud.,pants-fire,false,"['mostly-false', 'false']",2,False
"""There's nothing in the voting instructions that we've been getting in the last several elections that lets you know"" about the limitations of the master lever.",false,false,"['half-true', 'mostly-false', 'false', 'pants-fire']",4,True
“Netflix stock tumbles almost 40%” after the company donated to Kamala Harris’ campaign.,false,false,"['false', 'pants-fire']",2,True
Says Osama bin Laden endorsed Joe Biden,false,false,"['false', 'pants-fire']",2,True
"Tim Sheehy “would let politicians like him ban abortion, with no exceptions for rape or to save a woman’s life, and criminalize women.”",mostly-false,false,"['mostly-true', 'half-true', 'mostly-false', 'false', 'pants-fire']",5,True
U.S. Senate candidate Mike Rogers “believes he should make that decision” about whether to end pregnancies.,mostly-false,false,"['mostly-true', 'half-true', 'mostly-false', 'false', 'pants-fire']",5,True
"Obamacare includes a ""$700 billion cut from Medicare for seniors.""",half-true,false,"['mostly-true', 'half-true', 'mostly-false', 'false']",4,True
“Military brass band plays ‘Hit the Road Jack’ as Trump leaves office.”,false,false,['false'],1,True
"""Derrick Van Orden is one of the only members of Congress who participated in the deadly January 6th insurrection. He now serves in the building he tried to burn down.""",mostly-false,false,"['mostly-false', 'false']",2,True
"“Nevada AG admits to changing signature verifications manually for over 200,000 votes.”",false,false,"['false', 'pants-fire']",2,True
"""The right to vote in this country has never been intrinsically tied to citizenship.""",mostly-true,false,"['true', 'mostly-true', 'half-true', 'mostly-false', 'false', 'pants-fire']",6,True
Says she condemned violence at a campaign stop in Arizona in March.,true,true,['true'],1,True
"In the New York 9th District, ""there is a large number of people who went to the polls tonight who didn't support the president to begin with and don't support Democrats -- and it's nothing more than that.""",mostly-false,false,"['mostly-true', 'half-true', 'mostly-false', 'false', 'pants-fire']",5,True
"Says Tony Thurmond was ""Reprimanded by the Obama Administration for failing to address widespread sexual harassment and assault in district schools.""",false,false,"['mostly-false', 'false']",2,True
A consent decree approved by Gov. Brian Kemp “invalidated all voter ID law” and “allowed fraudulent ballots to be accepted” in the 2020 race.,pants-fire,false,"['mostly-false', 'false', 'pants-fire']",3,True
Says Ted Cruz distributed the ad showing a nude Melania Trump on a rug.,false,false,"['mostly-false', 'false', 'pants-fire']",3,True
"“Swing State Hit With 2020 Voting Lawsuit - Accused Of Registering Over 1,500 Deceased People In Pennsylvania.”",mostly-false,false,"['half-true', 'mostly-false', 'false']",3,True
"Says 93,000 blacks didn’t vote in Milwaukee (in 2016)",mostly-true,false,"['mostly-false', 'false']",2,False
"""Twenty-seven out-of-state pharmaceutical companies have raised more campaign dollars (against a drug price control measure) than all other state ballot measures have raised to date, combined.""",half-true,false,"['true', 'mostly-true', 'half-true', 'mostly-false', 'false', 'pants-fire']",6,True
"Says Democratic opponent is ""too Republican to stand up for us.""",mostly-false,false,"['mostly-false', 'false', 'pants-fire']",3,True
"Of the approximately 6 million disenfranchised felons in the United States, ""one-quarter are Floridians.""",mostly-true,false,"['true', 'mostly-true', 'half-true', 'mostly-false', 'false', 'pants-fire']",6,True
"In the lame-duck session, ""no power was taken away from the governor. Power was not taken away from the attorney general.""",pants-fire,false,"['mostly-false', 'false', 'pants-fire']",3,True
"“Sen. Jacky Rosen voted to increase taxes on families making less than $75,000 a year.”",mostly-false,false,"['mostly-false', 'false']",2,True
AOC posted that Trump’s election victory emboldened a conservative news outlet to call for her resignation because she’s a woman.,false,false,"['false', 'pants-fire']",2,True
“Wisconsin is one of the few states that doesn’t allow absentee ballots to be processed before Election Day.”,true,false,"['half-true', 'mostly-false', 'false']",3,False
Says “Tim Michels wants to defund public education — calling it ‘the definition of insanity’ to continue to fund public schools.”,mostly-false,false,"['mostly-true', 'half-true', 'mostly-false', 'false', 'pants-fire']",5,True
"""Iowa's Republican caucus stopped mattering years ago. It in no way determines the party nominee.""",half-true,mostly-false,"['true', 'mostly-true', 'half-true', 'mostly-false', 'false']",5,True
"Says Scott Walker ""cut back early voting and signed legislation that would make it harder for college students to vote.""",mostly-true,mostly-true,"['true', 'mostly-true', 'half-true', 'mostly-false', 'false']",5,True
"""The White House is won in the swing states, and I am winning the swing states.""",mostly-false,false,"['mostly-false', 'false', 'pants-fire']",3,True
"""Here in California, Donald Trump has given $12,000 to Jerry Brown, Gavin Newsom and Kamala Harris.""",mostly-true,false,"['true', 'mostly-true', 'half-true', 'mostly-false', 'false', 'pants-fire']",6,True
"In Glynn County, Georgia, it was 'voter fraud' when poll workers found no record of a person who already voted.",false,false,['false'],1,True
"Unemployment numbers ""are artificial numbers. These are numbers that are massaged to make the existing economy look good, to make this administration look good when, in fact, it's a total disaster.""",pants-fire,false,"['half-true', 'mostly-false', 'false', 'pants-fire']",4,True
"“In Nevada, they want to have a thing where you don’t have to have any verification of the signature” on ballots.",false,false,"['mostly-false', 'false', 'pants-fire']",3,True
"Says J.D. Vance said, “People who voted for Trump voted for him for racist reasons.”",false,false,"['half-true', 'mostly-false', 'false', 'pants-fire']",4,True
"""Taxpayers are paying a fortune for the use of Air Force One on the campaign trail"" by President Barack Obama and Hillary Clinton.",mostly-true,false,"['half-true', 'mostly-false', 'false']",3,False
“Biden did not win legally.”,pants-fire,false,['false'],1,False
The American flag is missing from the Democratic National Convention in Chicago.,false,false,"['false', 'pants-fire']",2,True
"Under the SAVE Act, “as long as you have a Real ID … it should be easy for you to register to vote.”",mostly-false,false,"['half-true', 'mostly-false', 'false', 'pants-fire']",4,True
“Biden wants to immediately stop all aid to Israel.”,false,false,"['mostly-false', 'false', 'pants-fire']",3,True
“Wisconsin 2020 election investigation finds more illegal votes were cast than Biden's margin of victory.”,false,false,['false'],1,True
"“Your minor child can go to California without your knowledge or without your consent, and get hormone therapy, puberty blockers and a sex change operation.”",mostly-false,false,"['half-true', 'mostly-false', 'false', 'pants-fire']",4,True
"In Wisconsin, ""300,000 voters were turned away by the state’s strict voter ID law"" in the 2016 presidential election.",false,false,"['false', 'pants-fire']",2,True
“Project 2025 wants to get rid of NOAA” and the National Weather Service.,half-true,false,"['half-true', 'mostly-false', 'false', 'pants-fire']",4,True
Says Nancy Pelosi has “suspicious ties” to a voting software company that was involved in glitches that favored Joe Biden.,mostly-false,false,"['half-true', 'mostly-false', 'false']",3,True
President Joe Biden’s immigration policy was “a giant voter importation scam.”,pants-fire,false,"['false', 'pants-fire']",2,True
“There were no guns whatsoever” at the Capitol riot on Jan. 6.,false,false,"['false', 'pants-fire']",2,True
"Fox News ""said the New Black Panther Party decided the election for Barack Obama.""",false,false,"['mostly-false', 'false', 'pants-fire']",3,True
"In Wisconsin, unions can essentially give ""unlimited"" contributions to political parties, but business can't give any.",mostly-true,false,"['mostly-true', 'half-true', 'mostly-false', 'false']",4,True
"Says Leah Vukmir ""claimed the open records law didn't apply to her, got sued, lost and cost taxpayers $15,000 in legal fees.""",true,true,['true'],1,True
"Scott Walker was elected governor on a promise not to take campaign contributions ""from the date of his inauguration until the signing of the state budget,"" but broke it by taking nearly $5.6 million.",false,false,"['mostly-false', 'false', 'pants-fire']",3,True
"“Biden lead disappears in NV, AZ, GA, PA.”",false,false,"['false', 'pants-fire']",2,True
"""This Russia thing with Trump and Russia is a made-up story. It's an excuse by the Democrats for having lost an election that they should've won.""",pants-fire,false,"['mostly-false', 'false']",2,False
"""Scott Walker raises nearly 70 percent of his money from out of state""",mostly-false,false,"['mostly-true', 'half-true', 'mostly-false', 'false', 'pants-fire']",5,True
"Says Houston’s 18th  congressional district has been ""gentrified"" and is home to ""more Anglos  than African Americans.""",false,false,"['mostly-false', 'false', 'pants-fire']",3,True
“Democrats want open borders so they can bring in and amnesty tens of millions of illegal aliens — that’s their electoral strategy.”,false,false,"['half-true', 'mostly-false', 'false', 'pants-fire']",4,True
"""Only 20 percent of Americans admit to being Republicans anymore.""",mostly-true,mostly-true,"['mostly-true', 'half-true', 'mostly-false', 'false']",4,True
“People don’t pretend to be someone else to go in and vote. You just don’t see that kind of fraud.”,mostly-true,true,"['true', 'mostly-true', 'half-true', 'mostly-false', 'false']",5,True
Says Joe Biden “abandoned Scranton.”,pants-fire,false,"['mostly-false', 'false', 'pants-fire']",3,True
"“In 12 states, children born alive after a failed abortion have no legal protection, and in three more states children born alive after an abortion had legal rights that governors — like Tim Walz — repealed.”",false,false,"['half-true', 'mostly-false', 'false', 'pants-fire']",4,True
"Says that U.S. Rep. Allen West is ""a constituent of mine.""",true,true,"['true', 'mostly-true', 'half-true', 'mostly-false', 'false']",5,True
Says Tommy Tuberville “is for privatizing Social Security and cutting Medicare.”,half-true,false,"['mostly-true', 'half-true', 'mostly-false', 'false', 'pants-fire']",5,True
“70% of Georgians said they would vote for Trump in 2024.”,false,false,"['mostly-true', 'half-true', 'mostly-false', 'false']",4,True
"Democrats have ""lost more than 900 state legislators"" since Barack Obama has been president.",true,true,"['true', 'mostly-true', 'half-true', 'mostly-false', 'false']",5,True
"""An April study found that about 70 percent of ads in this election cycle have been negative [due to SuperPACs], up from only 9 percent through the same period in 2008.""",mostly-true,true,"['true', 'mostly-true', 'half-true', 'mostly-false', 'false']",5,True
"As attorney general, Catherine Cortez Masto “opposed tougher laws on methamphetamine dealers.”",mostly-false,false,"['half-true', 'mostly-false', 'false', 'pants-fire']",4,True
"The Southern strategy is a ""myth"" that ""never happened.""",false,false,"['false', 'pants-fire']",2,True
"""They’re trying to rig the election again! Do not trust the Soros funded voting machines!!!”",false,false,"['mostly-false', 'false']",2,True
Nearly 90% of Travis County government races will be settled by the time of the Democratic primary.,mostly-true,false,"['true', 'mostly-true', 'half-true', 'mostly-false', 'false', 'pants-fire']",6,True
“USPS failed to deliver 27% of mail-in ballots in South Florida”,pants-fire,false,"['mostly-false', 'false', 'pants-fire']",3,True
The storming of the Capitol was staged.,false,false,['false'],1,True
"JD Vance “literally wrote the foreword for the architect of the Project 2025 agenda.""",true,false,"['true', 'mostly-true', 'half-true', 'mostly-false', 'false', 'pants-fire']",6,True
"CBS News and “60 Minutes” “replaced” former Vice President Kamala Harris’ interview answers “with completely different, and far better, answers, taken from another part of the interview.”",false,false,"['mostly-false', 'false', 'pants-fire']",3,True
"""Recently though, the media has reported on thousands of illegal voters here in the commonwealth.""",pants-fire,false,"['mostly-false', 'false']",2,False
A “dead man on the ballot” is evidence the Democrats cheated in the election.,false,false,"['mostly-false', 'false']",2,True
Claims to be endorsed by the Democratic Party.,false,false,"['mostly-false', 'false']",2,True
"The death of Rep. Sheila Jackson Lee, D-Texas, six days after the Trump rally shooting was linked to her “oversight of the Secret Service.”",false,false,"['mostly-false', 'false']",2,True
"“If you vote by mail, your personal information will be part of a public database that will be used by police departments to track down old warrants and be used by credit card companies to collect outstanding debt. The CDC is even pushing to use records for mail-in voting to track people for mandatory vaccines.”",pants-fire,false,['false'],1,False
"""Update: van full of illegals caught voting at multiple Alabama polling locations.""",pants-fire,false,"['false', 'pants-fire']",2,True
"As of Dec. 12, 2023, Geert Wilders was the “new prime minister of the Netherlands.”",false,false,"['false', 'pants-fire']",2,True
"When Donald Trump lost the Iowa caucus to Ted Cruz in 2016, ""he immediately cried that Cruz cheated.”",true,false,"['half-true', 'mostly-false', 'false', 'pants-fire']",4,False
"Says a Sanders campaign ad ""never said ... a newspaper endorsed us that did not.""",false,false,"['mostly-false', 'false']",2,True
"Says U.S. Senate candidate Michelle Nunn was ""handpicked"" by President Barack Obama",half-true,false,"['half-true', 'mostly-false', 'false', 'pants-fire']",4,True
Michael Moore is supporting Trump in the 2024 election.,false,false,"['false', 'pants-fire']",2,True
"""‘Simple math’ shows Biden claims 13 million more votes than there were eligible voters who voted in 2020 election.”",pants-fire,false,['false'],1,False
"Says Austin Mayor Steve Adler’s transportation plans linked to Proposition 1 on the ballot remove ""27+ miles of traffic lanes around the city,"" replacing ""them with lanes dedicated to usage by bicycles"" and buses.",mostly-false,false,"['mostly-true', 'half-true', 'mostly-false', 'false', 'pants-fire']",5,True
"""I am going to be on the ballot in all 50 states. There is no other third-party candidate that’s going to come close to achieving that.""",mostly-true,false,"['half-true', 'mostly-false', 'false', 'pants-fire']",4,False
“GA election official Gabriel Sterling says audits will take place after election day because it’s ‘nerve-racking’ to count ballots in front of poll watchers.”,false,false,"['false', 'pants-fire']",2,True
"An aide ""acted on his own"" and ""was not representing the Thompson campaign"" when he sent an email criticizing the sexual orientation of U.S. Senate candidate Tammy Baldwin.",pants-fire,false,"['false', 'pants-fire']",2,True
“This is the California model spreading across the country. When you need to flip things blue there’s always some mysterious mail-in ballots lying around that’ll do the trick. Shameful!”,false,false,"['mostly-false', 'false', 'pants-fire']",3,True
"""This election marks the largest Senate gains for a president's party in a first midterm election since at least President Kennedy's in 1962.""",half-true,false,"['mostly-true', 'half-true', 'mostly-false', 'false']",4,True
"The Colorado caucus system for selecting Republican delegates is ""rigged.""",false,false,"['mostly-false', 'false', 'pants-fire']",3,True
“The lady who leaked passwords for voting systems in Colorado is the same person who tried to remove Trump from the ballot.”,mostly-false,false,"['mostly-false', 'false']",2,True
"""Thanks to restrictive and anticompetitive ballot laws,"" candidates in November 2014 ran unopposed in nearly half of Wisconsin’s state representative races but in Michigan and Minnesota nearly all races had challengers.",half-true,half-true,"['true', 'mostly-true', 'half-true', 'mostly-false', 'false']",5,True
"In 2020, Trump “did much better” in the Wisconsin election than 2016, and “after the wrongdoing was found, people said, ‘Well, he actually did win.’”",pants-fire,false,"['false', 'pants-fire']",2,True
"""Dwayne 'The Rock' (Johnson) Has Officially Filed For The 2020 Presidential Campaign""",false,false,"['false', 'pants-fire']",2,True
“Maricopa County intentionally reduced the polling places.”,pants-fire,false,"['mostly-false', 'false']",2,False
Jussie Smollett is Kamala Harris’ nephew.,false,false,"['false', 'pants-fire']",2,True
"""Do you know which state has the worst ratio of white voter turnout to African-American voter turnout? Massachusetts. Do you know what has the best, where African-American turnout actually exceeds white turnout? Mississippi.""",half-true,false,"['true', 'mostly-true', 'half-true', 'mostly-false', 'false', 'pants-fire']",6,True
"""Look at the men on this stage. Collectively, they have lost 10 elections. The only people on this stage who have won every single election that they’ve been in are the women, Amy and me.""",true,true,"['true', 'mostly-true', 'half-true', 'mostly-false', 'false']",5,True
"""Right now, I’m polling at about 8 percent"" against Barack Obama and Mitt Romney.",mostly-false,false,"['mostly-true', 'half-true', 'mostly-false', 'false']",4,True
"Says NC absentee voters have ""no way"" to know if ballots are delivered",mostly-false,false,"['mostly-true', 'half-true', 'mostly-false', 'false', 'pants-fire']",5,True
"Says Marshall Tuck ""is backed by Donald Trump’s education advisor"" pictured as Betsy DeVos.",false,false,"['mostly-false', 'false', 'pants-fire']",3,True
"""There's been no conclusive or specific report to say"" Russia was trying to muddy the election.",false,false,"['mostly-false', 'false']",2,True
"“If you were forced to use a Sharpie” to fill out your ballot, “that is voter fraud.”",false,false,"['mostly-false', 'false', 'pants-fire']",3,True
"At this point in 2012, ""Rick Perry was ahead at 29.9 percent, and we had seven more leads before it finally settled on Mitt Romney.""",mostly-true,true,"['true', 'mostly-true', 'half-true', 'mostly-false', 'false']",5,True
"""Black Panthers Just Took Over City (Atlanta) – All Out War On Election Day""",pants-fire,false,"['false', 'pants-fire']",2,True
