statement,true_verdict,predicted_verdict,prediction_set,set_size,is_covered
"Says ""some [states] with the largest reductions in crime have also lowered their prison population.""",true,true,['true'],1,True
"""We have killed lots of innocent people in the state of Texas.""",false,false,"['half-true', 'mostly-false', 'false', 'pants-fire']",4,True
"Says that unless the recipient called back about ""your tax filings,"" you ""will be taken into custody by the local cops as there are more serious allegations pressed on your name.""",pants-fire,false,"['false', 'pants-fire']",2,True
"""It was revealed in court” on Feb. 23, 2022 “that Tory Lanez DNA WAS NOT found on the weapon in the Meg Thee Stallion case.""",false,false,"['half-true', 'mostly-false', 'false', 'pants-fire']",4,True
"""Ron Johnson has voted against funding for law enforcement and recently opposed a plan to recruit and train new officers """,false,false,"['half-true', 'mostly-false', 'false', 'pants-fire']",4,True
Says a Michigan funeral home employee was “cremated by mistake while taking a nap.”,pants-fire,false,"['false', 'pants-fire']",2,True
"""There’s 21 congressmen and senators that have been convicted of felonies that still get their retirement, even in jail. They don’t have to wait until they’re 65.""",mostly-true,false,"['mostly-true', 'half-true', 'mostly-false', 'false', 'pants-fire']",5,True
"""No one was taken into custody"" for feeding the homeless.",mostly-true,false,"['true', 'mostly-true', 'half-true', 'mostly-false', 'false', 'pants-fire']",6,True
"""In 2017, we had more marijuana possession arrests in our country than all other violent crimes combined.""",true,false,"['true', 'mostly-true', 'half-true', 'mostly-false', 'false', 'pants-fire']",6,True
“We have seen over the last 10 years ... under Republican governors a rise in the murder rate in Arizona of 20%.”,mostly-false,false,"['half-true', 'mostly-false', 'false']",3,True
"Says North Carolina Rep. Renee Ellmers was the only Republican to vote against ""an amendment to prioritize the deportation of sexual criminals who are illegal immigrants.""",half-true,false,"['mostly-true', 'half-true', 'mostly-false', 'false', 'pants-fire']",5,True
"Proposed gun control legislation ""will outlaw practically every firearm, make you pay $100 per firearm, put you into a police database"" and make it ""nearly impossible"" to get a permit to carry a concealed weapon.",mostly-false,false,"['half-true', 'mostly-false', 'false', 'pants-fire']",4,True
"Says Alex Jones ""said that the victims of the Sandy Hook massacre were child actors and no one was actually killed there.""",true,false,"['false', 'pants-fire']",2,False
"The Super Bowl has ""one of the highest levels of human sex trafficking activity of any event in the country.""",mostly-false,false,"['half-true', 'mostly-false', 'false', 'pants-fire']",4,True
"Says ""overwhelming majorities of Americans"" support gun legislation ""like background checks.""",mostly-true,true,['true'],1,False
“Cal Cunningham has been silent on this on defunding the police; I assume his silence is consent.”,false,false,"['mostly-true', 'half-true', 'mostly-false', 'false', 'pants-fire']",5,True
"The Rhode Island Parole Board ""never received an objection from the attorney general"" to the parole of  convicted murder Alfred Brissette.",true,false,"['true', 'mostly-true', 'half-true', 'mostly-false', 'false']",5,True
On Gov. Tony “Evers’ watch…the efficiency of the state crime lab has plummeted.”,mostly-false,false,"['half-true', 'mostly-false', 'false', 'pants-fire']",4,True
"Federal law for Obamacare navigators ""does not bar — or even require screening for — convicted felons, including individuals convicted of identity theft or fraud.""",half-true,false,"['half-true', 'mostly-false', 'false', 'pants-fire']",4,True
“Kill a White on Sight” appears on Black Lives Matter/Antifa flyers.,false,false,"['false', 'pants-fire']",2,True
Voting-rights legislation proposed by Democrats in Congress called H.R. 1 “would force states to restore the voting rights of convicted felons—including violent felons convicted of murder or rape.”,half-true,false,"['half-true', 'mostly-false', 'false']",3,True
"""When I was U.S. Attorney we wound up putting 10 percent of the state Legislature in jail during my seven years.""",false,false,"['mostly-false', 'false']",2,True
"""Since 1978, California has spent $5 billion to put 13 people to death.""",mostly-false,false,"['true', 'mostly-true', 'half-true', 'mostly-false', 'false', 'pants-fire']",6,True
"Says ""the No. 2 cause of death in the U.S. (for) women under 50 is being killed by their spouse or domestic partner.""",false,false,"['mostly-false', 'false', 'pants-fire']",3,True
"""Eighty-three law enforcement officers have died in the line of duty this year. Twenty-four of them were shot and killed in cold blood.""",true,true,"['true', 'mostly-true', 'half-true', 'mostly-false', 'false']",5,True
"Says Travis County Sheriff Greg Hamilton has accepted $42,000 from strip-club interests and $10,000 from local alcohol distributors.",mostly-true,false,"['true', 'mostly-true', 'half-true', 'mostly-false', 'false']",5,True
"“Biden said today, if he loses, his people will keep burning, looting and killing.”",false,false,['false'],1,True
"""Brock Turner’s early release will be a regular occurrence if Prop. 57 passes.""",mostly-false,false,"['half-true', 'mostly-false', 'false', 'pants-fire']",4,True
"""Last year, (Bill McCollum) spent more than $2.2 million dollars to produce and air campaign-style TV ads where you were featured in almost every frame.""",mostly-true,mostly-true,"['true', 'mostly-true']",2,True
"“Antifa now banging on residents’ doors in Seattle, demanding food & supplies. If they don’t get it, the house gets vandalized.”",false,false,"['false', 'pants-fire']",2,True
"On Jan. 6, 2021, U.S. Capitol “protestors carried no weapons.”",pants-fire,false,"['mostly-false', 'false', 'pants-fire']",3,True
"""There's no evidence that white supremacists were responsible for what happened on Jan. 6. That's a lie.”",false,false,"['false', 'pants-fire']",2,True
"“In Chicago, Covid-19 actually LOWERED the death rate.”",false,false,"['mostly-false', 'false', 'pants-fire']",3,True
"""Animal abuse is often an indicative trait of future acts of violence against humans.""",true,true,"['true', 'mostly-true', 'half-true', 'mostly-false', 'false']",5,True
"Says Virginia, Florida and Georgia are the three states that are the principal source for gun trafficking.",mostly-true,mostly-true,"['true', 'mostly-true', 'half-true', 'mostly-false', 'false']",5,True
"As part of legislative fights over abortion rights, ""Mike Coffman co-sponsored a bill to redefine rape.""",mostly-true,false,"['half-true', 'mostly-false', 'false', 'pants-fire']",4,False
"In Texas, ""sexting is a felony sex offense for teenagers — that can mean up to 10 years in prison.""",half-true,false,"['half-true', 'mostly-false', 'false']",3,True
"""We have less crime in the (Rio Grande) Valley than we do in other major Texas cities.""",half-true,false,"['true', 'mostly-true', 'half-true', 'mostly-false', 'false', 'pants-fire']",6,True
"“VA Democrats authorized for early release over 4,000 inmates, 60% of which are incarcerated for violent offenses.”",mostly-true,false,"['true', 'mostly-true', 'half-true', 'mostly-false', 'false']",5,True
"""When the mayor of Providence's brother wrote over 100 grand in bad checks to the city, Joe Fernandez didn't have the guts to prosecute him. He let him off the hook.""",pants-fire,false,"['half-true', 'mostly-false', 'false', 'pants-fire']",4,True
"""It costs $10,000 a year to keep a child in school; it costs $30,000 a year to keep someone in prison.""",true,true,"['true', 'mostly-true', 'half-true', 'mostly-false', 'false']",5,True
The officers who beat Tyre Nichols targeted him because he was “allegedly dating” one of their wives.,false,false,['false'],1,True
Says a young Texas rapper charged with capital crimes faces the death penalty but the alleged Santa Fe High School shooter faces prison and then parole after 40 years.,false,false,"['half-true', 'mostly-false', 'false', 'pants-fire']",4,True
"""In the eight years that I was mayor, (there was a) nearly 50 percent drop in violent crime, gang crime — crime went down because we grew our police department, we focused on constitutional community policing, we did some of the most innovative prevention, intervention, job re-entry programs in the nation.""",mostly-true,true,"['true', 'mostly-true', 'half-true']",3,True
"""What has happened since 2005? We’ve seen violent crime continuously go down"" due to Florida's ""stand your ground"" law.",mostly-false,false,"['mostly-false', 'false', 'pants-fire']",3,True
"There were ""50 percent more murders"" in Orlando and Orange County, Fla., last year ""than in all of Sweden.""",mostly-true,false,"['half-true', 'mostly-false', 'false', 'pants-fire']",4,False
Say a boy was 'caged' in a wire enclosure.,false,false,"['mostly-false', 'false', 'pants-fire']",3,True
"""Breaking: Santa Fe killer expresses his love for Obama.""",pants-fire,false,"['false', 'pants-fire']",2,True
“Epstein List” shows 166 people connected to convicted sex offender Jeffrey Epstein.,false,false,"['mostly-false', 'false', 'pants-fire']",3,True
"""Two years ago Providence alone spent $50,000 a year notifying the school department"" about residents in the state's sex offender registry.",half-true,false,"['true', 'mostly-true', 'half-true', 'mostly-false', 'false', 'pants-fire']",6,True
Georgia has the country’s second highest number of fraudulent tax refund claims.,half-true,half-true,"['true', 'mostly-true', 'half-true', 'mostly-false', 'false']",5,True
"I ""kicked crooked cops and government officials off the public pension rolls.""",false,false,"['mostly-false', 'false', 'pants-fire']",3,True
Says Merrick Garland is investigating Donald Trump’s “tax evasion case.”,false,false,['false'],1,True
"""Satanic leader confesses to sacrificing 675 children 'gifted' to him by doctors.""",half-true,false,"['mostly-false', 'false', 'pants-fire']",3,False
"There are ""approximately 20,000 annual gun purchases in Rhode Island.""",true,false,"['true', 'mostly-true', 'half-true', 'mostly-false', 'false']",5,True
"Sex traffickers are using a zip-tie contraption on the door handles of vehicles “to trick females into looking down and digging for something in their purse to cut with ... Once they’re distracted, boom! They are quickly forced into another vehicle, never to be seen again by their people.”",false,false,"['false', 'pants-fire']",2,True
"""... study after study has shown that the death penalty deters murders.""",half-true,false,"['half-true', 'mostly-false', 'false', 'pants-fire']",4,True
"Says handing over arrested undocumented youth to ICE ""was an unintended consequence"" of a 2008 San Francisco policy that she supported.",false,false,"['mostly-false', 'false', 'pants-fire']",3,True
The storming of the Capitol was staged.,false,false,['false'],1,True
"""Rhode Island has a [inmate] recidivism rate of over 60 percent.""",mostly-true,false,"['half-true', 'mostly-false', 'false']",3,False
"""In 2008, when Flint had 265 sworn officers on their police force, there were 35 murders and 91 rapes in this city. In 2010, when Flint had only 144 police officers, the murder rate climbed to 65, and rapes … climbed to 229.""",half-true,false,"['half-true', 'mostly-false', 'false']",3,True
"Secure Communities ""has a proven track record of enhancing public safety by focusing on violent offenders and those that pose a threat to our communities and our national security.""",half-true,half-true,"['mostly-true', 'half-true', 'mostly-false', 'false']",4,True
"""In the rest of the world, there have been 18 school shootings in the last twenty years. In the U.S., there have been 18 school shootings since January 1.""",mostly-false,false,"['half-true', 'mostly-false', 'false', 'pants-fire']",4,True
"Says El Paso was named America’s ""Safest Large City"" a year after San Antonio, Houston and Dallas had the nation’s highest crime rates.",mostly-false,false,"['true', 'mostly-true', 'half-true', 'mostly-false', 'false', 'pants-fire']",6,True
"""Texas has lost the most law enforcement officers in the line of duty of any state in America.""",true,true,"['true', 'mostly-true', 'half-true', 'mostly-false', 'false']",5,True
Cook County’s criminal courts “have been shut down for 15 months.”,false,false,"['mostly-false', 'false', 'pants-fire']",3,True
"A ""ghost bus … filled with FBI informants dressed as Trump supporters deployed onto our Capitol on January 6th.”",false,false,"['mostly-false', 'false', 'pants-fire']",3,True
"The ""House-passed budget proposal could cut funding for programs that help keep local neighborhoods safe, slash more than $1.7 million in anti-terror funds for Ohio.""",true,true,"['true', 'mostly-true', 'half-true', 'mostly-false', 'false']",5,True
"A Scott Rothstein victim says that he was ""swindled"" by Charlie Crist.",pants-fire,false,"['half-true', 'mostly-false', 'false', 'pants-fire']",4,True
"""Crime is down in Arizona.""",true,true,['true'],1,True
"Says ""the most dangerous time for children"" is from ""3 to 6 p.m., during which time juvenile crime rates triple""",half-true,half-true,"['mostly-true', 'half-true', 'mostly-false', 'false']",4,True
Clicking on this link in a text message lets sex traffickers track you.,false,false,['false'],1,True
"Antonio Villaraigosa's ""recklessness (as mayor of Los Angeles)  ... left no funding to test 7,000 rape kits, putting public safety at risk.""",false,false,"['mostly-true', 'half-true', 'mostly-false', 'false', 'pants-fire']",5,True
"While previous clemency boards granted restoration of civil rights to thousands of Floridians,  ""so far this year, under this clemency board, four (felons) have gotten their rights back.""",mostly-true,false,"['true', 'mostly-true', 'half-true', 'mostly-false', 'false', 'pants-fire']",6,True
"""I brought down crime more than anyone in this country -- maybe in the history of this country -- while I was mayor of New York City."" -",mostly-false,false,"['mostly-false', 'false']",2,True
"""$53 million a week is coming across the border in drugs.""",mostly-true,false,"['mostly-true', 'half-true', 'mostly-false', 'false']",4,True
"Says Milwaukee County district attorney candidate Verona Swanigan ""has worked as a prosecutor.""",false,false,"['mostly-false', 'false']",2,True
"Says Greg Abbott ""converted over $1 million in federal grant money intended for use to prosecute online sexual predators and other cyber crimes and instead used it to harass and prosecute senior citizens who were assisting other senior citizens in applying for mail-in ballots.""",false,false,"['true', 'mostly-true', 'half-true', 'mostly-false', 'false', 'pants-fire']",6,True
"Says George Floyd’s criminal history includes “23 arrests,” “3 car thefts” and many violent crimes.",false,false,"['mostly-false', 'false']",2,True
"""The LGBT community is more often the victims of hate crimes than any other recognized group.""",true,false,"['true', 'mostly-true', 'half-true', 'mostly-false', 'false']",5,True
"""A third of the budget for the city of Ferguson (Missouri) was being reaped by civil fines.""",mostly-false,false,"['mostly-false', 'false']",2,True
"""Washington, D.C., had some of the strictest gun laws in the country. And when they passed them, violence skyrocketed.""",half-true,false,"['mostly-true', 'half-true', 'mostly-false', 'false', 'pants-fire']",5,True
"Says Mark Pocan’s proposal to eliminate the U.S. Immigration and Customs Enforcement (ICE) would ""eliminate border enforcement.""",pants-fire,false,"['half-true', 'mostly-false', 'false', 'pants-fire']",4,True
"Says Beto O’Rourke ""has a criminal record that includes DWI and burglary arrests.""",true,false,"['true', 'mostly-true', 'half-true', 'mostly-false', 'false', 'pants-fire']",6,True
"""Because of (the 1994 crime bill), we had a 25-year low in crime, a 33-year low in the murder rate, and listen to this, because of that and the background check law, a 46-year low in the deaths of people of gun violence.""",mostly-false,mostly-false,"['mostly-true', 'half-true', 'mostly-false', 'false', 'pants-fire']",5,True
"""In 2016, an officer was assaulted in America on an average of every 10 minutes.""",mostly-true,false,"['mostly-false', 'false', 'pants-fire']",3,False
"""If you are in Las Vegas and you get a knock on your door from NV Power, 2020 Census or CVD-19 testers, do not open your door. They are robbing people at gunpoint.""",false,false,"['mostly-false', 'false', 'pants-fire']",3,True
"""Inner-city crime is reaching record levels.""",pants-fire,false,"['mostly-false', 'false', 'pants-fire']",3,True
"""134,000 (criminal) aliens have been released by the (Obama) administration in just the past two years.""",half-true,false,"['half-true', 'mostly-false', 'false', 'pants-fire']",4,True
"""According to the FBI, Mexican drug cartels are working with 100,000 street gang members in Chicago alone.""",half-true,false,"['half-true', 'mostly-false', 'false', 'pants-fire']",4,True
"The ""stand your ground"" law caused the shooting death of Trayvon Martin.",false,false,"['mostly-false', 'false', 'pants-fire']",3,True
"""Seventy four percent of Californians are absolutely against sanctuary state"" policies.",false,false,"['mostly-false', 'false', 'pants-fire']",3,True
“Kenosha car dealer kills himself after insurance won’t cover … damages caused by the riots.”,pants-fire,false,"['false', 'pants-fire']",2,True
"""Eric Schneiderman helped NXIVM sell child sex slaves to the Clintons""",pants-fire,false,"['false', 'pants-fire']",2,True
"A legal settlement that reined in Chicago police ""resulted in approximately 236 additional victims killed and over 1,100 additional shootings in 2016 alone.""",mostly-false,false,"['mostly-false', 'false', 'pants-fire']",3,True
"Says Jordan Davis, son of Georgia Congresswoman Lucy McBath, was killed in ""a drug deal gone bad.""",pants-fire,false,['false'],1,False
"“So far, out of 175 arrested in Kenosha, 102 were not from Kenosha. Rioting has become its own industry.”",mostly-false,false,"['mostly-false', 'false', 'pants-fire']",3,True
"""The same unhinged leftists cheering last week's shooting are all backing Jon Ossoff.""",pants-fire,false,"['false', 'pants-fire']",2,True
"“There was no violence on the Senate side, in terms of the chamber.”",mostly-false,false,"['mostly-false', 'false', 'pants-fire']",3,True
"""James Comey Memos just out and show clearly that there was NO COLLUSION and NO OBSTRUCTION""",pants-fire,false,"['mostly-false', 'false', 'pants-fire']",3,True
"Romney refused to pardon ""a decorated soldier"" returning from Iraq who had been charged with a crime involving a BB gun when he was 13.",true,false,"['true', 'mostly-true', 'half-true', 'mostly-false', 'false', 'pants-fire']",6,True
"In Springfield, Ohio, “murders are up by 81%.”",mostly-false,false,"['mostly-false', 'false', 'pants-fire']",3,True
"Says Donald Trump ""publicly invited Putin to hack into Americans’ (emails).""",half-true,false,"['half-true', 'mostly-false', 'false', 'pants-fire']",4,True
"Under Mayor Tom Barrett, the number of Milwaukee police officers ""has not increased.""",true,false,"['true', 'mostly-true', 'half-true', 'mostly-false', 'false', 'pants-fire']",6,True
The Obama administration shut down the Amber Alert program because of the government shutdown.,false,false,"['mostly-false', 'false', 'pants-fire']",3,True
"""Smallville star confesses she sold children to Rothschilds and Clintons.""",pants-fire,false,"['false', 'pants-fire']",2,True
"The “president of Drag Queen Story Hour” was “arrested, charged with child pornography.”",false,false,"['false', 'pants-fire']",2,True
"""Crime in Germany is way up.""",false,false,"['mostly-false', 'false']",2,True
"""I have seen crime increase in every major metropolitan area (in California) … Crime is on the rise in every major market.""",mostly-false,false,"['mostly-true', 'half-true', 'mostly-false', 'false', 'pants-fire']",5,True
"Germany ""is crime-riddled right now"" because of migration to Europe.",mostly-false,false,"['mostly-false', 'false']",2,True
"""Over 12,000 school kids were arrested in Florida. It makes Florida the nation's leader in that area.""",half-true,false,"['true', 'mostly-true', 'half-true', 'mostly-false', 'false', 'pants-fire']",6,True
The Bipartisan Safer Communities Act led to “a 12% reduction in urban homicides in this country.”,half-true,true,"['true', 'mostly-true', 'half-true', 'mostly-false', 'false']",5,True
“I cooperated far more” than Joe Biden in the classified documents investigations.,pants-fire,false,"['false', 'pants-fire']",2,True
"Says a gun bill before the Senate would make it a federal felony to ""leave town for more than seven days, and leave someone else at home with your firearms.""",half-true,false,"['half-true', 'mostly-false', 'false', 'pants-fire']",4,True
"""Crime has been getting worse since Jerry Brown was elected governor.""",mostly-false,false,"['mostly-true', 'half-true', 'mostly-false', 'false', 'pants-fire']",5,True
"Recently released Jan. 6 footage shows ""these cops using massive amounts of force against unarmed Trump supporters, including women.""",false,false,"['mostly-false', 'false', 'pants-fire']",3,True
"University of Texas students ""signed a petition seeking the legal right to abort newborn babies up to five-years-old.""",half-true,false,"['mostly-false', 'false', 'pants-fire']",3,False
"Says that in 2015, ""illegal"" immigrants accounted for 75 percent of federal drug possession convictions and 5 percent to 30 percent of convictions for murder and kidnapping plus two other crimes.",true,false,"['true', 'mostly-true', 'half-true', 'mostly-false', 'false']",5,True
"""There have been three people tried and convicted by the last administration in military courts. Two are walking the street right now.""",true,true,['true'],1,True
"Says President Barack Obama has said ""that everybody should hate the police.""",pants-fire,false,"['false', 'pants-fire']",2,True
"""We are almost halfway to our goal of 1,000 rapes prosecuted!""",true,true,"['true', 'mostly-true', 'half-true', 'mostly-false', 'false']",5,True
"""Almost half of all vehicles stolen in Texas each year had keys left inside.""",false,false,"['half-true', 'mostly-false', 'false', 'pants-fire']",4,True
"""You can absolutely get a gun if you have several felonies as long as you buy it on the Internet or at a gun show.""",half-true,false,"['mostly-false', 'false', 'pants-fire']",3,False
"""One out of every five law enforcement officers that's killed is killed with an assault weapon.""",mostly-true,false,"['mostly-true', 'half-true', 'mostly-false', 'false', 'pants-fire']",5,True
“My opponent wants to abolish” law enforcement.,false,false,"['mostly-false', 'false', 'pants-fire']",3,True
"""Murder went up"" when Romney was governor. ""Robbery went up. Violent crimes went up.""",half-true,half-true,"['mostly-true', 'half-true', 'mostly-false', 'false']",4,True
“They are trying to make it illegal to question the results of a bad election.”,false,false,"['mostly-false', 'false', 'pants-fire']",3,True
"Because of voter fraud, Republican candidates ""need to do a point or two better"" to win statewide elections in Wisconsin.",false,false,"['mostly-false', 'false', 'pants-fire']",3,True
"Says ""we brought crime rate down by 30 percent"" when he was mayor of Dallas.",mostly-true,true,"['true', 'mostly-true', 'half-true', 'mostly-false', 'false', 'pants-fire']",6,True
"Milwaukee has ""the highest incarceration rate among African-American men in the country.""",half-true,half-true,"['mostly-true', 'half-true', 'mostly-false', 'false']",4,True
The city of San Francisco posted street signs warning that “stolen goods must remain under $950.”,false,false,"['false', 'pants-fire']",2,True
"Says “Lucy McBath voted to release criminals from prison. Murderers, rapists.”",false,false,"['half-true', 'mostly-false', 'false']",3,True
"""This type of mass violence does not happen in other advanced countries. It doesn’t happen in other places with this kind of frequency.""",mostly-false,false,"['half-true', 'mostly-false', 'false', 'pants-fire']",4,True
"""There are so many data that demonstrate that poor people, surprisingly, are less likely to use drugs than people with means.""",false,false,"['false', 'pants-fire']",2,True
"""One out of every 5 people that the federal government charges with murder is an illegal alien.""",false,false,"['mostly-false', 'false']",2,True
"""I deployed the Texas National Guard"" to the Texas-Mexico border. ""And the policy worked; apprehensions at the border declined 74 percent.""",mostly-false,false,"['true', 'mostly-true', 'half-true', 'mostly-false', 'false', 'pants-fire']",6,True
"California has seen a ""56 percent decline in the gun murder rate"" since the 1990s.",mostly-true,false,"['half-true', 'mostly-false', 'false', 'pants-fire']",4,False
"""48-Hour waiting periods limit crimes of passion and keep our communities safe.”",half-true,false,"['true', 'mostly-true', 'half-true', 'mostly-false', 'false', 'pants-fire']",6,True
The suspect in the Minnesota lawmakers’ shootings was driven by “Marxist” ideology.,pants-fire,false,"['mostly-false', 'false', 'pants-fire']",3,True
"""While I was mayor of the city of Providence we had the lowest crime rate in 30 years.""",true,mostly-true,"['true', 'mostly-true', 'half-true', 'mostly-false', 'false']",5,True
"“My opponent, Cindy Axne, has actively sought to defund the police.”",false,false,"['mostly-false', 'false', 'pants-fire']",3,True
Sullivan County “has the highest opioid death rate in all of New York state” yet “it’s the only county in the Hudson Valley not included in the federal High-Intensity Drug Trafficking Area” program.,mostly-true,false,"['true', 'mostly-true', 'half-true', 'mostly-false', 'false']",5,True
"Austin mayoral candidate Steve Adler has ""never been active in anything that has to do with City Hall.""",pants-fire,false,"['half-true', 'mostly-false', 'false', 'pants-fire']",4,True
"""We are now seeing a decrease in violent crime.""",true,true,['true'],1,True
"Many gang members have taken advantage of ""glaring loopholes and our laws to enter the country as illegal, unaccompanied, alien minors.""",half-true,false,"['mostly-false', 'false', 'pants-fire']",3,False
"""Private prison systems are calculating how many new beds (they will need) based on the ... number of third graders.""",pants-fire,false,"['false', 'pants-fire']",2,True
"Milwaukee County Sheriff David A. Clarke Jr. advised citizens to ""point that barrel center mass and pull the trigger"" because ""911 is not our best option.""",true,false,"['true', 'mostly-true', 'half-true', 'mostly-false', 'false', 'pants-fire']",6,True
"Says John Cox ""parroted, parroted Trump — almost verbatim — on the children’s separation issues at the border.""",mostly-false,false,"['half-true', 'mostly-false', 'false', 'pants-fire']",4,True
"Says Dan Patrick ""proposed Arizona-style show-me-your-papers legislation.""",true,false,"['true', 'mostly-true', 'half-true', 'mostly-false', 'false', 'pants-fire']",6,True
"Research found that ""over the course of the existence of the Brady Bill ban, the use of assault weapons in crimes decreased by two thirds.""",half-true,half-true,"['true', 'mostly-true', 'half-true', 'mostly-false', 'false']",5,True
"Says ""in our gun laws we’re allowing domestic abusers to sidestep this ban on getting a gun. The loophole allows a convicted abuser to walk into a gun show and walk out with a gun, no questions asked.""",true,false,"['half-true', 'mostly-false', 'false', 'pants-fire']",4,False
"""Here are the facts: there is no massive wave of migrants pouring into California. Overall immigrant apprehensions on the border last year were as low as they’ve been in nearly 50 years (and 85 percent of the apprehensions occurred outside of California).""",true,true,['true'],1,True
"""In 2016, counties hosting a Trump rally saw a 226% spike in hate crimes.""",half-true,false,"['half-true', 'mostly-false', 'false', 'pants-fire']",4,True
"In America, ""more people die from"" prescription narcotic painkillers ""than from heroin and cocaine combined.""",half-true,false,"['mostly-true', 'half-true', 'mostly-false', 'false', 'pants-fire']",5,True
“The subway burning victim's name was Amelia Carter.”,false,false,"['false', 'pants-fire']",2,True
"The stories from women saying he groped or forced himself on them ""largely have been debunked.""",false,false,"['mostly-false', 'false', 'pants-fire']",3,True
Says Oregon ranks 30th in the nation with regard to its incarceration rate.,true,false,"['true', 'mostly-true', 'half-true', 'mostly-false', 'false']",5,True
"""Hillary Clinton spied on President Trump.""",false,false,"['false', 'pants-fire']",2,True
"""Human trafficking is the third-biggest criminal enterprise in the world.""",mostly-true,false,"['true', 'mostly-true', 'half-true', 'mostly-false', 'false']",5,True
"""Last year, South Carolina spent $21,756 per prison inmate and $11,552 per student.""",mostly-true,true,['true'],1,False
"""Sixty percent of the auto thefts that we have in (St. Petersburg) are caused by people leaving their keys in the car.""",true,false,"['true', 'mostly-true', 'half-true', 'mostly-false', 'false', 'pants-fire']",6,True
"""There have not been any public safety issues"" in cities that allow transgender people to use the bathroom of the gender they identify as.",mostly-true,false,"['true', 'mostly-true', 'half-true', 'mostly-false', 'false', 'pants-fire']",6,True
"Says Georgia’s 5th congressional district, represented by John Lewis, is ""in horrible shape and falling apart (not to mention crime infested).""",mostly-false,false,"['half-true', 'mostly-false', 'false', 'pants-fire']",4,True
"An ABC News headline said, “Journalist covering the Hunter Biden case dies after being shot 7 times.”",false,false,"['false', 'pants-fire']",2,True
"In the U.S., ""African-Americans continue to be arrested at nearly three and one half times the rate of whites"" on marijuana charges.",true,true,['true'],1,True
"""Just last year, alone, 710 police officers"" were assaulted in New York state.",mostly-true,false,"['half-true', 'mostly-false', 'false', 'pants-fire']",4,False
"""In the last five years, 28,000 people have been killed along the U.S.-Mexico border.""",false,false,"['mostly-false', 'false', 'pants-fire']",3,True
“Milwaukee is one of the sex trafficking capitals in our country.”,mostly-true,false,"['half-true', 'mostly-false', 'false']",3,False
"""More than three women per day lose their lives at the hands of their partners.""",true,true,['true'],1,True
"Says Dan Sullivan approved a ""light sentence"" for a sex offender who got out of prison and is now charged with a gruesome murder and sexual assault.",pants-fire,false,"['half-true', 'mostly-false', 'false', 'pants-fire']",4,True
"Judging by a recent vote, Rep. Debbie Wasserman Schultz ""thinks it's okay for medical marijuana patients to go to federal prison.""",mostly-false,false,"['half-true', 'mostly-false', 'false', 'pants-fire']",4,True
“A dangerous Hispanic couple” is “on the run after killing 3 female police officers.”,false,false,"['false', 'pants-fire']",2,True
"Says NBC News reported that Hillary Clinton ""covered up elite pedophile ring at state department.""",false,false,"['false', 'pants-fire']",2,True
"""I’ve been involved in prosecuting a terrorist member of ISIS.""",false,true,"['true', 'mostly-true', 'half-true', 'mostly-false', 'false']",5,True
"Right now, if Rhode Island police come across a young person with a gun, ""they really don't legally have the right to take it away from them.""",half-true,false,"['mostly-false', 'false', 'pants-fire']",3,False
"Says special counsel Robert Mueller ""has brought in Democrat campaign donors at a very high level"" on his team of lawyers.",half-true,false,"['half-true', 'mostly-false', 'false', 'pants-fire']",4,True
“One in six local election officials have received threats of violence” and threats against judges have doubled over four years and threats against members of Congress have increased by 10 times over five years.,mostly-true,true,"['true', 'mostly-true', 'half-true', 'mostly-false', 'false']",5,True
"""We have an increase in murder within our cities, the biggest in 45 years.""",mostly-true,true,['true'],1,False
"""Only half of the murders in the city of St. Louis get solved.""",true,false,"['true', 'mostly-true', 'half-true', 'mostly-false', 'false', 'pants-fire']",6,True
"""Toledo … is fourth in the nation behind much bigger cities — Miami, Las Vegas, Portland — in number of human trafficking arrests and rescues.""",mostly-false,false,"['half-true', 'mostly-false', 'false']",3,True
"""A sitting sheriff cannot be charged except by a warrant issued by a Superior Court judge.""",half-true,false,"['mostly-true', 'half-true', 'mostly-false', 'false']",4,True
"""My Treasury team eliminated a 900-case backlog in the Crime Victim Compensation Program.""",true,true,"['true', 'mostly-true', 'half-true', 'mostly-false', 'false']",5,True
"""Crime is rising.""",pants-fire,false,"['mostly-false', 'false']",2,False
Georgia ranks No. 9 in the rate of women murdered by men.,true,true,"['true', 'mostly-true', 'half-true', 'mostly-false', 'false']",5,True
"""A man using bath salts reported that raccoons had set fire inside his home and stolen his cell phone.""",true,true,['true'],1,True
The Club Q shooting was a “false flag.”,pants-fire,false,['false'],1,False
"Boston Marathon bombing suspect Tamerlan Tsarnaev is buried ""not far"" from President Kennedy’s grave.",pants-fire,false,"['mostly-false', 'false', 'pants-fire']",3,True
"""The White House fully cooperated with the Special Counsel’s investigation.""",false,false,"['mostly-false', 'false']",2,True
"""More people are struck by lightning than commit in-person voter fraud"" by impersonation.",true,true,"['true', 'mostly-true', 'half-true', 'mostly-false', 'false']",5,True
"""It’s possible that non-citizen voters were responsible for Obama’s 2008 victory in North Carolina.""",pants-fire,false,"['false', 'pants-fire']",2,True
"""Fifty-six percent decline in overall crime. A 73 percent decline in motor-vehicle theft. A 67 percent decline in robbery. A 66 percent decline in murder. This is way beyond what happened in the nation during this period of time.",true,mostly-false,"['mostly-true', 'half-true', 'mostly-false', 'false']",4,False
"""Hundreds of illegal immigrants subject to detainers were released in the last week since the new sanctuary policy was adopted by the Travis County Sheriff's Office.""",false,false,"['half-true', 'mostly-false', 'false', 'pants-fire']",4,True
"""The proportion of Rhode Islanders entering substance abuse treatment primarily due to marijuana use has reached its highest point in 20 years.""",false,false,"['half-true', 'mostly-false', 'false', 'pants-fire']",4,True
"""US representatives promise implement of UN gun-control plans""",mostly-false,false,"['false', 'pants-fire']",2,False
"""Over 39% of violent criminals return to prison following their release.""",mostly-true,false,"['true', 'mostly-true', 'half-true', 'mostly-false', 'false']",5,True
"""Puerto Rico mayor facing fraud charges over $3M in federal disaster relief""",false,false,"['mostly-false', 'false']",2,True
"""Black people kill more black people every six months than the KKK did in 86 years.""",half-true,false,"['mostly-false', 'false', 'pants-fire']",3,False
"""People who die from a home invasion make up a sad but minuscule .04% of all gun murders in the U.S. And over a third of them are killed by their own gun that the criminal has either stolen or wrestled from them.""",mostly-false,false,"['half-true', 'mostly-false', 'false', 'pants-fire']",4,True
"Six convictions are connected to an allegation by prosecutors ""that Gov. Scott Walker is at the center of a criminal scheme.""",false,false,"['mostly-false', 'false', 'pants-fire']",3,True
"""Republicans want to restore #gunrights to felons""",mostly-true,false,"['mostly-false', 'false']",2,False
"""Even members of the NRA, when they were polled recently, were under the impression that everyone has a criminal background check.""",mostly-true,false,"['half-true', 'mostly-false', 'false', 'pants-fire']",4,False
"""The conviction rate is almost exactly the same"" for whites and blacks who commit murder.",false,false,"['mostly-false', 'false', 'pants-fire']",3,True
“Cities in notoriously ‘tough on crime’ states like Texas and Florida saw a more significant increase in violent crime than cities in NYS.”,half-true,false,"['true', 'mostly-true', 'half-true', 'mostly-false', 'false', 'pants-fire']",6,True
"Says Neil Gorsuch ""comes down on the side of felons over gun safety.""",mostly-false,false,"['mostly-false', 'false', 'pants-fire']",3,True
"The Biden administration “halted deportations for all illegal aliens — murderers, rapists, terrorists, MS-13 gang members are not being deported.""",false,false,"['mostly-false', 'false']",2,True
“A $7.20 an hour McDonalds employee … now gets a cool 1/2 million dollar reward” for helping police find the suspected UnitedHealthcare CEO shooter.,false,false,"['mostly-false', 'false', 'pants-fire']",3,True
“California store owner prices all items at $951 so thieves can be prosecuted.”,false,false,"['false', 'pants-fire']",2,True
Pennsylvania Senate candidate John Fetterman’s tattoo references ‘heroin use’ and the Crips,mostly-false,false,"['mostly-false', 'false', 'pants-fire']",3,True
"Female students at UVA ""have a 20 percent chance of being sexually assaulted.""",mostly-false,false,"['mostly-false', 'false', 'pants-fire']",3,True
"Says since Australia passed tough gun laws, ""homicides by firearm have declined almost 60 percent.""",mostly-true,true,"['true', 'mostly-true', 'half-true', 'mostly-false', 'false']",5,True
"An Army report stated Allen West ""performed illegal acts, merited court martial, faced 11 years in prison.'""",half-true,false,"['half-true', 'mostly-false', 'false', 'pants-fire']",4,True
"""It costs us about $33,000 a year (on average nationally) to lock somebody up. In California it costs about $75,000 a year.""",true,true,['true'],1,True
Under New York’s Clean Slate Act “violent crimes … will now be automatically sealed after a set time - like they never happened.”,mostly-false,false,"['mostly-true', 'half-true', 'mostly-false', 'false']",4,True
"The Las Vegas shooting was the ""273rd mass shooting"" in the United States so far in 2017.",half-true,false,"['half-true', 'mostly-false', 'false']",3,True
"News interview proves that the Buffalo, New York supermarket shooting was staged.",pants-fire,false,"['false', 'pants-fire']",2,True
"""Defendants charged with producing, directing or promoting an obscene sexual performance by a child will be arraigned & set free.""",mostly-true,false,"['mostly-false', 'false', 'pants-fire']",3,False
“As many as 75% of school shootings resulted from a gun that was not secured.”,mostly-false,false,"['mostly-true', 'half-true', 'mostly-false', 'false', 'pants-fire']",5,True
"""Of all the people in federal prison for possession of illegal substances, 77 percent of them are not citizens of the United States.""",half-true,false,"['mostly-false', 'false', 'pants-fire']",3,False
Says he led the fight to add 200 new police officers to make the City of Milwaukee safer.,half-true,false,"['mostly-true', 'half-true', 'mostly-false', 'false', 'pants-fire']",5,True
"""The attorney general requires that rape victims pay for the rape kit.""",pants-fire,false,"['mostly-false', 'false']",2,False
California law lets you “rob a store as long as it’s not more than $950” and “not get charged.” Kamala Harris “did that.”,false,false,"['mostly-false', 'false', 'pants-fire']",3,True
"""Here in Philadelphia murder has been steady — I mean — just terribly increasing.""",false,false,"['half-true', 'mostly-false', 'false', 'pants-fire']",4,True
"""There have been no hearings"" on a criminal justice bill being considered in the Senate.",mostly-false,false,"['mostly-false', 'false', 'pants-fire']",3,True
"""Hate crimes against American Muslims and mosques have tripled after Paris and San Bernardino.""",mostly-true,false,"['true', 'mostly-true', 'half-true', 'mostly-false', 'false']",5,True
"Says 85 percent of Milwaukee shootings involve ""people with extensive criminal records shooting other people with extensive criminal records.""",half-true,half-true,"['mostly-true', 'half-true', 'mostly-false', 'false', 'pants-fire']",5,True
"Violent crime in Manhattan is ""now at a record level.""",false,false,['false'],1,True
"It's ""not true"" that since he's been the president, executions in Iran have increased by four times.",false,false,"['false', 'pants-fire']",2,True
"Says she ""created the first felony deferred prosecution program for nonviolent first-offenders"" in Texas.",mostly-false,true,"['true', 'mostly-true', 'half-true', 'mostly-false', 'false']",5,True
"""We are at a 40-year low in our crime rate in our state.""",true,true,['true'],1,True
"""Everywhere that we have more citizens carrying guns, crime is less. There's a study showing that where states have open carry or concealed carry, but particularly open carry, the crime is down 25 percent.""",mostly-false,false,"['mostly-false', 'false', 'pants-fire']",3,True
"By clicking on a link from a fake USPS text message, “you are sending your precise location to sex traffickers in your local area” so they can kidnap you.",false,false,"['mostly-false', 'false']",2,True
"“Maxine Waters just introduced a bill to re-name Memorial Day — George Floyd Day.""",pants-fire,false,['false'],1,False
“More cops are killed responding to domestic violence calls than anything else.”,false,false,"['mostly-false', 'false']",2,True
"Online voter registration is a ""more secure"" way of doing voter registration.",mostly-true,true,"['true', 'mostly-true', 'half-true']",3,True
Says murder is the chief cause of death for pregnant women.,mostly-false,false,"['half-true', 'mostly-false', 'false']",3,True
"""No other city in America did what (New York) did. We reduced murders by 50%, reduced police shootings to historic lows, reduced the number of people incarcerated by nearly 40%.""",mostly-true,false,"['mostly-true', 'half-true', 'mostly-false', 'false', 'pants-fire']",5,True
“The idea that there’s political violence or violence in America like this is just unheard of.”,false,false,"['mostly-false', 'false', 'pants-fire']",3,True
"Says Andrew Gillum ""oversaw a 52 percent increase in murder.""",mostly-false,false,"['mostly-false', 'false', 'pants-fire']",3,True
"“In Virginia, Black people are eight times (8X) more likely than white people to die of gun homicide.”",true,true,['true'],1,True
"""The profit [from automated traffic enforcement cameras] is going to the private corporations, not to the city or state.""",false,false,"['half-true', 'mostly-false', 'false', 'pants-fire']",4,True
“We’re facing situations these days where you have to have two officers in the evidence room in case there’s an accidental (fentanyl) exposure.”,true,true,['true'],1,True
"""At a minimum, 40 percent of those who view child pornography end up molesting children as a result.""",mostly-false,false,"['half-true', 'mostly-false', 'false']",3,True
"""The average rate of fraud"" in the Earned Income Tax Credit, Medicare, Medicaid and food stamps programs ""is 20 to 25 percent.""",pants-fire,false,"['mostly-false', 'false', 'pants-fire']",3,True
"Chicago city officials ""have adopted an official policy of protecting criminal aliens who prey on their own residents.""",false,false,"['half-true', 'mostly-false', 'false', 'pants-fire']",4,True
"In the U.S., “you’re not allowed to own a machine gun.”",mostly-false,false,"['false', 'pants-fire']",2,False
A bar graph compares homicides for various racial groups,mostly-false,false,"['mostly-false', 'false']",2,True
“Violent crime is near a record 50-year low.”,true,true,['true'],1,True
"""Worldwide credit card transactions, the credit card fraud rate is 0.04 percent, compared to almost 8 percent, 9 percent, 10 percent of Medicare fraud.""",mostly-true,false,"['true', 'mostly-true', 'half-true', 'mostly-false', 'false', 'pants-fire']",6,True
Says “Property crime rising in Austin. This is the kind of thing that happens when cities defund and deemphasize police. Residents are left to fend for themselves.”,mostly-false,false,"['half-true', 'mostly-false', 'false', 'pants-fire']",4,True
"""In Florida felonies can be things like buying weed, tampering with an odometer or disturbing a lobster trap. So basically spring break.""",mostly-true,true,"['true', 'mostly-true', 'half-true', 'mostly-false', 'false']",5,True
"Says it was ""a crime for Nixon to wiretap the Democrats at Watergate but OK for Obama to wiretap Republicans at Trump Tower.”",false,false,"['mostly-false', 'false', 'pants-fire']",3,True
“Violent crime in South Bend doubled during Mayor Pete’s tenure.”,mostly-false,false,"['mostly-false', 'false', 'pants-fire']",3,True
"Says ""Catherine Cortez Masto failed Nevada rape victims. While attorney general, thousands of rape kits were never sent for DNA analysis.""",half-true,false,"['half-true', 'mostly-false', 'false', 'pants-fire']",4,True
"""Obama did in fact unconstitutionally spy on Trump throughout the presidential election.""",false,false,"['false', 'pants-fire']",2,True
"On Jan. 6, 2021, 274 FBI agents were “probably acting as agitators and insurrectionists, but certainly not as ‘law enforcement officials.’”",pants-fire,false,"['mostly-false', 'false', 'pants-fire']",3,True
"The mass shooting in Buffalo, New York was a “false flag event.”",pants-fire,false,"['false', 'pants-fire']",2,True
"No one “with a concealed carry permit ever committed a mass shooting.""",false,false,"['false', 'pants-fire']",2,True
"""So many of these shooters turn out to be communist Democrats.""",pants-fire,false,"['mostly-false', 'false', 'pants-fire']",3,True
“More than 20 police officers are dead now because of the riots.”,false,false,['false'],1,True
"""Under Tom Barrett’s leadership, violent crime in Milwaukee has decreased by over 20% -- to its lowest levels in more than 20 years.""",pants-fire,false,"['mostly-false', 'false', 'pants-fire']",3,True
"More women were killed by their husbands or boyfriends since Sept. 11 than ""all the Americans who were killed by 9/11 or in Afghanistan and Iraq.""",true,true,"['true', 'mostly-true', 'half-true', 'mostly-false', 'false']",5,True
"""Black people are eight times more likely to be arrested than white people"" in Madison.",half-true,false,"['mostly-true', 'half-true', 'mostly-false', 'false', 'pants-fire']",5,True
The FBI admitted that Venezuela emptied its prisons and sent the inmates to the U.S.,false,false,"['false', 'pants-fire']",2,True
"""The U.S. gun homicide rate is 20 times the combined rate of other western nations.""",mostly-true,false,"['true', 'mostly-true', 'half-true', 'mostly-false', 'false']",5,True
"A new Missouri bill “would put teachers on the sex offense registry if they ‘contribute to social transition’” of transgender students, including by using gender-affirming pronouns.",mostly-true,false,"['true', 'mostly-true', 'half-true', 'mostly-false', 'false', 'pants-fire']",6,True
"New York state is outpacing the rest of the country, because shootings in New York are down 10%, and across the country the drop is only 2%.",half-true,true,"['true', 'mostly-true', 'half-true', 'mostly-false', 'false']",5,True
"""Jasper County in Texas raised property taxes by 7 percent in order to pay for one death penalty case.""",true,false,"['mostly-false', 'false', 'pants-fire']",3,False
"""Not a single banker, a CEO from Wall Street, anyone from corporate America — nobody, (there was) not one arrest of any of these people who brought down the economy in 2008.""",mostly-true,false,"['half-true', 'mostly-false', 'false', 'pants-fire']",4,False
"""Our crime rate continues to plummet.""",mostly-true,mostly-true,"['mostly-true', 'half-true', 'mostly-false']",3,True
"""Under Abbott, Texas leads the nation in rape offenses while the rate of arrests for rape has fallen by nearly half.""",mostly-true,false,"['mostly-true', 'half-true', 'mostly-false', 'false', 'pants-fire']",5,True
"""Harvard Study Finds States With Most Gun Laws Have Fewest Gun Deaths.""",half-true,false,"['half-true', 'mostly-false', 'false']",3,True
"""Once again, a police officer has been killed with an illegal gun from Georgia – a state that last year did the NRA’s bidding and weakened its already lax gun laws.""",mostly-false,false,"['mostly-true', 'half-true', 'mostly-false', 'false', 'pants-fire']",5,True
"""There was almost a 70 percent reduction in police-related shootings under my tenure because of training, supervision and policy decisions.""",half-true,false,"['true', 'mostly-true', 'half-true', 'mostly-false', 'false', 'pants-fire']",6,True
"“This year, there have been 13,000 deaths by gun violence. The vast majority, 95% of them, are in inner cities, where you have some of the strictest gun control laws in the country.”",mostly-false,false,"['half-true', 'mostly-false', 'false', 'pants-fire']",4,True
"""The vast, overwhelming majority of [crimes that occur with a firearm] are committed by people who don’t legally possess that firearm in the first place.""",mostly-true,false,"['mostly-false', 'false', 'pants-fire']",3,False
The southern U.S. border “is now open to anyone from anywhere in the world who wishes to enter our country.”,false,false,"['true', 'mostly-true', 'half-true', 'mostly-false', 'false', 'pants-fire']",6,True
"""We continue to see these isolated incidents of people trying to vote five, six times a day.""",false,false,"['false', 'pants-fire']",2,True
"Says of the Milwaukee mass shooter:  ""Supposedly he is black. A noose was hung on his locker and he addressed the issue and he was fired! So he returned the next work day and killed who he all thought were involved.""",mostly-false,false,"['mostly-false', 'false', 'pants-fire']",3,True
"""3 American women are murdered every day by their husband or boyfriend.""",mostly-true,false,"['true', 'mostly-true', 'half-true', 'mostly-false', 'false']",5,True
"""In Catherine Cortez Masto's last term as attorney general, Nevada murder went up 11 percent, robbery went up 28 percent, rape 51 percent. When Cortez Masto left office, Nevada ranked as America's third most dangerous state.""",mostly-false,false,"['half-true', 'mostly-false', 'false', 'pants-fire']",4,True
"Says the ""South African Government is now seizing land from white farmers"" and alleges a ""large scale killing of farmers"" in the country.",mostly-false,false,"['mostly-false', 'false', 'pants-fire']",3,True
"“Black Lives Matter of Atlanta Charged with Wire Fraud, Money Laundering and Allegedly Using almost 500k in Donations For Personal Use.”",false,false,"['mostly-false', 'false']",2,True
Says Donald Trump “proposes cutting a half a billion dollars of local police support.”,mostly-true,false,"['true', 'mostly-true', 'half-true', 'mostly-false', 'false']",5,True
"""Ken Buck's (District Attorney's) office? His spending skyrocketed by 40 percent.""",mostly-true,mostly-true,"['mostly-true', 'half-true', 'mostly-false', 'false']",4,True
"Transporting drugs ""is the price of admission"" for people crossing the border illegally.",pants-fire,false,"['mostly-false', 'false', 'pants-fire']",3,True
Says crime statistics show blacks kill 81 percent of white homicide victims.,pants-fire,false,"['false', 'pants-fire']",2,True
"""Under the Espionage Act, (Edward Snowden would not be) allowed to come into court and say ‘I was justified in disclosing this information.’ There is no whistleblower exception in the Espionage Act.""",mostly-true,false,"['true', 'mostly-true', 'half-true', 'mostly-false', 'false', 'pants-fire']",6,True
"""In New Hampshire, 93 percent of Democrats, 79 percent of Republicans, 82 percent of gun owners and 60 percent of NRA households support background checks.""",mostly-true,true,"['true', 'mostly-true', 'half-true', 'mostly-false', 'false']",5,True
"""When we passed (the stand your ground law), we said it portends horrific events when people's lives were put into these situations.""",true,true,['true'],1,True
"""According to the state of Florida, you are almost twice as likely to be attacked by an alligator than by someone who happens to carry a conceal-and-carry permit.""",mostly-false,false,"['half-true', 'mostly-false', 'false', 'pants-fire']",4,True
"""Foster children are disproportionately victims of identity theft.""",false,false,"['half-true', 'mostly-false', 'false', 'pants-fire']",4,True
"""As a result of National Rifle Association and other private-sector (safety-education) programs, fatal firearms accidents are at the lowest level in 100 years.""",half-true,false,"['true', 'mostly-true', 'half-true', 'mostly-false', 'false', 'pants-fire']",6,True
"Says Hillary Clinton ""wants sanctuary cities.""",mostly-true,false,"['half-true', 'mostly-false', 'false']",3,False
A document shows Minnesota shooting victim Renee Good had a record of child abuse.,false,false,['false'],1,True
"About ""1 percent of all the gun sellers are responsible for more than half of the guns that are used in crimes.""",half-true,half-true,"['mostly-true', 'half-true', 'mostly-false', 'false']",4,True
"""In American history since 9/11, we've had 85 major attacks in our country, 73 percent of them have been by white nationalist hate groups.""",half-true,false,"['mostly-true', 'half-true', 'mostly-false', 'false', 'pants-fire']",5,True
"""Here are the stats: Per population, we kill each other with guns at a rate 297x more than Japan, 49x more than France, 33x more than Israel.""",mostly-true,true,['true'],1,False
"""We give (foreign aid) to developing countries, and 70 percent of it's stolen off the top.""",false,false,"['half-true', 'mostly-false', 'false']",3,True
"Since Oregon’s prescription-only law took effect, meth lab incidents have dropped by 96 percent and meth-related arrests by 32 percent.",true,true,['true'],1,True
"""I'm well aware that medical marijuana is a recognized, medical, viable treatment for this sort of [pancreas] pain condition.""",false,false,"['mostly-false', 'false', 'pants-fire']",3,True
"""Four percent of American citizens are black males, but they are 35 percent of murder victims.""",mostly-true,false,"['half-true', 'mostly-false', 'false']",3,False
"""Saturday's shootings reflect a disturbing trend. Mass shootings have become commonplace since the Virginia Tech massacre in 2007. There have been dozens of incidents where three or more people have been fatally wounded. Hundreds have died.""",half-true,true,"['true', 'mostly-true', 'half-true', 'mostly-false', 'false']",5,True
"""The city of… is being warned to be alert & vigilant as there is a serial killer on the run,”  Robert Thibodeau.",false,false,"['false', 'pants-fire']",2,True
"There are ""paid protesters"" involved in the Stephon Clark demonstrations.",false,false,"['half-true', 'mostly-false', 'false', 'pants-fire']",4,True
"""There is a 34 percent increase in violent crime in the state of California. … And that’s just within the last year.""",false,false,"['mostly-false', 'false', 'pants-fire']",3,True
"Texas legislation ""would allow… teachers to kill their students if they felt it was needed.""",half-true,false,"['mostly-false', 'false']",2,False
"Says the fertilizer plant that exploded in West, Texas,""had not been inspected by the state of Texas since 2006.""",false,false,"['half-true', 'mostly-false', 'false', 'pants-fire']",4,True
The Buffalo protester pushed to the ground “had been previously arrested 300 times. 82 times for incitement. Riots is what he does for a living.”,false,false,"['mostly-false', 'false', 'pants-fire']",3,True
"The Milwaukee County sheriff’s department  ""plays only a limited role as a traditional law enforcement agency"" and in 2009 reported far fewer crimes to the FBI than the University of Wisconsin-Milwaukee police did.",half-true,mostly-true,"['true', 'mostly-true', 'half-true', 'mostly-false', 'false']",5,True
"Says Barack Obama ""said black males are two times more likely to be shot by a law enforcement officer than white males"" and ""that is a lie"" because ""there is no data.""",mostly-false,false,"['half-true', 'mostly-false', 'false']",3,True
"""Undocumented immigrants commit less crimes than the native born.""",mostly-true,true,"['true', 'mostly-true', 'half-true', 'mostly-false', 'false']",5,True
"""Under ‘Trumpcare,’"" domestic violence and sexual assault ""could be considered pre-existing conditions.""",mostly-false,false,"['half-true', 'mostly-false', 'false']",3,True
“There is a place in the U.S. where murder is legal.”,false,false,['false'],1,True
"When Atlanta Police Chief George Turner was interim head of the department, overall crime fell 14 percent and violent crime dropped 22.7 percent.",mostly-false,false,"['half-true', 'mostly-false', 'false']",3,True
"Under the House Republican health plan, sexual assault is a pre-existing condition.",mostly-false,false,"['mostly-false', 'false']",2,True
"""One in five"" women in the military ""are receiving unwanted sexual contact,"" as are ""3.3 percent of men.""",mostly-true,true,"['true', 'mostly-true', 'half-true', 'mostly-false', 'false']",5,True
"Says that under a new program jail ""time for non-violent, mentally ill offenders has been reduced by 50 percent.""",true,true,"['true', 'mostly-true', 'half-true', 'mostly-false', 'false']",5,True
"A Republican bill that would change John Doe criminal investigations is ""creating exceptions in the law for politicians.""",mostly-true,mostly-true,"['mostly-true', 'half-true', 'mostly-false', 'false']",4,True
"Huckabee ""granted 1,033 pardons and commutations . . . more clemencies than the previous three governors combined.""",true,true,"['true', 'mostly-true', 'half-true', 'mostly-false', 'false']",5,True
The rate of U.S. female homicide victims outnumbers 24 other developed countries by more than 2½ to 1.,half-true,false,"['half-true', 'mostly-false', 'false', 'pants-fire']",4,True
Says Madison and Milwaukee County both carry sanctuary status for illegal immigrants and  released undocumented immigrants who have committed multiple crimes including sexual assault of a child,half-true,false,"['half-true', 'mostly-false', 'false', 'pants-fire']",4,True
"""Earlier this year, [John DePetro] was accused of sexually assaulting a female co-worker.""",pants-fire,false,"['mostly-false', 'false']",2,False
"""Every 28 hours"" an unarmed black person is shot by a cop.",false,false,"['mostly-false', 'false']",2,True
"Says the Texas Board of Nursing has a backlog of ""3,000 complaints against nurses, many of them sexual assaults, malfeasance.""",mostly-true,false,"['true', 'mostly-true', 'half-true', 'mostly-false', 'false']",5,True
“Violent crime was up under Donald Trump.”,half-true,false,"['mostly-true', 'half-true', 'mostly-false', 'false']",4,True
"A proposed bill in the Florida Legislature ""would authorize the public hoarding of cats by feral cat activists.""",half-true,false,"['mostly-false', 'false', 'pants-fire']",3,False
"“As California attorney general, (Kamala Harris) redefined child sex trafficking, assault with a deadly weapon, and rape of an unconscious person as a totally nonviolent crime.”",false,false,"['mostly-false', 'false', 'pants-fire']",3,True
"""Since 2013 alone, the Obama administration has allowed 300,000 criminal aliens to return back into United States communities. These are individuals encountered or identified by (Immigration and Customs Enforcement), but who were not detained or processed for deportation because it wouldn't have been politically correct.""",half-true,false,"['half-true', 'mostly-false', 'false', 'pants-fire']",4,True
"In Wisconsin, ""deaths from domestic violence are at the highest in 10 years.""",true,true,"['true', 'mostly-true', 'half-true', 'mostly-false', 'false']",5,True
"The war on drugs led to ""a 500 percent increase in incarceration in our country, disproportionately affecting poor and disproportionately affecting minorities.""",mostly-true,true,"['true', 'mostly-true', 'half-true', 'mostly-false', 'false']",5,True
"“Joe Biden wants to eliminate a regulation that requires school districts to report allegations of teacher on student rape, alleged rape, and sexual assault.”",false,false,"['mostly-false', 'false', 'pants-fire']",3,True
"Say Matt Wand cut Troutdale police, created a slush fund for himself.",pants-fire,false,"['false', 'pants-fire']",2,True
"Speaking about Hillary Clinton: “I didn’t say, ‘Lock her up.’ ”",pants-fire,false,"['mostly-false', 'false', 'pants-fire']",3,True
"""We have at least 200,000 to 300,000 hate crimes in a given year.""",mostly-true,false,"['true', 'mostly-true', 'half-true', 'mostly-false', 'false']",5,True
"Says in Chicago, ""we take more guns off the streets than New York or L.A.""",true,true,"['true', 'mostly-true', 'half-true', 'mostly-false', 'false']",5,True
"""We didn’t go out asking people"" to join the ""stand your ground"" task force.",false,false,"['half-true', 'mostly-false', 'false', 'pants-fire']",4,True
"""Police discover meth lab in back room of Alabama Walmart.""",pants-fire,false,"['false', 'pants-fire']",2,True
"""There is a big correlation between third grade reading level and whether you go to college or whether you go to prison. And in Florida right now only 56 percent of kids are coming out of third grade at third grade reading level.""",mostly-true,false,"['true', 'mostly-true', 'half-true', 'mostly-false', 'false', 'pants-fire']",6,True
“12 white female bodies in garage freezer tagged ‘Black Lives Matter.’”,pants-fire,false,"['false', 'pants-fire']",2,True
I've shut down pill mills.,mostly-false,half-true,"['true', 'mostly-true', 'half-true', 'mostly-false', 'false', 'pants-fire']",6,True
Says left-wing activist John Sullivan “incited (the) insurgence of (the) US Capitol.”,mostly-false,false,"['mostly-false', 'false', 'pants-fire']",3,True
"""The state that has the highest per capita number of … guns that end up committing crimes in New York come from Vermont.""",half-true,false,"['half-true', 'mostly-false', 'false', 'pants-fire']",4,True
"""Semi-automatic weapons, whether pistol or rifle, were designed for use by the military on the battlefield.""",false,false,"['mostly-false', 'false']",2,True
California Democrats “block bill to make sex trafficking minors a felony.”,mostly-false,false,"['mostly-false', 'false', 'pants-fire']",3,True
"Says that, as a Supreme Court justice, Greg Abbott found that a company whose vacuum cleaners were sold door to door ""had no responsibility"" in the hiring of a salesman who raped a customer.",mostly-true,false,"['half-true', 'mostly-false', 'false']",3,False
"""Only a few months ago the FBI arrested three Broward County Commissioners for accepting millions of dollars in trade for illegal favors.""",false,false,"['mostly-false', 'false', 'pants-fire']",3,True
"Almost 400 arrests in the city last year for panhandling-related offenses involved just 78 suspects, an indication that the same people are panhandling over and over.",mostly-true,mostly-true,"['true', 'mostly-true', 'half-true', 'mostly-false', 'false']",5,True
"Says Hillary Clinton campaign chairman John Podesta’s email password was ""password.""",false,false,"['false', 'pants-fire']",2,True
"Under Rosemary Lehmberg, the ""Travis County D.A.’s office"" convened the grand jury that indicted Rick Perry.",false,false,"['mostly-false', 'false', 'pants-fire']",3,True
"A University of Texas ""student pulled out a concealed handgun"" on a knife-wielding suspect ""and made him back down.""",pants-fire,false,"['mostly-false', 'false', 'pants-fire']",3,True
"""Ten percent of violent deaths in the U.S. each year are due to strangulation.""",mostly-false,false,"['mostly-false', 'false']",2,True
Assaults on Wisconsin law enforcement officers are up 224 percent statewide since 2005,mostly-true,mostly-false,"['mostly-true', 'half-true', 'mostly-false', 'false']",4,True
"""When we passed the assault weapons ban, mass shootings went down. When the law expired, mass shootings tripled.""",mostly-true,false,"['true', 'mostly-true', 'half-true', 'mostly-false', 'false']",5,True
"Heroin and prescription opioids are ""the number one cause of accidental or preventable death in Wisconsin.""",false,false,['false'],1,True
"Says Beto O’Rourke ""voted to shield MS-13 gang members from deportation.""",mostly-false,false,"['half-true', 'mostly-false', 'false', 'pants-fire']",4,True
"Says Marco Rubio said that ""felons should not have their voting rights restored"" but that ""convicted felons should be allowed to own guns after they have done their time.""",false,false,"['mostly-false', 'false', 'pants-fire']",3,True
"“Jan. 6 is being used as a pretext to strip millions of Americans, disfavored Americans, of their core constitutional rights.”",pants-fire,false,"['mostly-false', 'false', 'pants-fire']",3,True
“There’s been a 43% increase in violent crimes since I left office.”,mostly-false,false,"['mostly-false', 'false', 'pants-fire']",3,True
"People on pot ""shoot each other ... stab each other ... strangle each other, drive under the influence, kill families.""",mostly-false,false,"['mostly-false', 'false', 'pants-fire']",3,True
Says Gov. Tony Evers is “a big proponent of this defund the police movement.”,false,false,"['mostly-false', 'false']",2,True
"""According to ATF data, 70 percent of firearms recovered and traced in drug cartel crimes in Mexico originated from the United States.""",mostly-true,true,"['true', 'mostly-true', 'half-true', 'mostly-false', 'false']",5,True
"""More lives have been lost because of the war with the drug cartels in Juarez alone, just a few blocks from the United States of America, than have been lost in the war in Afghanistan.""",false,false,"['mostly-false', 'false', 'pants-fire']",3,True
"""Florida man on drugs kills imaginary friend and turns himself in.”",pants-fire,false,"['false', 'pants-fire']",2,True
"Says Gov. Scott Walker made ""draconian cuts"" to public safety budgets that put police officers at ""greater risk of harm.""",false,false,"['half-true', 'mostly-false', 'false', 'pants-fire']",4,True
"A record number of immigrants not from Mexico are ""being apprehended at the border.""",true,false,"['true', 'mostly-true', 'half-true', 'mostly-false', 'false']",5,True
"Palin ""fired Wasilla's Police Chief because he 'intimidated' her.""",mostly-true,mostly-true,"['mostly-true', 'half-true', 'mostly-false', 'false']",4,True
"""82-year-old who killed a Muslim in self-defense gets the death penalty.""",pants-fire,false,"['false', 'pants-fire']",2,True
"""Some of the safest communities in the United States are along the border.""",mostly-true,mostly-true,"['true', 'mostly-true', 'half-true', 'mostly-false', 'false']",5,True
"""Our larger domestic threat is from racial supremacist groups.""",false,false,"['mostly-true', 'half-true', 'mostly-false', 'false', 'pants-fire']",5,True
"Says Ted Cruz ""never denied"" his father was photographed with Lee Harvey Oswald.",pants-fire,false,"['mostly-false', 'false', 'pants-fire']",3,True
"California has lower homicide rates than Alabama, Arkansas and Oklahoma.",mostly-true,true,"['true', 'mostly-true', 'half-true', 'mostly-false', 'false']",5,True
"""Most of these mass shootings take place in (areas) where you're not allowed to have a concealed weapons permit.""",half-true,false,"['half-true', 'mostly-false', 'false', 'pants-fire']",4,True
"Says ""our indicted Attorney General Ken Paxton is back to being the only statewide official in the country under indictment.""",true,false,"['true', 'mostly-true', 'half-true', 'mostly-false', 'false', 'pants-fire']",6,True
"Says Jacob Blake, shot by police in Kenosha, had a warrant for sexual assault and prior convictions for gun use",half-true,false,"['half-true', 'mostly-false', 'false']",3,True
"""Bill White spent his city billions of dollars into debt (and) saw crime rates soar while he backed gun control.""",mostly-false,false,"['half-true', 'mostly-false', 'false', 'pants-fire']",4,True
"""In Atlanta, since 1994 when the ‘Seven Deadly Sins’ (mandatory minimum sentences) took effect, the violent crime rate has dropped 62 percent.""",mostly-true,true,"['true', 'mostly-true', 'half-true', 'mostly-false', 'false']",5,True
"The U.S. House Select Committee that investigated the Jan. 6, 2021, attack on the U.S. Capitol “deleted and destroyed all of the information that they collected over two years.”",false,false,"['mostly-false', 'false', 'pants-fire']",3,True
"Says ""Bob Casey voted in favor of deadly sanctuary cities that released thousands upon thousands of illegal alien criminals and vicious gang members to prey on Pennsylvania streets, to prey all over this country.""",false,false,"['mostly-false', 'false', 'pants-fire']",3,True
They were “never my comments” that a woman can’t get pregnant from rape.,half-true,false,"['mostly-false', 'false', 'pants-fire']",3,False
Bricks are being “randomly placed all over Detroit.”,false,false,['false'],1,True
"""We built a new prison every 10 days between 1990 and 2005 to keep up with our mass incarceration explosion of nonviolent offenders.""",mostly-true,false,"['mostly-true', 'half-true', 'mostly-false', 'false', 'pants-fire']",5,True
"""There have been at least 100 shootings each year [Angel Taveras] has been mayor"" of Providence.",mostly-true,false,"['mostly-false', 'false']",2,False
"“California Democrats have proposed Bill 553, which makes it ILLEGAL to confront or fight back against looters, burglars and shoplifters.”",false,false,"['mostly-false', 'false']",2,True
"More than 3,000 homicides were committed by ""illegal aliens"" over the past six years.",pants-fire,false,"['mostly-false', 'false', 'pants-fire']",3,True
Says Kamala Harris said looters are just feeding their hungry kids.,false,false,"['false', 'pants-fire']",2,True
"""Violent crime is now going down for the first time in a long while.""",mostly-false,false,"['half-true', 'mostly-false', 'false']",3,True
"Says that Lee Fisher once said, ""I never met a gun control bill I didn’t like.""",false,false,"['mostly-false', 'false', 'pants-fire']",3,True
"""Mass shootings went up 200 percent in the decade after the assault weapons ban expired.""",mostly-false,false,"['half-true', 'mostly-false', 'false', 'pants-fire']",4,True
"""Crime is down in Venezuela by 67% because they're taking their gangs and their criminals and depositing them very nicely into the United States.”",false,false,"['mostly-false', 'false', 'pants-fire']",3,True
"Kamala Harris ""let in the 13,099 convicted murderers and opposes all efforts to find them and to remove them.""",false,false,"['mostly-false', 'false', 'pants-fire']",3,True
"Says 642,000 crimes were committed against Texans by criminal immigrants in a recent seven-year period.",false,false,"['mostly-false', 'false', 'pants-fire']",3,True
"""I have watched ICE liberate towns from the grasp of MS-13.""",false,false,"['mostly-false', 'false', 'pants-fire']",3,True
"A serial killer is targeting women in Hot Springs, Ark.",false,false,['false'],1,True
"Says a study shows that children who live with a biological parent and the parent's boyfriend or girlfriend ""have a 20 times greater chance of being sexually abused.""",true,true,"['true', 'mostly-true', 'half-true', 'mostly-false', 'false']",5,True
"""If you go strictly by the numbers, crime is down across the board. Last year we had a 10 percent decrease in the most serious crimes.""",true,true,['true'],1,True
"“Over the course of two months, Tony Evers refused to remove (Curtis Schmitt Jr.) from the (state’s veterans) Board despite having the authority to do (so).”",false,false,"['half-true', 'mostly-false', 'false', 'pants-fire']",4,True
"A reporter who covered the Buffalo supermarket shooting was a ""crisis actor.""",pants-fire,false,['false'],1,False
"Action by the Milwaukee County Board will ""provide the County Executive with the same level of security as the Governor and the Mayor of Milwaukee while saving taxpayers $300,000.""",pants-fire,false,"['false', 'pants-fire']",2,True
"""194,000 criminal aliens booked into Texas jails from 2011-2019 were charged with more than 299,000 criminal offenses.""",mostly-true,false,"['true', 'mostly-true', 'half-true', 'mostly-false', 'false', 'pants-fire']",6,True
"Says Jacky Rosen ""voted against stopping criminals from re-entering the United States.""",mostly-false,false,"['mostly-false', 'false', 'pants-fire']",3,True
Caitlyn Jenner “literally killed someone 6 years ago in the streets and was released by a District Attorney.”,mostly-false,false,"['mostly-false', 'false', 'pants-fire']",3,True
"Says ""Monica Lewinsky Found Dead"" in a burglary.",pants-fire,false,['false'],1,False
"""Of the top five cities for staged automobile accidents, three are in Florida. … We rank No. 1 in the country in staged auto accidents.""",mostly-true,mostly-true,"['true', 'mostly-true', 'half-true', 'mostly-false', 'false']",5,True
"""White men account for 69 percent of those arrested for violent crimes.""",false,false,"['mostly-false', 'false', 'pants-fire']",3,True
"Says ""some Planned Parenthood chapters have been selling the body parts of aborted fetuses for profit.""",false,false,"['mostly-false', 'false', 'pants-fire']",3,True
"""Barack Obama has consistently voted against tougher penalties for criminals.""",false,false,"['mostly-false', 'false', 'pants-fire']",3,True
“The 9/11 Memorial in NYC was just defaced with graffiti.”,false,false,['false'],1,True
Ethnic Russians face “genocide perpetrated by the Kyiv regime.”,false,false,"['false', 'pants-fire']",2,True
"San Diego’s border barrier ""almost completely ended illegal crossings.""",half-true,false,"['mostly-true', 'half-true', 'mostly-false', 'false']",4,True
"Says that in Texas, it’s ""already illegal to enter a bathroom to harm someone.""",half-true,false,"['half-true', 'mostly-false', 'false', 'pants-fire']",4,True
"""We're pretty much at the 50 percent mark"" on deportations of MS-13 gang members.",false,false,"['mostly-false', 'false']",2,True
"""If you give guns to gangs, you can get out of jail free, if (California’s Proposition 57) passes. If you do a drive-by shooting, you can get out of jail free, if Proposition 57 passes. If you discharge guns on a school yard, you can get out of jail free.""",false,false,"['mostly-false', 'false', 'pants-fire']",3,True
"""We’ve had a dramatic drop in violent crime since this law (‘stand your ground’) has been in effect.""",half-true,false,"['true', 'mostly-true', 'half-true', 'mostly-false', 'false', 'pants-fire']",6,True
"""The number of killings of citizens by police is at a two-decade high.""",half-true,false,"['mostly-false', 'false', 'pants-fire']",3,False
"""As of 2014, illegal aliens made up roughly 3.5 percent of our population, and committed over 10 percent of all murders.""",mostly-false,false,"['mostly-false', 'false', 'pants-fire']",3,True
"Law-abiding gun owners stop crimes ""2.5 million times a year,"" according to the federal Centers for Disease Control.",mostly-false,false,"['half-true', 'mostly-false', 'false']",3,True
"""Well over 90 percent of felony cases, all over the nation, are committed by defendants who grew up in father-absent households.""",mostly-false,false,"['mostly-false', 'false', 'pants-fire']",3,True
"“Cocaine, porn, evidence of child trafficking found in (Gov. Gretchen) Whitmer’s car.”",pants-fire,false,"['false', 'pants-fire']",2,True
"Says he was ""not part of transferring"" any priests accused of sexual abuse.",half-true,false,"['mostly-true', 'half-true', 'mostly-false', 'false']",4,True
“New California bill charges parents with child abuse for refusing to ‘affirm’ their kid’s gender identity.”,false,false,"['mostly-false', 'false']",2,True
"""African-Americans are more likely to be arrested by police and sentenced to longer prison terms for doing the same thing that whites do.""",true,false,"['true', 'mostly-true', 'half-true', 'mostly-false', 'false', 'pants-fire']",6,True
"Black Lives Matter ""injures 1000 police officers kills 36 people and does $8 billion in damage.""",false,false,"['false', 'pants-fire']",2,True
The Jeffrey Epstein plea agreement “was a sweetheart plea deal that was made under the Obama administration.”,false,false,"['mostly-false', 'false', 'pants-fire']",3,True
"It ""is Hillary Clinton's agenda"" to ""release the violent criminals from jail. She wants them all released.""",pants-fire,false,"['mostly-false', 'false']",2,False
Say North Carolina Gov. Roy Cooper was arrested for driving while intoxicated in Stanly County.,false,false,['false'],1,True
"After being shot at a Milwaukee rally in 1912, former President Teddy Roosevelt “finished his speech and he kept fighting.”",mostly-true,false,"['mostly-false', 'false', 'pants-fire']",3,False
"""The average age a child is trafficked into the commercial sex trade industry is between 11 and 14 years old.""",half-true,false,"['true', 'mostly-true', 'half-true', 'mostly-false', 'false']",5,True
"""When we look at the number of murders in the United States (in) 2009, we had 9,500 people murdered. When we look around the world, we see ... large countries, the U.K., Germany, Japan had 200 or less killed in a year.""",mostly-true,mostly-true,"['true', 'mostly-true', 'half-true', 'mostly-false', 'false']",5,True
"Statistics show ""you are about nine times more likely to be assaulted by a taxi driver"" in Austin than a driver for a ride-hailing service.",pants-fire,false,"['mostly-false', 'false', 'pants-fire']",3,True
"Says Texas has ""had over 600,000 crimes committed by illegals since 2011. Over 1,200 homicides.""",pants-fire,false,"['mostly-false', 'false', 'pants-fire']",3,True
"""Recent news reports indicate DWI crashes in Austin dropped 23 percent since ridesharing entered the market.""",mostly-true,false,"['mostly-true', 'half-true', 'mostly-false', 'false', 'pants-fire']",5,True
"""In 2017, illegal aliens murdered 1,800 Americans.""",false,false,"['false', 'pants-fire']",2,True
"Say a ""left wing extremist, chases down, rams car over Trump bumper sticker.""",mostly-true,false,"['mostly-false', 'false']",2,False
"""A number of Democrats running for governor want to cut the prison population by 50%"" and ""that would require the release of thousands of violent felons.""",half-true,false,"['mostly-true', 'half-true', 'mostly-false', 'false', 'pants-fire']",5,True
"Says U.S. Sen. Ron Johnson ""threatens citizens with arrest if they continue asking for a town hall.""",pants-fire,false,"['mostly-true', 'half-true', 'mostly-false', 'false', 'pants-fire']",5,True
"In Chicago, which has the toughest gun laws in the United States, probably you could say by far, they have more gun violence than any other city.",mostly-false,false,"['mostly-false', 'false', 'pants-fire']",3,True
"""The UK has an unarmed police force and a firearm fatality rate that is 40 times lower per capita than in the U.S.""",mostly-true,false,"['true', 'mostly-true', 'half-true', 'mostly-false', 'false', 'pants-fire']",6,True
"""You’ve got almost twice as many cops in New York City as you do on our entire border. That’s nuts.""",half-true,half-true,"['mostly-true', 'half-true', 'mostly-false', 'false']",4,True
Says Travis County’s sheriff refuses to enforce 8 USC 1373.,false,false,"['half-true', 'mostly-false', 'false', 'pants-fire']",4,True
"Before April 22, ""we have restored the rights of more than 18,000 individuals, which is more than the past seven governors combined in their four-year terms.""",true,true,['true'],1,True
"Since the federal Violence Against Women Act was adopted in 1994, ""cases of domestic violence have fallen by 67 percent.""",mostly-true,mostly-true,"['true', 'mostly-true', 'half-true', 'mostly-false', 'false']",5,True
Atlanta has issued an increasing number of citations - and collected an increasing amount of revenue - since Mayor Kasim Reed took office in 2010.,mostly-true,false,"['true', 'mostly-true', 'half-true', 'mostly-false', 'false', 'pants-fire']",6,True
"Says Texas has ""11 different felonies you can commit with an oyster.""",mostly-true,false,"['true', 'mostly-true', 'half-true', 'mostly-false', 'false', 'pants-fire']",6,True
"""There are more African American men in prison, jail, on probation or parole than were enslaved in 1850.""",true,false,"['true', 'mostly-true', 'half-true', 'mostly-false', 'false', 'pants-fire']",6,True
"African-Americans don't use drugs at a higher level than whites but ""wind up going to prison six times more.""",mostly-true,half-true,"['true', 'mostly-true', 'half-true', 'mostly-false', 'false']",5,True
Says white vans with external locks are “utilized for sex trafficking.”,false,false,"['mostly-false', 'false']",2,True
"""Illegal aliens cost the state of Rhode Island $400 million a year.""",pants-fire,false,"['mostly-false', 'false', 'pants-fire']",3,True
"Says Measure 11 is ""one of the most significant reasons"" for decrease in violent crime.",mostly-true,false,"['mostly-true', 'half-true', 'mostly-false', 'false']",4,True
"Says police officers in Austin, Texas, have been “authorized to use LIVE ROUNDS, and lethal force” against protesters.",half-true,false,"['mostly-false', 'false']",2,False
"Under the current procedure, if someone ""on a terror watch list"" tries to buy a gun, authorities are notified.",half-true,half-true,"['true', 'mostly-true', 'half-true', 'mostly-false', 'false']",5,True
"Under the Hate Crimes bill, ""any pastor, preacher, priest, rabbi or imam who gives a sermon out of their moral traditions about sexual practices could be found guilty of a federal crime.""",false,false,"['half-true', 'mostly-false', 'false', 'pants-fire']",4,True
"""58,000 non-citizens voted in Texas, with 95,000 non-citizens registered to vote.""",false,false,"['mostly-false', 'false', 'pants-fire']",3,True
"U.S. and Virginia murders are ""usually gangbangers killing gangbangers.""",false,false,"['mostly-false', 'false']",2,True
"""In Mobile, it’s something like, 1,700 families generate 80 percent of the crime. We know who those families are.""",half-true,false,"['half-true', 'mostly-false', 'false']",3,True
"""A Trump fan was just charged with trying to murder Maxine Waters on same day Trump threatened her.""",false,false,"['false', 'pants-fire']",2,True
"A bill backed by Sean Duffy and other House Republicans ""could actually require the Internal Revenue Service to conduct audits of rape victims"" who get an abortion.",false,false,"['mostly-false', 'false', 'pants-fire']",3,True
"Gov. Scott Walker is helping pay for the criminal defense of a man accused of ""boy rape.""",pants-fire,false,"['mostly-false', 'false', 'pants-fire']",3,True
"El Paso is the ""safest city in the state of Texas, safest city in the United States.""",half-true,false,"['mostly-false', 'false', 'pants-fire']",3,False
"""In our nation’s capital, killings have risen by 50 percent.""",mostly-false,false,"['mostly-false', 'false']",2,True
"""Studies have shown that voter fraud is non-existent in Texas.""",false,false,"['mostly-false', 'false']",2,True
"Says President Barack Obama ""appointed Eric Holder as attorney general. Eric Holder said he viewed his mission as brainwashing the American people against guns.""",half-true,false,"['mostly-false', 'false']",2,False
"There were ""63 murders this weekend"" in Chicago and Mayor Rahm Emanuel’s legacy is ""more murders in his city than ever before.""",pants-fire,false,"['mostly-false', 'false', 'pants-fire']",3,True
"Obama ""supports hate-crimes expansion ... potentially putting churches at risk if they preach the truth about homosexuality.""",false,false,"['mostly-false', 'false', 'pants-fire']",3,True
We’ve reduced crime to its lowest level in 27 years.,true,true,['true'],1,True
The city of Pembroke Pines doesn't have a vote in a plan to build a detention center in Southwest Ranches.,mostly-false,true,"['true', 'mostly-true', 'half-true', 'mostly-false', 'false']",5,True
"""Last year, we prosecuted a record number of firearms offenses.""",mostly-true,false,"['true', 'mostly-true', 'half-true', 'mostly-false', 'false']",5,True
"After attacking Emma Gonzalez, U.S. Rep. Steve King is ""facing arrest.""",false,false,"['mostly-false', 'false']",2,True
Crime rises in communities with casinos.,half-true,false,"['mostly-true', 'half-true', 'mostly-false', 'false']",4,True
"About ""3 percent of murders and crimes are committed with guns from people who actually (legally) purchase those guns.""",half-true,false,"['mostly-true', 'half-true', 'mostly-false', 'false', 'pants-fire']",5,True
"""Transgender individuals in the U.S. have a 1-in-12 chance of being murdered.""",pants-fire,false,"['mostly-false', 'false', 'pants-fire']",3,True
"Says ""93 percent of blacks in America are killed by other blacks.""",mostly-true,false,"['mostly-false', 'false']",2,False
"""Joe Biden brought Republicans and Democrats together to pass the 1994 crime bill, putting 100,000 cops on the streets and starting an eight-year drop in crime across the country.""",half-true,false,"['half-true', 'mostly-false', 'false', 'pants-fire']",4,True
"Says three Ukrainians recently captured on a West Texas ranch are among ""individuals from countries that have strong terrorist ties being apprehended"" near the state’s border with Mexico.",half-true,false,"['mostly-true', 'half-true', 'mostly-false', 'false', 'pants-fire']",5,True
"Says former President Barack Obama ""pardoned a traitor who gave U.S. enemies state secrets, he also pardoned a terrorist who killed Americans.""",mostly-false,false,"['mostly-false', 'false', 'pants-fire']",3,True
Police dispatch audio from Paul Pelosi’s attack was recorded in a Moscow studio.,pants-fire,false,"['false', 'pants-fire']",2,True
"""Phoenix is already one of the kidnapping capitals of the world.""",false,false,"['false', 'pants-fire']",2,True
“The entire city (of Portland) is ablaze all the time.”,false,false,"['false', 'pants-fire']",2,True
"""It is a greater crime to have an untagged alligator than to host an open house party (for kids).""",true,false,"['half-true', 'mostly-false', 'false', 'pants-fire']",4,False
"The GOP health bill ""would once again allow being a rape or domestic violence victim to be a pre-existing condition.""",mostly-false,false,"['mostly-false', 'false', 'pants-fire']",3,True
“I take responsibility for putting people in jail” in Minnesota fraud scandal.,false,false,"['half-true', 'mostly-false', 'false', 'pants-fire']",4,True
"Says Cathy Jordan was ""arrested"" and dragged out of her home by ""a SWAT team of hooligans"" for using medical marijuana.",mostly-false,false,"['half-true', 'mostly-false', 'false', 'pants-fire']",4,True
"""The truth of the matter is that during my administration, the FBI's crime statistics show that violent crime was reduced in Massachusetts by 7 percent.""",true,true,['true'],1,True
"When there is “a noose on a college dorm of a Black student” or a racial slur “on a dormitory building, the odds are overwhelming that a Black student actually did that.""",false,false,"['false', 'pants-fire']",2,True
"Congress includes 36 people accused of spousal abuse, 84 arrested for drunk driving in the past year, 71 with terrible credit and more.",pants-fire,false,"['false', 'pants-fire']",2,True
Says his Texas election fraud investigations have resulted in 50 convictions.,half-true,false,"['true', 'mostly-true', 'half-true', 'mostly-false', 'false']",5,True
"In Washington, D.C., “We always have a murder a week.”",false,false,"['half-true', 'mostly-false', 'false', 'pants-fire']",4,True
"New York is ""leading the nation with the lowest imprisonment rate of any large state”",true,true,"['true', 'mostly-true', 'half-true', 'mostly-false', 'false']",5,True
"In Wisconsin, ""we have a bill that would allow hidden, deadly weapons -- every single person to carry one -- no training, no background check, even around schools.""",mostly-true,false,"['mostly-true', 'half-true', 'mostly-false', 'false', 'pants-fire']",5,True
“There are people trying to make legal age of consent 4 years old.”,false,false,['false'],1,True
"Says J. David Cox, ""the boss"" of the jail guards ""who were supposed to keep"" suspected sex trafficker Jeffrey Epstein alive, is also ""friends with Bill and Hillary Clinton.""",false,false,"['mostly-false', 'false', 'pants-fire']",3,True
"Says ""no, you’re wrong,"" responding to the assertion that stop-and-frisk was ruled unconstitutional in New York.",mostly-false,false,"['mostly-false', 'false']",2,True
"""We lock up close to 2.4 million people in this country. We're locking up more people than China and Russia.""",mostly-true,false,"['true', 'mostly-true', 'half-true', 'mostly-false', 'false']",5,True
"""In the last six years of Cianci’s administration violent crime was down in the United States. It was down in the region. It was down in Rhode Island. But it was up in Providence.""",mostly-true,false,"['half-true', 'mostly-false', 'false', 'pants-fire']",4,False
Minnesota incarcerates “about a third of what Wisconsin does.”,true,true,['true'],1,True
"""We’ve already started (the border wall). We started it in San Diego.""",mostly-false,false,"['half-true', 'mostly-false', 'false', 'pants-fire']",4,True
"If protesters blocking the road “start banging on your windows, threatening you and trying to get in your vehicle,” it is legal to “hit the gas and plow through them.”",false,false,"['mostly-false', 'false']",2,True
"Deer baiting, planned for Block Island by DEM, is illegal in Rhode Island.",true,false,"['true', 'mostly-true', 'half-true', 'mostly-false', 'false', 'pants-fire']",6,True
"The Justice Department has been “calling parents that are concerned about what their kids are being taught, they are labeling them terrorists.”",false,false,"['mostly-false', 'false', 'pants-fire']",3,True
"Laurie Monnes Anderson ""voted to let violent criminals out of jail early.""",mostly-true,false,"['half-true', 'mostly-false', 'false', 'pants-fire']",4,False
"""Virginia Democrats Push Legislation to Make Criticism of Government Officials a Criminal Offense.""",pants-fire,false,"['mostly-false', 'false']",2,False
"""An organized crime syndicate was extorting money from his (Tom Ganley’s) business, threatening his family, but he fought back and won the FBI's highest civilian award""",true,true,['true'],1,True
"""Last year,"" Obama ""administration officials released into our neighborhoods more than 36,000 criminal immigrants who had nearly 88,000 convictions. The crimes included hundreds of convictions for murder, rape and kidnapping and thousands of drug-related crimes.""",half-true,false,"['true', 'mostly-true', 'half-true', 'mostly-false', 'false', 'pants-fire']",6,True
"Mexico is ""now rated the number one most dangerous country in the world.""",mostly-false,false,"['mostly-false', 'false', 'pants-fire']",3,True
"""Ohioans want an end to pay-to-play politics.""",false,false,"['half-true', 'mostly-false', 'false', 'pants-fire']",4,True
"Says ""160,000 kids stay home every day because they are afraid to go to school because of bullying.""",mostly-false,false,"['half-true', 'mostly-false', 'false', 'pants-fire']",4,True
"""At his father's bank, Alexi made tens of millions in risky loans to convicted mobsters. Then, the bank collapsed.""",half-true,half-true,"['half-true', 'mostly-false', 'false', 'pants-fire']",4,True
"In Cranston, it costs $5,000 to $6,000 to send out community notifications on just one Level 3 sex offender.",false,false,"['mostly-false', 'false', 'pants-fire']",3,True
"“Since Joe Biden took office, crime has skyrocketed across our country.”",mostly-false,false,"['mostly-false', 'false', 'pants-fire']",3,True
"In Milwaukee, ""murder is up an astonishing 57 percent.""",mostly-false,false,"['half-true', 'mostly-false', 'false', 'pants-fire']",4,True
"The 1994 crime bill ""did not generate mass incarceration.""",half-true,false,"['half-true', 'mostly-false', 'false', 'pants-fire']",4,True
"Domestic violence ""is seen as a pre-existing"" health condition and ""women had to pay 50 percent more for health care because of gender ratings,"" but under Obamacare, ""all of that is over.""",half-true,half-true,"['mostly-true', 'half-true', 'mostly-false', 'false']",4,True
"Democrats ""booed families of children murdered by MS13.""",pants-fire,false,['false'],1,False
"Even though Chicago has ""the most stringent gun laws on the books,"" it still ""has the highest murder rate"" in the country.",half-true,false,"['mostly-true', 'half-true', 'mostly-false', 'false']",4,True
A test last month at the MAX station at 162nd Avenue and East Burnside saw crime down 41 percent compared with December 2009,mostly-true,mostly-true,"['true', 'mostly-true', 'half-true', 'mostly-false', 'false']",5,True
"At ""least a quarter of those apprehended"" at the border ""have criminal records.""",false,false,"['mostly-true', 'half-true', 'mostly-false', 'false', 'pants-fire']",5,True
Says El Chapo testified in court that he paid off Nancy Pelosi to keep the U.S.-Mexico border open for drug cartels.,pants-fire,false,"['mostly-false', 'false']",2,False
People who stole U.S. Postal Service uniforms are posing as postal workers and robbing people at gunpoint.,false,false,"['mostly-false', 'false', 'pants-fire']",3,True
"Says ""if you are shot in the city of Newark, you have over an 80 percent chance that you've been arrested before an average of 10 times.""",mostly-true,false,"['true', 'mostly-true', 'half-true', 'mostly-false', 'false']",5,True
"Protest vandalism in Richmond “all started two weeks ago when Mayor Stoney’s police gassed - tear gassed - a peaceful crowd of protesters, moms and children, at 7:30 p.m. sharp.”",false,false,"['mostly-false', 'false', 'pants-fire']",3,True
"“Watching the TV footage of those who entered the Capitol. … If you didn't know the TV footage was from Jan. 6, you would actually think it was a normal tourist visit.”",pants-fire,false,"['false', 'pants-fire']",2,True
Cheri Beasley was “encouraging (riots) all across our state and all across our country in 2020.”,false,false,"['mostly-false', 'false', 'pants-fire']",3,True
"""In 2013,"" Dan Patrick voted ""against funding to test the backlog of rape kits, allowing rapists to walk free.""",pants-fire,false,"['true', 'mostly-true', 'half-true', 'mostly-false', 'false', 'pants-fire']",6,True
"""Studies have consistently failed to establish the existence of a link between the harshness of a country’s drug laws and its levels of drug use.""",mostly-true,true,"['true', 'mostly-true', 'half-true']",3,True
"“You know how many convicted felons Scott Walker let out during his eight years early on parole? Zero. Tony Evers is approaching 1,000 of these that he’s let out early.""",pants-fire,false,"['mostly-false', 'false', 'pants-fire']",3,True
"Austin’s Stop Abuse for Everyone has seen in its offices ""sexual assault survivors that report being attacked by their ridesharing drivers, at a rate of one per month.""",half-true,false,"['mostly-true', 'half-true', 'mostly-false', 'false', 'pants-fire']",5,True
"Says Mark Kirk ""called for the mass arrest of 18,000 African Americans"" and ""was apparently fine with Trump’s #StillTooRacist call for mass deportation.""",false,false,"['half-true', 'mostly-false', 'false', 'pants-fire']",4,True
"""Over the past twenty years, the number of homicides committed with a firearm in the United States has decreased by nearly 40 percent. The number of other crimes involving the use of a firearm has also plummeted, declining by nearly 70 percent.""",true,true,['true'],1,True
"""We’ve had about 3,000 murders"" in connection with lax border security.",pants-fire,false,"['mostly-false', 'false', 'pants-fire']",3,True
"Says Debbie Mucarsel-Powell's family received $700,000 from the firm of ""violent warlord Ihor Kolomoisky,"" who is compared to Fidel Castro and Nicolás Maduro.",half-true,false,"['mostly-false', 'false', 'pants-fire']",3,False
"The United States has ""more of our people in prison than Russia, China, and North Korea combined.""",mostly-false,false,"['half-true', 'mostly-false', 'false', 'pants-fire']",4,True
"""The weak illegal immigration policies of the Obama Admin. allowed bad MS 13 gangs to form in cities across U.S. We are removing them fast!""",false,false,"['mostly-false', 'false', 'pants-fire']",3,True
"David Dewhurst is ""the first lieutenant governor in history to have a personal security detail.""",mostly-true,false,"['true', 'mostly-true', 'half-true', 'mostly-false', 'false', 'pants-fire']",6,True
"""Roughly 25% of RI has a criminal record""",pants-fire,false,"['false', 'pants-fire']",2,True
There is no ‘backlog’ of untested rape kits in Wisconsin.,pants-fire,false,"['mostly-false', 'false', 'pants-fire']",3,True
"There have been ""at least four incidents where bullets from Mexico have crossed the border.""",true,true,['true'],1,True
The president's own FBI director said that the greatest domestic terrorist threat is white supremacists.,true,true,['true'],1,True
"“Joe Biden was involved in a plot to kidnap JFK Jr. according to the just declassified FBI files, and also made several threats.""",pants-fire,false,"['false', 'pants-fire']",2,True
"District attorneys ""have advertised that they will charge a criminal alien with a lesser offense than presumably they would charge a United States citizen, so they won’t be deported.""",half-true,false,"['half-true', 'mostly-false', 'false', 'pants-fire']",4,True
"""Chicago experienced its deadliest weekend of the year...With 7 dead and 52 wounded near a playground.""",mostly-false,false,"['mostly-false', 'false']",2,True
"""We have cut crime across every single zone in the city of Atlanta by between 10 percent and 16 percent, depending on the zone.""",half-true,false,"['mostly-true', 'half-true', 'mostly-false', 'false']",4,True
"In a recent year, the Milwaukee Police Department ""collected more guns per capita off the streets than in New York.”",true,false,"['true', 'mostly-true', 'half-true', 'mostly-false', 'false']",5,True
"""Antifa"" is to blame for storming the U.S. Capitol.",pants-fire,false,"['false', 'pants-fire']",2,True
"Under Wisconsin law, ""anyone who knows anything about a John Doe"" secret criminal investigation ""can't talk about it.""",half-true,half-true,"['mostly-true', 'half-true', 'mostly-false', 'false']",4,True
Says Milwaukee County buses are no less safe now than a year or two ago.,mostly-false,false,"['half-true', 'mostly-false', 'false']",3,True
"""Biden is adding more IRS agents to investigate your taxes than we have detectives investigating every crime in the country.”",false,false,"['mostly-false', 'false', 'pants-fire']",3,True
"""90% of Americans want national background checks that close loopholes.""",true,true,"['true', 'mostly-true', 'half-true', 'mostly-false', 'false']",5,True
“There were no guns whatsoever” at the Capitol riot on Jan. 6.,false,false,"['false', 'pants-fire']",2,True
“The Biden administration is engaging in human trafficking because they are enabling this to happen” at the southern border.,false,false,"['mostly-false', 'false', 'pants-fire']",3,True
"California has ""the largest death row in the Western Hemisphere, the largest death row in the United States of America — two times the size of the next largest state: Florida.""",true,true,"['true', 'mostly-true', 'half-true', 'mostly-false', 'false']",5,True
"""There's no statistical evidence that"" a waiting period for handgun purchases ""reduces violence whatsoever.""",mostly-true,false,"['mostly-true', 'half-true', 'mostly-false', 'false', 'pants-fire']",5,True
