statement,true_verdict,predicted_verdict,prediction_set,set_size,is_covered
"Seniors with coverage under Medicare Advantage will give up ""more than their share"" because of health care reform",half-true,half-true,"['half-true', 'false', 'mostly-false', 'mostly-true']",4,True
"""The biggest job of the surgeon general is to translate health care and health care needs into plain English.""",half-true,half-true,"['half-true', 'mostly-true']",2,True
"41,200 veterans in Florida ""don’t have health care because Scott didn’t expand Medicaid.""",half-true,false,"['false', 'mostly-false', 'half-true', 'pants-fire']",4,True
“I have never sued a nun — any nuns.”,half-true,false,"['false', 'mostly-false', 'half-true', 'pants-fire']",4,True
"Says President Donald Trump’s proposal to allow Americans to buy health insurance across state lines would make it the same as ""the way you buy car insurance"" today.",false,false,"['false', 'mostly-false', 'pants-fire']",3,True
"Says the federal agency in charge of Medicare and Medicaid will disburse $803 billion in benefits this year, making ""it larger than all but 15 of the world's economies.""",half-true,half-true,"['half-true', 'mostly-true', 'true', 'false', 'mostly-false']",5,True
"President Obama’s health-care law will ""add trillions of dollars in debt.""",false,false,"['false', 'mostly-false']",2,True
"7 million people the Congressional Budget Office says won't have health insurance coverage under the Senate health care bill ""don't exist.""",half-true,false,"['false', 'mostly-false', 'half-true', 'pants-fire']",4,True
"""Americans who get their insurance through the workplace, cost savings could be as much as $3,000 less per employee than if we do nothing.""",half-true,half-true,"['half-true', 'mostly-true', 'true']",3,True
Says 50 million people would lose their health insurance if Obamacare is repealed.,mostly-false,false,"['false', 'mostly-false', 'half-true', 'mostly-true', 'pants-fire']",5,True
"Stimulus money funded a government board that made recommendations that would cost 378,000 jobs and $28.3 billion in sales.",false,false,"['false', 'mostly-false']",2,True
"""The costs for families (in the individual market) for the same type of coverage that they're currently receiving would go down 14 percent to 20 percent.""",half-true,mostly-true,"['mostly-true', 'half-true', 'false']",3,True
"An independent payment advisory board created by the health care reform law ""can ration care and deny certain Medicare treatments.""",pants-fire,false,"['false', 'pants-fire', 'mostly-false']",3,True
"Health proposal would create a ""40% tax on health care benefits of middle-class workers.""",mostly-false,false,"['false', 'mostly-false', 'half-true']",3,True
"""We spent twice as much per capita for health care in this country as the next closest nation.""",mostly-false,false,"['false', 'mostly-false', 'half-true', 'mostly-true']",4,True
"""Scientists have shown us (that) the greater possibilities, the real science movement, has been with adult stem cell research. It has not been with embryonic.""",false,false,"['false', 'mostly-false', 'pants-fire']",3,True
"""Blue Cross Blue Shield cancelled all their individual (health care) policies in the state of Texas, effective Dec. 31.""",pants-fire,false,"['false', 'mostly-false', 'pants-fire', 'half-true']",4,True
"Flu shot ingredients include aborted human cell cultures, monkey kidney cells and antifreeze.",false,false,['false'],1,True
"Says Donald Trump promised to repeal Obamacare, build a wall, ban Muslims, and more.",mostly-true,false,"['false', 'mostly-false', 'true', 'half-true', 'pants-fire']",5,False
"""Pre-existing conditions are covered under my (health care) plan.""",mostly-false,false,"['false', 'mostly-false', 'half-true', 'mostly-true']",4,True
"""According to recent reports, a group of death panels organized under Obamacare ordered their first execution.""",pants-fire,false,"['false', 'pants-fire']",2,True
"""It's costing every American who is insured $1,100 to pick up the cost of uncompensated care that goes on at the emergency room.""",mostly-false,false,"['false', 'mostly-false', 'pants-fire']",3,True
"Siobhan Dunnavant ""wrote the Republican bill that would let insurance companies deny coverage for pre-existing conditions.""",false,false,"['false', 'mostly-false', 'pants-fire']",3,True
"The health care reform plan being proposed in Congress would mean ""big tax increases.""",half-true,half-true,"['half-true', 'mostly-true']",2,True
"""Within the three miles surrounding the University Circle area, infant mortality exceeds some Third World countries.""",true,true,['true'],1,True
"In a ""sweetheart deal … members of Congress, thanks to the Obama administration, are going to be the only people in America to get subsidies in the Obamacare exchanges.""",pants-fire,false,"['false', 'mostly-false', 'half-true', 'pants-fire']",4,True
"""Probably less than 4 percent"" of Wisconsin residents ""are enjoying the subsidies"" from Obamacare.",true,false,"['false', 'true', 'mostly-false', 'mostly-true', 'half-true']",5,True
"Says IBM leader told Obama that using IBM technology to cut fraud could ""pay for"" health care reform.",half-true,false,"['false', 'mostly-false', 'pants-fire', 'half-true']",4,True
"Obama unilaterally announced he was delaying employer mandate ""through a blog post by a mid-level bureaucrat at the Department of Treasury.""",mostly-true,false,"['false', 'mostly-false', 'pants-fire', 'half-true']",4,False
"If you look at last year's presidential campaign, ""you can't find a mention of public option.""",mostly-true,false,"['false', 'mostly-false', 'half-true', 'mostly-true']",4,True
Sen. Joe Manchin and AARP “support government price-setting schemes” to divert money from Medicare to “unrelated government programs or pad big insurers’ profits.”,false,false,"['false', 'mostly-false', 'pants-fire', 'half-true']",4,True
"Adam Laxalt ""supports eliminating Nevada's protections for legal abortions.""",half-true,false,"['false', 'mostly-false', 'half-true']",3,True
"""Gwinnett Medical Center is operating in the negative,"" in part, because of illegal immigrants.",half-true,half-true,"['half-true', 'false', 'mostly-false']",3,True
"""4.7 million people have lost their insurance in 32 states"" due to Obamacare.",mostly-false,false,"['false', 'mostly-false', 'pants-fire']",3,True
"Just 6 percent of Americans say Russia is the country’s most important issue, yet the story receives ""75 percent of the coverage"" in the media.",mostly-false,false,"['false', 'mostly-false', 'pants-fire']",3,True
"Obamacare is ""one big fat VA system.""",pants-fire,false,"['false', 'mostly-false', 'pants-fire']",3,True
"Most of the people who have signed up through the Obamacare exchanges ""already had insurance.""",mostly-false,false,"['false', 'mostly-false', 'half-true', 'pants-fire']",4,True
"""John Cornyn has voted to increase the debt, raise taxes, bail out Wall Street banks and fund Obamacare.""",half-true,false,"['false', 'mostly-false', 'pants-fire', 'half-true', 'true']",5,True
"Starting in 2011, ""you will be required to pay taxes"" on ""the value of whatever health insurance you are given by the company.""",pants-fire,false,"['false', 'pants-fire']",2,True
"""Fifty-three percent of teens  in Central Falls are getting pregnant.""",false,false,['false'],1,True
"""Thirty million Americans, including a lot of people in Florida, are going to be able to get healthcare next year because of that law.""",false,false,"['false', 'mostly-false']",2,True
New provisions of the health care law bar the use of flexible spending accounts and health savings accounts to pay for aspirin and other non-prescription health needs.,true,true,"['true', 'false', 'half-true', 'mostly-false']",4,True
Health care reform will not affect veterans' benefits.,true,true,['true'],1,True
"Rand Paul ""wants us to pay $2,000 just to get Medicare.""",mostly-true,false,"['false', 'pants-fire', 'mostly-false']",3,False
"""Hospitals are closing in rural America because they don't have access to high-speed internet.""",false,false,"['false', 'mostly-false']",2,True
"For middle-class families under the Baucus plan, ""13 percent of what they make could be deducted directly from their paychecks . . . the so-called 'Max Tax.'""",half-true,half-true,"['half-true', 'mostly-true', 'false']",3,True
"The health care law includes ""a 3.8% sales tax"" on ""all real estate transactions.""",pants-fire,false,"['false', 'pants-fire']",2,True
"Health insurance companies are ""making record profits, right now.""",false,false,"['false', 'mostly-false', 'half-true']",3,True
"Claims that former Sen. Tom Daschle said, ""Seniors should be more accepting of the conditions that come with age instead of treating them.""",false,false,"['false', 'pants-fire']",2,True
"""I am for protecting pre-existing conditions. … I actually co-sponsored legislation to do just that.""",mostly-true,false,"['false', 'mostly-false', 'half-true', 'mostly-true']",4,True
"""I didn't campaign on a public option.""",mostly-false,false,"['false', 'mostly-false']",2,True
"Says Scott Walker supports ""a health care plan that would gut protections for pre-existing conditions.""",mostly-true,false,"['false', 'mostly-false', 'pants-fire']",3,False
"The health care bill ""cuts the deficit by over $1 trillion dollars.""",half-true,half-true,"['half-true', 'false', 'mostly-true', 'mostly-false']",4,True
"""Kathleen Peters refuses to ‘take a stand’ to repeal Obamacare.""",mostly-false,false,"['false', 'mostly-false', 'half-true', 'mostly-true', 'pants-fire']",5,True
"""One out of five Americans cannot afford the cost of prescription drugs.""",mostly-true,false,"['false', 'mostly-false', 'half-true', 'mostly-true', 'true']",5,True
The COVID vaccine “has been proven to have negative efficacy.”,false,false,['false'],1,True
"The Paul Ryan budget proposal would leave the country ""without Medicare.""",false,false,"['false', 'mostly-false']",2,True
Medicaid is the primary source of health insurance for 41.7 percent of Hispanic children in Georgia.,true,true,['true'],1,True
"Florida’s proposed medical marijuana amendment ""would make Florida one of the most lenient medical-marijuana states, allowing use for limitless ‘other conditions’ specified by any physician.""",mostly-true,false,"['false', 'mostly-false', 'half-true', 'pants-fire', 'mostly-true']",5,True
"""The first (state) budget that came out of our Republican leadership slashed funding to Planned Parenthood...It resulted in the reduction of hours, the elimination of days, elimination of access to women in my city and all over my state.""",true,false,"['false', 'mostly-false', 'true']",3,True
Benadryl can be used to reduce swelling from rattlesnake bites.,false,false,"['false', 'pants-fire']",2,True
"""Americans increasingly want (the Affordable Care Act) to be repealed.""",mostly-false,false,"['false', 'mostly-false', 'half-true']",3,True
"The Democratic health care law ""added 12 years of solvency to Medicare.""",half-true,half-true,"['half-true', 'mostly-true', 'false', 'true']",4,True
"""As many as 22,000 Americans die each year because they don’t have health insurance.""",half-true,half-true,"['half-true', 'false', 'mostly-false', 'mostly-true', 'pants-fire']",5,True
"Thirty percent of U.S. medical residents are international medical graduates, and 10,000 of 43,000 residency spots are filled by H-1B visa holders.",half-true,false,"['false', 'mostly-false', 'half-true']",3,True
"Says Brett Kavanaugh is ""pro-Obamacare.""",mostly-false,false,"['false', 'mostly-false', 'half-true', 'pants-fire']",4,True
"The Medicare proposal by Rep. Paul Ryan, R-Wis., would ""allow insurance companies to deny you coverage and drop you for pre-existing conditions.""",false,false,"['false', 'mostly-false', 'pants-fire', 'half-true', 'true']",5,True
"""One in three people who’s receiving treatment for (opioid) drug problems gets some help from Medicaid to pay for that.""",mostly-true,true,"['true', 'mostly-true']",2,True
"""Biden and most Democrats want to cap insulin prices at $35 per month. All 50 Republicans in the Senate are opposed to it.”",mostly-false,false,"['false', 'mostly-false', 'half-true', 'mostly-true', 'pants-fire']",5,True
"In Cover Florida ""thousands already enrolled and climbing.""",half-true,half-true,"['half-true', 'false', 'mostly-true', 'mostly-false']",4,True
"Of the roughly 15 percent of Americans who don’t have health insurance, ""half of them made more than $50,000 a year.""",false,false,"['false', 'mostly-false', 'half-true']",3,True
"At protests in Wisconsin against proposed collective bargaining changes, ""phony sick notes (were) passed out to excuse striking union members.""",mostly-true,false,"['false', 'mostly-true', 'mostly-false', 'half-true', 'true']",5,True
"Says a new report shows the ""devastating tax hikes (in the health care law) will have on middle-class Kentuckians.""",mostly-false,false,"['false', 'mostly-false', 'half-true', 'pants-fire', 'mostly-true']",5,True
"Gov. Lincoln Chafee has imposed ""a mandatory abortion fee"" on all Rhode Islanders who buy health insurance through the state’s Obamacare exchange.",half-true,false,"['false', 'mostly-false']",2,False
"""Actually, on some procedures, you're more likely to die if you're on Medicaid than if you're uninsured.""",mostly-false,false,"['false', 'pants-fire', 'mostly-false']",3,True
"Since Obamacare became law, ""most of our new jobs have been part-time jobs.""",false,false,"['false', 'mostly-false', 'pants-fire']",3,True
"Ohio is ""probably top five in the country, sadly, in terms of heroin overdoses. It’s now exceeded car accidents as the No. 1 cause of death in Ohio.""",half-true,false,"['false', 'mostly-false', 'mostly-true', 'half-true', 'true']",5,True
“The White House just announced that Trump only has four days left” because of his chronic venous insufficiency.,pants-fire,false,['false'],1,False
"The Democrats' health care bills would provide ""free health care for illegal immigrants.""",false,false,"['false', 'mostly-false']",2,True
"""A clear majority of Americans support removing the cost-sharing requirement for prescription contraceptive coverage.""",mostly-true,mostly-true,"['mostly-true', 'true', 'half-true', 'false', 'mostly-false']",5,True
Says the Affordable Care Act was a federal takeover of the student loan industry and ‘profits’ on the loans go to help pay for the health care law.,mostly-false,false,"['false', 'mostly-false', 'pants-fire']",3,True
"The United States is ""the only major country on earth that doesn't guarantee health care to all people as a right, not a privilege.""",half-true,false,"['false', 'mostly-false', 'true', 'pants-fire', 'half-true']",5,True
The former U.S. childhood vaccine schedule called for babies to get “72 injections.”,false,false,"['false', 'pants-fire', 'mostly-false']",3,True
"""Today and every day, an estimated 14,000 Americans will lose their health insurance coverage.""",false,false,"['false', 'mostly-false', 'half-true', 'pants-fire']",4,True
"Insulin prices have ""gone THRU THE ROOF for patients/taxpayers bc of manufacturer, health plan & PBM biz practices.""",true,true,"['true', 'mostly-true', 'half-true', 'false', 'mostly-false']",5,True
"Says President Barack Obama made ""unilateral changes"" to Obamacare ""38 times.""",half-true,false,"['false', 'mostly-false', 'half-true', 'mostly-true', 'pants-fire']",5,True
"""We researched to find out if anybody on Fox News had ever said you're going to jail if you don't buy health insurance. Nobody's ever said it.""",pants-fire,false,"['false', 'pants-fire', 'mostly-false']",3,True
"""There’s 400 more people working in health care today in New Hampshire than when we passed the budget.""",false,false,"['false', 'mostly-false', 'pants-fire']",3,True
Says Paul Ryan's budget relies on the same $700 billion in savings from Medicare that Mitt Romney and other Republicans have been attacking Democrats about.,true,false,"['false', 'true', 'mostly-false', 'half-true', 'mostly-true', 'pants-fire']",6,True
"“Bernie Sanders wants free health care for all and was asked how he would pay for it. His answer was raise taxes to 52% on anybody making over $29,000 per year.”",false,false,['false'],1,True
The Senate Democrats’ reconciliation bill “will strip $300 billion from Medicare.”,false,false,['false'],1,True
"""This year, 97 Missouri counties have only one insurer participating in the Obamacare exchanges. Last year, every Missouri county had at least two insurance options. In addition, most Missourians will see an increase in their premiums, with some facing an increase upward of 40 percent""",half-true,true,"['true', 'false', 'half-true']",3,True
"The Democrats' health care reform law is a ""government takeover of health care.""",false,false,['false'],1,True
Florida will be the “hardest hit” state in the country if enhanced Affordable Care Act subsidies expire.,mostly-true,true,"['true', 'false', 'half-true', 'mostly-true', 'mostly-false']",5,True
"Says the Texas Board of Nursing has a backlog of ""3,000 complaints against nurses, many of them sexual assaults, malfeasance.""",mostly-true,false,"['false', 'mostly-false', 'mostly-true', 'half-true', 'true']",5,True
"""Rosalyn Dance voted against President Obama’s Medicaid expansion.""",mostly-false,false,"['false', 'mostly-false', 'pants-fire']",3,True
"Texas has ""the nation's highest rate and highest number of uninsured.""",mostly-true,false,"['false', 'true', 'mostly-false', 'pants-fire']",4,False
Postpartum Medicaid coverage expanded from three states to 43 states because of the Biden administration.,true,true,['true'],1,True
"Oregon families pay an extra $1,400 a year on higher insurance premiums to cover those who do not have insurance.",mostly-true,mostly-true,"['mostly-true', 'half-true', 'true', 'false']",4,True
Jason Carter supports using Georgia tax dollars to promote Obamacare,mostly-false,false,"['false', 'mostly-false', 'half-true']",3,True
"Says Anthony Fauci, Bill Gates, George Soros and Jeffrey Epstein are connected with Moderna, Inc., and its efforts to create the coronavirus vaccine.",pants-fire,false,"['false', 'pants-fire']",2,True
"""The costs of cancer and all affiliated issues are over $20 billion a year to this state.""",true,false,"['false', 'true', 'mostly-false', 'mostly-true', 'half-true', 'pants-fire']",6,True
"Families are paying $900, on average, ""in higher premiums because of uncompensated care.""",half-true,half-true,"['half-true', 'mostly-true']",2,True
"The U.S. Supreme Court is ""five guys who start determining what contraceptions are legal.""",false,false,"['false', 'mostly-false']",2,True
"""If you like your health care plan, you can keep your health care plan.""",half-true,false,"['false', 'half-true', 'mostly-false']",3,True
"""People with pre-existing mental health conditions have access to firearms and not health care.""",half-true,false,"['false', 'mostly-false']",2,False
"""Right now, 1 in 4 Texas women of reproductive age are uninsured, totaling 1.5 million Texas women.""",true,true,"['true', 'false', 'mostly-true']",3,True
"“The true nature of cancer is a parasite, hence why, Ivermectin, in conjunction with mebendazole, and (fenbendazole) is so effective.”",false,false,"['false', 'pants-fire']",2,True
“The spot where they are ‘getting a sample’ for the COVID-19 test is called your Blood-Brain Barrier.”,pants-fire,false,['false'],1,False
"""In the ‘40s, 68 cents of every health care dollar was actually paid for by the patient, today it’s only 11 cents.""",mostly-true,false,"['false', 'mostly-false', 'half-true', 'true', 'mostly-true', 'pants-fire']",6,True
"""The so-called ‘heartbeat’ law outlaws abortion before most women even know that they're pregnant. This is one of the most restrictive anti-abortion laws in our country.""",mostly-true,false,"['false', 'mostly-false', 'half-true', 'mostly-true', 'pants-fire']",5,True
"""#GradInsurance debacle is a DIRECT result of #ObamaCare. #MIZZOU has to break the law to do the right thing.""",half-true,false,"['false', 'mostly-false', 'half-true', 'pants-fire']",4,True
"Because of Obamacare, ""over the last two years, health care premiums have gone up -- it's true -- but they've gone up slower than any time in the last 50 years.""",false,false,"['false', 'mostly-false', 'half-true', 'mostly-true', 'pants-fire']",5,True
"""We have lost more lives in the last two years"" due to opioids ""than all of the lives lost during the Vietnam War.""",true,false,"['false', 'true', 'mostly-false', 'half-true', 'pants-fire']",5,True
"Florida state senators ""are pushing a new government program that allows prescription drugs from China without FDA inspection.""",false,false,"['false', 'mostly-false']",2,True
Says Elissa Slotkin’s plan is to take Medicare away from current senior recipients.,false,false,"['false', 'mostly-false', 'pants-fire']",3,True
"""Because of Barack Obama 32 million new people will have healthcare.""",mostly-true,false,"['false', 'mostly-false', 'half-true', 'mostly-true', 'pants-fire']",5,True
"""We, the bishops of the United States -- can you believe it -- in 1919 came out for more affordable, more comprehensive, more universal health care.""",true,false,"['false', 'mostly-false', 'mostly-true', 'half-true', 'true', 'pants-fire']",6,True
Forty-five percent of Americans went without needed care because of costs in 2007.,mostly-true,mostly-true,"['mostly-true', 'true', 'false']",3,True
"“According to the Congressional Budget Office,” the Inflation Reduction Act “will save the federal government $160 billion over the next 10 years because Medicare will be paying less for the prescription drugs they’re making available to seniors.”",mostly-true,mostly-true,"['mostly-true', 'true', 'half-true', 'false']",4,True
"Says many local governments in Wisconsin already require employees to pay 20 percent, 30 percent or even 40 percent of their health insurance premiums.",false,false,"['false', 'mostly-false', 'pants-fire']",3,True
"Obamacare ""will provide insurance to all non-U.S. residents, even if they are here illegally.""",pants-fire,false,['false'],1,False
"“The flu killed 80,000 Americans last year according to the CDC.”",mostly-false,false,"['false', 'mostly-false']",2,True
“All ‘gender affirming care’ for children is 100% experimental. There are zero long term studies on the effects the drugs and surgeries will have on them.”,mostly-false,false,"['false', 'mostly-false', 'pants-fire']",3,True
"""In Florida, Sen. Bill Nelson ... got a $25 billion to $30 billion carve-out for Medicare Advantage patients in their state.""",mostly-false,false,"['false', 'mostly-false', 'pants-fire', 'half-true']",4,True
"Says Kay Hagan ""supports waivers for friends of Obama and special treatment for Congress and their staffs.""",false,false,"['false', 'mostly-false', 'half-true', 'mostly-true']",4,True
"Sen. Jack Reed ""cast the deciding vote in the Senate for the Affordable Care Act.""",mostly-false,false,"['false', 'mostly-false', 'pants-fire', 'half-true']",4,True
"Says Texas gained 21,000 doctors due to tort reform.",false,false,"['false', 'mostly-false', 'half-true']",3,True
"Says the Patient Protection and Affordable Care Act adopted last year contains ""a series of slush funds, set up to stay on the books automatically, with little or no oversight.""",pants-fire,false,"['false', 'pants-fire']",2,True
"""Florida Statutes require (Attorney General Bill) McCollum to consult with members of Florida's Congressional delegation"" before filing a lawsuit against the health care reform law.",mostly-true,mostly-true,"['mostly-true', 'mostly-false', 'half-true', 'false', 'true', 'pants-fire']",6,True
"""Barbara Boxer voted to cut spending on Medicare benefits by $500 billion, cuts so costly to hospitals and nursing homes that they could stop taking Medicare altogether.""",mostly-false,false,"['false', 'mostly-false', 'pants-fire']",3,True
"Under the new health care law, ""all real estate transactions will be subject to a 3.8% Sales Tax""",pants-fire,false,"['false', 'pants-fire']",2,True
"""Despite the administration telling us (health care reform) was going to reduce health care costs, they now acknowledge it's going to dramatically increase health care costs.""",false,false,"['false', 'mostly-false', 'half-true', 'pants-fire', 'mostly-true', 'true']",6,True
The Build Back Better Act “includes $34.5 billion in cuts” for charity care funding to hospitals.,half-true,false,"['false', 'mostly-false', 'half-true', 'pants-fire']",4,True
"According to the CDC, ""110 million Americans now have a sexually transmitted illness.""",mostly-false,false,"['false', 'mostly-false', 'pants-fire']",3,True
"People with insurance through the Affordable Care Act will see a “75% increase in premiums starting Nov. 1” if enhanced subsidies are not extended, including “twice as much in the rural areas.”",mostly-true,false,"['false', 'true', 'mostly-false', 'mostly-true', 'half-true']",5,True
"Says Hillary Clinton helped ""get done"" the Children's Health Insurance Program.",mostly-true,true,"['true', 'false', 'mostly-false', 'mostly-true', 'half-true']",5,True
"""One-third of the counties — think of it, one-third — only have one insurer left"" on the Affordable Care Act exchanges.",true,false,"['false', 'half-true', 'mostly-true', 'mostly-false', 'true']",5,True
"""Three in four low-income workers don’t have any paid sick days available.""",true,true,"['true', 'false']",2,True
"Says Houston is ""home to more doctors, more nurses, more researchers than any other place in the world.""",false,false,"['false', 'mostly-false', 'half-true', 'pants-fire', 'mostly-true']",5,True
"""Klein did not hold a single town hall meeting (on health care) where the general public was invited to ask questions or present their views.""",false,false,"['false', 'mostly-false', 'pants-fire']",3,True
"The conservative proposal to replace the Affordable Care Act ""lowers premiums by giving New York the freedom to end Obamacare’s costly and ridiculous rules.""",mostly-false,false,"['false', 'mostly-false', 'half-true', 'pants-fire']",4,True
"""Millions of dollars are spent by Planned Parenthood to elect Democrats to the House of Representatives and the Senate.""",mostly-true,mostly-true,"['mostly-true', 'half-true', 'false', 'mostly-false', 'true']",5,True
“There's no downside” to avoiding Tylenol or acetaminophen use while pregnant.,pants-fire,false,"['false', 'pants-fire', 'mostly-false']",3,True
"In the House bill, “we’re not changing Medicaid,” only cutting “waste, fraud and abuse.”",false,false,"['false', 'mostly-false', 'pants-fire']",3,True
"""Ohio companies export more goods and services globally than 41 other states.""",true,true,['true'],1,True
"In New York state, ""you cannot charge an older person even one dollar more than a younger person"" for health insurance.",true,true,"['true', 'false', 'mostly-false', 'mostly-true']",4,True
"Under the House Republican health plan, sexual assault is a pre-existing condition.",mostly-false,false,"['false', 'mostly-false']",2,True
"The health care reform law ""reduces the deficit by nearly $1.2 trillion over the next two decades.""",half-true,half-true,"['half-true', 'mostly-true', 'false', 'mostly-false']",4,True
"Access for 12,000 women to use Planned Parenthood -- ""not for the right to choose,"" but for ""basic health care"" -- was ""taken away"" by Wisconsin Gov. Scott Walker and Lt. Gov. Rebecca Kleefisch.",mostly-true,half-true,"['half-true', 'mostly-true', 'false', 'true']",4,True
"""Hospitals have already begun layoffs, a direct result of Republican inaction"" on Medicaid expansion.",half-true,false,"['false', 'mostly-false', 'half-true', 'pants-fire']",4,True
Oat milk “raises your blood sugar as much as drinking a Coke.”,false,false,"['false', 'pants-fire']",2,True
"Barack Obama's health care plan is ""to mandate health care coverage and have a universal government-run program.""",mostly-false,false,"['false', 'mostly-false']",2,True
"""The New England Journal of Medicine released a survey the week that President Obama signed Obamacare stating that over 30 percent of American physicians would leave the profession if the government took over health care.""",false,false,"['false', 'mostly-false', 'pants-fire']",3,True
"""A majority of Wisconsinites opposed the government takeover of health care. But Russ Feingold voted for it anyway.""",false,false,"['false', 'mostly-false', 'pants-fire', 'half-true']",4,True
"In Florida, it’s not illegal for an immediate family member of state officials to prosper from legislation supported by a spouse.",true,false,"['false', 'mostly-false', 'pants-fire']",3,False
"Says GOP state Sen. Patrick Testin is responsible for lost $25M in federal funding, because he refused “to do his job.”",mostly-false,false,"['false', 'mostly-false', 'half-true']",3,True
"""The president’s health care law raids Medicare by more than $500 billion and creates a Medicare rationing board — a group of 15 unelected bureaucrats — to slow the growth of Medicare spending.""",mostly-false,false,"['false', 'mostly-false', 'half-true', 'mostly-true']",4,True
"""You don't know if this (the H1N1 vaccine) is gonna cause neurological damage like it did in the 1970s.""",mostly-false,false,"['false', 'mostly-false', 'half-true', 'mostly-true']",4,True
Says his executive order requiring young girls to be vaccinated against HPV wasn't mandatory.,mostly-false,false,"['false', 'mostly-false', 'pants-fire']",3,True
"Despite President Barack Obama's promise to cut healthcare costs, ""the average cost of a family policy is up $1,300.""",half-true,false,"['false', 'mostly-false', 'half-true', 'mostly-true']",4,True
The health care law includes tort reform.,false,false,"['false', 'mostly-false']",2,True
"The Obama administration will give Pennsylvania $160 million to pay for health insurance plans that cover ""any legal abortion.""",false,false,"['false', 'mostly-false', 'pants-fire', 'half-true', 'true']",5,True
"Sen. Joe Lieberman's ""home state has a public option which covers about 10,000 of its citizens that was introduced by its Republican governor.""",mostly-true,mostly-true,"['mostly-true', 'true', 'half-true', 'false', 'mostly-false']",5,True
"""All the really great programs in American history, Social Security, was done without Republicans. Medicare was done without Republican support until the last vote where they realized they had to get on board.""",false,false,"['false', 'mostly-false']",2,True
"On the night of the Iowa caucuses, Obama ""promised the nation that he would do health care reform focused on cost containment, he opposed an individual mandate, and he said he was going to do it with Republicans.""",mostly-true,false,"['false', 'mostly-false', 'half-true', 'mostly-true', 'true']",5,True
"Says Kurt Schrader voted to cut $500 billion from Medicare, threatening ""thousands of Oregon seniors and their access to their current coverage.""",mostly-false,false,"['false', 'mostly-false', 'half-true', 'pants-fire']",4,True
"""Elizabeth Warren doesn't think Obamacare goes far enough: ‘The next step is single payer.' Does Sen. Nelson agree? He has in the past ... Sen. Nelson votes with Warren 90 percent of the time.""",mostly-false,false,"['false', 'mostly-false', 'half-true', 'pants-fire']",4,True
"Says Jose Felix Diaz supports President Donald Trump's ""plan to slash Medicare, charge older Americans an age tax and cut coverage for pre-existing conditions.""",mostly-false,false,"['false', 'mostly-false', 'half-true', 'pants-fire']",4,True
"""Nobody on Medicaid"" will have their benefits taken away.",false,false,"['false', 'mostly-false', 'pants-fire']",3,True
"Says it’s ""absurd"" to say there’s enough data to establish a link between playing football and Chronic Traumatic Encephalopathy.",pants-fire,false,"['false', 'mostly-false', 'pants-fire']",3,True
"“Detroit spent $294 million on police last year, and $9 million on health.”",mostly-true,false,"['false', 'mostly-false', 'half-true', 'mostly-true', 'pants-fire']",5,True
“Democrats are threatening to shut down the entire government because they want to give hundreds of billions of dollars of health care benefits to illegal aliens.”,false,false,"['false', 'mostly-false', 'pants-fire']",3,True
"The health care bill has ""six years of costs against 10 years of tax revenue.""",half-true,half-true,"['half-true', 'false', 'mostly-true', 'mostly-false']",4,True
"About two-thirds of Medicaid beneficiaries are children, but they account for one-third of the program’s cost, while one-third are elderly, and they account for two-thirds of the cost.",mostly-false,false,"['false', 'mostly-false', 'half-true', 'pants-fire']",4,True
"""If we choose Obamacare expansion, 600,000 will lose eligibility for their subsidies, of which 257,000 would be forced into Medicaid.""",mostly-true,false,"['false', 'mostly-true', 'half-true', 'mostly-false', 'true']",5,True
"Says ""by reducing chronic health care costs in the State of Georgia, we can reduce the $32.8 billion lost each year due to lack of productivity and economic costs.""",mostly-true,mostly-true,"['mostly-true', 'true', 'half-true']",3,True
"""Prescription drug companies are charging Americans prices that are on average 4x higher than what's charged in other countries.""",mostly-true,mostly-true,"['mostly-true', 'true', 'half-true', 'false']",4,True
"Republicans are now ""taking credit"" for provisions of the health care bill ""that they had tried to derail.""",half-true,half-true,"['half-true', 'false', 'mostly-true', 'mostly-false', 'pants-fire']",5,True
"""Rhode Island will become just the second state to mandate the vaccine … and the only state to do so by regulatory fiat, without public debate, and without consideration from the elected representatives of the people.""",half-true,false,"['false', 'mostly-false', 'pants-fire', 'half-true']",4,True
"Says Sean Casten supports ""doubling premiums"" and ""cutting current health care plans.""",pants-fire,false,"['false', 'mostly-false', 'pants-fire']",3,True
"Says opponents of the health care law  ""prevailed on our two main arguments"" to the U.S. Supreme Court.",mostly-true,mostly-true,"['mostly-true', 'true', 'half-true', 'false']",4,True
"The Medicare drug program ""resulted in the program coming in 40 percent under budget. ... And the reason it was, is because the design was right.""",half-true,false,"['false', 'mostly-false', 'half-true', 'mostly-true', 'pants-fire']",5,True
"""No doctors who went to an American medical school will be accepting Obamacare.""",pants-fire,false,"['false', 'pants-fire', 'mostly-false']",3,True
The Trump administration has had “zero unfulfilled equipment and supply requests from state governors.”,false,false,"['false', 'mostly-false', 'pants-fire']",3,True
"“Taxpayers spent $70,000,000 to develop this drug ( remdesivir).""",true,false,"['false', 'mostly-false', 'half-true', 'mostly-true', 'pants-fire', 'true']",6,True
"""We don't need a separate (prescription drug) database ... Pharmacies already have a database in place.""",false,false,"['false', 'mostly-false', 'pants-fire']",3,True
"""We're the only system of federalism in the world.""",false,false,"['false', 'mostly-false']",2,True
"Under ""Trumpcare,"" the Republican replacement for Obamacare, ""$600 billion worth of tax breaks will go to the wealthiest in this country.""",half-true,false,"['false', 'half-true', 'mostly-false', 'mostly-true', 'pants-fire']",5,True
"""Half the country today has either diabetes or prediabetes.""",mostly-true,false,"['false', 'mostly-true', 'half-true', 'mostly-false', 'true']",5,True
"When asked about bills in Congress important to the North Country, Derrick responded ‘I just don’t know enough about it.’",mostly-false,false,"['false', 'mostly-false', 'half-true']",3,True
"""Individuals and small businesses will be hit by increases in health insurance premiums as high as 39 percent.""",mostly-true,mostly-true,"['mostly-true', 'half-true', 'mostly-false', 'false']",4,True
"""Last year, I stopped an Obamacare bailout and saved taxpayers $2.5 billion.""",mostly-false,false,"['false', 'mostly-false', 'half-true', 'pants-fire', 'true']",5,True
"Former President Donald Trump could have destroyed the Affordable Care Act, but “he chose to build upon (it).""",false,false,"['false', 'mostly-false', 'pants-fire']",3,True
"""When Obamacare was signed into law, CBO estimated that 23 million people would be covered in Obamacare’s exchanges in 2017. They were off by more than 100 percent. Only 10.3 million people are covered by Obamacare.""",half-true,false,"['false', 'mostly-false', 'pants-fire']",3,False
"Ann Kuster ""supports the government takeover of healthcare, which robs Medicare of over $700 billion.""",false,false,"['false', 'mostly-false']",2,True
"Says U.S. Rep. Ann Wagner “voted five times against protecting pre-existing conditions.""",mostly-true,false,"['false', 'mostly-false', 'half-true', 'true', 'pants-fire']",5,False
"Texas “ranks 50th in baby wellness checks, ranks 50th in clinical care for infants, ranks 50th in uninsured women, ranks 43rd in maternal mortality, ranks 44th in school funding per child, and ranks 46th in child hunger.”",half-true,false,"['false', 'mostly-false', 'half-true', 'mostly-true', 'pants-fire']",5,True
"""Taxpayer-funded benefits to illegals"" in California are ""a skyrocketing cost under Obamacare.""",false,false,"['false', 'mostly-false']",2,True
"Says Cathy Jordan was ""arrested"" and dragged out of her home by ""a SWAT team of hooligans"" for using medical marijuana.",mostly-false,false,"['false', 'mostly-false', 'pants-fire']",3,True
"As California's Insurance Commissioner, ""Steve Poizner pledged to block immigrant children from ever getting MediCal health insurance.""",half-true,false,"['false', 'mostly-false', 'pants-fire']",3,False
"In ad attacking Rick Scott, says three executives of the Columbia/HCA hospital chain he ran were indicted.",half-true,half-true,"['half-true', 'false', 'mostly-true']",3,True
"""Every single (health care) plan that this White House has ever put forward since Donald Trump was elected covered pre-existing conditions.""",mostly-false,false,"['false', 'mostly-false', 'pants-fire']",3,True
"Before Obamacare, Wisconsin’s ""high-risk pool"" for health insurance ""had eight or nine"" plans to choose from, people ""could go to any doctor or any hospital they wanted, and their premiums and co-pays were cheaper than they are under Obamacare today.""",half-true,half-true,"['half-true', 'mostly-true', 'false', 'mostly-false']",4,True
"""Nearly 20 million Americans ... have gained health insurance since (the Affordable Care Act) passed in 2010.""",mostly-true,true,"['true', 'false']",2,False
"""X marks the spot at every HCA location where (Gov. Rick Scott) probably defrauded taxpayers.""",mostly-true,false,"['false', 'mostly-false', 'half-true', 'pants-fire']",4,False
"Says Betty Sutton and House Democrats ""gutted"" Medicare by $741 billion to pay for Obamacare.",mostly-false,false,"['false', 'mostly-false', 'half-true', 'pants-fire']",4,True
"With Obamacare, ""we're fixing to get hit with the biggest entitlement program the American taxpayers have ever seen.""",mostly-false,false,"['false', 'mostly-false', 'pants-fire', 'true']",4,True
"By voting for Obamacare, Sen. Kay Hagan ""voted to kill the equivalent of 2.5 million jobs.""",mostly-false,false,"['false', 'mostly-false', 'half-true']",3,True
"""Abortions account for 94 percent of the services provided for pregnant women by Planned Parenthood.""",false,false,"['false', 'mostly-false', 'pants-fire']",3,True
"Obamacare ""is the biggest job-killer in this country -- millions of Americans have lost their jobs, have been forced into part-time work.""",pants-fire,false,"['false', 'mostly-false']",2,False
“The law in Wisconsin (on abortion time limit) is 20 weeks. That is way outside the international bounds.”,mostly-false,false,"['false', 'mostly-false', 'half-true', 'pants-fire']",4,True
The Inflation Reduction Act expanded free health insurance to Americans under 65.,false,false,['false'],1,True
"""Because of Obamacare, you have so many part-time jobs.""",false,false,"['false', 'mostly-false', 'pants-fire']",3,True
"An amendment to the House health reform bill ""puts new restrictions on women's access to abortion coverage in the private health insurance market even when they would pay premiums with their own money.""",false,false,"['false', 'pants-fire', 'mostly-false']",3,True
"Says a federal program that collects reported side-effects of vaccinations doesn’t accept possible outcomes extending to road accidents, heart attacks or suicides.",false,false,"['false', 'mostly-false', 'pants-fire', 'half-true']",4,True
"Says Mitch McConnell voted to raise Medicare costs for a current Kentucky senior by $6,000.",false,false,"['false', 'mostly-false', 'half-true', 'pants-fire']",4,True
"“324,000 pregnant people experience domestic violence during their pregnancy.”",true,true,"['true', 'false']",2,True
"""Unlike you and me, Congress gets to keep up to $11,000 a year in taxpayer subsidies"" under Obamacare.",half-true,half-true,"['half-true', 'mostly-true', 'true', 'false']",4,True
"""They delayed my swearing-in here in Massachusetts for a couple weeks so they could ram (the health care law) through.""",false,false,"['false', 'mostly-false', 'pants-fire', 'half-true']",4,True
"Republicans Chuck Grassley, John Boehner and John Mica flip-flopped on providing end-of-life counseling for the elderly.",half-true,half-true,"['half-true', 'false', 'mostly-false', 'mostly-true']",4,True
“We have 85 million Americans who have no health insurance.”,half-true,true,"['true', 'false']",2,False
"Wisconsin bill ""grants drug companies and medical device manufacturers immunity from injuries and deaths caused by their products.""",mostly-true,mostly-true,"['mostly-true', 'half-true', 'false', 'mostly-false']",4,True
"""About 8 out of 10 favor changing Obamacare significantly or replacing it altogether.""",mostly-true,mostly-true,"['mostly-true', 'true', 'false', 'half-true', 'mostly-false']",5,True
"Around the world, people who exercise their ""health autonomy"" and don't get vaccinated are being put ""basically into internment camps.""",pants-fire,false,"['false', 'pants-fire']",2,True
The U.S. Court of Appeals for the Fourth Circuit compared the health care law to buying a pepperoni and ham pizza from Domino's or Pizza Hut.,mostly-true,false,"['false', 'mostly-false', 'pants-fire', 'half-true']",4,False
Health insurance companies pay CEOs $24 million a year,mostly-false,false,"['false', 'mostly-false']",2,True
"""Just remember this: the president's health care bill put 30 million people on health care rolls that weren't there before.""",half-true,false,"['false', 'mostly-false', 'half-true']",3,True
"""We essentially repealed Obamacare because we got rid of the individual mandate ... and that was a primary source of funding of Obamacare.""",false,false,"['false', 'mostly-false', 'half-true']",3,True
There are “absolutely no patients” at Los Angeles hospital considered the center of region's COVID-19 surge.,pants-fire,false,['false'],1,False
"""People come here to have babies. They come here to drop a child. It's called 'drop and leave.""",half-true,half-true,"['half-true', 'false', 'mostly-false', 'mostly-true', 'pants-fire']",5,True
"Says federal health care overhaul will cost Texas state government ""upwards of $30 billion over the next 10 years.""",mostly-false,false,"['false', 'mostly-false', 'half-true', 'pants-fire']",4,True
"Says 15,000 IRS employees ""have to be added to administer ‘ObamaCare’ and look at the tax implications.""",mostly-false,false,"['false', 'mostly-false', 'half-true', 'pants-fire']",4,True
"Says ""wealthy people in Canada donate to hospitals"" to get better health care treatment.",mostly-false,false,"['false', 'mostly-false']",2,True
"Some doctors say Ebola can be transmitted through the air by ""a sneeze or some cough.""",false,false,"['false', 'mostly-false', 'pants-fire']",3,True
"Says Ohio U.S. Rep. Steve Chabot ""voted to cut health care for kids, affecting up to half the families at Cincinnati’s own Children’s Hospital.""",half-true,false,"['false', 'mostly-false', 'half-true', 'pants-fire']",4,True
"Says state Rep. Sandy Pasch, her recall opponent, ""voted to allow public school employees to use taxpayer dollars to pick up the tab for…Viagra.""",pants-fire,false,"['false', 'pants-fire']",2,True
"""For too long, Obamacare has caused high premiums and dismal coverage. ... Under Obamacare premiums in job-based coverage have increased by $3,775""",mostly-false,false,"['false', 'mostly-false', 'half-true', 'pants-fire']",4,True
"""There is no law that deals specifically with the term ‘partial-birth abortion.’”",false,false,"['false', 'pants-fire']",2,True
"Says Ann Kirkpatrick walked out ""on constituents when questioned"" on the Affordable Care Act.",half-true,false,"['false', 'mostly-false', 'half-true', 'pants-fire']",4,True
"""30,000 Arizonans may have no choice"" on Affordable Care Act coverage.",mostly-true,false,"['false', 'mostly-false', 'half-true', 'mostly-true', 'pants-fire']",5,True
"Says Hillary Clinton's health care plan from the 1990s ""had a broader provision in favor of corporate right to back out"" of providing contraceptive coverage than the one created by the Hobby Lobby Supreme Court decision.",false,false,"['false', 'mostly-false', 'pants-fire']",3,True
"""In the period from 2007 to 2011, the Office of Health Insurance Commissioner reported an 18 percent decline in the state’s total medical spending.""",half-true,false,"['false', 'mostly-false', 'half-true', 'mostly-true', 'pants-fire']",5,True
"""8.5 million Americans have gotten rebate checks because their insurance companies were spending too much money on executive bonuses and administrative costs and not enough on health care.""",mostly-true,half-true,"['half-true', 'mostly-true', 'false', 'mostly-false', 'true']",5,True
"Two-thirds of the federal budget is ""permanent law ... it's permanently appropriated.""",mostly-true,mostly-true,"['mostly-true', 'mostly-false', 'half-true', 'false']",4,True
"""The fact is 90-percent of Down Syndrome children were aborted in this country.""",mostly-false,false,"['false', 'mostly-false']",2,True
"""We have more hospitals that are children’s hospitals than any other state in the union."" ",false,false,"['false', 'mostly-false']",2,True
"""83% of doctors have considered leaving the profession because of #Obamacare.""",false,false,"['false', 'mostly-false', 'pants-fire']",3,True
"Says last year ""13 million (health insurance) rebates went out, in all 50 states. Another 8.5 (million) rebates are being sent out this summer, averaging around 100 bucks each.""",half-true,true,"['true', 'mostly-true', 'false', 'half-true', 'mostly-false']",5,True
"""Ninety-eight percent of the American people will not see their taxes go up"" due to the House health care bill.",mostly-false,false,"['false', 'mostly-false', 'half-true', 'pants-fire']",4,True
"Barack Obama's health care plan ""will cost taxpayers $1,700 more to cover each new person.""",mostly-false,false,"['false', 'mostly-false', 'pants-fire']",3,True
"The government will ""go out and buy my breast pump for my babies.""",false,false,"['false', 'pants-fire']",2,True
"""Baseball and insurance are the only industries exempt from antitrust laws.""",false,false,"['false', 'mostly-false', 'half-true']",3,True
"""Thirteen hundred"" applicants in Rhode Island signed up for insurance through Obamacare.",mostly-true,false,"['false', 'mostly-false', 'half-true', 'pants-fire']",4,False
"""Tommy Thompson wanted to implant data chips in humans.""",mostly-true,mostly-true,"['mostly-true', 'half-true', 'false', 'mostly-false']",4,True
"""Health insurance is more expensive in Massachusetts than anywhere else in the country.""",mostly-true,false,"['false', 'mostly-false']",2,False
"The GOP health bill ""would once again allow being a rape or domestic violence victim to be a pre-existing condition.""",mostly-false,false,"['false', 'mostly-false', 'pants-fire']",3,True
“Jen Kiggans’ campaign confirmed today that she would support a national abortion ban.”,half-true,false,"['false', 'mostly-false', 'half-true']",3,True
"Says that even if you have no children, ""under Obamacare, you would still have to carry insurance that covers pediatric, maternity and newborn care even though you do not need it.""",mostly-false,false,"['false', 'mostly-false', 'half-true', 'pants-fire']",4,True
"Says state budget deal between Texas House and Senate leaders ""funds nursing homes, our public schools and universities and provides financial aid for college students.""",half-true,false,"['false', 'half-true', 'mostly-false', 'mostly-true']",4,True
"Says state Rep. Patrick Rose votes 90 percent with liberals, backed the state's largest tax increase, proposed nearly $15 billion in government spending and supported ""Obama-style government-run health care system for Texas.""",mostly-false,mostly-false,"['mostly-false', 'false', 'pants-fire', 'half-true']",4,True
"""25 percent of all drug-related fatal vehicle accidents in the U.S. involve marijuana.""",half-true,false,"['false', 'mostly-false', 'half-true']",3,True
"""By the time I left"" the State Department, ""economic growth was up and opium production was down"" in Afghanistan, while ""infant mortality declined"" and school enrollment rose by more than sevenfold.",mostly-true,mostly-true,"['mostly-true', 'true', 'half-true']",3,True
"Says ""Scott Walker favors cutting up to 350,000 families and children off health care.""",half-true,half-true,"['half-true', 'false', 'mostly-false', 'mostly-true']",4,True
"Says ""Tom Barrett supports a government takeover of our health care""",pants-fire,false,"['false', 'pants-fire']",2,True
"Seniors and the disabled ""will have to stand in front of Obama's 'death panel' so his bureaucrats can decide, based on a subjective judgment of their 'level of productivity in society,' whether they are worthy of health care.""",pants-fire,false,"['false', 'pants-fire']",2,True
"""70 percent of Americans believe in improved and expanded Medicare for All.""",half-true,mostly-false,"['mostly-false', 'false', 'half-true', 'mostly-true', 'pants-fire']",5,True
"Under the House health care bill, the government ""will have to penalize citizens if we choose not to buy a plan that will cost a minimum of about $15,000 per family per year.""",mostly-false,false,"['false', 'mostly-false', 'half-true']",3,True
"Without a Medicaid expansion, 275,000 more Ohioans could be getting their primary care in emergency rooms, costing ""everybody a lot of money.""",mostly-true,mostly-true,"['mostly-true', 'half-true']",2,True
"""Federal law requires that hospitals treat people whether or not they can pay. So someone (who) doesn’t have health insurance --  they can go to the hospital and get free care.""",mostly-false,false,"['false', 'mostly-false', 'half-true']",3,True
"The House Republican health care bill ""guts protections against massive price hikes for Georgians with pre-existing conditions.""",half-true,false,"['false', 'mostly-false', 'half-true', 'pants-fire']",4,True
"In 1993, Newt Gingrich ""first advocated for the individual mandate in health care. And as recently as May of this year, he was still advocating"" for it.",mostly-true,false,"['false', 'mostly-false', 'half-true', 'pants-fire']",4,False
"When Social Security, Medicare and Medicaid were created, ""Republicans stood on the sidelines""",false,false,"['false', 'mostly-false', 'half-true']",3,True
"""Some of the Democrats have been talking about ending (coverage for) pre-existing conditions.""",pants-fire,false,['false'],1,False
Athletes are collapsing with heart-related issues due to the COVID-19 vaccines,false,false,"['false', 'pants-fire']",2,True
"Says Hillary Clinton won ""health care for 8 million children.""",mostly-true,false,"['false', 'mostly-false', 'half-true', 'mostly-true']",4,True
"Amid the ""crisis at our southern border,"" there are ""reports of illegal migrants carrying deadly diseases such as … Ebola virus.""",pants-fire,false,"['false', 'pants-fire']",2,True
"""When people enter the service, there’s not a mental health evaluation.""",true,false,"['false', 'mostly-false', 'pants-fire']",3,False
"A ""massive"" federal computer network will make your medical records available to ""millions of people"" with a ""complete lack of privacy and confidentiality,"" while doctors and hospitals who don't take part face ""stiff penalties.""",mostly-false,mostly-false,"['mostly-false', 'false', 'half-true', 'mostly-true']",4,True
"Says Cory Booker has accepted over $400,000 from the pharmaceutical industry during his political career.",mostly-true,false,"['false', 'true', 'mostly-false']",3,False
“Millions of hardworking Americans will no longer have to worry about unexpected medical bills.”,mostly-true,half-true,"['half-true', 'mostly-true', 'mostly-false', 'false', 'true']",5,True
"""In Wisconsin, abortion is still a crime.""",mostly-false,false,"['false', 'mostly-false', 'half-true']",3,True
"""On day one, six people were able to sign up"" for health insurance through the federal marketplace.",mostly-true,true,"['true', 'false']",2,False
"Says Joe Manchin said ""yes to repealing Obamacare. He lied.""",mostly-false,false,"['false', 'mostly-false', 'pants-fire']",3,True
"""When (Ron DeSantis) was asked what cancer patients should do without health insurance, DeSantis said 'show up to the emergency room.'""",half-true,false,"['false', 'mostly-false', 'half-true', 'pants-fire', 'mostly-true']",5,True
"President Obama's health care law is ""a government takeover of healthcare.""",false,false,"['false', 'mostly-false']",2,True
The Obama administration has cut taxes on small businesses 17 times.,mostly-true,false,"['false', 'mostly-true', 'true', 'half-true', 'mostly-false', 'pants-fire']",6,True
"""More than half of Planned Parenthood facilities are in rural or medically underserved areas.""",true,true,['true'],1,True
"Mark Warner cast ""the tiebreaking vote"" to pass Obamacare.",mostly-false,false,"['false', 'mostly-false', 'half-true']",3,True
"""After Texas cut"" its ""two-year family planning budget by $73 million, one in four clinics closed their doors.""",mostly-true,true,"['true', 'false', 'mostly-false']",3,False
"""Generally the deaths are still pretty flat because we've flattened the curve.”",mostly-false,false,"['false', 'mostly-false', 'half-true', 'pants-fire']",4,True
"Says that before health care reform, one of every three health care dollars spent -- more than $800 billion a year -- didn't go for health care.",mostly-true,mostly-true,"['mostly-true', 'half-true', 'true']",3,True
"""A Florida judge ruled parts of Obamacare unconstitutional.""",mostly-true,false,"['false', 'mostly-false', 'pants-fire']",3,False
"Health care reform ""establishes a new board of federal bureaucrats (the 'Health Benefits Advisory Committee') to dictate the health plans that all individuals must purchase.""",false,false,"['false', 'mostly-false', 'pants-fire']",3,True
"""New Jersey's poverty rate has increased since this governor took office and the number of New Jerseyans without health insurance has risen.""",half-true,false,"['false', 'mostly-false', 'half-true', 'mostly-true', 'true']",5,True
Says Ohio Attorney General Mike DeWine is hypocritical for challenging the constitutionality of the new health care law.,false,false,"['false', 'mostly-false', 'half-true', 'pants-fire', 'true']",5,True
"After Massachusetts passed a mandatory health insurance law ""their mortality rate went down...it saved lives.""",mostly-true,mostly-true,"['mostly-true', 'true', 'half-true', 'false', 'mostly-false']",5,True
"""I never was in favor of shutting down the government. … (I) voted to fund the government fully.""",mostly-false,false,"['false', 'mostly-false', 'half-true', 'mostly-true', 'true']",5,True
"Mental health provisions related to mass shootings ""got over 90 votes in the Senate.""",true,true,"['true', 'false']",2,True
"""Americans are traveling to Canada to pay 12 times less for insulin than they would here in the US.""",half-true,false,"['false', 'mostly-false', 'half-true', 'mostly-true', 'pants-fire']",5,True
"""Any government-run 'public' plan ... creates an entitlement that will cost another $1 trillion over the next 10 years.""",half-true,half-true,"['half-true', 'false', 'mostly-true', 'mostly-false']",4,True
"The health care plan for members of Congress ""is no better than the janitor who cleans their offices.""",true,true,"['true', 'false']",2,True
"""The United States is the ONLY industrialized country without universal healthcare.""",true,false,"['false', 'mostly-false', 'pants-fire']",3,False
"Says Dean Heller ""broke that promise"" to protect expanded Medicaid.",half-true,false,"['false', 'mostly-false', 'pants-fire', 'half-true']",4,True
Says women who need a sonogram in the eighth to 10th week of pregnancy have to get a transvaginal sonogram.,mostly-true,true,"['true', 'false', 'mostly-true', 'half-true']",4,True
"""Two thirds to three quarters of people without [health] insurance in Rhode Island work.""",half-true,false,"['false', 'mostly-false', 'half-true', 'mostly-true', 'pants-fire', 'true']",6,True
"Says the health care reform bill was paid for, in part, by taking money from students and the student loan system.",half-true,half-true,"['half-true', 'false', 'mostly-true', 'mostly-false']",4,True
“The average American has anywhere from 5 to 15 pounds” of stool stuck in their gut.,false,false,"['false', 'pants-fire']",2,True
"The Democratic health care plan is a ""government takeover of nearly 20 percent of our economy.""",pants-fire,false,"['false', 'pants-fire']",2,True
"Says ""Rep. Jim Weidner proposed a bill taking away health care for 80,000 of Oregon's children.""",true,false,"['false', 'mostly-false', 'true', 'half-true']",4,True
"Says his Patient OPTION Act is the only Republican plan ""that completely repeals Obamacare and it takes the federal bureaucrat out of decisions for you.""",mostly-false,mostly-false,"['mostly-false', 'false', 'half-true', 'mostly-true', 'pants-fire', 'true']",6,True
"Says Scott Walker's plan to replace Obamacare ""is a new entitlement"" program for ""every single American human being from the time they are born right up until they grow old and become eligible for Medicare.""",half-true,false,"['false', 'half-true', 'mostly-false', 'pants-fire', 'mostly-true']",5,True
"Under the Democratic health plan, families ""will be forced to spend an additional $2,100 a year to keep their current health care.""",mostly-false,false,"['false', 'mostly-false', 'pants-fire']",3,True
"""Since I took office, Wisconsin now has the 2nd highest health care quality ranking in the country.""",half-true,mostly-true,"['mostly-true', 'half-true', 'true', 'false']",4,True
"""Half of all hospitalized seniors are suffering from malnutrition so severe that it either caused their illness or it prevents them from getting better.""",mostly-false,false,"['false', 'mostly-false', 'pants-fire']",3,True
"Edwards says if Congress won't pass universal health care, he'll tell Congress: ""I'm going to use my power as president to take your health care away from you.""",pants-fire,false,"['false', 'pants-fire', 'mostly-false']",3,True
"Says because of Donald Trump, ""the IRS decided to stop enforcing the individual mandate that was the underpinning of the ACA. That has resulted in insurance companies all across the country jacking their rates up, explicitly because they don't believe that healthy people will buy insurance.""",mostly-false,false,"['false', 'mostly-false', 'half-true', 'mostly-true', 'pants-fire']",5,True
"""Democrats flip flop on pre-existing conditions.""",false,false,"['false', 'mostly-false', 'pants-fire']",3,True
An increase in Medicare Part B premiums means “America’s seniors are paying the price for Biden’s inflation crisis.”,mostly-false,false,"['false', 'mostly-false']",2,True
"""The cost-saving measures we put into place at Columbia/HCA drove down national health care inflation from 18% to 8% in seven years.""",pants-fire,false,"['false', 'pants-fire', 'mostly-false']",3,True
"Congressional benefits include “free health care, outrageous retirement packages, 67 paid holidays, three weeks paid vacation, unlimited paid sick days.”",mostly-false,false,"['false', 'mostly-false', 'pants-fire']",3,True
"Says under the Affordable Care Act, New Jersey’s ""new (Medicaid) enrollees won’t qualify for the matching federal funds simply because we added them onto the rolls before 2014.""",mostly-false,false,"['false', 'mostly-false']",2,True
"""The average family in America forks over more of their hard-earned income to their local hospital than to the IRS.”",true,false,"['false', 'mostly-false', 'half-true', 'pants-fire']",4,False
"Under Obamacare, Virginia taxpayers would have been ""forced to pay for abortions"" if the General Assembly had not recently intervened.",false,false,"['false', 'mostly-false', 'pants-fire', 'half-true']",4,True
"""Even the (Congressional Budget Office) says if you lower Medicare to allow 50 year olds to get into it, you can not only save the government money, but you can lower premiums for all Americans.""",false,false,"['false', 'mostly-false']",2,True
"Embryonic stem cell research is at a ""dead end, with no one good example of a successful treatment.""",mostly-false,false,"['false', 'mostly-false', 'pants-fire']",3,True
"""Seniors will see $500 billion in Medicare cuts to fund Obamacare.""",mostly-false,false,"['false', 'mostly-false']",2,True
"""Romneycare was model for Obamacare.""",true,true,"['true', 'false']",2,True
"""We will always protect patients with pre-existing conditions, very importantly.""",false,false,"['false', 'mostly-false']",2,True
"Says unions call Obamacare ""bad for workers.""",mostly-true,false,"['false', 'true', 'half-true', 'mostly-false', 'mostly-true', 'pants-fire']",6,True
"The GOP’s Obamacare replacement would reduce subsidies that help lower-income people buy health insurance, but also ""expand the entitlement"" by giving subsidies to higher-income people ""that Obamacare never helped.""",true,true,"['true', 'false', 'half-true', 'mostly-true', 'mostly-false', 'pants-fire']",6,True
"""If we had been on 'Obamacare' and a bureaucrat was trying to tell me when I could get that CAT scan, that would have delayed my treatment.""",false,false,"['false', 'mostly-false', 'pants-fire', 'half-true']",4,True
"""We’ve saved over $100 million of (health care) costs"" in Milwaukee County. ""I did that.""",mostly-true,mostly-true,"['mostly-true', 'true', 'half-true', 'mostly-false', 'false']",5,True
"""We had an amendment in the health care law that said the federal government is going to take over education.""",false,false,"['false', 'mostly-false', 'pants-fire']",3,True
"A national poll found that among people who oppose the Democratic health care reform bill, ""almost 40 percent"" opposed it not because it goes too far, but because ""they don’t think it goes far enough. ... They will not be unhappy when we pass health care reform.""",half-true,half-true,"['half-true', 'mostly-true', 'true']",3,True
"After President Barack Obama’s health care law takes full effect, ""100 percent"" of Americans will ""depend on some form of federal payment, some form of government benefit to help provide for them.""",false,false,"['false', 'pants-fire']",2,True
"""According to a recent Congressional Budget Office report, under Obamacare, 7 million people will lose their employer-sponsored insurance.""",mostly-false,false,"['false', 'mostly-false', 'half-true', 'pants-fire']",4,True
"""Here in Wisconsin, prescription drug costs grew at a pace of nearly twice as much as the average Wisconsinite's income from 2015-2019.""",mostly-true,false,"['false', 'mostly-true', 'mostly-false', 'half-true', 'true']",5,True
"Says Tammy Baldwin was told by a whistleblower about ""overmedicated veterans,"" she made ""deadly mistakes"" and ""three veterans died"" at the Tomah VA hospital.",false,false,"['false', 'pants-fire', 'mostly-false']",3,True
"""Hospitals, doctors, MRIs, surgeries and so forth are more extensively used and far more expensive in this country than they are in many other countries.''",mostly-true,mostly-false,"['mostly-false', 'mostly-true', 'half-true', 'false', 'true']",5,True
"""There will be no public funding for abortion in this legislation.""",true,false,"['false', 'half-true', 'mostly-false', 'true', 'mostly-true', 'pants-fire']",6,True
"Says ""President Obama just granted all of Congress an exception"" to Obamacare.",false,false,"['false', 'mostly-false', 'pants-fire']",3,True
"A Medicaid provision added to the Senate health care reform bill ""is not a special deal for Nebraska.""",false,false,"['false', 'mostly-false', 'pants-fire']",3,True
"AARP backed ""federal funding for Planned Parenthood.""",false,false,"['false', 'mostly-false', 'pants-fire', 'half-true']",4,True
"""If someone is in a room that has measles and leaves and you walk in two hours later, you could get measles from that person.""",true,true,"['true', 'false']",2,True
"Says Barack Obama ""is the only president to ever cut $500 billion from Medicare.""",false,false,"['false', 'mostly-false', 'pants-fire']",3,True
"Democratic U.S. House candidate Julie Lassa pushed for a ""Canadian-style government takeover of health care.""",false,false,"['false', 'mostly-false']",2,True
"In Texas, ""a faceless hospital panel can deny life-sustaining care, giving you only 10 days to find another facility for your mother, dad, or young child, even if the patient is conscious.""",half-true,half-true,"['half-true', 'false', 'mostly-false', 'mostly-true', 'true']",5,True
Switzerland banned mammograms.,false,false,['false'],1,True
"""15 years ago, cancer drugs cost an average of $10,000 a year. Now it’s $10,000 a month.""",mostly-true,true,"['true', 'false', 'half-true', 'mostly-true', 'mostly-false']",5,True
"""All of the records, as far as I know, about what we did with health care, those are already available.""",mostly-false,false,"['false', 'mostly-false']",2,True
“Every single swing-seat House Democrat who endorsed #MedicareForAll won re-election or is on track to win re-election. Every. Single. One.”,mostly-true,false,"['false', 'mostly-false', 'pants-fire']",3,False
Joe Biden approved a “new card” that “gives free health insurance to Americans” who are 25 and older.,false,false,"['false', 'pants-fire']",2,True
"""Health insurance companies' costs are only 4 percent of all health care spending.""",true,true,"['true', 'false']",2,True
"Patrick Murphy voted for Obamacare in 2010, ""yet he reversed himself and voted to delay"" the employer mandate and the individual mandate.",mostly-false,false,"['false', 'mostly-false', 'pants-fire']",3,True
"""Disparities in infant mortality between white America and black America (are) greater today, in 2019,  than in the year 1850...""",mostly-true,false,"['false', 'true', 'mostly-false', 'pants-fire']",4,False
"Says ""At age 76 when you most need it, you are not eligible for cancer treatment"" under Affordable Care Act.",pants-fire,false,"['false', 'pants-fire']",2,True
"""It is estimated that more than 20 veterans die by suicide every day.""",mostly-true,true,"['true', 'false']",2,False
"""We have a president who wanted to throw 32 million people off of the health care they had.""",half-true,false,"['false', 'mostly-false', 'half-true', 'pants-fire']",4,True
"""In about three weeks over a half million Floridians are going to lose their coverage again"" through Obamacare.",half-true,false,"['false', 'mostly-false', 'half-true']",3,True
"Says Florida refused to allow the insurance commissioner to ""negotiate lower rates with companies or refuse rates that are too high"" under Obamacare.",true,false,"['false', 'mostly-false', 'half-true', 'true', 'mostly-true', 'pants-fire']",6,True
"Pregnant women trying to buy health insurance on their own are barred from maternity coverage because they have a ""pre-existing condition.""",true,false,"['false', 'true', 'mostly-false']",3,True
"Says the American public ""overwhelmingly opposed"" Democratic-steered health care plan.",half-true,false,"['false', 'half-true', 'mostly-false', 'mostly-true']",4,True
"The Obama administration offered ""no magic number"" of people that needed to sign up for health care on the marketplaces.",mostly-false,false,"['false', 'mostly-false', 'true', 'half-true', 'mostly-true']",5,True
"John Adcock and Republicans’ plan for health care ""would get rid of coverage altogether for thousands of families and raise premiums on the rest of us.""",false,false,"['false', 'mostly-false', 'half-true', 'mostly-true', 'pants-fire']",5,True
"Says the Trump administration ""has banned the CDC even using the word ‘transgender.’ """,false,false,"['false', 'mostly-false', 'pants-fire', 'half-true', 'true']",5,True
"If a 12-year-old girl became pregnant because of rape or incest, ""Tim Michels would force her to deliver the baby.""",mostly-true,false,"['false', 'mostly-false', 'half-true']",3,False
"""Bill Nelson was the deciding vote"" on the health care law.",mostly-false,false,"['false', 'mostly-false']",2,True
Says that Josh Mandel voted to let insurance companies deny coverage for autism,mostly-true,false,"['false', 'mostly-false', 'half-true']",3,False
"""47 - New provisions ObamaCare charges the IRS with implementing, according to the Government Accountability Office.""",true,true,['true'],1,True
"Domestic violence ""is seen as a pre-existing"" health condition and ""women had to pay 50 percent more for health care because of gender ratings,"" but under Obamacare, ""all of that is over.""",half-true,half-true,"['half-true', 'mostly-true', 'false', 'mostly-false']",4,True
"New federal projections estimate that the health care overhaul ""will cost $1.76 trillion over 10 years -- well above the $940 billion Democrats originally claimed.""",false,false,"['false', 'mostly-false', 'pants-fire', 'half-true']",4,True
"The economic stimulus bill created a council that's ""modeled after the national board that controls Britain’s health system.""",mostly-false,false,"['false', 'mostly-false']",2,True
"""In many instances, (people's) health care costs are more than their mortgage costs or their rent, which, by the way, is a first in American history.""",mostly-false,false,"['false', 'pants-fire']",2,False
"""New Jersey has the second highest rate of institutionalization"" of people with developmental disabilities ""in America. Only Texas puts more of its citizens -- confines more of its citizens -- to institutions than New Jersey. """,mostly-true,false,"['false', 'mostly-false', 'half-true', 'mostly-true']",4,True
"""Almost every day another 9/11 survivor or responder dies from a 9/11-related cancer.""",mostly-false,false,"['false', 'true', 'mostly-false', 'half-true', 'mostly-true', 'pants-fire']",6,True
"""Rand Paul’s speech ... on 'Gattaca' was totally ripped off of Wikipedia.""",true,false,"['false', 'mostly-false', 'pants-fire', 'half-true']",4,False
“We cut the federal deficit by $160 billion because Medicare will no longer have to pay those exorbitant prices to Big Pharma.”,half-true,half-true,"['half-true', 'mostly-true', 'false', 'mostly-false', 'true']",5,True
"""There were more people at the Air and Space Museum"" than at a rally against the health care bills.",half-true,false,"['false', 'mostly-false', 'half-true']",3,True
Says “black babies die at rates twice as high as white babies because of a lack of access to affordable health care.”,mostly-true,false,"['false', 'true', 'mostly-false', 'half-true', 'mostly-true']",5,True
"A new bill ""was written into the new health care reform initiative ensuring that Congress will be 100 percent exempt.""",false,false,"['false', 'mostly-false']",2,True
"""An independent analysis shows that payments for cancer care will be slashed by close to 45% causing cancer clinics to close and massively raising your healthcare costs.”",half-true,false,"['false', 'mostly-false', 'half-true', 'pants-fire']",4,True
Says Rep. Renee Ellmers voted for the government shutdown 21 times.,half-true,false,"['false', 'mostly-false', 'half-true', 'pants-fire']",4,True
"Says Roy Moore ""has advocated getting the federal government out of health care altogether, which means doing away with Medicaid, which means doing away with Medicare.""",false,false,"['false', 'mostly-false', 'half-true', 'mostly-true', 'pants-fire']",5,True
"""Repealing the Affordable Care Act — and with it, Ohio’s Medicaid expansion — could cost Ohio more than 81,000 jobs, jeopardize nearly 1 million Ohioans’ health care coverage, and leave more than 220,000 Ohioans with mental illness or substance use disorders without insurance.""",half-true,false,"['false', 'mostly-false', 'half-true', 'mostly-true', 'pants-fire']",5,True
"""A strong bipartisan majority"" in the House of Representatives ""voted to defund Obamacare.""",false,false,"['false', 'mostly-false']",2,True
"""Emboldened by election, Texas Republicans kill Medicaid funding for kids with disabilities.""",pants-fire,false,"['false', 'mostly-false', 'pants-fire']",3,True
"“With school-based professional social workers, the recommendation is 400-to-1, and in Wisconsin, we’re almost triple that.”",true,true,"['true', 'false']",2,True
"Says it’s a ""statistical reality that most single moms are very poor, under-educated, can't get a job, and if it weren't for government assistance, their kids would be starving to death.""",mostly-false,false,"['false', 'mostly-false', 'pants-fire']",3,True
"""The Collins-Nelson bill will not protect pre-existing conditions. It has nothing to do with pre-existing conditions.""",mostly-false,false,"['false', 'mostly-false']",2,True
"The Texas Senate ""approved a bill to put a special label on the insurance cards of anyone who bought a plan through Obamacare"" that includes the letter ""S"" for subsidy.",mostly-false,false,"['false', 'mostly-false', 'half-true']",3,True
"""The White House removed its climate change web page. And the healthcare, civil rights and LGBT sections.""",mostly-true,false,"['false', 'mostly-false', 'half-true', 'pants-fire']",4,False
"""The truth is, Planned Parenthood does not provide mammograms. Planned Parenthood refers women to mammography providers, serving as the middlewoman, if you will.""",true,false,"['false', 'true']",2,True
"""We’ve got an average of 5,600 soldiers committing suicide. That’s about 20 a day.""",half-true,half-true,"['half-true', 'false', 'mostly-true', 'mostly-false']",4,True
"""Gov. Scott Walker and the Republican-controlled state legislature have added over $140 million in new special interest spending""",pants-fire,false,"['false', 'mostly-false', 'pants-fire', 'half-true']",4,True
"""When they passed Obamacare, they put a bailout fund in Obamacare. … We led the effort and wiped out that bailout fund.""",mostly-false,false,"['false', 'mostly-false', 'half-true']",3,True
Drinking champagne could help prevent Alzheimer’s and other forms of dementia.,false,false,"['false', 'mostly-false']",2,True
"Lower insulin prices were the work of the Trump administration, not “Crooked Joe Biden. He had NOTHING to do with it.”",false,false,"['false', 'half-true', 'mostly-false', 'true', 'pants-fire']",5,True
"Cover Florida ""is available to any Floridian, offering basic coverage for about $150 a month, instead of the typical $600 a month.""",mostly-false,mostly-false,"['mostly-false', 'false', 'half-true']",3,True
"Under Obamacare, members of Congress are required to purchase their health insurance from the new exchanges.",true,false,"['false', 'mostly-false', 'half-true', 'true', 'pants-fire']",5,True
"If the Supreme Court throws out the federal health care law, it ""would be an unprecedented, extraordinary step of overturning a law that was passed by a strong majority of a democratically elected Congress.""",false,false,"['false', 'mostly-false', 'pants-fire', 'half-true']",4,True
"Says Gary Peters ""supports ‘Medicare for All,’ siding with radical liberals.""",false,false,"['false', 'mostly-false', 'pants-fire']",3,True
"Forty-five percent of doctors ""say they'll quit"" if health care reform passes.",false,false,"['false', 'mostly-false', 'pants-fire']",3,True
"The health care reform bill ""would make it mandatory — absolutely require — that every five years people in Medicare have a required counseling session that will tell them how to end their life sooner.""",pants-fire,false,"['false', 'mostly-false']",2,False
“Free health allowance is available at no cost.”,false,false,['false'],1,True
"""Obamacare adds trillions to our deficits and to our national debt.""",false,false,"['false', 'mostly-false', 'pants-fire']",3,True
"As a candidate, President Obama ""declared that everyone deserves access to reproductive health care that includes abortion, and vowed that this 'right' would be at the heart of his health care reform plan if elected president.""",true,true,"['true', 'false', 'mostly-true']",3,True
"Homosexual behavior ""cuts your life by about 20 years.""",false,false,"['false', 'pants-fire']",2,True
"""Our businesses have created jobs every single month since (Obamacare) became law.""",true,true,['true'],1,True
"Says her congressional district has 10,000 medical-device industry jobs and 1,000 will be lost because of health-care law tax.",mostly-false,false,"['false', 'mostly-false', 'half-true', 'mostly-true', 'pants-fire']",5,True
"A ""fairly limited number of people, 25 million to 30 million,"" will be allowed to access a national health insurance exchange.",true,true,"['true', 'mostly-true']",2,True
"Says ""if we do nothing and continue to let Obamacare siphon off that $700 billion dollars off the top of it, Medicare goes away in less than 10 years -- certain accounts of it -- and it just falls apart at the seams.""",false,false,"['false', 'mostly-false', 'pants-fire', 'half-true']",4,True
"Says Mark Pryor ""continues to insist"" that Obamacare is ""an amazing success.""",mostly-false,false,"['false', 'half-true', 'mostly-true', 'mostly-false', 'true']",5,True
"Says Arabic ""is the third most-common language in Austin.""",false,false,"['false', 'mostly-false', 'half-true', 'mostly-true', 'pants-fire']",5,True
"""What Congress is considering would cut money that vulnerable patients rely on the most. That means seniors, children and Americans who rely on Medicaid would be hurt. … Tell Congress we can end surprise billing without shredding the safety net.""",false,false,"['false', 'mostly-false', 'half-true', 'pants-fire']",4,True
"Measures in Barack Obama's health plan could ""lower health care costs for the typical family by $2,500 a year.""",half-true,half-true,"['half-true', 'mostly-true', 'false', 'true']",4,True
"""Daraprim is still underpriced, relative to its peers.""",false,false,"['false', 'mostly-false', 'pants-fire']",3,True
Says six of the state’s 58 family planning centers had to close because of Gov. Chris Christie’s budget cuts.,true,true,"['true', 'false']",2,True
"""Polls show that Floridians don't want to repeal the Affordable Care Act.""",mostly-false,false,"['false', 'mostly-false']",2,True
"""The CDC issued a report commissioned by President Obama just earlier this year, and it found some very inconvenient facts. Armed citizens are less likely harmed by attackers. Effectiveness of gun control laws is mixed. Gun buybacks don't work.""",half-true,false,"['false', 'mostly-false', 'half-true', 'mostly-true', 'pants-fire']",5,True
"COVID-19 is a synthetic version of “snake venom” that evil forces are spreading through remdesivir, the COVID-19 vaccines and drinking water to “make you a hybrid of Satan.”",pants-fire,false,"['false', 'pants-fire']",2,True
"As a result of Obamacare, ""California seniors face benefit cuts of over $1,700.""",false,false,"['false', 'mostly-false', 'pants-fire']",3,True
"""You have almost half the counties in America that have one provider or no provider for insurance"" on the Obamacare exchanges.",mostly-false,false,"['false', 'half-true', 'mostly-false', 'mostly-true']",4,True
Says the vaccine to prevent HPV can cause mental retardation.,false,false,"['false', 'pants-fire']",2,True
"""The majority actually want single-payer health care.""",false,false,"['false', 'mostly-false', 'pants-fire', 'half-true']",4,True
U.S. Senate candidate Michelle Nunn has avoided taking a stand on Obamacare.,half-true,half-true,"['half-true', 'mostly-true', 'false', 'mostly-false']",4,True
"""Forty years ago, hardly anybody in the country had health insurance.""",pants-fire,false,"['false', 'pants-fire']",2,True
"Health care reform ""requires the use of federal dollars to fund abortions through the government-run health plan.""",half-true,half-true,"['half-true', 'false', 'mostly-true']",3,True
I've shut down pill mills.,mostly-false,half-true,"['half-true', 'false', 'true', 'mostly-true', 'mostly-false']",5,True
"“Communicable diseases like HIV and TB (tuberculosis) have skyrocketed” after Haitian migrants came to Springfield, Ohio.",mostly-false,false,"['false', 'mostly-false', 'pants-fire']",3,True
"""Mike Parson opposes protections for pre-existing conditions.”",mostly-true,false,"['false', 'mostly-false']",2,False
"""There are many health insurance plans that will cover Viagra but won't cover birth-control medication.""",mostly-false,false,"['false', 'mostly-false', 'pants-fire']",3,True
76 percent of Americans want a public health care option.,false,false,"['false', 'mostly-false', 'pants-fire', 'half-true']",4,True
"Says he ""led the effort to build a new (University of Wisconsin-Milwaukee) engineering campus in Wauwatosa.""",false,false,"['false', 'mostly-false']",2,True
"""Cost of iPhone: $399
- Cost of healthcare for 1 year: $10,345
- Hearing @jasoninthehouse compare the 2 as if they are the same: priceless""",mostly-true,false,"['false', 'mostly-false', 'half-true', 'pants-fire', 'mostly-true', 'true']",6,True
Medicare officials have treated Humana and AARP inconsistently on how they can communicate with seniors.,false,false,"['false', 'mostly-false', 'half-true', 'pants-fire']",4,True
"""Pat Morrisey joined a federal lawsuit to allow insurance companies to deny coverage for people with pre-existing conditions.""",mostly-true,false,"['false', 'mostly-false']",2,False
"""The insurance industry is actually run by mostly Democrats.""",false,false,"['false', 'mostly-false', 'half-true']",3,True
"Massachusetts has ""less than 1 percent of our kids that are uninsured. You (Gov. Perry) have a million kids uninsured in Texas.""",mostly-true,false,"['false', 'mostly-false', 'half-true', 'pants-fire']",4,False
Health insurance costs for Floridians are up 30 percent or more.,mostly-false,false,"['false', 'mostly-false', 'half-true', 'pants-fire']",4,True
"""You’re paying for...(state Sen. Diane Allen’s) health care, and she took yours away.""",mostly-false,false,"['false', 'mostly-false', 'pants-fire']",3,True
"""As a result of Obamacare, we are becoming something of a part-time employment country.""",false,false,"['false', 'mostly-false', 'half-true']",3,True
"Says opponent Mary Burke says she ""supports Obamacare unequivocally and wants to expand it.""",half-true,half-true,"['half-true', 'mostly-true', 'false', 'mostly-false']",4,True
"According to a federal report, Obamacare will increase the long-term federal deficit by $6.2 trillion.",mostly-false,false,"['false', 'mostly-false', 'half-true']",3,True
"""I have not said that I was a single-payer supporter.""",false,false,"['false', 'mostly-false', 'pants-fire']",3,True
"Medicare monthly premiums will go up to $104.20 in 2012 and $247.00 in 2014 due to ""provisions incorporated in the Obamacare legislation, purposely delayed so as not to 'confuse' the 2012 re-election campaigns.""",pants-fire,false,"['false', 'pants-fire']",2,True
"""One in six Texans don’t have health care. We’re the most uninsured state in the U.S.""",mostly-true,false,"['false', 'true', 'mostly-false']",3,False
Former President Donald Trump wants to take away the Affordable Care Act.,half-true,false,"['false', 'mostly-false', 'half-true']",3,True
"The Senate health care bill ""would leave 24 million people without insurance coverage.""",true,true,"['true', 'false']",2,True
"Says a man opted out of Obamacare after the marketplace launched on Oct. 1, 2013, and was informed he owed a $4,000 fine.",pants-fire,false,"['false', 'pants-fire', 'mostly-false']",3,True
"""Mr. President, multiple times from your administration there have come statements that Republicans have no ideas and no solutions"" on health care.",true,true,"['true', 'false']",2,True
"A provision in the health care reform bill for end-of-life counseling for seniors is not ""entirely voluntary.""",false,false,"['false', 'mostly-false', 'half-true', 'true', 'mostly-true', 'pants-fire']",6,True
"""FACT: Repealing Obamacare would be easier than repealing Prohibition.""",half-true,false,"['false', 'mostly-false', 'pants-fire']",3,False
"""Individuals with mental illnesses die an average of 25 years earlier than those without a mental illness.""",true,true,['true'],1,True
"Blue Cross headquarters has ""a $30,000 granite table.""",pants-fire,false,"['false', 'pants-fire']",2,True
"West Virginia ""has the highest overdose death rate in the nation.""",true,true,['true'],1,True
"Says the Washington Post fact-checked a charge he opposed pre-existing condition protections for health insurance ""and gave that Four Pinocchios.""",pants-fire,false,"['false', 'mostly-false', 'pants-fire']",3,True
"""Scientists tell us that we could have a cure in 10 years for Alzheimer's"" were it not for ""overzealous regulators, excessive taxation and greedy litigators.""",pants-fire,false,"['false', 'mostly-false', 'pants-fire']",3,True
Says gubernatorial candidate Rebecca Kleefisch “worked with Scott Walker to sign five abortion restrictions into law that took away services and threatened doctors with prison time for providing safe and legal abortions.”,true,mostly-true,"['mostly-true', 'false', 'half-true', 'mostly-false']",4,False
"Says Cory Booker ""supports late-term and partial-birth abortion and opposes safety regulations.""",half-true,false,"['false', 'mostly-false', 'pants-fire']",3,False
"""[N]early one in three primary care doctors are forced to limit the number of Medicare patients they see.""",mostly-true,mostly-true,"['mostly-true', 'half-true', 'mostly-false', 'false']",4,True
"Republicans ""created a trillion dollar prescription drug entitlement program without paying for it.""",mostly-true,mostly-true,"['mostly-true', 'false', 'mostly-false', 'half-true', 'true']",5,True
"Rhode Island has ""the most burdensome level of health-insurance mandates in the nation.""",half-true,false,"['false', 'mostly-false', 'half-true', 'pants-fire']",4,True
"""A lot of people are still dealing with lack of access to health care. There are counties out there, in my former Senate district, that didn’t have doctors and providers.""",half-true,false,"['false', 'mostly-false', 'half-true', 'mostly-true', 'true']",5,True
"""Upwards of 90 percent"" of women seeking an abortion decide not to have an abortion after seeing an ultrasound.",false,false,"['false', 'pants-fire', 'mostly-false']",3,True
"Says Doug Jones ""has voted to spend our tax dollars on late-term abortions"" and ""supports abortion up until birth.""",false,false,"['false', 'mostly-false', 'pants-fire']",3,True
"John McCain's health care plan ""leaves you on your own to pay McCain’s health insurance tax.""",mostly-false,false,"['false', 'mostly-false', 'half-true', 'pants-fire']",4,True
"There were ""76 deaths in three years"" at the Buffalo Psychiatric Center",pants-fire,false,"['false', 'mostly-false', 'half-true']",3,False
“Breaking news: The Trump administration just announced that Medicare will stop covering telehealth starting April 1. … We need to stand up to these Medicare cuts.”,half-true,false,"['false', 'mostly-false', 'pants-fire', 'half-true']",4,True
“Tim Sheehy told us his health care plan: ‘We need to return health care to pure privatization.’ That would eliminate Medicare.”,mostly-false,false,"['false', 'mostly-false', 'half-true', 'pants-fire']",4,True
"Says President Donald Trump’s fiscal year 2020 budget ""slashes investments in health care to pay for tax cuts to billionaires.""",half-true,false,"['false', 'mostly-false', 'half-true', 'pants-fire']",4,True
"In the 1970s, ""the swine flu broke out . . . under another Democrat, President Jimmy Carter.""",pants-fire,false,"['false', 'pants-fire']",2,True
"Sen. Sherrod Brown’s vote helped pass ""Barack Obama’s job-killing health care law, which slapped small businesses throughout Ohio with a $500 billion tax increase.""",pants-fire,false,"['false', 'pants-fire', 'mostly-false']",3,True
"Says her health care plan would ""ensure Americans with preexisting conditions are protected.""",false,false,"['false', 'mostly-false']",2,True
"Because of the health care law, ""by 2017, we will be funneling over $100 billion annually to private insurance companies.""",mostly-true,false,"['false', 'mostly-false', 'half-true', 'mostly-true', 'pants-fire']",5,True
"Every family health insurance policy has ""a $900 hidden tax"" to subsidize health care costs of the uninsured.",true,mostly-true,"['mostly-true', 'false', 'half-true', 'true', 'mostly-false']",5,True
"""Marijuana has a unique impact on the developing brain. It can prime your brain for addiction to other substances.""",half-true,half-true,"['half-true', 'false', 'mostly-false', 'mostly-true', 'true']",5,True
"""20,000 Kansans lost their health insurance because of (Obamacare).""",false,false,"['false', 'mostly-false']",2,True
“It’s not unusual for hospitals to sit at max or near max capacity on any given day.”,half-true,false,"['false', 'mostly-false', 'half-true', 'pants-fire', 'mostly-true']",5,True
"Warren Buffett recently said ""Scrap Obamacare and Start All Over.""",pants-fire,false,"['false', 'pants-fire']",2,True
"""Missouri Votes to Let Employers Fire People Who Use Birth Control.""",pants-fire,false,"['false', 'mostly-false']",2,False
"The ""president has given 1,100 special waivers to his friends"" for Obamacare.",mostly-false,false,"['false', 'mostly-false', 'half-true', 'pants-fire', 'mostly-true']",5,True
"Says Barack Obama ""knew half of the population of the United States would lose their health insurance.""",pants-fire,false,"['false', 'mostly-false', 'pants-fire']",3,True
"""A single parent with a couple kids can easily get $35,000 a year"" in public assistance in Wisconsin.",mostly-false,false,"['false', 'mostly-false', 'pants-fire']",3,True
"""Preventive care … saves money, for families, for businesses, for government, for everybody.""",false,false,"['false', 'mostly-false', 'pants-fire']",3,True
"""We have empowered state insurance commissioners to review the rate hikes that are taking place in states. And in some states like North Carolina, they have already used it and rolled back premium increases by 25 percent.""",mostly-true,mostly-true,"['mostly-true', 'true', 'half-true']",3,True
"Because of U.S. Senate rules, Democrats need ""more than a majority ... to codify Roe vs. Wade.""",true,false,"['false', 'mostly-false']",2,False
"“Since the COVID jabs were rolled out, at least 1.1 million Americans have 'died suddenly.'”",false,false,"['false', 'pants-fire']",2,True
"""Why didn't (uninsured Americans) buy insurance? Because of the expense.""",true,false,"['false', 'true', 'half-true', 'mostly-true', 'mostly-false']",5,True
"Even after collective bargaining reforms, most Wisconsin public employees ""are still paying about 12 to 13 percent"" of their health insurance premiums, while most state residents who work in the private sector ""pay 20 to 25 percent.""",mostly-true,false,"['false', 'mostly-true', 'mostly-false', 'half-true', 'true', 'pants-fire']",6,True
"A report by the health insurance industry ""ignores some of the key policies that are part of the Senate Finance Committee bill.""",true,true,"['true', 'mostly-true', 'half-true', 'false', 'mostly-false']",5,True
"Obama says his health care plan is ""universal.""",mostly-false,false,"['false', 'mostly-false', 'half-true']",3,True
"""Nobody dies because they don’t have access to health care.""",pants-fire,false,"['false', 'pants-fire']",2,True
"There is a Republican ""plan to end Medicare.""",false,false,"['false', 'mostly-false', 'pants-fire']",3,True
"Says that under Mitt Romney, 89 million Americans could be denied coverage if they have a pre-existing condition.",half-true,false,"['false', 'mostly-false', 'half-true', 'pants-fire']",4,True
"Says 3,000 people ""did not die"" in two hurricanes that hit Puerto Rico. That death toll estimate was ""done by Democrats.""",false,false,"['false', 'pants-fire']",2,True
“Tens of millions of Americans live in communities where they cannot find a doctor while others have to wait months to be seen.”,mostly-true,true,"['true', 'false', 'mostly-true', 'mostly-false', 'half-true', 'pants-fire']",6,True
"Paul Ryan’s Medicare plan ""could raise future retirees’ costs more than $6,000.""",half-true,false,"['false', 'mostly-false', 'half-true', 'pants-fire', 'true']",5,True
"""The bill also provides full federal  funding for abortions…""",pants-fire,false,"['false', 'mostly-false', 'pants-fire']",3,True
"""Without representation, (the IRS) can increase taxes.""",pants-fire,false,"['false', 'pants-fire']",2,True
"McCain ""said he was 'stumped' when asked whether contraceptives help stop the spread of HIV.""",true,false,"['false', 'true']",2,True
"Says the Koch Brothers sponsored ""a study that shows that Medicare for All would save the American people $2 trillion over a 10-year period.""",half-true,false,"['false', 'mostly-false', 'half-true', 'pants-fire', 'mostly-true']",5,True
“They are hiding the fact that Barbara O’Neill’s cousin was sentenced to life in prison for revealing these gatekept health secrets.”,false,false,"['false', 'pants-fire']",2,True
"Says Bernie Sanders would “go beyond reform and reorder the economy in ways most Democrats — let alone most Americans — don’t support.""",mostly-false,false,"['false', 'mostly-false', 'half-true', 'pants-fire', 'mostly-true']",5,True
"""Doctors kill about 250,000 people a year in botched surgeries.""",false,false,"['false', 'mostly-false', 'pants-fire']",3,True
"""Now it’s official: FDA announced that vaccines are causing autism.""",pants-fire,false,['false'],1,False
"Says his ""Act 10 reforms"" have ""saved the taxpayers some $3 billion.""",mostly-true,mostly-true,"['mostly-true', 'true', 'half-true']",3,True
"Ohio taxpayers spent more than $67 million ""for the year"" on food stamps and Medicaid for Wal-Mart workers",half-true,half-true,"['half-true', 'false', 'mostly-true']",3,True
"""We have (people detained by ICE) that have to be seen within 24 hours, while veterans are seen within months.",false,false,"['false', 'mostly-false', 'pants-fire']",3,True
"Says Leah Vukmir was ""just about the only legislator who stood with the insurance companies"" and ""voted against oral chemotherapy.""",mostly-true,false,"['false', 'mostly-false', 'half-true', 'mostly-true', 'pants-fire']",5,True
"Sixteen thousand new Internal Revenue Service agents will be ""empowered to enforce"" the new health care legislation.",mostly-false,false,"['false', 'mostly-false', 'half-true']",3,True
"Says Thomas Eric Duncan came into the United States ""with an elevated temperature.""",false,false,"['false', 'mostly-false']",2,True
"""Barack Hussein Obama will … force doctors to assist homosexuals in buying surrogate babies.""",pants-fire,false,['false'],1,False
“Government imposed lockdowns do NOT reduce [COVID-19] cases or stop spikes.”,false,false,"['false', 'mostly-false', 'half-true', 'pants-fire']",4,True
"Says rejecting federal aid to expand Medicaid in Texas will ""send $9 billion in federal taxes paid by Texans to other states to insure their working poor.""",false,false,"['false', 'mostly-false', 'half-true', 'true', 'mostly-true', 'pants-fire']",6,True
"""What we said was, you can keep (your plan) if it hasn’t changed since the law passed.""",pants-fire,false,"['false', 'mostly-false', 'half-true', 'pants-fire']",4,True
"Says Scott Brown ""co-sponsored legislation to let employers deny women coverage for birth control.""",true,false,"['false', 'true', 'mostly-false', 'half-true', 'mostly-true']",5,True
"""Under the plan, for the first five years your employer not only has to keep the coverage, but you can't migrate to the public plan.""",mostly-false,false,"['false', 'mostly-false', 'pants-fire']",3,True
""" ‘Obamacare’ puts the federal government between you and your doctor.""",false,false,"['false', 'mostly-false', 'half-true']",3,True
"Paul Ryan’s budget ""keeps the Obamacare taxes and spending cuts that paid for Obamacare, but then cuts all of the benefits.""",mostly-true,false,"['false', 'mostly-false', 'half-true', 'pants-fire']",4,False
"The federal government is prohibited ""from negotiating lower prescription drug prices for our senior citizens.""",true,true,"['true', 'false']",2,True
"During the 2005 fight over Social Security, ""there were noisy demonstrations — but they were outside the events,"" and opponents were ""not disruptive — crowds booed lines they didn’t like, but that was about it.""",false,false,"['false', 'mostly-false', 'pants-fire', 'half-true', 'mostly-true']",5,True
"""There’s no strings attached to that money that we’d be getting as an incentive to expand Medicaid.""",half-true,false,"['false', 'mostly-false', 'half-true', 'mostly-true']",4,True
"""I've always voted for keeping the government open. I’ve never cast a vote to shut down the government.""",mostly-false,false,"['false', 'mostly-false', 'half-true']",3,True
"""October 2013, Obama shut down the government for 16 days to force Obamacare.""",half-true,false,"['false', 'mostly-false', 'pants-fire']",3,False
"A Republican proposal changes Medicare for those under age 55 so that they will  ""participate in the same kind of health plan that members of Congress do.""",mostly-false,half-true,"['half-true', 'false', 'mostly-true', 'mostly-false', 'pants-fire', 'true']",6,True
"""The cost-sharing reductions (were) a gift (that) they gave the insurance companies.""",mostly-false,false,"['false', 'mostly-false']",2,True
"""The Democrat plan would just obliterate Medicare and terminate Medicare Advantage ... seniors who have been paying for this for years (and) will not be taken care of anymore.""",false,false,"['false', 'mostly-false']",2,True
"Says Mark Pryor ""cut Medicare to pay for Obamacare.""",half-true,false,"['false', 'mostly-false', 'half-true', 'mostly-true']",4,True
"Says Joe Sestak ""voted to gut Medicare ... reducing benefits for 854,489 seniors"" and jeopardizing ""access to care for millions.""",mostly-false,false,"['false', 'mostly-false', 'half-true', 'pants-fire']",4,True
"""Every other democracy in the world has a health care system that covers everybody, and we don't.""",false,false,"['false', 'mostly-false']",2,True
"Over the past few months, we've learned that ""we just can't count on the media to debunk"" lies about health insurance reform.",pants-fire,false,"['false', 'pants-fire']",2,True
"""She stood by ground zero workers who sacrificed their health after so many sacrificed their lives and kept standing till this administration took action.""",true,true,['true'],1,True
"A molecule found in a Himalayan fungus ""kills cancer cells with 40 times potency.""",half-true,false,"['false', 'mostly-false']",2,False
“We are currently using only around 20% of our testing capacity.”,half-true,false,"['false', 'mostly-false', 'pants-fire', 'half-true']",4,True
"Obamacare ""cuts seniors’ Medicare.""",mostly-false,false,"['false', 'mostly-false', 'pants-fire']",3,True
"Thanks to the American Rescue Plan’s changes to the Affordable Care Act, “four out of five consumers (are) finding quality coverage for under $10 a month.”",mostly-false,false,"['false', 'mostly-false', 'half-true']",3,True
"Ezekiel Emanuel, one of President Obama's key health care advisers, ""says medical care should be reserved for the nondisabled. So watch out if you're disabled.""",false,false,"['false', 'pants-fire', 'mostly-false']",3,True
"Says U.S. Senate opponent Tommy Thompson ""personally made over $3 million"" from a federal contract granted to his healthcare company, but left  9/11 first responders ""without the care they were promised.""",mostly-false,false,"['false', 'mostly-false', 'half-true', 'mostly-true', 'pants-fire']",5,True
Says Charlie Crist could have expanded Medicaid after the health care law passed but didn't.,mostly-false,false,"['false', 'mostly-false', 'half-true', 'pants-fire', 'mostly-true', 'true']",6,True
"""The vast majority of people in this country are keeping their (health insurance) plan.""",mostly-true,false,"['false', 'mostly-false', 'pants-fire', 'half-true']",4,False
"Says the federal government ""tells health insurance companies how much money they're allowed to keep of what they receive in revenues -- 15 percent.""",half-true,false,"['false', 'mostly-false', 'half-true']",3,True
A majority of the American people opposed the health care law when it was signed and still oppose it today.,mostly-true,false,"['false', 'mostly-false', 'half-true', 'pants-fire']",4,False
“Stop getting mammograms immediately as they are outdated and dangerous!” Thermography “is a safer way to test for breast cancer!”,false,false,"['false', 'pants-fire']",2,True
"""The lifespan of the average American is less than that of people in nations that spend far less (on health care). ... To put it bluntly, we spend more and die sooner.""",true,true,"['true', 'false']",2,True
"""One in four Texans lacks health insurance, the highest proportion in the nation.""",true,true,"['true', 'false']",2,True
"Shows in a television ad that police took evidence from Solantic, Rick Scott's new health care company, after allegations emerged that the company was engaging in fraud.",false,false,"['false', 'pants-fire']",2,True
"Rhode Island gives undocumented pregnant women health insurance, plus a cash card ""with $400 a month on it"" and ""$250 a month or $275 a month to spend on food.""",mostly-false,false,"['false', 'mostly-false']",2,True
"""FACT: Nothing in #Obamacare forces people out of their health plans.""",false,false,"['false', 'mostly-false', 'pants-fire']",3,True
Homeless people are immune to COVID-19,pants-fire,false,"['false', 'pants-fire']",2,True
"""A government panel that didn't include cancer specialists says women shouldn't  receive mammograms until age 50...If government takes over health care,  recommendations like these could become the law for all kinds of diseases.""",pants-fire,false,"['false', 'pants-fire', 'mostly-false', 'half-true']",4,True
"""Obamacare … means that for up to 20 million Americans, they will lose the insurance they currently have, the insurance that they like and they want to keep.""",false,false,"['false', 'mostly-false', 'pants-fire']",3,True
"""Seventy percent of all uninsured live in households in which at least one person is working.""",true,half-true,"['half-true', 'false', 'mostly-true', 'true', 'mostly-false']",5,True
"In Florida, ""300,000 people are going to lose their individual coverage because of Obamacare. Now those people next year, they don’t have health insurance.""",mostly-false,false,"['false', 'mostly-false']",2,True
"“California’s [COVID-19] death rate has remained one of the lowest per capita in the nation: 134 deaths per 100,000, compared to 158 nationally, 153 in Texas and 247 in New York.”",half-true,mostly-true,"['mostly-true', 'half-true', 'mostly-false', 'false', 'true']",5,True
"Says Tammy Baldwin ""voted to gut Medicare for seniors.""",false,false,"['false', 'mostly-false', 'pants-fire']",3,True
"Says Bernie Sanders “opposed Obamacare, didn't like the fact we didn't push a single-payer option.”",mostly-false,false,"['false', 'mostly-false', 'half-true', 'mostly-true', 'true']",5,True
"""Romneycare sent costs spiraling out of control"" in Massachusetts, ""hiking premiums, squeezing household budgets.""",false,false,"['false', 'mostly-false', 'half-true', 'pants-fire']",4,True
Says gun ownership information could be recorded and collected by the federal government and insurance companies as part of the federal health care law.,false,false,"['false', 'mostly-false', 'pants-fire', 'half-true']",4,True
"A study ""from the Massachusetts Institute of Technology, Harvard, and Dartmouth concluded that Medicaid’s value to its beneficiaries is significantly lower than the actual cost of the program.""",half-true,false,"['false', 'mostly-false', 'pants-fire']",3,False
“Tammy Baldwin wants to take away” Medicare and Social Security.,false,false,"['false', 'mostly-false', 'pants-fire']",3,True
"Milwaukee County government employees pay ""much more"" for their health care than City of Milwaukee or State of Wisconsin employees.",half-true,half-true,"['half-true', 'false', 'mostly-false', 'mostly-true']",4,True
"Says that in his first 17 months as president, the United States doubled its world-leading $500 million a year commitment to fighting global AIDS.",true,true,['true'],1,True
"Says Gov. Tony Evers gave $2.4 million in COVID relief money to Planned Parenthood affiliates throughout Wisconsin “to bail them out and fund abortions.""",mostly-false,false,"['false', 'mostly-false', 'half-true']",3,True
"""This (SCHIP) is socialized medicine. It is going to go to families that make $60,000 a year. Those aren't poor children.""",true,false,"['false', 'mostly-false', 'half-true', 'mostly-true']",4,False
"Obamacare ""was invented by liberal academic theorists.""",mostly-false,false,"['false', 'mostly-false', 'pants-fire', 'mostly-true', 'half-true']",5,True
"Many uninsured Americans are ""young.""",mostly-true,false,"['false', 'mostly-false', 'half-true', 'mostly-true']",4,True
"Says proposed anti-abortion legislation ""would force women facing the most personal of health decisions to endure a transvaginal ultrasound.""",half-true,half-true,"['half-true', 'mostly-true', 'false']",3,True
"Says Obama called Medicaid ""broken"" four years ago.",mostly-true,true,"['true', 'false', 'mostly-true', 'mostly-false']",4,True
“I never mentioned” wanting to end the Affordable Care Act.,pants-fire,false,"['false', 'mostly-false']",2,False
"Says Milwaukee blacks have 55 percent male unemployment, 60 percent truancy, a 50 percent graduation rate, the ""worst"" reading scores and ""lead"" in infant mortality.",half-true,false,"['false', 'half-true', 'mostly-false', 'mostly-true']",4,True
"""Under ‘Trumpcare,’"" domestic violence and sexual assault ""could be considered pre-existing conditions.""",mostly-false,false,"['false', 'mostly-false', 'half-true']",3,True
"""Over 70% of the people support Roe v. Wade. Over 90% of the people support funding for Planned Parenthood and making sure women can get the health care they need.""",half-true,false,"['false', 'mostly-false', 'half-true', 'mostly-true']",4,True
"Obamacare is a ""massive, massive income redistribution"" with ""$250 billion a year in Medicaid expansion (and) in the subsidy structure that's basically being paid for by people on Medicare, through Medicare cuts, and a lot of tax increases.""",half-true,false,"['false', 'mostly-false', 'half-true', 'mostly-true', 'pants-fire']",5,True
"Says the national heath care reform is ""a government takeover of health care.""",pants-fire,false,"['false', 'mostly-false']",2,False
"""A study by the University of Virginia pulls back the curtain on Medicaid’s tragically bad outcomes, including ‘increased risk of adjusted mortality.’""",half-true,false,"['false', 'true', 'half-true', 'mostly-false', 'mostly-true', 'pants-fire']",6,True
"""More Americans are uninsured today than when (President Donald) Trump took office.""",true,false,"['false', 'mostly-false', 'pants-fire']",3,False
"""Anyone can die of a toothache.""",true,false,"['false', 'true']",2,True
"""Currently, half a million Floridians have Alzheimer’s disease, and in less than 10 years, a 40 percent growth rate means that another 200,000 Floridians will develop this devastating illness.""",mostly-true,true,"['true', 'mostly-true', 'half-true', 'false', 'mostly-false']",5,True
"""The Obama Health and Human Services Department is planning to compile a federal health record on all U.S. citizens by 2014,"" including ""each individual’s Body Mass Index.""",false,false,"['false', 'mostly-false']",2,True
"""We’ve got close to 7 million Americans who have access to health care for the first time because of Medicaid expansion.""",false,false,"['false', 'mostly-false', 'pants-fire']",3,True
"""Mayor Bloomberg helped lower the number of uninsured by 40 percent, covering 700,000 more New Yorkers""",true,true,['true'],1,True
"Under Obamacare, people who ""have a doctor they’ve been seeing for the last 15 or 20 years, they won’t be able to keep going to that doctor.""",mostly-false,false,"['false', 'mostly-false', 'half-true', 'pants-fire']",4,True
"Oregon Health Plan rations ""covered procedures under certain circumstances""",half-true,half-true,"['half-true', 'mostly-true', 'false', 'true', 'mostly-false']",5,True
"Says Mandela Barnes ""supports stripping health care away from millions.""",false,false,"['false', 'mostly-false', 'pants-fire']",3,True
"It’s “all true” that the measles vaccine wanes quickly, was never fully safety tested and contains fetal debris.",false,false,"['false', 'pants-fire', 'mostly-false']",3,True
"Says the health care law rations care, like systems in Canada and Great Britain.",false,false,"['false', 'mostly-false']",2,True
Says state Senate candidate Aaron Bean voted to give health care subsidies to illegal immigrants.,false,false,"['false', 'mostly-false', 'half-true']",3,True
"""Usually it's about $900 a month to get health coverage. (Florida's program has) reduced that, on average, to about $150 a month.""",false,false,"['false', 'mostly-false', 'half-true']",3,True
"Says North Carolinians are ""already paying for"" Medicaid expansion, even though the state hasn’t expanded Medicaid.",mostly-true,false,"['false', 'mostly-false', 'half-true', 'pants-fire']",4,False
"Says Suzanne Bonamici ""supports the $500 billion cut to Medicare passed last year.""",false,false,"['false', 'mostly-false', 'half-true']",3,True
"""Every dollar spent in the new Obamacare system ... goes to private-sector insurance companies.""",half-true,false,"['false', 'mostly-false', 'pants-fire']",3,False
"Says his ""patents in ultrasound have revolutionized modern medicine.""",pants-fire,false,"['false', 'pants-fire']",2,True
"On HealthCare.Gov, Texan Mark Sullivan ""found a good"" health insurance ""plan that includes dental, for less than $80 a month.""",mostly-false,false,"['false', 'half-true', 'mostly-true', 'mostly-false', 'true', 'pants-fire']",6,True
"AARP is ""endorsing"" the health care reform bill.",mostly-false,false,"['false', 'mostly-false']",2,True
"""Nearly 46 million Americans don't have health insurance coverage today.""",mostly-true,false,"['false', 'mostly-false', 'mostly-true', 'half-true', 'true']",5,True
"Under Obamacare, ""75 percent of small businesses now say they are going to be forced to either fire workers or cut their hours.""",pants-fire,false,"['false', 'mostly-false']",2,False
"""More Americans believe the moon landing was fake than believe Obamacare is affordable.""",half-true,false,"['false', 'half-true', 'mostly-false', 'mostly-true', 'pants-fire']",5,True
"Ann McLane Kuster is ""for a government takeover of health care more radical than Obamacare. And she supports a $700 billion cut to Medicare for current retirees.""",mostly-false,false,"['false', 'mostly-false', 'pants-fire', 'half-true']",4,True
"""Over 214,000 doctors opt out of Obamacare exchanges.""",false,false,"['false', 'mostly-false', 'pants-fire']",3,True
"""We currently have one guy who is in charge of painting the entire Milwaukee County parks system.""",half-true,false,"['false', 'mostly-false']",2,False
"""No family earns too much to qualify"" for Oregon Healthy Kids program.",mostly-true,mostly-true,"['mostly-true', 'true', 'false', 'half-true']",4,True
"After prenatal diagnosis, ""90 percent of Down syndrome children in America are aborted.""",half-true,false,"['false', 'mostly-false', 'pants-fire']",3,False
"Says abortion doctors are ""flying into this state, performing abortions and flying out.""",false,false,"['false', 'mostly-false', 'half-true', 'pants-fire']",4,True
"If a lawsuit backed by Josh Hawley succeeds, ""nearly 2.5 million Missourians with pre-existing conditions could lose their health care coverage.""",half-true,false,"['false', 'mostly-false', 'half-true', 'mostly-true', 'pants-fire']",5,True
"The flu shot is ""designed to spread cancer.""",pants-fire,false,"['false', 'pants-fire']",2,True
"Blue Cross’ new  $90-million Providence headquarters ""was outfitted with $25 million in  decor.""",pants-fire,false,"['false', 'pants-fire', 'mostly-false']",3,True
"Says Scott Walker is ""forcing some women to undergo a transvaginal probe to get an abortion.""",half-true,false,"['false', 'mostly-false', 'half-true', 'pants-fire']",4,True
"In Wisconsin, even multimillionaires can be on BadgerCare ""because we don't even ask people what their income level is to qualify for free health care.""",mostly-true,false,"['false', 'mostly-false', 'half-true', 'pants-fire']",4,False
"""If Obamacare is fully implemented, 30 million people will still be without health insurance.""",mostly-true,mostly-true,"['mostly-true', 'half-true', 'mostly-false', 'false']",4,True
"""Explosive growth in Medicare"" is the reason federal deficit spending is predicted to top $1 trillion again after falling to $600 billion annually.",half-true,half-true,"['half-true', 'false', 'mostly-false', 'mostly-true']",4,True
"""Blue Cross Blue Shield pays your doctor a $40,000 bonus for fully vaccinating at least 100 patients under the age of two.""",false,false,['false'],1,True
"Among the money spent on health care in the United States, ""46 cents on every dollar spent is through Medicare and Medicaid.""",half-true,false,"['false', 'half-true', 'mostly-false']",3,True
Federal health care reforms amounted to ‘the government takeover of health care.’,pants-fire,false,"['false', 'pants-fire']",2,True
A “well-crafted garlic salve” can “heal any ailment of the lungs and respiratory system.”,false,false,['false'],1,True
"“The CDC is about to add the COVID vaccine to the childhood immunization schedule, which would make the vax mandatory for kids to attend school.”",mostly-false,false,"['false', 'mostly-false', 'pants-fire']",3,True
"""300,000 Floridians will lose their current health plans"" because of Obamacare, a plan Alex Sink supports.",half-true,false,"['false', 'mostly-false', 'half-true']",3,True
“Abortion is never medically necessary in the last trimester. Literally never. They just do a C-section.”,false,false,"['false', 'pants-fire']",2,True
"""Nobody has been talking about it (Medicaid fraud), focused on it, or paying attention to it.""",false,false,"['false', 'mostly-false', 'pants-fire']",3,True
"Because of the new health care law, ""Americans no longer will see their coverage dropped or capped when illness strikes.""",mostly-true,false,"['false', 'half-true', 'mostly-false', 'mostly-true', 'true']",5,True
Vaccines that are routinely given to children contain unsafe amounts of aluminum.,false,false,['false'],1,True
Says health insurance premiums will rise under Obamacare.,half-true,false,"['false', 'mostly-false', 'half-true', 'pants-fire']",4,True
"Homeopathy, acupuncture and aromatherapy ""have been given elevated legitimacy under the Affordable Care Act.""",half-true,false,"['false', 'mostly-false', 'half-true', 'pants-fire']",4,True
California’s Senate Bill 107 means “your child can now be taken from your custody if you do not affirm gender-reassignment surgery.”,false,false,"['false', 'pants-fire']",2,True
"The health care law ""imposes the largest tax increase in history on the middle class.""",pants-fire,false,"['false', 'mostly-false', 'pants-fire']",3,True
"""Study proves children’s hearts destroyed by COVID vaccine.""",false,false,"['false', 'pants-fire']",2,True
"""Missouri has one of the highest rates of uninsured children in the country.""",half-true,false,"['false', 'mostly-false', 'half-true', 'true']",4,True
The fastest-rising expense in the U.S. Defense Department is health care.,true,true,"['true', 'false']",2,True
"Says Wisconsin measures have ""prevented the death of at least 300 Wisconsinites, and perhaps as many as 1,400 lives.""",mostly-true,mostly-true,"['mostly-true', 'true', 'half-true', 'false', 'mostly-false']",5,True
"""Oregon is the only state out of the 50 states in the USA that continues to pay 100% of the medical benefits for its employees and their families.""",false,false,"['false', 'mostly-false']",2,True
Donald Trump “intends to cut” Medicare.,mostly-false,false,"['false', 'mostly-false', 'half-true', 'pants-fire']",4,True
"""Minnick voted to let the government fund abortion under Obamacare.""",false,false,"['false', 'mostly-false', 'pants-fire']",3,True
"""Millions could lose their health care coverage and be forced into a government pool"" under the new health care law.",false,false,"['false', 'mostly-false', 'half-true']",3,True
"For vaccine rates among Americans 65 and older, “there’s virtually no difference between white, Black, Hispanic, Asian American.”",false,false,"['false', 'mostly-false', 'pants-fire', 'half-true']",4,True
"Eric Hovde “wants to repeal the Affordable Care Act, and kick millions off their health insurance.”",true,false,"['false', 'mostly-false', 'pants-fire']",3,False
"Joe Biden ""put 20 million people on Medicaid who aren’t even eligible, then stopped states from taking them off.""",false,false,"['false', 'mostly-false']",2,True
"""The Affordable Care Act is the single largest tax increase in my lifetime.""",false,false,"['false', 'mostly-false', 'pants-fire']",3,True
"Under Obamacare, ""premiums have doubled and tripled"" in Wisconsin.",mostly-true,mostly-true,"['mostly-true', 'false', 'mostly-false', 'half-true', 'pants-fire']",5,True
"The GOP’s health bill will protect people with pre-existing conditions ""every bit as well as Obamacare did.""",false,false,"['false', 'mostly-false', 'pants-fire']",3,True
The Senate health care bill does not contain limits on medical malpractice lawsuits.,true,true,"['true', 'false']",2,True
"Unlike marijuana, medical cannabis oil cannot get you high.",true,true,['true'],1,True
"""I lost my health insurance and my doctor because of Obamacare.""",pants-fire,false,"['false', 'pants-fire', 'mostly-false']",3,True
"""53 percent of Americans cut back on their health care in the last year because of costs.""",half-true,half-true,"['half-true', 'mostly-true', 'false']",3,True
"The Moderna vaccine contains an ingredient that is “for research use only, not meant for human or veterinary use.”",false,false,"['false', 'mostly-false']",2,True
“In the last 10 years less than half of adults in the U.S. received a flu shot.”,true,false,"['false', 'true']",2,True
"Elon Musk criticized the UnitedHealthcare CEO shooter on X, saying, “It’s disgusting how everyone is turning this guy into some kind of folk hero.”",false,false,"['false', 'pants-fire']",2,True
"Dan Helmer ""believes in abolishing our private insurance system.""",mostly-false,false,"['false', 'pants-fire', 'mostly-false']",3,True
"Says President Barack Obama’s health care law is ""expected to destroy 2.3 million jobs.""",mostly-false,false,"['false', 'mostly-false', 'pants-fire']",3,True
"A Colgate toothpaste is subject to ""recall.""",false,false,"['false', 'mostly-false']",2,True
"""Most young Americans right now, they’re not covered"" by health insurance.",false,false,['false'],1,True
"The IRS is going to be ""in charge"" of ""a huge national database"" on health care that will include Americans’ ""personal, intimate, most close-to-the-vest-secrets.""",pants-fire,false,"['false', 'pants-fire', 'mostly-false']",3,True
"The Baucus bill ""contains provisions that would send massive federal subsidies directly to both private insurance plans and government-chartered cooperatives that pay for elective abortion.""",true,false,"['false', 'true', 'mostly-false', 'half-true', 'mostly-true', 'pants-fire']",6,True
"Florida's legal challenge of the federal health care bill is ""bipartisan.""",mostly-false,false,"['false', 'mostly-false', 'pants-fire']",3,True
"""One in every five families in the state of New Jersey has a loved one with a mental illness, a serious mental illness, and today, we don’t care.""",true,mostly-true,"['mostly-true', 'true', 'half-true', 'false']",4,True
"Says ""Gov. Parson’s administration purged 100,000 kids from Medicaid rolls.""",mostly-true,false,"['false', 'mostly-false', 'pants-fire']",3,False
"""Here in Wisconsin, we've put in previous budgets more money into mental health services than any governor has in the last 25 years.""",true,true,['true'],1,True
"""Medicare does just as good, if not better, at keeping people healthy"" as Medicare Advantage.",half-true,half-true,"['half-true', 'false', 'mostly-true']",3,True
"CNN reported that Dr. Ben Carson has discovered a natural cure for headaches, cholesterol levels and blood pressure symptoms.",false,false,"['false', 'pants-fire']",2,True
“Pfizer funneled $12 million to CNN anchor Anderson Cooper as part of a deal to promote mRNA COVID jabs to the American public.”,false,false,"['false', 'pants-fire']",2,True
"Page 92 of the House health care bill ""says specifically that people can't purchase private health insurance after a date certain.""",pants-fire,false,['false'],1,False
"""Everyone in this country has access to health care.""",mostly-false,false,"['false', 'mostly-false', 'pants-fire']",3,True
"""Every month, we get the reports from the Bureau of Labor Statistics that say even more people have given up looking for work.""",mostly-false,false,"['false', 'mostly-false', 'half-true', 'pants-fire', 'mostly-true', 'true']",6,True
"""Barack Obama's health care bill is nothing new. Mitt Romney signed one just like it four years before.""",mostly-true,mostly-true,"['mostly-true', 'false', 'half-true', 'true']",4,True
"Says there are ""$500 billion in Medicare cuts required to pay for this flawed [health care law].""",mostly-false,false,"['false', 'mostly-false', 'half-true']",3,True
"Oregon’s ""three largest employers, and 13 of the top 25, are health care providers.""",false,false,"['false', 'mostly-false', 'pants-fire']",3,True
The U.S. ranks 37th in the world for health care.,mostly-true,false,"['false', 'mostly-false', 'true', 'half-true', 'mostly-true']",5,True
"The Senate bill ""hands enormous tax cuts to the rich and to the drug and insurance industries, paid for by cutting health care for everybody else.""",mostly-true,false,"['false', 'mostly-false', 'half-true', 'mostly-true', 'true']",5,True
"In the House health care bill, ""Something like 2 percent of the people would [be] eligible even to get the public option.""",false,false,"['false', 'mostly-false']",2,True
"The Republican-authored state budget includes a provision ""forcing people earning as little as $12,000 to buy private health insurance that could cost them as much as $4,000 per year.""",false,false,"['false', 'mostly-false', 'half-true', 'pants-fire']",4,True
"Says on contraception, his plan is ""cheaper and easier for you"" than Sen. Mark Udall’s",mostly-false,false,"['false', 'mostly-false', 'half-true', 'pants-fire']",4,True
"Says Tammy Baldwin’s ""Medicare for All"" plan means senior citizens would ""no longer have"" Medicare.",mostly-false,false,"['false', 'mostly-false', 'half-true', 'pants-fire']",4,True
"""When Social Security started, age expectancy for the average man was 58. It was 62 -- 62 for women.""",true,true,"['true', 'false']",2,True
"""We know that President Obama stole over $500 billion out of Medicare to switch it over to Obamacare.""",mostly-false,false,"['false', 'mostly-false']",2,True
"""If you sell your house after 2012 you will pay a 3.8 percent sales tax on it.""",pants-fire,false,['false'],1,False
Donald Trump wants to terminate the Affordable Care Act.,half-true,false,"['false', 'mostly-false', 'half-true', 'pants-fire', 'true']",5,True
"Says that Tim Pawlenty eliminated health insurance for 33,000 to 35,000 people when he was governor of Minnesota.",half-true,half-true,"['half-true', 'false', 'mostly-false', 'mostly-true']",4,True
"""Federal government reneging"" on Medicaid payments to Wisconsin caused about $240 million in extra costs in the 2013-’15 state budget.",false,false,"['false', 'mostly-false', 'pants-fire']",3,True
"After the Texas cutoff of aid to women’s health care services including Planned Parenthood clinics, ""over 150,000… women lost the only health care they had. Our Medicaid birth rate shot up. It cost taxpayers over $130 million in one year alone in extra Medicaid birth costs.""",mostly-false,false,"['false', 'half-true', 'mostly-true', 'mostly-false', 'true', 'pants-fire']",6,True
Say water fluoridation started in Nazi Germany ghettos and death camps to pacify the Jews.,pants-fire,false,"['false', 'pants-fire']",2,True
"AIDS was transmitted to humans because ""one guy"" had sex with ""a monkey"" and then started ""having sex with men.""",pants-fire,false,"['false', 'pants-fire', 'mostly-false']",3,True
"""Obamacare covers 24 million fewer people than it was expected to, and the projected price tag has more than doubled at $2 trillion.""",mostly-false,false,"['false', 'mostly-false', 'pants-fire', 'half-true']",4,True
"""The fact is that right now the vast majority of Democrats do not support Medicare for All.""",mostly-false,false,"['false', 'mostly-false', 'half-true', 'pants-fire']",4,True
"In 2010, uninsured voters made up ""about 5 percent of the electorate.""",true,true,"['true', 'false', 'mostly-true', 'half-true']",4,True
"""Seven out of ten doctors are not taking any new Medicaid patients as lower reimbursement rates make it cost-prohibitive.""",mostly-false,false,"['false', 'mostly-false', 'half-true', 'pants-fire', 'mostly-true']",5,True
"Romney left Massachusetts ""with a $245-million debt because of the big government-mandated health care system.""",mostly-false,false,"['false', 'mostly-false', 'pants-fire']",3,True
"""Why would our president close the embassy to the Vatican? Hopefully, it is not retribution for Catholic organizations opposing Obamacare.""",pants-fire,false,"['false', 'mostly-false', 'half-true', 'pants-fire']",4,True
"The proposed excise tax on ""Cadillac"" health plans will hit ""those making less than $200,000"" the hardest.",mostly-true,mostly-true,"['mostly-true', 'true', 'half-true', 'false', 'mostly-false']",5,True
"UPS left 15,000 employees’ spouses ""without health insurance"" and told them to, ""go on an exchange with no employer subsidy.""",false,false,"['false', 'mostly-false', 'half-true', 'pants-fire', 'mostly-true']",5,True
"Wisconsin is ""not walking away from a dime"" in federal funds by rejecting the Obamacare Medicaid expansion.",mostly-false,mostly-false,"['mostly-false', 'false', 'half-true', 'mostly-true']",4,True
"Says the director of an anti-abortion group receiving a Texas grant to provide women’s health services ""believes HIV can be spread through the sewer system.""",mostly-true,false,"['false', 'mostly-false']",2,False
"Says Tommy Thompson favors Obama's health care mandate, was publicly thanked by Obama for health reform support and that Thompson ""says we can't repeal 'Obamacare.'""",false,false,"['false', 'pants-fire']",2,True
"""Despite claims that you can 'keep the health care plan you like,' the Obama Administration has predicted that as many as 7 out of 10 Americans with employer-provided health coverage could lose their current health plan.""",false,false,"['false', 'mostly-false', 'half-true', 'pants-fire', 'mostly-true']",5,True
"""No one thought we could get a bipartisan bill (Medicaid) passed. We did in the Florida Senate.""",false,false,"['false', 'mostly-false', 'half-true', 'pants-fire']",4,True
"Americans ""say that what they want is a choice"" to join a single-payer system like Medicare rather than ending private insurance.",true,true,"['true', 'mostly-true', 'half-true', 'false']",4,True
"""Under the Obama plan . . . all the health care in this country is eventually going to  be run by the government.""",false,false,"['false', 'pants-fire']",2,True
“Ron Johnson just came out in favor of a federal abortion ban.”,mostly-false,false,"['false', 'mostly-false', 'pants-fire']",3,True
"""The Department of Health and Human Services is providing $160 million to the state of Pennsylvania to set up a new high-risk insurance pool program that would cover any abortion legal in the state.""",false,false,"['false', 'mostly-false', 'pants-fire', 'half-true']",4,True
"Says the Central Health district's tax rate is the ""lowest among the largest counties in Texas, and it will continue to be the lowest"" if voters approve a proposed tax increase.",mostly-true,true,"['true', 'mostly-true', 'half-true', 'false', 'mostly-false']",5,True
"A company with ""20 employees"" could go ""out of business"" because of health care law requirements to buy insurance.",pants-fire,false,"['false', 'mostly-false']",2,False
"""When (Joe Kyrillos) had an opportunity to vote for women in terms of their health care, not once, not twice, but six times, he voted against women’s health care in our state.""",true,false,"['false', 'true', 'mostly-false']",3,True
"Planned Parenthood is ""the only health care that a significant number of women get. About 30 percent of women, that's their health care.""",pants-fire,false,"['false', 'mostly-false']",2,False
The premiums on Medicare’s prescription drug program have fallen almost every year since it began.,false,false,"['false', 'mostly-false']",2,True
"""We are giving almost $2 billion of taxpayer money to the junk food and fast food industries every year to make the (childhood obesity) epidemic worse.""",false,false,"['false', 'mostly-false', 'half-true', 'mostly-true', 'pants-fire']",5,True
"Obamacare medical device tax ""has led to the loss of thousands of jobs"" in U.S.",half-true,false,"['false', 'half-true', 'mostly-false', 'mostly-true']",4,True
"Texas leads ""the nation in the percentage of residents without health insurance.""",true,true,"['true', 'false']",2,True
"""The CBO now says the president's health care law will cut the number of full-time jobs in the United States by 2.3 million by 2021.""",mostly-false,false,"['false', 'mostly-false', 'half-true']",3,True
"""Measles is one of the most common causes of child blindness worldwide.""",true,false,"['false', 'true', 'mostly-false', 'half-true']",4,True
"Says Hillary Clinton is proposing ""destroying Medicare for seniors.""",false,false,"['false', 'mostly-false']",2,True
Democrats shut down the government because they want “health care for illegal aliens and funding for free abortions.”,false,false,"['false', 'mostly-false', 'pants-fire']",3,True
Every child in Colorado who has been given medical marijuana for treatment for seizures has had diminished seizure activity.,half-true,half-true,"['half-true', 'false', 'mostly-true', 'mostly-false']",4,True
"""Less than 5 percent of registered users in states allowing medical marijuana have cancer or AIDS.""",mostly-true,false,"['false', 'mostly-false', 'pants-fire']",3,False
Says a federal plan to expand Medicaid would cost Florida taxpayers $26 billion over 10 years.,false,false,"['false', 'mostly-false', 'pants-fire']",3,True
Former President Donald Trump would “force states to monitor women's pregnancies.”,false,false,"['false', 'mostly-false', 'half-true']",3,True
"The so-called doc fix in the fiscal cliff deal will cut payments ""for treating illnesses disproportionately impacting minorities, including end stage renal disease and diabetes.""",mostly-true,mostly-true,"['mostly-true', 'false', 'half-true', 'mostly-false', 'true']",5,True
"The Senate version of the health care reform bill ""allows taxpayer money to pay directly for abortion in federal community health centers funded in the bill.""",mostly-false,false,"['false', 'mostly-false', 'half-true']",3,True
"The United States is ""50th in life expectancy"" in the world.",mostly-true,false,"['false', 'mostly-false', 'half-true', 'mostly-true', 'pants-fire']",5,True
"""In July 2010 the government said small businesses -- 60 percent -- will lose their health care, 45 percent of big business and a large percentage of individual health.""",false,false,"['false', 'mostly-false', 'pants-fire']",3,True
"Says Democratic challenger Russ Feingold ""was the deciding vote on Obamacare.""",mostly-false,false,"['false', 'mostly-false', 'half-true', 'mostly-true']",4,True
"""Just about half of rural hospitals operate in the red in Virginia. They operate at a loss.""",true,true,"['true', 'false', 'half-true']",3,True
"""Obamacare isn't helping anyone.""",pants-fire,false,"['false', 'mostly-false', 'half-true', 'pants-fire']",4,True
"""Obamacare takes $500 billion out of Medicare and funds Obamacare.""",half-true,false,"['false', 'half-true', 'mostly-false', 'mostly-true']",4,True
Project 2025 calls for restricting “access to IVF and contraception.”,mostly-false,false,"['false', 'mostly-false', 'half-true', 'pants-fire']",4,True
“Pete Buttigieg is a favorite candidate of Wall Street and the health care industry.”,half-true,false,"['false', 'mostly-false', 'half-true', 'mostly-true', 'pants-fire']",5,True
"""When Jeb (Bush) was governor, his first four years as governor, his Medicaid program grew twice as fast as mine.""",mostly-true,false,"['false', 'mostly-false', 'half-true']",3,False
"In his Time magazine interview, Donald Trump “said states have the right to monitor pregnant women to enforce these bans, and states have the right to punish pregnant women for seeking out abortion care.”",mostly-true,false,"['false', 'mostly-false', 'half-true', 'pants-fire']",4,False
"A lawsuit against the Affordable Care Act backed by West Virginia Attorney General Patrick Morrisey “would eliminate health care for over 800,000 West Virginians.”",mostly-false,false,"['false', 'mostly-false', 'half-true', 'pants-fire']",4,True
"""The insurance companies are making that choice (to cancel or change policies), not the president.""",mostly-false,false,"['false', 'half-true', 'mostly-false', 'true', 'mostly-true', 'pants-fire']",6,True
"""If you're a black woman, you're 320% more likely to die from complications in childbirth.""",true,false,"['false', 'mostly-false', 'true']",3,True
"""Rhode Island has the highest percentage of uninsured adults of any state in New England.""",mostly-true,mostly-true,"['mostly-true', 'mostly-false', 'half-true', 'false']",4,True
"""The (health reform) legislation which Washington passed last year has made it more difficult to hire"" because it’s increased costs for employers.",mostly-false,false,"['false', 'mostly-false', 'half-true', 'pants-fire']",4,True
"""Medicare passed with virtually no Republican support.""",false,false,"['false', 'mostly-false', 'pants-fire']",3,True
"Says President Barack Obama initially said the national health-care mandate isn't a tax, but his administration now says it is a tax.",mostly-true,mostly-false,"['mostly-false', 'false', 'half-true', 'mostly-true', 'pants-fire']",5,True
"Harry Reid ""voted to use taxpayer dollars to pay for Viagra for convicted child molesters and sex offenders.""",mostly-false,false,"['false', 'mostly-false']",2,True
"Says the goal of the Affordable Care Act was to get 30 million people insured, but it only got 7 million.",mostly-false,false,"['false', 'mostly-false', 'half-true']",3,True
"Cervical cancer in Africa is ""fully preventable with basic education, screening and vaccines.""",mostly-true,false,"['false', 'mostly-false', 'half-true', 'mostly-true']",4,True
"""In Jeanne Shaheen, New Hampshire has a Senator who was the deciding vote to pass Obamacare.""",mostly-false,false,"['false', 'mostly-false', 'pants-fire']",3,True
"Medicare spends ""$15-billion a year on subsidies to insurance companies.""",true,true,"['true', 'false']",2,True
"Says U.S. Senate rival Tommy Thompson said he wants to ""do away with Medicare.""",half-true,false,"['false', 'half-true', 'mostly-false', 'mostly-true', 'pants-fire']",5,True
"""Obamacare passed by just one vote in the Senate. It wouldn’t have passed without Mark Warner’s vote.""",mostly-true,false,"['false', 'mostly-false', 'half-true']",3,False
"The CDC is ""spending money on things like jazzercise, urban gardening and massage therapy"" that could be redirected to Ebola.",mostly-false,false,"['false', 'mostly-false', 'half-true', 'pants-fire']",4,True
"""California, New York and Massachusetts, they represent about 20 percent of the population, they get close to 36 percent of Obamacare funding. It's just simply inequitable.""",mostly-false,false,"['false', 'mostly-false', 'half-true', 'mostly-true', 'pants-fire']",5,True
"Says Barack Obama's health care law ""will be the biggest job-killer ever.""",false,false,"['false', 'pants-fire', 'mostly-false']",3,True
"Obamacare includes a ""$700 billion cut from Medicare for seniors.""",half-true,false,"['false', 'half-true', 'mostly-false']",3,True
"A mailer from the Obama campaign ""accurately indicates"" that Hillary Clinton would ""force uninsured people to buy insurance, even if they can't afford it.""",half-true,half-true,"['half-true', 'false', 'mostly-true', 'mostly-false']",4,True
"""The IRS has been specifically forbidden ...  from ever actually pursuing either civil or criminal remedies"" for people who don’t purchase health insurance.",mostly-true,false,"['false', 'true', 'mostly-false', 'pants-fire']",4,False
"""7 million more Americans are uninsured now than when President Trump was elected.""",half-true,false,"['false', 'mostly-false', 'half-true']",3,True
"""According to (Barack) Obama’s newest unconstitutionally enacted law, health care professionals are now required to violate HIPAA privacy laws and submit medical data to the government,"" which is ""then used as justification for gun confiscation.""",false,false,"['false', 'pants-fire', 'mostly-false']",3,True
"""Wisconsin is a Top 10 state for health care coverage.""",true,false,"['false', 'mostly-false', 'half-true', 'pants-fire']",4,False
"""We’re spending 18 percent of our GDP on healthcare while the average among industrialized countries is closer to 8 percent.""",mostly-true,false,"['false', 'true', 'half-true', 'mostly-true', 'mostly-false']",5,True
"""We’re talking right now about a $12 billion hole in our current, so-called balanced"" state ""budget.""",half-true,false,"['false', 'true', 'mostly-false', 'half-true', 'pants-fire', 'mostly-true']",6,True
"The health care bills will be ""mandated spending. You can't cut it, regardless of the budget circumstances.""",half-true,half-true,"['half-true', 'false', 'mostly-true']",3,True
"Says ""people who come to"" their dissent actions ""get a ‘cease and desist’ letter"" from Ron Johnson's office.",false,false,"['false', 'pants-fire', 'mostly-false']",3,True
"Health care reform: ""Everything about it is going to raise costs, raise taxes and lower the quality of health care.""",false,false,"['false', 'mostly-false', 'half-true']",3,True
"Says ""Obamacare"" is ""the largest middle-class tax increase in history.""",pants-fire,false,"['false', 'pants-fire']",2,True
"A study says Massachusetts has lost 18,000 jobs because residents were required to obtain health insurance under an act signed into law by Mitt Romney.",mostly-false,false,"['false', 'mostly-false', 'pants-fire']",3,True
"""Each vegan spares more than 100 animals every year.""",mostly-false,false,"['false', 'half-true', 'mostly-false', 'mostly-true']",4,True
Says the April 22 jump in COVID-19 cases was related to the election.,false,false,"['false', 'mostly-false']",2,True
"""The repeal of Roe v. Wade has exacerbated the state’s OB-GYN shortage as residency programs report a decline in enrollment due to the inability of residents to receive training in-state.""",half-true,mostly-false,"['mostly-false', 'false', 'half-true', 'mostly-true', 'pants-fire']",5,True
"""Seventy-three percent of our veterans are graduating from drug courts. By contrast, I think most of the people in the very good drug court program — the graduation rate’s like 53, 55 percent. The point of that is that drug courts are working for veterans.""",mostly-true,mostly-true,"['mostly-true', 'half-true', 'false', 'true', 'mostly-false']",5,True
"An Ohio ballot issue would address the fact that ""we’ve gone from paying about $100 for Epipens to over $600 ... We don’t have a choice but to pay it and the drug companies know it.""",mostly-false,false,"['false', 'mostly-false', 'half-true', 'mostly-true', 'pants-fire']",5,True
"""Obamacare could cause 20 million people to lose their current coverage.""",mostly-false,false,"['false', 'mostly-false', 'half-true']",3,True
"Immigrants in the country illegally cost “Florida taxpayers $566 million for 54,000 hospital visits.”",mostly-false,false,"['false', 'mostly-false', 'half-true', 'pants-fire', 'mostly-true']",5,True
A bill sponsored by U.S. Sen. Bernie Sanders would “increase government control” of pharmacy benefit managers and is a “radical health care takeover.”,mostly-false,false,"['false', 'mostly-false', 'half-true', 'pants-fire']",4,True
"The Obama administration ""was successful in rushing a massive spending bill through Congress in just two days — after which it sat on the president's desk for three days, while he was away on vacation.""",false,false,"['false', 'mostly-false']",2,True
"""Most people on Medicaid are kids, or seniors, or the disabled.""",mostly-true,false,"['false', 'mostly-false', 'half-true', 'true']",4,False
"Research shows the employer mandate in the House health reform bill would ""place millions 'at substantial risk of unemployment' — with minority workers losing their jobs at twice the rate of their white counterparts.""",half-true,half-true,"['half-true', 'false', 'mostly-true']",3,True
"""Two-thirds of the top-rated hospitals in Florida were our hospitals.""",mostly-true,false,"['false', 'mostly-false', 'half-true', 'mostly-true']",4,True
"""Hobby Lobby provided this (birth control) coverage before they decided to drop it to file suit.""",mostly-true,true,['true'],1,False
"""The Department of Health and Human Services is considering a plan to adopt socialist price controls from foreign countries.""",mostly-false,false,"['false', 'mostly-false', 'pants-fire']",3,True
Says Nick Kahl made it harder for many families to cover basic health care expenses.,mostly-false,false,"['false', 'mostly-false', 'half-true', 'pants-fire']",4,True
"The new health care law crushes small businesses ""with billions in penalties.""",false,false,"['false', 'mostly-false', 'half-true', 'pants-fire']",4,True
"Says U.S. Rep. John Faso ""voted for an age tax on seniors.""",mostly-false,false,"['false', 'mostly-false', 'half-true']",3,True
"The cost of ""health care is now the single-biggest factor driving down"" the federal budget deficit.",mostly-true,true,"['true', 'mostly-true', 'half-true', 'false', 'mostly-false']",5,True
"""If you’re getting your insurance through (your employer), nothing changes"" under Trumpcare.",half-true,false,"['false', 'mostly-false', 'pants-fire']",3,False
"Obama ""won health care for 150,000 people.""",true,true,['true'],1,True
"Federal law adopted ""under Tommy Thompson's watch"" prohibits the government from negotiating for ""better prices"" on prescription drugs for senior citizens",true,true,"['true', 'false', 'mostly-false', 'half-true', 'mostly-true']",5,True
"In Massachusetts, ""half of the primary care doctors are not accepting new patients.""",true,false,"['false', 'mostly-false', 'pants-fire']",3,False
“I don’t think there’s any doubt (Joe) Biden’s senile.”,false,false,"['false', 'mostly-false', 'pants-fire']",3,True
"Says President Donald Trump ""came forth with a budget — a trillion dollar cut in Medicaid, $500 billion to Medicare, and $72 billion for the Social Security Disability Fund.""",half-true,false,"['false', 'mostly-false', 'half-true', 'mostly-true', 'pants-fire']",5,True
"""By one leading measure, what business owners pay out in wages and salaries is now finally growing faster than what they spend on health insurance"" for the first time in 17 years.",mostly-true,true,"['true', 'mostly-true', 'half-true', 'false', 'mostly-false']",5,True
"Hillary Clinton is ""willing to have workers' wages garnisheed if they refuse to buy health insurance.""",half-true,half-true,"['half-true', 'false', 'mostly-false', 'mostly-true']",4,True
"""Did you know under President Obama family health care premiums have increased $4,154 on the average?""",mostly-false,false,"['false', 'mostly-false', 'pants-fire']",3,True
"The Democratic health care bill will ""collect higher taxes for 10 years  and provide health care for only six years.""",half-true,half-true,"['half-true', 'false', 'mostly-true', 'mostly-false']",4,True
"""The CBO’s latest report confirms what Republicans have been saying for years now. Under Obamacare, millions of hardworking Americans will lose their jobs.""",mostly-false,false,"['false', 'mostly-false', 'half-true']",3,True
"Brendan Doherty wants ""to repeal Obamacare, increasing drug prices for seniors.""",mostly-false,false,"['false', 'half-true', 'mostly-true', 'mostly-false', 'true']",5,True
"Heroin and prescription opioids are ""the number one cause of accidental or preventable death in Wisconsin.""",false,false,['false'],1,True
"Eighty-five percent of Floridians who will benefit from expanding Medicaid are ""single, childless adults.""",mostly-false,false,"['false', 'mostly-false']",2,True
"Says the United States has ""the world’s greatest health care system.""",half-true,false,"['false', 'mostly-false']",2,False
"Buried in the Affordable Care Act is ""a huge government bailout.""",half-true,false,"['false', 'mostly-false', 'half-true']",3,True
"Congress gave an unelected board ""the power to deny care to seniors.""",half-true,half-true,"['half-true', 'false', 'mostly-true', 'mostly-false']",4,True
"Under last year’s health care reform, ""a bunch of bureaucrats decide whether you get care, such as continuing on dialysis or cancer chemotherapy.""",false,false,['false'],1,True
"""When (Marcy) Kaptur fought for the Democrats' prescription drug benefit for seniors, (Dennis) Kucinich voted no.""",false,false,"['false', 'mostly-false', 'pants-fire']",3,True
"""Medicare began as a public option and now holds 97 percent of the market share.""",mostly-true,false,"['false', 'mostly-true', 'mostly-false', 'half-true', 'true']",5,True
"When George W. Bush was governor of Texas, ""the percentage uninsured went down."" Under his successor, Rick Perry, ""it's gone up.""",half-true,false,"['false', 'mostly-false', 'half-true', 'mostly-true', 'true', 'pants-fire']",6,True
"""Michael Bennet cast the deciding vote"" for the stimulus and the health care bill.",mostly-false,false,"['false', 'mostly-false', 'half-true', 'pants-fire']",4,True
"Obamacare is ""hurting people right now"" with premium increases of up to 116 percent.",mostly-true,mostly-true,"['mostly-true', 'half-true', 'false', 'mostly-false', 'true']",5,True
"The Senate-passed health care bill ""is identical to the Massachusetts health care plan -- the same thing.""",mostly-true,true,"['true', 'mostly-true', 'false', 'half-true', 'mostly-false']",5,True
"""I helped write"" the Affordable Care Act.",mostly-false,false,"['false', 'mostly-false', 'half-true']",3,True
"""I never had a filibuster-proof Senate.""",true,true,"['true', 'false']",2,True
The Senate health care bill is longer than Tolstoy's 'War and Peace.',mostly-false,false,"['false', 'mostly-false']",2,True
"""Up to half of all Americans have a pre-existing condition.""",mostly-true,false,"['false', 'half-true', 'mostly-false', 'mostly-true', 'true']",5,True
“Wisconsin is 49th in public health spending.”,half-true,false,"['false', 'mostly-false', 'half-true', 'mostly-true', 'pants-fire']",5,True
"Says, ""In Oregon in 2010, 49 percent of all pregnancies were unintended.""",mostly-true,false,"['false', 'mostly-false', 'half-true']",3,False
"""If you want out of the individual mandate... all you have to do now is tick off the box that says 'hardship' and you're out.""",mostly-false,false,"['false', 'mostly-false', 'pants-fire', 'half-true']",4,True
"Says Donald Trump’s health care policies have ""left millions more Americans uninsured since he took office.""",half-true,false,"['false', 'mostly-false', 'half-true', 'mostly-true']",4,True
"""We know how to stop AIDS: persuade men not to have sex with men.""",pants-fire,false,"['false', 'pants-fire']",2,True
"""Health care is the greatest contribution to spending increases in the state budget.""",true,true,"['true', 'mostly-true', 'half-true', 'false', 'mostly-false']",5,True
"Says Reps. Rush Holt, Frank Pallone and Bill Pascrell are ""willing to jeopardize seniors’ access to coverage by gutting $741 billion from Medicare"" to pay for a ""big-government healthcare takeover.""",pants-fire,false,"['false', 'mostly-false']",2,False
"Says Joni Ernst ""claims she ‘pushed for’ new funding for hospitals and COVID-19 testing after opposing It for weeks.”",half-true,false,"['false', 'mostly-false', 'half-true', 'mostly-true', 'pants-fire', 'true']",6,True
"Says Republicans are ""organizing to take people’s health care away.""",mostly-false,false,"['false', 'mostly-false', 'half-true', 'mostly-true', 'pants-fire']",5,True
"Leticia Van de Putte ""voted to give illegal immigrants in this country free health care--not emergency health care but total free health care.""",false,false,"['false', 'mostly-false', 'pants-fire']",3,True
"“They have 180 million people, families under what he wants to do, which will basically be socialized medicine — you won’t even have a choice — they want to terminate 180 million plans.”",pants-fire,false,"['false', 'mostly-false', 'pants-fire']",3,True
"A Koch brothers group is ""going to college campuses, giving away free booze to try to bribe young folks out of getting health insurance.""",half-true,false,"['false', 'mostly-false', 'half-true']",3,True
"Says that under the new healthcare law, full- and part-time workers will be required to buy insurance costing $375 to $1,000 a month, starting in 2014.",half-true,false,"['false', 'mostly-false', 'half-true', 'pants-fire', 'mostly-true']",5,True
"""There's no rationing in any of these bills.""",false,false,"['false', 'mostly-false', 'half-true', 'pants-fire']",4,True
"Because of the health care act, ""The people who have health care and like it in this county are not going to be able to keep what they have.""",mostly-false,false,"['false', 'mostly-false', 'pants-fire']",3,True
"""When we started this health care debate a year ago, 85 percent of the American people had health insurance, and 95 percent of the 85 percent were happy with it.""",mostly-true,mostly-true,"['mostly-true', 'half-true', 'false', 'true', 'mostly-false']",5,True
"Obamacare is ""costing 2 million jobs.""",mostly-false,false,"['false', 'mostly-false']",2,True
"""President Donald Trump even referred to one of (Kevin) Cramer’s health care repeal bills as 'mean' because the bill gutted protections for North Dakotans with preexisting conditions.""",mostly-true,false,"['false', 'mostly-false', 'half-true', 'mostly-true', 'pants-fire', 'true']",6,True
"Barack Obama's health care plan ""would leave 15 million Americans out.""",half-true,half-true,['half-true'],1,True
"""It took Obama six months to pick out a family dog,"" but he's ""cramming health care reform down the country's throat in a fraction of that time.""",mostly-false,false,"['false', 'mostly-false', 'pants-fire', 'half-true']",4,True
"""In 2022, illegal immigrants will have MORE FREEDOMS and easier access to healthcare and ballot boxes than most Americans... Just think about that.""",pants-fire,false,"['false', 'mostly-false']",2,False
"Says Tom Cotton’s vote in Congress to change Medicare ""will increase out-of-pocket expenses for every senior in Arkansas.""",mostly-false,false,"['false', 'mostly-false']",2,True
"""They are literally chopping off the private parts of young kids.""",mostly-false,false,"['false', 'mostly-false']",2,True
Said his mother had to fight with health insurance companies for treatment because of a pre-existing condition.,mostly-false,false,"['false', 'mostly-false']",2,True
"Says Alison Lundergan Grimes ""supports Obamacare, which cuts $700 billion from seniors’ Medicare.""",half-true,false,"['false', 'mostly-false']",2,False
"""The benefits that were offered to me as a congressman don’t even compare to the benefits that you get as a state employee. I just experienced that myself. They’re not nearly as good.""",half-true,half-true,"['half-true', 'mostly-true', 'false']",3,True
"""Earlier this year, Dan Patrick and Republican leadership snatched millions of dollars in benefits from retired teachers.""",half-true,false,"['false', 'mostly-false', 'true', 'half-true', 'pants-fire']",5,True
"""At the time that (Medicare Part D) was passed (it) was actually less popular than the Affordable Care Act, according to the polls.""",mostly-true,false,"['false', 'true', 'half-true', 'mostly-false', 'mostly-true']",5,True
"“As a condition for ending the Democrat shutdown, Democrats want hospitals (to be) paid MORE to treat illegal aliens than American citizens.”",false,false,"['false', 'mostly-false', 'pants-fire']",3,True
"""Any government-run 'public' plan ... forces more employers to drop employee coverage due to rising costs and pay an additional 8% payroll tax for each worker.""",mostly-false,false,"['false', 'mostly-false']",2,True
Says the “1986 Vaccine protection act” resulted in “the biggest jump in shots” for children because it gave drug manufacturers “exemption for responsibility of killing people.”,false,false,"['false', 'pants-fire', 'mostly-false']",3,True
"""We made parity between mental health and physical health. It was a fundamental breakthrough in how we thought about how things should work.""",mostly-true,mostly-false,"['mostly-false', 'false', 'half-true', 'mostly-true']",4,True
"In 2010, Betty Sutton ""voted to destroy Medicare.""",false,false,['false'],1,True
"Says Mandela Barnes supports killing “preemies” – “infants born prior to 37 weeks of pregnancy""",pants-fire,false,"['false', 'pants-fire']",2,True
"""2009-2010, let's remember, hundreds of Republican amendments were adopted in the ACA.""",half-true,false,"['false', 'half-true', 'mostly-false', 'mostly-true']",4,True
"The Democrat-backed health care reform plan ""will require (Americans) to subsidize abortion with their hard-earned tax dollars.""",false,false,"['false', 'mostly-false', 'half-true', 'pants-fire']",4,True
"Under an executive order, “expensive insulin went from big dollars to virtual pennies … especially (for) our seniors.”",mostly-false,false,"['false', 'mostly-false', 'pants-fire']",3,True
"""Congress has cut funding, has slashed funding, for veterans' benefits over these last years.""",false,false,"['false', 'mostly-false', 'half-true']",3,True
"Says Donald Trump supports ""an agenda out there"" to privatize the Veterans Affairs health care system.",mostly-false,false,"['false', 'mostly-false', 'half-true', 'mostly-true']",4,True
"Says the Democratic presidential candidates ""support giving illegal immigrants free health care at our expense.""",mostly-false,false,"['false', 'mostly-false', 'half-true']",3,True
"""At (Mike Braun’s) company, the deductible on his health care is $10,000.""",mostly-true,false,"['false', 'true']",2,False
"The federal government ""may put 16,500 IRS agents in charge of policing President Obama's health care bill.""",half-true,false,"['false', 'mostly-false', 'half-true', 'pants-fire']",4,True
"“Over 130 legislators in this chamber have endorsed legislation that would bankrupt our nation by providing free taxpayer-funded health care to millions of illegal aliens, forcing taxpayers to subsidize free care for anyone in the world who unlawfully crosses our borders.""",half-true,false,"['false', 'mostly-false']",2,False
"People with the COVID-19 vaccine are being ""tracked in real time via 5G cellular, and all that data can be hacked into to track you.""",pants-fire,false,['false'],1,False
"Medicaid ""is contributing to 70 percent of our budget deficit right now. It’s the one that is in our lap because of Obamacare.""",mostly-false,false,"['false', 'mostly-false', 'half-true']",3,True
"Health insurance and medical costs ""are going down because of Obamacare.""",mostly-false,false,"['false', 'mostly-false', 'half-true']",3,True
"""A salesclerk at Hobby Lobby who needs contraception … is not going to get that service through her employer’s health care plan because her employer doesn’t think she should be using contraception.""",mostly-false,false,"['false', 'mostly-false', 'half-true', 'pants-fire', 'mostly-true']",5,True
"Says the state's Medicaid waiver proposal ""has languished in a file cabinet at the Centers for Medicare and Medicaid Services for more than two years.""",pants-fire,false,"['false', 'pants-fire', 'mostly-false']",3,True
"""You can't give a child an aspirin in school without permission. You can't do any kind of medication, but we can secretly take the child off and have an abortion.""",true,false,"['false', 'mostly-false', 'pants-fire', 'half-true']",4,False
"""There are millions of women all across the country who rely on Planned Parenthood for not just contraceptive care; they rely on it for mammograms.""",half-true,false,"['false', 'mostly-false', 'half-true', 'pants-fire']",4,True
"Insurers delayed an Illinois man's treatment, ""and he died because of it.""",false,false,"['false', 'mostly-false', 'pants-fire']",3,True
"Says Russ Feingold said that with Obamacare, ""we could keep our doctors and our plans, it was rated as the Lie of the Year.""",true,false,"['false', 'mostly-false', 'pants-fire', 'half-true', 'true']",5,True
"""There is no precedent for what the Democrats are doing with this deception. ... We have never written a reconciliation bill to amend a law that does not exist.""",half-true,half-true,"['half-true', 'false', 'mostly-false', 'mostly-true']",4,True
"It's a good sign for Obamacare that in California, ""the proportion of kids who are signing up is the proportion of kids in the population.""",half-true,mostly-true,"['mostly-true', 'true', 'half-true', 'mostly-false', 'false', 'pants-fire']",6,True
"""(Brendan) Doherty wants to raise the eligibility age for Social Security benefits for anyone born after 1960, with no regard for the challenges it would cause for people working in physically demanding occupations.""",false,false,"['false', 'mostly-false', 'half-true', 'pants-fire', 'mostly-true']",5,True
"""Remember, Obamacare created a new category of eligibility. Working-age, able-bodied adults with no dependents for the first time became eligible for Medicaid if their income is below 138 percent of the poverty level. We’re going to continue that eligibility. No one loses coverage.""",half-true,false,"['false', 'mostly-false', 'half-true']",3,True
"""Obamacare premiums nationwide have increased by double and triple digits.""",half-true,false,"['false', 'mostly-false', 'pants-fire']",3,False
"""We were told there would never be a case of Ebola in the United States.""",false,false,"['false', 'mostly-false']",2,True
"""95% of over-the-counter pharmaceuticals"" in the U.S. come from China.",false,false,"['false', 'mostly-false']",2,True
"Under Ryan plan, ""those 54 and younger would receive the same kind of healthcare options now enjoyed by members of Congress.""",mostly-false,false,"['false', 'mostly-false']",2,True
"Says Dean Heller helped ""craft a partisan repeal bill that also would have slashed coverage protections for people with pre-existing conditions.""",half-true,false,"['false', 'mostly-false', 'half-true', 'mostly-true', 'pants-fire']",5,True
"""We now have driven (health care) costs down to the lowest they've been in 50 years.""",false,false,"['false', 'mostly-false']",2,True
"In the Wisconsin health insurance exchange, ""the Society of Actuaries points out that there'll be, according to them, an 82 percent increase in individual premiums over the next couple years under Obamacare.""",half-true,false,"['false', 'mostly-false', 'pants-fire']",3,False
"""The current school psychologist to student ratio in this country is roughly 1,400 to 1, while experts say it should be at most 700 to 1.""",mostly-true,mostly-true,"['mostly-true', 'mostly-false', 'half-true', 'false', 'true']",5,True
"""Florida is ranked 50th in the nation for mental health care funding.""",mostly-true,true,"['true', 'false']",2,False
"Young people ""have a greater chance of being killed by the HPV vaccine than COVID-19.”",pants-fire,false,"['false', 'pants-fire']",2,True
"“In New York state, if you’re white, you have to go to the back of the line to get medical help.”",pants-fire,false,"['false', 'mostly-false']",2,False
"Says Steve Chabot ""voted to strip insurance protections for pre-existing conditions.""",mostly-true,false,"['false', 'mostly-false', 'pants-fire', 'half-true', 'true']",5,False
"In Virginia’s Medicaid program, ""approximately 30 percent, or $2.7 billion a year, is lost to waste, fraud and inefficiencies.""",mostly-false,false,"['false', 'mostly-false', 'half-true', 'true', 'pants-fire']",5,True
"Says ""new estimates from the Congressional Budget Office conclude the final price-tag"" for the health care law ""will exceed $2 trillion — more than double what was initially reported.""",false,false,"['false', 'mostly-false', 'half-true']",3,True
"A typical married couple ""will contribute $119,000"" into Medicare but will ""receive $357,000 in Medicare benefits over their lifetimes.""",true,true,"['true', 'false']",2,True
"Says Wisconsin Gov. Scott Walker ""slashed"" pensions and benefits for public employees.",half-true,half-true,"['half-true', 'false', 'mostly-true', 'mostly-false']",4,True
"""Up to 80 percent of small businesses will be forced to give up their current plans due to new Obamacare regulations.""",half-true,false,"['false', 'mostly-false', 'half-true', 'pants-fire']",4,True
"Says Sherrod Brown voted ""for the $1.17 trillion health care law that adds a new tax on Ohio manufacturers.""",half-true,half-true,"['half-true', 'false', 'mostly-true']",3,True
"Says Brett Kavanaugh ""refused to uphold key patient protections in the past.""",half-true,false,"['false', 'mostly-false', 'half-true', 'mostly-true', 'pants-fire']",5,True
"""The CBO, the Congressional Budget Office has said that Obamacare will kill 800,000 jobs.""",mostly-false,false,"['false', 'mostly-false', 'pants-fire']",3,True
"Some cardiologists estimate ""70 percent of all males over 50 have some form of heart disease.""",half-true,false,"['false', 'half-true', 'mostly-false', 'mostly-true']",4,True
"""One out of 4 diabetes patients in our country cannot afford their insulin.""",mostly-true,true,['true'],1,False
"Barack Obama ""wants the government to take over health care, spend hundreds of billions of dollars of new money for health insurance for everyone.""",mostly-false,false,"['false', 'mostly-false']",2,True
"Says if Texas abortion measure passes, ""someone living in El Paso would have to drive 550 miles each way to San Antonio for something as simple as cervical cancer screening.""",pants-fire,false,"['false', 'mostly-false', 'half-true', 'pants-fire', 'mostly-true']",5,True
"Says 3.5 million U.S. citizens lost their employer-tied health insurance in March, while zero lost their coverage in 20 other large nations combined.",mostly-true,false,"['false', 'mostly-false', 'half-true', 'pants-fire']",4,False
"""Only the State of New York spends more money on Medicaid than the State of New Jersey.""",false,false,"['false', 'mostly-false']",2,True
"Says Hillary Clinton ""wants to go to a single-payer plan"" for health care",false,false,"['false', 'mostly-false', 'true', 'pants-fire']",4,True
"""A third of all the young people in America are not in America today because of abortion, because one in three pregnancies end in abortion.""",false,false,"['false', 'pants-fire']",2,True
"""A black woman in New York City is 12 times more likely to die in childbirth than a white woman.""",mostly-true,true,"['true', 'false']",2,False
"In the 2014 elections, ""the American people overwhelmingly said we don't want Obamacare … and we don't want amnesty.""",false,false,"['false', 'mostly-false', 'pants-fire']",3,True
"Says Bernie Sanders’ health care plan would ""empower Republican governors to take away Medicaid, to take away health insurance for low-income and middle-income working Americans.""",mostly-false,mostly-false,"['mostly-false', 'false', 'half-true', 'mostly-true', 'pants-fire']",5,True
"""We spend more on health care than any other country, but we're ranked 47th in life expectancy and 43rd in child mortality.""",true,true,['true'],1,True
"""Wisconsin pays 50% more than Minnesota for the same health care.""",mostly-false,false,"['false', 'mostly-false', 'pants-fire', 'half-true']",4,True
"The health care law ""adds around $800 billion of taxes on the American people. It does not discriminate between rich and poor.""",false,false,"['false', 'mostly-false', 'half-true', 'pants-fire', 'mostly-true']",5,True
"""The group that supported the president’s health care bill the most? Latinos.""",mostly-false,false,"['false', 'true', 'mostly-false', 'half-true', 'mostly-true']",5,True
"""A shocking 20 veterans are committing suicide each and every day, especially our older veterans.""",true,false,"['false', 'true', 'half-true', 'mostly-false', 'mostly-true']",5,True
"Says Gov. Rick Perry's administration has proposed ending immunizations for 113,000 kids.",mostly-false,false,"['false', 'mostly-false', 'half-true', 'pants-fire']",4,True
"""Americans will get $1.1 B in rebates from health insurance companies this year cuz of a provision I wrote in the ACA.”",mostly-true,true,"['true', 'false', 'mostly-true', 'half-true', 'mostly-false']",5,True
"The 2006 Massachusetts health care law has ""added (only) about 1 percent to our state budget.""",mostly-true,mostly-true,"['mostly-true', 'half-true', 'true', 'false']",4,True
"""Virtually every person across this country has seen premiums going up and up and up"" due to Obamacare.",false,false,"['false', 'mostly-false', 'half-true']",3,True
"Repealing Obamacare saves ""our nation more than $2 trillion.""",false,false,"['false', 'mostly-false']",2,True
"""Right to Try"" experimental drug program saved ""thousands and thousands of lives.""",false,false,"['false', 'mostly-false', 'pants-fire']",3,True
"""Obamacare cuts $500 billion in future Medicare funding in order to fund the new constitutionally questionable government mandate, even going so far as to scuttle Medicare's most popular (and successful) part, Medicare Advantage.""",half-true,half-true,"['half-true', 'false', 'mostly-false', 'mostly-true']",4,True
"Says that under the Obamacare law, health insurance ""premiums have increased by more than 105 percent since"" 2013.",mostly-true,false,"['false', 'mostly-false', 'half-true', 'mostly-true', 'pants-fire']",5,True
"Says Senate deliberations on the Affordable Care Act in 2009 and 2010 included hundreds of hours of debate and more than 100 Republican amendments, compared with zero for the American Health Care Act this year.",half-true,false,"['false', 'mostly-false', 'half-true', 'mostly-true', 'true']",5,True
"Speaking of his restriction on travel from China, “I had (Joe) Biden calling me xenophobic. … He called me a racist, because of the fact that he felt it was a racist thing to stop people from China coming in.”",mostly-false,false,"['false', 'mostly-false', 'half-true']",3,True
“Big drug companies charge as little as $7 for an inhaler overseas and nearly $500 for the exact same one here in the US.”,mostly-true,true,"['true', 'false']",2,False
"Says Haley Stevens’ plan for “socialized medicine” would “eliminate 100,000 doctors and nurses.”",mostly-false,false,"['false', 'mostly-false', 'pants-fire']",3,True
"""In Texas, Republicans passed a law allowing rapists to sue their victims for getting an abortion.""",false,false,"['false', 'mostly-false', 'half-true']",3,True
"""Wisconsin is not as obese as the national average is. The national average, 35.7 percent of the population is obese. In Wisconsin, it's closer to 26 percent.""",mostly-false,false,"['false', 'mostly-false', 'half-true']",3,True
"""We had a waiting list in Chittenden County when I came into office of about 700. ... We opened a new treatment hub in St. Albans, and it reduced that number to zero.""",half-true,false,"['false', 'mostly-false', 'half-true', 'pants-fire']",4,True
"""Obamacare raised premiums by 100 percent and after that 91 percent of the people were covered, but we’re all paying 100 percent more.""",false,false,"['false', 'mostly-false', 'pants-fire']",3,True
"""This (Independent Payment Advisory Board) board can ration care and deny certain Medicare treatments so Washington can fund more wasteful spending.""",pants-fire,false,"['false', 'mostly-false', 'half-true']",3,False
"A proposed amendment ""allows a teenager to get a recommendation for medical marijuana without the consent of a parent.""",half-true,false,"['false', 'mostly-false', 'pants-fire', 'half-true']",4,True
"""Women take birth control, more than half of them, as a medication for other conditions.""",half-true,half-true,"['half-true', 'false', 'mostly-false', 'mostly-true']",4,True
"Florida’s proposed Health Care Freedom Act ""will allow Floridians to opt out of Obama’s govt. takeover of healthcare!""",false,false,"['false', 'mostly-false', 'pants-fire']",3,True
"About 106,000 soldiers had ""a prescription of three weeks or more"" for pain, depression or anxiety medication.",true,true,['true'],1,True
Says Planned Parenthood provides about 140 visits for prenatal care in each state.,false,false,"['false', 'pants-fire', 'mostly-false']",3,True
"""President Obama . . . wants to mandate circumcision.""",pants-fire,false,"['false', 'pants-fire']",2,True
"Says, ""Statistics indicate that one in eight children, and one in 18 adults in Oregon suffers from mental illness.""",mostly-true,true,"['true', 'false', 'mostly-true', 'half-true']",4,True
Rise in U.S. infant mortality rate connected to COVID-19 vaccines.,false,false,"['false', 'mostly-false']",2,True
"""To say a family has to buy a product from a private company is clearly beyond the delegated powers of the U.S. Constitution.""",half-true,half-true,"['half-true', 'false', 'mostly-false']",3,True
"Says Mitt Romney wants to ""get rid of Planned Parenthood.""",mostly-false,false,"['false', 'mostly-false', 'half-true', 'pants-fire']",4,True
"Says the ""public option"" considered in the health care law backed by U.S. Senate candidate Tammy Baldwin was ""wildly unpopular.""",false,false,"['false', 'mostly-false', 'half-true', 'pants-fire', 'mostly-true']",5,True
"The health care bill will ""create 4 million jobs, 400,000 jobs almost immediately.""",half-true,half-true,"['half-true', 'mostly-true', 'false', 'mostly-false']",4,True
"""The fact that Rick Scott is running for governor as a 'reformer' would be funny if it wasn't so outrageous. This is a man who barely escaped imprisonment.""",false,false,"['false', 'mostly-false', 'pants-fire', 'half-true']",4,True
"""Women of childbearing age spend 68 percent more in out-of-pocket health care costs than men.""",mostly-true,false,"['false', 'mostly-false', 'half-true', 'pants-fire', 'true', 'mostly-true']",6,True
"""Weeks after accepting a quarter-million-dollar campaign contribution"" from a hospital board chairman, Greg Abbott went to court against victims of a drug-taking neurosurgeon.",mostly-true,false,"['false', 'mostly-false', 'half-true', 'pants-fire', 'mostly-true', 'true']",6,True
"U.S. Rep. Patrick Murphy ""voted to allow members of Congress to receive taxpayer-funded health care for life.""",pants-fire,false,"['false', 'mostly-false']",2,False
"""Hidden"" in the healthcare.gov code is language that means users ""waive any reasonable right to privacy of your personal information.""",false,false,"['false', 'mostly-false']",2,True
"The United States has ""the best health care delivery system in the world.""",half-true,false,"['false', 'mostly-false', 'half-true', 'pants-fire']",4,True
"Says that when San Francisco banned plastic grocery bags, ""you saw the number of instances of people going to the ER with things like salmonella and other related illnesses"" spike.",mostly-false,false,"['false', 'mostly-false', 'pants-fire', 'half-true']",4,True
"Repeal of Obamacare would ""take away health care for 10.3 million Americans"" who have received coverage since Oct. 1, 2013.",mostly-true,false,"['false', 'true', 'mostly-true', 'half-true', 'mostly-false']",5,True
"""Matt Rosendale supports plans that don’t have to cover (pre-existing conditions).""",true,false,['false'],1,False
"""Obama put a 10 percent tax on tanning.""",true,false,"['false', 'true']",2,True
"""Obamacare premiums have doubled"" in Wisconsin.",half-true,half-true,"['half-true', 'false', 'mostly-true', 'mostly-false']",4,True
"A report from the nonpartisan Congressional Budget Office ""confirms that the American Health Care Act will lower premiums.""",half-true,false,"['false', 'mostly-false', 'half-true']",3,True
Warren Buffett says stop Obamacare now and start over.,pants-fire,false,"['false', 'mostly-false', 'pants-fire', 'half-true']",4,True
"Republican ""sabotage"" cost 3.2 million people coverage in 2017.",half-true,false,"['false', 'mostly-false', 'half-true', 'mostly-true', 'pants-fire']",5,True
"“The transgender thing is incredible... your kid goes to school and comes home a few days later with an operation. The school decides what’s going to happen with your child.""",pants-fire,false,"['false', 'pants-fire']",2,True
"“You know what’s in this bill? No medical malpractice suits until 2024, even if they’re not COVID related.”",mostly-false,false,"['false', 'mostly-false']",2,True
"Says New Jersey Rep. Leonard Lance voted repeatedly ""to let insurance companies charge more to people aged 50 and over.""",half-true,false,"['false', 'mostly-false', 'half-true', 'pants-fire']",4,True
"A waiver in the American Health Care Act ""doesn’t apply to things like maternity coverage.""",false,false,"['false', 'mostly-false']",2,True
"Says the new health care law delivers a ""$13 billion tax increase on families with special needs.""",pants-fire,false,"['false', 'pants-fire', 'mostly-false']",3,True
"Rick Scott's former health care company, Columbia/HCA, committed ""fraud.""",true,true,"['true', 'false']",2,True
"""Over the past decade, drug prices have risen at three times the rate of inflation.""",half-true,true,['true'],1,False
"Obama ""said (the individual mandate) wasn't a tax.""",true,false,"['false', 'mostly-false', 'pants-fire']",3,False
"""Expanding Medicaid will worsen health care options for the most vulnerable among us in Texas.""",false,false,"['false', 'mostly-false', 'half-true', 'mostly-true', 'pants-fire']",5,True
"Says Dan Bishop ""took the only vote from either party — the only vote — against pharmacists being able to tell people about lower-cost drugs.""",half-true,false,"['false', 'mostly-false', 'pants-fire', 'half-true', 'true']",5,True
"Says the national health care law puts federal ""bureaucrats between an American citizen and her doctor.""",false,false,"['false', 'mostly-false', 'pants-fire']",3,True
"The Paul Ryan budget proposal would ""privatize Medicare.""",mostly-true,mostly-true,"['mostly-true', 'false', 'half-true', 'mostly-false', 'true']",5,True
"""A new poll shows 62 percent support the president's plan to reform health care. That means ... letting you choose between keeping the private insurance you have and a public health insurance plan.""",false,false,"['false', 'mostly-false']",2,True
"The Affordable Care Act says that ""at age 76 when you most need it most, you are not eligible for cancer treatment. …  Cancer hospital will ration care according to the patient's age.""",pants-fire,false,"['false', 'pants-fire']",2,True
Almost every state has offered an insurance plan on its health exchange that does not cover abortion.,true,true,"['true', 'false', 'mostly-false']",3,True
"""For the cost of $5 vanilla soy latte a day, you can get a sweet health insurance plan to match.""",half-true,true,"['true', 'half-true', 'mostly-true', 'false']",4,True
"Says ""Hillary Clinton has pledged amnesty in her first 100 days, and her plan will provide Obamacare, Social Security, and Medicare for illegal immigrants, breaking the federal budget.""",mostly-false,false,"['false', 'mostly-false', 'pants-fire', 'half-true']",4,True
Vice President Kamala Harris “endorsed free taxpayer-funded government health care for all illegal aliens.”,mostly-false,false,"['false', 'mostly-false']",2,True
"Says ""David Schweikert took over $120,000 from the drug industry and voted against legislation to lower prescription drug prices.""",mostly-true,false,"['false', 'mostly-false', 'half-true', 'pants-fire', 'mostly-true']",5,True
"Says she voted to stop a new ""age tax"" under which ""Arizonans age 50 & over could be charged 5 times more for their health care.""",half-true,true,"['true', 'false', 'half-true', 'mostly-true', 'mostly-false', 'pants-fire']",6,True
"""Obamacare has caused millions of full-time jobs to become part-time.""",half-true,false,"['false', 'mostly-false', 'half-true', 'pants-fire']",4,True
"""Obesity kills 34 children per hour.""",pants-fire,false,"['false', 'pants-fire', 'mostly-false']",3,True
"Says Texas is ""dead last in support for mental health.""",mostly-true,false,"['false', 'mostly-false', 'pants-fire']",3,False
"Says Al Franken ""voted to exempt himself and Congress from enrolling in (the Affordable Care Act marketplaces).""",false,false,"['false', 'mostly-false', 'half-true', 'pants-fire']",4,True
"Says Obama health reform law denies millions ""access to affordable insurance.""",false,false,"['false', 'mostly-false', 'half-true', 'mostly-true', 'pants-fire']",5,True
"The president's health care proposals will cause ""most Americans to have their premiums increased, not decreased, and hundreds of millions of people lose their current insurance coverage.""",pants-fire,false,"['false', 'pants-fire']",2,True
"The Congressional Budget Office ""has already doubled its estimate for the cost (of Obamacare) so far from roughly $800 billion to $1.7 trillion.""",false,false,"['false', 'mostly-false', 'pants-fire']",3,True
"""When I came into office, our vaccination rate in Texas was 65 percent. When I left two weeks ago, it was 95 percent.""",false,false,"['false', 'mostly-false', 'half-true', 'mostly-true', 'pants-fire', 'true']",6,True
"Health insurance companies deny ""1 out of 5 treatments prescribed by doctors.""",false,false,"['false', 'mostly-false', 'pants-fire']",3,True
"""20 million people could lose their current coverage"" … ""including our senior citizens who are on Medicare.""",pants-fire,false,"['false', 'mostly-false']",2,False
Kamala Harris “wants to forcibly compel doctors and nurses against their will to give chemical castration drugs to young children.”,false,false,"['false', 'mostly-false', 'pants-fire']",3,True
"A recent report from the president's deficit commission was ""completely empty"" on controlling health care costs.",false,mostly-false,"['mostly-false', 'false', 'half-true', 'mostly-true', 'pants-fire']",5,True
"""We had a debate on whether ‘ObamaCare’ was the way to go to fix up health care and the American voters said no -- emphatically.""",mostly-false,false,"['false', 'mostly-false', 'half-true', 'pants-fire']",4,True
"The United States has seen ""a net loss of people with health insurance"" because of Obamacare.",false,false,"['false', 'pants-fire', 'mostly-false']",3,True
"Medicare ""premium support"" backed by Republican vice presidential candidate Paul Ryan ""is not vouchers.""",mostly-false,false,"['false', 'mostly-false', 'pants-fire']",3,True
"""The party in the White House"" is responsible for ""a massive tax increase on the middle class.""",mostly-false,false,"['false', 'mostly-false', 'pants-fire']",3,True
"U.S. Sen. Sheldon Whitehouse ""rewarded Wall Street executives with millions in bonuses.""",pants-fire,false,"['false', 'mostly-false']",2,False
"""The folks in Washington"" are ""already forcing you to buy government health care.""",mostly-false,false,"['false', 'mostly-false', 'half-true']",3,True
"Says Republicans ""have declared that they’re going to convert the Medicare program into a voucher program.""",mostly-true,false,"['false', 'mostly-false', 'half-true', 'mostly-true']",4,True
"""Only 14 percent of Americans were able to keep these individual market plans for two years"" before Obamacare became law.",half-true,false,"['false', 'half-true', 'mostly-false', 'mostly-true', 'pants-fire']",5,True
"Obamacare premiums ""have gone up 160 percent in West Virginia in 4 yrs.""",mostly-true,false,"['false', 'mostly-false', 'mostly-true', 'half-true', 'pants-fire']",5,True
"""You’re in danger” because the American Red Cross doesn’t label blood donations from donors vaccinated against COVID-19.",false,false,['false'],1,True
"""It will cost $50,000 per enrollee in Obamacare over the next 10 years.""",false,false,"['false', 'mostly-false']",2,True
"""Before 1973 it was illegal in the U.S. to profit off of health care.""",false,false,"['false', 'mostly-false', 'half-true']",3,True
"Obamacare ""already has caused millions of hardworking Virginians to lose their health insurance.""",false,false,"['false', 'mostly-false', 'pants-fire']",3,True
"""Obamacare"" is the ""biggest tax increase in American history.""",false,false,"['false', 'mostly-false', 'pants-fire']",3,True
"Because of Obamacare ""people’s premiums ... are going up 35, 45, 55 percent.""",half-true,false,"['false', 'mostly-false']",2,False
"Eliminating the state tax on health savings accounts will ""make it easier for small business owners to provide health insurance to their employees.""",mostly-false,false,"['false', 'mostly-false', 'half-true', 'pants-fire']",4,True
"North Carolina Republican Senate candidate Thom Tillis would let insurance companies ""deny coverage for pre-existing conditions.""",mostly-true,false,"['false', 'mostly-false', 'half-true', 'pants-fire', 'mostly-true']",5,True
"""43,000 people are going to be kicked out of nursing homes or denied nursing home entrance"" if the Texas House version of the state budget passes into law.",mostly-false,false,"['false', 'mostly-false', 'pants-fire']",3,True
"Says Paul Ryan’s budget plan ""ends Medicare.""",pants-fire,false,"['false', 'pants-fire', 'mostly-false']",3,True
"""In the 1960s, liberals emptied our psych wards.""",half-true,false,"['false', 'pants-fire']",2,False
"""Texas is LAST (50th) in spending for mental health care.""",mostly-true,mostly-true,"['mostly-true', 'false', 'mostly-false', 'half-true', 'true']",5,True
"""30,000 Americans a year die waiting for health care because of the cost.""",half-true,half-true,"['half-true', 'false', 'mostly-true']",3,True
"""We’ve got dozens of counties around America that have zero insurers left.""",pants-fire,false,"['false', 'mostly-false', 'half-true', 'pants-fire']",4,True
"State Sen. Alberta Darling ""voted to add more than $1 billion in additional spending"" while cutting programs such as education and health care",mostly-true,mostly-true,"['mostly-true', 'half-true', 'mostly-false', 'false']",4,True
"Some businesses in Oregon ""are having to shrink back their businesses as a result of the law.""",true,mostly-false,"['mostly-false', 'false', 'half-true', 'true', 'mostly-true', 'pants-fire']",6,True
"""Obamacare will mean 2.1 million fewer jobs by 2021.""",half-true,half-true,"['half-true', 'false', 'mostly-false', 'mostly-true']",4,True
"Says ""any attempt to try to compare"" the Massachusetts health care law with the federal health care law is ""completely, intellectually dishonest. Governor Romney did not raise one tax in doing what he did.""",mostly-false,false,"['false', 'mostly-false', 'half-true']",3,True
Says that Romney touted the Massachusetts health plan for the nation in his hardcover book but then deleted it for the paperback edition.,mostly-false,false,"['false', 'mostly-false', 'half-true', 'true', 'mostly-true']",5,True
"The Supreme Court said the individual mandate ""is a tax. So it's a tax.""",mostly-true,false,"['false', 'mostly-false', 'half-true', 'pants-fire']",4,False
"Says Sheldon Whitehouse said on Senate floor: ""Everybody in Rhode Island who disagrees with me about Obamacare is an Aryan, is a white supremacist.""",pants-fire,false,"['false', 'pants-fire']",2,True
Soursop cures cancer.,false,false,['false'],1,True
"Says of the GOP health care proposal, ""pre-existing conditions are in the bill.""",mostly-false,false,"['false', 'mostly-false', 'half-true']",3,True
"""When Sen. Edwards ran in 2004, he wasn't for universal health care. I'm glad he is now.""",true,false,"['false', 'mostly-false']",2,False
"Federal law for Obamacare navigators ""does not bar — or even require screening for — convicted felons, including individuals convicted of identity theft or fraud.""",half-true,false,"['false', 'mostly-false', 'pants-fire', 'half-true']",4,True
"""Mitt Romney ... gave you government health care that is now bankrupting the state"" of Massachusetts.",false,false,"['false', 'mostly-false', 'pants-fire']",3,True
"""One person, Kathleen Sebelius, was going to determine whether or not"" 10-year-old lung patient Sarah Murnaghan would live or die.",mostly-false,false,"['false', 'mostly-false', 'half-true', 'pants-fire']",4,True
"Medicare insurance premiums will be rising to ""$120.20 per month in 2013 and $247.00 per month in 2014.""",pants-fire,false,"['false', 'mostly-false']",2,False
"Says U.S. Rep. Paul Ryan promised to ""end health care for our seniors.""",pants-fire,false,"['false', 'pants-fire', 'mostly-false']",3,True
"During a town hall meeting on health care, ""ABC didn't even allow ads that opposed the president's health care plan to be aired.""",true,true,"['true', 'false']",2,True
"""I helped win one of the biggest private lawsuits against Medicare fraud in history. The government declined to pursue the case, so my firm did, and we recovered $324 million for taxpayers.""",true,true,['true'],1,True
"Says Scott Walker ""said that forcing women facing abortion to get invasive ultrasounds was 'just a cool thing.'""",mostly-false,false,"['false', 'mostly-false', 'half-true', 'mostly-true']",4,True
"""Medicare and Medicaid are the single biggest drivers of the federal deficit and the federal debt by a huge margin.""",mostly-true,mostly-true,"['mostly-true', 'half-true', 'mostly-false', 'false']",4,True
Says Joe Biden “will force Americans to pay for abortion — on demand — up to birth.”,mostly-false,false,"['false', 'mostly-false', 'pants-fire']",3,True
"""We have been able to cut New York’s uninsured rate in half since 2013 from 10 percent to 5 percent of our population.""",true,true,"['true', 'false', 'mostly-true', 'half-true']",4,True
"""The IRS is already planning on 19,500 new employees to administer"" Obama’s health care mandate.",pants-fire,false,"['false', 'mostly-false', 'pants-fire']",3,True
"""Fentanyl is now killing more Americans than heroin or any other opioid.""",half-true,false,"['false', 'mostly-false', 'half-true', 'pants-fire']",4,True
"Betty Sutton ""gutted Medicare by $500 billion"" with her vote for the president's health care bill.",mostly-false,false,"['false', 'mostly-false']",2,True
"""We pay by far the highest prices in the world for prescription drugs, in some cases 10 times more than the people of any other country.""",half-true,false,"['false', 'mostly-false', 'half-true', 'mostly-true', 'true', 'pants-fire']",6,True
"""We have lost over $1 billion in not taking the Medicaid expansion money, only to insure fewer people.""",mostly-true,mostly-true,"['mostly-true', 'false', 'half-true', 'mostly-false', 'true']",5,True
“Private insurance gives … better coverage” than people would get under a Medicaid expansion.,false,false,"['false', 'mostly-false', 'pants-fire']",3,True
"I am the only U.S. Senate candidate who spoke out against bombing Syria, and who challenged Georgia’s governor and insurance commissioner over obstruction to the Affordable Care Act.",false,false,"['false', 'mostly-false']",2,True
"""The No. 1 issue that the American people care about is getting America back to work.""",true,true,['true'],1,True
"Doctors in the Netherlands “ordered” to euthanize “citizens with autism and other minor disabilities, even if the patient does not currently express any desire to die.""",false,false,"['false', 'pants-fire']",2,True
"""This year, a majority of states are seeing premiums and costs double"" under Obamacare.",false,false,"['false', 'mostly-false', 'half-true']",3,True
"""Amniocentesis, does, in fact, result more often than not in this country in abortion.""",false,false,"['false', 'mostly-false']",2,True
"""Romneycare … is a top-down, government-run health care system.""",mostly-false,false,"['false', 'mostly-false']",2,True
"Obama's plan for health care reform ""ends exorbitant out-of-pocket expenses, deductibles or co-pays.""",mostly-true,mostly-true,"['mostly-true', 'half-true']",2,True
"""We are the only industrialized nation that relies heavily on a for-profit medical insurance industry to provide basic health care.""",mostly-true,mostly-true,"['mostly-true', 'half-true', 'mostly-false', 'false']",4,True
"Texas ""ranks third in teen pregnancies... and it is No. 1 in repeat teen pregnancies.""",mostly-true,false,"['false', 'mostly-false', 'half-true', 'mostly-true']",4,True
Tennessee has become the first state in the U.S. to ban Bill Gates’ mRNA from being pumped into the food supply.,false,false,['false'],1,True
Upton “voted a dozen times to kick thousands of Michigan families off their health insurance and eliminate protections for preexisting conditions”,mostly-true,false,"['false', 'mostly-false', 'half-true', 'pants-fire']",4,False
"John McCain ""took on the drug industry.""",mostly-true,mostly-true,"['mostly-true', 'true', 'false', 'half-true', 'mostly-false']",5,True
"People committed involuntarily for 72 hours under the Baker Act will get their guns back ""automatically and immediately upon discharge....and their commitment is never entered into a background check database.""",half-true,false,"['false', 'mostly-false', 'pants-fire', 'half-true']",4,True
Says his policy is that “health insurance should always cover preexisting conditions. For anyone. Period.”,false,false,"['false', 'mostly-false']",2,True
"Says ""in Canada, the number of CT scan machines per 1,000 people is like one-tenth of what we have here in this country. That's why people have to wait.""",false,false,['false'],1,True
"The Democrats' health care bill ""gives a new Health Choices Commissioner the right to look at an individual's tax return to determine what medical benefits or subsidies that person qualifies for.""",half-true,half-true,"['half-true', 'false', 'mostly-true', 'mostly-false']",4,True
"""The average age of first marijuana use is 12.""",false,false,"['false', 'pants-fire']",2,True
"""The average student will be spending $1,700 to $1,800 more during the life of their loan because of this surcharge.""",false,false,"['false', 'mostly-false']",2,True
"""Whether the Amendment passes or not, the medical use of marijuana is a federal criminal offense.""",true,false,"['false', 'mostly-false', 'pants-fire']",3,False
"The Massachusetts health care plan ""dealt with 8 percent of our population,"" far less than the ""100 percent of American people"" affected by President Barack Obama’s health care law.",pants-fire,false,"['false', 'mostly-false', 'pants-fire', 'half-true']",4,True
"Congress secured special Obamacare rules ""to prevent their healthcare costs from rising.""",half-true,half-true,"['half-true', 'mostly-true', 'false', 'mostly-false']",4,True
"""Seven presidents before (Barack Obama) -- Republicans and Democrats -- tried to expand health care to all Americans.""",mostly-true,true,"['true', 'mostly-true', 'half-true', 'false', 'mostly-false']",5,True
"A bill to aid state and local governments ""is fully paid-for by closing costly corporate tax loopholes.""",mostly-false,false,"['false', 'mostly-false']",2,True
"Barack Obama and the Democrats have ""proposed a tax for not having health insurance.""",true,false,"['false', 'true']",2,True
"""If your plan is the result of collective bargaining, no subsequent changes by anybody -- insurance companies, Obamacare -- can force your grandfathered policy to change.""",mostly-false,false,"['false', 'mostly-false', 'half-true']",3,True
"""In the state of Rhode Island 25 percent of our current physicians are graduates of for-profit medical schools.""",false,false,"['false', 'mostly-false', 'pants-fire']",3,True
"The United States' regulations ""are among the most difficult in the world.""",false,false,"['false', 'mostly-false', 'pants-fire', 'half-true']",4,True
"""Jeff Merkley was the deciding vote on Obamacare, which in Oregon has been an unmitigated disaster.""",false,false,"['false', 'mostly-false', 'pants-fire']",3,True
"""It's President Biden who is proposing to cut Medicare Advantage.""",false,false,"['false', 'mostly-false', 'pants-fire', 'half-true']",4,True
The passage of the teacher tenure bill in the Fla. Legislature was like the health care bill in Congress because one party jammed it through.,half-true,false,"['false', 'mostly-false', 'half-true', 'pants-fire', 'mostly-true']",5,True
"""I'm 59. In either Canada or Great Britain, if I broke my hip, I couldn’t get it replaced.""",pants-fire,false,['false'],1,False
"""Ninety percent of Texans say they do not want the nursing homes to close. It polls higher than anything else.""",mostly-true,mostly-true,"['mostly-true', 'true', 'half-true', 'false']",4,True
"Eliminating ""Obamacare"" ... ""saves $95 billion a year.""",false,false,"['false', 'mostly-false', 'half-true']",3,True
"""I just want to assure [you] we're not talking about cutting Medicare benefits.""",half-true,half-true,"['half-true', 'mostly-true', 'false', 'true']",4,True
"Health insurance premiums ""have almost doubled ... since 2000.""",true,false,"['false', 'true']",2,True
"Says Texas Democrat Lizzie Pannill Fletcher contradicted herself on her health care position by saying ""we need universal health care.""",false,false,"['false', 'mostly-false', 'half-true', 'pants-fire']",4,True
"Parasite cleanses ""kill herpes by starving the parasites in the stomach.""",pants-fire,false,"['false', 'pants-fire']",2,True
